Log_ID,Table_Name,Operation,Changed_By,Changed_At,Old_Data,New_Data
1,Accused,INSERT,71,2019-09-24 20:30:51,{},"{""Status"": ""Under Investigation""}"
2,FIR,INSERT,203,2020-08-25 21:37:57,{},"{""Status"": ""Closed""}"
3,FIR,UPDATE,34,2022-11-04 14:43:53,"{""Status"": ""Under Investigation""}","{""Status"": ""Closed""}"
4,FIR,INSERT,258,2023-04-03 17:13:16,{},"{""Status"": ""Closed""}"
5,Complaint,INSERT,235,2019-08-15 22:19:20,{},"{""Status"": ""Under Investigation""}"
6,FIR_Accused,INSERT,15,2019-07-11 07:28:35,{},"{""Status"": ""Under Investigation""}"
7,Case_Status,UPDATE,171,2019-06-25 16:07:35,"{""Status"": ""Under Investigation""}","{""Status"": ""Closed""}"
8,FIR,INSERT,259,2021-10-29 03:47:39,{},"{""Status"": ""Closed""}"
9,Complaint,INSERT,216,2022-05-23 20:12:04,{},"{""Status"": ""Closed""}"
10,Accused,INSERT,145,2023-03-08 17:35:46,{},"{""Status"": ""Closed""}"
11,FIR_Accused,INSERT,47,2021-04-13 19:29:46,{},"{""Status"": ""Closed""}"
12,Accused,INSERT,142,2022-04-29 07:40:44,{},"{""Status"": ""Under Investigation""}"
13,Complaint,INSERT,10,2021-06-14 02:23:16,{},"{""Status"": ""Under Investigation""}"
14,FIR_Accused,INSERT,65,2021-05-25 13:27:37,{},"{""Status"": ""Under Investigation""}"
15,Suspects,INSERT,42,2020-04-09 15:10:31,{},"{""Status"": ""Closed""}"
16,Case_Status,UPDATE,89,2019-11-19 13:12:34,"{""Status"": ""Under Investigation""}","{""Status"": ""Under Investigation""}"
17,Complaint,INSERT,130,2021-05-20 01:09:15,{},"{""Status"": ""Under Investigation""}"
18,FIR,UPDATE,192,2019-06-21 01:37:52,"{""Status"": ""Open""}","{""Status"": ""Closed""}"
19,FIR,INSERT,247,2023-04-23 09:30:07,{},"{""Status"": ""Under Investigation""}"
20,FIR,UPDATE,97,2023-07-11 05:41:16,"{""Status"": ""Under Investigation""}","{""Status"": ""Closed""}"
21,Complaint,INSERT,35,2023-09-24 12:02:55,{},"{""Status"": ""Closed""}"
22,FIR,INSERT,38,2021-08-29 14:16:50,{},"{""Status"": ""Under Investigation""}"
23,FIR,INSERT,149,2022-03-25 01:22:17,{},"{""Status"": ""Under Investigation""}"
24,FIR,INSERT,138,2020-05-10 08:15:46,{},"{""Status"": ""Closed""}"
25,Complaint,INSERT,4,2019-04-26 23:13:33,{},"{""Status"": ""Under Investigation""}"
26,FIR_Accused,INSERT,36,2022-11-04 15:15:46,{},"{""Status"": ""Closed""}"
27,Complaint,INSERT,85,2019-04-17 21:02:15,{},"{""Status"": ""Closed""}"
28,FIR_Accused,INSERT,237,2020-10-08 02:17:08,{},"{""Status"": ""Closed""}"
29,FIR,UPDATE,102,2020-06-29 20:15:53,"{""Status"": ""Under Investigation""}","{""Status"": ""Closed""}"
30,Accused,INSERT,21,2019-12-13 11:57:18,{},"{""Status"": ""Under Investigation""}"
31,FIR,UPDATE,1,2020-06-17 07:57:03,"{""Status"": ""Under Investigation""}","{""Status"": ""Under Investigation""}"
32,Evidence,INSERT,162,2021-05-20 10:47:38,{},"{""Status"": ""Under Investigation""}"
33,FIR_Accused,INSERT,132,2021-01-21 22:19:50,{},"{""Status"": ""Under Investigation""}"
34,Evidence,INSERT,90,2022-07-24 22:27:31,{},"{""Status"": ""Under Investigation""}"
35,FIR_Accused,INSERT,24,2023-11-08 20:17:49,{},"{""Status"": ""Closed""}"
36,Case_Status,UPDATE,105,2021-10-20 21:42:43,"{""Status"": ""Open""}","{""Status"": ""Under Investigation""}"
37,Case_Status,UPDATE,66,2021-05-02 09:12:07,"{""Status"": ""Open""}","{""Status"": ""Closed""}"
38,Case_Status,UPDATE,244,2023-04-30 16:31:54,"{""Status"": ""Under Investigation""}","{""Status"": ""Closed""}"
39,FIR,INSERT,240,2019-11-13 15:47:31,{},"{""Status"": ""Closed""}"
40,Accused,INSERT,41,2020-10-06 22:37:02,{},"{""Status"": ""Closed""}"
41,Case_Status,UPDATE,111,2022-04-01 06:52:39,"{""Status"": ""Open""}","{""Status"": ""Closed""}"
42,FIR_Accused,INSERT,165,2019-06-03 02:01:10,{},"{""Status"": ""Closed""}"
43,FIR,UPDATE,60,2020-08-19 18:05:50,"{""Status"": ""Under Investigation""}","{""Status"": ""Under Investigation""}"
44,FIR,INSERT,193,2022-04-30 17:59:55,{},"{""Status"": ""Under Investigation""}"
45,FIR_Accused,INSERT,60,2020-01-03 12:36:38,{},"{""Status"": ""Closed""}"
46,FIR_Accused,INSERT,79,2023-02-18 10:37:21,{},"{""Status"": ""Under Investigation""}"
47,Case_Status,UPDATE,247,2019-06-20 18:38:37,"{""Status"": ""Under Investigation""}","{""Status"": ""Under Investigation""}"
48,Complaint,INSERT,204,2020-06-19 19:13:19,{},"{""Status"": ""Under Investigation""}"
49,FIR,INSERT,62,2019-05-01 16:18:27,{},"{""Status"": ""Under Investigation""}"
50,FIR,UPDATE,119,2022-03-04 15:44:44,"{""Status"": ""Open""}","{""Status"": ""Under Investigation""}"
51,Complaint,INSERT,102,2021-08-24 04:53:03,{},"{""Status"": ""Closed""}"
52,Complaint,INSERT,255,2019-06-23 21:43:49,{},"{""Status"": ""Closed""}"
53,Complaint,INSERT,234,2023-07-18 03:40:49,{},"{""Status"": ""Closed""}"
54,Case_Status,UPDATE,208,2022-01-03 08:39:24,"{""Status"": ""Under Investigation""}","{""Status"": ""Under Investigation""}"
55,FIR,UPDATE,1,2019-12-01 01:06:14,"{""Status"": ""Open""}","{""Status"": ""Under Investigation""}"
56,Suspects,INSERT,29,2019-12-17 13:18:54,{},"{""Status"": ""Under Investigation""}"
57,FIR,INSERT,139,2022-06-14 09:03:32,{},"{""Status"": ""Closed""}"
58,Evidence,INSERT,222,2023-01-01 20:52:12,{},"{""Status"": ""Closed""}"
59,Case_Status,UPDATE,192,2019-08-01 05:36:23,"{""Status"": ""Open""}","{""Status"": ""Closed""}"
60,Complaint,INSERT,159,2020-07-28 13:14:03,{},"{""Status"": ""Under Investigation""}"
61,Case_Status,UPDATE,186,2020-08-18 12:30:04,"{""Status"": ""Open""}","{""Status"": ""Closed""}"
62,FIR,UPDATE,92,2021-08-01 03:46:44,"{""Status"": ""Open""}","{""Status"": ""Closed""}"
63,FIR,UPDATE,203,2021-11-06 02:58:50,"{""Status"": ""Under Investigation""}","{""Status"": ""Under Investigation""}"
64,FIR,UPDATE,208,2020-11-27 21:51:11,"{""Status"": ""Under Investigation""}","{""Status"": ""Under Investigation""}"
65,Accused,INSERT,184,2020-06-20 02:46:19,{},"{""Status"": ""Closed""}"
66,FIR_Accused,INSERT,230,2022-12-13 17:51:13,{},"{""Status"": ""Closed""}"
67,Evidence,INSERT,154,2020-04-24 02:35:13,{},"{""Status"": ""Closed""}"
68,Accused,INSERT,65,2022-12-05 15:36:18,{},"{""Status"": ""Closed""}"
69,Case_Status,UPDATE,192,2022-08-03 11:55:47,"{""Status"": ""Open""}","{""Status"": ""Under Investigation""}"
70,FIR_Accused,INSERT,183,2019-07-28 16:59:28,{},"{""Status"": ""Under Investigation""}"
71,Complaint,INSERT,122,2023-02-18 11:01:46,{},"{""Status"": ""Under Investigation""}"
72,Suspects,INSERT,244,2021-02-02 11:04:22,{},"{""Status"": ""Closed""}"
73,Suspects,INSERT,91,2019-02-06 11:05:07,{},"{""Status"": ""Under Investigation""}"
74,FIR,INSERT,159,2020-04-11 05:23:48,{},"{""Status"": ""Closed""}"
75,FIR,INSERT,171,2019-01-08 05:32:44,{},"{""Status"": ""Under Investigation""}"
76,Complaint,INSERT,268,2022-07-26 01:27:10,{},"{""Status"": ""Closed""}"
77,Complaint,INSERT,190,2023-04-10 20:28:57,{},"{""Status"": ""Under Investigation""}"
78,Suspects,INSERT,251,2020-12-26 04:22:59,{},"{""Status"": ""Under Investigation""}"
79,Evidence,INSERT,111,2021-01-26 18:20:31,{},"{""Status"": ""Closed""}"
80,Accused,INSERT,118,2021-08-17 04:07:54,{},"{""Status"": ""Closed""}"
81,Suspects,INSERT,189,2019-05-27 03:20:35,{},"{""Status"": ""Closed""}"
82,Accused,INSERT,149,2023-02-26 00:14:54,{},"{""Status"": ""Under Investigation""}"
83,Evidence,INSERT,65,2023-11-28 02:34:54,{},"{""Status"": ""Under Investigation""}"
84,FIR_Accused,INSERT,242,2021-07-19 09:58:46,{},"{""Status"": ""Closed""}"
85,Suspects,INSERT,270,2019-02-13 07:45:10,{},"{""Status"": ""Closed""}"
86,Complaint,INSERT,146,2019-11-27 18:45:46,{},"{""Status"": ""Closed""}"
87,FIR,INSERT,54,2023-10-22 20:17:18,{},"{""Status"": ""Closed""}"
88,Evidence,INSERT,30,2020-10-20 08:52:26,{},"{""Status"": ""Closed""}"
89,Evidence,INSERT,22,2023-01-31 08:14:02,{},"{""Status"": ""Closed""}"
90,FIR,UPDATE,164,2021-08-21 14:30:28,"{""Status"": ""Under Investigation""}","{""Status"": ""Closed""}"
91,Accused,INSERT,178,2023-08-26 00:26:54,{},"{""Status"": ""Under Investigation""}"
92,Case_Status,UPDATE,137,2022-05-06 12:11:34,"{""Status"": ""Under Investigation""}","{""Status"": ""Closed""}"
93,FIR,INSERT,19,2022-11-16 04:41:53,{},"{""Status"": ""Under Investigation""}"
94,Evidence,INSERT,225,2019-06-24 09:17:52,{},"{""Status"": ""Closed""}"
95,FIR,UPDATE,46,2023-06-14 05:17:22,"{""Status"": ""Open""}","{""Status"": ""Under Investigation""}"
96,FIR_Accused,INSERT,107,2023-05-25 08:27:12,{},"{""Status"": ""Under Investigation""}"
97,Suspects,INSERT,140,2023-02-28 11:31:03,{},"{""Status"": ""Closed""}"
98,Case_Status,UPDATE,74,2022-02-18 14:39:18,"{""Status"": ""Under Investigation""}","{""Status"": ""Closed""}"
99,FIR_Accused,INSERT,163,2022-07-13 03:00:04,{},"{""Status"": ""Closed""}"
100,Suspects,INSERT,150,2019-01-05 11:07:04,{},"{""Status"": ""Closed""}"
101,Suspects,INSERT,99,2020-11-15 12:47:51,{},"{""Status"": ""Closed""}"
102,Suspects,INSERT,91,2020-10-17 16:20:53,{},"{""Status"": ""Closed""}"
103,Case_Status,UPDATE,214,2023-02-26 15:47:02,"{""Status"": ""Open""}","{""Status"": ""Under Investigation""}"
104,FIR,UPDATE,77,2020-04-21 16:20:25,"{""Status"": ""Under Investigation""}","{""Status"": ""Under Investigation""}"
105,Complaint,INSERT,27,2023-12-30 02:52:19,{},"{""Status"": ""Closed""}"
106,Complaint,INSERT,262,2021-05-27 17:07:54,{},"{""Status"": ""Closed""}"
107,Suspects,INSERT,253,2019-10-19 20:53:29,{},"{""Status"": ""Closed""}"
108,FIR_Accused,INSERT,19,2020-05-08 00:49:18,{},"{""Status"": ""Under Investigation""}"
109,FIR,UPDATE,126,2023-01-02 06:10:03,"{""Status"": ""Open""}","{""Status"": ""Closed""}"
110,Suspects,INSERT,216,2022-11-13 16:18:53,{},"{""Status"": ""Under Investigation""}"
111,FIR,UPDATE,81,2021-11-14 04:24:20,"{""Status"": ""Open""}","{""Status"": ""Closed""}"
112,FIR_Accused,INSERT,76,2021-11-21 16:03:03,{},"{""Status"": ""Closed""}"
113,FIR,UPDATE,153,2020-09-21 03:01:03,"{""Status"": ""Open""}","{""Status"": ""Closed""}"
114,FIR,UPDATE,192,2023-07-17 12:25:24,"{""Status"": ""Under Investigation""}","{""Status"": ""Under Investigation""}"
115,Suspects,INSERT,96,2023-04-29 17:04:19,{},"{""Status"": ""Under Investigation""}"
116,FIR,INSERT,250,2022-12-10 21:08:51,{},"{""Status"": ""Under Investigation""}"
117,Suspects,INSERT,258,2021-12-07 04:14:14,{},"{""Status"": ""Closed""}"
118,FIR_Accused,INSERT,67,2023-12-28 07:28:16,{},"{""Status"": ""Under Investigation""}"
119,Evidence,INSERT,78,2019-11-29 06:58:49,{},"{""Status"": ""Under Investigation""}"
120,Suspects,INSERT,268,2023-01-10 12:05:57,{},"{""Status"": ""Closed""}"
121,FIR,INSERT,228,2023-11-29 01:48:46,{},"{""Status"": ""Under Investigation""}"
122,Accused,INSERT,228,2022-09-04 13:24:19,{},"{""Status"": ""Closed""}"
123,FIR_Accused,INSERT,267,2019-09-13 02:35:56,{},"{""Status"": ""Under Investigation""}"
124,Case_Status,UPDATE,215,2019-10-20 12:15:00,"{""Status"": ""Open""}","{""Status"": ""Closed""}"
125,Suspects,INSERT,24,2023-03-19 12:48:43,{},"{""Status"": ""Under Investigation""}"
126,Suspects,INSERT,241,2022-10-20 00:09:57,{},"{""Status"": ""Under Investigation""}"
127,Case_Status,UPDATE,81,2019-04-08 08:48:59,"{""Status"": ""Open""}","{""Status"": ""Under Investigation""}"
128,Complaint,INSERT,174,2023-01-13 10:36:43,{},"{""Status"": ""Under Investigation""}"
129,Evidence,INSERT,3,2021-11-04 08:12:32,{},"{""Status"": ""Closed""}"
130,Case_Status,UPDATE,144,2019-02-10 06:16:45,"{""Status"": ""Under Investigation""}","{""Status"": ""Closed""}"
131,Accused,INSERT,29,2019-09-10 05:16:35,{},"{""Status"": ""Under Investigation""}"
132,FIR_Accused,INSERT,83,2020-05-27 16:01:21,{},"{""Status"": ""Closed""}"
133,Accused,INSERT,259,2022-02-07 18:47:52,{},"{""Status"": ""Closed""}"
134,Complaint,INSERT,233,2021-02-16 12:45:49,{},"{""Status"": ""Under Investigation""}"
135,FIR_Accused,INSERT,125,2020-10-16 09:36:55,{},"{""Status"": ""Under Investigation""}"
136,FIR,INSERT,80,2019-10-15 05:55:39,{},"{""Status"": ""Closed""}"
137,FIR_Accused,INSERT,153,2021-06-26 04:02:50,{},"{""Status"": ""Closed""}"
138,Complaint,INSERT,263,2019-01-26 23:12:06,{},"{""Status"": ""Under Investigation""}"
139,FIR_Accused,INSERT,136,2019-04-05 11:09:02,{},"{""Status"": ""Under Investigation""}"
140,Case_Status,UPDATE,256,2023-03-27 01:34:43,"{""Status"": ""Under Investigation""}","{""Status"": ""Closed""}"
141,FIR,UPDATE,246,2022-01-29 01:58:29,"{""Status"": ""Under Investigation""}","{""Status"": ""Closed""}"
142,FIR,UPDATE,135,2023-12-07 15:00:45,"{""Status"": ""Under Investigation""}","{""Status"": ""Under Investigation""}"
143,Evidence,INSERT,17,2020-12-29 05:43:31,{},"{""Status"": ""Closed""}"
144,Case_Status,UPDATE,13,2021-02-10 09:42:27,"{""Status"": ""Under Investigation""}","{""Status"": ""Under Investigation""}"
145,Complaint,INSERT,32,2020-06-05 07:35:38,{},"{""Status"": ""Closed""}"
146,FIR,INSERT,205,2021-12-06 01:56:39,{},"{""Status"": ""Under Investigation""}"
147,Evidence,INSERT,272,2022-03-15 17:02:59,{},"{""Status"": ""Under Investigation""}"
148,Complaint,INSERT,25,2021-08-19 05:13:52,{},"{""Status"": ""Under Investigation""}"
149,FIR,INSERT,192,2023-05-20 09:17:00,{},"{""Status"": ""Closed""}"
150,FIR_Accused,INSERT,194,2023-07-10 17:40:51,{},"{""Status"": ""Under Investigation""}"
151,FIR,INSERT,106,2021-03-21 23:53:35,{},"{""Status"": ""Under Investigation""}"
152,Complaint,INSERT,26,2022-10-14 02:06:51,{},"{""Status"": ""Under Investigation""}"
153,Evidence,INSERT,96,2023-06-30 07:31:23,{},"{""Status"": ""Under Investigation""}"
154,Complaint,INSERT,156,2019-08-04 23:29:52,{},"{""Status"": ""Closed""}"
155,Accused,INSERT,5,2023-10-28 18:56:34,{},"{""Status"": ""Under Investigation""}"
156,Suspects,INSERT,80,2021-01-26 10:58:44,{},"{""Status"": ""Under Investigation""}"
157,FIR_Accused,INSERT,269,2022-01-22 18:41:32,{},"{""Status"": ""Closed""}"
158,FIR,UPDATE,220,2020-09-02 22:48:40,"{""Status"": ""Open""}","{""Status"": ""Closed""}"
159,FIR_Accused,INSERT,57,2023-12-12 11:44:20,{},"{""Status"": ""Closed""}"
160,Evidence,INSERT,132,2022-09-03 00:15:19,{},"{""Status"": ""Closed""}"
161,Case_Status,UPDATE,178,2020-01-03 01:39:42,"{""Status"": ""Under Investigation""}","{""Status"": ""Under Investigation""}"
162,FIR,UPDATE,243,2023-07-23 18:11:57,"{""Status"": ""Open""}","{""Status"": ""Under Investigation""}"
163,Evidence,INSERT,209,2023-09-29 00:06:52,{},"{""Status"": ""Under Investigation""}"
164,Suspects,INSERT,163,2019-07-01 14:02:00,{},"{""Status"": ""Closed""}"
165,FIR,UPDATE,220,2020-10-13 03:00:29,"{""Status"": ""Under Investigation""}","{""Status"": ""Under Investigation""}"
166,Accused,INSERT,264,2021-09-10 04:16:59,{},"{""Status"": ""Under Investigation""}"
167,Case_Status,UPDATE,114,2020-11-29 01:32:18,"{""Status"": ""Under Investigation""}","{""Status"": ""Closed""}"
168,Accused,INSERT,157,2019-12-02 17:40:46,{},"{""Status"": ""Under Investigation""}"
169,FIR_Accused,INSERT,258,2023-11-17 03:32:38,{},"{""Status"": ""Closed""}"
170,Suspects,INSERT,128,2020-12-04 06:33:52,{},"{""Status"": ""Under Investigation""}"
171,Suspects,INSERT,141,2023-07-03 06:44:14,{},"{""Status"": ""Under Investigation""}"
172,Case_Status,UPDATE,5,2019-12-08 17:07:25,"{""Status"": ""Open""}","{""Status"": ""Closed""}"
173,Evidence,INSERT,9,2021-06-08 22:23:33,{},"{""Status"": ""Closed""}"
174,FIR,INSERT,240,2019-11-11 21:59:15,{},"{""Status"": ""Closed""}"
175,Complaint,INSERT,232,2020-08-18 15:24:32,{},"{""Status"": ""Closed""}"
176,Complaint,INSERT,3,2022-07-29 19:56:10,{},"{""Status"": ""Under Investigation""}"
177,Suspects,INSERT,222,2021-11-20 00:28:47,{},"{""Status"": ""Under Investigation""}"
178,Case_Status,UPDATE,242,2022-04-06 22:13:59,"{""Status"": ""Open""}","{""Status"": ""Closed""}"
179,FIR,UPDATE,186,2023-09-16 10:44:34,"{""Status"": ""Under Investigation""}","{""Status"": ""Under Investigation""}"
180,Accused,INSERT,111,2023-12-08 05:08:27,{},"{""Status"": ""Under Investigation""}"
181,Case_Status,UPDATE,2,2019-03-22 18:29:44,"{""Status"": ""Under Investigation""}","{""Status"": ""Closed""}"
182,Evidence,INSERT,183,2023-01-27 16:00:50,{},"{""Status"": ""Under Investigation""}"
183,FIR,UPDATE,67,2022-01-06 01:27:31,"{""Status"": ""Under Investigation""}","{""Status"": ""Closed""}"
184,Evidence,INSERT,196,2021-10-24 19:33:14,{},"{""Status"": ""Closed""}"
185,FIR,INSERT,82,2022-04-30 13:45:02,{},"{""Status"": ""Closed""}"
186,Accused,INSERT,130,2019-01-29 21:56:30,{},"{""Status"": ""Under Investigation""}"
187,FIR,INSERT,69,2021-05-20 12:39:06,{},"{""Status"": ""Closed""}"
188,FIR,UPDATE,234,2021-02-20 04:03:50,"{""Status"": ""Under Investigation""}","{""Status"": ""Closed""}"
189,FIR_Accused,INSERT,269,2022-10-27 13:57:04,{},"{""Status"": ""Closed""}"
190,Evidence,INSERT,198,2022-05-26 12:09:08,{},"{""Status"": ""Closed""}"
191,Case_Status,UPDATE,99,2023-07-08 07:38:23,"{""Status"": ""Under Investigation""}","{""Status"": ""Closed""}"
192,Case_Status,UPDATE,199,2021-11-07 13:53:25,"{""Status"": ""Under Investigation""}","{""Status"": ""Under Investigation""}"
193,FIR,UPDATE,170,2021-07-22 00:34:27,"{""Status"": ""Open""}","{""Status"": ""Closed""}"
194,FIR_Accused,INSERT,155,2021-02-05 06:59:58,{},"{""Status"": ""Under Investigation""}"
195,Accused,INSERT,158,2023-11-09 07:48:28,{},"{""Status"": ""Under Investigation""}"
196,Evidence,INSERT,222,2023-06-22 06:44:18,{},"{""Status"": ""Under Investigation""}"
197,Suspects,INSERT,3,2022-06-27 08:52:00,{},"{""Status"": ""Under Investigation""}"
198,Case_Status,UPDATE,198,2023-03-26 23:26:54,"{""Status"": ""Under Investigation""}","{""Status"": ""Under Investigation""}"
199,FIR,UPDATE,214,2023-12-22 08:21:18,"{""Status"": ""Under Investigation""}","{""Status"": ""Closed""}"
200,Complaint,INSERT,13,2021-05-21 00:34:53,{},"{""Status"": ""Under Investigation""}"
201,Complaint,INSERT,27,2022-04-11 06:26:06,{},"{""Status"": ""Under Investigation""}"
202,Evidence,INSERT,190,2020-02-26 20:30:45,{},"{""Status"": ""Closed""}"
203,Suspects,INSERT,158,2020-06-03 05:57:19,{},"{""Status"": ""Under Investigation""}"
204,FIR,INSERT,167,2023-07-21 21:58:51,{},"{""Status"": ""Closed""}"
205,Accused,INSERT,179,2020-02-25 04:32:42,{},"{""Status"": ""Closed""}"
206,Evidence,INSERT,217,2021-03-30 11:43:48,{},"{""Status"": ""Closed""}"
207,Evidence,INSERT,163,2022-10-24 16:48:15,{},"{""Status"": ""Under Investigation""}"
208,Evidence,INSERT,202,2019-03-07 16:29:39,{},"{""Status"": ""Under Investigation""}"
209,FIR,UPDATE,183,2023-02-17 03:16:31,"{""Status"": ""Open""}","{""Status"": ""Closed""}"
210,FIR_Accused,INSERT,239,2022-04-02 01:02:31,{},"{""Status"": ""Closed""}"
211,Suspects,INSERT,52,2020-11-08 21:34:22,{},"{""Status"": ""Under Investigation""}"
212,Suspects,INSERT,81,2020-11-08 06:56:33,{},"{""Status"": ""Closed""}"
213,Case_Status,UPDATE,122,2020-06-23 01:10:33,"{""Status"": ""Open""}","{""Status"": ""Under Investigation""}"
214,FIR,INSERT,3,2022-05-04 19:53:11,{},"{""Status"": ""Closed""}"
215,Accused,INSERT,115,2020-05-15 18:53:18,{},"{""Status"": ""Closed""}"
216,Evidence,INSERT,43,2021-06-07 00:59:39,{},"{""Status"": ""Closed""}"
217,Suspects,INSERT,48,2020-09-20 04:22:37,{},"{""Status"": ""Under Investigation""}"
218,Complaint,INSERT,136,2022-08-11 23:39:00,{},"{""Status"": ""Closed""}"
219,Case_Status,UPDATE,113,2022-08-08 22:34:39,"{""Status"": ""Under Investigation""}","{""Status"": ""Closed""}"
220,FIR_Accused,INSERT,212,2022-03-21 10:05:31,{},"{""Status"": ""Under Investigation""}"
221,FIR_Accused,INSERT,174,2021-09-16 10:16:44,{},"{""Status"": ""Closed""}"
222,FIR,INSERT,129,2022-04-15 17:34:35,{},"{""Status"": ""Closed""}"
223,Complaint,INSERT,76,2021-10-25 06:59:55,{},"{""Status"": ""Under Investigation""}"
224,Complaint,INSERT,114,2020-01-05 11:28:23,{},"{""Status"": ""Under Investigation""}"
225,Complaint,INSERT,175,2020-05-12 14:18:52,{},"{""Status"": ""Under Investigation""}"
226,Accused,INSERT,211,2023-06-16 11:40:13,{},"{""Status"": ""Under Investigation""}"
227,Evidence,INSERT,206,2019-06-17 16:52:03,{},"{""Status"": ""Closed""}"
228,Suspects,INSERT,59,2021-10-03 09:49:51,{},"{""Status"": ""Under Investigation""}"
229,FIR_Accused,INSERT,243,2021-11-06 18:56:15,{},"{""Status"": ""Closed""}"
230,Case_Status,UPDATE,260,2022-06-04 00:08:01,"{""Status"": ""Open""}","{""Status"": ""Closed""}"
231,FIR_Accused,INSERT,158,2022-01-23 01:36:30,{},"{""Status"": ""Closed""}"
232,Accused,INSERT,233,2023-02-17 19:44:55,{},"{""Status"": ""Under Investigation""}"
233,FIR_Accused,INSERT,153,2019-06-15 07:26:53,{},"{""Status"": ""Under Investigation""}"
234,FIR,UPDATE,262,2022-08-07 18:27:39,"{""Status"": ""Open""}","{""Status"": ""Closed""}"
235,Accused,INSERT,274,2019-06-13 01:12:52,{},"{""Status"": ""Under Investigation""}"
236,Accused,INSERT,23,2022-09-25 21:49:21,{},"{""Status"": ""Closed""}"
237,FIR,UPDATE,14,2021-07-29 07:46:12,"{""Status"": ""Open""}","{""Status"": ""Under Investigation""}"
238,Accused,INSERT,88,2019-03-25 00:39:24,{},"{""Status"": ""Under Investigation""}"
239,Evidence,INSERT,93,2019-07-07 04:36:37,{},"{""Status"": ""Under Investigation""}"
240,FIR,INSERT,178,2020-08-23 07:40:47,{},"{""Status"": ""Under Investigation""}"
241,Evidence,INSERT,83,2019-07-14 07:20:33,{},"{""Status"": ""Under Investigation""}"
242,Evidence,INSERT,226,2021-06-18 17:42:13,{},"{""Status"": ""Under Investigation""}"
243,Complaint,INSERT,28,2019-08-27 14:54:40,{},"{""Status"": ""Under Investigation""}"
244,FIR_Accused,INSERT,115,2021-02-22 18:58:51,{},"{""Status"": ""Under Investigation""}"
245,FIR,INSERT,250,2019-11-22 08:28:51,{},"{""Status"": ""Closed""}"
246,FIR_Accused,INSERT,123,2019-03-22 04:00:20,{},"{""Status"": ""Under Investigation""}"
247,FIR_Accused,INSERT,105,2019-06-26 19:36:29,{},"{""Status"": ""Under Investigation""}"
248,Complaint,INSERT,36,2020-05-16 20:23:53,{},"{""Status"": ""Under Investigation""}"
249,FIR,INSERT,11,2023-05-22 20:03:13,{},"{""Status"": ""Under Investigation""}"
250,FIR,UPDATE,125,2022-10-13 03:28:39,"{""Status"": ""Open""}","{""Status"": ""Under Investigation""}"
251,Complaint,INSERT,249,2019-12-29 09:24:51,{},"{""Status"": ""Closed""}"
252,Case_Status,UPDATE,71,2022-12-30 21:21:56,"{""Status"": ""Open""}","{""Status"": ""Under Investigation""}"
253,Evidence,INSERT,133,2022-06-27 14:35:41,{},"{""Status"": ""Closed""}"
254,Accused,INSERT,16,2021-03-30 16:23:33,{},"{""Status"": ""Closed""}"
255,Evidence,INSERT,52,2021-06-19 19:24:18,{},"{""Status"": ""Closed""}"
256,Complaint,INSERT,99,2020-10-25 00:08:01,{},"{""Status"": ""Under Investigation""}"
257,Complaint,INSERT,123,2023-03-20 11:17:57,{},"{""Status"": ""Under Investigation""}"
258,FIR_Accused,INSERT,180,2020-06-26 18:25:45,{},"{""Status"": ""Closed""}"
259,Complaint,INSERT,239,2019-03-23 04:00:25,{},"{""Status"": ""Closed""}"
260,FIR,UPDATE,111,2023-11-02 03:38:47,"{""Status"": ""Under Investigation""}","{""Status"": ""Under Investigation""}"
261,Case_Status,UPDATE,270,2020-08-03 16:41:50,"{""Status"": ""Under Investigation""}","{""Status"": ""Closed""}"
262,Case_Status,UPDATE,171,2023-05-22 17:04:50,"{""Status"": ""Under Investigation""}","{""Status"": ""Closed""}"
263,Evidence,INSERT,31,2019-05-29 04:22:32,{},"{""Status"": ""Under Investigation""}"
264,Complaint,INSERT,211,2019-10-03 01:03:21,{},"{""Status"": ""Under Investigation""}"
265,FIR,UPDATE,91,2021-12-23 01:59:30,"{""Status"": ""Under Investigation""}","{""Status"": ""Closed""}"
266,FIR,UPDATE,132,2019-04-15 08:21:32,"{""Status"": ""Under Investigation""}","{""Status"": ""Closed""}"
267,Evidence,INSERT,125,2020-07-14 20:56:03,{},"{""Status"": ""Under Investigation""}"
268,Complaint,INSERT,134,2022-03-13 13:23:24,{},"{""Status"": ""Under Investigation""}"
269,Case_Status,UPDATE,82,2021-09-20 15:48:10,"{""Status"": ""Open""}","{""Status"": ""Closed""}"
270,FIR,INSERT,32,2019-08-07 04:28:46,{},"{""Status"": ""Closed""}"
271,Suspects,INSERT,106,2023-03-27 10:44:31,{},"{""Status"": ""Under Investigation""}"
272,FIR,UPDATE,147,2023-08-02 06:04:52,"{""Status"": ""Under Investigation""}","{""Status"": ""Closed""}"
273,Evidence,INSERT,59,2022-07-28 16:27:31,{},"{""Status"": ""Closed""}"
274,Case_Status,UPDATE,72,2021-09-01 12:04:58,"{""Status"": ""Open""}","{""Status"": ""Closed""}"
275,Suspects,INSERT,74,2021-03-12 01:35:59,{},"{""Status"": ""Closed""}"
276,Complaint,INSERT,175,2023-07-15 18:55:42,{},"{""Status"": ""Under Investigation""}"
277,Suspects,INSERT,130,2019-02-26 03:48:14,{},"{""Status"": ""Closed""}"
278,FIR_Accused,INSERT,62,2021-01-13 20:53:46,{},"{""Status"": ""Closed""}"
279,Evidence,INSERT,29,2019-07-25 03:44:45,{},"{""Status"": ""Closed""}"
280,FIR,INSERT,189,2022-08-24 18:50:32,{},"{""Status"": ""Under Investigation""}"
281,FIR,UPDATE,246,2020-04-26 15:38:12,"{""Status"": ""Open""}","{""Status"": ""Under Investigation""}"
282,FIR_Accused,INSERT,222,2023-06-27 10:22:01,{},"{""Status"": ""Closed""}"
283,Evidence,INSERT,250,2023-06-17 04:54:21,{},"{""Status"": ""Under Investigation""}"
284,FIR_Accused,INSERT,26,2021-09-23 19:26:15,{},"{""Status"": ""Closed""}"
285,Complaint,INSERT,259,2021-03-24 12:13:48,{},"{""Status"": ""Closed""}"
286,FIR,INSERT,268,2023-09-11 20:03:55,{},"{""Status"": ""Under Investigation""}"
287,Evidence,INSERT,103,2020-10-23 10:34:41,{},"{""Status"": ""Closed""}"
288,Accused,INSERT,126,2021-07-20 18:34:31,{},"{""Status"": ""Under Investigation""}"
289,Complaint,INSERT,188,2020-01-23 06:33:58,{},"{""Status"": ""Closed""}"
290,Suspects,INSERT,35,2022-11-21 01:28:25,{},"{""Status"": ""Closed""}"
291,Accused,INSERT,112,2022-05-09 03:56:28,{},"{""Status"": ""Closed""}"
292,FIR,INSERT,273,2019-12-18 03:52:34,{},"{""Status"": ""Closed""}"
293,FIR,INSERT,172,2019-11-09 23:29:52,{},"{""Status"": ""Closed""}"
294,Complaint,INSERT,275,2019-10-02 11:00:56,{},"{""Status"": ""Under Investigation""}"
295,FIR_Accused,INSERT,142,2020-11-25 02:56:27,{},"{""Status"": ""Closed""}"
296,Complaint,INSERT,243,2021-08-03 22:19:09,{},"{""Status"": ""Under Investigation""}"
297,Case_Status,UPDATE,160,2020-09-14 09:17:15,"{""Status"": ""Open""}","{""Status"": ""Closed""}"
298,Accused,INSERT,127,2020-04-12 04:47:50,{},"{""Status"": ""Closed""}"
299,FIR,INSERT,124,2020-02-25 08:14:18,{},"{""Status"": ""Closed""}"
300,Evidence,INSERT,70,2020-04-15 01:42:05,{},"{""Status"": ""Closed""}"
301,Complaint,INSERT,245,2023-09-22 16:57:24,{},"{""Status"": ""Closed""}"
302,Suspects,INSERT,228,2020-08-20 11:52:33,{},"{""Status"": ""Under Investigation""}"
303,FIR,INSERT,195,2022-10-10 22:01:53,{},"{""Status"": ""Under Investigation""}"
304,Case_Status,UPDATE,39,2020-08-02 06:39:50,"{""Status"": ""Open""}","{""Status"": ""Closed""}"
305,Complaint,INSERT,143,2022-01-28 13:01:05,{},"{""Status"": ""Under Investigation""}"
306,Suspects,INSERT,43,2022-05-29 14:54:51,{},"{""Status"": ""Closed""}"
307,Suspects,INSERT,81,2023-01-31 14:48:58,{},"{""Status"": ""Under Investigation""}"
308,FIR,INSERT,209,2023-10-03 17:06:25,{},"{""Status"": ""Closed""}"
309,Evidence,INSERT,51,2021-05-01 10:08:43,{},"{""Status"": ""Closed""}"
310,Evidence,INSERT,254,2023-05-31 17:46:45,{},"{""Status"": ""Closed""}"
311,Complaint,INSERT,93,2021-05-14 02:47:52,{},"{""Status"": ""Under Investigation""}"
312,Suspects,INSERT,253,2023-01-20 02:10:39,{},"{""Status"": ""Under Investigation""}"
313,Complaint,INSERT,8,2023-11-28 17:00:30,{},"{""Status"": ""Closed""}"
314,Case_Status,UPDATE,24,2021-01-23 22:24:20,"{""Status"": ""Under Investigation""}","{""Status"": ""Under Investigation""}"
315,FIR,INSERT,267,2019-04-16 17:19:08,{},"{""Status"": ""Closed""}"
316,Suspects,INSERT,154,2022-01-09 00:29:01,{},"{""Status"": ""Under Investigation""}"
317,FIR,INSERT,262,2022-01-25 08:03:20,{},"{""Status"": ""Closed""}"
318,Complaint,INSERT,221,2022-05-08 13:28:00,{},"{""Status"": ""Under Investigation""}"
319,Suspects,INSERT,119,2020-06-01 12:57:24,{},"{""Status"": ""Under Investigation""}"
320,Accused,INSERT,237,2023-03-21 11:30:13,{},"{""Status"": ""Closed""}"
321,Accused,INSERT,259,2020-03-29 22:58:53,{},"{""Status"": ""Closed""}"
322,FIR,INSERT,88,2020-10-30 04:49:36,{},"{""Status"": ""Closed""}"
323,FIR,INSERT,178,2019-05-02 10:32:30,{},"{""Status"": ""Under Investigation""}"
324,Complaint,INSERT,2,2021-11-07 19:27:25,{},"{""Status"": ""Under Investigation""}"
325,Accused,INSERT,51,2021-03-23 03:42:30,{},"{""Status"": ""Closed""}"
326,Complaint,INSERT,15,2021-12-02 11:19:02,{},"{""Status"": ""Under Investigation""}"
327,Suspects,INSERT,162,2020-10-06 16:26:57,{},"{""Status"": ""Under Investigation""}"
328,Case_Status,UPDATE,267,2023-03-20 14:29:23,"{""Status"": ""Under Investigation""}","{""Status"": ""Closed""}"
329,Case_Status,UPDATE,122,2019-06-25 02:14:37,"{""Status"": ""Under Investigation""}","{""Status"": ""Under Investigation""}"
330,Suspects,INSERT,108,2019-11-10 16:32:15,{},"{""Status"": ""Closed""}"
331,Suspects,INSERT,202,2023-11-12 07:40:07,{},"{""Status"": ""Under Investigation""}"
332,Complaint,INSERT,89,2019-03-30 22:36:19,{},"{""Status"": ""Under Investigation""}"
333,Suspects,INSERT,265,2020-06-21 01:24:42,{},"{""Status"": ""Closed""}"
334,Complaint,INSERT,111,2022-07-13 20:40:12,{},"{""Status"": ""Closed""}"
335,FIR,UPDATE,5,2019-08-30 22:19:33,"{""Status"": ""Under Investigation""}","{""Status"": ""Under Investigation""}"
336,Suspects,INSERT,92,2019-01-17 16:03:00,{},"{""Status"": ""Under Investigation""}"
337,Case_Status,UPDATE,134,2020-07-08 10:10:33,"{""Status"": ""Open""}","{""Status"": ""Closed""}"
338,Suspects,INSERT,149,2023-07-05 22:40:39,{},"{""Status"": ""Under Investigation""}"
339,FIR_Accused,INSERT,116,2023-03-02 04:55:04,{},"{""Status"": ""Under Investigation""}"
340,Evidence,INSERT,177,2022-12-25 18:48:47,{},"{""Status"": ""Under Investigation""}"
341,Evidence,INSERT,179,2022-05-05 18:48:23,{},"{""Status"": ""Closed""}"
342,Complaint,INSERT,223,2022-07-14 07:02:21,{},"{""Status"": ""Closed""}"
343,Case_Status,UPDATE,243,2019-01-08 04:12:34,"{""Status"": ""Under Investigation""}","{""Status"": ""Under Investigation""}"
344,FIR,UPDATE,251,2019-11-26 03:44:51,"{""Status"": ""Open""}","{""Status"": ""Closed""}"
345,Case_Status,UPDATE,267,2022-07-02 00:18:45,"{""Status"": ""Under Investigation""}","{""Status"": ""Closed""}"
346,Case_Status,UPDATE,250,2021-06-01 20:35:13,"{""Status"": ""Under Investigation""}","{""Status"": ""Closed""}"
347,FIR,UPDATE,76,2023-03-31 10:27:57,"{""Status"": ""Open""}","{""Status"": ""Closed""}"
348,FIR_Accused,INSERT,30,2021-05-09 05:16:13,{},"{""Status"": ""Under Investigation""}"
349,FIR,UPDATE,248,2021-11-28 02:50:29,"{""Status"": ""Under Investigation""}","{""Status"": ""Under Investigation""}"
350,FIR,UPDATE,172,2023-05-30 08:32:24,"{""Status"": ""Open""}","{""Status"": ""Under Investigation""}"
351,FIR,UPDATE,149,2023-01-26 00:28:47,"{""Status"": ""Under Investigation""}","{""Status"": ""Under Investigation""}"
352,Accused,INSERT,105,2023-10-15 15:18:39,{},"{""Status"": ""Under Investigation""}"
353,FIR,INSERT,36,2023-07-15 18:07:29,{},"{""Status"": ""Closed""}"
354,Suspects,INSERT,94,2021-05-22 20:11:29,{},"{""Status"": ""Closed""}"
355,Case_Status,UPDATE,99,2020-12-02 19:29:02,"{""Status"": ""Under Investigation""}","{""Status"": ""Under Investigation""}"
356,Evidence,INSERT,227,2020-12-01 10:52:21,{},"{""Status"": ""Closed""}"
357,Evidence,INSERT,50,2022-12-15 09:24:17,{},"{""Status"": ""Under Investigation""}"
358,Suspects,INSERT,140,2023-12-23 14:01:11,{},"{""Status"": ""Under Investigation""}"
359,Evidence,INSERT,150,2019-07-13 20:05:37,{},"{""Status"": ""Under Investigation""}"
360,FIR,UPDATE,132,2020-04-06 09:54:09,"{""Status"": ""Open""}","{""Status"": ""Under Investigation""}"
361,FIR,INSERT,226,2022-07-27 11:55:32,{},"{""Status"": ""Under Investigation""}"
362,FIR,INSERT,39,2021-03-12 22:19:44,{},"{""Status"": ""Under Investigation""}"
363,FIR_Accused,INSERT,216,2021-12-09 22:12:20,{},"{""Status"": ""Closed""}"
364,Accused,INSERT,77,2022-04-15 06:48:21,{},"{""Status"": ""Under Investigation""}"
365,Suspects,INSERT,203,2020-10-18 16:04:46,{},"{""Status"": ""Closed""}"
366,FIR,UPDATE,158,2021-05-10 04:19:24,"{""Status"": ""Under Investigation""}","{""Status"": ""Closed""}"
367,Accused,INSERT,7,2019-03-13 06:49:39,{},"{""Status"": ""Closed""}"
368,FIR,INSERT,34,2023-01-29 14:23:33,{},"{""Status"": ""Closed""}"
369,Accused,INSERT,124,2019-11-02 21:00:42,{},"{""Status"": ""Closed""}"
370,FIR,INSERT,50,2021-11-07 18:35:23,{},"{""Status"": ""Closed""}"
371,Case_Status,UPDATE,25,2022-12-23 18:21:08,"{""Status"": ""Under Investigation""}","{""Status"": ""Closed""}"
372,Suspects,INSERT,141,2020-04-20 22:34:56,{},"{""Status"": ""Under Investigation""}"
373,FIR_Accused,INSERT,240,2022-06-04 03:39:10,{},"{""Status"": ""Closed""}"
374,Suspects,INSERT,151,2020-01-02 04:27:46,{},"{""Status"": ""Closed""}"
375,Evidence,INSERT,37,2023-07-04 08:13:52,{},"{""Status"": ""Under Investigation""}"
376,Case_Status,UPDATE,157,2019-01-01 19:54:56,"{""Status"": ""Under Investigation""}","{""Status"": ""Closed""}"
377,Suspects,INSERT,212,2019-03-09 14:38:41,{},"{""Status"": ""Under Investigation""}"
378,Case_Status,UPDATE,46,2022-07-09 15:39:55,"{""Status"": ""Under Investigation""}","{""Status"": ""Under Investigation""}"
379,Complaint,INSERT,201,2023-10-31 14:38:18,{},"{""Status"": ""Closed""}"
380,FIR,UPDATE,60,2021-03-27 13:31:32,"{""Status"": ""Open""}","{""Status"": ""Closed""}"
381,FIR,UPDATE,102,2021-10-23 09:59:57,"{""Status"": ""Under Investigation""}","{""Status"": ""Closed""}"
382,Complaint,INSERT,199,2022-10-18 17:34:14,{},"{""Status"": ""Closed""}"
383,Complaint,INSERT,21,2022-07-26 06:24:35,{},"{""Status"": ""Under Investigation""}"
384,Complaint,INSERT,25,2021-04-05 06:09:08,{},"{""Status"": ""Under Investigation""}"
385,Evidence,INSERT,82,2022-04-26 17:33:56,{},"{""Status"": ""Under Investigation""}"
386,FIR,UPDATE,40,2020-10-14 20:30:32,"{""Status"": ""Under Investigation""}","{""Status"": ""Under Investigation""}"
387,FIR,UPDATE,149,2023-04-24 13:28:47,"{""Status"": ""Open""}","{""Status"": ""Closed""}"
388,Suspects,INSERT,178,2020-05-17 18:01:09,{},"{""Status"": ""Closed""}"
389,FIR,UPDATE,164,2020-08-13 18:15:26,"{""Status"": ""Open""}","{""Status"": ""Under Investigation""}"
390,FIR,INSERT,46,2021-11-24 14:21:15,{},"{""Status"": ""Under Investigation""}"
391,Complaint,INSERT,49,2022-11-07 16:52:55,{},"{""Status"": ""Under Investigation""}"
392,FIR,UPDATE,225,2019-09-16 22:13:14,"{""Status"": ""Open""}","{""Status"": ""Under Investigation""}"
393,FIR,INSERT,95,2020-12-25 03:18:55,{},"{""Status"": ""Under Investigation""}"
394,Complaint,INSERT,83,2023-12-17 20:55:29,{},"{""Status"": ""Closed""}"
395,FIR_Accused,INSERT,110,2022-12-21 21:23:25,{},"{""Status"": ""Closed""}"
396,Suspects,INSERT,91,2020-01-07 23:36:28,{},"{""Status"": ""Closed""}"
397,Case_Status,UPDATE,198,2023-07-29 23:01:38,"{""Status"": ""Under Investigation""}","{""Status"": ""Closed""}"
398,Complaint,INSERT,73,2023-10-12 03:30:22,{},"{""Status"": ""Closed""}"
399,FIR,UPDATE,167,2020-07-17 14:55:44,"{""Status"": ""Under Investigation""}","{""Status"": ""Closed""}"
400,Complaint,INSERT,256,2021-03-29 10:04:32,{},"{""Status"": ""Under Investigation""}"
401,Complaint,INSERT,271,2020-10-25 09:07:13,{},"{""Status"": ""Closed""}"
402,Complaint,INSERT,192,2019-11-09 06:08:34,{},"{""Status"": ""Under Investigation""}"
403,FIR_Accused,INSERT,272,2022-12-25 15:29:09,{},"{""Status"": ""Under Investigation""}"
404,Complaint,INSERT,106,2020-10-03 17:01:48,{},"{""Status"": ""Under Investigation""}"
405,FIR,INSERT,200,2019-04-09 09:18:01,{},"{""Status"": ""Under Investigation""}"
406,Evidence,INSERT,89,2020-10-01 11:44:31,{},"{""Status"": ""Under Investigation""}"
407,Suspects,INSERT,247,2022-06-26 20:11:20,{},"{""Status"": ""Under Investigation""}"
408,Suspects,INSERT,55,2021-08-06 22:01:25,{},"{""Status"": ""Closed""}"
409,Suspects,INSERT,147,2022-10-16 02:30:45,{},"{""Status"": ""Closed""}"
410,Complaint,INSERT,28,2022-12-06 03:10:04,{},"{""Status"": ""Under Investigation""}"
411,Case_Status,UPDATE,93,2021-03-31 02:50:04,"{""Status"": ""Open""}","{""Status"": ""Under Investigation""}"
412,Evidence,INSERT,139,2020-02-02 11:55:33,{},"{""Status"": ""Closed""}"
413,FIR,UPDATE,102,2023-11-08 21:06:03,"{""Status"": ""Under Investigation""}","{""Status"": ""Under Investigation""}"
414,Complaint,INSERT,146,2022-06-16 07:26:39,{},"{""Status"": ""Closed""}"
415,FIR,UPDATE,7,2021-03-24 12:38:56,"{""Status"": ""Under Investigation""}","{""Status"": ""Closed""}"
416,Evidence,INSERT,217,2021-02-03 21:00:24,{},"{""Status"": ""Under Investigation""}"
417,FIR,UPDATE,10,2021-04-02 15:40:13,"{""Status"": ""Under Investigation""}","{""Status"": ""Under Investigation""}"
418,Evidence,INSERT,153,2019-04-07 08:11:07,{},"{""Status"": ""Closed""}"
419,Suspects,INSERT,233,2020-11-02 13:06:56,{},"{""Status"": ""Closed""}"
420,Suspects,INSERT,16,2023-12-07 04:16:12,{},"{""Status"": ""Under Investigation""}"
421,FIR,UPDATE,201,2022-03-22 20:17:58,"{""Status"": ""Under Investigation""}","{""Status"": ""Under Investigation""}"
422,FIR,INSERT,125,2022-11-30 14:27:15,{},"{""Status"": ""Closed""}"
423,Accused,INSERT,70,2020-11-22 11:30:35,{},"{""Status"": ""Under Investigation""}"
424,Evidence,INSERT,8,2023-12-13 19:02:21,{},"{""Status"": ""Under Investigation""}"
425,Case_Status,UPDATE,173,2022-01-06 13:32:38,"{""Status"": ""Open""}","{""Status"": ""Closed""}"
426,FIR_Accused,INSERT,204,2023-08-24 07:01:27,{},"{""Status"": ""Closed""}"
427,FIR,INSERT,250,2019-08-29 10:08:26,{},"{""Status"": ""Under Investigation""}"
428,Complaint,INSERT,191,2020-09-06 05:21:01,{},"{""Status"": ""Under Investigation""}"
429,Case_Status,UPDATE,128,2023-04-08 13:07:06,"{""Status"": ""Under Investigation""}","{""Status"": ""Closed""}"
430,Complaint,INSERT,78,2021-01-07 19:43:45,{},"{""Status"": ""Under Investigation""}"
431,Evidence,INSERT,135,2021-12-31 11:47:41,{},"{""Status"": ""Under Investigation""}"
432,Case_Status,UPDATE,169,2021-04-24 10:00:27,"{""Status"": ""Open""}","{""Status"": ""Closed""}"
433,Evidence,INSERT,168,2021-10-26 02:08:19,{},"{""Status"": ""Closed""}"
434,FIR_Accused,INSERT,101,2022-03-05 10:26:48,{},"{""Status"": ""Under Investigation""}"
435,FIR,INSERT,258,2019-04-21 16:52:48,{},"{""Status"": ""Closed""}"
436,FIR,UPDATE,11,2021-03-18 03:39:29,"{""Status"": ""Open""}","{""Status"": ""Under Investigation""}"
437,Complaint,INSERT,223,2023-10-19 13:51:10,{},"{""Status"": ""Closed""}"
438,Complaint,INSERT,63,2023-09-22 07:22:32,{},"{""Status"": ""Closed""}"
439,Accused,INSERT,167,2020-02-07 03:38:19,{},"{""Status"": ""Under Investigation""}"
440,Case_Status,UPDATE,18,2022-05-31 21:17:34,"{""Status"": ""Under Investigation""}","{""Status"": ""Closed""}"
441,FIR_Accused,INSERT,173,2022-02-06 20:47:53,{},"{""Status"": ""Closed""}"
442,Case_Status,UPDATE,53,2023-04-17 15:51:49,"{""Status"": ""Open""}","{""Status"": ""Closed""}"
443,Suspects,INSERT,79,2023-06-05 06:05:10,{},"{""Status"": ""Under Investigation""}"
444,Complaint,INSERT,76,2020-08-08 01:30:03,{},"{""Status"": ""Closed""}"
445,FIR,INSERT,117,2020-03-25 04:36:34,{},"{""Status"": ""Closed""}"
446,FIR,UPDATE,150,2022-07-17 09:36:55,"{""Status"": ""Under Investigation""}","{""Status"": ""Under Investigation""}"
447,FIR_Accused,INSERT,144,2019-12-31 15:49:00,{},"{""Status"": ""Under Investigation""}"
448,Evidence,INSERT,236,2023-08-02 16:53:19,{},"{""Status"": ""Under Investigation""}"
449,Suspects,INSERT,53,2019-01-11 06:14:55,{},"{""Status"": ""Under Investigation""}"
450,Suspects,INSERT,172,2021-05-06 13:23:22,{},"{""Status"": ""Closed""}"
451,FIR,INSERT,252,2021-04-11 12:12:02,{},"{""Status"": ""Closed""}"
452,FIR_Accused,INSERT,230,2022-12-23 11:16:41,{},"{""Status"": ""Closed""}"
453,Suspects,INSERT,132,2020-02-04 01:41:03,{},"{""Status"": ""Under Investigation""}"
454,Evidence,INSERT,175,2023-08-27 11:46:34,{},"{""Status"": ""Under Investigation""}"
455,Evidence,INSERT,74,2021-03-10 13:41:35,{},"{""Status"": ""Under Investigation""}"
456,Evidence,INSERT,6,2022-09-15 05:54:43,{},"{""Status"": ""Under Investigation""}"
457,FIR_Accused,INSERT,115,2021-11-08 23:17:22,{},"{""Status"": ""Closed""}"
458,Accused,INSERT,93,2021-08-22 23:46:17,{},"{""Status"": ""Under Investigation""}"
459,Evidence,INSERT,149,2022-03-19 03:48:52,{},"{""Status"": ""Closed""}"
460,FIR_Accused,INSERT,216,2019-08-25 02:04:54,{},"{""Status"": ""Closed""}"
461,Accused,INSERT,167,2022-02-27 10:16:01,{},"{""Status"": ""Under Investigation""}"
462,FIR,INSERT,205,2019-03-22 14:33:49,{},"{""Status"": ""Under Investigation""}"
463,FIR,UPDATE,4,2019-05-26 08:40:11,"{""Status"": ""Under Investigation""}","{""Status"": ""Closed""}"
464,FIR_Accused,INSERT,111,2023-06-24 00:20:20,{},"{""Status"": ""Under Investigation""}"
465,Accused,INSERT,207,2019-02-25 23:15:21,{},"{""Status"": ""Closed""}"
466,FIR_Accused,INSERT,195,2021-10-30 22:48:20,{},"{""Status"": ""Under Investigation""}"
467,FIR_Accused,INSERT,32,2021-01-13 01:37:25,{},"{""Status"": ""Under Investigation""}"
468,Case_Status,UPDATE,100,2019-03-19 06:03:21,"{""Status"": ""Open""}","{""Status"": ""Closed""}"
469,FIR,INSERT,225,2019-10-14 02:27:45,{},"{""Status"": ""Under Investigation""}"
470,Accused,INSERT,4,2019-07-19 18:28:28,{},"{""Status"": ""Closed""}"
471,Suspects,INSERT,218,2019-02-23 14:53:02,{},"{""Status"": ""Closed""}"
472,FIR_Accused,INSERT,213,2022-01-08 11:23:00,{},"{""Status"": ""Under Investigation""}"
473,Evidence,INSERT,33,2021-03-05 22:27:59,{},"{""Status"": ""Under Investigation""}"
474,Case_Status,UPDATE,107,2022-10-23 13:41:15,"{""Status"": ""Open""}","{""Status"": ""Under Investigation""}"
475,FIR_Accused,INSERT,80,2023-06-12 01:16:13,{},"{""Status"": ""Under Investigation""}"
476,FIR_Accused,INSERT,29,2023-02-14 04:55:55,{},"{""Status"": ""Under Investigation""}"
477,Evidence,INSERT,130,2020-03-29 11:22:49,{},"{""Status"": ""Closed""}"
478,FIR_Accused,INSERT,58,2021-09-27 17:10:04,{},"{""Status"": ""Closed""}"
479,FIR,INSERT,273,2021-02-16 14:16:13,{},"{""Status"": ""Closed""}"
480,FIR,INSERT,174,2021-09-14 05:56:38,{},"{""Status"": ""Closed""}"
481,Suspects,INSERT,181,2020-04-03 21:36:12,{},"{""Status"": ""Under Investigation""}"
482,Case_Status,UPDATE,246,2020-09-29 11:34:32,"{""Status"": ""Open""}","{""Status"": ""Under Investigation""}"
483,Case_Status,UPDATE,29,2022-01-10 15:45:10,"{""Status"": ""Under Investigation""}","{""Status"": ""Closed""}"
484,Evidence,INSERT,65,2020-02-19 04:38:51,{},"{""Status"": ""Under Investigation""}"
485,Suspects,INSERT,29,2022-06-19 23:48:37,{},"{""Status"": ""Closed""}"
486,Suspects,INSERT,163,2023-06-22 19:34:14,{},"{""Status"": ""Under Investigation""}"
487,FIR_Accused,INSERT,71,2019-12-04 08:46:20,{},"{""Status"": ""Under Investigation""}"
488,Accused,INSERT,47,2020-06-27 15:00:03,{},"{""Status"": ""Under Investigation""}"
489,Accused,INSERT,87,2022-09-09 14:46:47,{},"{""Status"": ""Under Investigation""}"
490,FIR_Accused,INSERT,171,2020-04-06 15:22:41,{},"{""Status"": ""Closed""}"
491,Complaint,INSERT,119,2021-03-13 13:22:37,{},"{""Status"": ""Under Investigation""}"
492,FIR,UPDATE,17,2022-03-11 09:14:54,"{""Status"": ""Under Investigation""}","{""Status"": ""Closed""}"
493,Evidence,INSERT,48,2021-03-15 13:24:24,{},"{""Status"": ""Under Investigation""}"
494,FIR,UPDATE,212,2023-04-19 15:25:46,"{""Status"": ""Open""}","{""Status"": ""Under Investigation""}"
495,Suspects,INSERT,189,2020-03-13 04:25:48,{},"{""Status"": ""Closed""}"
496,FIR,UPDATE,184,2021-11-02 11:40:31,"{""Status"": ""Open""}","{""Status"": ""Closed""}"
497,FIR,UPDATE,145,2019-05-04 16:28:11,"{""Status"": ""Open""}","{""Status"": ""Under Investigation""}"
498,FIR,INSERT,122,2019-05-13 05:52:23,{},"{""Status"": ""Closed""}"
499,Case_Status,UPDATE,37,2020-03-27 20:58:37,"{""Status"": ""Open""}","{""Status"": ""Under Investigation""}"
500,FIR,UPDATE,228,2020-11-09 20:07:27,"{""Status"": ""Under Investigation""}","{""Status"": ""Under Investigation""}"
501,Suspects,INSERT,232,2019-12-04 04:57:58,{},"{""Status"": ""Closed""}"
502,FIR_Accused,INSERT,265,2022-03-08 07:17:04,{},"{""Status"": ""Closed""}"
503,Complaint,INSERT,129,2019-10-21 05:34:06,{},"{""Status"": ""Closed""}"
504,Suspects,INSERT,175,2023-06-06 07:08:24,{},"{""Status"": ""Closed""}"
505,FIR,UPDATE,11,2021-01-18 09:15:22,"{""Status"": ""Open""}","{""Status"": ""Closed""}"
506,FIR_Accused,INSERT,195,2019-09-23 07:01:07,{},"{""Status"": ""Closed""}"
507,FIR,UPDATE,88,2019-08-07 05:59:27,"{""Status"": ""Open""}","{""Status"": ""Closed""}"
508,Case_Status,UPDATE,147,2023-01-06 14:10:26,"{""Status"": ""Open""}","{""Status"": ""Closed""}"
509,Suspects,INSERT,117,2019-03-26 16:01:59,{},"{""Status"": ""Under Investigation""}"
510,Case_Status,UPDATE,122,2021-10-31 05:48:09,"{""Status"": ""Under Investigation""}","{""Status"": ""Closed""}"
511,FIR,INSERT,185,2019-04-08 16:01:25,{},"{""Status"": ""Closed""}"
512,FIR,INSERT,149,2021-04-29 18:32:25,{},"{""Status"": ""Under Investigation""}"
513,Accused,INSERT,243,2019-05-29 10:35:29,{},"{""Status"": ""Closed""}"
514,FIR_Accused,INSERT,228,2019-03-31 17:22:37,{},"{""Status"": ""Closed""}"
515,Accused,INSERT,30,2023-11-15 03:33:02,{},"{""Status"": ""Closed""}"
516,Accused,INSERT,186,2020-11-02 15:14:46,{},"{""Status"": ""Closed""}"
517,FIR,UPDATE,127,2019-10-31 04:59:17,"{""Status"": ""Under Investigation""}","{""Status"": ""Under Investigation""}"
518,FIR,INSERT,84,2019-06-10 10:19:00,{},"{""Status"": ""Closed""}"
519,FIR,UPDATE,13,2023-09-07 21:57:54,"{""Status"": ""Open""}","{""Status"": ""Closed""}"
520,Evidence,INSERT,270,2022-11-10 23:42:40,{},"{""Status"": ""Closed""}"
521,FIR,UPDATE,155,2019-07-30 02:09:23,"{""Status"": ""Under Investigation""}","{""Status"": ""Closed""}"
522,Evidence,INSERT,206,2019-06-24 07:52:47,{},"{""Status"": ""Under Investigation""}"
523,Case_Status,UPDATE,255,2020-11-18 02:48:37,"{""Status"": ""Open""}","{""Status"": ""Closed""}"
524,FIR_Accused,INSERT,142,2022-05-25 21:10:18,{},"{""Status"": ""Under Investigation""}"
525,Accused,INSERT,213,2022-06-28 19:00:03,{},"{""Status"": ""Under Investigation""}"
526,FIR,INSERT,58,2019-05-14 03:51:31,{},"{""Status"": ""Under Investigation""}"
527,Case_Status,UPDATE,251,2023-07-31 07:17:30,"{""Status"": ""Under Investigation""}","{""Status"": ""Under Investigation""}"
528,Complaint,INSERT,194,2020-02-21 01:21:07,{},"{""Status"": ""Under Investigation""}"
529,Evidence,INSERT,183,2020-03-11 00:28:10,{},"{""Status"": ""Under Investigation""}"
530,FIR_Accused,INSERT,83,2019-08-19 09:39:41,{},"{""Status"": ""Under Investigation""}"
531,Complaint,INSERT,250,2022-01-18 22:25:35,{},"{""Status"": ""Under Investigation""}"
532,Evidence,INSERT,9,2023-05-31 12:40:28,{},"{""Status"": ""Closed""}"
533,Case_Status,UPDATE,202,2020-02-06 07:27:07,"{""Status"": ""Open""}","{""Status"": ""Closed""}"
534,Complaint,INSERT,159,2020-10-09 12:45:01,{},"{""Status"": ""Closed""}"
535,Suspects,INSERT,107,2020-07-21 06:29:04,{},"{""Status"": ""Closed""}"
536,FIR,UPDATE,41,2020-09-03 20:12:41,"{""Status"": ""Under Investigation""}","{""Status"": ""Closed""}"
537,Case_Status,UPDATE,180,2020-11-29 16:32:40,"{""Status"": ""Open""}","{""Status"": ""Under Investigation""}"
538,Accused,INSERT,145,2022-10-05 20:41:09,{},"{""Status"": ""Under Investigation""}"
539,Suspects,INSERT,121,2019-11-23 16:46:47,{},"{""Status"": ""Under Investigation""}"
540,FIR,UPDATE,178,2019-09-02 14:07:11,"{""Status"": ""Open""}","{""Status"": ""Closed""}"
541,FIR,INSERT,168,2021-01-02 03:46:41,{},"{""Status"": ""Closed""}"
542,FIR_Accused,INSERT,195,2022-01-04 01:18:57,{},"{""Status"": ""Closed""}"
543,Evidence,INSERT,214,2021-10-16 15:56:41,{},"{""Status"": ""Closed""}"
544,FIR,INSERT,162,2023-02-08 19:43:36,{},"{""Status"": ""Closed""}"
545,Case_Status,UPDATE,25,2020-12-31 12:41:28,"{""Status"": ""Open""}","{""Status"": ""Closed""}"
546,Case_Status,UPDATE,59,2021-04-15 18:22:24,"{""Status"": ""Under Investigation""}","{""Status"": ""Under Investigation""}"
547,Suspects,INSERT,14,2019-10-07 00:57:00,{},"{""Status"": ""Under Investigation""}"
548,FIR,INSERT,5,2023-10-04 15:25:05,{},"{""Status"": ""Under Investigation""}"
549,FIR,INSERT,107,2020-06-01 20:18:04,{},"{""Status"": ""Closed""}"
550,FIR,UPDATE,28,2019-07-30 22:01:04,"{""Status"": ""Open""}","{""Status"": ""Closed""}"
551,FIR,INSERT,104,2020-07-25 06:10:25,{},"{""Status"": ""Under Investigation""}"
552,FIR,INSERT,151,2022-02-01 22:25:55,{},"{""Status"": ""Closed""}"
553,Complaint,INSERT,137,2019-10-03 19:02:44,{},"{""Status"": ""Closed""}"
554,Complaint,INSERT,125,2020-08-15 15:56:49,{},"{""Status"": ""Under Investigation""}"
555,FIR_Accused,INSERT,123,2020-12-24 07:28:18,{},"{""Status"": ""Under Investigation""}"
556,Complaint,INSERT,50,2020-04-08 15:35:05,{},"{""Status"": ""Closed""}"
557,FIR_Accused,INSERT,249,2021-01-24 19:37:23,{},"{""Status"": ""Closed""}"
558,FIR,UPDATE,230,2023-09-07 05:52:08,"{""Status"": ""Open""}","{""Status"": ""Closed""}"
559,Case_Status,UPDATE,246,2022-04-07 10:58:01,"{""Status"": ""Open""}","{""Status"": ""Closed""}"
560,Complaint,INSERT,158,2021-04-21 01:36:06,{},"{""Status"": ""Closed""}"
561,Suspects,INSERT,87,2019-08-07 22:30:09,{},"{""Status"": ""Under Investigation""}"
562,FIR,UPDATE,159,2023-12-15 10:28:30,"{""Status"": ""Open""}","{""Status"": ""Under Investigation""}"
563,FIR,UPDATE,95,2019-10-12 21:27:48,"{""Status"": ""Open""}","{""Status"": ""Under Investigation""}"
564,Accused,INSERT,102,2021-08-12 10:57:36,{},"{""Status"": ""Closed""}"
565,Evidence,INSERT,188,2020-09-21 16:03:10,{},"{""Status"": ""Closed""}"
566,Evidence,INSERT,228,2019-12-28 10:52:44,{},"{""Status"": ""Under Investigation""}"
567,Complaint,INSERT,152,2019-01-27 16:10:34,{},"{""Status"": ""Under Investigation""}"
568,Accused,INSERT,34,2021-10-22 06:38:55,{},"{""Status"": ""Under Investigation""}"
569,Evidence,INSERT,91,2021-04-29 01:35:49,{},"{""Status"": ""Under Investigation""}"
570,FIR_Accused,INSERT,235,2020-09-06 07:57:36,{},"{""Status"": ""Closed""}"
571,Suspects,INSERT,115,2019-03-25 07:22:59,{},"{""Status"": ""Under Investigation""}"
572,Evidence,INSERT,225,2023-12-21 17:29:35,{},"{""Status"": ""Under Investigation""}"
573,Case_Status,UPDATE,231,2023-10-30 03:10:58,"{""Status"": ""Under Investigation""}","{""Status"": ""Closed""}"
574,FIR,INSERT,7,2023-07-07 10:47:36,{},"{""Status"": ""Under Investigation""}"
575,Suspects,INSERT,210,2023-04-07 11:09:52,{},"{""Status"": ""Under Investigation""}"
576,Evidence,INSERT,130,2021-01-22 20:19:36,{},"{""Status"": ""Closed""}"
577,FIR,UPDATE,107,2020-10-08 22:15:55,"{""Status"": ""Under Investigation""}","{""Status"": ""Closed""}"
578,Suspects,INSERT,30,2019-09-13 09:09:14,{},"{""Status"": ""Under Investigation""}"
579,Evidence,INSERT,187,2021-12-22 04:56:44,{},"{""Status"": ""Under Investigation""}"
580,FIR,UPDATE,57,2019-03-10 06:35:35,"{""Status"": ""Open""}","{""Status"": ""Closed""}"
581,FIR_Accused,INSERT,97,2019-01-20 23:17:10,{},"{""Status"": ""Closed""}"
582,FIR_Accused,INSERT,78,2022-09-23 01:51:43,{},"{""Status"": ""Closed""}"
583,FIR,INSERT,166,2022-02-01 02:41:01,{},"{""Status"": ""Closed""}"
584,Suspects,INSERT,249,2019-05-02 03:11:38,{},"{""Status"": ""Closed""}"
585,Suspects,INSERT,192,2021-05-14 21:49:33,{},"{""Status"": ""Closed""}"
586,FIR,UPDATE,218,2020-11-30 07:57:10,"{""Status"": ""Under Investigation""}","{""Status"": ""Under Investigation""}"
587,Suspects,INSERT,118,2019-07-26 21:41:14,{},"{""Status"": ""Closed""}"
588,Evidence,INSERT,203,2023-03-01 07:28:57,{},"{""Status"": ""Closed""}"
589,Case_Status,UPDATE,242,2023-01-27 01:59:59,"{""Status"": ""Open""}","{""Status"": ""Closed""}"
590,Complaint,INSERT,59,2022-08-23 08:17:11,{},"{""Status"": ""Under Investigation""}"
591,Accused,INSERT,127,2021-11-17 13:09:04,{},"{""Status"": ""Under Investigation""}"
592,FIR_Accused,INSERT,242,2022-12-22 11:16:40,{},"{""Status"": ""Under Investigation""}"
593,Evidence,INSERT,89,2020-03-11 03:41:36,{},"{""Status"": ""Under Investigation""}"
594,Accused,INSERT,7,2023-11-17 05:48:34,{},"{""Status"": ""Closed""}"
595,Complaint,INSERT,212,2021-11-03 10:02:18,{},"{""Status"": ""Closed""}"
596,Evidence,INSERT,195,2023-05-08 20:24:21,{},"{""Status"": ""Under Investigation""}"
597,Complaint,INSERT,189,2019-06-03 11:19:40,{},"{""Status"": ""Under Investigation""}"
598,Complaint,INSERT,94,2019-10-14 09:59:11,{},"{""Status"": ""Under Investigation""}"
599,Case_Status,UPDATE,76,2021-09-14 17:39:26,"{""Status"": ""Under Investigation""}","{""Status"": ""Under Investigation""}"
600,Case_Status,UPDATE,131,2022-07-07 03:26:10,"{""Status"": ""Under Investigation""}","{""Status"": ""Under Investigation""}"
601,FIR,INSERT,94,2022-05-27 07:06:44,{},"{""Status"": ""Closed""}"
602,FIR,INSERT,76,2020-03-07 11:14:07,{},"{""Status"": ""Closed""}"
603,Suspects,INSERT,121,2020-06-22 05:53:44,{},"{""Status"": ""Closed""}"
604,FIR,INSERT,235,2022-09-26 04:56:48,{},"{""Status"": ""Under Investigation""}"
605,Accused,INSERT,188,2021-06-24 11:29:06,{},"{""Status"": ""Under Investigation""}"
606,FIR,UPDATE,213,2020-11-02 22:03:55,"{""Status"": ""Under Investigation""}","{""Status"": ""Closed""}"
607,FIR,INSERT,274,2021-01-21 12:57:59,{},"{""Status"": ""Under Investigation""}"
608,FIR_Accused,INSERT,192,2023-09-08 14:56:44,{},"{""Status"": ""Under Investigation""}"
609,FIR_Accused,INSERT,70,2022-09-21 02:52:43,{},"{""Status"": ""Under Investigation""}"
610,Complaint,INSERT,174,2021-09-27 23:58:51,{},"{""Status"": ""Closed""}"
611,FIR,INSERT,251,2023-11-14 13:11:04,{},"{""Status"": ""Closed""}"
612,Evidence,INSERT,223,2022-11-03 06:51:50,{},"{""Status"": ""Under Investigation""}"
613,FIR,INSERT,166,2020-12-28 06:09:10,{},"{""Status"": ""Under Investigation""}"
614,Complaint,INSERT,127,2020-10-11 09:07:57,{},"{""Status"": ""Under Investigation""}"
615,Case_Status,UPDATE,115,2019-09-04 17:08:08,"{""Status"": ""Under Investigation""}","{""Status"": ""Closed""}"
616,FIR,UPDATE,5,2020-10-03 21:21:31,"{""Status"": ""Under Investigation""}","{""Status"": ""Closed""}"
617,FIR,UPDATE,76,2021-12-06 03:29:40,"{""Status"": ""Under Investigation""}","{""Status"": ""Closed""}"
618,FIR_Accused,INSERT,8,2022-11-06 14:27:07,{},"{""Status"": ""Under Investigation""}"
619,Evidence,INSERT,95,2020-08-18 18:06:17,{},"{""Status"": ""Under Investigation""}"
620,Complaint,INSERT,40,2022-02-04 04:34:21,{},"{""Status"": ""Under Investigation""}"
621,FIR_Accused,INSERT,238,2020-12-13 12:49:26,{},"{""Status"": ""Closed""}"
622,FIR_Accused,INSERT,161,2020-01-25 03:07:04,{},"{""Status"": ""Under Investigation""}"
623,FIR_Accused,INSERT,101,2022-03-11 14:06:18,{},"{""Status"": ""Closed""}"
624,Evidence,INSERT,66,2023-11-18 06:51:08,{},"{""Status"": ""Closed""}"
625,Suspects,INSERT,109,2023-08-21 08:33:22,{},"{""Status"": ""Closed""}"
626,Accused,INSERT,266,2022-05-19 01:51:42,{},"{""Status"": ""Closed""}"
627,Case_Status,UPDATE,32,2021-04-02 10:05:43,"{""Status"": ""Open""}","{""Status"": ""Closed""}"
628,FIR,UPDATE,30,2019-06-27 00:14:56,"{""Status"": ""Open""}","{""Status"": ""Under Investigation""}"
629,Accused,INSERT,112,2020-07-13 15:52:40,{},"{""Status"": ""Under Investigation""}"
630,FIR,INSERT,156,2022-11-11 07:22:32,{},"{""Status"": ""Under Investigation""}"
631,Complaint,INSERT,162,2022-04-20 01:33:18,{},"{""Status"": ""Closed""}"
632,Accused,INSERT,90,2023-10-24 18:34:32,{},"{""Status"": ""Under Investigation""}"
633,Evidence,INSERT,83,2023-08-22 21:48:20,{},"{""Status"": ""Closed""}"
634,Complaint,INSERT,55,2021-04-01 15:27:01,{},"{""Status"": ""Closed""}"
635,Accused,INSERT,111,2019-11-10 09:38:01,{},"{""Status"": ""Closed""}"
636,Accused,INSERT,114,2022-10-07 02:37:59,{},"{""Status"": ""Under Investigation""}"
637,Suspects,INSERT,168,2022-12-18 03:30:40,{},"{""Status"": ""Closed""}"
638,FIR,INSERT,166,2021-07-21 10:52:58,{},"{""Status"": ""Under Investigation""}"
639,Accused,INSERT,197,2022-01-15 15:29:14,{},"{""Status"": ""Under Investigation""}"
640,Evidence,INSERT,155,2023-04-06 22:56:33,{},"{""Status"": ""Closed""}"
641,Accused,INSERT,1,2019-03-15 08:58:06,{},"{""Status"": ""Closed""}"
642,Evidence,INSERT,44,2021-12-18 03:38:28,{},"{""Status"": ""Closed""}"
643,Accused,INSERT,236,2023-12-15 06:49:31,{},"{""Status"": ""Under Investigation""}"
644,FIR,INSERT,51,2021-08-14 13:53:26,{},"{""Status"": ""Closed""}"
645,Suspects,INSERT,267,2022-12-27 23:22:16,{},"{""Status"": ""Under Investigation""}"
646,Evidence,INSERT,148,2022-07-23 15:48:44,{},"{""Status"": ""Under Investigation""}"
647,FIR,INSERT,224,2019-10-23 10:33:17,{},"{""Status"": ""Closed""}"
648,Accused,INSERT,260,2023-04-20 11:06:40,{},"{""Status"": ""Under Investigation""}"
649,FIR,INSERT,93,2023-03-25 10:33:02,{},"{""Status"": ""Closed""}"
650,Evidence,INSERT,60,2022-11-13 12:57:58,{},"{""Status"": ""Under Investigation""}"
651,Accused,INSERT,6,2019-11-22 01:17:24,{},"{""Status"": ""Closed""}"
652,FIR_Accused,INSERT,66,2023-01-24 04:36:34,{},"{""Status"": ""Under Investigation""}"
653,Evidence,INSERT,220,2019-06-26 07:40:56,{},"{""Status"": ""Closed""}"
654,FIR,INSERT,251,2021-08-03 21:10:06,{},"{""Status"": ""Under Investigation""}"
655,Case_Status,UPDATE,49,2020-08-05 01:01:03,"{""Status"": ""Open""}","{""Status"": ""Under Investigation""}"
656,Case_Status,UPDATE,147,2022-05-04 09:39:47,"{""Status"": ""Open""}","{""Status"": ""Under Investigation""}"
657,Suspects,INSERT,255,2023-08-01 06:26:21,{},"{""Status"": ""Closed""}"
658,FIR,UPDATE,7,2023-08-20 02:55:19,"{""Status"": ""Open""}","{""Status"": ""Under Investigation""}"
659,Case_Status,UPDATE,92,2021-08-22 22:22:15,"{""Status"": ""Open""}","{""Status"": ""Closed""}"
660,Suspects,INSERT,82,2020-12-29 13:00:05,{},"{""Status"": ""Closed""}"
661,FIR_Accused,INSERT,193,2019-03-17 16:32:33,{},"{""Status"": ""Closed""}"
662,Case_Status,UPDATE,145,2020-07-01 23:29:31,"{""Status"": ""Open""}","{""Status"": ""Closed""}"
663,FIR,UPDATE,81,2020-05-27 13:04:41,"{""Status"": ""Open""}","{""Status"": ""Closed""}"
664,FIR,INSERT,95,2021-05-07 02:04:35,{},"{""Status"": ""Under Investigation""}"
665,Evidence,INSERT,256,2023-08-12 15:53:26,{},"{""Status"": ""Closed""}"
666,FIR,INSERT,253,2022-04-17 14:58:47,{},"{""Status"": ""Under Investigation""}"
667,FIR_Accused,INSERT,267,2022-12-15 07:17:17,{},"{""Status"": ""Under Investigation""}"
668,Complaint,INSERT,65,2023-04-21 21:46:47,{},"{""Status"": ""Under Investigation""}"
669,Complaint,INSERT,116,2022-03-25 16:13:09,{},"{""Status"": ""Closed""}"
670,FIR,INSERT,188,2020-09-15 10:43:12,{},"{""Status"": ""Closed""}"
671,Suspects,INSERT,60,2019-01-02 16:49:08,{},"{""Status"": ""Closed""}"
672,Complaint,INSERT,194,2021-09-23 16:04:21,{},"{""Status"": ""Closed""}"
673,FIR,UPDATE,191,2019-07-16 04:43:45,"{""Status"": ""Open""}","{""Status"": ""Closed""}"
674,Accused,INSERT,26,2021-06-07 00:06:34,{},"{""Status"": ""Under Investigation""}"
675,Accused,INSERT,201,2021-08-17 05:36:57,{},"{""Status"": ""Closed""}"
676,Accused,INSERT,200,2023-05-23 12:55:40,{},"{""Status"": ""Closed""}"
677,FIR_Accused,INSERT,96,2019-08-04 15:27:06,{},"{""Status"": ""Under Investigation""}"
678,FIR_Accused,INSERT,43,2020-04-30 08:47:33,{},"{""Status"": ""Closed""}"
679,Case_Status,UPDATE,157,2020-03-30 07:24:08,"{""Status"": ""Open""}","{""Status"": ""Under Investigation""}"
680,FIR,INSERT,256,2020-03-12 17:41:57,{},"{""Status"": ""Under Investigation""}"
681,FIR,UPDATE,264,2022-01-27 16:22:19,"{""Status"": ""Under Investigation""}","{""Status"": ""Under Investigation""}"
682,Evidence,INSERT,2,2019-01-21 04:45:55,{},"{""Status"": ""Under Investigation""}"
683,Accused,INSERT,150,2022-05-22 22:59:15,{},"{""Status"": ""Under Investigation""}"
684,Complaint,INSERT,131,2019-10-02 06:58:21,{},"{""Status"": ""Closed""}"
685,Evidence,INSERT,152,2020-08-14 06:20:07,{},"{""Status"": ""Under Investigation""}"
686,Complaint,INSERT,99,2022-06-25 07:53:18,{},"{""Status"": ""Closed""}"
687,FIR,UPDATE,267,2022-06-21 07:59:42,"{""Status"": ""Under Investigation""}","{""Status"": ""Under Investigation""}"
688,Suspects,INSERT,4,2022-05-05 00:08:27,{},"{""Status"": ""Under Investigation""}"
689,FIR,INSERT,168,2022-11-25 18:08:48,{},"{""Status"": ""Under Investigation""}"
690,FIR_Accused,INSERT,240,2022-12-15 11:01:13,{},"{""Status"": ""Under Investigation""}"
691,Accused,INSERT,256,2021-09-06 16:36:34,{},"{""Status"": ""Closed""}"
692,Complaint,INSERT,250,2021-11-03 22:57:41,{},"{""Status"": ""Under Investigation""}"
693,FIR_Accused,INSERT,195,2021-01-29 16:29:28,{},"{""Status"": ""Closed""}"
694,Evidence,INSERT,158,2020-05-13 06:55:07,{},"{""Status"": ""Closed""}"
695,Accused,INSERT,228,2022-04-24 02:21:22,{},"{""Status"": ""Under Investigation""}"
696,Suspects,INSERT,120,2020-12-13 07:02:17,{},"{""Status"": ""Closed""}"
697,Suspects,INSERT,238,2022-12-01 08:22:44,{},"{""Status"": ""Closed""}"
698,FIR,UPDATE,96,2023-10-22 14:19:54,"{""Status"": ""Open""}","{""Status"": ""Under Investigation""}"
699,FIR,UPDATE,214,2023-01-21 08:30:41,"{""Status"": ""Under Investigation""}","{""Status"": ""Under Investigation""}"
700,FIR,INSERT,13,2022-02-17 08:43:17,{},"{""Status"": ""Under Investigation""}"
701,FIR_Accused,INSERT,212,2019-02-22 19:24:06,{},"{""Status"": ""Closed""}"
702,Suspects,INSERT,17,2023-09-01 17:16:28,{},"{""Status"": ""Under Investigation""}"
703,FIR,INSERT,216,2020-11-01 05:34:42,{},"{""Status"": ""Under Investigation""}"
704,Accused,INSERT,195,2020-07-03 14:09:35,{},"{""Status"": ""Under Investigation""}"
705,Case_Status,UPDATE,261,2019-09-17 14:57:15,"{""Status"": ""Under Investigation""}","{""Status"": ""Under Investigation""}"
706,Complaint,INSERT,125,2022-05-19 08:40:21,{},"{""Status"": ""Closed""}"
707,FIR,UPDATE,160,2019-10-13 11:53:55,"{""Status"": ""Open""}","{""Status"": ""Under Investigation""}"
708,Complaint,INSERT,234,2020-09-23 20:47:18,{},"{""Status"": ""Under Investigation""}"
709,Complaint,INSERT,219,2019-05-21 06:36:33,{},"{""Status"": ""Under Investigation""}"
710,Evidence,INSERT,92,2022-12-29 19:40:34,{},"{""Status"": ""Under Investigation""}"
711,FIR,UPDATE,114,2020-09-23 12:46:04,"{""Status"": ""Open""}","{""Status"": ""Under Investigation""}"
712,FIR,UPDATE,170,2019-09-13 12:02:01,"{""Status"": ""Open""}","{""Status"": ""Under Investigation""}"
713,Evidence,INSERT,252,2020-02-04 18:45:16,{},"{""Status"": ""Under Investigation""}"
714,FIR_Accused,INSERT,267,2022-01-23 00:17:56,{},"{""Status"": ""Under Investigation""}"
715,Evidence,INSERT,198,2022-12-17 14:44:48,{},"{""Status"": ""Closed""}"
716,Suspects,INSERT,178,2020-07-20 23:42:54,{},"{""Status"": ""Closed""}"
717,Evidence,INSERT,243,2022-11-17 05:11:46,{},"{""Status"": ""Closed""}"
718,FIR,INSERT,157,2020-11-04 08:09:12,{},"{""Status"": ""Under Investigation""}"
719,FIR_Accused,INSERT,56,2019-04-05 15:55:04,{},"{""Status"": ""Under Investigation""}"
720,Accused,INSERT,162,2020-05-12 07:28:32,{},"{""Status"": ""Under Investigation""}"
721,FIR,INSERT,166,2019-03-18 09:38:02,{},"{""Status"": ""Closed""}"
722,FIR,UPDATE,258,2019-07-30 13:02:14,"{""Status"": ""Open""}","{""Status"": ""Closed""}"
723,Complaint,INSERT,62,2020-02-02 06:24:26,{},"{""Status"": ""Closed""}"
724,FIR,INSERT,82,2022-10-04 12:12:48,{},"{""Status"": ""Closed""}"
725,FIR,UPDATE,192,2020-12-14 12:35:38,"{""Status"": ""Under Investigation""}","{""Status"": ""Closed""}"
726,FIR,UPDATE,242,2022-06-08 04:51:08,"{""Status"": ""Under Investigation""}","{""Status"": ""Closed""}"
727,FIR_Accused,INSERT,132,2019-05-31 01:04:14,{},"{""Status"": ""Under Investigation""}"
728,Case_Status,UPDATE,192,2021-03-30 09:10:00,"{""Status"": ""Under Investigation""}","{""Status"": ""Under Investigation""}"
729,Evidence,INSERT,105,2022-10-20 12:27:50,{},"{""Status"": ""Under Investigation""}"
730,Complaint,INSERT,80,2019-05-09 08:51:03,{},"{""Status"": ""Under Investigation""}"
731,FIR_Accused,INSERT,211,2019-07-21 18:30:21,{},"{""Status"": ""Under Investigation""}"
732,Accused,INSERT,209,2022-06-26 04:56:29,{},"{""Status"": ""Closed""}"
733,FIR,INSERT,253,2022-06-26 05:01:20,{},"{""Status"": ""Closed""}"
734,Evidence,INSERT,171,2023-05-17 23:30:49,{},"{""Status"": ""Under Investigation""}"
735,Evidence,INSERT,270,2022-07-31 04:03:04,{},"{""Status"": ""Under Investigation""}"
736,FIR_Accused,INSERT,185,2021-07-09 12:07:39,{},"{""Status"": ""Closed""}"
737,FIR_Accused,INSERT,150,2019-02-20 15:29:15,{},"{""Status"": ""Under Investigation""}"
738,Suspects,INSERT,105,2020-10-14 21:13:24,{},"{""Status"": ""Under Investigation""}"
739,FIR_Accused,INSERT,33,2020-02-04 00:41:08,{},"{""Status"": ""Under Investigation""}"
740,Accused,INSERT,245,2023-01-20 11:14:45,{},"{""Status"": ""Closed""}"
741,Suspects,INSERT,210,2021-06-15 19:57:14,{},"{""Status"": ""Closed""}"
742,FIR,INSERT,247,2019-03-23 03:11:40,{},"{""Status"": ""Closed""}"
743,Accused,INSERT,42,2022-10-04 23:46:14,{},"{""Status"": ""Under Investigation""}"
744,FIR,INSERT,43,2021-10-01 20:40:43,{},"{""Status"": ""Under Investigation""}"
745,FIR_Accused,INSERT,55,2021-08-20 00:42:09,{},"{""Status"": ""Closed""}"
746,FIR,UPDATE,45,2023-11-21 17:28:35,"{""Status"": ""Open""}","{""Status"": ""Under Investigation""}"
747,Accused,INSERT,171,2020-04-20 05:56:56,{},"{""Status"": ""Under Investigation""}"
748,Complaint,INSERT,226,2022-02-16 16:24:44,{},"{""Status"": ""Closed""}"
749,FIR,UPDATE,131,2020-02-25 19:35:53,"{""Status"": ""Under Investigation""}","{""Status"": ""Under Investigation""}"
750,FIR_Accused,INSERT,198,2022-11-18 18:26:02,{},"{""Status"": ""Closed""}"
751,FIR_Accused,INSERT,39,2022-12-05 09:12:13,{},"{""Status"": ""Under Investigation""}"
752,Accused,INSERT,102,2020-07-04 13:35:46,{},"{""Status"": ""Under Investigation""}"
753,Case_Status,UPDATE,106,2021-09-05 21:49:09,"{""Status"": ""Open""}","{""Status"": ""Closed""}"
754,FIR,UPDATE,58,2022-07-26 01:52:36,"{""Status"": ""Under Investigation""}","{""Status"": ""Under Investigation""}"
755,Suspects,INSERT,26,2023-08-12 00:48:42,{},"{""Status"": ""Closed""}"
756,FIR,UPDATE,10,2021-02-05 21:51:05,"{""Status"": ""Under Investigation""}","{""Status"": ""Under Investigation""}"
757,Suspects,INSERT,102,2020-03-03 23:07:51,{},"{""Status"": ""Under Investigation""}"
758,Accused,INSERT,237,2023-08-12 16:44:57,{},"{""Status"": ""Closed""}"
759,Complaint,INSERT,64,2023-12-11 11:31:10,{},"{""Status"": ""Under Investigation""}"
760,Accused,INSERT,151,2022-08-27 02:35:27,{},"{""Status"": ""Under Investigation""}"
761,FIR,UPDATE,82,2021-09-16 21:45:13,"{""Status"": ""Under Investigation""}","{""Status"": ""Under Investigation""}"
762,Case_Status,UPDATE,140,2021-06-04 16:58:25,"{""Status"": ""Under Investigation""}","{""Status"": ""Under Investigation""}"
763,Evidence,INSERT,216,2021-08-01 20:53:56,{},"{""Status"": ""Under Investigation""}"
764,Complaint,INSERT,205,2022-07-01 14:57:36,{},"{""Status"": ""Closed""}"
765,FIR,UPDATE,184,2020-07-18 12:09:06,"{""Status"": ""Under Investigation""}","{""Status"": ""Closed""}"
766,FIR,UPDATE,127,2021-10-09 15:14:47,"{""Status"": ""Under Investigation""}","{""Status"": ""Closed""}"
767,FIR_Accused,INSERT,263,2021-06-25 17:22:51,{},"{""Status"": ""Under Investigation""}"
768,Suspects,INSERT,275,2020-01-31 01:44:28,{},"{""Status"": ""Closed""}"
769,Complaint,INSERT,242,2022-05-29 21:28:22,{},"{""Status"": ""Under Investigation""}"
770,Evidence,INSERT,254,2019-02-05 23:58:01,{},"{""Status"": ""Under Investigation""}"
771,Suspects,INSERT,268,2019-06-22 23:25:20,{},"{""Status"": ""Under Investigation""}"
772,Complaint,INSERT,178,2020-06-13 05:39:30,{},"{""Status"": ""Closed""}"
773,Suspects,INSERT,208,2023-06-20 07:43:46,{},"{""Status"": ""Under Investigation""}"
774,FIR,UPDATE,165,2023-07-02 15:20:52,"{""Status"": ""Under Investigation""}","{""Status"": ""Closed""}"
775,FIR,UPDATE,22,2020-05-24 06:30:57,"{""Status"": ""Open""}","{""Status"": ""Under Investigation""}"
776,FIR_Accused,INSERT,83,2021-01-20 05:26:17,{},"{""Status"": ""Closed""}"
777,FIR,INSERT,115,2019-11-24 20:05:08,{},"{""Status"": ""Under Investigation""}"
778,FIR,UPDATE,9,2020-09-27 09:14:28,"{""Status"": ""Open""}","{""Status"": ""Under Investigation""}"
779,FIR,INSERT,61,2023-06-17 14:14:51,{},"{""Status"": ""Closed""}"
780,Suspects,INSERT,14,2021-09-24 20:14:16,{},"{""Status"": ""Under Investigation""}"
781,FIR_Accused,INSERT,40,2019-01-07 21:31:17,{},"{""Status"": ""Under Investigation""}"
782,Suspects,INSERT,25,2022-11-25 14:51:21,{},"{""Status"": ""Under Investigation""}"
783,Evidence,INSERT,70,2022-02-24 18:12:30,{},"{""Status"": ""Closed""}"
784,Complaint,INSERT,100,2023-09-15 02:03:45,{},"{""Status"": ""Under Investigation""}"
785,Accused,INSERT,181,2021-06-08 08:03:57,{},"{""Status"": ""Under Investigation""}"
786,Complaint,INSERT,211,2023-02-19 10:54:57,{},"{""Status"": ""Closed""}"
787,FIR,INSERT,171,2020-11-03 22:40:37,{},"{""Status"": ""Under Investigation""}"
788,Case_Status,UPDATE,147,2019-02-20 02:51:10,"{""Status"": ""Open""}","{""Status"": ""Closed""}"
789,FIR,INSERT,161,2021-03-07 23:39:03,{},"{""Status"": ""Under Investigation""}"
790,Evidence,INSERT,34,2021-04-03 17:35:56,{},"{""Status"": ""Closed""}"
791,Evidence,INSERT,245,2019-10-01 21:25:47,{},"{""Status"": ""Closed""}"
792,FIR,INSERT,197,2022-07-12 23:49:01,{},"{""Status"": ""Closed""}"
793,FIR,INSERT,14,2019-02-06 01:54:08,{},"{""Status"": ""Under Investigation""}"
794,Evidence,INSERT,255,2019-05-06 03:34:00,{},"{""Status"": ""Under Investigation""}"
795,FIR_Accused,INSERT,69,2022-06-27 13:55:16,{},"{""Status"": ""Under Investigation""}"
796,FIR,UPDATE,152,2023-01-18 23:35:04,"{""Status"": ""Open""}","{""Status"": ""Closed""}"
797,Complaint,INSERT,13,2019-02-16 09:55:06,{},"{""Status"": ""Under Investigation""}"
798,Case_Status,UPDATE,230,2019-02-17 10:40:53,"{""Status"": ""Under Investigation""}","{""Status"": ""Under Investigation""}"
799,FIR,UPDATE,65,2020-11-19 08:24:37,"{""Status"": ""Under Investigation""}","{""Status"": ""Closed""}"
800,FIR,UPDATE,208,2021-06-04 19:01:08,"{""Status"": ""Open""}","{""Status"": ""Under Investigation""}"
801,FIR,UPDATE,220,2020-11-13 04:22:27,"{""Status"": ""Under Investigation""}","{""Status"": ""Closed""}"
802,Complaint,INSERT,181,2021-08-01 04:09:42,{},"{""Status"": ""Under Investigation""}"
803,Accused,INSERT,200,2022-07-07 21:56:34,{},"{""Status"": ""Under Investigation""}"
804,FIR,INSERT,46,2022-06-26 14:11:30,{},"{""Status"": ""Under Investigation""}"
805,FIR,INSERT,232,2022-06-22 17:13:37,{},"{""Status"": ""Closed""}"
806,FIR_Accused,INSERT,159,2019-03-23 10:17:57,{},"{""Status"": ""Under Investigation""}"
807,FIR,UPDATE,20,2023-05-06 22:03:29,"{""Status"": ""Under Investigation""}","{""Status"": ""Closed""}"
808,Suspects,INSERT,184,2020-01-24 18:08:32,{},"{""Status"": ""Under Investigation""}"
809,Evidence,INSERT,27,2020-09-07 01:33:51,{},"{""Status"": ""Under Investigation""}"
810,Accused,INSERT,72,2020-02-22 14:48:30,{},"{""Status"": ""Under Investigation""}"
811,Accused,INSERT,222,2020-08-15 12:09:15,{},"{""Status"": ""Under Investigation""}"
812,Suspects,INSERT,91,2019-01-19 14:57:11,{},"{""Status"": ""Closed""}"
813,FIR,UPDATE,51,2020-03-07 11:28:02,"{""Status"": ""Under Investigation""}","{""Status"": ""Closed""}"
814,Case_Status,UPDATE,132,2019-01-26 14:24:16,"{""Status"": ""Under Investigation""}","{""Status"": ""Closed""}"
815,Evidence,INSERT,17,2020-07-23 08:33:02,{},"{""Status"": ""Closed""}"
816,FIR,UPDATE,273,2022-11-14 20:45:31,"{""Status"": ""Under Investigation""}","{""Status"": ""Under Investigation""}"
817,Complaint,INSERT,52,2019-05-22 11:08:22,{},"{""Status"": ""Under Investigation""}"
818,Evidence,INSERT,275,2022-03-31 20:06:01,{},"{""Status"": ""Closed""}"
819,Complaint,INSERT,137,2021-07-09 21:28:29,{},"{""Status"": ""Closed""}"
820,FIR_Accused,INSERT,155,2020-03-29 23:58:54,{},"{""Status"": ""Under Investigation""}"
821,Evidence,INSERT,230,2022-01-28 14:33:13,{},"{""Status"": ""Under Investigation""}"
822,FIR,INSERT,160,2023-02-05 16:26:26,{},"{""Status"": ""Closed""}"
823,Complaint,INSERT,94,2023-08-26 20:47:54,{},"{""Status"": ""Under Investigation""}"
824,FIR,INSERT,180,2021-02-02 07:47:43,{},"{""Status"": ""Under Investigation""}"
825,Case_Status,UPDATE,141,2023-12-04 07:43:09,"{""Status"": ""Under Investigation""}","{""Status"": ""Under Investigation""}"
826,Evidence,INSERT,143,2019-08-25 04:20:11,{},"{""Status"": ""Under Investigation""}"
827,FIR,INSERT,194,2023-08-06 03:34:55,{},"{""Status"": ""Closed""}"
828,FIR,INSERT,30,2019-04-26 12:09:50,{},"{""Status"": ""Under Investigation""}"
829,Suspects,INSERT,174,2021-04-25 09:47:56,{},"{""Status"": ""Under Investigation""}"
830,Suspects,INSERT,148,2020-08-30 17:00:49,{},"{""Status"": ""Under Investigation""}"
831,Case_Status,UPDATE,194,2022-08-31 23:25:48,"{""Status"": ""Open""}","{""Status"": ""Closed""}"
832,Evidence,INSERT,232,2019-06-24 14:53:24,{},"{""Status"": ""Under Investigation""}"
833,FIR,INSERT,237,2020-12-18 04:50:50,{},"{""Status"": ""Closed""}"
834,Evidence,INSERT,114,2021-05-30 19:56:26,{},"{""Status"": ""Under Investigation""}"
835,Evidence,INSERT,36,2020-12-10 00:23:55,{},"{""Status"": ""Under Investigation""}"
836,Suspects,INSERT,233,2022-11-05 21:25:52,{},"{""Status"": ""Under Investigation""}"
837,FIR,INSERT,198,2020-12-17 10:37:20,{},"{""Status"": ""Under Investigation""}"
838,Accused,INSERT,180,2021-08-04 10:07:26,{},"{""Status"": ""Under Investigation""}"
839,Case_Status,UPDATE,187,2019-07-26 00:23:26,"{""Status"": ""Under Investigation""}","{""Status"": ""Closed""}"
840,Complaint,INSERT,102,2019-02-03 17:29:33,{},"{""Status"": ""Closed""}"
841,FIR_Accused,INSERT,84,2019-10-17 07:23:08,{},"{""Status"": ""Under Investigation""}"
842,FIR,UPDATE,221,2022-08-15 16:08:40,"{""Status"": ""Open""}","{""Status"": ""Closed""}"
843,FIR,INSERT,43,2023-10-01 16:15:23,{},"{""Status"": ""Closed""}"
844,Evidence,INSERT,118,2022-12-18 20:54:03,{},"{""Status"": ""Under Investigation""}"
845,FIR,UPDATE,14,2023-12-09 14:48:27,"{""Status"": ""Under Investigation""}","{""Status"": ""Under Investigation""}"
846,FIR,UPDATE,174,2020-02-03 00:09:13,"{""Status"": ""Under Investigation""}","{""Status"": ""Closed""}"
847,FIR_Accused,INSERT,58,2022-12-23 22:59:50,{},"{""Status"": ""Under Investigation""}"
848,Accused,INSERT,124,2020-09-24 20:49:51,{},"{""Status"": ""Closed""}"
849,FIR,INSERT,103,2020-06-12 01:38:23,{},"{""Status"": ""Under Investigation""}"
850,Case_Status,UPDATE,111,2023-12-04 01:22:34,"{""Status"": ""Open""}","{""Status"": ""Under Investigation""}"
851,Evidence,INSERT,104,2021-12-04 23:55:11,{},"{""Status"": ""Closed""}"
852,FIR,UPDATE,139,2023-09-20 13:34:24,"{""Status"": ""Under Investigation""}","{""Status"": ""Under Investigation""}"
853,Complaint,INSERT,187,2020-04-17 11:32:19,{},"{""Status"": ""Closed""}"
854,Suspects,INSERT,60,2021-08-19 03:10:30,{},"{""Status"": ""Closed""}"
855,Evidence,INSERT,186,2023-03-15 08:37:23,{},"{""Status"": ""Closed""}"
856,Case_Status,UPDATE,161,2023-11-04 23:00:59,"{""Status"": ""Under Investigation""}","{""Status"": ""Closed""}"
857,Case_Status,UPDATE,187,2020-04-25 12:19:33,"{""Status"": ""Open""}","{""Status"": ""Under Investigation""}"
858,FIR,INSERT,55,2020-10-17 18:40:15,{},"{""Status"": ""Closed""}"
859,Case_Status,UPDATE,254,2020-06-22 01:20:44,"{""Status"": ""Open""}","{""Status"": ""Closed""}"
860,Case_Status,UPDATE,83,2020-02-19 08:15:47,"{""Status"": ""Open""}","{""Status"": ""Closed""}"
861,Complaint,INSERT,192,2019-11-18 23:42:49,{},"{""Status"": ""Under Investigation""}"
862,Suspects,INSERT,36,2019-08-07 09:06:19,{},"{""Status"": ""Under Investigation""}"
863,Suspects,INSERT,25,2020-03-01 10:34:59,{},"{""Status"": ""Under Investigation""}"
864,Evidence,INSERT,208,2019-04-28 21:32:02,{},"{""Status"": ""Under Investigation""}"
865,FIR,INSERT,240,2022-05-13 19:37:29,{},"{""Status"": ""Closed""}"
866,FIR,INSERT,12,2020-04-18 02:07:04,{},"{""Status"": ""Under Investigation""}"
867,Accused,INSERT,67,2022-05-16 01:29:08,{},"{""Status"": ""Under Investigation""}"
868,FIR,UPDATE,242,2023-11-03 14:39:29,"{""Status"": ""Open""}","{""Status"": ""Under Investigation""}"
869,FIR_Accused,INSERT,209,2020-12-17 23:32:49,{},"{""Status"": ""Closed""}"
870,Suspects,INSERT,97,2020-01-24 00:39:55,{},"{""Status"": ""Closed""}"
871,Suspects,INSERT,19,2022-10-28 14:06:32,{},"{""Status"": ""Closed""}"
872,Accused,INSERT,197,2019-06-22 15:04:22,{},"{""Status"": ""Closed""}"
873,Case_Status,UPDATE,239,2022-03-29 13:23:51,"{""Status"": ""Under Investigation""}","{""Status"": ""Closed""}"
874,Evidence,INSERT,63,2020-04-21 03:19:51,{},"{""Status"": ""Under Investigation""}"
875,Case_Status,UPDATE,98,2022-05-11 15:01:45,"{""Status"": ""Under Investigation""}","{""Status"": ""Under Investigation""}"
876,FIR,INSERT,249,2023-12-31 20:00:02,{},"{""Status"": ""Under Investigation""}"
877,Complaint,INSERT,110,2019-03-30 12:35:20,{},"{""Status"": ""Under Investigation""}"
878,Suspects,INSERT,50,2019-05-13 23:32:58,{},"{""Status"": ""Under Investigation""}"
879,FIR,INSERT,29,2021-01-28 09:54:12,{},"{""Status"": ""Under Investigation""}"
880,FIR,UPDATE,72,2023-10-21 15:12:18,"{""Status"": ""Under Investigation""}","{""Status"": ""Closed""}"
881,FIR,INSERT,152,2020-07-02 19:30:03,{},"{""Status"": ""Closed""}"
882,FIR,UPDATE,203,2022-09-18 05:35:10,"{""Status"": ""Open""}","{""Status"": ""Under Investigation""}"
883,FIR,UPDATE,19,2020-01-08 03:47:07,"{""Status"": ""Under Investigation""}","{""Status"": ""Under Investigation""}"
884,Suspects,INSERT,207,2022-05-04 03:31:35,{},"{""Status"": ""Under Investigation""}"
885,Suspects,INSERT,245,2021-03-25 07:59:48,{},"{""Status"": ""Under Investigation""}"
886,Case_Status,UPDATE,60,2023-09-08 18:18:23,"{""Status"": ""Under Investigation""}","{""Status"": ""Closed""}"
887,Complaint,INSERT,260,2021-04-18 04:49:04,{},"{""Status"": ""Closed""}"
888,FIR,INSERT,190,2023-07-02 21:14:57,{},"{""Status"": ""Under Investigation""}"
889,Case_Status,UPDATE,257,2020-12-11 09:43:30,"{""Status"": ""Under Investigation""}","{""Status"": ""Closed""}"
890,FIR_Accused,INSERT,75,2021-08-20 14:46:07,{},"{""Status"": ""Under Investigation""}"
891,FIR_Accused,INSERT,90,2020-11-16 18:20:40,{},"{""Status"": ""Closed""}"
892,Evidence,INSERT,117,2021-04-25 23:30:12,{},"{""Status"": ""Under Investigation""}"
893,Suspects,INSERT,57,2020-11-10 12:13:15,{},"{""Status"": ""Under Investigation""}"
894,FIR,UPDATE,118,2023-03-08 01:53:08,"{""Status"": ""Under Investigation""}","{""Status"": ""Under Investigation""}"
895,FIR_Accused,INSERT,100,2021-11-13 01:59:01,{},"{""Status"": ""Closed""}"
896,Case_Status,UPDATE,116,2020-05-31 22:09:19,"{""Status"": ""Open""}","{""Status"": ""Closed""}"
897,Case_Status,UPDATE,35,2022-08-25 08:42:01,"{""Status"": ""Open""}","{""Status"": ""Closed""}"
898,FIR_Accused,INSERT,158,2022-11-28 02:45:44,{},"{""Status"": ""Closed""}"
899,Complaint,INSERT,10,2020-12-25 07:13:43,{},"{""Status"": ""Closed""}"
900,Accused,INSERT,272,2022-08-25 02:14:49,{},"{""Status"": ""Closed""}"
901,FIR_Accused,INSERT,115,2022-10-24 22:58:42,{},"{""Status"": ""Under Investigation""}"
902,Complaint,INSERT,241,2022-02-07 02:56:12,{},"{""Status"": ""Closed""}"
903,Suspects,INSERT,96,2019-07-11 23:26:16,{},"{""Status"": ""Under Investigation""}"
904,Case_Status,UPDATE,142,2022-08-05 20:52:11,"{""Status"": ""Under Investigation""}","{""Status"": ""Under Investigation""}"
905,Complaint,INSERT,200,2019-07-20 04:13:12,{},"{""Status"": ""Under Investigation""}"
906,Suspects,INSERT,271,2020-10-23 23:29:37,{},"{""Status"": ""Under Investigation""}"
907,Evidence,INSERT,99,2021-08-04 01:35:49,{},"{""Status"": ""Closed""}"
908,Suspects,INSERT,249,2020-03-10 20:38:48,{},"{""Status"": ""Closed""}"
909,Suspects,INSERT,257,2022-02-04 11:25:17,{},"{""Status"": ""Under Investigation""}"
910,FIR_Accused,INSERT,138,2019-12-28 05:42:03,{},"{""Status"": ""Under Investigation""}"
911,FIR_Accused,INSERT,99,2021-06-20 00:20:55,{},"{""Status"": ""Under Investigation""}"
912,Case_Status,UPDATE,240,2023-12-02 08:54:52,"{""Status"": ""Under Investigation""}","{""Status"": ""Under Investigation""}"
913,Suspects,INSERT,261,2022-09-02 05:43:34,{},"{""Status"": ""Under Investigation""}"
914,FIR,INSERT,98,2022-01-10 12:28:02,{},"{""Status"": ""Closed""}"
915,Case_Status,UPDATE,69,2023-04-20 05:42:19,"{""Status"": ""Open""}","{""Status"": ""Closed""}"
916,Complaint,INSERT,43,2022-06-24 03:20:51,{},"{""Status"": ""Under Investigation""}"
917,Accused,INSERT,44,2019-11-15 02:48:06,{},"{""Status"": ""Closed""}"
918,Suspects,INSERT,274,2022-07-14 02:19:43,{},"{""Status"": ""Closed""}"
919,Suspects,INSERT,99,2023-11-04 05:15:33,{},"{""Status"": ""Closed""}"
920,Evidence,INSERT,103,2023-03-11 00:47:27,{},"{""Status"": ""Closed""}"
921,Evidence,INSERT,253,2023-06-24 23:42:12,{},"{""Status"": ""Under Investigation""}"
922,FIR,UPDATE,2,2019-06-19 19:04:10,"{""Status"": ""Under Investigation""}","{""Status"": ""Closed""}"
923,Complaint,INSERT,161,2019-06-03 21:45:35,{},"{""Status"": ""Under Investigation""}"
924,FIR_Accused,INSERT,9,2020-12-28 17:36:05,{},"{""Status"": ""Closed""}"
925,FIR_Accused,INSERT,275,2020-04-19 06:57:53,{},"{""Status"": ""Closed""}"
926,Suspects,INSERT,134,2022-01-01 11:49:01,{},"{""Status"": ""Under Investigation""}"
927,Evidence,INSERT,45,2023-02-06 06:38:56,{},"{""Status"": ""Closed""}"
928,Case_Status,UPDATE,11,2021-08-03 01:02:37,"{""Status"": ""Under Investigation""}","{""Status"": ""Closed""}"
929,FIR,UPDATE,103,2021-10-08 04:56:58,"{""Status"": ""Open""}","{""Status"": ""Closed""}"
930,Evidence,INSERT,243,2022-11-25 04:28:26,{},"{""Status"": ""Under Investigation""}"
931,FIR_Accused,INSERT,125,2021-12-30 22:42:43,{},"{""Status"": ""Under Investigation""}"
932,Accused,INSERT,66,2021-11-01 11:15:44,{},"{""Status"": ""Under Investigation""}"
933,Suspects,INSERT,266,2022-06-05 20:52:21,{},"{""Status"": ""Closed""}"
934,Evidence,INSERT,36,2021-01-09 12:49:13,{},"{""Status"": ""Under Investigation""}"
935,Case_Status,UPDATE,267,2023-11-15 23:38:07,"{""Status"": ""Open""}","{""Status"": ""Closed""}"
936,FIR_Accused,INSERT,93,2020-02-26 21:37:33,{},"{""Status"": ""Under Investigation""}"
937,Evidence,INSERT,53,2022-08-15 05:25:01,{},"{""Status"": ""Closed""}"
938,FIR,INSERT,213,2023-05-09 12:17:37,{},"{""Status"": ""Closed""}"
939,Accused,INSERT,263,2019-10-13 17:10:11,{},"{""Status"": ""Closed""}"
940,Complaint,INSERT,109,2019-06-20 00:25:20,{},"{""Status"": ""Closed""}"
941,Suspects,INSERT,82,2023-12-18 05:09:13,{},"{""Status"": ""Under Investigation""}"
942,Evidence,INSERT,181,2023-11-22 07:20:07,{},"{""Status"": ""Closed""}"
943,Suspects,INSERT,121,2021-11-06 01:42:26,{},"{""Status"": ""Closed""}"
944,Evidence,INSERT,63,2019-08-04 17:54:21,{},"{""Status"": ""Under Investigation""}"
945,Complaint,INSERT,210,2019-02-18 17:45:28,{},"{""Status"": ""Closed""}"
946,FIR,UPDATE,138,2019-08-17 18:47:23,"{""Status"": ""Under Investigation""}","{""Status"": ""Under Investigation""}"
947,Case_Status,UPDATE,169,2021-08-08 12:58:27,"{""Status"": ""Under Investigation""}","{""Status"": ""Closed""}"
948,FIR,INSERT,96,2021-04-09 18:09:48,{},"{""Status"": ""Closed""}"
949,FIR_Accused,INSERT,147,2023-04-30 10:21:51,{},"{""Status"": ""Under Investigation""}"
950,Evidence,INSERT,207,2019-08-17 03:57:52,{},"{""Status"": ""Closed""}"
951,FIR,UPDATE,169,2023-06-08 10:56:12,"{""Status"": ""Under Investigation""}","{""Status"": ""Under Investigation""}"
952,Evidence,INSERT,131,2021-06-11 00:56:46,{},"{""Status"": ""Closed""}"
953,Complaint,INSERT,134,2019-01-03 10:38:00,{},"{""Status"": ""Under Investigation""}"
954,Evidence,INSERT,126,2019-02-10 05:23:03,{},"{""Status"": ""Under Investigation""}"
955,Case_Status,UPDATE,73,2019-09-05 16:04:17,"{""Status"": ""Open""}","{""Status"": ""Closed""}"
956,FIR,UPDATE,169,2020-03-21 08:55:59,"{""Status"": ""Under Investigation""}","{""Status"": ""Closed""}"
957,Case_Status,UPDATE,102,2022-10-10 14:43:13,"{""Status"": ""Open""}","{""Status"": ""Closed""}"
958,Complaint,INSERT,255,2023-01-29 10:52:02,{},"{""Status"": ""Closed""}"
959,Complaint,INSERT,131,2021-01-15 15:50:51,{},"{""Status"": ""Closed""}"
960,Complaint,INSERT,211,2020-10-10 20:33:31,{},"{""Status"": ""Closed""}"
961,Evidence,INSERT,185,2022-03-12 06:16:14,{},"{""Status"": ""Under Investigation""}"
962,FIR,UPDATE,221,2020-06-22 11:24:08,"{""Status"": ""Under Investigation""}","{""Status"": ""Under Investigation""}"
963,FIR_Accused,INSERT,168,2023-08-07 14:14:52,{},"{""Status"": ""Closed""}"
964,Suspects,INSERT,275,2023-10-18 23:34:47,{},"{""Status"": ""Under Investigation""}"
965,Suspects,INSERT,190,2023-06-07 13:32:21,{},"{""Status"": ""Closed""}"
966,Suspects,INSERT,198,2019-08-03 06:51:43,{},"{""Status"": ""Closed""}"
967,Case_Status,UPDATE,86,2021-10-04 10:49:25,"{""Status"": ""Open""}","{""Status"": ""Closed""}"
968,Evidence,INSERT,262,2020-05-19 17:05:22,{},"{""Status"": ""Under Investigation""}"
969,FIR,INSERT,182,2020-07-27 15:53:20,{},"{""Status"": ""Closed""}"
970,Evidence,INSERT,234,2023-03-15 01:11:52,{},"{""Status"": ""Closed""}"
971,FIR_Accused,INSERT,256,2023-08-11 23:46:36,{},"{""Status"": ""Closed""}"
972,Evidence,INSERT,244,2023-04-08 21:16:35,{},"{""Status"": ""Under Investigation""}"
973,Accused,INSERT,1,2019-12-15 23:51:09,{},"{""Status"": ""Closed""}"
974,FIR,UPDATE,175,2023-02-17 06:57:28,"{""Status"": ""Under Investigation""}","{""Status"": ""Under Investigation""}"
975,FIR_Accused,INSERT,147,2023-10-19 17:47:28,{},"{""Status"": ""Closed""}"
976,FIR_Accused,INSERT,90,2019-04-02 13:07:26,{},"{""Status"": ""Under Investigation""}"
977,Evidence,INSERT,185,2022-04-25 22:56:27,{},"{""Status"": ""Under Investigation""}"
978,FIR,UPDATE,213,2023-08-15 23:15:56,"{""Status"": ""Open""}","{""Status"": ""Closed""}"
979,FIR_Accused,INSERT,2,2019-06-20 23:37:06,{},"{""Status"": ""Under Investigation""}"
980,Complaint,INSERT,49,2020-08-22 08:08:26,{},"{""Status"": ""Under Investigation""}"
981,Complaint,INSERT,37,2020-09-21 03:07:51,{},"{""Status"": ""Closed""}"
982,Case_Status,UPDATE,102,2020-12-17 09:03:38,"{""Status"": ""Under Investigation""}","{""Status"": ""Under Investigation""}"
983,FIR,INSERT,145,2022-02-25 15:51:42,{},"{""Status"": ""Under Investigation""}"
984,Accused,INSERT,253,2020-07-01 04:53:30,{},"{""Status"": ""Closed""}"
985,Accused,INSERT,196,2020-05-18 14:45:07,{},"{""Status"": ""Closed""}"
986,FIR_Accused,INSERT,2,2019-09-19 22:36:15,{},"{""Status"": ""Under Investigation""}"
987,Suspects,INSERT,117,2021-03-20 11:38:38,{},"{""Status"": ""Under Investigation""}"
988,Evidence,INSERT,145,2022-06-14 21:22:57,{},"{""Status"": ""Closed""}"
989,FIR_Accused,INSERT,160,2023-03-25 15:15:26,{},"{""Status"": ""Closed""}"
990,Case_Status,UPDATE,7,2019-12-10 20:35:10,"{""Status"": ""Open""}","{""Status"": ""Closed""}"
991,Evidence,INSERT,22,2022-04-05 04:06:33,{},"{""Status"": ""Under Investigation""}"
992,Accused,INSERT,275,2020-05-10 06:04:39,{},"{""Status"": ""Closed""}"
993,Case_Status,UPDATE,274,2021-10-25 19:53:25,"{""Status"": ""Under Investigation""}","{""Status"": ""Closed""}"
994,Complaint,INSERT,143,2020-05-17 01:56:28,{},"{""Status"": ""Under Investigation""}"
995,Evidence,INSERT,218,2022-07-23 18:39:02,{},"{""Status"": ""Under Investigation""}"
996,Accused,INSERT,31,2020-11-13 14:11:24,{},"{""Status"": ""Under Investigation""}"
997,Evidence,INSERT,201,2019-12-04 13:53:04,{},"{""Status"": ""Under Investigation""}"
998,Complaint,INSERT,269,2023-05-03 21:38:36,{},"{""Status"": ""Under Investigation""}"
999,Accused,INSERT,134,2020-09-25 19:03:21,{},"{""Status"": ""Closed""}"
1000,Evidence,INSERT,265,2021-02-10 21:51:26,{},"{""Status"": ""Under Investigation""}"
1001,Case_Status,UPDATE,116,2019-02-16 13:39:00,"{""Status"": ""Open""}","{""Status"": ""Under Investigation""}"
1002,FIR_Accused,INSERT,187,2020-08-19 01:56:41,{},"{""Status"": ""Under Investigation""}"
1003,Suspects,INSERT,5,2022-02-25 09:48:00,{},"{""Status"": ""Under Investigation""}"
1004,FIR,INSERT,127,2022-12-12 09:56:25,{},"{""Status"": ""Closed""}"
1005,Evidence,INSERT,66,2020-05-22 19:05:43,{},"{""Status"": ""Closed""}"
1006,Case_Status,UPDATE,215,2021-04-01 11:54:43,"{""Status"": ""Under Investigation""}","{""Status"": ""Under Investigation""}"
1007,Suspects,INSERT,69,2022-12-01 17:16:43,{},"{""Status"": ""Closed""}"
1008,Complaint,INSERT,258,2022-01-12 11:05:53,{},"{""Status"": ""Under Investigation""}"
1009,FIR,UPDATE,96,2021-09-24 14:15:57,"{""Status"": ""Under Investigation""}","{""Status"": ""Under Investigation""}"
1010,Complaint,INSERT,72,2021-06-27 06:33:05,{},"{""Status"": ""Closed""}"
1011,FIR_Accused,INSERT,231,2019-09-25 07:02:52,{},"{""Status"": ""Under Investigation""}"
1012,Evidence,INSERT,158,2022-05-13 08:14:16,{},"{""Status"": ""Closed""}"
1013,FIR,UPDATE,141,2019-10-02 02:22:51,"{""Status"": ""Open""}","{""Status"": ""Closed""}"
1014,FIR,UPDATE,29,2022-11-23 23:38:37,"{""Status"": ""Open""}","{""Status"": ""Closed""}"
1015,Suspects,INSERT,56,2021-06-26 08:19:54,{},"{""Status"": ""Under Investigation""}"
1016,Case_Status,UPDATE,159,2021-07-04 10:49:58,"{""Status"": ""Under Investigation""}","{""Status"": ""Under Investigation""}"
1017,FIR_Accused,INSERT,244,2023-05-13 10:56:48,{},"{""Status"": ""Closed""}"
1018,Complaint,INSERT,190,2019-12-03 18:13:51,{},"{""Status"": ""Closed""}"
1019,Complaint,INSERT,141,2023-11-23 13:39:19,{},"{""Status"": ""Under Investigation""}"
1020,Accused,INSERT,99,2020-04-10 21:21:29,{},"{""Status"": ""Under Investigation""}"
1021,FIR,INSERT,181,2020-05-01 07:27:17,{},"{""Status"": ""Under Investigation""}"
1022,FIR,INSERT,70,2022-07-15 22:09:05,{},"{""Status"": ""Closed""}"
1023,FIR,INSERT,183,2020-11-14 18:54:15,{},"{""Status"": ""Under Investigation""}"
1024,Suspects,INSERT,217,2019-12-16 16:15:47,{},"{""Status"": ""Under Investigation""}"
1025,FIR_Accused,INSERT,82,2020-11-18 13:53:10,{},"{""Status"": ""Closed""}"
1026,Case_Status,UPDATE,168,2020-11-08 21:11:23,"{""Status"": ""Open""}","{""Status"": ""Under Investigation""}"
1027,FIR,INSERT,154,2021-06-09 03:39:29,{},"{""Status"": ""Under Investigation""}"
1028,Case_Status,UPDATE,113,2021-12-18 15:41:08,"{""Status"": ""Under Investigation""}","{""Status"": ""Under Investigation""}"
1029,FIR,INSERT,253,2022-09-27 21:06:50,{},"{""Status"": ""Closed""}"
1030,FIR_Accused,INSERT,163,2020-08-10 08:30:48,{},"{""Status"": ""Under Investigation""}"
1031,Evidence,INSERT,192,2023-08-04 01:05:22,{},"{""Status"": ""Under Investigation""}"
1032,Accused,INSERT,203,2020-07-24 02:44:23,{},"{""Status"": ""Closed""}"
1033,Accused,INSERT,174,2019-01-18 18:17:09,{},"{""Status"": ""Under Investigation""}"
1034,Accused,INSERT,197,2021-04-24 15:26:15,{},"{""Status"": ""Closed""}"
1035,FIR_Accused,INSERT,85,2023-12-04 14:49:35,{},"{""Status"": ""Closed""}"
1036,FIR,UPDATE,228,2021-03-05 08:12:23,"{""Status"": ""Under Investigation""}","{""Status"": ""Under Investigation""}"
1037,Case_Status,UPDATE,73,2020-09-26 17:27:31,"{""Status"": ""Open""}","{""Status"": ""Under Investigation""}"
1038,Case_Status,UPDATE,36,2022-06-18 20:45:24,"{""Status"": ""Under Investigation""}","{""Status"": ""Closed""}"
1039,FIR_Accused,INSERT,72,2021-12-28 10:57:49,{},"{""Status"": ""Closed""}"
1040,Accused,INSERT,186,2023-07-25 08:30:24,{},"{""Status"": ""Closed""}"
1041,FIR_Accused,INSERT,149,2020-12-11 20:12:49,{},"{""Status"": ""Under Investigation""}"
1042,Complaint,INSERT,31,2019-04-24 15:04:17,{},"{""Status"": ""Closed""}"
1043,Accused,INSERT,183,2019-06-07 08:20:44,{},"{""Status"": ""Under Investigation""}"
1044,Evidence,INSERT,165,2020-11-12 23:33:03,{},"{""Status"": ""Closed""}"
1045,FIR,UPDATE,62,2020-03-26 21:37:18,"{""Status"": ""Open""}","{""Status"": ""Under Investigation""}"
1046,Suspects,INSERT,125,2020-06-10 12:33:40,{},"{""Status"": ""Closed""}"
1047,FIR,INSERT,161,2021-08-23 11:02:26,{},"{""Status"": ""Closed""}"
1048,FIR_Accused,INSERT,113,2023-06-04 11:25:23,{},"{""Status"": ""Under Investigation""}"
1049,Case_Status,UPDATE,264,2020-10-12 23:06:11,"{""Status"": ""Open""}","{""Status"": ""Closed""}"
1050,FIR_Accused,INSERT,239,2021-08-16 22:09:06,{},"{""Status"": ""Under Investigation""}"
1051,Suspects,INSERT,27,2023-11-19 00:29:24,{},"{""Status"": ""Closed""}"
1052,FIR,INSERT,107,2019-01-02 01:16:49,{},"{""Status"": ""Closed""}"
1053,Accused,INSERT,113,2021-04-25 16:27:08,{},"{""Status"": ""Closed""}"
1054,Accused,INSERT,93,2020-09-01 21:57:27,{},"{""Status"": ""Closed""}"
1055,Suspects,INSERT,113,2023-05-28 17:33:51,{},"{""Status"": ""Under Investigation""}"
1056,Suspects,INSERT,186,2019-05-26 08:53:55,{},"{""Status"": ""Under Investigation""}"
1057,Suspects,INSERT,166,2020-07-01 16:44:42,{},"{""Status"": ""Under Investigation""}"
1058,Evidence,INSERT,160,2023-12-09 03:51:55,{},"{""Status"": ""Under Investigation""}"
1059,Accused,INSERT,6,2023-05-22 01:40:18,{},"{""Status"": ""Under Investigation""}"
1060,Suspects,INSERT,107,2021-02-04 07:35:34,{},"{""Status"": ""Under Investigation""}"
1061,Accused,INSERT,253,2022-03-04 06:26:29,{},"{""Status"": ""Under Investigation""}"
1062,Suspects,INSERT,119,2021-02-11 15:15:21,{},"{""Status"": ""Under Investigation""}"
1063,FIR_Accused,INSERT,84,2020-10-22 15:26:05,{},"{""Status"": ""Closed""}"
1064,FIR,INSERT,26,2021-10-15 08:04:44,{},"{""Status"": ""Under Investigation""}"
1065,FIR_Accused,INSERT,136,2022-09-02 06:26:45,{},"{""Status"": ""Under Investigation""}"
1066,Evidence,INSERT,97,2019-01-18 21:55:59,{},"{""Status"": ""Under Investigation""}"
1067,Case_Status,UPDATE,198,2019-11-02 20:07:36,"{""Status"": ""Under Investigation""}","{""Status"": ""Under Investigation""}"
1068,Complaint,INSERT,243,2022-11-12 16:20:46,{},"{""Status"": ""Under Investigation""}"
1069,Case_Status,UPDATE,69,2022-04-27 04:48:16,"{""Status"": ""Open""}","{""Status"": ""Closed""}"
1070,Case_Status,UPDATE,80,2021-06-09 05:25:36,"{""Status"": ""Under Investigation""}","{""Status"": ""Under Investigation""}"
1071,FIR,UPDATE,86,2021-11-27 15:31:05,"{""Status"": ""Open""}","{""Status"": ""Under Investigation""}"
1072,FIR,UPDATE,24,2020-04-28 11:39:00,"{""Status"": ""Open""}","{""Status"": ""Under Investigation""}"
1073,FIR_Accused,INSERT,206,2021-12-02 02:33:44,{},"{""Status"": ""Under Investigation""}"
1074,Accused,INSERT,106,2020-04-30 02:49:05,{},"{""Status"": ""Closed""}"
1075,FIR,INSERT,272,2022-02-09 13:50:39,{},"{""Status"": ""Closed""}"
1076,Accused,INSERT,42,2020-02-03 05:03:22,{},"{""Status"": ""Under Investigation""}"
1077,Evidence,INSERT,57,2020-12-15 01:51:41,{},"{""Status"": ""Under Investigation""}"
1078,FIR,UPDATE,183,2020-09-15 16:17:55,"{""Status"": ""Under Investigation""}","{""Status"": ""Closed""}"
1079,FIR_Accused,INSERT,263,2023-01-21 07:55:46,{},"{""Status"": ""Under Investigation""}"
1080,Evidence,INSERT,169,2020-10-19 14:46:25,{},"{""Status"": ""Under Investigation""}"
1081,FIR,INSERT,130,2023-08-10 01:09:20,{},"{""Status"": ""Closed""}"
1082,Evidence,INSERT,26,2019-10-27 17:30:21,{},"{""Status"": ""Under Investigation""}"
1083,Accused,INSERT,117,2020-04-13 13:34:08,{},"{""Status"": ""Under Investigation""}"
1084,Case_Status,UPDATE,107,2021-06-19 20:13:07,"{""Status"": ""Open""}","{""Status"": ""Under Investigation""}"
1085,Case_Status,UPDATE,123,2020-01-21 12:42:14,"{""Status"": ""Under Investigation""}","{""Status"": ""Under Investigation""}"
1086,Suspects,INSERT,125,2022-04-30 18:59:42,{},"{""Status"": ""Under Investigation""}"
1087,FIR,UPDATE,199,2021-10-28 05:09:52,"{""Status"": ""Open""}","{""Status"": ""Under Investigation""}"
1088,Evidence,INSERT,126,2023-10-02 01:33:03,{},"{""Status"": ""Under Investigation""}"
1089,Accused,INSERT,255,2022-03-24 15:20:24,{},"{""Status"": ""Under Investigation""}"
1090,Suspects,INSERT,201,2020-09-15 03:15:35,{},"{""Status"": ""Closed""}"
1091,FIR,UPDATE,106,2019-05-17 13:15:09,"{""Status"": ""Under Investigation""}","{""Status"": ""Under Investigation""}"
1092,Accused,INSERT,114,2021-09-12 07:23:07,{},"{""Status"": ""Closed""}"
1093,FIR_Accused,INSERT,113,2023-11-06 19:35:23,{},"{""Status"": ""Closed""}"
1094,FIR_Accused,INSERT,221,2023-09-21 07:37:22,{},"{""Status"": ""Closed""}"
1095,Complaint,INSERT,216,2021-04-20 09:41:11,{},"{""Status"": ""Closed""}"
1096,Case_Status,UPDATE,219,2023-02-03 10:32:59,"{""Status"": ""Under Investigation""}","{""Status"": ""Closed""}"
1097,FIR_Accused,INSERT,147,2020-10-08 15:15:39,{},"{""Status"": ""Under Investigation""}"
1098,FIR,INSERT,4,2020-08-06 19:31:03,{},"{""Status"": ""Closed""}"
1099,FIR,UPDATE,37,2020-06-29 09:23:15,"{""Status"": ""Open""}","{""Status"": ""Closed""}"
1100,Suspects,INSERT,132,2023-04-07 13:42:13,{},"{""Status"": ""Closed""}"
1101,FIR,INSERT,274,2023-12-14 08:44:47,{},"{""Status"": ""Closed""}"
1102,Complaint,INSERT,64,2020-12-05 22:51:01,{},"{""Status"": ""Under Investigation""}"
1103,Complaint,INSERT,77,2023-12-23 15:47:18,{},"{""Status"": ""Under Investigation""}"
1104,FIR,UPDATE,42,2019-02-10 04:02:40,"{""Status"": ""Under Investigation""}","{""Status"": ""Under Investigation""}"
1105,FIR,UPDATE,246,2022-02-16 04:00:25,"{""Status"": ""Under Investigation""}","{""Status"": ""Closed""}"
1106,Complaint,INSERT,53,2023-02-19 12:55:39,{},"{""Status"": ""Under Investigation""}"
1107,Accused,INSERT,177,2023-03-07 09:52:14,{},"{""Status"": ""Closed""}"
1108,FIR_Accused,INSERT,131,2023-06-12 14:46:03,{},"{""Status"": ""Under Investigation""}"
1109,FIR,INSERT,5,2021-11-12 17:12:51,{},"{""Status"": ""Closed""}"
1110,Evidence,INSERT,242,2021-10-31 08:16:12,{},"{""Status"": ""Under Investigation""}"
1111,Accused,INSERT,184,2023-04-26 22:34:16,{},"{""Status"": ""Under Investigation""}"
1112,FIR_Accused,INSERT,25,2022-12-30 23:09:00,{},"{""Status"": ""Closed""}"
1113,Complaint,INSERT,253,2019-02-05 13:53:26,{},"{""Status"": ""Under Investigation""}"
1114,Evidence,INSERT,165,2019-01-03 02:58:42,{},"{""Status"": ""Under Investigation""}"
1115,FIR_Accused,INSERT,30,2023-09-09 12:03:00,{},"{""Status"": ""Closed""}"
1116,Complaint,INSERT,52,2022-06-06 16:08:01,{},"{""Status"": ""Under Investigation""}"
1117,Complaint,INSERT,78,2023-10-09 02:28:05,{},"{""Status"": ""Under Investigation""}"
1118,Complaint,INSERT,123,2023-03-07 23:52:25,{},"{""Status"": ""Under Investigation""}"
1119,Evidence,INSERT,174,2020-09-12 14:02:48,{},"{""Status"": ""Under Investigation""}"
1120,FIR,UPDATE,154,2021-07-16 12:22:31,"{""Status"": ""Open""}","{""Status"": ""Under Investigation""}"
1121,FIR_Accused,INSERT,268,2022-11-20 06:23:15,{},"{""Status"": ""Closed""}"
1122,Accused,INSERT,158,2021-08-22 02:33:21,{},"{""Status"": ""Closed""}"
1123,Case_Status,UPDATE,247,2023-10-21 23:35:13,"{""Status"": ""Under Investigation""}","{""Status"": ""Under Investigation""}"
1124,Accused,INSERT,133,2022-08-07 09:56:34,{},"{""Status"": ""Closed""}"
1125,Evidence,INSERT,31,2020-11-30 06:18:29,{},"{""Status"": ""Under Investigation""}"
1126,Case_Status,UPDATE,217,2022-12-26 10:57:10,"{""Status"": ""Open""}","{""Status"": ""Closed""}"
1127,FIR,INSERT,74,2021-01-10 14:35:02,{},"{""Status"": ""Under Investigation""}"
1128,FIR,UPDATE,153,2023-08-24 23:45:53,"{""Status"": ""Open""}","{""Status"": ""Closed""}"
1129,Evidence,INSERT,215,2021-03-16 05:28:35,{},"{""Status"": ""Closed""}"
1130,FIR,INSERT,187,2019-09-04 09:29:07,{},"{""Status"": ""Closed""}"
1131,Case_Status,UPDATE,69,2023-02-08 16:49:48,"{""Status"": ""Open""}","{""Status"": ""Under Investigation""}"
1132,Case_Status,UPDATE,131,2023-02-15 00:17:27,"{""Status"": ""Open""}","{""Status"": ""Under Investigation""}"
1133,Evidence,INSERT,249,2022-04-16 22:58:23,{},"{""Status"": ""Closed""}"
1134,FIR_Accused,INSERT,225,2021-02-12 15:53:27,{},"{""Status"": ""Under Investigation""}"
1135,FIR,UPDATE,121,2022-01-11 17:12:50,"{""Status"": ""Under Investigation""}","{""Status"": ""Under Investigation""}"
1136,Suspects,INSERT,97,2023-09-14 20:15:46,{},"{""Status"": ""Under Investigation""}"
1137,Suspects,INSERT,266,2023-10-13 05:03:16,{},"{""Status"": ""Closed""}"
1138,FIR_Accused,INSERT,254,2023-08-22 12:43:18,{},"{""Status"": ""Closed""}"
1139,Complaint,INSERT,219,2019-02-20 21:39:46,{},"{""Status"": ""Under Investigation""}"
1140,Evidence,INSERT,216,2021-07-01 08:30:31,{},"{""Status"": ""Under Investigation""}"
1141,FIR_Accused,INSERT,108,2022-07-12 16:34:12,{},"{""Status"": ""Under Investigation""}"
1142,Accused,INSERT,198,2019-03-03 21:26:59,{},"{""Status"": ""Closed""}"
1143,FIR,UPDATE,4,2021-11-17 05:47:44,"{""Status"": ""Open""}","{""Status"": ""Closed""}"
1144,FIR_Accused,INSERT,34,2022-07-03 06:01:40,{},"{""Status"": ""Closed""}"
1145,Case_Status,UPDATE,151,2023-03-12 03:07:04,"{""Status"": ""Under Investigation""}","{""Status"": ""Closed""}"
1146,FIR,INSERT,216,2019-04-15 22:26:34,{},"{""Status"": ""Under Investigation""}"
1147,Accused,INSERT,15,2020-04-24 20:11:26,{},"{""Status"": ""Closed""}"
1148,Case_Status,UPDATE,127,2021-10-13 01:37:35,"{""Status"": ""Open""}","{""Status"": ""Closed""}"
1149,FIR,INSERT,172,2023-03-02 17:22:45,{},"{""Status"": ""Under Investigation""}"
1150,FIR_Accused,INSERT,13,2023-11-19 20:01:19,{},"{""Status"": ""Under Investigation""}"
1151,FIR_Accused,INSERT,222,2021-02-12 08:13:56,{},"{""Status"": ""Closed""}"
1152,Accused,INSERT,150,2020-05-14 01:56:59,{},"{""Status"": ""Closed""}"
1153,Accused,INSERT,219,2019-07-05 03:33:21,{},"{""Status"": ""Under Investigation""}"
1154,FIR_Accused,INSERT,16,2020-05-18 21:41:29,{},"{""Status"": ""Under Investigation""}"
1155,Case_Status,UPDATE,196,2023-02-02 19:08:31,"{""Status"": ""Under Investigation""}","{""Status"": ""Closed""}"
1156,Accused,INSERT,53,2022-03-11 10:39:53,{},"{""Status"": ""Closed""}"
1157,FIR,INSERT,182,2020-03-10 15:15:15,{},"{""Status"": ""Under Investigation""}"
1158,FIR,INSERT,38,2023-01-27 13:57:21,{},"{""Status"": ""Under Investigation""}"
1159,Suspects,INSERT,204,2023-02-24 09:59:31,{},"{""Status"": ""Closed""}"
1160,Suspects,INSERT,263,2020-06-26 00:50:39,{},"{""Status"": ""Under Investigation""}"
1161,Case_Status,UPDATE,84,2021-07-10 20:35:13,"{""Status"": ""Under Investigation""}","{""Status"": ""Under Investigation""}"
1162,Evidence,INSERT,22,2023-07-29 22:02:52,{},"{""Status"": ""Closed""}"
1163,Case_Status,UPDATE,146,2020-03-26 20:23:48,"{""Status"": ""Open""}","{""Status"": ""Closed""}"
1164,Complaint,INSERT,128,2019-09-06 16:41:59,{},"{""Status"": ""Under Investigation""}"
1165,FIR,INSERT,48,2022-06-21 18:45:32,{},"{""Status"": ""Under Investigation""}"
1166,Accused,INSERT,41,2023-07-26 03:23:31,{},"{""Status"": ""Under Investigation""}"
1167,FIR_Accused,INSERT,14,2022-02-24 15:17:54,{},"{""Status"": ""Closed""}"
1168,FIR,UPDATE,181,2020-03-08 02:59:34,"{""Status"": ""Open""}","{""Status"": ""Under Investigation""}"
1169,Accused,INSERT,201,2019-01-12 09:32:35,{},"{""Status"": ""Under Investigation""}"
1170,Case_Status,UPDATE,61,2023-11-07 10:58:57,"{""Status"": ""Under Investigation""}","{""Status"": ""Under Investigation""}"
1171,FIR,UPDATE,101,2019-07-04 11:32:38,"{""Status"": ""Under Investigation""}","{""Status"": ""Under Investigation""}"
1172,Accused,INSERT,64,2023-02-15 10:33:16,{},"{""Status"": ""Under Investigation""}"
1173,Evidence,INSERT,47,2021-06-03 08:31:11,{},"{""Status"": ""Closed""}"
1174,FIR_Accused,INSERT,129,2019-01-21 16:30:44,{},"{""Status"": ""Closed""}"
1175,Case_Status,UPDATE,64,2022-01-21 14:25:12,"{""Status"": ""Under Investigation""}","{""Status"": ""Closed""}"
1176,Case_Status,UPDATE,259,2022-08-01 05:52:04,"{""Status"": ""Under Investigation""}","{""Status"": ""Closed""}"
1177,Accused,INSERT,143,2021-07-31 01:17:24,{},"{""Status"": ""Under Investigation""}"
1178,Evidence,INSERT,144,2022-02-01 17:37:12,{},"{""Status"": ""Under Investigation""}"
1179,Case_Status,UPDATE,216,2022-04-19 23:46:08,"{""Status"": ""Open""}","{""Status"": ""Closed""}"
1180,Evidence,INSERT,92,2019-07-03 21:25:54,{},"{""Status"": ""Under Investigation""}"
1181,FIR,UPDATE,274,2023-08-13 11:06:02,"{""Status"": ""Under Investigation""}","{""Status"": ""Under Investigation""}"
1182,Evidence,INSERT,212,2023-07-17 20:47:47,{},"{""Status"": ""Under Investigation""}"
1183,Complaint,INSERT,41,2021-09-10 23:39:44,{},"{""Status"": ""Under Investigation""}"
1184,Case_Status,UPDATE,147,2021-07-30 06:00:37,"{""Status"": ""Under Investigation""}","{""Status"": ""Closed""}"
1185,Evidence,INSERT,122,2019-05-01 09:26:20,{},"{""Status"": ""Closed""}"
1186,Accused,INSERT,135,2019-08-05 21:47:23,{},"{""Status"": ""Under Investigation""}"
1187,FIR,INSERT,59,2019-05-18 14:34:47,{},"{""Status"": ""Closed""}"
1188,FIR,INSERT,98,2022-01-29 14:18:51,{},"{""Status"": ""Under Investigation""}"
1189,Evidence,INSERT,262,2021-07-15 19:55:26,{},"{""Status"": ""Closed""}"
1190,Accused,INSERT,59,2019-01-13 11:03:04,{},"{""Status"": ""Closed""}"
1191,Complaint,INSERT,170,2020-11-25 00:39:25,{},"{""Status"": ""Under Investigation""}"
1192,Accused,INSERT,57,2023-11-05 00:36:10,{},"{""Status"": ""Under Investigation""}"
1193,Evidence,INSERT,243,2020-07-29 23:25:54,{},"{""Status"": ""Under Investigation""}"
1194,FIR,INSERT,272,2019-12-25 13:28:30,{},"{""Status"": ""Under Investigation""}"
1195,Complaint,INSERT,101,2020-04-14 06:53:11,{},"{""Status"": ""Closed""}"
1196,Suspects,INSERT,52,2020-04-02 15:38:04,{},"{""Status"": ""Closed""}"
1197,Evidence,INSERT,67,2023-07-31 17:42:00,{},"{""Status"": ""Closed""}"
1198,FIR_Accused,INSERT,18,2021-02-14 14:06:55,{},"{""Status"": ""Closed""}"
1199,FIR,INSERT,160,2023-06-22 15:32:54,{},"{""Status"": ""Under Investigation""}"
1200,Suspects,INSERT,7,2021-05-02 17:10:54,{},"{""Status"": ""Under Investigation""}"
1201,FIR,UPDATE,157,2022-09-26 08:53:44,"{""Status"": ""Open""}","{""Status"": ""Under Investigation""}"
1202,Suspects,INSERT,132,2021-08-16 00:48:39,{},"{""Status"": ""Under Investigation""}"
1203,FIR,UPDATE,174,2019-12-18 18:12:39,"{""Status"": ""Open""}","{""Status"": ""Under Investigation""}"
1204,FIR_Accused,INSERT,151,2019-12-06 09:35:47,{},"{""Status"": ""Closed""}"
1205,Case_Status,UPDATE,34,2020-12-19 00:25:38,"{""Status"": ""Under Investigation""}","{""Status"": ""Under Investigation""}"
1206,FIR,INSERT,205,2021-04-05 06:38:53,{},"{""Status"": ""Closed""}"
1207,FIR_Accused,INSERT,18,2019-06-19 17:58:54,{},"{""Status"": ""Under Investigation""}"
1208,Case_Status,UPDATE,192,2020-10-29 15:11:24,"{""Status"": ""Open""}","{""Status"": ""Closed""}"
1209,Accused,INSERT,57,2021-08-28 13:56:28,{},"{""Status"": ""Under Investigation""}"
1210,Suspects,INSERT,182,2020-02-08 22:06:01,{},"{""Status"": ""Closed""}"
1211,FIR_Accused,INSERT,221,2019-12-27 02:09:40,{},"{""Status"": ""Under Investigation""}"
1212,FIR,UPDATE,148,2023-08-12 00:25:11,"{""Status"": ""Under Investigation""}","{""Status"": ""Closed""}"
1213,FIR_Accused,INSERT,145,2021-07-18 20:31:01,{},"{""Status"": ""Under Investigation""}"
1214,Suspects,INSERT,81,2020-03-06 03:44:31,{},"{""Status"": ""Under Investigation""}"
1215,FIR,INSERT,105,2019-12-02 21:41:54,{},"{""Status"": ""Closed""}"
1216,FIR_Accused,INSERT,77,2019-05-01 18:08:41,{},"{""Status"": ""Closed""}"
1217,Evidence,INSERT,16,2019-10-18 02:23:14,{},"{""Status"": ""Closed""}"
1218,Suspects,INSERT,174,2023-06-25 14:06:27,{},"{""Status"": ""Closed""}"
1219,Evidence,INSERT,27,2019-05-03 18:31:59,{},"{""Status"": ""Closed""}"
1220,Accused,INSERT,260,2022-02-19 14:00:25,{},"{""Status"": ""Under Investigation""}"
1221,FIR,INSERT,162,2020-08-23 17:37:43,{},"{""Status"": ""Under Investigation""}"
1222,FIR_Accused,INSERT,224,2021-04-05 16:44:37,{},"{""Status"": ""Closed""}"
1223,Suspects,INSERT,250,2021-03-16 21:24:24,{},"{""Status"": ""Under Investigation""}"
1224,Suspects,INSERT,271,2021-01-06 15:05:10,{},"{""Status"": ""Under Investigation""}"
1225,FIR,UPDATE,82,2022-07-10 14:50:19,"{""Status"": ""Open""}","{""Status"": ""Closed""}"
1226,FIR,UPDATE,149,2022-02-16 08:12:02,"{""Status"": ""Open""}","{""Status"": ""Closed""}"
1227,Suspects,INSERT,108,2023-01-05 17:01:24,{},"{""Status"": ""Closed""}"
1228,FIR_Accused,INSERT,54,2020-06-10 13:41:06,{},"{""Status"": ""Closed""}"
1229,Complaint,INSERT,121,2021-07-12 16:24:19,{},"{""Status"": ""Under Investigation""}"
1230,FIR,INSERT,150,2021-05-11 11:43:38,{},"{""Status"": ""Closed""}"
1231,FIR_Accused,INSERT,183,2022-05-30 09:29:11,{},"{""Status"": ""Under Investigation""}"
1232,FIR,INSERT,242,2020-10-31 05:41:55,{},"{""Status"": ""Under Investigation""}"
1233,FIR,INSERT,59,2022-10-01 12:38:44,{},"{""Status"": ""Under Investigation""}"
1234,Suspects,INSERT,248,2019-05-04 02:50:36,{},"{""Status"": ""Under Investigation""}"
1235,FIR,INSERT,57,2020-04-12 13:00:31,{},"{""Status"": ""Under Investigation""}"
1236,Case_Status,UPDATE,123,2020-12-26 01:50:48,"{""Status"": ""Open""}","{""Status"": ""Closed""}"
1237,Evidence,INSERT,30,2022-03-15 02:10:09,{},"{""Status"": ""Under Investigation""}"
1238,FIR_Accused,INSERT,46,2021-07-15 15:24:06,{},"{""Status"": ""Under Investigation""}"
1239,FIR,INSERT,2,2019-10-08 02:27:27,{},"{""Status"": ""Under Investigation""}"
1240,FIR,INSERT,81,2022-05-24 03:14:50,{},"{""Status"": ""Closed""}"
1241,Complaint,INSERT,109,2021-01-25 03:01:39,{},"{""Status"": ""Under Investigation""}"
1242,Case_Status,UPDATE,122,2022-02-22 14:58:33,"{""Status"": ""Open""}","{""Status"": ""Under Investigation""}"
1243,Evidence,INSERT,160,2019-07-24 20:22:59,{},"{""Status"": ""Closed""}"
1244,Suspects,INSERT,62,2020-03-25 09:49:29,{},"{""Status"": ""Closed""}"
1245,Complaint,INSERT,111,2023-11-06 03:44:54,{},"{""Status"": ""Under Investigation""}"
1246,FIR,INSERT,250,2019-06-05 06:20:35,{},"{""Status"": ""Under Investigation""}"
1247,FIR,INSERT,162,2023-04-09 03:45:56,{},"{""Status"": ""Under Investigation""}"
1248,FIR,INSERT,118,2023-11-21 08:59:15,{},"{""Status"": ""Closed""}"
1249,FIR,UPDATE,252,2019-05-03 17:31:20,"{""Status"": ""Under Investigation""}","{""Status"": ""Under Investigation""}"
1250,FIR,UPDATE,89,2021-09-12 08:52:58,"{""Status"": ""Under Investigation""}","{""Status"": ""Under Investigation""}"
1251,Complaint,INSERT,173,2019-01-01 01:52:35,{},"{""Status"": ""Closed""}"
1252,FIR_Accused,INSERT,172,2019-11-19 08:02:50,{},"{""Status"": ""Under Investigation""}"
1253,FIR,INSERT,181,2020-06-23 16:55:11,{},"{""Status"": ""Under Investigation""}"
1254,Evidence,INSERT,60,2019-04-20 19:02:50,{},"{""Status"": ""Closed""}"
1255,FIR,INSERT,107,2020-03-08 14:39:02,{},"{""Status"": ""Under Investigation""}"
1256,Accused,INSERT,206,2020-12-24 12:12:47,{},"{""Status"": ""Closed""}"
1257,Evidence,INSERT,200,2022-08-26 08:11:03,{},"{""Status"": ""Closed""}"
1258,Complaint,INSERT,131,2022-08-11 17:41:58,{},"{""Status"": ""Under Investigation""}"
1259,Case_Status,UPDATE,267,2019-09-07 19:41:16,"{""Status"": ""Open""}","{""Status"": ""Under Investigation""}"
1260,FIR_Accused,INSERT,266,2021-02-06 13:36:07,{},"{""Status"": ""Closed""}"
1261,FIR,INSERT,117,2023-11-10 06:15:55,{},"{""Status"": ""Under Investigation""}"
1262,Evidence,INSERT,27,2022-04-21 20:32:20,{},"{""Status"": ""Closed""}"
1263,Complaint,INSERT,49,2020-02-15 14:20:07,{},"{""Status"": ""Under Investigation""}"
1264,FIR_Accused,INSERT,66,2022-04-19 11:18:33,{},"{""Status"": ""Closed""}"
1265,Evidence,INSERT,259,2022-07-27 21:53:14,{},"{""Status"": ""Closed""}"
1266,Case_Status,UPDATE,20,2021-06-06 11:38:46,"{""Status"": ""Under Investigation""}","{""Status"": ""Closed""}"
1267,FIR,UPDATE,42,2019-06-26 03:12:08,"{""Status"": ""Under Investigation""}","{""Status"": ""Closed""}"
1268,Complaint,INSERT,224,2020-03-29 22:16:00,{},"{""Status"": ""Closed""}"
1269,FIR,INSERT,229,2020-08-14 04:17:48,{},"{""Status"": ""Under Investigation""}"
1270,Case_Status,UPDATE,211,2019-08-08 14:05:19,"{""Status"": ""Under Investigation""}","{""Status"": ""Under Investigation""}"
1271,Suspects,INSERT,22,2019-06-18 14:11:16,{},"{""Status"": ""Under Investigation""}"
1272,FIR,INSERT,258,2023-08-10 08:01:01,{},"{""Status"": ""Closed""}"
1273,Evidence,INSERT,60,2020-11-26 01:27:21,{},"{""Status"": ""Closed""}"
1274,Complaint,INSERT,183,2022-06-16 18:27:37,{},"{""Status"": ""Under Investigation""}"
1275,FIR,UPDATE,3,2020-05-05 23:09:26,"{""Status"": ""Under Investigation""}","{""Status"": ""Under Investigation""}"
1276,Complaint,INSERT,52,2022-02-01 12:25:59,{},"{""Status"": ""Closed""}"
1277,Complaint,INSERT,8,2020-02-09 21:34:48,{},"{""Status"": ""Closed""}"
1278,FIR,INSERT,224,2021-04-15 14:25:50,{},"{""Status"": ""Closed""}"
1279,Evidence,INSERT,52,2019-12-25 08:06:54,{},"{""Status"": ""Under Investigation""}"
1280,FIR,UPDATE,191,2020-05-23 12:23:55,"{""Status"": ""Open""}","{""Status"": ""Closed""}"
1281,FIR,UPDATE,7,2019-06-14 19:27:27,"{""Status"": ""Under Investigation""}","{""Status"": ""Under Investigation""}"
1282,FIR,INSERT,239,2022-12-31 00:18:10,{},"{""Status"": ""Closed""}"
1283,Accused,INSERT,58,2023-06-07 03:07:16,{},"{""Status"": ""Closed""}"
1284,FIR,INSERT,167,2022-04-28 06:57:13,{},"{""Status"": ""Closed""}"
1285,FIR_Accused,INSERT,194,2023-10-21 18:59:53,{},"{""Status"": ""Under Investigation""}"
1286,Accused,INSERT,141,2022-07-26 07:29:39,{},"{""Status"": ""Under Investigation""}"
1287,Evidence,INSERT,40,2020-07-16 07:48:52,{},"{""Status"": ""Under Investigation""}"
1288,Case_Status,UPDATE,222,2023-07-15 15:46:51,"{""Status"": ""Open""}","{""Status"": ""Closed""}"
1289,Evidence,INSERT,69,2019-09-19 01:54:24,{},"{""Status"": ""Under Investigation""}"
1290,FIR_Accused,INSERT,58,2019-03-27 11:09:21,{},"{""Status"": ""Closed""}"
1291,FIR,UPDATE,256,2019-12-11 19:42:32,"{""Status"": ""Open""}","{""Status"": ""Under Investigation""}"
1292,FIR,INSERT,148,2023-04-03 18:42:01,{},"{""Status"": ""Closed""}"
1293,Complaint,INSERT,50,2021-02-07 02:00:32,{},"{""Status"": ""Under Investigation""}"
1294,Case_Status,UPDATE,123,2022-03-27 22:46:11,"{""Status"": ""Under Investigation""}","{""Status"": ""Closed""}"
1295,FIR_Accused,INSERT,259,2023-01-04 20:46:41,{},"{""Status"": ""Under Investigation""}"
1296,FIR,INSERT,96,2020-06-07 23:24:49,{},"{""Status"": ""Under Investigation""}"
1297,Accused,INSERT,249,2019-04-24 17:19:54,{},"{""Status"": ""Closed""}"
1298,Case_Status,UPDATE,249,2020-05-10 04:37:20,"{""Status"": ""Open""}","{""Status"": ""Closed""}"
1299,FIR,INSERT,138,2019-02-27 14:08:06,{},"{""Status"": ""Under Investigation""}"
1300,Case_Status,UPDATE,229,2020-04-21 23:08:22,"{""Status"": ""Open""}","{""Status"": ""Under Investigation""}"
1301,Complaint,INSERT,41,2021-07-17 12:20:22,{},"{""Status"": ""Closed""}"
1302,FIR,UPDATE,212,2021-11-19 07:34:50,"{""Status"": ""Open""}","{""Status"": ""Closed""}"
1303,FIR,INSERT,259,2023-05-18 20:31:41,{},"{""Status"": ""Under Investigation""}"
1304,FIR,INSERT,112,2022-06-14 03:36:29,{},"{""Status"": ""Closed""}"
1305,Complaint,INSERT,141,2020-04-07 16:06:01,{},"{""Status"": ""Closed""}"
1306,Suspects,INSERT,158,2021-07-12 15:10:35,{},"{""Status"": ""Closed""}"
1307,Evidence,INSERT,274,2020-05-14 12:34:12,{},"{""Status"": ""Closed""}"
1308,Evidence,INSERT,207,2022-05-08 15:27:11,{},"{""Status"": ""Closed""}"
1309,Accused,INSERT,149,2023-05-20 11:05:19,{},"{""Status"": ""Closed""}"
1310,Case_Status,UPDATE,38,2021-03-12 10:01:45,"{""Status"": ""Under Investigation""}","{""Status"": ""Under Investigation""}"
1311,FIR,UPDATE,87,2022-02-23 11:37:25,"{""Status"": ""Under Investigation""}","{""Status"": ""Closed""}"
1312,FIR_Accused,INSERT,56,2022-08-17 22:42:28,{},"{""Status"": ""Under Investigation""}"
1313,Suspects,INSERT,123,2020-05-09 00:02:31,{},"{""Status"": ""Under Investigation""}"
1314,FIR,UPDATE,169,2020-09-26 19:44:30,"{""Status"": ""Under Investigation""}","{""Status"": ""Under Investigation""}"
1315,Complaint,INSERT,259,2019-01-11 09:16:09,{},"{""Status"": ""Under Investigation""}"
1316,Suspects,INSERT,231,2022-09-21 22:58:39,{},"{""Status"": ""Under Investigation""}"
1317,FIR,UPDATE,266,2019-08-18 09:50:17,"{""Status"": ""Open""}","{""Status"": ""Under Investigation""}"
1318,Accused,INSERT,143,2020-10-06 18:08:31,{},"{""Status"": ""Under Investigation""}"
1319,Complaint,INSERT,175,2022-02-10 03:48:27,{},"{""Status"": ""Under Investigation""}"
1320,FIR,UPDATE,173,2020-12-30 03:36:26,"{""Status"": ""Open""}","{""Status"": ""Under Investigation""}"
1321,Accused,INSERT,270,2023-09-28 11:54:55,{},"{""Status"": ""Under Investigation""}"
1322,Accused,INSERT,215,2020-10-19 02:30:44,{},"{""Status"": ""Under Investigation""}"
1323,FIR_Accused,INSERT,9,2022-09-28 13:59:37,{},"{""Status"": ""Closed""}"
1324,Accused,INSERT,131,2019-03-27 02:00:41,{},"{""Status"": ""Under Investigation""}"
1325,Accused,INSERT,206,2022-08-10 13:37:22,{},"{""Status"": ""Closed""}"
1326,FIR,INSERT,71,2019-04-19 20:29:17,{},"{""Status"": ""Closed""}"
1327,FIR,INSERT,53,2020-10-30 23:05:55,{},"{""Status"": ""Closed""}"
1328,Case_Status,UPDATE,9,2023-10-04 15:51:19,"{""Status"": ""Open""}","{""Status"": ""Under Investigation""}"
1329,FIR,UPDATE,185,2022-06-03 10:38:14,"{""Status"": ""Under Investigation""}","{""Status"": ""Closed""}"
1330,Suspects,INSERT,28,2021-05-26 12:09:39,{},"{""Status"": ""Closed""}"
1331,FIR,INSERT,119,2021-06-13 06:36:50,{},"{""Status"": ""Under Investigation""}"
1332,FIR_Accused,INSERT,124,2020-11-20 18:03:05,{},"{""Status"": ""Under Investigation""}"
1333,Case_Status,UPDATE,2,2021-12-06 23:08:13,"{""Status"": ""Under Investigation""}","{""Status"": ""Closed""}"
1334,Suspects,INSERT,187,2023-09-16 09:39:13,{},"{""Status"": ""Closed""}"
1335,FIR,INSERT,33,2020-02-08 04:19:48,{},"{""Status"": ""Under Investigation""}"
1336,Case_Status,UPDATE,12,2021-12-18 13:42:14,"{""Status"": ""Under Investigation""}","{""Status"": ""Under Investigation""}"
1337,Accused,INSERT,119,2020-01-20 14:20:48,{},"{""Status"": ""Under Investigation""}"
1338,FIR,INSERT,155,2023-08-12 12:44:33,{},"{""Status"": ""Under Investigation""}"
1339,FIR,UPDATE,67,2022-11-28 20:51:14,"{""Status"": ""Open""}","{""Status"": ""Closed""}"
1340,Accused,INSERT,199,2022-04-20 09:35:48,{},"{""Status"": ""Under Investigation""}"
1341,FIR,INSERT,82,2019-06-13 10:01:42,{},"{""Status"": ""Closed""}"
1342,Complaint,INSERT,6,2021-12-02 19:59:19,{},"{""Status"": ""Closed""}"
1343,Complaint,INSERT,243,2023-08-15 07:43:22,{},"{""Status"": ""Under Investigation""}"
1344,FIR_Accused,INSERT,252,2021-03-13 04:40:01,{},"{""Status"": ""Under Investigation""}"
1345,Suspects,INSERT,138,2020-08-02 16:38:32,{},"{""Status"": ""Closed""}"
1346,Evidence,INSERT,65,2021-09-30 00:27:38,{},"{""Status"": ""Closed""}"
1347,FIR,INSERT,202,2021-10-21 20:58:56,{},"{""Status"": ""Closed""}"
1348,Evidence,INSERT,65,2019-01-24 12:18:17,{},"{""Status"": ""Closed""}"
1349,FIR,INSERT,155,2023-03-07 06:09:25,{},"{""Status"": ""Closed""}"
1350,Evidence,INSERT,241,2022-05-12 12:18:59,{},"{""Status"": ""Closed""}"
1351,Accused,INSERT,122,2019-11-30 06:01:43,{},"{""Status"": ""Closed""}"
1352,Suspects,INSERT,193,2019-07-12 05:07:36,{},"{""Status"": ""Closed""}"
1353,Evidence,INSERT,158,2020-11-13 07:58:18,{},"{""Status"": ""Closed""}"
1354,Suspects,INSERT,31,2021-03-22 15:42:26,{},"{""Status"": ""Under Investigation""}"
1355,Case_Status,UPDATE,40,2019-09-09 03:45:35,"{""Status"": ""Open""}","{""Status"": ""Closed""}"
1356,Case_Status,UPDATE,235,2023-08-21 20:01:27,"{""Status"": ""Open""}","{""Status"": ""Under Investigation""}"
1357,Complaint,INSERT,56,2021-01-03 15:27:35,{},"{""Status"": ""Under Investigation""}"
1358,Suspects,INSERT,251,2021-08-08 05:27:31,{},"{""Status"": ""Under Investigation""}"
1359,FIR,INSERT,135,2020-01-28 17:54:29,{},"{""Status"": ""Under Investigation""}"
1360,FIR,UPDATE,171,2020-07-07 11:47:18,"{""Status"": ""Open""}","{""Status"": ""Under Investigation""}"
1361,FIR_Accused,INSERT,250,2020-12-27 12:01:39,{},"{""Status"": ""Closed""}"
1362,FIR_Accused,INSERT,172,2022-10-15 23:56:42,{},"{""Status"": ""Under Investigation""}"
1363,Complaint,INSERT,173,2021-06-23 19:52:42,{},"{""Status"": ""Closed""}"
1364,FIR,INSERT,157,2020-01-28 18:42:05,{},"{""Status"": ""Under Investigation""}"
1365,Evidence,INSERT,58,2022-12-11 10:44:42,{},"{""Status"": ""Under Investigation""}"
1366,Evidence,INSERT,222,2020-04-09 22:10:24,{},"{""Status"": ""Closed""}"
1367,FIR,UPDATE,212,2022-09-10 01:53:07,"{""Status"": ""Under Investigation""}","{""Status"": ""Under Investigation""}"
1368,FIR,UPDATE,31,2019-07-21 12:24:00,"{""Status"": ""Open""}","{""Status"": ""Under Investigation""}"
1369,FIR_Accused,INSERT,146,2023-05-16 08:50:10,{},"{""Status"": ""Closed""}"
1370,Case_Status,UPDATE,129,2020-05-01 12:33:51,"{""Status"": ""Open""}","{""Status"": ""Under Investigation""}"
1371,Evidence,INSERT,180,2023-09-05 12:52:49,{},"{""Status"": ""Closed""}"
1372,Complaint,INSERT,109,2020-06-23 13:23:03,{},"{""Status"": ""Under Investigation""}"
1373,FIR_Accused,INSERT,271,2022-09-10 04:53:18,{},"{""Status"": ""Under Investigation""}"
1374,FIR,UPDATE,22,2020-12-14 05:48:40,"{""Status"": ""Under Investigation""}","{""Status"": ""Closed""}"
1375,Accused,INSERT,10,2022-07-17 16:41:52,{},"{""Status"": ""Under Investigation""}"
1376,Case_Status,UPDATE,125,2019-12-10 00:21:12,"{""Status"": ""Under Investigation""}","{""Status"": ""Closed""}"
1377,Evidence,INSERT,139,2022-02-24 00:39:20,{},"{""Status"": ""Closed""}"
1378,Evidence,INSERT,250,2020-06-09 10:09:43,{},"{""Status"": ""Closed""}"
1379,FIR,INSERT,214,2020-03-08 15:37:17,{},"{""Status"": ""Closed""}"
1380,FIR,INSERT,13,2019-08-11 00:28:27,{},"{""Status"": ""Closed""}"
1381,FIR,UPDATE,184,2022-08-06 22:03:29,"{""Status"": ""Under Investigation""}","{""Status"": ""Under Investigation""}"
1382,FIR,INSERT,147,2020-06-01 08:36:59,{},"{""Status"": ""Under Investigation""}"
1383,Accused,INSERT,247,2022-05-04 08:19:48,{},"{""Status"": ""Under Investigation""}"
1384,Evidence,INSERT,18,2022-12-11 03:22:46,{},"{""Status"": ""Closed""}"
1385,Accused,INSERT,46,2023-09-07 10:19:04,{},"{""Status"": ""Under Investigation""}"
1386,FIR,UPDATE,144,2021-03-31 03:45:00,"{""Status"": ""Under Investigation""}","{""Status"": ""Closed""}"
1387,FIR,INSERT,162,2022-01-26 00:51:38,{},"{""Status"": ""Under Investigation""}"
1388,Evidence,INSERT,122,2021-10-06 06:50:05,{},"{""Status"": ""Closed""}"
1389,Suspects,INSERT,129,2021-05-22 22:57:55,{},"{""Status"": ""Under Investigation""}"
1390,Evidence,INSERT,222,2019-11-23 06:15:43,{},"{""Status"": ""Under Investigation""}"
1391,Evidence,INSERT,80,2020-07-07 05:09:19,{},"{""Status"": ""Under Investigation""}"
1392,Suspects,INSERT,90,2023-10-29 01:05:16,{},"{""Status"": ""Closed""}"
1393,Complaint,INSERT,136,2021-12-19 21:32:10,{},"{""Status"": ""Closed""}"
1394,Accused,INSERT,68,2019-08-19 05:14:11,{},"{""Status"": ""Closed""}"
1395,FIR_Accused,INSERT,215,2023-03-26 22:24:01,{},"{""Status"": ""Under Investigation""}"
1396,Case_Status,UPDATE,153,2023-06-18 04:43:12,"{""Status"": ""Under Investigation""}","{""Status"": ""Closed""}"
1397,FIR,INSERT,220,2020-01-09 13:00:54,{},"{""Status"": ""Under Investigation""}"
1398,Suspects,INSERT,94,2021-03-10 12:54:33,{},"{""Status"": ""Under Investigation""}"
1399,FIR,INSERT,182,2019-07-18 18:36:18,{},"{""Status"": ""Closed""}"
1400,FIR_Accused,INSERT,162,2023-01-12 17:37:41,{},"{""Status"": ""Under Investigation""}"
1401,Accused,INSERT,231,2022-09-21 07:24:03,{},"{""Status"": ""Under Investigation""}"
1402,Accused,INSERT,12,2019-04-17 19:52:03,{},"{""Status"": ""Under Investigation""}"
1403,FIR,INSERT,154,2020-11-12 06:06:20,{},"{""Status"": ""Under Investigation""}"
1404,Evidence,INSERT,35,2022-04-05 21:05:47,{},"{""Status"": ""Closed""}"
1405,Suspects,INSERT,260,2021-01-26 22:52:06,{},"{""Status"": ""Under Investigation""}"
1406,Evidence,INSERT,201,2022-12-09 00:34:59,{},"{""Status"": ""Closed""}"
1407,FIR,UPDATE,193,2020-01-20 04:56:35,"{""Status"": ""Under Investigation""}","{""Status"": ""Under Investigation""}"
1408,Evidence,INSERT,22,2022-07-29 19:52:14,{},"{""Status"": ""Under Investigation""}"
1409,Complaint,INSERT,2,2020-05-15 00:44:32,{},"{""Status"": ""Closed""}"
1410,FIR_Accused,INSERT,49,2023-12-07 20:32:12,{},"{""Status"": ""Under Investigation""}"
1411,Accused,INSERT,143,2021-02-25 11:52:23,{},"{""Status"": ""Closed""}"
1412,Accused,INSERT,267,2021-12-29 22:14:48,{},"{""Status"": ""Under Investigation""}"
1413,Accused,INSERT,247,2020-07-19 14:21:20,{},"{""Status"": ""Under Investigation""}"
1414,Suspects,INSERT,111,2019-01-03 00:42:05,{},"{""Status"": ""Closed""}"
1415,Complaint,INSERT,254,2022-05-07 03:55:20,{},"{""Status"": ""Closed""}"
1416,Suspects,INSERT,48,2019-11-21 23:36:58,{},"{""Status"": ""Closed""}"
1417,Accused,INSERT,216,2023-11-14 10:44:31,{},"{""Status"": ""Under Investigation""}"
1418,Suspects,INSERT,105,2021-02-16 17:07:27,{},"{""Status"": ""Under Investigation""}"
1419,Case_Status,UPDATE,5,2019-11-07 12:17:21,"{""Status"": ""Under Investigation""}","{""Status"": ""Closed""}"
1420,Accused,INSERT,207,2020-07-26 19:42:09,{},"{""Status"": ""Under Investigation""}"
1421,Evidence,INSERT,224,2020-05-20 10:50:45,{},"{""Status"": ""Closed""}"
1422,Accused,INSERT,254,2021-10-09 23:17:18,{},"{""Status"": ""Closed""}"
1423,Evidence,INSERT,5,2020-04-02 14:27:43,{},"{""Status"": ""Closed""}"
1424,Evidence,INSERT,126,2022-12-04 04:13:18,{},"{""Status"": ""Under Investigation""}"
1425,Suspects,INSERT,193,2023-03-03 05:15:37,{},"{""Status"": ""Closed""}"
1426,Case_Status,UPDATE,102,2023-10-02 12:35:46,"{""Status"": ""Open""}","{""Status"": ""Closed""}"
1427,Case_Status,UPDATE,80,2019-09-22 00:44:53,"{""Status"": ""Open""}","{""Status"": ""Closed""}"
1428,Case_Status,UPDATE,195,2019-09-14 02:09:07,"{""Status"": ""Under Investigation""}","{""Status"": ""Closed""}"
1429,Accused,INSERT,253,2020-06-21 05:09:35,{},"{""Status"": ""Closed""}"
1430,FIR,UPDATE,110,2020-12-30 10:02:03,"{""Status"": ""Under Investigation""}","{""Status"": ""Under Investigation""}"
1431,Accused,INSERT,101,2019-02-12 11:08:47,{},"{""Status"": ""Under Investigation""}"
1432,Case_Status,UPDATE,126,2021-11-02 08:57:29,"{""Status"": ""Under Investigation""}","{""Status"": ""Under Investigation""}"
1433,FIR,UPDATE,29,2022-09-02 05:57:41,"{""Status"": ""Open""}","{""Status"": ""Closed""}"
1434,FIR_Accused,INSERT,142,2019-05-02 22:01:46,{},"{""Status"": ""Closed""}"
1435,Evidence,INSERT,103,2020-02-04 06:12:13,{},"{""Status"": ""Closed""}"
1436,FIR,UPDATE,105,2020-07-23 16:21:57,"{""Status"": ""Under Investigation""}","{""Status"": ""Closed""}"
1437,Accused,INSERT,15,2021-11-14 09:58:55,{},"{""Status"": ""Under Investigation""}"
1438,Complaint,INSERT,257,2020-10-07 17:27:11,{},"{""Status"": ""Closed""}"
1439,Case_Status,UPDATE,152,2021-08-30 21:14:10,"{""Status"": ""Open""}","{""Status"": ""Under Investigation""}"
1440,FIR_Accused,INSERT,103,2022-11-07 19:23:11,{},"{""Status"": ""Under Investigation""}"
1441,Case_Status,UPDATE,35,2023-01-19 14:07:59,"{""Status"": ""Under Investigation""}","{""Status"": ""Under Investigation""}"
1442,FIR_Accused,INSERT,217,2022-11-28 05:45:40,{},"{""Status"": ""Under Investigation""}"
1443,FIR,UPDATE,69,2019-02-13 06:15:12,"{""Status"": ""Open""}","{""Status"": ""Under Investigation""}"
1444,Evidence,INSERT,111,2022-06-17 06:03:41,{},"{""Status"": ""Under Investigation""}"
1445,Evidence,INSERT,136,2020-11-17 15:04:42,{},"{""Status"": ""Under Investigation""}"
1446,Evidence,INSERT,29,2022-05-23 22:17:41,{},"{""Status"": ""Under Investigation""}"
1447,FIR_Accused,INSERT,204,2023-12-19 03:13:29,{},"{""Status"": ""Closed""}"
1448,FIR,UPDATE,233,2023-01-21 06:33:19,"{""Status"": ""Open""}","{""Status"": ""Under Investigation""}"
1449,FIR,UPDATE,49,2022-08-08 10:24:05,"{""Status"": ""Under Investigation""}","{""Status"": ""Closed""}"
1450,Evidence,INSERT,270,2021-02-21 14:39:37,{},"{""Status"": ""Closed""}"
1451,Complaint,INSERT,222,2023-05-18 18:09:11,{},"{""Status"": ""Closed""}"
1452,Accused,INSERT,20,2023-05-14 09:06:54,{},"{""Status"": ""Closed""}"
1453,Evidence,INSERT,44,2021-01-29 07:19:49,{},"{""Status"": ""Closed""}"
1454,Case_Status,UPDATE,239,2021-03-04 23:59:53,"{""Status"": ""Open""}","{""Status"": ""Under Investigation""}"
1455,Accused,INSERT,161,2022-01-28 04:20:08,{},"{""Status"": ""Closed""}"
1456,Complaint,INSERT,147,2020-03-22 20:20:39,{},"{""Status"": ""Closed""}"
1457,Case_Status,UPDATE,130,2019-04-03 18:04:27,"{""Status"": ""Under Investigation""}","{""Status"": ""Closed""}"
1458,Suspects,INSERT,221,2022-12-25 23:41:39,{},"{""Status"": ""Closed""}"
1459,Suspects,INSERT,43,2021-04-20 02:19:08,{},"{""Status"": ""Closed""}"
1460,FIR,UPDATE,8,2023-01-25 18:43:55,"{""Status"": ""Under Investigation""}","{""Status"": ""Closed""}"
1461,Case_Status,UPDATE,204,2021-07-04 20:38:06,"{""Status"": ""Under Investigation""}","{""Status"": ""Under Investigation""}"
1462,FIR,INSERT,83,2021-02-02 07:13:02,{},"{""Status"": ""Closed""}"
1463,Case_Status,UPDATE,219,2021-07-05 17:58:26,"{""Status"": ""Open""}","{""Status"": ""Under Investigation""}"
1464,FIR_Accused,INSERT,212,2022-10-17 16:26:52,{},"{""Status"": ""Closed""}"
1465,Evidence,INSERT,256,2021-02-13 16:05:37,{},"{""Status"": ""Closed""}"
1466,Suspects,INSERT,250,2020-04-28 19:50:16,{},"{""Status"": ""Under Investigation""}"
1467,Evidence,INSERT,104,2021-10-19 15:36:48,{},"{""Status"": ""Under Investigation""}"
1468,Complaint,INSERT,223,2019-03-17 00:45:16,{},"{""Status"": ""Under Investigation""}"
1469,Case_Status,UPDATE,98,2022-11-29 03:57:32,"{""Status"": ""Open""}","{""Status"": ""Under Investigation""}"
1470,Evidence,INSERT,186,2022-11-24 22:43:58,{},"{""Status"": ""Under Investigation""}"
1471,FIR,INSERT,98,2022-11-04 08:34:10,{},"{""Status"": ""Closed""}"
1472,Accused,INSERT,212,2022-08-27 21:06:32,{},"{""Status"": ""Under Investigation""}"
1473,Evidence,INSERT,93,2019-08-20 12:13:52,{},"{""Status"": ""Closed""}"
1474,Accused,INSERT,108,2019-07-07 13:54:35,{},"{""Status"": ""Under Investigation""}"
1475,Accused,INSERT,161,2019-09-23 04:15:40,{},"{""Status"": ""Under Investigation""}"
1476,Complaint,INSERT,274,2019-05-24 01:00:07,{},"{""Status"": ""Closed""}"
1477,Evidence,INSERT,186,2021-07-29 15:54:54,{},"{""Status"": ""Under Investigation""}"
1478,Accused,INSERT,165,2019-04-09 15:03:55,{},"{""Status"": ""Under Investigation""}"
1479,FIR_Accused,INSERT,227,2020-12-08 20:12:05,{},"{""Status"": ""Under Investigation""}"
1480,FIR,INSERT,53,2019-04-26 11:16:10,{},"{""Status"": ""Under Investigation""}"
1481,Accused,INSERT,121,2019-06-21 06:46:26,{},"{""Status"": ""Under Investigation""}"
1482,Accused,INSERT,176,2021-05-21 00:09:09,{},"{""Status"": ""Closed""}"
1483,Evidence,INSERT,74,2022-12-12 15:27:37,{},"{""Status"": ""Closed""}"
1484,FIR,INSERT,90,2023-06-04 16:09:02,{},"{""Status"": ""Closed""}"
1485,Suspects,INSERT,139,2022-12-24 21:18:47,{},"{""Status"": ""Closed""}"
1486,Accused,INSERT,155,2019-08-23 02:40:26,{},"{""Status"": ""Under Investigation""}"
1487,Case_Status,UPDATE,259,2022-06-29 09:42:27,"{""Status"": ""Under Investigation""}","{""Status"": ""Under Investigation""}"
1488,Complaint,INSERT,245,2022-07-24 04:26:07,{},"{""Status"": ""Closed""}"
1489,Evidence,INSERT,46,2022-01-22 18:03:51,{},"{""Status"": ""Under Investigation""}"
1490,FIR,INSERT,118,2023-10-18 12:37:40,{},"{""Status"": ""Closed""}"
1491,FIR_Accused,INSERT,235,2023-10-15 06:16:58,{},"{""Status"": ""Under Investigation""}"
1492,Accused,INSERT,191,2021-12-27 07:12:21,{},"{""Status"": ""Closed""}"
1493,Evidence,INSERT,97,2021-10-27 03:38:30,{},"{""Status"": ""Closed""}"
1494,Accused,INSERT,18,2023-03-28 22:09:17,{},"{""Status"": ""Under Investigation""}"
1495,Evidence,INSERT,260,2021-12-30 12:01:07,{},"{""Status"": ""Closed""}"
1496,FIR,UPDATE,46,2022-11-15 17:12:39,"{""Status"": ""Open""}","{""Status"": ""Closed""}"
1497,Complaint,INSERT,256,2021-02-23 01:20:06,{},"{""Status"": ""Closed""}"
1498,Evidence,INSERT,123,2019-11-06 13:48:45,{},"{""Status"": ""Under Investigation""}"
1499,Complaint,INSERT,51,2021-01-11 05:48:12,{},"{""Status"": ""Closed""}"
1500,FIR,INSERT,158,2020-09-12 05:07:08,{},"{""Status"": ""Closed""}"
1501,FIR_Accused,INSERT,184,2019-07-01 14:32:36,{},"{""Status"": ""Under Investigation""}"
1502,Accused,INSERT,164,2023-01-15 03:46:09,{},"{""Status"": ""Closed""}"
1503,Suspects,INSERT,106,2020-09-18 04:03:32,{},"{""Status"": ""Closed""}"
1504,Evidence,INSERT,160,2021-04-12 03:42:35,{},"{""Status"": ""Under Investigation""}"
1505,FIR,INSERT,5,2021-10-27 10:28:46,{},"{""Status"": ""Under Investigation""}"
1506,Suspects,INSERT,270,2023-02-05 02:07:01,{},"{""Status"": ""Closed""}"
1507,Evidence,INSERT,47,2020-10-28 16:03:57,{},"{""Status"": ""Under Investigation""}"
1508,Complaint,INSERT,155,2023-08-24 06:41:24,{},"{""Status"": ""Under Investigation""}"
1509,FIR,INSERT,267,2023-08-23 12:59:00,{},"{""Status"": ""Closed""}"
1510,Accused,INSERT,224,2021-08-29 04:32:48,{},"{""Status"": ""Under Investigation""}"
1511,Evidence,INSERT,29,2023-02-24 12:32:53,{},"{""Status"": ""Closed""}"
1512,FIR_Accused,INSERT,169,2020-04-14 00:03:14,{},"{""Status"": ""Closed""}"
1513,Evidence,INSERT,4,2019-07-04 15:50:52,{},"{""Status"": ""Closed""}"
1514,FIR,UPDATE,243,2020-12-22 11:39:29,"{""Status"": ""Open""}","{""Status"": ""Under Investigation""}"
1515,Case_Status,UPDATE,38,2022-06-19 14:05:29,"{""Status"": ""Open""}","{""Status"": ""Under Investigation""}"
1516,Case_Status,UPDATE,25,2019-11-20 01:20:27,"{""Status"": ""Open""}","{""Status"": ""Closed""}"
1517,Accused,INSERT,68,2021-11-27 16:47:38,{},"{""Status"": ""Under Investigation""}"
1518,Evidence,INSERT,90,2023-01-16 02:30:46,{},"{""Status"": ""Closed""}"
1519,Evidence,INSERT,127,2020-08-13 18:21:59,{},"{""Status"": ""Under Investigation""}"
1520,Accused,INSERT,151,2022-04-04 13:20:51,{},"{""Status"": ""Under Investigation""}"
1521,FIR_Accused,INSERT,129,2019-09-19 20:11:03,{},"{""Status"": ""Closed""}"
1522,Evidence,INSERT,238,2023-09-24 00:44:30,{},"{""Status"": ""Closed""}"
1523,FIR,INSERT,211,2021-10-17 03:39:59,{},"{""Status"": ""Under Investigation""}"
1524,Accused,INSERT,35,2022-03-16 20:30:29,{},"{""Status"": ""Closed""}"
1525,FIR_Accused,INSERT,137,2021-03-03 18:48:50,{},"{""Status"": ""Under Investigation""}"
1526,Evidence,INSERT,219,2019-01-22 10:27:12,{},"{""Status"": ""Under Investigation""}"
1527,Suspects,INSERT,121,2019-10-01 23:58:03,{},"{""Status"": ""Closed""}"
1528,Suspects,INSERT,232,2022-02-26 06:21:19,{},"{""Status"": ""Closed""}"
1529,FIR_Accused,INSERT,213,2022-03-02 03:47:34,{},"{""Status"": ""Closed""}"
1530,Evidence,INSERT,166,2023-06-07 01:31:17,{},"{""Status"": ""Closed""}"
1531,Case_Status,UPDATE,140,2019-07-03 05:34:25,"{""Status"": ""Open""}","{""Status"": ""Closed""}"
1532,Suspects,INSERT,249,2022-10-04 06:26:12,{},"{""Status"": ""Under Investigation""}"
1533,Case_Status,UPDATE,88,2019-06-08 16:24:45,"{""Status"": ""Under Investigation""}","{""Status"": ""Closed""}"
1534,Evidence,INSERT,166,2023-04-15 15:49:42,{},"{""Status"": ""Closed""}"
1535,Case_Status,UPDATE,178,2021-03-06 02:13:13,"{""Status"": ""Under Investigation""}","{""Status"": ""Closed""}"
1536,Suspects,INSERT,133,2019-02-25 06:17:18,{},"{""Status"": ""Under Investigation""}"
1537,FIR_Accused,INSERT,138,2019-08-30 11:34:29,{},"{""Status"": ""Closed""}"
1538,FIR,INSERT,19,2019-03-05 21:34:52,{},"{""Status"": ""Closed""}"
1539,FIR_Accused,INSERT,33,2022-04-26 09:23:57,{},"{""Status"": ""Under Investigation""}"
1540,Suspects,INSERT,5,2022-01-12 15:10:57,{},"{""Status"": ""Closed""}"
1541,FIR_Accused,INSERT,67,2022-09-12 04:52:54,{},"{""Status"": ""Under Investigation""}"
1542,Complaint,INSERT,88,2020-07-02 10:54:28,{},"{""Status"": ""Closed""}"
1543,FIR_Accused,INSERT,254,2022-12-12 12:04:42,{},"{""Status"": ""Under Investigation""}"
1544,Case_Status,UPDATE,167,2021-02-09 05:12:58,"{""Status"": ""Under Investigation""}","{""Status"": ""Under Investigation""}"
1545,Evidence,INSERT,255,2023-09-11 20:31:08,{},"{""Status"": ""Closed""}"
1546,Accused,INSERT,75,2021-02-11 05:59:14,{},"{""Status"": ""Under Investigation""}"
1547,Suspects,INSERT,72,2021-07-11 02:35:54,{},"{""Status"": ""Closed""}"
1548,Case_Status,UPDATE,152,2023-02-19 19:35:41,"{""Status"": ""Open""}","{""Status"": ""Closed""}"
1549,Case_Status,UPDATE,75,2021-08-09 18:56:14,"{""Status"": ""Under Investigation""}","{""Status"": ""Under Investigation""}"
1550,Suspects,INSERT,30,2019-04-04 07:56:36,{},"{""Status"": ""Closed""}"
1551,FIR,UPDATE,182,2022-03-09 03:21:57,"{""Status"": ""Open""}","{""Status"": ""Closed""}"
1552,FIR_Accused,INSERT,164,2021-03-19 03:06:30,{},"{""Status"": ""Closed""}"
1553,Suspects,INSERT,94,2019-11-25 03:13:39,{},"{""Status"": ""Closed""}"
1554,FIR,UPDATE,39,2021-01-09 19:50:00,"{""Status"": ""Open""}","{""Status"": ""Under Investigation""}"
1555,FIR,INSERT,101,2020-04-25 09:15:08,{},"{""Status"": ""Closed""}"
1556,FIR_Accused,INSERT,28,2022-03-23 19:18:49,{},"{""Status"": ""Under Investigation""}"
1557,FIR,UPDATE,241,2022-12-17 19:26:22,"{""Status"": ""Open""}","{""Status"": ""Under Investigation""}"
1558,Complaint,INSERT,13,2020-02-03 02:51:40,{},"{""Status"": ""Closed""}"
1559,Complaint,INSERT,240,2023-10-15 00:26:08,{},"{""Status"": ""Closed""}"
1560,Accused,INSERT,58,2019-06-28 02:39:37,{},"{""Status"": ""Closed""}"
1561,Evidence,INSERT,189,2023-12-01 02:35:31,{},"{""Status"": ""Closed""}"
1562,FIR,UPDATE,29,2021-09-29 10:23:52,"{""Status"": ""Under Investigation""}","{""Status"": ""Under Investigation""}"
1563,FIR,INSERT,209,2022-07-12 08:29:26,{},"{""Status"": ""Closed""}"
1564,Case_Status,UPDATE,179,2020-04-26 03:10:26,"{""Status"": ""Open""}","{""Status"": ""Under Investigation""}"
1565,Suspects,INSERT,143,2019-03-15 14:09:07,{},"{""Status"": ""Under Investigation""}"
1566,Evidence,INSERT,218,2021-02-28 06:35:55,{},"{""Status"": ""Under Investigation""}"
1567,FIR,UPDATE,27,2021-09-11 17:35:26,"{""Status"": ""Open""}","{""Status"": ""Under Investigation""}"
1568,FIR_Accused,INSERT,175,2023-03-14 04:30:22,{},"{""Status"": ""Closed""}"
1569,Suspects,INSERT,111,2020-04-24 01:25:46,{},"{""Status"": ""Under Investigation""}"
1570,Evidence,INSERT,274,2022-02-05 21:47:24,{},"{""Status"": ""Closed""}"
1571,FIR,UPDATE,75,2019-03-07 05:38:16,"{""Status"": ""Open""}","{""Status"": ""Closed""}"
1572,FIR,INSERT,53,2023-07-30 12:56:34,{},"{""Status"": ""Closed""}"
1573,FIR_Accused,INSERT,173,2020-07-01 09:38:36,{},"{""Status"": ""Closed""}"
1574,Complaint,INSERT,32,2021-01-20 23:23:55,{},"{""Status"": ""Under Investigation""}"
1575,Evidence,INSERT,215,2019-04-06 10:34:25,{},"{""Status"": ""Under Investigation""}"
1576,Complaint,INSERT,106,2022-06-08 10:25:13,{},"{""Status"": ""Under Investigation""}"
1577,Complaint,INSERT,77,2023-11-21 17:56:23,{},"{""Status"": ""Closed""}"
1578,Case_Status,UPDATE,175,2022-11-19 10:29:29,"{""Status"": ""Under Investigation""}","{""Status"": ""Under Investigation""}"
1579,FIR,INSERT,222,2021-09-10 16:13:45,{},"{""Status"": ""Under Investigation""}"
1580,Case_Status,UPDATE,36,2021-07-22 14:00:27,"{""Status"": ""Open""}","{""Status"": ""Under Investigation""}"
1581,Suspects,INSERT,187,2022-12-21 03:05:59,{},"{""Status"": ""Under Investigation""}"
1582,Complaint,INSERT,136,2019-09-14 10:19:00,{},"{""Status"": ""Closed""}"
1583,Case_Status,UPDATE,110,2019-09-12 21:26:14,"{""Status"": ""Under Investigation""}","{""Status"": ""Under Investigation""}"
1584,FIR,UPDATE,151,2023-03-12 15:28:00,"{""Status"": ""Open""}","{""Status"": ""Closed""}"
1585,Complaint,INSERT,146,2023-02-05 06:34:41,{},"{""Status"": ""Closed""}"
1586,FIR_Accused,INSERT,249,2019-09-03 16:23:09,{},"{""Status"": ""Closed""}"
1587,Complaint,INSERT,171,2022-02-11 17:37:18,{},"{""Status"": ""Under Investigation""}"
1588,Case_Status,UPDATE,202,2020-03-14 09:50:59,"{""Status"": ""Open""}","{""Status"": ""Closed""}"
1589,Accused,INSERT,257,2022-09-26 21:25:42,{},"{""Status"": ""Under Investigation""}"
1590,Evidence,INSERT,214,2021-12-14 02:38:17,{},"{""Status"": ""Closed""}"
1591,FIR_Accused,INSERT,214,2019-12-20 05:29:56,{},"{""Status"": ""Closed""}"
1592,Complaint,INSERT,57,2022-08-18 02:32:37,{},"{""Status"": ""Closed""}"
1593,FIR,UPDATE,142,2019-08-07 21:17:52,"{""Status"": ""Under Investigation""}","{""Status"": ""Under Investigation""}"
1594,Accused,INSERT,263,2019-08-06 16:59:06,{},"{""Status"": ""Closed""}"
1595,FIR,INSERT,70,2020-03-12 03:48:53,{},"{""Status"": ""Closed""}"
1596,Evidence,INSERT,266,2019-03-30 03:30:41,{},"{""Status"": ""Closed""}"
1597,FIR,INSERT,274,2021-01-28 18:01:47,{},"{""Status"": ""Closed""}"
1598,Accused,INSERT,16,2019-05-04 00:13:38,{},"{""Status"": ""Under Investigation""}"
1599,Case_Status,UPDATE,123,2021-11-30 20:29:14,"{""Status"": ""Under Investigation""}","{""Status"": ""Under Investigation""}"
1600,Suspects,INSERT,78,2021-02-16 14:05:53,{},"{""Status"": ""Closed""}"
1601,Suspects,INSERT,160,2023-02-24 23:15:43,{},"{""Status"": ""Under Investigation""}"
1602,Complaint,INSERT,18,2019-08-22 17:22:30,{},"{""Status"": ""Closed""}"
1603,Complaint,INSERT,99,2020-06-08 13:50:27,{},"{""Status"": ""Under Investigation""}"
1604,Complaint,INSERT,145,2020-03-11 15:31:03,{},"{""Status"": ""Under Investigation""}"
1605,FIR,UPDATE,98,2023-02-24 08:01:03,"{""Status"": ""Under Investigation""}","{""Status"": ""Under Investigation""}"
1606,Suspects,INSERT,269,2022-12-22 12:33:57,{},"{""Status"": ""Closed""}"
1607,Accused,INSERT,31,2020-11-19 19:24:49,{},"{""Status"": ""Closed""}"
1608,Evidence,INSERT,169,2019-01-03 15:07:42,{},"{""Status"": ""Under Investigation""}"
1609,Accused,INSERT,180,2022-08-18 18:43:36,{},"{""Status"": ""Closed""}"
1610,FIR_Accused,INSERT,21,2022-12-03 00:43:00,{},"{""Status"": ""Under Investigation""}"
1611,FIR,UPDATE,52,2019-05-22 22:56:43,"{""Status"": ""Open""}","{""Status"": ""Closed""}"
1612,Complaint,INSERT,259,2020-11-07 10:46:30,{},"{""Status"": ""Under Investigation""}"
1613,FIR,UPDATE,157,2019-09-08 06:52:23,"{""Status"": ""Under Investigation""}","{""Status"": ""Closed""}"
1614,Case_Status,UPDATE,47,2020-08-27 22:26:36,"{""Status"": ""Open""}","{""Status"": ""Closed""}"
1615,FIR_Accused,INSERT,198,2023-09-07 03:38:04,{},"{""Status"": ""Under Investigation""}"
1616,Complaint,INSERT,124,2020-10-16 17:47:13,{},"{""Status"": ""Under Investigation""}"
1617,Complaint,INSERT,181,2022-03-12 20:18:59,{},"{""Status"": ""Under Investigation""}"
1618,Accused,INSERT,250,2023-08-12 07:58:52,{},"{""Status"": ""Under Investigation""}"
1619,FIR,UPDATE,52,2022-11-15 13:39:19,"{""Status"": ""Open""}","{""Status"": ""Under Investigation""}"
1620,Suspects,INSERT,178,2019-02-25 18:38:52,{},"{""Status"": ""Under Investigation""}"
1621,Evidence,INSERT,247,2020-02-25 17:51:47,{},"{""Status"": ""Under Investigation""}"
1622,Case_Status,UPDATE,235,2022-02-13 14:15:32,"{""Status"": ""Open""}","{""Status"": ""Under Investigation""}"
1623,FIR,INSERT,221,2023-07-14 14:12:32,{},"{""Status"": ""Closed""}"
1624,Complaint,INSERT,210,2022-06-12 09:36:24,{},"{""Status"": ""Under Investigation""}"
1625,FIR,UPDATE,230,2023-09-11 22:30:45,"{""Status"": ""Open""}","{""Status"": ""Under Investigation""}"
1626,Complaint,INSERT,243,2023-10-29 04:30:43,{},"{""Status"": ""Closed""}"
1627,Evidence,INSERT,183,2022-11-18 14:02:45,{},"{""Status"": ""Closed""}"
1628,Case_Status,UPDATE,132,2019-06-12 04:18:25,"{""Status"": ""Under Investigation""}","{""Status"": ""Under Investigation""}"
1629,Accused,INSERT,42,2020-08-18 12:46:26,{},"{""Status"": ""Under Investigation""}"
1630,FIR_Accused,INSERT,141,2023-02-22 23:29:37,{},"{""Status"": ""Closed""}"
1631,Complaint,INSERT,154,2021-09-19 01:08:04,{},"{""Status"": ""Closed""}"
1632,Evidence,INSERT,245,2023-01-10 21:29:01,{},"{""Status"": ""Closed""}"
1633,Complaint,INSERT,63,2019-10-11 13:44:40,{},"{""Status"": ""Under Investigation""}"
1634,Complaint,INSERT,62,2022-11-01 11:34:01,{},"{""Status"": ""Under Investigation""}"
1635,Suspects,INSERT,5,2020-04-08 22:56:40,{},"{""Status"": ""Under Investigation""}"
1636,FIR_Accused,INSERT,111,2020-05-26 02:14:15,{},"{""Status"": ""Closed""}"
1637,FIR,INSERT,137,2021-07-02 19:31:46,{},"{""Status"": ""Under Investigation""}"
1638,Accused,INSERT,122,2023-07-23 09:01:48,{},"{""Status"": ""Under Investigation""}"
1639,Suspects,INSERT,267,2021-10-04 07:13:13,{},"{""Status"": ""Closed""}"
1640,Complaint,INSERT,45,2020-05-05 07:32:24,{},"{""Status"": ""Closed""}"
1641,Accused,INSERT,241,2022-06-02 23:14:40,{},"{""Status"": ""Closed""}"
1642,FIR,UPDATE,261,2023-12-06 14:45:38,"{""Status"": ""Under Investigation""}","{""Status"": ""Under Investigation""}"
1643,Evidence,INSERT,79,2022-05-09 09:46:43,{},"{""Status"": ""Under Investigation""}"
1644,Case_Status,UPDATE,200,2019-06-17 19:09:57,"{""Status"": ""Open""}","{""Status"": ""Closed""}"
1645,Suspects,INSERT,211,2022-07-05 18:02:29,{},"{""Status"": ""Closed""}"
1646,FIR_Accused,INSERT,53,2021-08-20 14:41:19,{},"{""Status"": ""Under Investigation""}"
1647,Accused,INSERT,44,2022-06-16 23:59:39,{},"{""Status"": ""Under Investigation""}"
1648,Evidence,INSERT,97,2021-12-26 15:04:15,{},"{""Status"": ""Under Investigation""}"
1649,FIR_Accused,INSERT,86,2022-05-21 15:04:20,{},"{""Status"": ""Under Investigation""}"
1650,FIR,INSERT,273,2019-10-13 04:52:13,{},"{""Status"": ""Under Investigation""}"
1651,Evidence,INSERT,81,2020-03-28 07:40:38,{},"{""Status"": ""Under Investigation""}"
1652,FIR,UPDATE,168,2023-02-17 22:26:01,"{""Status"": ""Open""}","{""Status"": ""Closed""}"
1653,Complaint,INSERT,256,2021-03-28 02:03:13,{},"{""Status"": ""Closed""}"
1654,FIR,INSERT,166,2023-01-23 01:25:55,{},"{""Status"": ""Under Investigation""}"
1655,FIR,UPDATE,69,2020-02-24 11:48:30,"{""Status"": ""Open""}","{""Status"": ""Under Investigation""}"
1656,Evidence,INSERT,6,2020-05-15 22:00:22,{},"{""Status"": ""Under Investigation""}"
1657,FIR,INSERT,119,2021-06-15 22:09:26,{},"{""Status"": ""Closed""}"
1658,Suspects,INSERT,217,2023-03-14 19:11:59,{},"{""Status"": ""Closed""}"
1659,Accused,INSERT,217,2019-01-16 04:34:46,{},"{""Status"": ""Under Investigation""}"
1660,FIR,UPDATE,17,2022-08-16 20:53:31,"{""Status"": ""Open""}","{""Status"": ""Closed""}"
1661,Evidence,INSERT,117,2023-02-06 15:27:22,{},"{""Status"": ""Under Investigation""}"
1662,Suspects,INSERT,117,2020-11-13 07:17:33,{},"{""Status"": ""Under Investigation""}"
1663,Evidence,INSERT,167,2021-10-08 02:51:23,{},"{""Status"": ""Closed""}"
1664,Evidence,INSERT,2,2019-06-06 08:52:04,{},"{""Status"": ""Closed""}"
1665,FIR_Accused,INSERT,185,2023-09-13 11:53:15,{},"{""Status"": ""Closed""}"
1666,Suspects,INSERT,178,2022-04-08 05:51:25,{},"{""Status"": ""Under Investigation""}"
1667,FIR_Accused,INSERT,264,2019-02-08 23:34:20,{},"{""Status"": ""Closed""}"
1668,Complaint,INSERT,220,2020-05-31 01:31:21,{},"{""Status"": ""Under Investigation""}"
1669,FIR,UPDATE,33,2023-12-31 21:25:19,"{""Status"": ""Open""}","{""Status"": ""Closed""}"
1670,Complaint,INSERT,236,2020-04-07 22:25:38,{},"{""Status"": ""Closed""}"
1671,Suspects,INSERT,11,2019-05-13 00:10:32,{},"{""Status"": ""Under Investigation""}"
1672,Case_Status,UPDATE,207,2023-03-15 19:02:53,"{""Status"": ""Open""}","{""Status"": ""Under Investigation""}"
1673,FIR,INSERT,47,2020-12-03 11:55:46,{},"{""Status"": ""Under Investigation""}"
1674,FIR,UPDATE,145,2022-12-22 21:19:31,"{""Status"": ""Open""}","{""Status"": ""Under Investigation""}"
1675,Evidence,INSERT,6,2023-12-20 05:44:08,{},"{""Status"": ""Closed""}"
1676,Case_Status,UPDATE,119,2020-12-17 16:04:11,"{""Status"": ""Open""}","{""Status"": ""Closed""}"
1677,Complaint,INSERT,146,2019-05-15 21:21:17,{},"{""Status"": ""Closed""}"
1678,Accused,INSERT,127,2020-05-27 10:57:09,{},"{""Status"": ""Closed""}"
1679,FIR_Accused,INSERT,250,2023-08-07 18:49:06,{},"{""Status"": ""Closed""}"
1680,FIR,INSERT,236,2019-01-15 10:13:07,{},"{""Status"": ""Closed""}"
1681,Suspects,INSERT,176,2022-07-13 06:16:11,{},"{""Status"": ""Under Investigation""}"
1682,FIR_Accused,INSERT,168,2022-02-08 22:12:09,{},"{""Status"": ""Under Investigation""}"
1683,Complaint,INSERT,124,2022-09-15 22:08:45,{},"{""Status"": ""Under Investigation""}"
1684,Suspects,INSERT,101,2019-01-21 03:50:59,{},"{""Status"": ""Under Investigation""}"
1685,Case_Status,UPDATE,265,2019-03-04 02:58:12,"{""Status"": ""Open""}","{""Status"": ""Closed""}"
1686,FIR_Accused,INSERT,219,2019-09-28 23:09:49,{},"{""Status"": ""Under Investigation""}"
1687,Evidence,INSERT,23,2020-01-22 07:17:10,{},"{""Status"": ""Closed""}"
1688,FIR,INSERT,16,2021-07-08 01:38:50,{},"{""Status"": ""Under Investigation""}"
1689,FIR,UPDATE,177,2023-08-06 05:22:25,"{""Status"": ""Under Investigation""}","{""Status"": ""Closed""}"
1690,FIR,UPDATE,252,2022-11-28 07:17:57,"{""Status"": ""Under Investigation""}","{""Status"": ""Closed""}"
1691,FIR,INSERT,195,2020-05-15 12:37:08,{},"{""Status"": ""Under Investigation""}"
1692,FIR,UPDATE,82,2023-10-04 00:25:57,"{""Status"": ""Open""}","{""Status"": ""Closed""}"
1693,Suspects,INSERT,214,2019-03-04 14:28:30,{},"{""Status"": ""Closed""}"
1694,Evidence,INSERT,191,2019-05-09 21:45:36,{},"{""Status"": ""Closed""}"
1695,FIR,UPDATE,22,2023-03-06 21:55:39,"{""Status"": ""Under Investigation""}","{""Status"": ""Closed""}"
1696,Complaint,INSERT,25,2020-02-18 20:56:37,{},"{""Status"": ""Under Investigation""}"
1697,Evidence,INSERT,182,2021-06-27 03:48:15,{},"{""Status"": ""Under Investigation""}"
1698,Suspects,INSERT,185,2023-04-29 15:49:09,{},"{""Status"": ""Under Investigation""}"
1699,FIR_Accused,INSERT,19,2020-09-12 19:50:08,{},"{""Status"": ""Closed""}"
1700,Evidence,INSERT,15,2020-02-14 21:37:30,{},"{""Status"": ""Under Investigation""}"
1701,Evidence,INSERT,164,2019-05-28 01:42:39,{},"{""Status"": ""Closed""}"
1702,FIR_Accused,INSERT,237,2019-05-12 23:43:03,{},"{""Status"": ""Closed""}"
1703,FIR,UPDATE,1,2023-01-26 07:05:56,"{""Status"": ""Open""}","{""Status"": ""Closed""}"
1704,Suspects,INSERT,216,2019-12-11 09:35:35,{},"{""Status"": ""Under Investigation""}"
1705,FIR,UPDATE,54,2022-11-07 23:28:55,"{""Status"": ""Open""}","{""Status"": ""Closed""}"
1706,FIR_Accused,INSERT,90,2020-08-24 09:58:33,{},"{""Status"": ""Closed""}"
1707,Complaint,INSERT,274,2021-09-15 00:10:09,{},"{""Status"": ""Under Investigation""}"
1708,FIR,INSERT,180,2022-08-07 02:01:43,{},"{""Status"": ""Under Investigation""}"
1709,Suspects,INSERT,224,2023-12-11 15:34:09,{},"{""Status"": ""Under Investigation""}"
1710,Case_Status,UPDATE,16,2020-11-28 01:14:31,"{""Status"": ""Open""}","{""Status"": ""Under Investigation""}"
1711,FIR_Accused,INSERT,10,2020-01-07 12:22:42,{},"{""Status"": ""Under Investigation""}"
1712,FIR,UPDATE,116,2023-06-18 00:36:04,"{""Status"": ""Under Investigation""}","{""Status"": ""Closed""}"
1713,FIR,UPDATE,249,2019-07-12 08:20:03,"{""Status"": ""Under Investigation""}","{""Status"": ""Under Investigation""}"
1714,Suspects,INSERT,11,2023-09-14 09:38:41,{},"{""Status"": ""Under Investigation""}"
1715,Accused,INSERT,141,2021-12-16 11:33:38,{},"{""Status"": ""Closed""}"
1716,Evidence,INSERT,56,2022-04-16 00:27:59,{},"{""Status"": ""Under Investigation""}"
1717,FIR,UPDATE,210,2020-08-01 02:41:52,"{""Status"": ""Under Investigation""}","{""Status"": ""Under Investigation""}"
1718,Complaint,INSERT,49,2022-12-19 18:47:59,{},"{""Status"": ""Under Investigation""}"
1719,FIR_Accused,INSERT,90,2020-01-19 14:59:50,{},"{""Status"": ""Under Investigation""}"
1720,Complaint,INSERT,141,2020-06-18 02:18:48,{},"{""Status"": ""Under Investigation""}"
1721,FIR_Accused,INSERT,246,2022-09-25 01:00:46,{},"{""Status"": ""Closed""}"
1722,Case_Status,UPDATE,202,2022-03-22 06:45:41,"{""Status"": ""Open""}","{""Status"": ""Closed""}"
1723,FIR,UPDATE,120,2019-02-05 19:36:25,"{""Status"": ""Open""}","{""Status"": ""Under Investigation""}"
1724,FIR,INSERT,212,2019-03-30 22:07:21,{},"{""Status"": ""Closed""}"
1725,FIR,INSERT,94,2023-01-28 03:29:57,{},"{""Status"": ""Under Investigation""}"
1726,Complaint,INSERT,91,2023-03-28 04:03:14,{},"{""Status"": ""Under Investigation""}"
1727,Evidence,INSERT,76,2019-07-31 18:07:07,{},"{""Status"": ""Under Investigation""}"
1728,FIR,UPDATE,159,2021-03-25 22:59:34,"{""Status"": ""Open""}","{""Status"": ""Under Investigation""}"
1729,Case_Status,UPDATE,260,2019-12-11 13:51:41,"{""Status"": ""Under Investigation""}","{""Status"": ""Under Investigation""}"
1730,Accused,INSERT,275,2020-08-20 19:36:59,{},"{""Status"": ""Closed""}"
1731,Complaint,INSERT,79,2023-05-05 23:29:41,{},"{""Status"": ""Closed""}"
1732,Suspects,INSERT,142,2019-06-19 03:00:17,{},"{""Status"": ""Under Investigation""}"
1733,FIR,UPDATE,247,2019-01-05 00:40:39,"{""Status"": ""Open""}","{""Status"": ""Under Investigation""}"
1734,Evidence,INSERT,174,2021-01-31 09:11:11,{},"{""Status"": ""Under Investigation""}"
1735,FIR,INSERT,153,2020-05-22 19:07:39,{},"{""Status"": ""Under Investigation""}"
1736,Case_Status,UPDATE,230,2020-09-26 17:50:07,"{""Status"": ""Under Investigation""}","{""Status"": ""Closed""}"
1737,FIR_Accused,INSERT,169,2019-07-16 14:56:14,{},"{""Status"": ""Under Investigation""}"
1738,FIR,INSERT,104,2021-09-21 00:21:31,{},"{""Status"": ""Closed""}"
1739,Evidence,INSERT,105,2019-01-19 06:10:00,{},"{""Status"": ""Closed""}"
1740,Case_Status,UPDATE,181,2021-04-30 16:53:13,"{""Status"": ""Open""}","{""Status"": ""Closed""}"
1741,Case_Status,UPDATE,266,2021-11-25 19:32:32,"{""Status"": ""Under Investigation""}","{""Status"": ""Closed""}"
1742,FIR_Accused,INSERT,75,2023-09-10 08:16:55,{},"{""Status"": ""Closed""}"
1743,Accused,INSERT,10,2019-03-06 13:34:09,{},"{""Status"": ""Under Investigation""}"
1744,Complaint,INSERT,73,2023-03-31 19:35:31,{},"{""Status"": ""Under Investigation""}"
1745,Suspects,INSERT,136,2019-03-02 02:30:00,{},"{""Status"": ""Closed""}"
1746,FIR_Accused,INSERT,92,2023-08-17 15:09:48,{},"{""Status"": ""Closed""}"
1747,Suspects,INSERT,4,2020-08-06 03:13:40,{},"{""Status"": ""Under Investigation""}"
1748,FIR,UPDATE,174,2021-09-01 16:17:37,"{""Status"": ""Open""}","{""Status"": ""Closed""}"
1749,FIR_Accused,INSERT,145,2019-08-10 01:54:39,{},"{""Status"": ""Closed""}"
1750,FIR,UPDATE,203,2022-06-21 11:23:45,"{""Status"": ""Under Investigation""}","{""Status"": ""Closed""}"
1751,FIR,UPDATE,129,2021-05-25 06:52:37,"{""Status"": ""Under Investigation""}","{""Status"": ""Closed""}"
1752,Complaint,INSERT,240,2023-05-11 19:19:27,{},"{""Status"": ""Under Investigation""}"
1753,Evidence,INSERT,171,2020-01-06 10:03:06,{},"{""Status"": ""Under Investigation""}"
1754,FIR,INSERT,117,2020-06-11 06:27:22,{},"{""Status"": ""Closed""}"
1755,Evidence,INSERT,46,2023-02-08 18:40:26,{},"{""Status"": ""Under Investigation""}"
1756,FIR_Accused,INSERT,205,2021-07-28 10:35:58,{},"{""Status"": ""Under Investigation""}"
1757,FIR_Accused,INSERT,49,2021-01-01 12:36:01,{},"{""Status"": ""Closed""}"
1758,Complaint,INSERT,98,2022-01-09 20:05:01,{},"{""Status"": ""Under Investigation""}"
1759,Case_Status,UPDATE,53,2022-04-10 21:29:09,"{""Status"": ""Open""}","{""Status"": ""Closed""}"
1760,Complaint,INSERT,250,2019-03-28 05:32:01,{},"{""Status"": ""Closed""}"
1761,Suspects,INSERT,255,2021-10-12 07:24:06,{},"{""Status"": ""Under Investigation""}"
1762,FIR_Accused,INSERT,189,2020-10-20 23:33:07,{},"{""Status"": ""Closed""}"
1763,Suspects,INSERT,230,2020-01-24 11:49:13,{},"{""Status"": ""Under Investigation""}"
1764,FIR,INSERT,225,2019-04-20 19:03:44,{},"{""Status"": ""Under Investigation""}"
1765,FIR_Accused,INSERT,237,2022-07-11 07:45:05,{},"{""Status"": ""Under Investigation""}"
1766,Accused,INSERT,67,2019-09-02 22:56:37,{},"{""Status"": ""Closed""}"
1767,FIR_Accused,INSERT,128,2021-02-12 02:52:24,{},"{""Status"": ""Closed""}"
1768,FIR,INSERT,86,2020-07-22 22:54:29,{},"{""Status"": ""Under Investigation""}"
1769,FIR_Accused,INSERT,179,2021-03-05 22:59:59,{},"{""Status"": ""Under Investigation""}"
1770,Case_Status,UPDATE,25,2020-05-24 09:13:46,"{""Status"": ""Under Investigation""}","{""Status"": ""Under Investigation""}"
1771,Case_Status,UPDATE,34,2022-04-06 00:01:43,"{""Status"": ""Under Investigation""}","{""Status"": ""Closed""}"
1772,Accused,INSERT,208,2022-10-17 08:14:37,{},"{""Status"": ""Closed""}"
1773,Complaint,INSERT,162,2022-08-27 02:25:11,{},"{""Status"": ""Under Investigation""}"
1774,Evidence,INSERT,179,2022-10-31 18:26:23,{},"{""Status"": ""Under Investigation""}"
1775,Evidence,INSERT,68,2023-03-02 06:24:56,{},"{""Status"": ""Under Investigation""}"
1776,FIR_Accused,INSERT,78,2022-05-04 08:40:29,{},"{""Status"": ""Closed""}"
1777,FIR,INSERT,173,2021-12-20 04:13:00,{},"{""Status"": ""Closed""}"
1778,Accused,INSERT,41,2023-01-04 06:19:39,{},"{""Status"": ""Under Investigation""}"
1779,FIR_Accused,INSERT,102,2022-12-17 13:21:19,{},"{""Status"": ""Closed""}"
1780,FIR,UPDATE,268,2022-01-18 18:22:51,"{""Status"": ""Under Investigation""}","{""Status"": ""Closed""}"
1781,Suspects,INSERT,210,2021-01-22 10:41:29,{},"{""Status"": ""Under Investigation""}"
1782,FIR,UPDATE,196,2019-11-07 05:58:03,"{""Status"": ""Under Investigation""}","{""Status"": ""Closed""}"
1783,Complaint,INSERT,104,2021-03-27 21:10:19,{},"{""Status"": ""Closed""}"
1784,Accused,INSERT,225,2020-05-22 23:36:21,{},"{""Status"": ""Closed""}"
1785,Complaint,INSERT,74,2021-09-07 04:31:58,{},"{""Status"": ""Closed""}"
1786,Case_Status,UPDATE,47,2021-04-27 20:31:37,"{""Status"": ""Open""}","{""Status"": ""Closed""}"
1787,Evidence,INSERT,185,2021-09-13 12:13:53,{},"{""Status"": ""Under Investigation""}"
1788,FIR,UPDATE,35,2023-01-05 17:32:15,"{""Status"": ""Open""}","{""Status"": ""Under Investigation""}"
1789,Case_Status,UPDATE,162,2021-07-15 18:59:16,"{""Status"": ""Under Investigation""}","{""Status"": ""Under Investigation""}"
1790,Case_Status,UPDATE,188,2021-07-24 08:00:03,"{""Status"": ""Open""}","{""Status"": ""Closed""}"
1791,Case_Status,UPDATE,227,2019-06-12 10:44:28,"{""Status"": ""Open""}","{""Status"": ""Under Investigation""}"
1792,Complaint,INSERT,200,2019-08-30 13:04:13,{},"{""Status"": ""Under Investigation""}"
1793,Evidence,INSERT,241,2023-12-13 15:11:32,{},"{""Status"": ""Under Investigation""}"
1794,FIR_Accused,INSERT,188,2023-05-18 19:13:07,{},"{""Status"": ""Under Investigation""}"
1795,FIR,UPDATE,65,2023-01-03 23:56:10,"{""Status"": ""Under Investigation""}","{""Status"": ""Under Investigation""}"
1796,Case_Status,UPDATE,149,2020-05-15 03:53:24,"{""Status"": ""Open""}","{""Status"": ""Closed""}"
1797,Accused,INSERT,250,2020-11-15 09:42:40,{},"{""Status"": ""Closed""}"
1798,Accused,INSERT,153,2023-05-01 14:44:59,{},"{""Status"": ""Under Investigation""}"
1799,Complaint,INSERT,13,2022-05-16 08:52:01,{},"{""Status"": ""Under Investigation""}"
1800,FIR,INSERT,109,2023-02-07 17:07:06,{},"{""Status"": ""Closed""}"
1801,Accused,INSERT,47,2019-01-04 03:04:14,{},"{""Status"": ""Under Investigation""}"
1802,FIR,INSERT,116,2019-11-14 03:25:12,{},"{""Status"": ""Closed""}"
1803,Suspects,INSERT,204,2021-12-25 16:26:12,{},"{""Status"": ""Under Investigation""}"
1804,Complaint,INSERT,61,2021-08-06 12:49:09,{},"{""Status"": ""Under Investigation""}"
1805,Complaint,INSERT,123,2019-04-16 11:15:11,{},"{""Status"": ""Under Investigation""}"
1806,FIR_Accused,INSERT,19,2019-03-13 21:18:11,{},"{""Status"": ""Under Investigation""}"
1807,FIR,INSERT,240,2023-07-09 22:38:35,{},"{""Status"": ""Closed""}"
1808,FIR,INSERT,133,2021-06-28 16:42:06,{},"{""Status"": ""Under Investigation""}"
1809,Accused,INSERT,79,2022-03-18 09:12:06,{},"{""Status"": ""Under Investigation""}"
1810,FIR_Accused,INSERT,100,2020-04-28 15:58:31,{},"{""Status"": ""Under Investigation""}"
1811,Suspects,INSERT,100,2022-11-27 05:45:20,{},"{""Status"": ""Under Investigation""}"
1812,Accused,INSERT,106,2022-01-16 07:38:41,{},"{""Status"": ""Under Investigation""}"
1813,Case_Status,UPDATE,260,2021-08-24 21:45:12,"{""Status"": ""Under Investigation""}","{""Status"": ""Closed""}"
1814,Case_Status,UPDATE,29,2020-06-02 00:31:04,"{""Status"": ""Open""}","{""Status"": ""Closed""}"
1815,Case_Status,UPDATE,184,2022-09-08 02:32:25,"{""Status"": ""Open""}","{""Status"": ""Closed""}"
1816,Evidence,INSERT,186,2021-08-01 00:05:53,{},"{""Status"": ""Closed""}"
1817,Evidence,INSERT,123,2023-04-06 22:02:29,{},"{""Status"": ""Closed""}"
1818,Evidence,INSERT,164,2021-07-04 00:20:37,{},"{""Status"": ""Closed""}"
1819,Evidence,INSERT,61,2019-12-31 11:14:08,{},"{""Status"": ""Under Investigation""}"
1820,Case_Status,UPDATE,45,2023-05-27 10:01:04,"{""Status"": ""Open""}","{""Status"": ""Under Investigation""}"
1821,Case_Status,UPDATE,167,2023-09-12 11:11:24,"{""Status"": ""Under Investigation""}","{""Status"": ""Under Investigation""}"
1822,Suspects,INSERT,222,2022-10-29 14:50:43,{},"{""Status"": ""Under Investigation""}"
1823,Suspects,INSERT,206,2022-02-12 13:35:58,{},"{""Status"": ""Under Investigation""}"
1824,Complaint,INSERT,252,2023-12-28 01:58:26,{},"{""Status"": ""Under Investigation""}"
1825,Case_Status,UPDATE,33,2021-01-31 09:06:11,"{""Status"": ""Open""}","{""Status"": ""Closed""}"
1826,FIR_Accused,INSERT,75,2021-06-21 14:41:13,{},"{""Status"": ""Under Investigation""}"
1827,FIR,INSERT,41,2020-06-23 22:22:09,{},"{""Status"": ""Closed""}"
1828,Accused,INSERT,175,2020-10-31 14:02:16,{},"{""Status"": ""Under Investigation""}"
1829,FIR_Accused,INSERT,242,2022-09-17 13:55:58,{},"{""Status"": ""Closed""}"
1830,FIR,INSERT,67,2022-07-14 01:00:01,{},"{""Status"": ""Under Investigation""}"
1831,Accused,INSERT,53,2021-11-21 01:24:30,{},"{""Status"": ""Closed""}"
1832,FIR,INSERT,65,2022-06-06 15:54:44,{},"{""Status"": ""Closed""}"
1833,FIR,INSERT,222,2020-01-17 17:27:51,{},"{""Status"": ""Closed""}"
1834,Suspects,INSERT,43,2023-07-28 11:31:22,{},"{""Status"": ""Closed""}"
1835,Suspects,INSERT,198,2019-12-14 01:09:25,{},"{""Status"": ""Under Investigation""}"
1836,FIR,INSERT,185,2022-05-05 02:10:52,{},"{""Status"": ""Under Investigation""}"
1837,FIR,UPDATE,51,2020-02-25 04:11:48,"{""Status"": ""Open""}","{""Status"": ""Closed""}"
1838,Accused,INSERT,125,2023-08-20 03:30:14,{},"{""Status"": ""Under Investigation""}"
1839,Complaint,INSERT,78,2023-02-24 11:35:11,{},"{""Status"": ""Closed""}"
1840,Complaint,INSERT,132,2023-04-12 11:53:57,{},"{""Status"": ""Closed""}"
1841,FIR,INSERT,182,2020-04-19 12:16:17,{},"{""Status"": ""Closed""}"
1842,Accused,INSERT,108,2021-09-02 13:26:25,{},"{""Status"": ""Under Investigation""}"
1843,Case_Status,UPDATE,206,2020-06-30 02:57:51,"{""Status"": ""Open""}","{""Status"": ""Closed""}"
1844,FIR,UPDATE,79,2023-06-13 19:23:36,"{""Status"": ""Under Investigation""}","{""Status"": ""Under Investigation""}"
1845,Case_Status,UPDATE,34,2019-05-17 03:14:13,"{""Status"": ""Under Investigation""}","{""Status"": ""Under Investigation""}"
1846,FIR,UPDATE,259,2023-07-29 18:31:23,"{""Status"": ""Under Investigation""}","{""Status"": ""Under Investigation""}"
1847,Suspects,INSERT,232,2019-06-20 17:33:52,{},"{""Status"": ""Under Investigation""}"
1848,Accused,INSERT,145,2023-01-10 20:07:35,{},"{""Status"": ""Under Investigation""}"
1849,FIR,UPDATE,251,2023-10-05 05:49:46,"{""Status"": ""Under Investigation""}","{""Status"": ""Under Investigation""}"
1850,FIR,UPDATE,167,2019-08-28 06:57:36,"{""Status"": ""Under Investigation""}","{""Status"": ""Under Investigation""}"
1851,Suspects,INSERT,147,2022-01-25 14:27:06,{},"{""Status"": ""Closed""}"
1852,FIR,INSERT,102,2020-03-13 02:14:08,{},"{""Status"": ""Under Investigation""}"
1853,FIR,INSERT,122,2019-06-01 06:16:25,{},"{""Status"": ""Under Investigation""}"
1854,Complaint,INSERT,239,2020-01-29 00:35:21,{},"{""Status"": ""Closed""}"
1855,Complaint,INSERT,129,2021-02-14 10:36:59,{},"{""Status"": ""Under Investigation""}"
1856,FIR_Accused,INSERT,14,2019-03-02 07:25:04,{},"{""Status"": ""Closed""}"
1857,Evidence,INSERT,107,2019-11-21 13:15:42,{},"{""Status"": ""Under Investigation""}"
1858,Suspects,INSERT,222,2022-11-13 15:26:55,{},"{""Status"": ""Closed""}"
1859,Accused,INSERT,37,2019-05-31 08:56:34,{},"{""Status"": ""Closed""}"
1860,Case_Status,UPDATE,47,2021-08-15 23:26:08,"{""Status"": ""Under Investigation""}","{""Status"": ""Under Investigation""}"
1861,FIR,INSERT,88,2022-09-28 22:28:30,{},"{""Status"": ""Closed""}"
1862,Complaint,INSERT,194,2023-08-24 01:29:26,{},"{""Status"": ""Closed""}"
1863,Evidence,INSERT,122,2019-12-26 23:57:15,{},"{""Status"": ""Under Investigation""}"
1864,Accused,INSERT,208,2020-04-01 11:06:22,{},"{""Status"": ""Closed""}"
1865,Evidence,INSERT,106,2021-07-05 08:15:20,{},"{""Status"": ""Under Investigation""}"
1866,Suspects,INSERT,40,2021-12-08 22:55:49,{},"{""Status"": ""Under Investigation""}"
1867,Complaint,INSERT,204,2019-08-17 15:24:57,{},"{""Status"": ""Closed""}"
1868,Case_Status,UPDATE,115,2020-02-21 01:08:50,"{""Status"": ""Under Investigation""}","{""Status"": ""Under Investigation""}"
1869,Evidence,INSERT,93,2023-10-18 22:03:45,{},"{""Status"": ""Under Investigation""}"
1870,FIR,INSERT,76,2020-11-06 06:26:38,{},"{""Status"": ""Closed""}"
1871,FIR,UPDATE,245,2021-11-06 01:43:37,"{""Status"": ""Under Investigation""}","{""Status"": ""Under Investigation""}"
1872,Accused,INSERT,238,2021-05-11 10:39:08,{},"{""Status"": ""Under Investigation""}"
1873,Accused,INSERT,193,2019-03-13 15:34:47,{},"{""Status"": ""Under Investigation""}"
1874,FIR,INSERT,20,2022-10-18 11:26:19,{},"{""Status"": ""Under Investigation""}"
1875,Complaint,INSERT,46,2020-08-26 05:33:19,{},"{""Status"": ""Under Investigation""}"
1876,FIR_Accused,INSERT,132,2019-07-23 13:06:56,{},"{""Status"": ""Closed""}"
1877,Accused,INSERT,101,2020-09-11 19:58:47,{},"{""Status"": ""Under Investigation""}"
1878,Evidence,INSERT,107,2019-02-02 21:19:16,{},"{""Status"": ""Under Investigation""}"
1879,FIR,INSERT,140,2019-08-27 01:43:51,{},"{""Status"": ""Closed""}"
1880,Case_Status,UPDATE,201,2021-08-01 03:36:03,"{""Status"": ""Under Investigation""}","{""Status"": ""Closed""}"
1881,Complaint,INSERT,34,2021-01-13 21:33:42,{},"{""Status"": ""Closed""}"
1882,Evidence,INSERT,48,2022-10-15 22:23:39,{},"{""Status"": ""Under Investigation""}"
1883,Accused,INSERT,24,2022-07-19 16:22:42,{},"{""Status"": ""Under Investigation""}"
1884,FIR,INSERT,271,2023-12-20 05:09:42,{},"{""Status"": ""Closed""}"
1885,FIR,UPDATE,183,2021-01-25 18:31:16,"{""Status"": ""Under Investigation""}","{""Status"": ""Under Investigation""}"
1886,Suspects,INSERT,56,2020-06-27 05:13:23,{},"{""Status"": ""Closed""}"
1887,FIR,INSERT,73,2023-12-24 22:34:05,{},"{""Status"": ""Under Investigation""}"
1888,Case_Status,UPDATE,3,2022-04-15 15:28:14,"{""Status"": ""Open""}","{""Status"": ""Under Investigation""}"
1889,Accused,INSERT,239,2022-10-10 00:37:51,{},"{""Status"": ""Closed""}"
1890,Complaint,INSERT,161,2020-11-11 19:32:29,{},"{""Status"": ""Under Investigation""}"
1891,Evidence,INSERT,2,2021-01-09 16:43:58,{},"{""Status"": ""Closed""}"
1892,FIR,INSERT,111,2021-12-29 14:09:20,{},"{""Status"": ""Closed""}"
1893,Accused,INSERT,46,2022-12-28 17:57:01,{},"{""Status"": ""Closed""}"
1894,Evidence,INSERT,77,2020-02-05 07:01:42,{},"{""Status"": ""Under Investigation""}"
1895,Accused,INSERT,141,2023-12-02 01:38:26,{},"{""Status"": ""Under Investigation""}"
1896,Evidence,INSERT,261,2019-08-02 16:08:29,{},"{""Status"": ""Under Investigation""}"
1897,Accused,INSERT,273,2021-08-17 13:05:42,{},"{""Status"": ""Under Investigation""}"
1898,Case_Status,UPDATE,189,2022-09-14 20:48:44,"{""Status"": ""Under Investigation""}","{""Status"": ""Closed""}"
1899,Case_Status,UPDATE,274,2019-03-06 12:53:43,"{""Status"": ""Under Investigation""}","{""Status"": ""Under Investigation""}"
1900,Accused,INSERT,23,2021-10-15 09:43:40,{},"{""Status"": ""Closed""}"
1901,FIR,UPDATE,240,2023-12-16 04:22:16,"{""Status"": ""Open""}","{""Status"": ""Under Investigation""}"
1902,Accused,INSERT,214,2019-02-28 03:23:00,{},"{""Status"": ""Closed""}"
1903,FIR_Accused,INSERT,69,2022-04-22 16:12:16,{},"{""Status"": ""Under Investigation""}"
1904,Accused,INSERT,98,2019-08-13 17:28:54,{},"{""Status"": ""Closed""}"
1905,Complaint,INSERT,122,2019-03-14 23:59:01,{},"{""Status"": ""Closed""}"
1906,Accused,INSERT,234,2023-09-04 04:44:56,{},"{""Status"": ""Closed""}"
1907,Accused,INSERT,230,2022-05-15 04:02:59,{},"{""Status"": ""Closed""}"
1908,Case_Status,UPDATE,228,2022-11-03 18:55:54,"{""Status"": ""Open""}","{""Status"": ""Under Investigation""}"
1909,Evidence,INSERT,175,2021-12-24 17:22:27,{},"{""Status"": ""Closed""}"
1910,Accused,INSERT,154,2020-03-31 09:47:16,{},"{""Status"": ""Under Investigation""}"
1911,FIR_Accused,INSERT,267,2021-10-17 03:07:00,{},"{""Status"": ""Closed""}"
1912,Accused,INSERT,240,2023-03-17 19:53:00,{},"{""Status"": ""Under Investigation""}"
1913,Case_Status,UPDATE,93,2022-09-18 08:17:21,"{""Status"": ""Under Investigation""}","{""Status"": ""Under Investigation""}"
1914,Complaint,INSERT,217,2023-02-24 09:57:21,{},"{""Status"": ""Under Investigation""}"
1915,Complaint,INSERT,271,2019-10-03 15:24:59,{},"{""Status"": ""Closed""}"
1916,Complaint,INSERT,235,2022-01-02 15:33:14,{},"{""Status"": ""Under Investigation""}"
1917,FIR,UPDATE,11,2023-06-02 01:25:19,"{""Status"": ""Under Investigation""}","{""Status"": ""Under Investigation""}"
1918,Accused,INSERT,189,2023-06-26 08:24:36,{},"{""Status"": ""Under Investigation""}"
1919,Suspects,INSERT,111,2019-02-25 04:00:10,{},"{""Status"": ""Under Investigation""}"
1920,Suspects,INSERT,157,2023-11-05 15:49:19,{},"{""Status"": ""Under Investigation""}"
1921,Accused,INSERT,248,2022-12-22 00:39:39,{},"{""Status"": ""Under Investigation""}"
1922,Accused,INSERT,132,2022-01-17 15:16:31,{},"{""Status"": ""Under Investigation""}"
1923,Accused,INSERT,34,2023-12-09 19:00:46,{},"{""Status"": ""Closed""}"
1924,FIR,UPDATE,210,2023-11-08 13:13:08,"{""Status"": ""Under Investigation""}","{""Status"": ""Under Investigation""}"
1925,FIR,INSERT,157,2019-02-04 12:19:42,{},"{""Status"": ""Under Investigation""}"
1926,Suspects,INSERT,181,2019-09-07 21:34:58,{},"{""Status"": ""Closed""}"
1927,Evidence,INSERT,233,2022-11-05 16:54:56,{},"{""Status"": ""Closed""}"
1928,Case_Status,UPDATE,264,2023-06-04 04:14:31,"{""Status"": ""Open""}","{""Status"": ""Closed""}"
1929,FIR,INSERT,30,2023-01-21 19:49:33,{},"{""Status"": ""Closed""}"
1930,FIR,INSERT,134,2022-03-23 16:48:08,{},"{""Status"": ""Under Investigation""}"
1931,Evidence,INSERT,68,2020-06-15 19:32:07,{},"{""Status"": ""Under Investigation""}"
1932,Suspects,INSERT,17,2019-02-25 13:29:46,{},"{""Status"": ""Under Investigation""}"
1933,FIR,UPDATE,196,2022-07-21 05:27:58,"{""Status"": ""Open""}","{""Status"": ""Closed""}"
1934,Suspects,INSERT,210,2019-11-29 12:22:06,{},"{""Status"": ""Closed""}"
1935,FIR,UPDATE,192,2021-12-02 08:53:50,"{""Status"": ""Under Investigation""}","{""Status"": ""Closed""}"
1936,Complaint,INSERT,239,2023-05-13 14:46:46,{},"{""Status"": ""Closed""}"
1937,FIR,UPDATE,172,2020-06-08 05:39:44,"{""Status"": ""Under Investigation""}","{""Status"": ""Closed""}"
1938,Case_Status,UPDATE,154,2019-08-03 03:33:56,"{""Status"": ""Under Investigation""}","{""Status"": ""Closed""}"
1939,FIR,INSERT,75,2023-05-28 23:38:25,{},"{""Status"": ""Closed""}"
1940,Evidence,INSERT,240,2022-10-16 00:11:35,{},"{""Status"": ""Under Investigation""}"
1941,Suspects,INSERT,94,2019-01-14 06:30:20,{},"{""Status"": ""Closed""}"
1942,FIR_Accused,INSERT,202,2021-09-27 19:02:59,{},"{""Status"": ""Closed""}"
1943,Complaint,INSERT,20,2020-01-07 13:18:25,{},"{""Status"": ""Closed""}"
1944,FIR_Accused,INSERT,28,2020-08-05 21:56:40,{},"{""Status"": ""Closed""}"
1945,FIR_Accused,INSERT,270,2019-02-28 01:02:12,{},"{""Status"": ""Closed""}"
1946,Suspects,INSERT,143,2023-02-04 23:33:13,{},"{""Status"": ""Closed""}"
1947,Complaint,INSERT,274,2023-11-13 08:07:48,{},"{""Status"": ""Under Investigation""}"
1948,FIR_Accused,INSERT,247,2021-08-09 10:22:32,{},"{""Status"": ""Under Investigation""}"
1949,Accused,INSERT,73,2022-05-04 11:25:13,{},"{""Status"": ""Under Investigation""}"
1950,FIR,INSERT,175,2019-12-08 23:26:01,{},"{""Status"": ""Under Investigation""}"
1951,FIR,INSERT,247,2022-10-24 18:06:39,{},"{""Status"": ""Closed""}"
1952,Suspects,INSERT,257,2022-11-25 10:22:25,{},"{""Status"": ""Under Investigation""}"
1953,FIR,INSERT,44,2022-08-03 09:16:01,{},"{""Status"": ""Closed""}"
1954,FIR,UPDATE,130,2020-08-13 03:38:51,"{""Status"": ""Under Investigation""}","{""Status"": ""Under Investigation""}"
1955,Case_Status,UPDATE,60,2021-04-26 16:06:31,"{""Status"": ""Under Investigation""}","{""Status"": ""Closed""}"
1956,Case_Status,UPDATE,16,2019-03-24 01:55:11,"{""Status"": ""Open""}","{""Status"": ""Under Investigation""}"
1957,Complaint,INSERT,31,2019-01-13 20:54:13,{},"{""Status"": ""Under Investigation""}"
1958,Evidence,INSERT,260,2023-12-10 04:39:42,{},"{""Status"": ""Under Investigation""}"
1959,FIR,INSERT,117,2021-03-30 06:58:59,{},"{""Status"": ""Closed""}"
1960,FIR,INSERT,242,2019-07-25 15:48:12,{},"{""Status"": ""Closed""}"
1961,Suspects,INSERT,187,2019-04-27 05:43:27,{},"{""Status"": ""Under Investigation""}"
1962,Accused,INSERT,191,2021-05-20 03:57:19,{},"{""Status"": ""Closed""}"
1963,Evidence,INSERT,187,2020-12-03 09:38:37,{},"{""Status"": ""Closed""}"
1964,Evidence,INSERT,101,2020-03-28 06:51:14,{},"{""Status"": ""Under Investigation""}"
1965,Case_Status,UPDATE,208,2023-04-11 10:04:39,"{""Status"": ""Under Investigation""}","{""Status"": ""Closed""}"
1966,Evidence,INSERT,3,2022-08-09 13:08:50,{},"{""Status"": ""Closed""}"
1967,FIR,INSERT,239,2021-11-08 13:19:03,{},"{""Status"": ""Closed""}"
1968,FIR,UPDATE,165,2022-07-25 19:38:01,"{""Status"": ""Under Investigation""}","{""Status"": ""Under Investigation""}"
1969,Accused,INSERT,9,2019-02-14 16:23:36,{},"{""Status"": ""Under Investigation""}"
1970,Evidence,INSERT,215,2021-11-04 07:06:18,{},"{""Status"": ""Under Investigation""}"
1971,FIR,INSERT,165,2023-10-24 00:15:24,{},"{""Status"": ""Closed""}"
1972,Complaint,INSERT,85,2022-09-21 22:29:37,{},"{""Status"": ""Under Investigation""}"
1973,Evidence,INSERT,110,2020-02-16 09:54:45,{},"{""Status"": ""Closed""}"
1974,Case_Status,UPDATE,227,2023-09-09 04:15:23,"{""Status"": ""Open""}","{""Status"": ""Closed""}"
1975,Evidence,INSERT,216,2023-05-02 11:34:14,{},"{""Status"": ""Under Investigation""}"
1976,Suspects,INSERT,137,2022-05-15 17:14:43,{},"{""Status"": ""Under Investigation""}"
1977,Accused,INSERT,108,2020-10-04 02:48:56,{},"{""Status"": ""Under Investigation""}"
1978,Suspects,INSERT,118,2022-06-29 06:13:46,{},"{""Status"": ""Closed""}"
1979,Accused,INSERT,58,2019-02-26 16:37:52,{},"{""Status"": ""Under Investigation""}"
1980,Case_Status,UPDATE,22,2023-06-24 00:57:18,"{""Status"": ""Under Investigation""}","{""Status"": ""Closed""}"
1981,Evidence,INSERT,9,2020-12-11 13:00:51,{},"{""Status"": ""Under Investigation""}"
1982,FIR,INSERT,197,2022-11-08 12:56:31,{},"{""Status"": ""Under Investigation""}"
1983,FIR,INSERT,206,2023-03-18 18:04:49,{},"{""Status"": ""Closed""}"
1984,Case_Status,UPDATE,199,2021-11-17 18:33:01,"{""Status"": ""Open""}","{""Status"": ""Under Investigation""}"
1985,Suspects,INSERT,20,2021-11-10 23:42:52,{},"{""Status"": ""Closed""}"
1986,Suspects,INSERT,166,2021-02-15 02:00:42,{},"{""Status"": ""Under Investigation""}"
1987,Evidence,INSERT,127,2021-01-28 03:38:48,{},"{""Status"": ""Under Investigation""}"
1988,FIR_Accused,INSERT,135,2021-04-08 21:27:24,{},"{""Status"": ""Closed""}"
1989,Suspects,INSERT,114,2020-12-05 01:39:04,{},"{""Status"": ""Under Investigation""}"
1990,FIR_Accused,INSERT,197,2021-05-24 09:27:01,{},"{""Status"": ""Closed""}"
1991,Evidence,INSERT,146,2020-06-30 14:19:45,{},"{""Status"": ""Closed""}"
1992,Case_Status,UPDATE,186,2021-08-04 19:10:30,"{""Status"": ""Under Investigation""}","{""Status"": ""Under Investigation""}"
1993,Suspects,INSERT,174,2020-11-30 05:33:28,{},"{""Status"": ""Under Investigation""}"
1994,Evidence,INSERT,13,2020-10-11 09:52:10,{},"{""Status"": ""Closed""}"
1995,Evidence,INSERT,272,2023-07-26 21:24:53,{},"{""Status"": ""Under Investigation""}"
1996,Accused,INSERT,220,2022-05-12 19:04:14,{},"{""Status"": ""Under Investigation""}"
1997,Case_Status,UPDATE,215,2019-07-03 17:27:44,"{""Status"": ""Open""}","{""Status"": ""Under Investigation""}"
1998,FIR_Accused,INSERT,264,2020-01-07 00:44:03,{},"{""Status"": ""Under Investigation""}"
1999,FIR,INSERT,73,2020-10-26 05:09:07,{},"{""Status"": ""Closed""}"
2000,FIR,UPDATE,147,2020-04-08 23:12:40,"{""Status"": ""Open""}","{""Status"": ""Under Investigation""}"
2001,FIR_Accused,INSERT,227,2020-03-21 05:20:43,{},"{""Status"": ""Closed""}"
2002,FIR,UPDATE,8,2023-10-26 02:43:22,"{""Status"": ""Under Investigation""}","{""Status"": ""Under Investigation""}"
2003,Case_Status,UPDATE,196,2023-06-16 18:25:00,"{""Status"": ""Under Investigation""}","{""Status"": ""Under Investigation""}"
2004,FIR_Accused,INSERT,114,2022-09-22 20:09:06,{},"{""Status"": ""Under Investigation""}"
2005,Complaint,INSERT,273,2020-05-09 19:14:30,{},"{""Status"": ""Under Investigation""}"
2006,Complaint,INSERT,186,2019-05-30 03:27:23,{},"{""Status"": ""Closed""}"
2007,Case_Status,UPDATE,1,2019-07-03 21:12:44,"{""Status"": ""Under Investigation""}","{""Status"": ""Under Investigation""}"
2008,Suspects,INSERT,238,2019-08-14 05:58:04,{},"{""Status"": ""Closed""}"
2009,FIR_Accused,INSERT,263,2021-09-11 01:47:56,{},"{""Status"": ""Closed""}"
2010,FIR,INSERT,275,2023-08-04 16:35:58,{},"{""Status"": ""Under Investigation""}"
2011,FIR,INSERT,155,2021-02-20 19:29:57,{},"{""Status"": ""Under Investigation""}"
2012,Evidence,INSERT,65,2021-03-16 15:53:23,{},"{""Status"": ""Closed""}"
2013,Evidence,INSERT,26,2023-06-14 09:20:54,{},"{""Status"": ""Under Investigation""}"
2014,Complaint,INSERT,244,2020-08-09 12:13:55,{},"{""Status"": ""Under Investigation""}"
2015,Complaint,INSERT,22,2021-06-11 11:11:37,{},"{""Status"": ""Under Investigation""}"
2016,Evidence,INSERT,157,2019-12-18 17:22:19,{},"{""Status"": ""Closed""}"
2017,Suspects,INSERT,90,2022-01-17 00:42:33,{},"{""Status"": ""Under Investigation""}"
2018,Case_Status,UPDATE,238,2021-01-21 02:25:42,"{""Status"": ""Open""}","{""Status"": ""Closed""}"
2019,Suspects,INSERT,76,2019-01-25 10:46:41,{},"{""Status"": ""Closed""}"
2020,Complaint,INSERT,123,2022-01-01 17:29:40,{},"{""Status"": ""Closed""}"
2021,Accused,INSERT,77,2022-03-16 03:40:09,{},"{""Status"": ""Closed""}"
2022,Accused,INSERT,271,2019-06-06 03:07:09,{},"{""Status"": ""Closed""}"
2023,Complaint,INSERT,113,2019-10-10 05:30:31,{},"{""Status"": ""Under Investigation""}"
2024,FIR,UPDATE,52,2020-04-30 03:26:58,"{""Status"": ""Under Investigation""}","{""Status"": ""Under Investigation""}"
2025,Suspects,INSERT,235,2020-01-12 03:37:05,{},"{""Status"": ""Under Investigation""}"
2026,Complaint,INSERT,118,2019-03-16 20:33:14,{},"{""Status"": ""Closed""}"
2027,Evidence,INSERT,247,2023-04-04 14:06:29,{},"{""Status"": ""Closed""}"
2028,Suspects,INSERT,111,2023-09-03 08:30:25,{},"{""Status"": ""Closed""}"
2029,Evidence,INSERT,76,2021-08-01 22:56:21,{},"{""Status"": ""Closed""}"
2030,Accused,INSERT,84,2023-09-30 09:38:10,{},"{""Status"": ""Under Investigation""}"
2031,Evidence,INSERT,2,2021-10-05 18:39:35,{},"{""Status"": ""Under Investigation""}"
2032,Evidence,INSERT,50,2021-04-07 20:19:28,{},"{""Status"": ""Under Investigation""}"
2033,Accused,INSERT,205,2020-10-22 22:22:35,{},"{""Status"": ""Closed""}"
2034,Accused,INSERT,221,2021-01-16 20:35:50,{},"{""Status"": ""Under Investigation""}"
2035,FIR,INSERT,111,2021-06-25 11:49:10,{},"{""Status"": ""Under Investigation""}"
2036,Accused,INSERT,189,2019-03-22 11:13:27,{},"{""Status"": ""Closed""}"
2037,FIR_Accused,INSERT,64,2020-12-09 21:39:52,{},"{""Status"": ""Under Investigation""}"
2038,FIR,INSERT,257,2019-09-10 08:47:31,{},"{""Status"": ""Under Investigation""}"
2039,Case_Status,UPDATE,4,2019-04-04 05:18:07,"{""Status"": ""Under Investigation""}","{""Status"": ""Closed""}"
2040,Evidence,INSERT,239,2020-01-15 15:05:49,{},"{""Status"": ""Closed""}"
2041,Evidence,INSERT,54,2023-03-20 06:59:28,{},"{""Status"": ""Under Investigation""}"
2042,Suspects,INSERT,98,2023-12-27 07:36:23,{},"{""Status"": ""Closed""}"
2043,Case_Status,UPDATE,74,2023-04-18 16:20:24,"{""Status"": ""Open""}","{""Status"": ""Closed""}"
2044,FIR,UPDATE,120,2019-01-18 18:08:43,"{""Status"": ""Open""}","{""Status"": ""Closed""}"
2045,FIR,INSERT,15,2022-12-24 14:39:57,{},"{""Status"": ""Closed""}"
2046,Accused,INSERT,114,2022-01-11 16:55:26,{},"{""Status"": ""Under Investigation""}"
2047,Suspects,INSERT,150,2020-06-11 01:42:22,{},"{""Status"": ""Under Investigation""}"
2048,FIR,UPDATE,114,2020-01-22 19:26:16,"{""Status"": ""Under Investigation""}","{""Status"": ""Closed""}"
2049,Accused,INSERT,58,2021-12-05 03:09:34,{},"{""Status"": ""Under Investigation""}"
2050,FIR,UPDATE,94,2022-06-07 04:09:44,"{""Status"": ""Open""}","{""Status"": ""Closed""}"
2051,Evidence,INSERT,217,2020-10-18 01:03:07,{},"{""Status"": ""Closed""}"
2052,FIR_Accused,INSERT,269,2021-11-01 01:41:36,{},"{""Status"": ""Under Investigation""}"
2053,Complaint,INSERT,267,2021-04-10 19:20:18,{},"{""Status"": ""Under Investigation""}"
2054,FIR_Accused,INSERT,28,2022-05-06 10:19:01,{},"{""Status"": ""Under Investigation""}"
2055,Evidence,INSERT,260,2023-05-21 14:31:32,{},"{""Status"": ""Under Investigation""}"
2056,Case_Status,UPDATE,269,2019-11-05 01:25:54,"{""Status"": ""Under Investigation""}","{""Status"": ""Closed""}"
2057,Suspects,INSERT,204,2021-06-25 07:55:52,{},"{""Status"": ""Under Investigation""}"
2058,Complaint,INSERT,5,2022-12-25 09:54:13,{},"{""Status"": ""Under Investigation""}"
2059,Complaint,INSERT,219,2021-08-26 17:40:39,{},"{""Status"": ""Under Investigation""}"
2060,FIR,UPDATE,35,2023-05-04 17:27:35,"{""Status"": ""Under Investigation""}","{""Status"": ""Under Investigation""}"
2061,Case_Status,UPDATE,156,2019-08-15 00:38:07,"{""Status"": ""Under Investigation""}","{""Status"": ""Closed""}"
2062,Suspects,INSERT,9,2020-12-13 04:42:56,{},"{""Status"": ""Under Investigation""}"
2063,Accused,INSERT,152,2022-02-01 02:30:38,{},"{""Status"": ""Under Investigation""}"
2064,FIR,UPDATE,254,2023-07-09 03:00:39,"{""Status"": ""Under Investigation""}","{""Status"": ""Under Investigation""}"
2065,FIR,INSERT,104,2019-04-18 00:29:33,{},"{""Status"": ""Under Investigation""}"
2066,FIR,INSERT,240,2020-09-18 11:08:05,{},"{""Status"": ""Under Investigation""}"
2067,Accused,INSERT,66,2019-08-12 21:08:32,{},"{""Status"": ""Under Investigation""}"
2068,Case_Status,UPDATE,145,2023-10-13 00:04:46,"{""Status"": ""Under Investigation""}","{""Status"": ""Under Investigation""}"
2069,Case_Status,UPDATE,102,2022-10-19 07:45:58,"{""Status"": ""Open""}","{""Status"": ""Closed""}"
2070,Accused,INSERT,25,2020-02-03 17:21:27,{},"{""Status"": ""Closed""}"
2071,Suspects,INSERT,8,2020-05-08 09:24:28,{},"{""Status"": ""Under Investigation""}"
2072,FIR,UPDATE,105,2022-11-03 01:33:06,"{""Status"": ""Open""}","{""Status"": ""Closed""}"
2073,Suspects,INSERT,162,2021-08-14 16:32:43,{},"{""Status"": ""Under Investigation""}"
2074,Complaint,INSERT,246,2021-10-22 12:15:20,{},"{""Status"": ""Under Investigation""}"
2075,FIR,UPDATE,168,2019-12-26 09:06:39,"{""Status"": ""Open""}","{""Status"": ""Closed""}"
2076,FIR,UPDATE,120,2021-03-08 13:23:46,"{""Status"": ""Open""}","{""Status"": ""Under Investigation""}"
2077,Complaint,INSERT,272,2020-04-11 05:06:21,{},"{""Status"": ""Closed""}"
2078,FIR_Accused,INSERT,254,2020-02-29 17:47:40,{},"{""Status"": ""Under Investigation""}"
2079,FIR_Accused,INSERT,60,2023-06-20 02:14:40,{},"{""Status"": ""Closed""}"
2080,Suspects,INSERT,260,2019-10-24 14:27:12,{},"{""Status"": ""Closed""}"
2081,Case_Status,UPDATE,183,2022-02-23 02:45:57,"{""Status"": ""Open""}","{""Status"": ""Under Investigation""}"
2082,Suspects,INSERT,92,2019-09-10 22:09:49,{},"{""Status"": ""Under Investigation""}"
2083,FIR,INSERT,80,2023-01-16 14:19:16,{},"{""Status"": ""Closed""}"
2084,Suspects,INSERT,242,2021-05-11 22:15:48,{},"{""Status"": ""Under Investigation""}"
2085,FIR,INSERT,93,2022-10-20 19:33:58,{},"{""Status"": ""Under Investigation""}"
2086,Suspects,INSERT,73,2019-09-17 11:19:42,{},"{""Status"": ""Under Investigation""}"
2087,Evidence,INSERT,138,2023-01-22 16:58:08,{},"{""Status"": ""Under Investigation""}"
2088,Complaint,INSERT,123,2021-08-24 18:19:48,{},"{""Status"": ""Closed""}"
2089,FIR,UPDATE,144,2022-10-01 23:14:40,"{""Status"": ""Under Investigation""}","{""Status"": ""Under Investigation""}"
2090,Accused,INSERT,131,2020-04-05 23:25:04,{},"{""Status"": ""Under Investigation""}"
2091,FIR,INSERT,103,2023-11-10 22:32:31,{},"{""Status"": ""Under Investigation""}"
2092,Evidence,INSERT,115,2019-11-30 16:17:02,{},"{""Status"": ""Closed""}"
2093,Accused,INSERT,132,2023-12-01 09:48:47,{},"{""Status"": ""Under Investigation""}"
2094,FIR_Accused,INSERT,47,2020-11-15 23:55:38,{},"{""Status"": ""Under Investigation""}"
2095,FIR,INSERT,33,2021-07-11 19:43:35,{},"{""Status"": ""Under Investigation""}"
2096,FIR_Accused,INSERT,5,2021-08-07 08:40:21,{},"{""Status"": ""Under Investigation""}"
2097,Case_Status,UPDATE,107,2021-03-26 17:44:57,"{""Status"": ""Open""}","{""Status"": ""Under Investigation""}"
2098,Accused,INSERT,241,2023-12-07 14:25:20,{},"{""Status"": ""Under Investigation""}"
2099,FIR,UPDATE,147,2021-03-27 08:53:29,"{""Status"": ""Under Investigation""}","{""Status"": ""Closed""}"
2100,Complaint,INSERT,203,2019-10-02 21:54:29,{},"{""Status"": ""Under Investigation""}"
2101,Suspects,INSERT,136,2022-10-04 00:40:09,{},"{""Status"": ""Under Investigation""}"
2102,FIR_Accused,INSERT,255,2019-12-28 16:25:40,{},"{""Status"": ""Under Investigation""}"
2103,Evidence,INSERT,192,2020-11-27 04:44:04,{},"{""Status"": ""Under Investigation""}"
2104,Accused,INSERT,11,2019-09-08 11:09:20,{},"{""Status"": ""Under Investigation""}"
2105,Complaint,INSERT,85,2019-10-02 02:38:12,{},"{""Status"": ""Closed""}"
2106,FIR_Accused,INSERT,269,2022-01-13 18:33:58,{},"{""Status"": ""Under Investigation""}"
2107,FIR,UPDATE,51,2023-11-14 02:39:49,"{""Status"": ""Under Investigation""}","{""Status"": ""Closed""}"
2108,Complaint,INSERT,121,2020-04-08 13:20:15,{},"{""Status"": ""Closed""}"
2109,FIR,INSERT,91,2020-03-30 05:01:02,{},"{""Status"": ""Closed""}"
2110,Accused,INSERT,36,2019-06-01 16:02:15,{},"{""Status"": ""Under Investigation""}"
2111,FIR,INSERT,58,2019-09-22 21:43:40,{},"{""Status"": ""Under Investigation""}"
2112,Evidence,INSERT,62,2022-06-14 15:07:50,{},"{""Status"": ""Under Investigation""}"
2113,Complaint,INSERT,202,2020-11-26 02:47:00,{},"{""Status"": ""Under Investigation""}"
2114,Case_Status,UPDATE,205,2020-01-25 18:22:14,"{""Status"": ""Under Investigation""}","{""Status"": ""Closed""}"
2115,Accused,INSERT,175,2023-06-18 15:38:45,{},"{""Status"": ""Under Investigation""}"
2116,Complaint,INSERT,252,2019-03-21 16:43:30,{},"{""Status"": ""Closed""}"
2117,FIR,UPDATE,4,2021-11-29 09:51:57,"{""Status"": ""Open""}","{""Status"": ""Under Investigation""}"
2118,Suspects,INSERT,66,2020-06-15 10:47:12,{},"{""Status"": ""Closed""}"
2119,Case_Status,UPDATE,159,2023-10-05 23:37:48,"{""Status"": ""Under Investigation""}","{""Status"": ""Closed""}"
2120,Accused,INSERT,107,2020-10-20 09:25:55,{},"{""Status"": ""Closed""}"
2121,Accused,INSERT,5,2020-09-20 00:50:48,{},"{""Status"": ""Closed""}"
2122,Accused,INSERT,66,2021-04-18 19:59:05,{},"{""Status"": ""Under Investigation""}"
2123,Case_Status,UPDATE,96,2020-03-23 13:43:33,"{""Status"": ""Open""}","{""Status"": ""Under Investigation""}"
2124,FIR_Accused,INSERT,24,2023-06-23 14:39:45,{},"{""Status"": ""Closed""}"
2125,FIR,INSERT,93,2019-05-15 18:01:50,{},"{""Status"": ""Under Investigation""}"
2126,FIR,UPDATE,24,2021-05-28 23:54:30,"{""Status"": ""Under Investigation""}","{""Status"": ""Under Investigation""}"
2127,Complaint,INSERT,245,2020-04-24 20:26:53,{},"{""Status"": ""Closed""}"
2128,Complaint,INSERT,75,2020-04-19 07:56:11,{},"{""Status"": ""Under Investigation""}"
2129,FIR,UPDATE,236,2022-01-18 06:59:52,"{""Status"": ""Under Investigation""}","{""Status"": ""Under Investigation""}"
2130,Suspects,INSERT,196,2021-03-06 07:29:57,{},"{""Status"": ""Closed""}"
2131,FIR_Accused,INSERT,194,2020-02-04 19:58:25,{},"{""Status"": ""Closed""}"
2132,FIR_Accused,INSERT,257,2019-05-28 00:10:01,{},"{""Status"": ""Under Investigation""}"
2133,Evidence,INSERT,25,2019-02-07 15:23:31,{},"{""Status"": ""Closed""}"
2134,FIR_Accused,INSERT,115,2022-12-18 10:41:35,{},"{""Status"": ""Closed""}"
2135,Evidence,INSERT,169,2023-04-10 01:16:51,{},"{""Status"": ""Under Investigation""}"
2136,Complaint,INSERT,145,2019-02-18 11:19:21,{},"{""Status"": ""Closed""}"
2137,Case_Status,UPDATE,268,2021-01-25 23:46:25,"{""Status"": ""Under Investigation""}","{""Status"": ""Under Investigation""}"
2138,FIR,INSERT,258,2022-09-01 09:55:12,{},"{""Status"": ""Under Investigation""}"
2139,FIR_Accused,INSERT,108,2020-11-23 00:05:54,{},"{""Status"": ""Under Investigation""}"
2140,FIR,UPDATE,38,2021-08-28 20:27:51,"{""Status"": ""Open""}","{""Status"": ""Under Investigation""}"
2141,FIR_Accused,INSERT,76,2021-01-27 09:58:13,{},"{""Status"": ""Under Investigation""}"
2142,Evidence,INSERT,66,2021-04-06 01:06:33,{},"{""Status"": ""Under Investigation""}"
2143,Suspects,INSERT,162,2023-06-27 19:54:20,{},"{""Status"": ""Under Investigation""}"
2144,Suspects,INSERT,219,2019-06-20 09:40:35,{},"{""Status"": ""Under Investigation""}"
2145,Case_Status,UPDATE,119,2019-11-23 19:42:01,"{""Status"": ""Open""}","{""Status"": ""Under Investigation""}"
2146,Accused,INSERT,203,2021-03-04 01:58:04,{},"{""Status"": ""Under Investigation""}"
2147,FIR,INSERT,110,2023-01-29 20:24:59,{},"{""Status"": ""Under Investigation""}"
2148,FIR,UPDATE,140,2020-08-29 16:59:46,"{""Status"": ""Under Investigation""}","{""Status"": ""Closed""}"
2149,Suspects,INSERT,88,2020-01-17 04:54:10,{},"{""Status"": ""Under Investigation""}"
2150,Suspects,INSERT,141,2021-04-07 19:53:50,{},"{""Status"": ""Closed""}"
2151,FIR,INSERT,205,2020-09-23 10:36:58,{},"{""Status"": ""Under Investigation""}"
2152,FIR_Accused,INSERT,148,2021-10-14 16:08:22,{},"{""Status"": ""Under Investigation""}"
2153,Evidence,INSERT,67,2023-11-16 19:34:59,{},"{""Status"": ""Closed""}"
2154,Accused,INSERT,200,2020-01-31 14:15:40,{},"{""Status"": ""Closed""}"
2155,FIR,INSERT,170,2022-03-25 03:29:29,{},"{""Status"": ""Closed""}"
2156,Suspects,INSERT,225,2022-06-24 18:33:09,{},"{""Status"": ""Closed""}"
2157,FIR,UPDATE,174,2021-06-21 04:56:29,"{""Status"": ""Under Investigation""}","{""Status"": ""Under Investigation""}"
2158,Suspects,INSERT,97,2019-02-20 21:05:04,{},"{""Status"": ""Closed""}"
2159,FIR_Accused,INSERT,185,2022-11-28 17:18:18,{},"{""Status"": ""Under Investigation""}"
2160,Evidence,INSERT,149,2020-05-23 03:46:57,{},"{""Status"": ""Under Investigation""}"
2161,FIR,UPDATE,118,2021-08-11 16:27:11,"{""Status"": ""Open""}","{""Status"": ""Under Investigation""}"
2162,FIR_Accused,INSERT,188,2022-03-10 07:06:04,{},"{""Status"": ""Under Investigation""}"
2163,FIR_Accused,INSERT,114,2020-05-26 14:01:15,{},"{""Status"": ""Closed""}"
2164,FIR,INSERT,218,2019-01-14 00:51:45,{},"{""Status"": ""Under Investigation""}"
2165,Complaint,INSERT,121,2021-01-27 12:30:41,{},"{""Status"": ""Closed""}"
2166,Case_Status,UPDATE,219,2020-08-22 14:52:10,"{""Status"": ""Under Investigation""}","{""Status"": ""Closed""}"
2167,FIR,INSERT,84,2019-02-12 01:55:19,{},"{""Status"": ""Closed""}"
2168,Evidence,INSERT,244,2022-03-10 12:38:41,{},"{""Status"": ""Under Investigation""}"
2169,Accused,INSERT,218,2022-07-08 05:53:42,{},"{""Status"": ""Closed""}"
2170,Evidence,INSERT,266,2021-03-21 01:45:46,{},"{""Status"": ""Under Investigation""}"
2171,FIR,INSERT,160,2023-11-14 07:12:49,{},"{""Status"": ""Closed""}"
2172,Complaint,INSERT,214,2019-09-18 14:53:55,{},"{""Status"": ""Under Investigation""}"
2173,FIR_Accused,INSERT,252,2022-07-05 23:55:49,{},"{""Status"": ""Closed""}"
2174,Evidence,INSERT,73,2021-02-21 19:11:01,{},"{""Status"": ""Closed""}"
2175,FIR,UPDATE,98,2021-12-26 17:15:38,"{""Status"": ""Open""}","{""Status"": ""Closed""}"
2176,FIR_Accused,INSERT,243,2022-01-28 20:08:24,{},"{""Status"": ""Closed""}"
2177,Evidence,INSERT,194,2023-05-17 04:00:36,{},"{""Status"": ""Closed""}"
2178,FIR_Accused,INSERT,119,2023-08-20 13:01:16,{},"{""Status"": ""Closed""}"
2179,FIR,INSERT,168,2020-09-24 02:03:36,{},"{""Status"": ""Closed""}"
2180,FIR,UPDATE,218,2023-05-27 18:15:27,"{""Status"": ""Open""}","{""Status"": ""Closed""}"
2181,Suspects,INSERT,195,2021-07-27 16:00:05,{},"{""Status"": ""Closed""}"
2182,FIR,INSERT,269,2019-12-13 07:36:59,{},"{""Status"": ""Under Investigation""}"
2183,Complaint,INSERT,149,2022-06-05 18:03:00,{},"{""Status"": ""Under Investigation""}"
2184,Accused,INSERT,31,2019-09-03 10:14:34,{},"{""Status"": ""Under Investigation""}"
2185,Case_Status,UPDATE,209,2020-08-02 14:14:53,"{""Status"": ""Under Investigation""}","{""Status"": ""Under Investigation""}"
2186,FIR_Accused,INSERT,29,2019-05-08 04:29:42,{},"{""Status"": ""Closed""}"
2187,Evidence,INSERT,230,2020-05-25 06:30:46,{},"{""Status"": ""Under Investigation""}"
2188,FIR,INSERT,100,2019-09-10 07:00:29,{},"{""Status"": ""Under Investigation""}"
2189,Case_Status,UPDATE,275,2023-03-19 09:22:29,"{""Status"": ""Open""}","{""Status"": ""Closed""}"
2190,Suspects,INSERT,63,2022-11-27 04:04:01,{},"{""Status"": ""Under Investigation""}"
2191,Suspects,INSERT,213,2020-02-05 19:15:38,{},"{""Status"": ""Closed""}"
2192,Case_Status,UPDATE,113,2023-06-14 18:37:22,"{""Status"": ""Under Investigation""}","{""Status"": ""Closed""}"
2193,FIR,INSERT,90,2019-08-10 18:13:46,{},"{""Status"": ""Under Investigation""}"
2194,Complaint,INSERT,175,2022-02-28 14:44:07,{},"{""Status"": ""Closed""}"
2195,FIR,UPDATE,194,2023-06-16 02:42:14,"{""Status"": ""Under Investigation""}","{""Status"": ""Under Investigation""}"
2196,Accused,INSERT,100,2020-07-13 07:47:49,{},"{""Status"": ""Closed""}"
2197,FIR_Accused,INSERT,267,2020-03-29 20:06:20,{},"{""Status"": ""Closed""}"
2198,FIR,INSERT,188,2023-06-13 04:11:21,{},"{""Status"": ""Closed""}"
2199,Suspects,INSERT,267,2019-11-07 13:19:36,{},"{""Status"": ""Closed""}"
2200,Accused,INSERT,162,2022-04-13 13:06:34,{},"{""Status"": ""Closed""}"
2201,FIR,UPDATE,50,2020-02-06 02:35:16,"{""Status"": ""Open""}","{""Status"": ""Under Investigation""}"
2202,Evidence,INSERT,210,2020-04-18 18:59:37,{},"{""Status"": ""Under Investigation""}"
2203,Suspects,INSERT,83,2020-03-05 01:09:03,{},"{""Status"": ""Closed""}"
2204,Accused,INSERT,137,2022-12-31 18:27:53,{},"{""Status"": ""Under Investigation""}"
2205,Case_Status,UPDATE,245,2023-02-02 21:05:30,"{""Status"": ""Under Investigation""}","{""Status"": ""Closed""}"
2206,Evidence,INSERT,254,2019-10-06 12:13:22,{},"{""Status"": ""Under Investigation""}"
2207,Suspects,INSERT,108,2021-06-27 12:58:14,{},"{""Status"": ""Under Investigation""}"
2208,Evidence,INSERT,148,2020-12-25 09:22:43,{},"{""Status"": ""Under Investigation""}"
2209,Evidence,INSERT,154,2019-04-17 10:32:52,{},"{""Status"": ""Closed""}"
2210,FIR_Accused,INSERT,275,2020-01-30 14:37:36,{},"{""Status"": ""Under Investigation""}"
2211,FIR_Accused,INSERT,200,2022-07-08 19:09:14,{},"{""Status"": ""Under Investigation""}"
2212,Evidence,INSERT,232,2019-10-02 14:07:18,{},"{""Status"": ""Under Investigation""}"
2213,Accused,INSERT,222,2022-02-11 01:08:26,{},"{""Status"": ""Under Investigation""}"
2214,Evidence,INSERT,47,2021-12-15 01:56:18,{},"{""Status"": ""Under Investigation""}"
2215,Accused,INSERT,24,2020-11-10 03:29:18,{},"{""Status"": ""Closed""}"
2216,Case_Status,UPDATE,121,2023-10-28 13:43:51,"{""Status"": ""Open""}","{""Status"": ""Under Investigation""}"
2217,Complaint,INSERT,111,2023-10-28 16:00:48,{},"{""Status"": ""Closed""}"
2218,Accused,INSERT,8,2022-02-13 16:00:37,{},"{""Status"": ""Under Investigation""}"
2219,Evidence,INSERT,222,2021-10-12 21:48:06,{},"{""Status"": ""Under Investigation""}"
2220,FIR,INSERT,18,2022-08-31 13:17:36,{},"{""Status"": ""Closed""}"
2221,FIR,INSERT,82,2019-01-09 05:13:22,{},"{""Status"": ""Closed""}"
2222,Complaint,INSERT,206,2020-06-28 23:51:52,{},"{""Status"": ""Under Investigation""}"
2223,FIR_Accused,INSERT,68,2021-01-16 15:08:13,{},"{""Status"": ""Under Investigation""}"
2224,FIR_Accused,INSERT,42,2023-05-18 11:22:57,{},"{""Status"": ""Under Investigation""}"
2225,FIR,INSERT,12,2023-07-29 21:26:18,{},"{""Status"": ""Closed""}"
2226,Case_Status,UPDATE,207,2019-08-29 05:06:18,"{""Status"": ""Open""}","{""Status"": ""Under Investigation""}"
2227,Case_Status,UPDATE,176,2022-07-19 21:52:09,"{""Status"": ""Under Investigation""}","{""Status"": ""Closed""}"
2228,FIR_Accused,INSERT,228,2019-07-22 06:23:29,{},"{""Status"": ""Closed""}"
2229,Accused,INSERT,118,2021-10-10 12:45:36,{},"{""Status"": ""Closed""}"
2230,FIR,UPDATE,193,2019-11-16 03:08:33,"{""Status"": ""Under Investigation""}","{""Status"": ""Under Investigation""}"
2231,Evidence,INSERT,141,2019-12-20 10:44:17,{},"{""Status"": ""Closed""}"
2232,Suspects,INSERT,238,2021-10-14 09:33:09,{},"{""Status"": ""Closed""}"
2233,FIR,INSERT,176,2020-01-10 20:21:18,{},"{""Status"": ""Closed""}"
2234,FIR_Accused,INSERT,116,2023-10-14 04:49:03,{},"{""Status"": ""Closed""}"
2235,Complaint,INSERT,96,2021-11-10 08:41:18,{},"{""Status"": ""Under Investigation""}"
2236,Case_Status,UPDATE,7,2019-10-22 08:40:42,"{""Status"": ""Open""}","{""Status"": ""Closed""}"
2237,Suspects,INSERT,150,2020-09-02 07:33:10,{},"{""Status"": ""Closed""}"
2238,FIR,INSERT,55,2021-01-30 00:29:05,{},"{""Status"": ""Under Investigation""}"
2239,FIR,UPDATE,18,2021-05-08 20:56:36,"{""Status"": ""Under Investigation""}","{""Status"": ""Closed""}"
2240,Accused,INSERT,220,2019-05-17 15:27:26,{},"{""Status"": ""Under Investigation""}"
2241,Complaint,INSERT,132,2019-07-25 05:04:41,{},"{""Status"": ""Closed""}"
2242,Evidence,INSERT,258,2019-05-04 19:24:07,{},"{""Status"": ""Under Investigation""}"
2243,FIR,INSERT,207,2023-07-11 17:38:36,{},"{""Status"": ""Closed""}"
2244,Suspects,INSERT,115,2021-08-03 03:09:22,{},"{""Status"": ""Under Investigation""}"
2245,Evidence,INSERT,40,2023-10-27 22:37:45,{},"{""Status"": ""Closed""}"
2246,FIR,UPDATE,270,2021-12-31 11:37:25,"{""Status"": ""Under Investigation""}","{""Status"": ""Closed""}"
2247,Case_Status,UPDATE,216,2021-04-30 11:20:24,"{""Status"": ""Open""}","{""Status"": ""Under Investigation""}"
2248,FIR_Accused,INSERT,190,2022-11-22 11:42:56,{},"{""Status"": ""Closed""}"
2249,Complaint,INSERT,231,2023-02-05 23:34:08,{},"{""Status"": ""Under Investigation""}"
2250,Complaint,INSERT,31,2020-11-14 18:13:06,{},"{""Status"": ""Under Investigation""}"
2251,Suspects,INSERT,261,2023-07-15 21:52:54,{},"{""Status"": ""Closed""}"
2252,Evidence,INSERT,154,2023-04-07 20:10:50,{},"{""Status"": ""Under Investigation""}"
2253,FIR,INSERT,244,2019-11-17 08:49:34,{},"{""Status"": ""Closed""}"
2254,FIR,INSERT,105,2019-10-28 00:15:56,{},"{""Status"": ""Closed""}"
2255,Case_Status,UPDATE,82,2022-07-17 13:41:07,"{""Status"": ""Under Investigation""}","{""Status"": ""Under Investigation""}"
2256,Accused,INSERT,104,2019-11-26 16:59:07,{},"{""Status"": ""Under Investigation""}"
2257,FIR,INSERT,154,2022-06-08 03:18:49,{},"{""Status"": ""Under Investigation""}"
2258,Accused,INSERT,16,2023-11-12 20:39:47,{},"{""Status"": ""Closed""}"
2259,FIR,UPDATE,21,2022-04-09 21:24:32,"{""Status"": ""Under Investigation""}","{""Status"": ""Under Investigation""}"
2260,FIR_Accused,INSERT,125,2020-12-30 04:50:06,{},"{""Status"": ""Under Investigation""}"
2261,Evidence,INSERT,106,2022-05-21 16:49:25,{},"{""Status"": ""Under Investigation""}"
2262,FIR,INSERT,261,2019-11-16 03:32:03,{},"{""Status"": ""Under Investigation""}"
2263,Case_Status,UPDATE,52,2021-06-08 14:30:50,"{""Status"": ""Under Investigation""}","{""Status"": ""Closed""}"
2264,Suspects,INSERT,220,2021-06-14 16:53:53,{},"{""Status"": ""Closed""}"
2265,FIR,INSERT,205,2023-04-25 13:29:15,{},"{""Status"": ""Closed""}"
2266,FIR,UPDATE,27,2022-02-08 14:33:35,"{""Status"": ""Under Investigation""}","{""Status"": ""Under Investigation""}"
2267,FIR_Accused,INSERT,178,2021-01-07 22:27:51,{},"{""Status"": ""Under Investigation""}"
2268,FIR,INSERT,69,2023-02-14 01:23:17,{},"{""Status"": ""Under Investigation""}"
2269,Evidence,INSERT,12,2019-06-16 08:24:22,{},"{""Status"": ""Under Investigation""}"
2270,Case_Status,UPDATE,260,2020-06-02 23:10:03,"{""Status"": ""Under Investigation""}","{""Status"": ""Under Investigation""}"
2271,Case_Status,UPDATE,196,2023-09-26 21:37:20,"{""Status"": ""Open""}","{""Status"": ""Under Investigation""}"
2272,FIR_Accused,INSERT,147,2020-03-25 18:07:20,{},"{""Status"": ""Under Investigation""}"
2273,FIR,INSERT,4,2023-09-24 22:10:35,{},"{""Status"": ""Closed""}"
2274,Accused,INSERT,259,2022-08-09 11:34:39,{},"{""Status"": ""Closed""}"
2275,Accused,INSERT,140,2020-11-09 02:23:37,{},"{""Status"": ""Under Investigation""}"
2276,FIR,UPDATE,150,2022-11-06 14:16:48,"{""Status"": ""Under Investigation""}","{""Status"": ""Closed""}"
2277,Complaint,INSERT,170,2021-11-21 05:21:38,{},"{""Status"": ""Under Investigation""}"
2278,Suspects,INSERT,32,2023-08-25 14:09:46,{},"{""Status"": ""Closed""}"
2279,FIR,INSERT,82,2021-08-24 04:18:55,{},"{""Status"": ""Closed""}"
2280,Evidence,INSERT,108,2021-03-19 12:51:29,{},"{""Status"": ""Under Investigation""}"
2281,Suspects,INSERT,215,2023-06-14 03:35:46,{},"{""Status"": ""Closed""}"
2282,FIR,UPDATE,95,2019-12-20 11:02:31,"{""Status"": ""Under Investigation""}","{""Status"": ""Under Investigation""}"
2283,Accused,INSERT,171,2022-10-11 19:06:49,{},"{""Status"": ""Under Investigation""}"
2284,Evidence,INSERT,220,2021-10-15 12:48:01,{},"{""Status"": ""Closed""}"
2285,Suspects,INSERT,101,2021-02-16 05:07:49,{},"{""Status"": ""Closed""}"
2286,Evidence,INSERT,86,2019-04-19 02:28:47,{},"{""Status"": ""Under Investigation""}"
2287,Case_Status,UPDATE,28,2023-04-17 11:21:33,"{""Status"": ""Open""}","{""Status"": ""Under Investigation""}"
2288,FIR_Accused,INSERT,98,2022-01-16 03:37:13,{},"{""Status"": ""Under Investigation""}"
2289,Case_Status,UPDATE,235,2021-01-24 05:12:00,"{""Status"": ""Under Investigation""}","{""Status"": ""Under Investigation""}"
2290,FIR_Accused,INSERT,101,2022-01-18 05:05:54,{},"{""Status"": ""Under Investigation""}"
2291,Case_Status,UPDATE,166,2023-09-02 15:51:47,"{""Status"": ""Under Investigation""}","{""Status"": ""Under Investigation""}"
2292,Complaint,INSERT,164,2019-11-13 09:14:14,{},"{""Status"": ""Closed""}"
2293,Complaint,INSERT,122,2023-12-22 21:02:35,{},"{""Status"": ""Under Investigation""}"
2294,Accused,INSERT,123,2023-02-25 07:03:13,{},"{""Status"": ""Closed""}"
2295,Suspects,INSERT,37,2019-04-07 14:31:45,{},"{""Status"": ""Under Investigation""}"
2296,Accused,INSERT,88,2020-11-13 00:18:44,{},"{""Status"": ""Under Investigation""}"
2297,FIR,UPDATE,196,2022-08-28 10:23:23,"{""Status"": ""Under Investigation""}","{""Status"": ""Under Investigation""}"
2298,Suspects,INSERT,150,2022-02-05 03:13:04,{},"{""Status"": ""Closed""}"
2299,Suspects,INSERT,94,2021-10-23 11:49:32,{},"{""Status"": ""Closed""}"
2300,FIR,UPDATE,124,2021-04-13 11:30:48,"{""Status"": ""Under Investigation""}","{""Status"": ""Closed""}"
2301,FIR_Accused,INSERT,231,2023-07-11 02:00:34,{},"{""Status"": ""Closed""}"
2302,FIR,UPDATE,158,2021-07-04 17:29:25,"{""Status"": ""Open""}","{""Status"": ""Under Investigation""}"
2303,FIR_Accused,INSERT,94,2020-03-17 06:31:07,{},"{""Status"": ""Under Investigation""}"
2304,FIR_Accused,INSERT,160,2021-10-28 08:02:55,{},"{""Status"": ""Closed""}"
2305,Suspects,INSERT,135,2020-08-24 00:24:51,{},"{""Status"": ""Under Investigation""}"
2306,FIR_Accused,INSERT,38,2019-07-29 03:08:56,{},"{""Status"": ""Closed""}"
2307,Case_Status,UPDATE,81,2023-09-01 03:31:27,"{""Status"": ""Under Investigation""}","{""Status"": ""Under Investigation""}"
2308,Evidence,INSERT,219,2021-11-25 20:13:08,{},"{""Status"": ""Closed""}"
2309,FIR,INSERT,144,2023-06-28 19:37:53,{},"{""Status"": ""Under Investigation""}"
2310,Accused,INSERT,132,2021-03-31 04:59:40,{},"{""Status"": ""Closed""}"
2311,Suspects,INSERT,142,2023-07-30 06:24:51,{},"{""Status"": ""Under Investigation""}"
2312,Case_Status,UPDATE,259,2020-12-04 06:31:48,"{""Status"": ""Under Investigation""}","{""Status"": ""Under Investigation""}"
2313,FIR_Accused,INSERT,82,2023-04-10 11:53:27,{},"{""Status"": ""Under Investigation""}"
2314,Evidence,INSERT,258,2023-03-16 12:05:59,{},"{""Status"": ""Closed""}"
2315,Accused,INSERT,60,2019-03-06 12:24:13,{},"{""Status"": ""Closed""}"
2316,Suspects,INSERT,247,2023-09-02 07:01:15,{},"{""Status"": ""Closed""}"
2317,FIR,INSERT,195,2021-07-18 17:57:07,{},"{""Status"": ""Under Investigation""}"
2318,Complaint,INSERT,38,2022-09-22 05:03:12,{},"{""Status"": ""Under Investigation""}"
2319,Case_Status,UPDATE,224,2022-07-31 22:20:14,"{""Status"": ""Under Investigation""}","{""Status"": ""Under Investigation""}"
2320,Evidence,INSERT,97,2020-07-22 07:03:43,{},"{""Status"": ""Under Investigation""}"
2321,FIR,INSERT,95,2019-07-25 19:13:15,{},"{""Status"": ""Under Investigation""}"
2322,FIR,INSERT,113,2019-11-03 02:16:12,{},"{""Status"": ""Closed""}"
2323,Suspects,INSERT,151,2020-11-18 11:00:27,{},"{""Status"": ""Closed""}"
2324,Complaint,INSERT,163,2023-03-17 12:24:42,{},"{""Status"": ""Under Investigation""}"
2325,Accused,INSERT,75,2020-09-14 14:55:49,{},"{""Status"": ""Closed""}"
2326,Accused,INSERT,268,2023-06-04 17:08:33,{},"{""Status"": ""Closed""}"
2327,Suspects,INSERT,183,2021-02-03 21:51:15,{},"{""Status"": ""Under Investigation""}"
2328,Suspects,INSERT,243,2021-01-20 06:24:36,{},"{""Status"": ""Under Investigation""}"
2329,Suspects,INSERT,65,2021-06-13 16:42:30,{},"{""Status"": ""Under Investigation""}"
2330,Complaint,INSERT,116,2021-12-10 22:21:37,{},"{""Status"": ""Closed""}"
2331,FIR,INSERT,222,2021-10-24 21:41:02,{},"{""Status"": ""Under Investigation""}"
2332,Suspects,INSERT,17,2021-06-19 15:07:49,{},"{""Status"": ""Under Investigation""}"
2333,FIR_Accused,INSERT,76,2023-05-04 12:48:42,{},"{""Status"": ""Closed""}"
2334,FIR,INSERT,185,2019-04-07 20:27:40,{},"{""Status"": ""Closed""}"
2335,Evidence,INSERT,91,2022-02-20 20:27:10,{},"{""Status"": ""Under Investigation""}"
2336,FIR_Accused,INSERT,34,2022-06-23 02:48:53,{},"{""Status"": ""Closed""}"
2337,Complaint,INSERT,78,2021-07-19 05:01:35,{},"{""Status"": ""Under Investigation""}"
2338,Evidence,INSERT,205,2022-10-12 13:20:15,{},"{""Status"": ""Closed""}"
2339,FIR,UPDATE,68,2022-11-25 06:31:37,"{""Status"": ""Under Investigation""}","{""Status"": ""Under Investigation""}"
2340,Complaint,INSERT,223,2020-09-20 21:33:41,{},"{""Status"": ""Closed""}"
2341,Complaint,INSERT,31,2020-08-24 12:24:04,{},"{""Status"": ""Closed""}"
2342,Complaint,INSERT,10,2020-01-21 23:53:01,{},"{""Status"": ""Under Investigation""}"
2343,Suspects,INSERT,102,2020-02-16 17:50:06,{},"{""Status"": ""Closed""}"
2344,FIR,INSERT,189,2021-04-13 13:07:46,{},"{""Status"": ""Closed""}"
2345,Complaint,INSERT,164,2021-05-17 16:53:29,{},"{""Status"": ""Closed""}"
2346,FIR_Accused,INSERT,104,2020-12-16 13:04:03,{},"{""Status"": ""Under Investigation""}"
2347,FIR,UPDATE,243,2023-04-27 21:44:27,"{""Status"": ""Under Investigation""}","{""Status"": ""Under Investigation""}"
2348,FIR_Accused,INSERT,229,2022-03-07 21:23:52,{},"{""Status"": ""Under Investigation""}"
2349,FIR_Accused,INSERT,2,2023-09-07 09:29:27,{},"{""Status"": ""Under Investigation""}"
2350,FIR,UPDATE,118,2019-05-27 08:45:34,"{""Status"": ""Open""}","{""Status"": ""Closed""}"
2351,Accused,INSERT,71,2019-09-22 01:34:12,{},"{""Status"": ""Under Investigation""}"
2352,Case_Status,UPDATE,143,2019-10-31 11:08:44,"{""Status"": ""Under Investigation""}","{""Status"": ""Closed""}"
2353,Suspects,INSERT,186,2022-08-23 03:23:07,{},"{""Status"": ""Under Investigation""}"
2354,Accused,INSERT,33,2021-07-17 10:17:26,{},"{""Status"": ""Closed""}"
2355,FIR,INSERT,196,2019-04-02 19:08:45,{},"{""Status"": ""Under Investigation""}"
2356,Case_Status,UPDATE,178,2019-05-24 01:23:34,"{""Status"": ""Under Investigation""}","{""Status"": ""Under Investigation""}"
2357,FIR_Accused,INSERT,218,2023-01-23 12:16:41,{},"{""Status"": ""Under Investigation""}"
2358,Case_Status,UPDATE,158,2021-05-12 07:59:21,"{""Status"": ""Under Investigation""}","{""Status"": ""Closed""}"
2359,Suspects,INSERT,214,2023-03-31 11:48:54,{},"{""Status"": ""Closed""}"
2360,Evidence,INSERT,132,2023-07-12 23:57:04,{},"{""Status"": ""Under Investigation""}"
2361,FIR_Accused,INSERT,159,2022-02-11 16:34:29,{},"{""Status"": ""Closed""}"
2362,Evidence,INSERT,140,2021-03-19 04:32:08,{},"{""Status"": ""Closed""}"
2363,FIR_Accused,INSERT,195,2019-03-01 12:59:50,{},"{""Status"": ""Closed""}"
2364,FIR_Accused,INSERT,160,2021-05-23 22:21:14,{},"{""Status"": ""Under Investigation""}"
2365,FIR_Accused,INSERT,73,2022-12-17 18:41:35,{},"{""Status"": ""Closed""}"
2366,Case_Status,UPDATE,142,2019-10-27 12:35:09,"{""Status"": ""Under Investigation""}","{""Status"": ""Closed""}"
2367,FIR,UPDATE,126,2022-06-04 22:27:24,"{""Status"": ""Open""}","{""Status"": ""Closed""}"
2368,FIR,INSERT,239,2020-11-20 14:48:00,{},"{""Status"": ""Closed""}"
2369,Suspects,INSERT,89,2019-08-10 02:49:17,{},"{""Status"": ""Under Investigation""}"
2370,Accused,INSERT,253,2023-05-24 21:45:47,{},"{""Status"": ""Under Investigation""}"
2371,FIR,INSERT,217,2021-09-12 05:34:29,{},"{""Status"": ""Closed""}"
2372,Evidence,INSERT,171,2020-07-25 22:03:18,{},"{""Status"": ""Under Investigation""}"
2373,Case_Status,UPDATE,55,2022-06-22 05:09:06,"{""Status"": ""Under Investigation""}","{""Status"": ""Closed""}"
2374,FIR,UPDATE,98,2021-02-17 03:41:23,"{""Status"": ""Under Investigation""}","{""Status"": ""Under Investigation""}"
2375,Suspects,INSERT,34,2021-10-23 16:09:16,{},"{""Status"": ""Closed""}"
2376,Suspects,INSERT,64,2020-05-06 01:35:03,{},"{""Status"": ""Under Investigation""}"
2377,Case_Status,UPDATE,80,2020-01-08 06:44:04,"{""Status"": ""Under Investigation""}","{""Status"": ""Under Investigation""}"
2378,FIR_Accused,INSERT,181,2019-08-14 22:05:09,{},"{""Status"": ""Closed""}"
2379,FIR,UPDATE,173,2023-07-01 18:53:06,"{""Status"": ""Open""}","{""Status"": ""Closed""}"
2380,Evidence,INSERT,123,2023-11-11 14:43:11,{},"{""Status"": ""Closed""}"
2381,Case_Status,UPDATE,131,2023-08-24 08:44:26,"{""Status"": ""Under Investigation""}","{""Status"": ""Under Investigation""}"
2382,Evidence,INSERT,203,2022-03-30 11:16:29,{},"{""Status"": ""Closed""}"
2383,Accused,INSERT,46,2021-08-12 06:15:22,{},"{""Status"": ""Closed""}"
2384,Complaint,INSERT,43,2021-07-29 23:36:49,{},"{""Status"": ""Closed""}"
2385,FIR,INSERT,38,2021-09-01 01:46:26,{},"{""Status"": ""Under Investigation""}"
2386,Complaint,INSERT,11,2019-01-13 03:04:30,{},"{""Status"": ""Under Investigation""}"
2387,FIR,UPDATE,228,2019-11-27 09:21:48,"{""Status"": ""Open""}","{""Status"": ""Under Investigation""}"
2388,FIR,UPDATE,62,2023-06-25 11:47:36,"{""Status"": ""Under Investigation""}","{""Status"": ""Closed""}"
2389,FIR,INSERT,65,2023-11-07 23:53:57,{},"{""Status"": ""Closed""}"
2390,Accused,INSERT,260,2019-10-01 02:59:54,{},"{""Status"": ""Under Investigation""}"
2391,Evidence,INSERT,151,2019-05-11 17:34:52,{},"{""Status"": ""Closed""}"
2392,Evidence,INSERT,229,2019-09-23 14:24:45,{},"{""Status"": ""Closed""}"
2393,Accused,INSERT,33,2019-10-27 07:11:07,{},"{""Status"": ""Closed""}"
2394,Accused,INSERT,64,2022-06-09 00:54:53,{},"{""Status"": ""Under Investigation""}"
2395,Evidence,INSERT,114,2022-02-03 15:32:44,{},"{""Status"": ""Under Investigation""}"
2396,Complaint,INSERT,115,2022-07-17 17:48:21,{},"{""Status"": ""Closed""}"
2397,Accused,INSERT,47,2022-09-09 22:47:02,{},"{""Status"": ""Closed""}"
2398,Complaint,INSERT,6,2022-11-23 19:10:56,{},"{""Status"": ""Under Investigation""}"
2399,Suspects,INSERT,230,2020-09-06 10:24:51,{},"{""Status"": ""Closed""}"
2400,FIR_Accused,INSERT,19,2023-08-07 20:35:31,{},"{""Status"": ""Under Investigation""}"
2401,Complaint,INSERT,81,2021-04-12 21:27:48,{},"{""Status"": ""Closed""}"
2402,FIR,INSERT,10,2019-07-20 19:54:28,{},"{""Status"": ""Closed""}"
2403,Complaint,INSERT,53,2019-11-15 00:02:24,{},"{""Status"": ""Closed""}"
2404,Evidence,INSERT,225,2020-06-19 11:24:02,{},"{""Status"": ""Under Investigation""}"
2405,FIR,INSERT,263,2019-01-28 20:47:58,{},"{""Status"": ""Closed""}"
2406,Case_Status,UPDATE,88,2021-01-19 13:55:20,"{""Status"": ""Open""}","{""Status"": ""Under Investigation""}"
2407,Suspects,INSERT,83,2020-10-26 23:54:30,{},"{""Status"": ""Under Investigation""}"
2408,Evidence,INSERT,46,2019-06-18 01:27:11,{},"{""Status"": ""Closed""}"
2409,FIR,UPDATE,210,2019-04-09 15:45:36,"{""Status"": ""Under Investigation""}","{""Status"": ""Under Investigation""}"
2410,FIR_Accused,INSERT,170,2022-07-10 09:42:19,{},"{""Status"": ""Under Investigation""}"
2411,Evidence,INSERT,121,2023-06-02 16:34:59,{},"{""Status"": ""Closed""}"
2412,Case_Status,UPDATE,258,2022-01-23 19:23:51,"{""Status"": ""Under Investigation""}","{""Status"": ""Closed""}"
2413,FIR,INSERT,26,2020-08-22 02:36:29,{},"{""Status"": ""Closed""}"
2414,Evidence,INSERT,184,2019-05-29 05:49:44,{},"{""Status"": ""Closed""}"
2415,Case_Status,UPDATE,264,2022-04-14 00:20:46,"{""Status"": ""Under Investigation""}","{""Status"": ""Closed""}"
2416,Evidence,INSERT,89,2020-09-08 14:46:24,{},"{""Status"": ""Closed""}"
2417,FIR_Accused,INSERT,95,2020-07-13 05:05:07,{},"{""Status"": ""Under Investigation""}"
2418,Case_Status,UPDATE,113,2019-07-12 16:17:14,"{""Status"": ""Under Investigation""}","{""Status"": ""Under Investigation""}"
2419,FIR,INSERT,59,2019-02-18 04:25:54,{},"{""Status"": ""Closed""}"
2420,FIR,UPDATE,107,2020-09-01 09:02:04,"{""Status"": ""Open""}","{""Status"": ""Under Investigation""}"
2421,Accused,INSERT,83,2021-11-26 01:47:15,{},"{""Status"": ""Under Investigation""}"
2422,Suspects,INSERT,212,2023-08-06 05:33:47,{},"{""Status"": ""Under Investigation""}"
2423,Accused,INSERT,175,2019-04-17 06:11:41,{},"{""Status"": ""Under Investigation""}"
2424,Case_Status,UPDATE,258,2023-12-01 20:50:36,"{""Status"": ""Under Investigation""}","{""Status"": ""Under Investigation""}"
2425,FIR,UPDATE,232,2019-03-03 22:29:54,"{""Status"": ""Under Investigation""}","{""Status"": ""Closed""}"
2426,Complaint,INSERT,135,2023-03-08 11:16:21,{},"{""Status"": ""Under Investigation""}"
2427,Accused,INSERT,250,2021-08-14 02:35:10,{},"{""Status"": ""Closed""}"
2428,Evidence,INSERT,263,2021-05-08 06:12:15,{},"{""Status"": ""Under Investigation""}"
2429,Suspects,INSERT,206,2023-10-23 00:50:33,{},"{""Status"": ""Under Investigation""}"
2430,Suspects,INSERT,80,2021-08-07 11:22:23,{},"{""Status"": ""Closed""}"
2431,Complaint,INSERT,269,2019-02-23 15:09:24,{},"{""Status"": ""Under Investigation""}"
2432,FIR,INSERT,152,2020-10-13 12:05:03,{},"{""Status"": ""Under Investigation""}"
2433,Evidence,INSERT,33,2023-02-14 20:15:01,{},"{""Status"": ""Under Investigation""}"
2434,Suspects,INSERT,219,2019-06-11 17:32:20,{},"{""Status"": ""Closed""}"
2435,FIR_Accused,INSERT,19,2019-01-28 20:45:22,{},"{""Status"": ""Under Investigation""}"
2436,Evidence,INSERT,256,2021-04-30 20:58:59,{},"{""Status"": ""Under Investigation""}"
2437,FIR,INSERT,249,2023-01-03 11:36:43,{},"{""Status"": ""Closed""}"
2438,Suspects,INSERT,235,2022-09-20 23:47:19,{},"{""Status"": ""Closed""}"
2439,FIR,INSERT,158,2023-08-02 23:21:30,{},"{""Status"": ""Under Investigation""}"
2440,FIR_Accused,INSERT,140,2019-07-14 22:18:30,{},"{""Status"": ""Closed""}"
2441,Evidence,INSERT,69,2019-03-09 13:21:24,{},"{""Status"": ""Under Investigation""}"
2442,Accused,INSERT,127,2020-11-12 17:10:02,{},"{""Status"": ""Closed""}"
2443,Complaint,INSERT,200,2019-10-05 01:40:56,{},"{""Status"": ""Closed""}"
2444,FIR,INSERT,221,2019-12-03 13:59:39,{},"{""Status"": ""Under Investigation""}"
2445,FIR,INSERT,215,2023-02-17 11:40:24,{},"{""Status"": ""Closed""}"
2446,FIR_Accused,INSERT,19,2020-04-16 19:29:03,{},"{""Status"": ""Closed""}"
2447,Case_Status,UPDATE,225,2022-05-17 03:47:10,"{""Status"": ""Open""}","{""Status"": ""Closed""}"
2448,Case_Status,UPDATE,209,2019-08-04 19:23:30,"{""Status"": ""Open""}","{""Status"": ""Closed""}"
2449,FIR,INSERT,256,2022-04-17 04:08:34,{},"{""Status"": ""Under Investigation""}"
2450,FIR,UPDATE,147,2019-11-13 05:15:25,"{""Status"": ""Open""}","{""Status"": ""Under Investigation""}"
2451,FIR,UPDATE,198,2021-10-26 13:31:52,"{""Status"": ""Under Investigation""}","{""Status"": ""Under Investigation""}"
2452,Accused,INSERT,69,2019-05-02 15:50:50,{},"{""Status"": ""Under Investigation""}"
2453,FIR,UPDATE,181,2020-07-23 18:28:41,"{""Status"": ""Open""}","{""Status"": ""Under Investigation""}"
2454,FIR,UPDATE,160,2021-03-30 01:11:11,"{""Status"": ""Open""}","{""Status"": ""Under Investigation""}"
2455,Evidence,INSERT,127,2022-10-30 08:34:28,{},"{""Status"": ""Under Investigation""}"
2456,Complaint,INSERT,147,2022-01-20 15:09:43,{},"{""Status"": ""Closed""}"
2457,Evidence,INSERT,178,2020-07-24 02:27:06,{},"{""Status"": ""Closed""}"
2458,FIR_Accused,INSERT,172,2022-12-03 16:52:41,{},"{""Status"": ""Under Investigation""}"
2459,FIR,UPDATE,247,2019-06-28 16:19:06,"{""Status"": ""Open""}","{""Status"": ""Under Investigation""}"
2460,Suspects,INSERT,233,2020-07-19 11:34:13,{},"{""Status"": ""Closed""}"
2461,Suspects,INSERT,264,2019-11-01 14:58:53,{},"{""Status"": ""Under Investigation""}"
2462,FIR,UPDATE,40,2020-12-23 00:15:14,"{""Status"": ""Open""}","{""Status"": ""Closed""}"
2463,FIR,INSERT,131,2021-03-19 13:15:55,{},"{""Status"": ""Closed""}"
2464,Complaint,INSERT,2,2022-10-07 16:49:42,{},"{""Status"": ""Closed""}"
2465,FIR_Accused,INSERT,123,2020-08-20 01:01:51,{},"{""Status"": ""Closed""}"
2466,Suspects,INSERT,86,2021-01-01 19:51:33,{},"{""Status"": ""Under Investigation""}"
2467,Evidence,INSERT,269,2020-12-27 20:02:58,{},"{""Status"": ""Closed""}"
2468,Evidence,INSERT,180,2019-10-30 05:30:44,{},"{""Status"": ""Closed""}"
2469,FIR,UPDATE,101,2019-11-07 17:17:56,"{""Status"": ""Under Investigation""}","{""Status"": ""Under Investigation""}"
2470,Accused,INSERT,8,2020-06-25 17:47:20,{},"{""Status"": ""Closed""}"
2471,Evidence,INSERT,120,2023-09-16 15:59:19,{},"{""Status"": ""Closed""}"
2472,Suspects,INSERT,137,2023-04-10 12:34:31,{},"{""Status"": ""Under Investigation""}"
2473,Accused,INSERT,221,2021-06-09 22:10:21,{},"{""Status"": ""Under Investigation""}"
2474,FIR,INSERT,91,2023-10-13 20:09:57,{},"{""Status"": ""Closed""}"
2475,Suspects,INSERT,253,2020-01-23 05:07:17,{},"{""Status"": ""Under Investigation""}"
2476,Evidence,INSERT,142,2023-01-24 22:06:23,{},"{""Status"": ""Under Investigation""}"
2477,FIR_Accused,INSERT,208,2020-09-25 22:30:54,{},"{""Status"": ""Under Investigation""}"
2478,Complaint,INSERT,253,2020-07-08 23:28:43,{},"{""Status"": ""Under Investigation""}"
2479,Accused,INSERT,172,2023-06-04 15:52:38,{},"{""Status"": ""Closed""}"
2480,Suspects,INSERT,129,2021-01-04 13:49:13,{},"{""Status"": ""Under Investigation""}"
2481,Case_Status,UPDATE,195,2020-08-07 03:22:33,"{""Status"": ""Under Investigation""}","{""Status"": ""Closed""}"
2482,Complaint,INSERT,14,2019-01-25 05:39:43,{},"{""Status"": ""Under Investigation""}"
2483,Evidence,INSERT,182,2021-02-20 18:34:34,{},"{""Status"": ""Closed""}"
2484,Suspects,INSERT,28,2021-06-05 14:44:14,{},"{""Status"": ""Under Investigation""}"
2485,FIR,INSERT,183,2019-02-24 15:06:38,{},"{""Status"": ""Closed""}"
2486,FIR,UPDATE,170,2023-08-17 15:52:39,"{""Status"": ""Open""}","{""Status"": ""Under Investigation""}"
2487,FIR_Accused,INSERT,38,2023-03-19 19:02:13,{},"{""Status"": ""Under Investigation""}"
2488,FIR_Accused,INSERT,256,2022-03-09 19:07:44,{},"{""Status"": ""Under Investigation""}"
2489,FIR,INSERT,176,2023-04-17 10:49:22,{},"{""Status"": ""Closed""}"
2490,FIR,UPDATE,4,2021-02-09 22:15:52,"{""Status"": ""Under Investigation""}","{""Status"": ""Closed""}"
2491,FIR,UPDATE,156,2019-07-21 10:55:46,"{""Status"": ""Under Investigation""}","{""Status"": ""Under Investigation""}"
2492,Case_Status,UPDATE,202,2021-10-18 21:33:46,"{""Status"": ""Open""}","{""Status"": ""Under Investigation""}"
2493,FIR_Accused,INSERT,89,2020-12-09 23:02:18,{},"{""Status"": ""Closed""}"
2494,FIR_Accused,INSERT,139,2023-01-01 10:05:22,{},"{""Status"": ""Closed""}"
2495,FIR_Accused,INSERT,78,2021-09-09 22:12:10,{},"{""Status"": ""Closed""}"
2496,FIR_Accused,INSERT,244,2021-10-01 14:59:09,{},"{""Status"": ""Closed""}"
2497,Evidence,INSERT,89,2019-09-07 10:52:37,{},"{""Status"": ""Closed""}"
2498,FIR_Accused,INSERT,215,2021-12-25 04:54:56,{},"{""Status"": ""Under Investigation""}"
2499,FIR,UPDATE,176,2023-05-17 09:23:48,"{""Status"": ""Open""}","{""Status"": ""Under Investigation""}"
2500,FIR,UPDATE,111,2022-12-30 23:12:00,"{""Status"": ""Under Investigation""}","{""Status"": ""Closed""}"
2501,Complaint,INSERT,184,2019-06-14 15:41:10,{},"{""Status"": ""Under Investigation""}"
2502,Evidence,INSERT,133,2019-01-15 18:57:05,{},"{""Status"": ""Closed""}"
2503,Case_Status,UPDATE,12,2020-02-27 20:15:32,"{""Status"": ""Under Investigation""}","{""Status"": ""Closed""}"
2504,Case_Status,UPDATE,171,2020-03-29 05:02:01,"{""Status"": ""Under Investigation""}","{""Status"": ""Closed""}"
2505,Suspects,INSERT,111,2020-07-15 11:13:40,{},"{""Status"": ""Under Investigation""}"
2506,Accused,INSERT,225,2023-06-20 04:13:47,{},"{""Status"": ""Under Investigation""}"
2507,Evidence,INSERT,196,2023-09-17 01:48:15,{},"{""Status"": ""Under Investigation""}"
2508,Case_Status,UPDATE,174,2020-06-06 23:14:44,"{""Status"": ""Open""}","{""Status"": ""Closed""}"
2509,Suspects,INSERT,26,2022-06-19 15:13:37,{},"{""Status"": ""Under Investigation""}"
2510,FIR,UPDATE,253,2022-09-30 11:18:03,"{""Status"": ""Under Investigation""}","{""Status"": ""Closed""}"
2511,Accused,INSERT,190,2020-11-09 15:40:10,{},"{""Status"": ""Closed""}"
2512,FIR,UPDATE,189,2023-07-21 02:36:14,"{""Status"": ""Open""}","{""Status"": ""Closed""}"
2513,Evidence,INSERT,236,2022-03-31 00:06:02,{},"{""Status"": ""Closed""}"
2514,FIR_Accused,INSERT,193,2019-12-03 07:31:56,{},"{""Status"": ""Under Investigation""}"
2515,FIR,UPDATE,94,2021-01-29 05:42:49,"{""Status"": ""Open""}","{""Status"": ""Closed""}"
2516,FIR,INSERT,75,2021-05-03 22:35:13,{},"{""Status"": ""Under Investigation""}"
2517,Evidence,INSERT,231,2022-09-26 22:36:40,{},"{""Status"": ""Closed""}"
2518,FIR_Accused,INSERT,256,2019-05-10 09:11:37,{},"{""Status"": ""Under Investigation""}"
2519,FIR_Accused,INSERT,122,2019-02-26 02:12:15,{},"{""Status"": ""Under Investigation""}"
2520,Accused,INSERT,174,2021-02-04 23:47:22,{},"{""Status"": ""Closed""}"
2521,Accused,INSERT,13,2020-10-30 21:22:13,{},"{""Status"": ""Closed""}"
2522,FIR,UPDATE,31,2023-01-08 15:38:40,"{""Status"": ""Under Investigation""}","{""Status"": ""Closed""}"
2523,Accused,INSERT,170,2020-05-30 21:45:48,{},"{""Status"": ""Closed""}"
2524,FIR,INSERT,45,2022-03-25 22:58:54,{},"{""Status"": ""Closed""}"
2525,Case_Status,UPDATE,156,2022-09-19 06:47:47,"{""Status"": ""Under Investigation""}","{""Status"": ""Under Investigation""}"
2526,Accused,INSERT,177,2022-02-17 00:29:42,{},"{""Status"": ""Under Investigation""}"
2527,FIR,UPDATE,148,2023-07-06 23:32:39,"{""Status"": ""Open""}","{""Status"": ""Closed""}"
2528,Suspects,INSERT,138,2019-06-19 18:58:22,{},"{""Status"": ""Closed""}"
2529,FIR,INSERT,264,2020-06-24 09:34:20,{},"{""Status"": ""Closed""}"
2530,Complaint,INSERT,260,2022-05-05 04:32:08,{},"{""Status"": ""Closed""}"
2531,FIR,UPDATE,149,2019-02-23 10:37:27,"{""Status"": ""Under Investigation""}","{""Status"": ""Closed""}"
2532,FIR,INSERT,118,2022-10-21 10:28:46,{},"{""Status"": ""Under Investigation""}"
2533,FIR,INSERT,46,2019-11-06 14:02:47,{},"{""Status"": ""Under Investigation""}"
2534,Case_Status,UPDATE,107,2021-10-27 19:26:30,"{""Status"": ""Under Investigation""}","{""Status"": ""Under Investigation""}"
2535,Accused,INSERT,39,2019-10-28 02:07:49,{},"{""Status"": ""Closed""}"
2536,Complaint,INSERT,221,2020-06-10 18:04:07,{},"{""Status"": ""Under Investigation""}"
2537,Complaint,INSERT,45,2021-06-29 13:02:17,{},"{""Status"": ""Under Investigation""}"
2538,Evidence,INSERT,131,2020-04-20 16:48:47,{},"{""Status"": ""Under Investigation""}"
2539,Evidence,INSERT,45,2023-12-09 18:21:38,{},"{""Status"": ""Closed""}"
2540,Evidence,INSERT,112,2023-09-20 00:43:23,{},"{""Status"": ""Closed""}"
2541,Case_Status,UPDATE,69,2023-10-28 06:46:20,"{""Status"": ""Under Investigation""}","{""Status"": ""Under Investigation""}"
2542,FIR,UPDATE,166,2023-04-17 17:13:50,"{""Status"": ""Open""}","{""Status"": ""Under Investigation""}"
2543,FIR,UPDATE,250,2020-01-09 06:26:17,"{""Status"": ""Under Investigation""}","{""Status"": ""Closed""}"
2544,Suspects,INSERT,166,2022-02-19 04:02:21,{},"{""Status"": ""Under Investigation""}"
2545,Complaint,INSERT,254,2019-02-23 10:49:13,{},"{""Status"": ""Closed""}"
2546,FIR,INSERT,34,2021-12-07 05:21:59,{},"{""Status"": ""Under Investigation""}"
2547,Case_Status,UPDATE,122,2019-12-02 09:30:06,"{""Status"": ""Open""}","{""Status"": ""Under Investigation""}"
2548,Case_Status,UPDATE,48,2023-04-18 07:51:24,"{""Status"": ""Under Investigation""}","{""Status"": ""Under Investigation""}"
2549,Accused,INSERT,10,2022-08-10 07:59:53,{},"{""Status"": ""Closed""}"
2550,Complaint,INSERT,181,2019-12-11 17:05:15,{},"{""Status"": ""Closed""}"
2551,FIR,INSERT,188,2019-08-06 16:42:03,{},"{""Status"": ""Closed""}"
2552,Case_Status,UPDATE,82,2021-02-25 14:59:11,"{""Status"": ""Under Investigation""}","{""Status"": ""Under Investigation""}"
2553,Accused,INSERT,242,2021-08-20 20:37:59,{},"{""Status"": ""Under Investigation""}"
2554,Accused,INSERT,150,2021-05-08 08:39:58,{},"{""Status"": ""Closed""}"
2555,FIR,INSERT,223,2022-06-08 18:06:19,{},"{""Status"": ""Under Investigation""}"
2556,Suspects,INSERT,97,2023-01-02 11:34:29,{},"{""Status"": ""Closed""}"
2557,FIR_Accused,INSERT,109,2022-11-23 21:13:25,{},"{""Status"": ""Closed""}"
2558,Complaint,INSERT,217,2021-04-10 16:09:51,{},"{""Status"": ""Under Investigation""}"
2559,Evidence,INSERT,244,2023-12-26 04:58:29,{},"{""Status"": ""Under Investigation""}"
2560,FIR_Accused,INSERT,101,2019-09-19 11:53:11,{},"{""Status"": ""Under Investigation""}"
2561,Accused,INSERT,255,2022-02-19 19:05:46,{},"{""Status"": ""Under Investigation""}"
2562,Complaint,INSERT,176,2019-04-02 22:04:08,{},"{""Status"": ""Closed""}"
2563,FIR,INSERT,216,2020-10-07 22:12:56,{},"{""Status"": ""Closed""}"
2564,Case_Status,UPDATE,70,2021-05-21 19:35:27,"{""Status"": ""Open""}","{""Status"": ""Closed""}"
2565,Accused,INSERT,238,2020-12-29 20:40:54,{},"{""Status"": ""Under Investigation""}"
2566,Suspects,INSERT,82,2022-01-23 21:47:04,{},"{""Status"": ""Closed""}"
2567,FIR,UPDATE,162,2022-12-26 17:16:30,"{""Status"": ""Under Investigation""}","{""Status"": ""Closed""}"
2568,FIR,INSERT,6,2023-12-11 20:35:08,{},"{""Status"": ""Under Investigation""}"
2569,Evidence,INSERT,18,2023-12-17 21:39:15,{},"{""Status"": ""Under Investigation""}"
2570,FIR,UPDATE,235,2023-05-22 00:10:51,"{""Status"": ""Under Investigation""}","{""Status"": ""Under Investigation""}"
2571,Evidence,INSERT,38,2021-10-21 23:55:55,{},"{""Status"": ""Closed""}"
2572,FIR_Accused,INSERT,45,2023-08-20 10:42:08,{},"{""Status"": ""Closed""}"
2573,FIR,UPDATE,180,2022-01-22 12:36:44,"{""Status"": ""Under Investigation""}","{""Status"": ""Under Investigation""}"
2574,Accused,INSERT,112,2019-09-27 18:38:19,{},"{""Status"": ""Closed""}"
2575,Suspects,INSERT,275,2022-01-13 21:06:52,{},"{""Status"": ""Closed""}"
2576,Evidence,INSERT,256,2019-04-06 02:54:18,{},"{""Status"": ""Under Investigation""}"
2577,Complaint,INSERT,269,2020-12-07 16:20:07,{},"{""Status"": ""Under Investigation""}"
2578,Accused,INSERT,64,2020-08-08 05:03:42,{},"{""Status"": ""Closed""}"
2579,Suspects,INSERT,202,2020-12-28 14:34:13,{},"{""Status"": ""Under Investigation""}"
2580,Case_Status,UPDATE,103,2021-11-06 00:23:09,"{""Status"": ""Open""}","{""Status"": ""Under Investigation""}"
2581,Evidence,INSERT,152,2022-07-28 12:53:30,{},"{""Status"": ""Under Investigation""}"
2582,Accused,INSERT,209,2023-02-26 06:40:32,{},"{""Status"": ""Under Investigation""}"
2583,Case_Status,UPDATE,142,2021-06-16 08:05:33,"{""Status"": ""Under Investigation""}","{""Status"": ""Closed""}"
2584,Evidence,INSERT,67,2022-04-06 22:38:50,{},"{""Status"": ""Under Investigation""}"
2585,Complaint,INSERT,83,2023-09-10 05:17:28,{},"{""Status"": ""Under Investigation""}"
2586,Evidence,INSERT,9,2022-09-05 00:13:47,{},"{""Status"": ""Closed""}"
2587,Suspects,INSERT,37,2021-11-09 15:51:30,{},"{""Status"": ""Closed""}"
2588,Complaint,INSERT,186,2022-05-09 11:35:48,{},"{""Status"": ""Under Investigation""}"
2589,Evidence,INSERT,196,2022-09-04 07:24:41,{},"{""Status"": ""Under Investigation""}"
2590,Accused,INSERT,52,2023-04-14 21:01:29,{},"{""Status"": ""Under Investigation""}"
2591,FIR,INSERT,244,2019-03-31 01:34:52,{},"{""Status"": ""Closed""}"
2592,FIR,INSERT,246,2021-10-17 20:23:34,{},"{""Status"": ""Under Investigation""}"
2593,FIR,UPDATE,249,2019-11-21 13:01:17,"{""Status"": ""Open""}","{""Status"": ""Closed""}"
2594,FIR,INSERT,177,2021-09-30 11:04:06,{},"{""Status"": ""Closed""}"
2595,FIR_Accused,INSERT,156,2023-05-07 18:24:59,{},"{""Status"": ""Under Investigation""}"
2596,FIR_Accused,INSERT,116,2022-02-11 04:57:51,{},"{""Status"": ""Under Investigation""}"
2597,FIR_Accused,INSERT,93,2020-06-23 17:37:37,{},"{""Status"": ""Under Investigation""}"
2598,FIR_Accused,INSERT,110,2021-12-19 05:51:49,{},"{""Status"": ""Under Investigation""}"
2599,FIR_Accused,INSERT,99,2019-11-22 23:28:30,{},"{""Status"": ""Under Investigation""}"
2600,Suspects,INSERT,176,2020-01-29 23:15:37,{},"{""Status"": ""Under Investigation""}"
2601,FIR_Accused,INSERT,179,2021-10-16 02:09:51,{},"{""Status"": ""Under Investigation""}"
2602,Complaint,INSERT,223,2022-08-05 19:12:18,{},"{""Status"": ""Under Investigation""}"
2603,FIR,UPDATE,44,2022-09-16 05:29:58,"{""Status"": ""Open""}","{""Status"": ""Closed""}"
2604,Suspects,INSERT,225,2023-11-14 05:51:51,{},"{""Status"": ""Under Investigation""}"
2605,Accused,INSERT,172,2021-09-24 10:13:00,{},"{""Status"": ""Under Investigation""}"
2606,Accused,INSERT,116,2023-10-31 16:22:56,{},"{""Status"": ""Under Investigation""}"
2607,FIR,UPDATE,181,2023-11-25 02:21:47,"{""Status"": ""Under Investigation""}","{""Status"": ""Closed""}"
2608,FIR,INSERT,57,2022-06-29 15:31:20,{},"{""Status"": ""Closed""}"
2609,Evidence,INSERT,49,2022-04-05 15:33:19,{},"{""Status"": ""Under Investigation""}"
2610,FIR,INSERT,43,2019-07-09 17:15:00,{},"{""Status"": ""Under Investigation""}"
2611,FIR_Accused,INSERT,246,2020-12-14 19:15:30,{},"{""Status"": ""Under Investigation""}"
2612,Accused,INSERT,236,2023-09-21 16:45:49,{},"{""Status"": ""Under Investigation""}"
2613,Complaint,INSERT,8,2022-01-17 03:33:42,{},"{""Status"": ""Closed""}"
2614,FIR,INSERT,188,2022-01-07 08:57:45,{},"{""Status"": ""Closed""}"
2615,Case_Status,UPDATE,194,2022-05-12 00:29:06,"{""Status"": ""Open""}","{""Status"": ""Under Investigation""}"
2616,FIR_Accused,INSERT,198,2020-05-17 23:03:23,{},"{""Status"": ""Closed""}"
2617,FIR_Accused,INSERT,73,2020-02-19 20:35:05,{},"{""Status"": ""Closed""}"
2618,Accused,INSERT,13,2019-10-27 16:25:04,{},"{""Status"": ""Under Investigation""}"
2619,Complaint,INSERT,41,2023-07-23 02:16:16,{},"{""Status"": ""Closed""}"
2620,Case_Status,UPDATE,71,2020-11-08 09:32:54,"{""Status"": ""Under Investigation""}","{""Status"": ""Closed""}"
2621,Case_Status,UPDATE,185,2019-08-30 05:01:39,"{""Status"": ""Under Investigation""}","{""Status"": ""Closed""}"
2622,Case_Status,UPDATE,194,2020-02-10 09:14:31,"{""Status"": ""Under Investigation""}","{""Status"": ""Closed""}"
2623,Suspects,INSERT,31,2019-09-24 04:38:02,{},"{""Status"": ""Closed""}"
2624,Evidence,INSERT,178,2022-07-14 11:34:06,{},"{""Status"": ""Under Investigation""}"
2625,Accused,INSERT,232,2022-11-30 17:46:21,{},"{""Status"": ""Under Investigation""}"
2626,Case_Status,UPDATE,50,2019-04-06 14:36:55,"{""Status"": ""Under Investigation""}","{""Status"": ""Under Investigation""}"
2627,Suspects,INSERT,45,2019-02-20 08:26:50,{},"{""Status"": ""Closed""}"
2628,Accused,INSERT,128,2019-08-16 13:18:27,{},"{""Status"": ""Under Investigation""}"
2629,Suspects,INSERT,238,2019-08-26 08:44:04,{},"{""Status"": ""Closed""}"
2630,FIR_Accused,INSERT,60,2022-11-02 17:13:23,{},"{""Status"": ""Closed""}"
2631,FIR_Accused,INSERT,67,2019-12-06 16:43:21,{},"{""Status"": ""Closed""}"
2632,Evidence,INSERT,28,2020-10-14 22:55:45,{},"{""Status"": ""Under Investigation""}"
2633,Complaint,INSERT,210,2021-05-03 16:22:38,{},"{""Status"": ""Closed""}"
2634,Evidence,INSERT,97,2020-02-18 16:55:24,{},"{""Status"": ""Under Investigation""}"
2635,Complaint,INSERT,89,2020-08-06 07:57:12,{},"{""Status"": ""Under Investigation""}"
2636,FIR,UPDATE,248,2021-08-23 04:25:49,"{""Status"": ""Under Investigation""}","{""Status"": ""Closed""}"
2637,FIR_Accused,INSERT,262,2022-06-02 02:47:19,{},"{""Status"": ""Under Investigation""}"
2638,Complaint,INSERT,214,2019-02-14 09:18:58,{},"{""Status"": ""Closed""}"
2639,Case_Status,UPDATE,264,2020-03-17 16:21:23,"{""Status"": ""Open""}","{""Status"": ""Under Investigation""}"
2640,Case_Status,UPDATE,200,2020-05-30 06:36:10,"{""Status"": ""Under Investigation""}","{""Status"": ""Under Investigation""}"
2641,FIR,UPDATE,58,2022-08-23 15:19:43,"{""Status"": ""Open""}","{""Status"": ""Closed""}"
2642,Evidence,INSERT,114,2020-09-28 09:54:02,{},"{""Status"": ""Closed""}"
2643,FIR,UPDATE,54,2021-04-30 07:22:36,"{""Status"": ""Open""}","{""Status"": ""Closed""}"
2644,Suspects,INSERT,150,2023-08-29 21:32:28,{},"{""Status"": ""Closed""}"
2645,FIR,UPDATE,95,2020-12-02 20:31:32,"{""Status"": ""Open""}","{""Status"": ""Under Investigation""}"
2646,Evidence,INSERT,246,2021-01-27 03:39:31,{},"{""Status"": ""Under Investigation""}"
2647,FIR,INSERT,103,2021-11-18 22:01:09,{},"{""Status"": ""Under Investigation""}"
2648,Suspects,INSERT,189,2020-03-29 21:14:34,{},"{""Status"": ""Under Investigation""}"
2649,Accused,INSERT,257,2023-09-11 01:57:56,{},"{""Status"": ""Under Investigation""}"
2650,Evidence,INSERT,238,2022-06-11 01:31:18,{},"{""Status"": ""Closed""}"
2651,FIR,UPDATE,110,2022-11-01 02:19:41,"{""Status"": ""Under Investigation""}","{""Status"": ""Under Investigation""}"
2652,Evidence,INSERT,164,2020-11-19 02:31:15,{},"{""Status"": ""Under Investigation""}"
2653,FIR,INSERT,57,2021-01-21 12:18:11,{},"{""Status"": ""Under Investigation""}"
2654,Case_Status,UPDATE,264,2021-07-27 01:32:37,"{""Status"": ""Under Investigation""}","{""Status"": ""Closed""}"
2655,FIR,UPDATE,134,2023-01-02 22:50:36,"{""Status"": ""Under Investigation""}","{""Status"": ""Closed""}"
2656,Evidence,INSERT,153,2022-08-23 01:02:56,{},"{""Status"": ""Closed""}"
2657,Case_Status,UPDATE,37,2019-02-09 15:43:43,"{""Status"": ""Open""}","{""Status"": ""Under Investigation""}"
2658,FIR_Accused,INSERT,37,2022-10-31 19:47:58,{},"{""Status"": ""Under Investigation""}"
2659,Evidence,INSERT,257,2023-02-12 02:17:30,{},"{""Status"": ""Closed""}"
2660,Evidence,INSERT,20,2021-06-29 15:57:08,{},"{""Status"": ""Under Investigation""}"
2661,FIR_Accused,INSERT,140,2023-03-11 08:00:52,{},"{""Status"": ""Closed""}"
2662,FIR_Accused,INSERT,35,2021-06-10 19:35:22,{},"{""Status"": ""Closed""}"
2663,Suspects,INSERT,181,2019-03-10 09:32:34,{},"{""Status"": ""Closed""}"
2664,Evidence,INSERT,97,2021-04-05 20:45:19,{},"{""Status"": ""Closed""}"
2665,FIR,UPDATE,90,2020-11-25 10:10:03,"{""Status"": ""Open""}","{""Status"": ""Under Investigation""}"
2666,Case_Status,UPDATE,215,2022-02-28 02:07:27,"{""Status"": ""Under Investigation""}","{""Status"": ""Under Investigation""}"
2667,Complaint,INSERT,52,2023-05-08 15:16:43,{},"{""Status"": ""Under Investigation""}"
2668,FIR,INSERT,194,2022-12-29 18:03:43,{},"{""Status"": ""Closed""}"
2669,Case_Status,UPDATE,9,2020-03-11 22:25:48,"{""Status"": ""Open""}","{""Status"": ""Under Investigation""}"
2670,Accused,INSERT,202,2019-09-05 16:56:43,{},"{""Status"": ""Closed""}"
2671,Case_Status,UPDATE,162,2021-08-16 20:44:03,"{""Status"": ""Under Investigation""}","{""Status"": ""Closed""}"
2672,FIR,UPDATE,39,2020-11-18 11:52:11,"{""Status"": ""Under Investigation""}","{""Status"": ""Closed""}"
2673,Complaint,INSERT,126,2022-11-05 14:37:04,{},"{""Status"": ""Under Investigation""}"
2674,FIR,INSERT,13,2023-10-28 20:46:14,{},"{""Status"": ""Under Investigation""}"
2675,Suspects,INSERT,9,2023-01-02 13:09:56,{},"{""Status"": ""Closed""}"
2676,Case_Status,UPDATE,148,2021-11-18 01:45:11,"{""Status"": ""Open""}","{""Status"": ""Under Investigation""}"
2677,FIR_Accused,INSERT,75,2023-09-12 15:12:27,{},"{""Status"": ""Closed""}"
2678,FIR,INSERT,117,2019-04-25 13:47:16,{},"{""Status"": ""Under Investigation""}"
2679,FIR,UPDATE,62,2023-01-01 17:52:31,"{""Status"": ""Under Investigation""}","{""Status"": ""Under Investigation""}"
2680,FIR_Accused,INSERT,58,2020-09-15 03:27:50,{},"{""Status"": ""Closed""}"
2681,FIR,UPDATE,49,2020-12-07 12:06:34,"{""Status"": ""Under Investigation""}","{""Status"": ""Closed""}"
2682,Case_Status,UPDATE,261,2020-04-16 22:59:44,"{""Status"": ""Open""}","{""Status"": ""Under Investigation""}"
2683,Accused,INSERT,50,2019-01-16 21:34:12,{},"{""Status"": ""Closed""}"
2684,Accused,INSERT,245,2021-06-27 11:32:59,{},"{""Status"": ""Under Investigation""}"
2685,Complaint,INSERT,85,2022-09-03 20:19:58,{},"{""Status"": ""Closed""}"
2686,FIR_Accused,INSERT,237,2023-03-13 08:45:46,{},"{""Status"": ""Closed""}"
2687,Case_Status,UPDATE,155,2020-09-25 21:54:58,"{""Status"": ""Open""}","{""Status"": ""Closed""}"
2688,FIR,UPDATE,68,2022-10-30 06:32:15,"{""Status"": ""Open""}","{""Status"": ""Under Investigation""}"
2689,Case_Status,UPDATE,119,2020-07-11 12:16:44,"{""Status"": ""Open""}","{""Status"": ""Closed""}"
2690,Evidence,INSERT,86,2021-04-26 06:25:44,{},"{""Status"": ""Closed""}"
2691,Accused,INSERT,174,2023-06-27 16:37:47,{},"{""Status"": ""Closed""}"
2692,Accused,INSERT,44,2021-07-21 18:15:42,{},"{""Status"": ""Under Investigation""}"
2693,FIR,INSERT,238,2020-04-19 11:01:39,{},"{""Status"": ""Closed""}"
2694,FIR_Accused,INSERT,237,2019-04-11 18:59:55,{},"{""Status"": ""Closed""}"
2695,FIR,INSERT,30,2019-12-22 07:04:51,{},"{""Status"": ""Closed""}"
2696,Case_Status,UPDATE,140,2023-03-16 06:39:06,"{""Status"": ""Open""}","{""Status"": ""Closed""}"
2697,FIR,INSERT,57,2021-07-27 11:25:35,{},"{""Status"": ""Under Investigation""}"
2698,Evidence,INSERT,103,2021-05-13 21:04:24,{},"{""Status"": ""Under Investigation""}"
2699,Complaint,INSERT,166,2022-10-30 17:43:39,{},"{""Status"": ""Under Investigation""}"
2700,Accused,INSERT,130,2023-08-16 08:24:59,{},"{""Status"": ""Under Investigation""}"
2701,Suspects,INSERT,11,2020-02-10 04:25:50,{},"{""Status"": ""Closed""}"
2702,Case_Status,UPDATE,112,2019-01-25 20:04:29,"{""Status"": ""Under Investigation""}","{""Status"": ""Closed""}"
2703,FIR_Accused,INSERT,153,2023-03-31 09:59:41,{},"{""Status"": ""Under Investigation""}"
2704,FIR,INSERT,204,2020-04-19 17:15:49,{},"{""Status"": ""Under Investigation""}"
2705,Evidence,INSERT,167,2022-01-28 09:29:08,{},"{""Status"": ""Closed""}"
2706,Case_Status,UPDATE,102,2020-11-30 15:25:42,"{""Status"": ""Under Investigation""}","{""Status"": ""Under Investigation""}"
2707,FIR_Accused,INSERT,140,2020-09-07 21:53:35,{},"{""Status"": ""Under Investigation""}"
2708,FIR,UPDATE,71,2021-07-30 07:05:59,"{""Status"": ""Open""}","{""Status"": ""Under Investigation""}"
2709,FIR_Accused,INSERT,129,2021-04-25 18:33:50,{},"{""Status"": ""Under Investigation""}"
2710,FIR_Accused,INSERT,194,2021-10-16 18:18:42,{},"{""Status"": ""Under Investigation""}"
2711,Accused,INSERT,56,2019-04-06 07:07:18,{},"{""Status"": ""Closed""}"
2712,FIR,INSERT,3,2020-12-05 22:49:30,{},"{""Status"": ""Closed""}"
2713,Accused,INSERT,163,2019-08-09 20:34:52,{},"{""Status"": ""Closed""}"
2714,FIR_Accused,INSERT,199,2020-08-17 19:11:36,{},"{""Status"": ""Closed""}"
2715,Complaint,INSERT,103,2020-05-16 12:51:49,{},"{""Status"": ""Closed""}"
2716,Case_Status,UPDATE,197,2022-07-03 22:40:07,"{""Status"": ""Under Investigation""}","{""Status"": ""Closed""}"
2717,Evidence,INSERT,138,2022-09-05 14:34:36,{},"{""Status"": ""Closed""}"
2718,Accused,INSERT,127,2023-09-16 01:07:35,{},"{""Status"": ""Under Investigation""}"
2719,FIR_Accused,INSERT,58,2023-12-21 05:51:32,{},"{""Status"": ""Under Investigation""}"
2720,FIR_Accused,INSERT,48,2019-10-11 07:19:12,{},"{""Status"": ""Under Investigation""}"
2721,Suspects,INSERT,235,2022-04-11 20:22:41,{},"{""Status"": ""Closed""}"
2722,Evidence,INSERT,72,2019-08-06 03:38:20,{},"{""Status"": ""Closed""}"
2723,FIR_Accused,INSERT,70,2020-09-03 10:05:39,{},"{""Status"": ""Closed""}"
2724,FIR,INSERT,95,2022-08-15 15:12:28,{},"{""Status"": ""Under Investigation""}"
2725,FIR_Accused,INSERT,113,2019-11-14 15:13:18,{},"{""Status"": ""Under Investigation""}"
2726,Accused,INSERT,119,2019-12-28 19:09:53,{},"{""Status"": ""Closed""}"
2727,FIR_Accused,INSERT,7,2019-01-28 06:19:30,{},"{""Status"": ""Under Investigation""}"
2728,Evidence,INSERT,223,2023-09-07 10:38:03,{},"{""Status"": ""Closed""}"
2729,FIR,INSERT,23,2020-06-13 13:58:14,{},"{""Status"": ""Closed""}"
2730,FIR,UPDATE,264,2021-08-18 18:32:35,"{""Status"": ""Open""}","{""Status"": ""Under Investigation""}"
2731,FIR,UPDATE,155,2021-05-07 01:51:14,"{""Status"": ""Under Investigation""}","{""Status"": ""Closed""}"
2732,Evidence,INSERT,245,2023-12-18 19:40:16,{},"{""Status"": ""Closed""}"
2733,FIR,UPDATE,101,2021-01-26 02:31:41,"{""Status"": ""Under Investigation""}","{""Status"": ""Closed""}"
2734,Accused,INSERT,30,2021-02-01 01:34:48,{},"{""Status"": ""Under Investigation""}"
2735,Complaint,INSERT,259,2021-02-17 23:04:25,{},"{""Status"": ""Closed""}"
2736,FIR_Accused,INSERT,214,2023-12-02 18:35:25,{},"{""Status"": ""Under Investigation""}"
2737,Case_Status,UPDATE,12,2023-10-05 21:15:54,"{""Status"": ""Open""}","{""Status"": ""Under Investigation""}"
2738,Suspects,INSERT,4,2019-11-23 14:23:25,{},"{""Status"": ""Under Investigation""}"
2739,Suspects,INSERT,129,2021-05-29 02:36:33,{},"{""Status"": ""Under Investigation""}"
2740,FIR,INSERT,11,2019-07-21 05:55:59,{},"{""Status"": ""Under Investigation""}"
2741,FIR,INSERT,248,2023-11-01 05:53:27,{},"{""Status"": ""Under Investigation""}"
2742,Case_Status,UPDATE,106,2019-08-24 04:07:20,"{""Status"": ""Open""}","{""Status"": ""Closed""}"
2743,Accused,INSERT,245,2023-01-14 07:57:08,{},"{""Status"": ""Under Investigation""}"
2744,Complaint,INSERT,116,2023-10-03 02:07:41,{},"{""Status"": ""Closed""}"
2745,FIR,UPDATE,198,2019-06-29 03:23:05,"{""Status"": ""Open""}","{""Status"": ""Under Investigation""}"
2746,Evidence,INSERT,275,2020-04-29 13:42:24,{},"{""Status"": ""Closed""}"
2747,Complaint,INSERT,208,2020-05-27 21:56:24,{},"{""Status"": ""Closed""}"
2748,Accused,INSERT,123,2020-05-15 08:30:15,{},"{""Status"": ""Under Investigation""}"
2749,Complaint,INSERT,242,2021-12-06 03:45:27,{},"{""Status"": ""Closed""}"
2750,Complaint,INSERT,253,2021-11-24 16:14:01,{},"{""Status"": ""Closed""}"
2751,FIR,UPDATE,267,2023-05-20 16:45:00,"{""Status"": ""Under Investigation""}","{""Status"": ""Under Investigation""}"
2752,FIR,UPDATE,166,2020-09-09 15:22:07,"{""Status"": ""Under Investigation""}","{""Status"": ""Under Investigation""}"
2753,FIR,INSERT,178,2019-10-05 20:02:08,{},"{""Status"": ""Closed""}"
2754,Accused,INSERT,269,2019-08-11 17:12:58,{},"{""Status"": ""Under Investigation""}"
2755,Accused,INSERT,116,2022-05-13 09:04:19,{},"{""Status"": ""Under Investigation""}"
2756,Complaint,INSERT,80,2023-04-02 22:56:23,{},"{""Status"": ""Closed""}"
2757,FIR,INSERT,119,2023-10-27 22:24:31,{},"{""Status"": ""Closed""}"
2758,Suspects,INSERT,35,2021-11-02 16:21:13,{},"{""Status"": ""Under Investigation""}"
2759,Case_Status,UPDATE,71,2020-07-04 14:02:47,"{""Status"": ""Open""}","{""Status"": ""Closed""}"
2760,FIR,UPDATE,182,2021-04-09 17:37:28,"{""Status"": ""Under Investigation""}","{""Status"": ""Under Investigation""}"
2761,Suspects,INSERT,30,2019-05-14 02:14:14,{},"{""Status"": ""Under Investigation""}"
2762,Suspects,INSERT,177,2019-08-26 12:13:42,{},"{""Status"": ""Under Investigation""}"
2763,Accused,INSERT,15,2020-05-24 03:34:48,{},"{""Status"": ""Closed""}"
2764,Case_Status,UPDATE,3,2022-11-19 11:01:47,"{""Status"": ""Open""}","{""Status"": ""Closed""}"
2765,Accused,INSERT,97,2019-10-18 13:59:54,{},"{""Status"": ""Under Investigation""}"
2766,Suspects,INSERT,266,2019-02-27 20:33:24,{},"{""Status"": ""Under Investigation""}"
2767,Complaint,INSERT,101,2023-03-04 06:01:19,{},"{""Status"": ""Under Investigation""}"
2768,Complaint,INSERT,231,2019-09-03 15:01:41,{},"{""Status"": ""Closed""}"
2769,FIR,INSERT,33,2019-01-05 22:59:09,{},"{""Status"": ""Closed""}"
2770,Case_Status,UPDATE,163,2020-08-27 18:37:43,"{""Status"": ""Under Investigation""}","{""Status"": ""Closed""}"
2771,FIR,UPDATE,95,2023-09-19 20:34:58,"{""Status"": ""Open""}","{""Status"": ""Closed""}"
2772,FIR,INSERT,55,2023-05-25 17:23:21,{},"{""Status"": ""Closed""}"
2773,Suspects,INSERT,158,2023-04-14 04:53:16,{},"{""Status"": ""Closed""}"
2774,Case_Status,UPDATE,216,2020-01-01 18:19:26,"{""Status"": ""Open""}","{""Status"": ""Under Investigation""}"
2775,Evidence,INSERT,29,2021-08-16 19:01:28,{},"{""Status"": ""Closed""}"
2776,Complaint,INSERT,40,2022-03-02 08:24:32,{},"{""Status"": ""Under Investigation""}"
2777,FIR_Accused,INSERT,194,2020-10-22 17:03:41,{},"{""Status"": ""Closed""}"
2778,FIR,INSERT,32,2019-04-20 00:29:39,{},"{""Status"": ""Under Investigation""}"
2779,Case_Status,UPDATE,171,2019-09-11 18:10:40,"{""Status"": ""Under Investigation""}","{""Status"": ""Under Investigation""}"
2780,FIR_Accused,INSERT,122,2019-04-12 03:23:09,{},"{""Status"": ""Closed""}"
2781,Complaint,INSERT,89,2020-06-12 22:47:11,{},"{""Status"": ""Closed""}"
2782,FIR,INSERT,66,2020-10-02 21:50:42,{},"{""Status"": ""Under Investigation""}"
2783,FIR,INSERT,163,2020-10-28 07:43:43,{},"{""Status"": ""Closed""}"
2784,Evidence,INSERT,142,2019-09-29 19:55:30,{},"{""Status"": ""Closed""}"
2785,FIR,UPDATE,191,2022-09-16 20:25:30,"{""Status"": ""Under Investigation""}","{""Status"": ""Closed""}"
2786,FIR,UPDATE,32,2022-01-21 15:26:33,"{""Status"": ""Under Investigation""}","{""Status"": ""Under Investigation""}"
2787,Complaint,INSERT,105,2019-09-20 04:20:06,{},"{""Status"": ""Closed""}"
2788,Case_Status,UPDATE,136,2023-04-04 03:26:21,"{""Status"": ""Open""}","{""Status"": ""Closed""}"
2789,Complaint,INSERT,24,2020-08-17 18:26:32,{},"{""Status"": ""Closed""}"
2790,Case_Status,UPDATE,15,2019-03-17 10:00:15,"{""Status"": ""Open""}","{""Status"": ""Under Investigation""}"
2791,FIR,INSERT,190,2023-06-02 04:27:15,{},"{""Status"": ""Closed""}"
2792,FIR_Accused,INSERT,228,2020-12-28 12:51:05,{},"{""Status"": ""Under Investigation""}"
2793,FIR_Accused,INSERT,156,2021-05-25 14:07:05,{},"{""Status"": ""Closed""}"
2794,Accused,INSERT,228,2021-11-26 10:44:51,{},"{""Status"": ""Closed""}"
2795,FIR,UPDATE,253,2021-07-08 13:20:30,"{""Status"": ""Under Investigation""}","{""Status"": ""Closed""}"
2796,Complaint,INSERT,55,2019-04-12 04:38:29,{},"{""Status"": ""Closed""}"
2797,Evidence,INSERT,136,2023-11-29 16:56:59,{},"{""Status"": ""Under Investigation""}"
2798,Accused,INSERT,81,2023-10-05 19:26:20,{},"{""Status"": ""Closed""}"
2799,FIR,UPDATE,22,2019-04-03 23:28:53,"{""Status"": ""Under Investigation""}","{""Status"": ""Under Investigation""}"
2800,Suspects,INSERT,219,2022-04-14 19:39:20,{},"{""Status"": ""Closed""}"
2801,Suspects,INSERT,243,2021-02-12 21:45:04,{},"{""Status"": ""Closed""}"
2802,FIR_Accused,INSERT,142,2022-03-01 09:07:06,{},"{""Status"": ""Under Investigation""}"
2803,Accused,INSERT,86,2019-02-08 19:17:48,{},"{""Status"": ""Closed""}"
2804,Accused,INSERT,267,2019-04-05 15:23:23,{},"{""Status"": ""Closed""}"
2805,Suspects,INSERT,167,2019-07-14 18:39:04,{},"{""Status"": ""Closed""}"
2806,Accused,INSERT,234,2020-10-25 19:58:40,{},"{""Status"": ""Closed""}"
2807,FIR,INSERT,32,2021-05-27 08:53:05,{},"{""Status"": ""Closed""}"
2808,FIR,UPDATE,132,2021-01-13 05:20:46,"{""Status"": ""Open""}","{""Status"": ""Under Investigation""}"
2809,Evidence,INSERT,11,2021-05-26 03:53:01,{},"{""Status"": ""Closed""}"
2810,Evidence,INSERT,98,2019-10-26 20:54:45,{},"{""Status"": ""Under Investigation""}"
2811,Complaint,INSERT,255,2021-07-02 07:41:20,{},"{""Status"": ""Under Investigation""}"
2812,Case_Status,UPDATE,30,2023-01-15 02:23:09,"{""Status"": ""Open""}","{""Status"": ""Under Investigation""}"
2813,Accused,INSERT,183,2022-10-19 12:24:19,{},"{""Status"": ""Under Investigation""}"
2814,Evidence,INSERT,10,2022-01-23 21:16:54,{},"{""Status"": ""Closed""}"
2815,FIR_Accused,INSERT,147,2019-09-01 19:47:18,{},"{""Status"": ""Under Investigation""}"
2816,FIR,UPDATE,138,2022-12-30 09:14:09,"{""Status"": ""Under Investigation""}","{""Status"": ""Under Investigation""}"
2817,Suspects,INSERT,52,2019-04-16 01:38:54,{},"{""Status"": ""Under Investigation""}"
2818,FIR,UPDATE,44,2019-08-12 21:14:07,"{""Status"": ""Open""}","{""Status"": ""Under Investigation""}"
2819,Complaint,INSERT,246,2022-07-05 15:10:38,{},"{""Status"": ""Under Investigation""}"
2820,Complaint,INSERT,238,2023-12-17 22:57:05,{},"{""Status"": ""Under Investigation""}"
2821,Accused,INSERT,123,2021-08-16 00:51:03,{},"{""Status"": ""Under Investigation""}"
2822,Accused,INSERT,220,2023-06-20 02:05:22,{},"{""Status"": ""Closed""}"
2823,Case_Status,UPDATE,215,2019-11-03 22:36:25,"{""Status"": ""Open""}","{""Status"": ""Closed""}"
2824,Accused,INSERT,189,2019-07-27 04:03:19,{},"{""Status"": ""Closed""}"
2825,Case_Status,UPDATE,266,2020-07-08 06:09:52,"{""Status"": ""Under Investigation""}","{""Status"": ""Under Investigation""}"
2826,Case_Status,UPDATE,224,2023-12-20 03:31:35,"{""Status"": ""Under Investigation""}","{""Status"": ""Closed""}"
2827,FIR_Accused,INSERT,254,2020-04-08 19:46:17,{},"{""Status"": ""Closed""}"
2828,Accused,INSERT,156,2019-11-25 11:49:52,{},"{""Status"": ""Under Investigation""}"
2829,FIR,INSERT,70,2021-08-14 20:32:59,{},"{""Status"": ""Closed""}"
2830,Complaint,INSERT,118,2020-12-24 15:01:48,{},"{""Status"": ""Under Investigation""}"
2831,FIR,UPDATE,108,2019-04-21 23:37:55,"{""Status"": ""Under Investigation""}","{""Status"": ""Under Investigation""}"
2832,Complaint,INSERT,56,2022-12-07 14:03:04,{},"{""Status"": ""Under Investigation""}"
2833,FIR_Accused,INSERT,210,2022-12-02 03:21:04,{},"{""Status"": ""Closed""}"
2834,Suspects,INSERT,118,2021-02-04 22:45:16,{},"{""Status"": ""Under Investigation""}"
2835,Case_Status,UPDATE,101,2019-02-17 02:41:17,"{""Status"": ""Open""}","{""Status"": ""Closed""}"
2836,FIR_Accused,INSERT,104,2021-02-21 23:21:15,{},"{""Status"": ""Under Investigation""}"
2837,Evidence,INSERT,39,2022-02-21 06:14:59,{},"{""Status"": ""Closed""}"
2838,FIR,INSERT,68,2023-05-10 13:55:35,{},"{""Status"": ""Under Investigation""}"
2839,FIR_Accused,INSERT,170,2020-10-04 22:27:42,{},"{""Status"": ""Closed""}"
2840,Suspects,INSERT,123,2022-07-15 08:59:56,{},"{""Status"": ""Closed""}"
2841,Suspects,INSERT,5,2020-01-10 19:11:44,{},"{""Status"": ""Under Investigation""}"
2842,Case_Status,UPDATE,47,2022-11-15 17:34:47,"{""Status"": ""Open""}","{""Status"": ""Closed""}"
2843,Case_Status,UPDATE,80,2019-12-20 22:32:24,"{""Status"": ""Open""}","{""Status"": ""Under Investigation""}"
2844,Accused,INSERT,261,2021-09-22 17:25:02,{},"{""Status"": ""Closed""}"
2845,Complaint,INSERT,102,2021-05-09 00:37:16,{},"{""Status"": ""Under Investigation""}"
2846,Case_Status,UPDATE,270,2022-12-05 17:27:28,"{""Status"": ""Under Investigation""}","{""Status"": ""Under Investigation""}"
2847,Complaint,INSERT,61,2020-05-15 04:42:48,{},"{""Status"": ""Under Investigation""}"
2848,FIR,UPDATE,237,2021-03-23 05:41:23,"{""Status"": ""Open""}","{""Status"": ""Closed""}"
2849,Case_Status,UPDATE,145,2022-07-08 20:47:48,"{""Status"": ""Open""}","{""Status"": ""Under Investigation""}"
2850,Suspects,INSERT,248,2020-09-06 05:16:20,{},"{""Status"": ""Closed""}"
2851,Accused,INSERT,31,2019-02-12 01:58:39,{},"{""Status"": ""Closed""}"
2852,Complaint,INSERT,33,2021-09-23 17:30:59,{},"{""Status"": ""Under Investigation""}"
2853,FIR_Accused,INSERT,242,2020-12-26 09:46:02,{},"{""Status"": ""Closed""}"
2854,FIR,INSERT,38,2019-09-24 08:46:24,{},"{""Status"": ""Under Investigation""}"
2855,Accused,INSERT,237,2019-12-26 18:47:08,{},"{""Status"": ""Under Investigation""}"
2856,FIR,UPDATE,38,2019-05-12 16:02:39,"{""Status"": ""Under Investigation""}","{""Status"": ""Under Investigation""}"
2857,FIR_Accused,INSERT,224,2019-09-02 22:51:14,{},"{""Status"": ""Under Investigation""}"
2858,Suspects,INSERT,169,2019-01-07 18:59:23,{},"{""Status"": ""Closed""}"
2859,FIR_Accused,INSERT,126,2023-05-13 23:05:27,{},"{""Status"": ""Closed""}"
2860,FIR,UPDATE,93,2020-08-12 20:53:32,"{""Status"": ""Under Investigation""}","{""Status"": ""Closed""}"
2861,Case_Status,UPDATE,194,2021-09-24 07:34:25,"{""Status"": ""Under Investigation""}","{""Status"": ""Closed""}"
2862,FIR_Accused,INSERT,108,2019-03-12 06:55:07,{},"{""Status"": ""Under Investigation""}"
2863,Case_Status,UPDATE,157,2019-11-06 11:35:08,"{""Status"": ""Under Investigation""}","{""Status"": ""Under Investigation""}"
2864,Accused,INSERT,52,2021-09-02 10:50:24,{},"{""Status"": ""Under Investigation""}"
2865,FIR,UPDATE,211,2020-09-18 05:36:06,"{""Status"": ""Under Investigation""}","{""Status"": ""Closed""}"
2866,Evidence,INSERT,110,2020-06-24 15:35:59,{},"{""Status"": ""Under Investigation""}"
2867,FIR_Accused,INSERT,229,2021-12-20 07:59:12,{},"{""Status"": ""Closed""}"
2868,Suspects,INSERT,50,2019-10-19 08:44:47,{},"{""Status"": ""Closed""}"
2869,Evidence,INSERT,266,2023-01-27 15:29:33,{},"{""Status"": ""Closed""}"
2870,Complaint,INSERT,275,2020-06-19 15:59:55,{},"{""Status"": ""Closed""}"
2871,FIR,INSERT,54,2022-12-20 11:18:50,{},"{""Status"": ""Under Investigation""}"
2872,Evidence,INSERT,61,2021-02-02 14:32:40,{},"{""Status"": ""Closed""}"
2873,Complaint,INSERT,198,2023-07-11 00:54:46,{},"{""Status"": ""Closed""}"
2874,Case_Status,UPDATE,221,2019-12-23 12:59:55,"{""Status"": ""Under Investigation""}","{""Status"": ""Closed""}"
2875,Evidence,INSERT,222,2020-06-23 15:13:45,{},"{""Status"": ""Under Investigation""}"
2876,Case_Status,UPDATE,257,2022-05-30 13:06:39,"{""Status"": ""Under Investigation""}","{""Status"": ""Under Investigation""}"
2877,Case_Status,UPDATE,102,2023-11-06 15:40:35,"{""Status"": ""Under Investigation""}","{""Status"": ""Closed""}"
2878,FIR_Accused,INSERT,46,2019-10-06 02:39:35,{},"{""Status"": ""Closed""}"
2879,Accused,INSERT,60,2019-01-10 13:52:59,{},"{""Status"": ""Under Investigation""}"
2880,FIR,UPDATE,101,2022-08-13 17:01:37,"{""Status"": ""Open""}","{""Status"": ""Closed""}"
2881,FIR,UPDATE,242,2022-04-27 17:57:10,"{""Status"": ""Open""}","{""Status"": ""Closed""}"
2882,Accused,INSERT,77,2023-02-12 11:58:50,{},"{""Status"": ""Closed""}"
2883,Accused,INSERT,88,2020-07-06 06:14:03,{},"{""Status"": ""Under Investigation""}"
2884,FIR,UPDATE,110,2023-05-11 01:42:17,"{""Status"": ""Under Investigation""}","{""Status"": ""Closed""}"
2885,Evidence,INSERT,218,2019-04-27 19:08:02,{},"{""Status"": ""Under Investigation""}"
2886,Suspects,INSERT,241,2022-03-23 01:07:25,{},"{""Status"": ""Closed""}"
2887,Case_Status,UPDATE,224,2019-01-17 02:33:35,"{""Status"": ""Open""}","{""Status"": ""Closed""}"
2888,Evidence,INSERT,198,2023-09-14 11:40:27,{},"{""Status"": ""Closed""}"
2889,FIR,INSERT,184,2023-08-19 09:36:06,{},"{""Status"": ""Closed""}"
2890,Complaint,INSERT,151,2020-02-05 07:06:58,{},"{""Status"": ""Closed""}"
2891,Case_Status,UPDATE,272,2020-07-08 03:04:24,"{""Status"": ""Under Investigation""}","{""Status"": ""Closed""}"
2892,Accused,INSERT,273,2021-06-07 11:16:57,{},"{""Status"": ""Closed""}"
2893,Evidence,INSERT,176,2019-01-20 19:40:47,{},"{""Status"": ""Closed""}"
2894,Suspects,INSERT,190,2019-07-27 19:02:20,{},"{""Status"": ""Under Investigation""}"
2895,Complaint,INSERT,58,2021-12-05 19:56:11,{},"{""Status"": ""Under Investigation""}"
2896,Suspects,INSERT,109,2022-06-19 18:28:03,{},"{""Status"": ""Under Investigation""}"
2897,Accused,INSERT,15,2023-06-22 00:28:04,{},"{""Status"": ""Closed""}"
2898,FIR,UPDATE,209,2022-10-16 21:39:55,"{""Status"": ""Open""}","{""Status"": ""Under Investigation""}"
2899,Evidence,INSERT,34,2023-11-05 07:01:55,{},"{""Status"": ""Closed""}"
2900,Evidence,INSERT,76,2022-11-12 17:54:19,{},"{""Status"": ""Closed""}"
2901,FIR_Accused,INSERT,204,2020-06-12 11:26:42,{},"{""Status"": ""Closed""}"
2902,FIR,UPDATE,147,2019-10-10 04:27:33,"{""Status"": ""Open""}","{""Status"": ""Under Investigation""}"
2903,Suspects,INSERT,223,2022-09-08 11:39:37,{},"{""Status"": ""Closed""}"
2904,Case_Status,UPDATE,143,2022-07-21 09:10:48,"{""Status"": ""Under Investigation""}","{""Status"": ""Closed""}"
2905,Suspects,INSERT,257,2023-09-07 13:35:51,{},"{""Status"": ""Under Investigation""}"
2906,FIR,INSERT,28,2022-09-15 02:35:03,{},"{""Status"": ""Under Investigation""}"
2907,FIR,UPDATE,36,2019-10-22 09:22:10,"{""Status"": ""Under Investigation""}","{""Status"": ""Closed""}"
2908,Suspects,INSERT,270,2019-08-11 16:51:29,{},"{""Status"": ""Under Investigation""}"
2909,Case_Status,UPDATE,270,2022-09-24 10:15:17,"{""Status"": ""Under Investigation""}","{""Status"": ""Under Investigation""}"
2910,Accused,INSERT,4,2020-01-06 06:14:09,{},"{""Status"": ""Under Investigation""}"
2911,FIR_Accused,INSERT,109,2020-02-18 16:28:45,{},"{""Status"": ""Under Investigation""}"
2912,FIR_Accused,INSERT,13,2023-07-23 05:30:58,{},"{""Status"": ""Under Investigation""}"
2913,Case_Status,UPDATE,129,2021-11-23 05:15:05,"{""Status"": ""Open""}","{""Status"": ""Closed""}"
2914,Suspects,INSERT,78,2020-05-24 11:30:15,{},"{""Status"": ""Closed""}"
2915,Accused,INSERT,164,2021-02-21 15:59:17,{},"{""Status"": ""Closed""}"
2916,Case_Status,UPDATE,87,2023-09-09 18:18:27,"{""Status"": ""Under Investigation""}","{""Status"": ""Closed""}"
2917,Case_Status,UPDATE,275,2019-02-25 21:46:12,"{""Status"": ""Under Investigation""}","{""Status"": ""Closed""}"
2918,Accused,INSERT,42,2023-06-18 15:54:11,{},"{""Status"": ""Closed""}"
2919,Accused,INSERT,24,2021-04-18 21:49:20,{},"{""Status"": ""Under Investigation""}"
2920,FIR_Accused,INSERT,236,2021-09-04 04:25:21,{},"{""Status"": ""Closed""}"
2921,Case_Status,UPDATE,19,2023-04-16 07:10:20,"{""Status"": ""Under Investigation""}","{""Status"": ""Closed""}"
2922,Evidence,INSERT,251,2023-12-16 21:52:38,{},"{""Status"": ""Closed""}"
2923,Evidence,INSERT,142,2019-01-07 14:03:17,{},"{""Status"": ""Closed""}"
2924,FIR,INSERT,126,2019-08-04 08:58:20,{},"{""Status"": ""Under Investigation""}"
2925,Suspects,INSERT,182,2020-09-12 15:15:39,{},"{""Status"": ""Closed""}"
2926,FIR,INSERT,74,2019-06-06 18:02:53,{},"{""Status"": ""Closed""}"
2927,Complaint,INSERT,222,2023-09-04 08:27:09,{},"{""Status"": ""Under Investigation""}"
2928,Suspects,INSERT,266,2022-04-08 07:45:14,{},"{""Status"": ""Closed""}"
2929,FIR,INSERT,219,2021-09-20 16:38:43,{},"{""Status"": ""Closed""}"
2930,Case_Status,UPDATE,214,2020-10-30 06:35:03,"{""Status"": ""Under Investigation""}","{""Status"": ""Under Investigation""}"
2931,Accused,INSERT,268,2022-02-09 14:22:23,{},"{""Status"": ""Under Investigation""}"
2932,Suspects,INSERT,13,2022-03-25 05:07:04,{},"{""Status"": ""Closed""}"
2933,Evidence,INSERT,137,2020-05-02 10:35:46,{},"{""Status"": ""Closed""}"
2934,Complaint,INSERT,271,2023-02-13 23:40:15,{},"{""Status"": ""Under Investigation""}"
2935,Evidence,INSERT,275,2019-07-26 00:00:31,{},"{""Status"": ""Under Investigation""}"
2936,FIR_Accused,INSERT,89,2021-04-20 12:13:11,{},"{""Status"": ""Under Investigation""}"
2937,Evidence,INSERT,48,2022-07-04 05:53:46,{},"{""Status"": ""Closed""}"
2938,FIR,INSERT,207,2021-08-29 17:35:03,{},"{""Status"": ""Closed""}"
2939,Complaint,INSERT,19,2022-06-06 23:11:15,{},"{""Status"": ""Closed""}"
2940,Complaint,INSERT,41,2019-06-07 23:04:57,{},"{""Status"": ""Closed""}"
2941,Complaint,INSERT,243,2019-06-13 16:37:38,{},"{""Status"": ""Closed""}"
2942,FIR,UPDATE,95,2020-06-18 08:17:17,"{""Status"": ""Under Investigation""}","{""Status"": ""Closed""}"
2943,Suspects,INSERT,68,2020-07-25 14:31:19,{},"{""Status"": ""Under Investigation""}"
2944,FIR,UPDATE,67,2020-01-19 12:09:42,"{""Status"": ""Under Investigation""}","{""Status"": ""Under Investigation""}"
2945,Suspects,INSERT,141,2023-03-19 12:06:24,{},"{""Status"": ""Closed""}"
2946,FIR,UPDATE,159,2023-01-09 07:46:45,"{""Status"": ""Under Investigation""}","{""Status"": ""Closed""}"
2947,FIR_Accused,INSERT,35,2019-01-19 23:57:49,{},"{""Status"": ""Under Investigation""}"
2948,FIR,INSERT,2,2022-05-20 04:34:17,{},"{""Status"": ""Closed""}"
2949,Case_Status,UPDATE,42,2019-01-22 22:10:19,"{""Status"": ""Open""}","{""Status"": ""Under Investigation""}"
2950,FIR,UPDATE,151,2022-01-29 09:24:38,"{""Status"": ""Open""}","{""Status"": ""Under Investigation""}"
2951,Suspects,INSERT,197,2019-10-28 18:39:49,{},"{""Status"": ""Under Investigation""}"
2952,FIR,INSERT,257,2019-01-03 06:08:03,{},"{""Status"": ""Under Investigation""}"
2953,Evidence,INSERT,77,2022-02-01 08:30:37,{},"{""Status"": ""Closed""}"
2954,FIR_Accused,INSERT,1,2019-11-27 22:59:19,{},"{""Status"": ""Under Investigation""}"
2955,FIR,UPDATE,28,2022-11-16 19:59:43,"{""Status"": ""Open""}","{""Status"": ""Under Investigation""}"
2956,Complaint,INSERT,253,2020-01-11 21:45:56,{},"{""Status"": ""Under Investigation""}"
2957,FIR_Accused,INSERT,23,2022-02-25 17:50:18,{},"{""Status"": ""Under Investigation""}"
2958,FIR,INSERT,52,2019-04-24 22:30:16,{},"{""Status"": ""Closed""}"
2959,Complaint,INSERT,239,2019-12-05 15:42:36,{},"{""Status"": ""Closed""}"
2960,Case_Status,UPDATE,94,2021-12-09 02:53:18,"{""Status"": ""Open""}","{""Status"": ""Closed""}"
2961,Case_Status,UPDATE,108,2022-09-29 05:54:13,"{""Status"": ""Open""}","{""Status"": ""Under Investigation""}"
2962,FIR,UPDATE,28,2019-05-07 13:18:10,"{""Status"": ""Open""}","{""Status"": ""Closed""}"
2963,Accused,INSERT,134,2021-01-22 02:31:38,{},"{""Status"": ""Under Investigation""}"
2964,Accused,INSERT,145,2020-11-26 13:42:13,{},"{""Status"": ""Closed""}"
2965,Evidence,INSERT,13,2019-08-29 11:31:20,{},"{""Status"": ""Under Investigation""}"
2966,FIR,INSERT,257,2020-07-01 00:54:10,{},"{""Status"": ""Under Investigation""}"
2967,FIR_Accused,INSERT,230,2023-10-05 21:28:09,{},"{""Status"": ""Under Investigation""}"
2968,Case_Status,UPDATE,43,2021-02-01 02:00:25,"{""Status"": ""Open""}","{""Status"": ""Closed""}"
2969,FIR_Accused,INSERT,141,2022-08-13 07:26:49,{},"{""Status"": ""Under Investigation""}"
2970,FIR,INSERT,235,2021-12-14 11:08:27,{},"{""Status"": ""Under Investigation""}"
2971,FIR_Accused,INSERT,149,2020-11-16 00:53:19,{},"{""Status"": ""Closed""}"
2972,FIR,UPDATE,181,2020-09-07 09:33:49,"{""Status"": ""Open""}","{""Status"": ""Under Investigation""}"
2973,FIR,UPDATE,179,2020-02-23 02:08:23,"{""Status"": ""Under Investigation""}","{""Status"": ""Under Investigation""}"
2974,FIR,INSERT,3,2021-03-15 23:20:20,{},"{""Status"": ""Under Investigation""}"
2975,Complaint,INSERT,186,2020-07-11 13:52:57,{},"{""Status"": ""Closed""}"
2976,FIR,UPDATE,169,2023-03-11 23:52:31,"{""Status"": ""Open""}","{""Status"": ""Under Investigation""}"
2977,Accused,INSERT,68,2022-04-28 18:20:02,{},"{""Status"": ""Closed""}"
2978,Suspects,INSERT,230,2020-04-16 05:55:50,{},"{""Status"": ""Under Investigation""}"
2979,FIR,UPDATE,60,2023-12-05 11:21:46,"{""Status"": ""Open""}","{""Status"": ""Under Investigation""}"
2980,FIR,INSERT,218,2023-01-24 09:07:50,{},"{""Status"": ""Closed""}"
2981,FIR,INSERT,275,2023-08-22 19:58:38,{},"{""Status"": ""Closed""}"
2982,Case_Status,UPDATE,194,2021-10-27 02:46:40,"{""Status"": ""Under Investigation""}","{""Status"": ""Closed""}"
2983,Suspects,INSERT,149,2019-09-21 22:57:55,{},"{""Status"": ""Closed""}"
2984,Accused,INSERT,18,2019-12-07 12:26:57,{},"{""Status"": ""Closed""}"
2985,FIR,INSERT,14,2021-11-19 07:47:56,{},"{""Status"": ""Closed""}"
2986,Complaint,INSERT,146,2019-01-25 16:42:18,{},"{""Status"": ""Under Investigation""}"
2987,FIR_Accused,INSERT,63,2019-04-13 10:09:14,{},"{""Status"": ""Closed""}"
2988,FIR_Accused,INSERT,198,2022-10-18 00:39:44,{},"{""Status"": ""Closed""}"
2989,Suspects,INSERT,13,2022-08-06 10:07:43,{},"{""Status"": ""Under Investigation""}"
2990,FIR,INSERT,139,2019-07-31 09:42:33,{},"{""Status"": ""Closed""}"
2991,Complaint,INSERT,211,2019-06-19 15:11:39,{},"{""Status"": ""Closed""}"
2992,Evidence,INSERT,46,2020-10-28 10:51:32,{},"{""Status"": ""Under Investigation""}"
2993,FIR,UPDATE,26,2022-12-20 00:50:13,"{""Status"": ""Under Investigation""}","{""Status"": ""Under Investigation""}"
2994,Accused,INSERT,274,2021-01-11 06:30:17,{},"{""Status"": ""Under Investigation""}"
2995,FIR,INSERT,8,2019-01-14 16:41:42,{},"{""Status"": ""Under Investigation""}"
2996,Evidence,INSERT,102,2019-02-10 15:51:28,{},"{""Status"": ""Closed""}"
2997,FIR_Accused,INSERT,261,2019-05-17 01:44:48,{},"{""Status"": ""Closed""}"
2998,FIR,INSERT,42,2022-08-16 08:51:07,{},"{""Status"": ""Closed""}"
2999,FIR,INSERT,115,2019-09-19 00:47:58,{},"{""Status"": ""Under Investigation""}"
3000,Accused,INSERT,37,2019-07-03 14:18:45,{},"{""Status"": ""Under Investigation""}"
3001,Accused,INSERT,48,2019-06-18 22:46:03,{},"{""Status"": ""Closed""}"
3002,Case_Status,UPDATE,235,2020-11-15 11:42:10,"{""Status"": ""Open""}","{""Status"": ""Closed""}"
3003,Complaint,INSERT,67,2022-02-16 02:12:34,{},"{""Status"": ""Under Investigation""}"
3004,FIR_Accused,INSERT,92,2023-10-12 11:44:50,{},"{""Status"": ""Closed""}"
3005,Evidence,INSERT,245,2020-07-03 01:24:59,{},"{""Status"": ""Closed""}"
3006,FIR,UPDATE,113,2023-02-05 17:00:06,"{""Status"": ""Under Investigation""}","{""Status"": ""Closed""}"
3007,FIR_Accused,INSERT,271,2019-06-17 00:28:09,{},"{""Status"": ""Under Investigation""}"
3008,Evidence,INSERT,160,2023-03-07 04:53:01,{},"{""Status"": ""Closed""}"
3009,FIR,INSERT,199,2023-12-02 16:36:35,{},"{""Status"": ""Under Investigation""}"
3010,Complaint,INSERT,4,2022-03-02 05:59:13,{},"{""Status"": ""Closed""}"
3011,Case_Status,UPDATE,100,2023-05-13 14:24:39,"{""Status"": ""Under Investigation""}","{""Status"": ""Closed""}"
3012,Complaint,INSERT,226,2023-03-20 04:13:35,{},"{""Status"": ""Closed""}"
3013,Accused,INSERT,249,2021-03-31 12:32:50,{},"{""Status"": ""Under Investigation""}"
3014,FIR_Accused,INSERT,247,2019-09-22 02:09:00,{},"{""Status"": ""Closed""}"
3015,Evidence,INSERT,232,2019-06-17 11:43:45,{},"{""Status"": ""Closed""}"
3016,Suspects,INSERT,50,2020-01-16 03:44:39,{},"{""Status"": ""Closed""}"
3017,Evidence,INSERT,8,2019-11-26 00:16:36,{},"{""Status"": ""Under Investigation""}"
3018,Complaint,INSERT,206,2020-05-06 00:39:26,{},"{""Status"": ""Under Investigation""}"
3019,Suspects,INSERT,98,2023-06-15 14:06:53,{},"{""Status"": ""Under Investigation""}"
3020,Evidence,INSERT,40,2021-04-19 18:40:45,{},"{""Status"": ""Under Investigation""}"
3021,Complaint,INSERT,61,2020-12-29 14:22:02,{},"{""Status"": ""Under Investigation""}"
3022,Evidence,INSERT,241,2019-07-05 01:09:30,{},"{""Status"": ""Closed""}"
3023,FIR,UPDATE,257,2020-09-05 13:55:16,"{""Status"": ""Under Investigation""}","{""Status"": ""Under Investigation""}"
3024,Evidence,INSERT,212,2019-04-03 02:50:28,{},"{""Status"": ""Under Investigation""}"
3025,FIR,INSERT,85,2021-01-18 12:32:23,{},"{""Status"": ""Closed""}"
3026,Suspects,INSERT,264,2020-10-31 12:32:05,{},"{""Status"": ""Closed""}"
3027,FIR_Accused,INSERT,159,2023-02-09 18:07:25,{},"{""Status"": ""Closed""}"
3028,Evidence,INSERT,16,2022-08-05 16:57:06,{},"{""Status"": ""Closed""}"
3029,Suspects,INSERT,93,2021-04-01 19:06:50,{},"{""Status"": ""Closed""}"
3030,Evidence,INSERT,159,2020-03-24 04:42:09,{},"{""Status"": ""Closed""}"
3031,Complaint,INSERT,70,2023-08-22 20:56:52,{},"{""Status"": ""Under Investigation""}"
3032,FIR,INSERT,73,2023-03-14 14:40:44,{},"{""Status"": ""Under Investigation""}"
3033,Suspects,INSERT,274,2023-02-10 07:21:40,{},"{""Status"": ""Closed""}"
3034,FIR,UPDATE,6,2021-11-29 18:13:06,"{""Status"": ""Open""}","{""Status"": ""Under Investigation""}"
3035,Suspects,INSERT,69,2021-11-25 20:49:09,{},"{""Status"": ""Under Investigation""}"
3036,Evidence,INSERT,11,2022-02-12 21:26:30,{},"{""Status"": ""Closed""}"
3037,Accused,INSERT,220,2023-11-27 23:26:43,{},"{""Status"": ""Closed""}"
3038,Complaint,INSERT,108,2020-10-15 07:20:49,{},"{""Status"": ""Closed""}"
3039,FIR_Accused,INSERT,40,2022-03-22 15:24:04,{},"{""Status"": ""Under Investigation""}"
3040,Accused,INSERT,206,2023-08-25 10:52:17,{},"{""Status"": ""Closed""}"
3041,Evidence,INSERT,114,2019-01-24 19:40:49,{},"{""Status"": ""Under Investigation""}"
3042,Accused,INSERT,93,2021-09-26 09:16:41,{},"{""Status"": ""Closed""}"
3043,Evidence,INSERT,19,2022-02-09 15:24:49,{},"{""Status"": ""Closed""}"
3044,FIR,INSERT,199,2023-12-02 20:59:19,{},"{""Status"": ""Under Investigation""}"
3045,FIR,INSERT,70,2019-08-20 16:45:22,{},"{""Status"": ""Closed""}"
3046,Complaint,INSERT,13,2019-09-28 07:46:09,{},"{""Status"": ""Closed""}"
3047,Complaint,INSERT,95,2020-08-28 22:16:03,{},"{""Status"": ""Under Investigation""}"
3048,Accused,INSERT,272,2021-05-07 17:47:25,{},"{""Status"": ""Closed""}"
3049,FIR_Accused,INSERT,216,2021-05-26 22:08:53,{},"{""Status"": ""Closed""}"
3050,FIR,UPDATE,71,2022-12-24 14:07:45,"{""Status"": ""Under Investigation""}","{""Status"": ""Closed""}"
3051,FIR,UPDATE,13,2023-04-12 05:16:00,"{""Status"": ""Open""}","{""Status"": ""Closed""}"
3052,FIR,UPDATE,259,2023-12-28 15:34:35,"{""Status"": ""Open""}","{""Status"": ""Under Investigation""}"
3053,Case_Status,UPDATE,254,2019-01-12 23:25:49,"{""Status"": ""Under Investigation""}","{""Status"": ""Under Investigation""}"
3054,Accused,INSERT,44,2023-01-26 00:41:23,{},"{""Status"": ""Closed""}"
3055,Complaint,INSERT,230,2019-03-23 20:49:18,{},"{""Status"": ""Closed""}"
3056,FIR_Accused,INSERT,121,2023-07-14 20:23:12,{},"{""Status"": ""Closed""}"
3057,Accused,INSERT,191,2019-08-24 00:23:08,{},"{""Status"": ""Under Investigation""}"
3058,Accused,INSERT,215,2022-04-12 16:32:34,{},"{""Status"": ""Closed""}"
3059,Accused,INSERT,207,2020-08-03 15:11:29,{},"{""Status"": ""Under Investigation""}"
3060,Case_Status,UPDATE,68,2023-06-25 23:18:48,"{""Status"": ""Under Investigation""}","{""Status"": ""Closed""}"
3061,Complaint,INSERT,191,2019-06-27 16:47:08,{},"{""Status"": ""Under Investigation""}"
3062,Case_Status,UPDATE,80,2022-02-17 06:52:18,"{""Status"": ""Open""}","{""Status"": ""Closed""}"
3063,FIR_Accused,INSERT,114,2022-05-23 18:22:17,{},"{""Status"": ""Closed""}"
3064,Suspects,INSERT,37,2023-10-11 21:20:05,{},"{""Status"": ""Closed""}"
3065,FIR_Accused,INSERT,269,2022-06-10 23:21:49,{},"{""Status"": ""Under Investigation""}"
3066,FIR_Accused,INSERT,195,2019-06-20 09:26:00,{},"{""Status"": ""Under Investigation""}"
3067,FIR,INSERT,165,2021-03-21 22:25:28,{},"{""Status"": ""Closed""}"
3068,FIR,INSERT,242,2020-04-01 05:07:15,{},"{""Status"": ""Under Investigation""}"
3069,FIR,INSERT,149,2019-11-07 00:49:39,{},"{""Status"": ""Under Investigation""}"
3070,Complaint,INSERT,61,2022-01-01 21:57:40,{},"{""Status"": ""Under Investigation""}"
3071,Accused,INSERT,54,2019-12-07 14:22:04,{},"{""Status"": ""Closed""}"
3072,FIR,INSERT,8,2023-10-31 20:55:27,{},"{""Status"": ""Closed""}"
3073,Complaint,INSERT,188,2020-08-08 17:18:09,{},"{""Status"": ""Closed""}"
3074,Suspects,INSERT,24,2023-12-17 11:16:30,{},"{""Status"": ""Under Investigation""}"
3075,FIR,INSERT,218,2022-06-15 20:32:35,{},"{""Status"": ""Under Investigation""}"
3076,FIR_Accused,INSERT,149,2020-05-24 16:55:10,{},"{""Status"": ""Under Investigation""}"
3077,Accused,INSERT,216,2020-05-14 16:07:12,{},"{""Status"": ""Closed""}"
3078,FIR,INSERT,268,2021-09-12 23:10:32,{},"{""Status"": ""Under Investigation""}"
3079,FIR,INSERT,77,2020-02-28 05:27:54,{},"{""Status"": ""Under Investigation""}"
3080,Accused,INSERT,4,2021-01-12 21:23:48,{},"{""Status"": ""Closed""}"
3081,FIR,UPDATE,146,2022-08-22 13:38:27,"{""Status"": ""Open""}","{""Status"": ""Closed""}"
3082,Evidence,INSERT,259,2022-06-05 06:49:44,{},"{""Status"": ""Closed""}"
3083,FIR,INSERT,17,2021-04-29 20:16:39,{},"{""Status"": ""Closed""}"
3084,FIR,INSERT,7,2021-09-09 03:17:33,{},"{""Status"": ""Under Investigation""}"
3085,FIR_Accused,INSERT,139,2019-03-01 19:59:59,{},"{""Status"": ""Closed""}"
3086,FIR,UPDATE,30,2022-07-05 06:06:01,"{""Status"": ""Under Investigation""}","{""Status"": ""Closed""}"
3087,Complaint,INSERT,96,2023-01-14 15:33:25,{},"{""Status"": ""Closed""}"
3088,Case_Status,UPDATE,37,2021-10-19 02:05:43,"{""Status"": ""Under Investigation""}","{""Status"": ""Under Investigation""}"
3089,Accused,INSERT,228,2021-09-27 21:12:28,{},"{""Status"": ""Closed""}"
3090,Complaint,INSERT,211,2022-05-13 01:14:56,{},"{""Status"": ""Closed""}"
3091,Accused,INSERT,165,2020-08-07 00:26:07,{},"{""Status"": ""Closed""}"
3092,FIR_Accused,INSERT,14,2023-05-07 22:53:46,{},"{""Status"": ""Under Investigation""}"
3093,FIR,UPDATE,77,2019-10-17 12:05:31,"{""Status"": ""Open""}","{""Status"": ""Closed""}"
3094,FIR,UPDATE,129,2021-05-14 03:30:51,"{""Status"": ""Under Investigation""}","{""Status"": ""Closed""}"
3095,FIR,INSERT,160,2023-10-12 06:10:02,{},"{""Status"": ""Under Investigation""}"
3096,FIR,INSERT,228,2020-08-14 00:11:12,{},"{""Status"": ""Closed""}"
3097,Suspects,INSERT,206,2021-08-03 07:29:21,{},"{""Status"": ""Under Investigation""}"
3098,FIR,UPDATE,191,2021-09-25 06:16:33,"{""Status"": ""Open""}","{""Status"": ""Under Investigation""}"
3099,FIR_Accused,INSERT,215,2020-11-19 17:19:21,{},"{""Status"": ""Closed""}"
3100,Case_Status,UPDATE,27,2023-12-28 00:46:02,"{""Status"": ""Under Investigation""}","{""Status"": ""Under Investigation""}"
3101,Evidence,INSERT,203,2020-05-22 04:15:45,{},"{""Status"": ""Closed""}"
3102,FIR_Accused,INSERT,244,2023-07-19 15:31:41,{},"{""Status"": ""Under Investigation""}"
3103,FIR_Accused,INSERT,98,2022-08-14 20:55:19,{},"{""Status"": ""Under Investigation""}"
3104,Complaint,INSERT,85,2020-10-18 19:50:22,{},"{""Status"": ""Under Investigation""}"
3105,Evidence,INSERT,70,2022-10-12 13:13:58,{},"{""Status"": ""Under Investigation""}"
3106,Evidence,INSERT,5,2020-05-26 06:22:57,{},"{""Status"": ""Under Investigation""}"
3107,Evidence,INSERT,69,2019-12-05 21:17:41,{},"{""Status"": ""Under Investigation""}"
3108,Evidence,INSERT,47,2021-12-26 15:05:46,{},"{""Status"": ""Under Investigation""}"
3109,Accused,INSERT,48,2019-03-28 20:15:08,{},"{""Status"": ""Closed""}"
3110,FIR_Accused,INSERT,104,2022-06-22 23:00:33,{},"{""Status"": ""Closed""}"
3111,Case_Status,UPDATE,131,2021-04-06 04:03:38,"{""Status"": ""Open""}","{""Status"": ""Under Investigation""}"
3112,FIR,UPDATE,119,2023-05-22 14:20:55,"{""Status"": ""Under Investigation""}","{""Status"": ""Closed""}"
3113,Complaint,INSERT,76,2023-04-27 22:29:22,{},"{""Status"": ""Under Investigation""}"
3114,FIR,INSERT,94,2020-12-21 09:12:57,{},"{""Status"": ""Under Investigation""}"
3115,FIR,UPDATE,187,2021-12-26 17:23:15,"{""Status"": ""Open""}","{""Status"": ""Under Investigation""}"
3116,Case_Status,UPDATE,252,2023-03-15 01:10:53,"{""Status"": ""Under Investigation""}","{""Status"": ""Closed""}"
3117,Suspects,INSERT,199,2020-09-09 02:21:00,{},"{""Status"": ""Closed""}"
3118,Complaint,INSERT,243,2021-01-26 06:05:10,{},"{""Status"": ""Under Investigation""}"
3119,FIR,UPDATE,72,2019-10-18 04:55:29,"{""Status"": ""Open""}","{""Status"": ""Under Investigation""}"
3120,FIR_Accused,INSERT,59,2023-02-20 21:46:34,{},"{""Status"": ""Under Investigation""}"
3121,FIR,INSERT,249,2019-07-07 14:45:12,{},"{""Status"": ""Under Investigation""}"
3122,Complaint,INSERT,52,2021-03-31 19:52:28,{},"{""Status"": ""Closed""}"
3123,FIR_Accused,INSERT,202,2020-06-27 16:21:43,{},"{""Status"": ""Under Investigation""}"
3124,FIR,INSERT,49,2022-10-28 06:39:04,{},"{""Status"": ""Closed""}"
3125,FIR,UPDATE,87,2022-09-24 09:20:58,"{""Status"": ""Under Investigation""}","{""Status"": ""Closed""}"
3126,Evidence,INSERT,268,2022-10-22 07:24:19,{},"{""Status"": ""Closed""}"
3127,Evidence,INSERT,192,2021-06-20 17:46:12,{},"{""Status"": ""Under Investigation""}"
3128,FIR,UPDATE,59,2019-01-01 21:13:07,"{""Status"": ""Open""}","{""Status"": ""Under Investigation""}"
3129,FIR,UPDATE,67,2022-02-08 06:28:40,"{""Status"": ""Under Investigation""}","{""Status"": ""Under Investigation""}"
3130,Case_Status,UPDATE,87,2022-09-07 17:15:45,"{""Status"": ""Under Investigation""}","{""Status"": ""Closed""}"
3131,Case_Status,UPDATE,156,2021-01-11 18:10:03,"{""Status"": ""Under Investigation""}","{""Status"": ""Under Investigation""}"
3132,FIR,UPDATE,184,2021-04-24 08:21:24,"{""Status"": ""Under Investigation""}","{""Status"": ""Closed""}"
3133,Suspects,INSERT,153,2023-08-22 10:08:41,{},"{""Status"": ""Closed""}"
3134,Case_Status,UPDATE,198,2022-12-28 12:22:58,"{""Status"": ""Open""}","{""Status"": ""Under Investigation""}"
3135,FIR_Accused,INSERT,177,2022-09-12 20:23:07,{},"{""Status"": ""Under Investigation""}"
3136,Accused,INSERT,154,2019-08-27 10:35:48,{},"{""Status"": ""Under Investigation""}"
3137,Evidence,INSERT,131,2023-10-19 04:20:41,{},"{""Status"": ""Under Investigation""}"
3138,Complaint,INSERT,58,2020-12-12 02:16:37,{},"{""Status"": ""Closed""}"
3139,FIR,UPDATE,272,2023-06-19 22:22:57,"{""Status"": ""Under Investigation""}","{""Status"": ""Closed""}"
3140,FIR,INSERT,186,2021-03-16 19:48:12,{},"{""Status"": ""Under Investigation""}"
3141,FIR,UPDATE,212,2023-12-26 22:38:06,"{""Status"": ""Open""}","{""Status"": ""Closed""}"
3142,Complaint,INSERT,98,2019-01-10 10:20:29,{},"{""Status"": ""Closed""}"
3143,Accused,INSERT,246,2020-09-14 18:51:42,{},"{""Status"": ""Closed""}"
3144,FIR_Accused,INSERT,159,2021-07-25 10:25:42,{},"{""Status"": ""Under Investigation""}"
3145,Accused,INSERT,193,2021-04-07 19:48:32,{},"{""Status"": ""Under Investigation""}"
3146,Suspects,INSERT,87,2019-05-14 06:57:27,{},"{""Status"": ""Closed""}"
3147,FIR,INSERT,119,2021-11-27 19:35:04,{},"{""Status"": ""Under Investigation""}"
3148,Suspects,INSERT,147,2022-07-10 05:11:03,{},"{""Status"": ""Closed""}"
3149,FIR_Accused,INSERT,260,2019-12-29 20:26:35,{},"{""Status"": ""Under Investigation""}"
3150,FIR,INSERT,107,2023-10-25 10:16:23,{},"{""Status"": ""Closed""}"
3151,Case_Status,UPDATE,17,2021-02-20 05:13:38,"{""Status"": ""Under Investigation""}","{""Status"": ""Under Investigation""}"
3152,Suspects,INSERT,126,2023-04-11 04:39:15,{},"{""Status"": ""Under Investigation""}"
3153,Accused,INSERT,196,2020-03-04 22:25:08,{},"{""Status"": ""Closed""}"
3154,FIR,INSERT,133,2023-03-19 04:14:24,{},"{""Status"": ""Closed""}"
3155,FIR,UPDATE,203,2023-10-03 18:12:22,"{""Status"": ""Open""}","{""Status"": ""Under Investigation""}"
3156,FIR_Accused,INSERT,91,2023-04-05 10:53:26,{},"{""Status"": ""Under Investigation""}"
3157,Case_Status,UPDATE,68,2019-11-08 01:20:50,"{""Status"": ""Open""}","{""Status"": ""Closed""}"
3158,Evidence,INSERT,78,2019-07-01 18:50:38,{},"{""Status"": ""Under Investigation""}"
3159,Complaint,INSERT,103,2022-04-30 14:10:46,{},"{""Status"": ""Under Investigation""}"
3160,FIR,INSERT,152,2023-10-03 00:10:20,{},"{""Status"": ""Closed""}"
3161,Case_Status,UPDATE,255,2020-07-15 02:11:54,"{""Status"": ""Under Investigation""}","{""Status"": ""Under Investigation""}"
3162,Evidence,INSERT,274,2020-02-15 04:18:15,{},"{""Status"": ""Under Investigation""}"
3163,FIR,UPDATE,273,2020-03-07 07:22:27,"{""Status"": ""Open""}","{""Status"": ""Closed""}"
3164,Complaint,INSERT,29,2019-03-17 21:11:57,{},"{""Status"": ""Closed""}"
3165,FIR_Accused,INSERT,231,2019-11-23 14:22:35,{},"{""Status"": ""Closed""}"
3166,Suspects,INSERT,191,2020-12-24 10:02:19,{},"{""Status"": ""Under Investigation""}"
3167,Accused,INSERT,269,2020-12-18 15:26:20,{},"{""Status"": ""Closed""}"
3168,Evidence,INSERT,186,2019-03-17 00:18:41,{},"{""Status"": ""Closed""}"
3169,Case_Status,UPDATE,221,2020-08-13 04:00:24,"{""Status"": ""Open""}","{""Status"": ""Under Investigation""}"
3170,FIR,INSERT,56,2019-05-18 04:44:50,{},"{""Status"": ""Closed""}"
3171,Complaint,INSERT,109,2021-06-17 12:49:37,{},"{""Status"": ""Under Investigation""}"
3172,Complaint,INSERT,210,2020-03-04 23:49:10,{},"{""Status"": ""Closed""}"
3173,FIR,INSERT,82,2022-07-23 14:57:47,{},"{""Status"": ""Closed""}"
3174,Accused,INSERT,208,2022-09-17 11:49:33,{},"{""Status"": ""Under Investigation""}"
3175,FIR_Accused,INSERT,18,2020-09-24 21:37:02,{},"{""Status"": ""Closed""}"
3176,FIR,UPDATE,243,2020-04-25 18:11:03,"{""Status"": ""Under Investigation""}","{""Status"": ""Under Investigation""}"
3177,Case_Status,UPDATE,118,2021-04-29 02:43:19,"{""Status"": ""Open""}","{""Status"": ""Under Investigation""}"
3178,FIR,UPDATE,33,2020-05-22 20:46:13,"{""Status"": ""Under Investigation""}","{""Status"": ""Under Investigation""}"
3179,FIR,INSERT,140,2023-04-13 12:00:51,{},"{""Status"": ""Closed""}"
3180,Accused,INSERT,25,2021-09-06 08:38:14,{},"{""Status"": ""Under Investigation""}"
3181,Evidence,INSERT,100,2021-06-02 12:17:49,{},"{""Status"": ""Under Investigation""}"
3182,Case_Status,UPDATE,219,2020-06-30 06:52:28,"{""Status"": ""Open""}","{""Status"": ""Under Investigation""}"
3183,FIR,UPDATE,136,2023-12-21 08:58:46,"{""Status"": ""Under Investigation""}","{""Status"": ""Under Investigation""}"
3184,Evidence,INSERT,198,2023-08-08 10:35:31,{},"{""Status"": ""Closed""}"
3185,Suspects,INSERT,242,2023-08-19 02:37:28,{},"{""Status"": ""Under Investigation""}"
3186,Accused,INSERT,248,2022-12-09 18:39:57,{},"{""Status"": ""Closed""}"
3187,Suspects,INSERT,251,2019-12-20 23:05:24,{},"{""Status"": ""Under Investigation""}"
3188,Suspects,INSERT,248,2022-08-29 22:51:58,{},"{""Status"": ""Closed""}"
3189,Evidence,INSERT,137,2022-06-30 10:46:07,{},"{""Status"": ""Under Investigation""}"
3190,FIR_Accused,INSERT,80,2020-04-13 03:30:16,{},"{""Status"": ""Closed""}"
3191,Case_Status,UPDATE,182,2019-12-25 02:29:38,"{""Status"": ""Under Investigation""}","{""Status"": ""Under Investigation""}"
3192,FIR_Accused,INSERT,79,2023-06-26 00:56:36,{},"{""Status"": ""Under Investigation""}"
3193,Complaint,INSERT,70,2019-10-01 08:45:45,{},"{""Status"": ""Closed""}"
3194,FIR,UPDATE,274,2020-02-10 13:04:08,"{""Status"": ""Under Investigation""}","{""Status"": ""Under Investigation""}"
3195,Accused,INSERT,258,2020-03-02 20:26:45,{},"{""Status"": ""Under Investigation""}"
3196,Accused,INSERT,211,2023-11-16 05:53:25,{},"{""Status"": ""Closed""}"
3197,FIR,UPDATE,120,2022-04-12 15:06:04,"{""Status"": ""Open""}","{""Status"": ""Closed""}"
3198,Accused,INSERT,178,2019-01-09 23:06:46,{},"{""Status"": ""Under Investigation""}"
3199,Suspects,INSERT,70,2021-07-01 03:37:56,{},"{""Status"": ""Closed""}"
3200,FIR,INSERT,179,2021-12-02 08:10:06,{},"{""Status"": ""Closed""}"
3201,Evidence,INSERT,62,2019-11-09 13:16:41,{},"{""Status"": ""Under Investigation""}"
3202,Suspects,INSERT,81,2023-10-19 20:01:06,{},"{""Status"": ""Under Investigation""}"
3203,FIR_Accused,INSERT,72,2022-07-22 11:33:17,{},"{""Status"": ""Under Investigation""}"
3204,FIR,UPDATE,79,2023-09-23 11:29:02,"{""Status"": ""Under Investigation""}","{""Status"": ""Closed""}"
3205,Accused,INSERT,112,2020-02-28 04:54:18,{},"{""Status"": ""Closed""}"
3206,Complaint,INSERT,235,2020-01-01 02:53:22,{},"{""Status"": ""Under Investigation""}"
3207,Evidence,INSERT,8,2022-07-27 21:59:20,{},"{""Status"": ""Closed""}"
3208,FIR_Accused,INSERT,33,2022-12-12 20:57:07,{},"{""Status"": ""Under Investigation""}"
3209,Case_Status,UPDATE,36,2021-11-28 01:57:29,"{""Status"": ""Open""}","{""Status"": ""Under Investigation""}"
3210,FIR,UPDATE,242,2020-10-22 14:01:19,"{""Status"": ""Open""}","{""Status"": ""Under Investigation""}"
3211,FIR,UPDATE,249,2020-07-24 12:48:36,"{""Status"": ""Under Investigation""}","{""Status"": ""Under Investigation""}"
3212,Case_Status,UPDATE,120,2023-03-12 15:56:52,"{""Status"": ""Under Investigation""}","{""Status"": ""Under Investigation""}"
3213,Case_Status,UPDATE,148,2020-08-16 22:47:29,"{""Status"": ""Open""}","{""Status"": ""Closed""}"
3214,Suspects,INSERT,143,2022-07-13 01:54:46,{},"{""Status"": ""Closed""}"
3215,FIR_Accused,INSERT,67,2020-07-08 14:23:27,{},"{""Status"": ""Under Investigation""}"
3216,FIR,UPDATE,11,2022-12-07 11:56:00,"{""Status"": ""Open""}","{""Status"": ""Under Investigation""}"
3217,Evidence,INSERT,22,2023-01-15 23:12:46,{},"{""Status"": ""Closed""}"
3218,FIR,UPDATE,2,2023-02-15 00:00:02,"{""Status"": ""Under Investigation""}","{""Status"": ""Under Investigation""}"
3219,FIR,INSERT,7,2021-02-26 20:30:35,{},"{""Status"": ""Closed""}"
3220,Case_Status,UPDATE,186,2019-04-21 08:21:14,"{""Status"": ""Open""}","{""Status"": ""Under Investigation""}"
3221,Case_Status,UPDATE,91,2023-09-27 06:04:13,"{""Status"": ""Under Investigation""}","{""Status"": ""Under Investigation""}"
3222,Case_Status,UPDATE,256,2021-08-08 10:05:35,"{""Status"": ""Under Investigation""}","{""Status"": ""Under Investigation""}"
3223,Accused,INSERT,186,2020-02-03 13:28:18,{},"{""Status"": ""Under Investigation""}"
3224,Evidence,INSERT,29,2020-09-12 02:04:19,{},"{""Status"": ""Closed""}"
3225,FIR,UPDATE,191,2020-02-03 05:35:02,"{""Status"": ""Open""}","{""Status"": ""Closed""}"
3226,Complaint,INSERT,40,2020-08-17 07:43:34,{},"{""Status"": ""Closed""}"
3227,Accused,INSERT,200,2019-08-28 15:02:22,{},"{""Status"": ""Under Investigation""}"
3228,Complaint,INSERT,200,2023-05-28 21:43:03,{},"{""Status"": ""Under Investigation""}"
3229,FIR_Accused,INSERT,148,2021-04-03 19:46:30,{},"{""Status"": ""Closed""}"
3230,FIR_Accused,INSERT,179,2023-08-18 09:28:45,{},"{""Status"": ""Closed""}"
3231,FIR,INSERT,218,2021-10-25 23:41:51,{},"{""Status"": ""Under Investigation""}"
3232,Accused,INSERT,230,2020-01-12 01:59:41,{},"{""Status"": ""Under Investigation""}"
3233,FIR,INSERT,133,2019-08-04 12:54:42,{},"{""Status"": ""Closed""}"
3234,Suspects,INSERT,209,2020-06-12 12:15:33,{},"{""Status"": ""Under Investigation""}"
3235,FIR,INSERT,122,2021-12-15 08:55:00,{},"{""Status"": ""Closed""}"
3236,Complaint,INSERT,64,2023-04-22 18:27:13,{},"{""Status"": ""Closed""}"
3237,FIR,UPDATE,40,2023-06-22 07:49:19,"{""Status"": ""Under Investigation""}","{""Status"": ""Closed""}"
3238,FIR_Accused,INSERT,183,2023-10-02 14:30:15,{},"{""Status"": ""Closed""}"
3239,Accused,INSERT,160,2020-09-08 23:22:59,{},"{""Status"": ""Closed""}"
3240,FIR_Accused,INSERT,182,2021-09-07 16:39:15,{},"{""Status"": ""Closed""}"
3241,Case_Status,UPDATE,171,2021-09-06 07:47:17,"{""Status"": ""Open""}","{""Status"": ""Under Investigation""}"
3242,FIR,INSERT,56,2022-06-17 15:17:09,{},"{""Status"": ""Under Investigation""}"
3243,FIR_Accused,INSERT,149,2021-12-08 22:54:32,{},"{""Status"": ""Under Investigation""}"
3244,Accused,INSERT,176,2022-03-04 20:09:05,{},"{""Status"": ""Under Investigation""}"
3245,Complaint,INSERT,192,2019-12-01 03:35:20,{},"{""Status"": ""Closed""}"
3246,Accused,INSERT,110,2019-01-27 21:50:57,{},"{""Status"": ""Closed""}"
3247,FIR_Accused,INSERT,220,2022-08-10 00:09:08,{},"{""Status"": ""Closed""}"
3248,Accused,INSERT,17,2021-12-28 16:34:22,{},"{""Status"": ""Closed""}"
3249,FIR_Accused,INSERT,259,2021-05-04 19:46:32,{},"{""Status"": ""Closed""}"
3250,Complaint,INSERT,94,2020-02-18 06:08:20,{},"{""Status"": ""Under Investigation""}"
3251,FIR,INSERT,233,2019-06-04 03:24:44,{},"{""Status"": ""Closed""}"
3252,Suspects,INSERT,190,2020-12-31 18:44:17,{},"{""Status"": ""Closed""}"
3253,FIR,UPDATE,129,2023-01-24 12:36:25,"{""Status"": ""Open""}","{""Status"": ""Closed""}"
3254,Complaint,INSERT,104,2021-11-09 06:10:16,{},"{""Status"": ""Closed""}"
3255,Evidence,INSERT,45,2020-04-11 16:36:32,{},"{""Status"": ""Closed""}"
3256,FIR,UPDATE,217,2019-03-14 14:39:05,"{""Status"": ""Open""}","{""Status"": ""Closed""}"
3257,Evidence,INSERT,132,2021-03-13 21:22:24,{},"{""Status"": ""Under Investigation""}"
3258,Accused,INSERT,83,2021-10-06 13:32:38,{},"{""Status"": ""Under Investigation""}"
3259,Evidence,INSERT,256,2020-03-27 00:50:29,{},"{""Status"": ""Closed""}"
3260,Accused,INSERT,53,2021-05-29 08:46:08,{},"{""Status"": ""Under Investigation""}"
3261,Evidence,INSERT,111,2023-01-14 14:57:03,{},"{""Status"": ""Under Investigation""}"
3262,FIR_Accused,INSERT,262,2021-12-30 20:30:45,{},"{""Status"": ""Under Investigation""}"
3263,Suspects,INSERT,56,2023-05-18 14:47:40,{},"{""Status"": ""Under Investigation""}"
3264,FIR,INSERT,31,2022-02-18 10:02:07,{},"{""Status"": ""Closed""}"
3265,Accused,INSERT,4,2023-03-15 17:21:12,{},"{""Status"": ""Closed""}"
3266,Case_Status,UPDATE,39,2022-07-30 12:37:19,"{""Status"": ""Under Investigation""}","{""Status"": ""Under Investigation""}"
3267,FIR,UPDATE,119,2022-08-18 08:39:59,"{""Status"": ""Under Investigation""}","{""Status"": ""Under Investigation""}"
3268,FIR_Accused,INSERT,153,2020-08-24 11:37:37,{},"{""Status"": ""Closed""}"
3269,Complaint,INSERT,107,2021-11-11 14:52:23,{},"{""Status"": ""Closed""}"
3270,Evidence,INSERT,137,2023-12-19 01:37:29,{},"{""Status"": ""Closed""}"
3271,Evidence,INSERT,44,2020-10-19 18:58:48,{},"{""Status"": ""Closed""}"
3272,Case_Status,UPDATE,207,2020-11-13 04:30:50,"{""Status"": ""Open""}","{""Status"": ""Under Investigation""}"
3273,FIR_Accused,INSERT,206,2019-07-19 11:13:48,{},"{""Status"": ""Closed""}"
3274,FIR,UPDATE,222,2022-04-25 19:51:25,"{""Status"": ""Open""}","{""Status"": ""Under Investigation""}"
3275,FIR,UPDATE,117,2023-04-18 04:06:37,"{""Status"": ""Under Investigation""}","{""Status"": ""Closed""}"
3276,Accused,INSERT,172,2021-03-24 10:45:09,{},"{""Status"": ""Closed""}"
3277,Accused,INSERT,138,2019-11-21 01:12:38,{},"{""Status"": ""Closed""}"
3278,Complaint,INSERT,112,2021-11-26 22:26:16,{},"{""Status"": ""Closed""}"
3279,Accused,INSERT,54,2021-02-22 06:00:59,{},"{""Status"": ""Closed""}"
3280,Evidence,INSERT,216,2020-12-10 17:01:11,{},"{""Status"": ""Closed""}"
3281,FIR,INSERT,163,2019-04-21 04:49:39,{},"{""Status"": ""Closed""}"
3282,Case_Status,UPDATE,51,2020-06-18 18:17:01,"{""Status"": ""Open""}","{""Status"": ""Closed""}"
3283,Complaint,INSERT,105,2022-12-16 22:16:04,{},"{""Status"": ""Closed""}"
3284,Complaint,INSERT,212,2020-11-29 01:39:19,{},"{""Status"": ""Under Investigation""}"
3285,Case_Status,UPDATE,74,2023-06-08 17:07:01,"{""Status"": ""Open""}","{""Status"": ""Under Investigation""}"
3286,FIR,UPDATE,132,2022-10-21 23:03:15,"{""Status"": ""Open""}","{""Status"": ""Closed""}"
3287,FIR,UPDATE,272,2022-12-19 10:41:25,"{""Status"": ""Under Investigation""}","{""Status"": ""Under Investigation""}"
3288,FIR,INSERT,83,2023-11-20 11:26:29,{},"{""Status"": ""Under Investigation""}"
3289,FIR_Accused,INSERT,234,2021-08-06 16:20:31,{},"{""Status"": ""Closed""}"
3290,FIR,UPDATE,247,2023-06-23 10:08:52,"{""Status"": ""Under Investigation""}","{""Status"": ""Under Investigation""}"
3291,FIR,UPDATE,72,2022-10-03 02:55:53,"{""Status"": ""Under Investigation""}","{""Status"": ""Under Investigation""}"
3292,Suspects,INSERT,104,2022-10-23 19:38:12,{},"{""Status"": ""Under Investigation""}"
3293,Evidence,INSERT,173,2019-02-04 19:00:38,{},"{""Status"": ""Closed""}"
3294,Accused,INSERT,263,2022-01-27 00:23:05,{},"{""Status"": ""Closed""}"
3295,Accused,INSERT,262,2023-09-25 18:09:03,{},"{""Status"": ""Under Investigation""}"
3296,FIR,INSERT,180,2020-06-13 00:37:24,{},"{""Status"": ""Under Investigation""}"
3297,FIR_Accused,INSERT,263,2020-02-03 02:31:17,{},"{""Status"": ""Under Investigation""}"
3298,Suspects,INSERT,58,2022-08-30 15:18:03,{},"{""Status"": ""Closed""}"
3299,Case_Status,UPDATE,60,2022-01-06 20:40:47,"{""Status"": ""Open""}","{""Status"": ""Closed""}"
3300,Evidence,INSERT,201,2022-05-14 20:36:07,{},"{""Status"": ""Under Investigation""}"
3301,Suspects,INSERT,274,2019-01-11 22:26:52,{},"{""Status"": ""Closed""}"
3302,FIR,INSERT,39,2022-02-17 21:52:04,{},"{""Status"": ""Under Investigation""}"
3303,Complaint,INSERT,272,2020-10-01 08:03:12,{},"{""Status"": ""Under Investigation""}"
3304,Suspects,INSERT,260,2021-08-24 13:32:02,{},"{""Status"": ""Closed""}"
3305,Evidence,INSERT,268,2021-11-09 23:48:48,{},"{""Status"": ""Closed""}"
3306,Evidence,INSERT,2,2020-04-01 19:54:07,{},"{""Status"": ""Closed""}"
3307,FIR,INSERT,199,2019-10-05 22:38:28,{},"{""Status"": ""Closed""}"
3308,FIR_Accused,INSERT,66,2023-05-27 16:24:25,{},"{""Status"": ""Under Investigation""}"
3309,Evidence,INSERT,266,2022-01-11 19:10:15,{},"{""Status"": ""Closed""}"
3310,Case_Status,UPDATE,194,2023-09-29 21:50:59,"{""Status"": ""Under Investigation""}","{""Status"": ""Under Investigation""}"
3311,Evidence,INSERT,41,2023-07-02 17:57:57,{},"{""Status"": ""Under Investigation""}"
3312,FIR,INSERT,58,2021-10-07 03:05:25,{},"{""Status"": ""Closed""}"
3313,FIR,INSERT,172,2019-07-06 12:51:06,{},"{""Status"": ""Closed""}"
3314,FIR,UPDATE,19,2023-05-03 20:02:06,"{""Status"": ""Under Investigation""}","{""Status"": ""Under Investigation""}"
3315,Case_Status,UPDATE,45,2023-06-28 03:33:04,"{""Status"": ""Under Investigation""}","{""Status"": ""Closed""}"
3316,FIR,UPDATE,15,2022-10-31 06:47:25,"{""Status"": ""Under Investigation""}","{""Status"": ""Under Investigation""}"
3317,FIR,UPDATE,256,2022-08-02 12:32:46,"{""Status"": ""Open""}","{""Status"": ""Closed""}"
3318,FIR_Accused,INSERT,272,2023-03-25 11:57:40,{},"{""Status"": ""Under Investigation""}"
3319,FIR_Accused,INSERT,249,2023-06-04 08:53:31,{},"{""Status"": ""Closed""}"
3320,Case_Status,UPDATE,24,2022-11-18 16:52:50,"{""Status"": ""Open""}","{""Status"": ""Under Investigation""}"
3321,Suspects,INSERT,183,2021-12-21 13:00:50,{},"{""Status"": ""Closed""}"
3322,Case_Status,UPDATE,55,2022-09-15 22:13:29,"{""Status"": ""Open""}","{""Status"": ""Closed""}"
3323,Complaint,INSERT,67,2022-01-05 01:03:52,{},"{""Status"": ""Closed""}"
3324,FIR,UPDATE,181,2022-03-28 00:13:15,"{""Status"": ""Under Investigation""}","{""Status"": ""Under Investigation""}"
3325,Suspects,INSERT,40,2021-01-16 04:23:40,{},"{""Status"": ""Closed""}"
3326,Case_Status,UPDATE,203,2023-05-17 00:33:53,"{""Status"": ""Open""}","{""Status"": ""Under Investigation""}"
3327,Case_Status,UPDATE,151,2019-11-22 15:11:15,"{""Status"": ""Under Investigation""}","{""Status"": ""Under Investigation""}"
3328,FIR_Accused,INSERT,93,2021-08-09 09:54:19,{},"{""Status"": ""Under Investigation""}"
3329,Complaint,INSERT,5,2022-07-28 22:28:08,{},"{""Status"": ""Under Investigation""}"
3330,Suspects,INSERT,17,2022-02-04 06:54:41,{},"{""Status"": ""Closed""}"
3331,FIR_Accused,INSERT,244,2020-01-23 22:56:53,{},"{""Status"": ""Closed""}"
3332,FIR,INSERT,101,2019-08-11 11:48:38,{},"{""Status"": ""Under Investigation""}"
3333,FIR,UPDATE,74,2019-06-03 07:02:49,"{""Status"": ""Open""}","{""Status"": ""Closed""}"
3334,Accused,INSERT,161,2022-01-09 14:38:18,{},"{""Status"": ""Under Investigation""}"
3335,Case_Status,UPDATE,190,2020-09-07 07:54:42,"{""Status"": ""Under Investigation""}","{""Status"": ""Under Investigation""}"
3336,Complaint,INSERT,271,2023-01-09 20:45:34,{},"{""Status"": ""Closed""}"
3337,FIR_Accused,INSERT,274,2021-03-16 18:43:29,{},"{""Status"": ""Closed""}"
3338,FIR,INSERT,215,2020-02-17 05:01:31,{},"{""Status"": ""Under Investigation""}"
3339,FIR_Accused,INSERT,126,2022-10-28 15:06:25,{},"{""Status"": ""Under Investigation""}"
3340,Accused,INSERT,162,2023-10-06 22:49:40,{},"{""Status"": ""Under Investigation""}"
3341,FIR,INSERT,13,2021-06-11 16:39:50,{},"{""Status"": ""Under Investigation""}"
3342,FIR,INSERT,200,2023-07-25 03:05:25,{},"{""Status"": ""Under Investigation""}"
3343,Suspects,INSERT,246,2022-08-21 16:09:05,{},"{""Status"": ""Under Investigation""}"
3344,Case_Status,UPDATE,26,2019-06-16 21:36:57,"{""Status"": ""Open""}","{""Status"": ""Closed""}"
3345,FIR,INSERT,15,2021-07-20 16:43:22,{},"{""Status"": ""Closed""}"
3346,Complaint,INSERT,171,2020-09-03 09:32:08,{},"{""Status"": ""Closed""}"
3347,FIR,INSERT,155,2022-09-11 10:22:11,{},"{""Status"": ""Closed""}"
3348,Case_Status,UPDATE,179,2020-10-25 16:54:35,"{""Status"": ""Open""}","{""Status"": ""Under Investigation""}"
3349,Complaint,INSERT,172,2021-11-19 07:14:39,{},"{""Status"": ""Under Investigation""}"
3350,Accused,INSERT,28,2021-05-08 23:19:16,{},"{""Status"": ""Under Investigation""}"
3351,Evidence,INSERT,168,2021-04-17 15:25:48,{},"{""Status"": ""Closed""}"
3352,Accused,INSERT,114,2019-10-21 18:53:10,{},"{""Status"": ""Under Investigation""}"
3353,Accused,INSERT,126,2019-08-31 22:00:39,{},"{""Status"": ""Under Investigation""}"
3354,FIR_Accused,INSERT,118,2021-03-11 09:28:51,{},"{""Status"": ""Under Investigation""}"
3355,Evidence,INSERT,163,2020-02-18 17:26:50,{},"{""Status"": ""Closed""}"
3356,Complaint,INSERT,12,2020-02-07 07:11:08,{},"{""Status"": ""Under Investigation""}"
3357,FIR,INSERT,124,2022-05-31 16:36:48,{},"{""Status"": ""Closed""}"
3358,FIR_Accused,INSERT,214,2021-11-10 23:46:59,{},"{""Status"": ""Closed""}"
3359,FIR,UPDATE,53,2021-10-11 21:30:34,"{""Status"": ""Open""}","{""Status"": ""Under Investigation""}"
3360,Evidence,INSERT,53,2021-01-24 17:59:30,{},"{""Status"": ""Closed""}"
3361,Evidence,INSERT,197,2020-07-15 01:26:53,{},"{""Status"": ""Closed""}"
3362,FIR,INSERT,104,2019-10-16 10:41:10,{},"{""Status"": ""Under Investigation""}"
3363,Complaint,INSERT,179,2023-03-20 14:45:05,{},"{""Status"": ""Under Investigation""}"
3364,FIR_Accused,INSERT,237,2023-12-08 03:09:45,{},"{""Status"": ""Under Investigation""}"
3365,Suspects,INSERT,142,2020-10-20 06:57:00,{},"{""Status"": ""Closed""}"
3366,Evidence,INSERT,198,2019-06-27 04:47:21,{},"{""Status"": ""Under Investigation""}"
3367,FIR_Accused,INSERT,68,2019-03-13 18:07:47,{},"{""Status"": ""Under Investigation""}"
3368,FIR,INSERT,275,2020-01-05 20:56:18,{},"{""Status"": ""Under Investigation""}"
3369,FIR,INSERT,100,2022-04-03 09:25:18,{},"{""Status"": ""Under Investigation""}"
3370,Evidence,INSERT,246,2019-01-08 05:28:13,{},"{""Status"": ""Under Investigation""}"
3371,FIR,INSERT,15,2023-09-25 03:52:00,{},"{""Status"": ""Closed""}"
3372,FIR_Accused,INSERT,189,2020-05-24 22:42:48,{},"{""Status"": ""Under Investigation""}"
3373,FIR,INSERT,206,2019-02-22 19:14:12,{},"{""Status"": ""Under Investigation""}"
3374,Suspects,INSERT,236,2022-07-17 11:50:18,{},"{""Status"": ""Closed""}"
3375,Complaint,INSERT,88,2022-01-09 01:35:01,{},"{""Status"": ""Under Investigation""}"
3376,FIR,INSERT,247,2022-04-13 10:38:29,{},"{""Status"": ""Closed""}"
3377,FIR,UPDATE,150,2019-10-09 08:01:30,"{""Status"": ""Open""}","{""Status"": ""Closed""}"
3378,FIR,INSERT,77,2020-08-19 22:27:22,{},"{""Status"": ""Under Investigation""}"
3379,Case_Status,UPDATE,21,2023-11-30 07:24:50,"{""Status"": ""Open""}","{""Status"": ""Closed""}"
3380,Suspects,INSERT,227,2020-02-19 23:15:52,{},"{""Status"": ""Closed""}"
3381,Accused,INSERT,90,2022-09-12 08:08:06,{},"{""Status"": ""Closed""}"
3382,Accused,INSERT,157,2020-03-20 04:50:41,{},"{""Status"": ""Closed""}"
3383,Suspects,INSERT,271,2021-10-08 18:38:15,{},"{""Status"": ""Under Investigation""}"
3384,Complaint,INSERT,220,2021-12-24 16:58:02,{},"{""Status"": ""Under Investigation""}"
3385,Case_Status,UPDATE,20,2021-04-15 19:24:04,"{""Status"": ""Under Investigation""}","{""Status"": ""Under Investigation""}"
3386,FIR,INSERT,125,2023-06-07 04:59:03,{},"{""Status"": ""Under Investigation""}"
3387,FIR,INSERT,209,2022-08-16 02:10:41,{},"{""Status"": ""Closed""}"
3388,Complaint,INSERT,56,2019-06-10 08:35:58,{},"{""Status"": ""Closed""}"
3389,FIR,UPDATE,194,2022-11-06 21:41:39,"{""Status"": ""Open""}","{""Status"": ""Closed""}"
3390,Suspects,INSERT,44,2020-10-30 05:52:31,{},"{""Status"": ""Under Investigation""}"
3391,Suspects,INSERT,35,2021-01-21 23:44:50,{},"{""Status"": ""Under Investigation""}"
3392,FIR,UPDATE,125,2023-08-14 11:10:20,"{""Status"": ""Open""}","{""Status"": ""Under Investigation""}"
3393,Accused,INSERT,66,2021-09-24 19:11:03,{},"{""Status"": ""Closed""}"
3394,FIR_Accused,INSERT,150,2020-02-10 09:57:56,{},"{""Status"": ""Closed""}"
3395,FIR_Accused,INSERT,78,2022-05-20 04:05:43,{},"{""Status"": ""Under Investigation""}"
3396,Complaint,INSERT,31,2023-11-17 16:04:18,{},"{""Status"": ""Under Investigation""}"
3397,Complaint,INSERT,152,2020-03-13 17:36:32,{},"{""Status"": ""Closed""}"
3398,FIR,INSERT,177,2019-02-21 12:18:13,{},"{""Status"": ""Closed""}"
3399,FIR,UPDATE,273,2019-12-05 00:10:51,"{""Status"": ""Under Investigation""}","{""Status"": ""Under Investigation""}"
3400,Complaint,INSERT,62,2023-09-28 08:05:06,{},"{""Status"": ""Under Investigation""}"
3401,FIR_Accused,INSERT,82,2023-01-21 18:54:46,{},"{""Status"": ""Closed""}"
3402,Accused,INSERT,52,2023-03-30 21:09:21,{},"{""Status"": ""Closed""}"
3403,Accused,INSERT,55,2022-12-01 02:09:55,{},"{""Status"": ""Under Investigation""}"
3404,Evidence,INSERT,129,2021-06-22 03:13:41,{},"{""Status"": ""Under Investigation""}"
3405,Evidence,INSERT,50,2022-08-04 18:04:44,{},"{""Status"": ""Closed""}"
3406,FIR_Accused,INSERT,4,2019-07-21 04:26:09,{},"{""Status"": ""Under Investigation""}"
3407,Evidence,INSERT,251,2022-10-07 16:55:02,{},"{""Status"": ""Closed""}"
3408,Accused,INSERT,118,2019-04-03 06:54:55,{},"{""Status"": ""Closed""}"
3409,Evidence,INSERT,78,2019-06-19 00:12:06,{},"{""Status"": ""Under Investigation""}"
3410,FIR,UPDATE,146,2023-01-30 07:48:51,"{""Status"": ""Under Investigation""}","{""Status"": ""Under Investigation""}"
3411,Complaint,INSERT,68,2023-12-16 19:31:09,{},"{""Status"": ""Closed""}"
3412,Accused,INSERT,37,2021-07-24 00:32:25,{},"{""Status"": ""Under Investigation""}"
3413,FIR,INSERT,175,2021-12-19 16:29:03,{},"{""Status"": ""Under Investigation""}"
3414,Accused,INSERT,149,2023-04-15 10:47:15,{},"{""Status"": ""Under Investigation""}"
3415,Suspects,INSERT,180,2021-12-09 04:42:42,{},"{""Status"": ""Closed""}"
3416,FIR,INSERT,240,2020-05-09 16:41:14,{},"{""Status"": ""Under Investigation""}"
3417,Complaint,INSERT,259,2020-07-11 20:36:00,{},"{""Status"": ""Under Investigation""}"
3418,Case_Status,UPDATE,57,2019-05-14 23:31:16,"{""Status"": ""Under Investigation""}","{""Status"": ""Closed""}"
3419,Accused,INSERT,199,2023-01-02 20:27:50,{},"{""Status"": ""Under Investigation""}"
3420,FIR_Accused,INSERT,21,2020-03-28 04:57:22,{},"{""Status"": ""Under Investigation""}"
3421,FIR_Accused,INSERT,197,2021-05-31 19:42:14,{},"{""Status"": ""Closed""}"
3422,Case_Status,UPDATE,214,2021-08-28 23:48:59,"{""Status"": ""Under Investigation""}","{""Status"": ""Under Investigation""}"
3423,Evidence,INSERT,14,2020-01-05 14:02:48,{},"{""Status"": ""Under Investigation""}"
3424,Complaint,INSERT,190,2023-03-23 06:48:41,{},"{""Status"": ""Closed""}"
3425,Evidence,INSERT,128,2023-10-06 18:01:47,{},"{""Status"": ""Under Investigation""}"
3426,FIR_Accused,INSERT,110,2022-04-24 04:16:29,{},"{""Status"": ""Under Investigation""}"
3427,FIR,INSERT,264,2021-07-07 20:05:23,{},"{""Status"": ""Closed""}"
3428,Suspects,INSERT,84,2023-10-03 13:13:53,{},"{""Status"": ""Closed""}"
3429,Suspects,INSERT,181,2020-04-04 00:11:44,{},"{""Status"": ""Closed""}"
3430,Complaint,INSERT,38,2020-10-05 09:51:35,{},"{""Status"": ""Closed""}"
3431,FIR_Accused,INSERT,168,2020-03-02 21:12:25,{},"{""Status"": ""Under Investigation""}"
3432,Suspects,INSERT,241,2021-09-20 01:22:31,{},"{""Status"": ""Closed""}"
3433,Accused,INSERT,154,2020-05-06 12:47:42,{},"{""Status"": ""Closed""}"
3434,Accused,INSERT,187,2022-08-31 17:31:30,{},"{""Status"": ""Under Investigation""}"
3435,FIR,INSERT,209,2019-08-15 21:13:16,{},"{""Status"": ""Under Investigation""}"
3436,Evidence,INSERT,269,2019-05-04 06:18:50,{},"{""Status"": ""Closed""}"
3437,FIR,INSERT,259,2023-10-19 16:35:50,{},"{""Status"": ""Closed""}"
3438,FIR_Accused,INSERT,82,2022-01-18 07:17:41,{},"{""Status"": ""Closed""}"
3439,FIR,INSERT,135,2019-12-28 19:55:13,{},"{""Status"": ""Under Investigation""}"
3440,Suspects,INSERT,33,2023-03-25 21:17:40,{},"{""Status"": ""Closed""}"
3441,Complaint,INSERT,3,2023-05-22 03:40:04,{},"{""Status"": ""Under Investigation""}"
3442,FIR,INSERT,109,2022-05-17 12:22:39,{},"{""Status"": ""Under Investigation""}"
3443,Complaint,INSERT,18,2019-08-16 20:01:12,{},"{""Status"": ""Closed""}"
3444,FIR_Accused,INSERT,132,2021-09-24 20:46:14,{},"{""Status"": ""Under Investigation""}"
3445,FIR,INSERT,204,2021-03-23 08:41:53,{},"{""Status"": ""Closed""}"
3446,FIR,INSERT,6,2020-02-27 18:32:13,{},"{""Status"": ""Closed""}"
3447,FIR_Accused,INSERT,17,2022-05-07 17:39:49,{},"{""Status"": ""Under Investigation""}"
3448,Case_Status,UPDATE,103,2023-05-07 11:17:29,"{""Status"": ""Under Investigation""}","{""Status"": ""Closed""}"
3449,Evidence,INSERT,219,2019-08-12 09:36:33,{},"{""Status"": ""Under Investigation""}"
3450,FIR_Accused,INSERT,179,2022-09-25 15:44:33,{},"{""Status"": ""Closed""}"
3451,Complaint,INSERT,235,2023-04-22 11:00:56,{},"{""Status"": ""Under Investigation""}"
3452,FIR_Accused,INSERT,117,2021-12-04 15:38:38,{},"{""Status"": ""Closed""}"
3453,FIR,UPDATE,5,2023-10-25 21:37:47,"{""Status"": ""Under Investigation""}","{""Status"": ""Under Investigation""}"
3454,Case_Status,UPDATE,130,2019-01-19 06:30:31,"{""Status"": ""Under Investigation""}","{""Status"": ""Closed""}"
3455,Accused,INSERT,218,2023-12-09 11:20:53,{},"{""Status"": ""Closed""}"
3456,Case_Status,UPDATE,115,2020-01-27 12:13:33,"{""Status"": ""Open""}","{""Status"": ""Closed""}"
3457,FIR_Accused,INSERT,75,2019-10-12 03:45:32,{},"{""Status"": ""Under Investigation""}"
3458,Complaint,INSERT,117,2019-03-13 04:16:59,{},"{""Status"": ""Closed""}"
3459,FIR,UPDATE,269,2020-10-13 07:50:56,"{""Status"": ""Under Investigation""}","{""Status"": ""Under Investigation""}"
3460,Case_Status,UPDATE,61,2023-10-19 21:35:38,"{""Status"": ""Open""}","{""Status"": ""Closed""}"
3461,FIR,UPDATE,4,2020-12-02 00:09:53,"{""Status"": ""Under Investigation""}","{""Status"": ""Closed""}"
3462,FIR,INSERT,22,2020-04-24 22:06:37,{},"{""Status"": ""Closed""}"
3463,Evidence,INSERT,68,2019-06-14 03:08:33,{},"{""Status"": ""Under Investigation""}"
3464,Complaint,INSERT,164,2021-01-30 09:45:00,{},"{""Status"": ""Under Investigation""}"
3465,Accused,INSERT,161,2023-05-30 14:57:09,{},"{""Status"": ""Closed""}"
3466,Suspects,INSERT,251,2021-05-07 14:06:10,{},"{""Status"": ""Under Investigation""}"
3467,FIR,UPDATE,29,2021-09-24 16:03:07,"{""Status"": ""Under Investigation""}","{""Status"": ""Closed""}"
3468,Evidence,INSERT,48,2020-11-14 06:33:50,{},"{""Status"": ""Closed""}"
3469,Suspects,INSERT,195,2020-10-06 02:59:04,{},"{""Status"": ""Under Investigation""}"
3470,Case_Status,UPDATE,37,2023-11-20 09:50:22,"{""Status"": ""Under Investigation""}","{""Status"": ""Under Investigation""}"
3471,Complaint,INSERT,213,2022-11-18 16:30:29,{},"{""Status"": ""Under Investigation""}"
3472,Complaint,INSERT,87,2022-11-08 09:39:39,{},"{""Status"": ""Under Investigation""}"
3473,Accused,INSERT,133,2021-06-21 13:39:07,{},"{""Status"": ""Closed""}"
3474,FIR,UPDATE,27,2023-06-20 14:59:44,"{""Status"": ""Open""}","{""Status"": ""Closed""}"
3475,Suspects,INSERT,189,2020-04-27 18:38:03,{},"{""Status"": ""Closed""}"
3476,FIR,INSERT,61,2020-05-24 19:05:47,{},"{""Status"": ""Closed""}"
3477,Complaint,INSERT,66,2022-09-21 03:48:07,{},"{""Status"": ""Closed""}"
3478,FIR,UPDATE,197,2019-12-07 18:20:05,"{""Status"": ""Open""}","{""Status"": ""Closed""}"
3479,FIR,UPDATE,152,2021-11-03 05:46:59,"{""Status"": ""Open""}","{""Status"": ""Under Investigation""}"
3480,Suspects,INSERT,189,2022-05-11 03:06:56,{},"{""Status"": ""Closed""}"
3481,Accused,INSERT,168,2021-01-29 11:43:31,{},"{""Status"": ""Closed""}"
3482,Suspects,INSERT,232,2020-09-02 00:00:23,{},"{""Status"": ""Under Investigation""}"
3483,Suspects,INSERT,65,2019-04-22 04:01:13,{},"{""Status"": ""Under Investigation""}"
3484,Complaint,INSERT,179,2021-05-08 17:56:09,{},"{""Status"": ""Closed""}"
3485,Accused,INSERT,246,2019-12-19 00:07:56,{},"{""Status"": ""Under Investigation""}"
3486,FIR_Accused,INSERT,217,2021-10-29 12:16:14,{},"{""Status"": ""Closed""}"
3487,Complaint,INSERT,163,2022-10-08 23:11:31,{},"{""Status"": ""Closed""}"
3488,FIR,INSERT,228,2020-03-29 00:07:59,{},"{""Status"": ""Under Investigation""}"
3489,Suspects,INSERT,208,2019-12-12 03:51:40,{},"{""Status"": ""Closed""}"
3490,Accused,INSERT,174,2019-01-07 04:27:41,{},"{""Status"": ""Under Investigation""}"
3491,FIR_Accused,INSERT,223,2019-10-18 11:18:58,{},"{""Status"": ""Under Investigation""}"
3492,Complaint,INSERT,140,2020-07-29 06:24:33,{},"{""Status"": ""Closed""}"
3493,Accused,INSERT,35,2019-11-07 05:15:34,{},"{""Status"": ""Closed""}"
3494,Complaint,INSERT,101,2020-11-01 17:42:41,{},"{""Status"": ""Closed""}"
3495,FIR_Accused,INSERT,68,2021-11-21 01:19:42,{},"{""Status"": ""Closed""}"
3496,Complaint,INSERT,166,2023-06-27 09:47:26,{},"{""Status"": ""Under Investigation""}"
3497,Evidence,INSERT,2,2020-12-05 05:31:04,{},"{""Status"": ""Closed""}"
3498,Case_Status,UPDATE,121,2022-05-29 03:35:33,"{""Status"": ""Open""}","{""Status"": ""Under Investigation""}"
3499,Evidence,INSERT,60,2023-08-31 12:00:40,{},"{""Status"": ""Under Investigation""}"
3500,Suspects,INSERT,239,2021-05-26 17:35:56,{},"{""Status"": ""Closed""}"
3501,Case_Status,UPDATE,208,2022-12-08 05:54:06,"{""Status"": ""Open""}","{""Status"": ""Under Investigation""}"
3502,FIR,UPDATE,186,2020-11-08 08:54:19,"{""Status"": ""Under Investigation""}","{""Status"": ""Under Investigation""}"
3503,FIR,INSERT,57,2020-05-14 20:28:05,{},"{""Status"": ""Closed""}"
3504,Accused,INSERT,271,2021-10-25 04:23:25,{},"{""Status"": ""Under Investigation""}"
3505,Suspects,INSERT,128,2021-07-13 04:38:17,{},"{""Status"": ""Under Investigation""}"
3506,Evidence,INSERT,265,2019-08-09 00:21:49,{},"{""Status"": ""Closed""}"
3507,Evidence,INSERT,275,2020-10-11 20:28:16,{},"{""Status"": ""Under Investigation""}"
3508,Accused,INSERT,95,2020-08-04 21:15:21,{},"{""Status"": ""Under Investigation""}"
3509,Complaint,INSERT,216,2019-10-02 01:35:24,{},"{""Status"": ""Under Investigation""}"
3510,FIR,INSERT,92,2022-04-03 04:39:26,{},"{""Status"": ""Under Investigation""}"
3511,Complaint,INSERT,245,2022-09-27 14:30:57,{},"{""Status"": ""Under Investigation""}"
3512,FIR_Accused,INSERT,55,2021-07-02 11:17:04,{},"{""Status"": ""Closed""}"
3513,FIR,UPDATE,137,2023-02-08 00:47:45,"{""Status"": ""Open""}","{""Status"": ""Closed""}"
3514,Complaint,INSERT,30,2022-10-23 07:25:31,{},"{""Status"": ""Under Investigation""}"
3515,Evidence,INSERT,117,2021-09-25 06:36:03,{},"{""Status"": ""Closed""}"
3516,Accused,INSERT,170,2022-07-02 23:19:54,{},"{""Status"": ""Closed""}"
3517,FIR_Accused,INSERT,29,2022-07-20 19:23:41,{},"{""Status"": ""Under Investigation""}"
3518,Case_Status,UPDATE,193,2020-06-15 21:52:55,"{""Status"": ""Open""}","{""Status"": ""Closed""}"
3519,Evidence,INSERT,18,2021-11-20 13:09:12,{},"{""Status"": ""Under Investigation""}"
3520,FIR_Accused,INSERT,43,2023-05-03 22:39:13,{},"{""Status"": ""Under Investigation""}"
3521,Case_Status,UPDATE,23,2023-01-10 07:12:36,"{""Status"": ""Under Investigation""}","{""Status"": ""Under Investigation""}"
3522,Evidence,INSERT,25,2023-07-21 03:55:37,{},"{""Status"": ""Closed""}"
3523,FIR_Accused,INSERT,240,2019-05-06 08:02:57,{},"{""Status"": ""Closed""}"
3524,Evidence,INSERT,141,2019-02-03 01:16:29,{},"{""Status"": ""Under Investigation""}"
3525,Accused,INSERT,44,2023-01-31 19:54:54,{},"{""Status"": ""Closed""}"
3526,FIR,INSERT,53,2022-07-26 18:34:27,{},"{""Status"": ""Closed""}"
3527,Case_Status,UPDATE,19,2019-05-08 16:03:26,"{""Status"": ""Under Investigation""}","{""Status"": ""Under Investigation""}"
3528,Case_Status,UPDATE,173,2020-04-30 13:48:52,"{""Status"": ""Under Investigation""}","{""Status"": ""Closed""}"
3529,FIR_Accused,INSERT,216,2022-04-24 12:41:03,{},"{""Status"": ""Under Investigation""}"
3530,Complaint,INSERT,139,2022-12-28 07:14:19,{},"{""Status"": ""Under Investigation""}"
3531,Accused,INSERT,118,2021-02-11 19:44:45,{},"{""Status"": ""Closed""}"
3532,FIR_Accused,INSERT,219,2021-01-28 17:42:14,{},"{""Status"": ""Under Investigation""}"
3533,FIR,UPDATE,134,2020-11-19 10:35:20,"{""Status"": ""Under Investigation""}","{""Status"": ""Closed""}"
3534,FIR,INSERT,17,2019-08-25 16:34:56,{},"{""Status"": ""Under Investigation""}"
3535,Suspects,INSERT,112,2022-08-11 02:34:18,{},"{""Status"": ""Under Investigation""}"
3536,Case_Status,UPDATE,45,2019-06-03 13:20:28,"{""Status"": ""Open""}","{""Status"": ""Closed""}"
3537,FIR_Accused,INSERT,218,2019-03-27 05:28:01,{},"{""Status"": ""Under Investigation""}"
3538,Evidence,INSERT,52,2021-11-03 13:43:33,{},"{""Status"": ""Under Investigation""}"
3539,FIR,UPDATE,239,2020-09-21 20:29:21,"{""Status"": ""Open""}","{""Status"": ""Under Investigation""}"
3540,Complaint,INSERT,144,2023-07-31 13:50:15,{},"{""Status"": ""Under Investigation""}"
3541,FIR,UPDATE,43,2019-02-23 03:05:28,"{""Status"": ""Under Investigation""}","{""Status"": ""Closed""}"
3542,Suspects,INSERT,247,2019-05-19 17:29:20,{},"{""Status"": ""Closed""}"
3543,FIR,INSERT,273,2021-03-11 17:58:19,{},"{""Status"": ""Closed""}"
3544,Case_Status,UPDATE,131,2020-09-04 07:57:14,"{""Status"": ""Under Investigation""}","{""Status"": ""Under Investigation""}"
3545,FIR,UPDATE,120,2023-09-25 22:15:40,"{""Status"": ""Under Investigation""}","{""Status"": ""Under Investigation""}"
3546,FIR,UPDATE,34,2022-04-28 09:46:23,"{""Status"": ""Under Investigation""}","{""Status"": ""Under Investigation""}"
3547,Evidence,INSERT,195,2020-01-15 04:11:52,{},"{""Status"": ""Closed""}"
3548,Suspects,INSERT,150,2021-05-27 03:34:08,{},"{""Status"": ""Closed""}"
3549,Case_Status,UPDATE,259,2022-08-25 04:57:25,"{""Status"": ""Open""}","{""Status"": ""Closed""}"
3550,FIR_Accused,INSERT,60,2021-09-06 17:03:57,{},"{""Status"": ""Closed""}"
3551,Case_Status,UPDATE,73,2021-05-02 11:53:01,"{""Status"": ""Open""}","{""Status"": ""Closed""}"
3552,FIR,UPDATE,172,2021-11-05 06:35:59,"{""Status"": ""Open""}","{""Status"": ""Under Investigation""}"
3553,Complaint,INSERT,255,2022-02-09 02:48:44,{},"{""Status"": ""Closed""}"
3554,Complaint,INSERT,83,2020-10-21 21:17:02,{},"{""Status"": ""Under Investigation""}"
3555,Evidence,INSERT,24,2019-08-23 13:31:36,{},"{""Status"": ""Closed""}"
3556,FIR,UPDATE,186,2021-05-23 17:56:27,"{""Status"": ""Under Investigation""}","{""Status"": ""Under Investigation""}"
3557,Complaint,INSERT,7,2021-10-13 10:16:05,{},"{""Status"": ""Under Investigation""}"
3558,Case_Status,UPDATE,169,2019-02-07 03:45:07,"{""Status"": ""Open""}","{""Status"": ""Under Investigation""}"
3559,Evidence,INSERT,120,2022-03-03 11:57:20,{},"{""Status"": ""Under Investigation""}"
3560,Complaint,INSERT,52,2019-06-14 13:35:05,{},"{""Status"": ""Under Investigation""}"
3561,FIR_Accused,INSERT,43,2021-05-10 02:13:18,{},"{""Status"": ""Under Investigation""}"
3562,Complaint,INSERT,200,2023-07-23 06:05:31,{},"{""Status"": ""Closed""}"
3563,Evidence,INSERT,129,2019-06-15 06:42:52,{},"{""Status"": ""Under Investigation""}"
3564,Suspects,INSERT,203,2020-02-27 02:10:35,{},"{""Status"": ""Closed""}"
3565,FIR,UPDATE,123,2022-06-30 20:45:27,"{""Status"": ""Under Investigation""}","{""Status"": ""Under Investigation""}"
3566,Evidence,INSERT,132,2023-10-17 03:28:32,{},"{""Status"": ""Closed""}"
3567,Evidence,INSERT,218,2020-08-05 21:22:36,{},"{""Status"": ""Under Investigation""}"
3568,Suspects,INSERT,173,2020-03-03 00:32:04,{},"{""Status"": ""Under Investigation""}"
3569,FIR,INSERT,216,2019-06-06 06:14:41,{},"{""Status"": ""Under Investigation""}"
3570,FIR,UPDATE,112,2022-04-17 16:27:33,"{""Status"": ""Open""}","{""Status"": ""Closed""}"
3571,Evidence,INSERT,250,2023-06-11 01:32:56,{},"{""Status"": ""Closed""}"
3572,FIR,INSERT,148,2023-02-28 21:44:23,{},"{""Status"": ""Under Investigation""}"
3573,Complaint,INSERT,19,2019-07-20 00:08:44,{},"{""Status"": ""Under Investigation""}"
3574,Accused,INSERT,144,2022-03-29 15:04:47,{},"{""Status"": ""Under Investigation""}"
3575,FIR,INSERT,38,2019-10-11 15:45:10,{},"{""Status"": ""Closed""}"
3576,Accused,INSERT,154,2019-02-08 22:16:31,{},"{""Status"": ""Under Investigation""}"
3577,Case_Status,UPDATE,50,2019-05-24 18:23:39,"{""Status"": ""Open""}","{""Status"": ""Closed""}"
3578,Complaint,INSERT,242,2022-09-14 07:20:51,{},"{""Status"": ""Under Investigation""}"
3579,Suspects,INSERT,94,2023-06-16 13:16:52,{},"{""Status"": ""Closed""}"
3580,Accused,INSERT,116,2023-07-15 02:06:00,{},"{""Status"": ""Closed""}"
3581,Suspects,INSERT,189,2023-02-05 09:45:47,{},"{""Status"": ""Closed""}"
3582,FIR,UPDATE,247,2022-04-11 00:44:25,"{""Status"": ""Open""}","{""Status"": ""Closed""}"
3583,Suspects,INSERT,180,2020-04-15 16:10:36,{},"{""Status"": ""Closed""}"
3584,Complaint,INSERT,273,2020-02-11 05:11:02,{},"{""Status"": ""Under Investigation""}"
3585,Complaint,INSERT,132,2023-03-21 07:47:09,{},"{""Status"": ""Under Investigation""}"
3586,Complaint,INSERT,236,2023-12-12 18:20:53,{},"{""Status"": ""Closed""}"
3587,Case_Status,UPDATE,204,2022-05-13 17:03:53,"{""Status"": ""Open""}","{""Status"": ""Under Investigation""}"
3588,Complaint,INSERT,116,2021-05-12 09:00:51,{},"{""Status"": ""Closed""}"
3589,FIR,UPDATE,29,2021-07-27 12:34:17,"{""Status"": ""Open""}","{""Status"": ""Under Investigation""}"
3590,FIR,UPDATE,71,2020-05-30 16:46:51,"{""Status"": ""Under Investigation""}","{""Status"": ""Closed""}"
3591,Accused,INSERT,111,2019-02-06 06:34:54,{},"{""Status"": ""Under Investigation""}"
3592,Case_Status,UPDATE,191,2019-01-10 04:10:20,"{""Status"": ""Under Investigation""}","{""Status"": ""Closed""}"
3593,FIR,INSERT,53,2023-09-01 02:57:24,{},"{""Status"": ""Closed""}"
3594,Case_Status,UPDATE,38,2022-01-10 20:51:33,"{""Status"": ""Open""}","{""Status"": ""Closed""}"
3595,Accused,INSERT,195,2023-10-29 06:01:05,{},"{""Status"": ""Under Investigation""}"
3596,Accused,INSERT,141,2019-04-19 11:36:38,{},"{""Status"": ""Closed""}"
3597,Complaint,INSERT,27,2019-03-28 09:23:29,{},"{""Status"": ""Closed""}"
3598,Case_Status,UPDATE,129,2020-04-09 16:53:22,"{""Status"": ""Under Investigation""}","{""Status"": ""Closed""}"
3599,FIR,INSERT,41,2019-08-18 18:41:46,{},"{""Status"": ""Under Investigation""}"
3600,Evidence,INSERT,187,2021-05-07 18:01:15,{},"{""Status"": ""Closed""}"
3601,Evidence,INSERT,261,2019-01-19 13:59:02,{},"{""Status"": ""Under Investigation""}"
3602,FIR,INSERT,34,2020-09-19 04:54:59,{},"{""Status"": ""Under Investigation""}"
3603,FIR,UPDATE,37,2019-04-27 09:58:46,"{""Status"": ""Open""}","{""Status"": ""Closed""}"
3604,Case_Status,UPDATE,139,2020-11-30 21:49:07,"{""Status"": ""Under Investigation""}","{""Status"": ""Under Investigation""}"
3605,Case_Status,UPDATE,257,2020-12-25 18:10:11,"{""Status"": ""Open""}","{""Status"": ""Under Investigation""}"
3606,Suspects,INSERT,271,2022-03-08 23:57:08,{},"{""Status"": ""Under Investigation""}"
3607,Evidence,INSERT,185,2023-12-31 02:34:35,{},"{""Status"": ""Under Investigation""}"
3608,Accused,INSERT,228,2019-01-27 22:34:32,{},"{""Status"": ""Under Investigation""}"
3609,Accused,INSERT,27,2019-08-29 07:52:02,{},"{""Status"": ""Under Investigation""}"
3610,FIR,UPDATE,170,2022-06-17 08:25:37,"{""Status"": ""Under Investigation""}","{""Status"": ""Closed""}"
3611,Complaint,INSERT,43,2022-06-23 17:16:01,{},"{""Status"": ""Under Investigation""}"
3612,Suspects,INSERT,251,2020-01-10 02:56:23,{},"{""Status"": ""Under Investigation""}"
3613,Case_Status,UPDATE,140,2019-05-03 06:53:37,"{""Status"": ""Open""}","{""Status"": ""Closed""}"
3614,Accused,INSERT,177,2019-03-18 19:06:07,{},"{""Status"": ""Under Investigation""}"
3615,FIR_Accused,INSERT,155,2023-12-03 11:16:15,{},"{""Status"": ""Under Investigation""}"
3616,FIR_Accused,INSERT,183,2020-12-05 06:40:36,{},"{""Status"": ""Under Investigation""}"
3617,Evidence,INSERT,147,2021-09-24 16:06:37,{},"{""Status"": ""Closed""}"
3618,Evidence,INSERT,36,2021-01-16 22:32:44,{},"{""Status"": ""Under Investigation""}"
3619,Evidence,INSERT,33,2023-10-21 05:57:05,{},"{""Status"": ""Closed""}"
3620,FIR,UPDATE,228,2021-02-25 14:02:26,"{""Status"": ""Under Investigation""}","{""Status"": ""Under Investigation""}"
3621,Complaint,INSERT,167,2021-12-19 18:25:57,{},"{""Status"": ""Under Investigation""}"
3622,FIR,UPDATE,69,2023-11-05 23:45:08,"{""Status"": ""Open""}","{""Status"": ""Under Investigation""}"
3623,Evidence,INSERT,198,2021-03-27 13:06:38,{},"{""Status"": ""Closed""}"
3624,Suspects,INSERT,69,2021-10-16 23:44:29,{},"{""Status"": ""Under Investigation""}"
3625,FIR_Accused,INSERT,177,2019-01-22 15:15:55,{},"{""Status"": ""Under Investigation""}"
3626,Suspects,INSERT,84,2020-06-20 18:32:50,{},"{""Status"": ""Under Investigation""}"
3627,FIR,INSERT,112,2020-05-04 19:25:32,{},"{""Status"": ""Under Investigation""}"
3628,FIR_Accused,INSERT,181,2023-10-13 14:21:35,{},"{""Status"": ""Closed""}"
3629,FIR_Accused,INSERT,20,2022-08-29 00:54:02,{},"{""Status"": ""Under Investigation""}"
3630,FIR,UPDATE,166,2023-03-14 00:49:24,"{""Status"": ""Open""}","{""Status"": ""Closed""}"
3631,Case_Status,UPDATE,21,2022-06-28 22:02:12,"{""Status"": ""Open""}","{""Status"": ""Under Investigation""}"
3632,Accused,INSERT,149,2023-09-23 14:58:40,{},"{""Status"": ""Under Investigation""}"
3633,Suspects,INSERT,8,2019-06-14 22:06:47,{},"{""Status"": ""Closed""}"
3634,FIR,UPDATE,49,2019-05-05 21:04:03,"{""Status"": ""Open""}","{""Status"": ""Closed""}"
3635,FIR,INSERT,21,2022-06-09 23:26:17,{},"{""Status"": ""Under Investigation""}"
3636,Suspects,INSERT,267,2020-05-24 13:58:19,{},"{""Status"": ""Under Investigation""}"
3637,Case_Status,UPDATE,118,2021-06-28 19:51:48,"{""Status"": ""Under Investigation""}","{""Status"": ""Under Investigation""}"
3638,Case_Status,UPDATE,265,2022-06-18 02:52:08,"{""Status"": ""Open""}","{""Status"": ""Under Investigation""}"
3639,FIR,INSERT,53,2022-12-19 21:57:16,{},"{""Status"": ""Closed""}"
3640,FIR_Accused,INSERT,107,2023-07-18 05:40:08,{},"{""Status"": ""Under Investigation""}"
3641,FIR_Accused,INSERT,56,2021-09-30 06:06:43,{},"{""Status"": ""Under Investigation""}"
3642,Evidence,INSERT,275,2020-02-17 21:30:34,{},"{""Status"": ""Under Investigation""}"
3643,FIR,UPDATE,147,2021-05-29 10:18:30,"{""Status"": ""Under Investigation""}","{""Status"": ""Under Investigation""}"
3644,FIR,INSERT,58,2022-07-30 02:38:02,{},"{""Status"": ""Closed""}"
3645,Suspects,INSERT,170,2019-09-03 08:49:49,{},"{""Status"": ""Closed""}"
3646,Complaint,INSERT,5,2019-09-28 12:29:51,{},"{""Status"": ""Closed""}"
3647,Evidence,INSERT,172,2020-10-24 06:10:00,{},"{""Status"": ""Under Investigation""}"
3648,Complaint,INSERT,157,2022-05-16 13:03:43,{},"{""Status"": ""Under Investigation""}"
3649,Accused,INSERT,222,2020-09-30 15:20:57,{},"{""Status"": ""Closed""}"
3650,Evidence,INSERT,77,2023-11-28 10:57:13,{},"{""Status"": ""Closed""}"
3651,Evidence,INSERT,164,2020-09-07 01:48:54,{},"{""Status"": ""Under Investigation""}"
3652,FIR,UPDATE,187,2020-06-16 15:23:57,"{""Status"": ""Open""}","{""Status"": ""Closed""}"
3653,Suspects,INSERT,110,2021-11-08 12:30:51,{},"{""Status"": ""Under Investigation""}"
3654,FIR,UPDATE,247,2020-03-25 09:50:26,"{""Status"": ""Under Investigation""}","{""Status"": ""Closed""}"
3655,FIR,INSERT,45,2021-10-16 15:11:46,{},"{""Status"": ""Closed""}"
3656,FIR_Accused,INSERT,150,2022-08-01 22:11:00,{},"{""Status"": ""Closed""}"
3657,Evidence,INSERT,51,2022-05-27 14:48:58,{},"{""Status"": ""Under Investigation""}"
3658,FIR_Accused,INSERT,96,2021-02-28 10:27:57,{},"{""Status"": ""Under Investigation""}"
3659,FIR,INSERT,268,2020-09-17 10:38:02,{},"{""Status"": ""Under Investigation""}"
3660,Suspects,INSERT,79,2023-08-26 22:56:56,{},"{""Status"": ""Closed""}"
3661,FIR,INSERT,227,2019-01-23 06:41:12,{},"{""Status"": ""Under Investigation""}"
3662,Complaint,INSERT,4,2021-07-10 20:02:30,{},"{""Status"": ""Under Investigation""}"
3663,Complaint,INSERT,222,2020-11-11 04:54:54,{},"{""Status"": ""Closed""}"
3664,Case_Status,UPDATE,196,2023-01-14 11:52:01,"{""Status"": ""Under Investigation""}","{""Status"": ""Closed""}"
3665,Complaint,INSERT,27,2021-10-24 05:49:39,{},"{""Status"": ""Under Investigation""}"
3666,FIR,INSERT,87,2023-11-23 12:30:00,{},"{""Status"": ""Under Investigation""}"
3667,FIR,INSERT,4,2022-09-04 22:53:12,{},"{""Status"": ""Under Investigation""}"
3668,Evidence,INSERT,246,2019-04-24 05:12:53,{},"{""Status"": ""Closed""}"
3669,Suspects,INSERT,211,2023-10-29 17:35:44,{},"{""Status"": ""Closed""}"
3670,Complaint,INSERT,154,2021-04-09 16:07:11,{},"{""Status"": ""Closed""}"
3671,FIR,UPDATE,12,2023-06-23 02:22:24,"{""Status"": ""Under Investigation""}","{""Status"": ""Under Investigation""}"
3672,Evidence,INSERT,86,2019-01-19 05:53:32,{},"{""Status"": ""Under Investigation""}"
3673,FIR_Accused,INSERT,229,2020-09-19 09:41:10,{},"{""Status"": ""Under Investigation""}"
3674,Complaint,INSERT,271,2023-04-15 11:14:09,{},"{""Status"": ""Under Investigation""}"
3675,FIR,INSERT,132,2019-07-18 19:41:19,{},"{""Status"": ""Under Investigation""}"
3676,Complaint,INSERT,190,2023-07-22 13:36:06,{},"{""Status"": ""Under Investigation""}"
3677,FIR,UPDATE,170,2021-02-22 02:51:05,"{""Status"": ""Open""}","{""Status"": ""Closed""}"
3678,Evidence,INSERT,231,2023-09-29 00:18:07,{},"{""Status"": ""Closed""}"
3679,FIR_Accused,INSERT,25,2021-01-16 21:41:10,{},"{""Status"": ""Closed""}"
3680,Case_Status,UPDATE,236,2023-09-01 19:25:27,"{""Status"": ""Open""}","{""Status"": ""Under Investigation""}"
3681,Complaint,INSERT,270,2022-01-14 12:31:27,{},"{""Status"": ""Closed""}"
3682,FIR,INSERT,262,2023-05-11 08:39:14,{},"{""Status"": ""Under Investigation""}"
3683,Evidence,INSERT,140,2021-10-24 03:01:41,{},"{""Status"": ""Under Investigation""}"
3684,Accused,INSERT,197,2021-12-16 03:12:15,{},"{""Status"": ""Closed""}"
3685,Evidence,INSERT,267,2022-02-06 09:57:23,{},"{""Status"": ""Under Investigation""}"
3686,FIR,INSERT,273,2022-02-26 03:40:02,{},"{""Status"": ""Under Investigation""}"
3687,Case_Status,UPDATE,255,2021-01-06 18:12:12,"{""Status"": ""Under Investigation""}","{""Status"": ""Closed""}"
3688,FIR_Accused,INSERT,176,2023-09-13 07:07:17,{},"{""Status"": ""Closed""}"
3689,Accused,INSERT,126,2021-12-04 02:54:42,{},"{""Status"": ""Under Investigation""}"
3690,Complaint,INSERT,204,2019-07-12 15:06:12,{},"{""Status"": ""Under Investigation""}"
3691,Evidence,INSERT,222,2019-03-30 05:08:26,{},"{""Status"": ""Closed""}"
3692,Evidence,INSERT,179,2022-11-22 01:44:52,{},"{""Status"": ""Under Investigation""}"
3693,Suspects,INSERT,97,2023-11-07 14:37:50,{},"{""Status"": ""Closed""}"
3694,Accused,INSERT,86,2019-03-04 01:41:11,{},"{""Status"": ""Under Investigation""}"
3695,Complaint,INSERT,202,2019-11-25 02:01:53,{},"{""Status"": ""Under Investigation""}"
3696,FIR_Accused,INSERT,151,2019-10-11 04:51:03,{},"{""Status"": ""Under Investigation""}"
3697,FIR_Accused,INSERT,33,2021-11-07 20:05:53,{},"{""Status"": ""Closed""}"
3698,Accused,INSERT,188,2021-01-10 01:52:07,{},"{""Status"": ""Closed""}"
3699,FIR_Accused,INSERT,13,2019-11-24 16:11:00,{},"{""Status"": ""Under Investigation""}"
3700,Suspects,INSERT,248,2021-10-12 03:56:37,{},"{""Status"": ""Closed""}"
3701,FIR,INSERT,50,2019-01-12 10:14:18,{},"{""Status"": ""Closed""}"
3702,Suspects,INSERT,44,2023-08-22 02:09:54,{},"{""Status"": ""Closed""}"
3703,FIR,INSERT,9,2019-03-13 12:03:05,{},"{""Status"": ""Closed""}"
3704,FIR_Accused,INSERT,155,2020-06-13 06:10:04,{},"{""Status"": ""Closed""}"
3705,FIR,UPDATE,158,2020-04-06 01:06:36,"{""Status"": ""Open""}","{""Status"": ""Under Investigation""}"
3706,Evidence,INSERT,63,2021-03-18 15:58:55,{},"{""Status"": ""Closed""}"
3707,Case_Status,UPDATE,33,2019-12-24 13:49:16,"{""Status"": ""Under Investigation""}","{""Status"": ""Under Investigation""}"
3708,Case_Status,UPDATE,124,2021-11-19 07:38:48,"{""Status"": ""Under Investigation""}","{""Status"": ""Under Investigation""}"
3709,FIR,UPDATE,100,2020-06-24 07:19:13,"{""Status"": ""Under Investigation""}","{""Status"": ""Closed""}"
3710,FIR_Accused,INSERT,113,2019-11-12 13:35:31,{},"{""Status"": ""Under Investigation""}"
3711,FIR_Accused,INSERT,85,2021-08-21 07:06:38,{},"{""Status"": ""Under Investigation""}"
3712,Suspects,INSERT,200,2022-07-16 01:24:30,{},"{""Status"": ""Closed""}"
3713,FIR,UPDATE,11,2023-03-04 00:04:21,"{""Status"": ""Under Investigation""}","{""Status"": ""Under Investigation""}"
3714,FIR_Accused,INSERT,17,2019-04-09 11:21:49,{},"{""Status"": ""Closed""}"
3715,Case_Status,UPDATE,118,2022-03-28 08:38:51,"{""Status"": ""Open""}","{""Status"": ""Under Investigation""}"
3716,Accused,INSERT,168,2023-07-25 10:49:16,{},"{""Status"": ""Closed""}"
3717,Accused,INSERT,270,2023-11-27 23:53:51,{},"{""Status"": ""Closed""}"
3718,FIR,UPDATE,220,2020-02-27 04:35:31,"{""Status"": ""Under Investigation""}","{""Status"": ""Under Investigation""}"
3719,FIR_Accused,INSERT,225,2022-02-21 04:14:39,{},"{""Status"": ""Closed""}"
3720,FIR,UPDATE,42,2019-11-09 08:45:47,"{""Status"": ""Under Investigation""}","{""Status"": ""Under Investigation""}"
3721,FIR,UPDATE,21,2019-03-18 00:17:32,"{""Status"": ""Open""}","{""Status"": ""Under Investigation""}"
3722,FIR,INSERT,131,2020-09-09 17:15:58,{},"{""Status"": ""Under Investigation""}"
3723,FIR,UPDATE,111,2020-09-15 19:42:42,"{""Status"": ""Open""}","{""Status"": ""Closed""}"
3724,Complaint,INSERT,186,2023-12-21 02:48:52,{},"{""Status"": ""Under Investigation""}"
3725,Case_Status,UPDATE,262,2019-08-05 20:34:48,"{""Status"": ""Open""}","{""Status"": ""Closed""}"
3726,Case_Status,UPDATE,101,2019-04-06 18:06:48,"{""Status"": ""Open""}","{""Status"": ""Under Investigation""}"
3727,Case_Status,UPDATE,175,2023-06-01 03:11:32,"{""Status"": ""Under Investigation""}","{""Status"": ""Closed""}"
3728,Accused,INSERT,108,2020-12-26 03:03:48,{},"{""Status"": ""Under Investigation""}"
3729,FIR_Accused,INSERT,164,2022-01-12 03:57:58,{},"{""Status"": ""Under Investigation""}"
3730,FIR,UPDATE,117,2021-07-27 16:06:14,"{""Status"": ""Open""}","{""Status"": ""Closed""}"
3731,FIR_Accused,INSERT,266,2022-05-27 10:21:39,{},"{""Status"": ""Closed""}"
3732,FIR,INSERT,111,2023-06-04 02:13:53,{},"{""Status"": ""Closed""}"
3733,Case_Status,UPDATE,146,2020-07-11 00:17:31,"{""Status"": ""Open""}","{""Status"": ""Under Investigation""}"
3734,Accused,INSERT,78,2022-06-19 01:34:40,{},"{""Status"": ""Closed""}"
3735,Suspects,INSERT,175,2020-11-03 10:06:58,{},"{""Status"": ""Closed""}"
3736,Accused,INSERT,146,2020-07-08 16:04:28,{},"{""Status"": ""Under Investigation""}"
3737,Case_Status,UPDATE,54,2021-04-02 19:58:42,"{""Status"": ""Under Investigation""}","{""Status"": ""Closed""}"
3738,FIR,INSERT,24,2019-07-24 06:55:52,{},"{""Status"": ""Under Investigation""}"
3739,Complaint,INSERT,186,2022-05-31 06:29:26,{},"{""Status"": ""Under Investigation""}"
3740,FIR,INSERT,95,2021-05-07 15:25:37,{},"{""Status"": ""Under Investigation""}"
3741,FIR_Accused,INSERT,19,2022-07-14 21:48:17,{},"{""Status"": ""Closed""}"
3742,FIR_Accused,INSERT,54,2023-11-25 08:03:16,{},"{""Status"": ""Under Investigation""}"
3743,FIR,INSERT,149,2022-06-20 10:43:53,{},"{""Status"": ""Under Investigation""}"
3744,Evidence,INSERT,239,2019-10-01 16:26:11,{},"{""Status"": ""Closed""}"
3745,Complaint,INSERT,90,2019-06-10 11:55:07,{},"{""Status"": ""Under Investigation""}"
3746,FIR,INSERT,273,2019-12-26 18:38:49,{},"{""Status"": ""Closed""}"
3747,Complaint,INSERT,44,2023-08-29 09:40:26,{},"{""Status"": ""Under Investigation""}"
3748,Evidence,INSERT,185,2023-09-12 15:17:30,{},"{""Status"": ""Under Investigation""}"
3749,Case_Status,UPDATE,166,2021-10-07 20:21:30,"{""Status"": ""Under Investigation""}","{""Status"": ""Under Investigation""}"
3750,FIR,INSERT,36,2020-12-21 23:36:37,{},"{""Status"": ""Under Investigation""}"
3751,Accused,INSERT,196,2023-01-17 11:57:47,{},"{""Status"": ""Closed""}"
3752,FIR_Accused,INSERT,59,2021-05-12 00:21:08,{},"{""Status"": ""Under Investigation""}"
3753,Evidence,INSERT,117,2023-06-11 14:05:03,{},"{""Status"": ""Under Investigation""}"
3754,FIR,UPDATE,200,2022-07-24 03:18:43,"{""Status"": ""Under Investigation""}","{""Status"": ""Under Investigation""}"
3755,FIR,INSERT,127,2020-01-07 18:16:03,{},"{""Status"": ""Closed""}"
3756,FIR,UPDATE,209,2019-08-16 09:48:02,"{""Status"": ""Open""}","{""Status"": ""Closed""}"
3757,Case_Status,UPDATE,36,2023-09-19 14:31:15,"{""Status"": ""Open""}","{""Status"": ""Under Investigation""}"
3758,Suspects,INSERT,149,2019-04-24 11:39:14,{},"{""Status"": ""Closed""}"
3759,Evidence,INSERT,211,2021-03-18 11:01:01,{},"{""Status"": ""Under Investigation""}"
3760,Complaint,INSERT,57,2020-12-31 22:17:46,{},"{""Status"": ""Under Investigation""}"
3761,FIR_Accused,INSERT,7,2021-02-19 00:09:15,{},"{""Status"": ""Closed""}"
3762,Complaint,INSERT,249,2019-06-10 11:42:16,{},"{""Status"": ""Under Investigation""}"
3763,FIR,UPDATE,116,2022-01-30 00:41:39,"{""Status"": ""Open""}","{""Status"": ""Under Investigation""}"
3764,Suspects,INSERT,271,2020-12-18 17:38:05,{},"{""Status"": ""Closed""}"
3765,Evidence,INSERT,125,2019-12-01 00:10:31,{},"{""Status"": ""Closed""}"
3766,Complaint,INSERT,60,2023-02-24 02:37:33,{},"{""Status"": ""Closed""}"
3767,Evidence,INSERT,46,2020-05-09 12:06:15,{},"{""Status"": ""Closed""}"
3768,FIR_Accused,INSERT,60,2021-03-02 03:07:51,{},"{""Status"": ""Closed""}"
3769,Accused,INSERT,259,2022-01-05 18:00:41,{},"{""Status"": ""Under Investigation""}"
3770,Accused,INSERT,122,2021-01-14 09:15:26,{},"{""Status"": ""Closed""}"
3771,FIR_Accused,INSERT,203,2019-07-23 05:55:47,{},"{""Status"": ""Closed""}"
3772,Suspects,INSERT,42,2023-06-08 14:11:44,{},"{""Status"": ""Under Investigation""}"
3773,Case_Status,UPDATE,214,2020-10-01 09:20:15,"{""Status"": ""Under Investigation""}","{""Status"": ""Closed""}"
3774,FIR,INSERT,32,2023-10-17 02:49:33,{},"{""Status"": ""Under Investigation""}"
3775,Complaint,INSERT,81,2023-01-12 21:23:39,{},"{""Status"": ""Closed""}"
3776,FIR_Accused,INSERT,166,2020-12-24 10:15:05,{},"{""Status"": ""Closed""}"
3777,Evidence,INSERT,228,2019-09-01 10:54:52,{},"{""Status"": ""Under Investigation""}"
3778,FIR_Accused,INSERT,61,2020-02-18 16:26:25,{},"{""Status"": ""Under Investigation""}"
3779,FIR,UPDATE,44,2020-10-21 19:44:39,"{""Status"": ""Under Investigation""}","{""Status"": ""Under Investigation""}"
3780,Accused,INSERT,3,2023-06-22 11:20:25,{},"{""Status"": ""Closed""}"
3781,Suspects,INSERT,22,2022-05-16 08:27:36,{},"{""Status"": ""Under Investigation""}"
3782,Evidence,INSERT,187,2023-07-05 03:01:03,{},"{""Status"": ""Under Investigation""}"
3783,Accused,INSERT,266,2020-10-25 15:50:31,{},"{""Status"": ""Closed""}"
3784,FIR,UPDATE,229,2023-08-02 00:33:33,"{""Status"": ""Open""}","{""Status"": ""Closed""}"
3785,Accused,INSERT,194,2021-02-08 03:27:23,{},"{""Status"": ""Closed""}"
3786,Suspects,INSERT,91,2019-05-14 04:32:28,{},"{""Status"": ""Under Investigation""}"
3787,FIR,INSERT,193,2021-06-18 01:11:51,{},"{""Status"": ""Closed""}"
3788,Accused,INSERT,257,2021-02-22 07:30:58,{},"{""Status"": ""Under Investigation""}"
3789,Complaint,INSERT,117,2023-05-11 10:46:46,{},"{""Status"": ""Under Investigation""}"
3790,Case_Status,UPDATE,23,2022-06-19 02:49:30,"{""Status"": ""Open""}","{""Status"": ""Under Investigation""}"
3791,FIR,UPDATE,187,2023-09-04 22:10:05,"{""Status"": ""Open""}","{""Status"": ""Closed""}"
3792,Case_Status,UPDATE,76,2021-03-25 08:34:54,"{""Status"": ""Under Investigation""}","{""Status"": ""Under Investigation""}"
3793,FIR,UPDATE,63,2019-02-18 17:51:29,"{""Status"": ""Under Investigation""}","{""Status"": ""Closed""}"
3794,FIR_Accused,INSERT,140,2021-07-03 14:12:28,{},"{""Status"": ""Closed""}"
3795,FIR_Accused,INSERT,212,2022-02-25 00:51:29,{},"{""Status"": ""Under Investigation""}"
3796,Complaint,INSERT,141,2022-10-20 07:57:51,{},"{""Status"": ""Closed""}"
3797,FIR,INSERT,179,2022-02-22 10:42:21,{},"{""Status"": ""Under Investigation""}"
3798,Accused,INSERT,180,2021-06-08 21:18:28,{},"{""Status"": ""Closed""}"
3799,Evidence,INSERT,216,2023-01-05 08:44:57,{},"{""Status"": ""Under Investigation""}"
3800,FIR,INSERT,42,2019-01-30 07:15:31,{},"{""Status"": ""Under Investigation""}"
3801,Case_Status,UPDATE,64,2020-03-08 09:17:54,"{""Status"": ""Under Investigation""}","{""Status"": ""Under Investigation""}"
3802,Evidence,INSERT,50,2019-03-07 18:29:07,{},"{""Status"": ""Under Investigation""}"
3803,Evidence,INSERT,233,2019-09-25 22:31:05,{},"{""Status"": ""Closed""}"
3804,Evidence,INSERT,274,2021-03-13 06:35:34,{},"{""Status"": ""Under Investigation""}"
3805,FIR,UPDATE,115,2021-05-15 18:32:10,"{""Status"": ""Open""}","{""Status"": ""Under Investigation""}"
3806,FIR_Accused,INSERT,147,2021-05-26 18:33:13,{},"{""Status"": ""Under Investigation""}"
3807,Accused,INSERT,46,2022-10-07 23:46:15,{},"{""Status"": ""Under Investigation""}"
3808,FIR,UPDATE,10,2020-12-17 08:35:39,"{""Status"": ""Under Investigation""}","{""Status"": ""Closed""}"
3809,FIR,INSERT,236,2023-06-10 07:16:23,{},"{""Status"": ""Under Investigation""}"
3810,FIR,UPDATE,105,2020-01-08 20:32:53,"{""Status"": ""Under Investigation""}","{""Status"": ""Closed""}"
3811,Evidence,INSERT,244,2019-06-23 05:00:58,{},"{""Status"": ""Closed""}"
3812,Complaint,INSERT,157,2023-07-04 13:29:52,{},"{""Status"": ""Under Investigation""}"
3813,FIR,INSERT,70,2022-08-27 16:33:16,{},"{""Status"": ""Under Investigation""}"
3814,Case_Status,UPDATE,71,2021-09-15 15:01:58,"{""Status"": ""Under Investigation""}","{""Status"": ""Under Investigation""}"
3815,Evidence,INSERT,48,2023-06-06 01:58:03,{},"{""Status"": ""Closed""}"
3816,Evidence,INSERT,250,2019-05-17 10:06:49,{},"{""Status"": ""Closed""}"
3817,Evidence,INSERT,33,2021-08-30 14:16:05,{},"{""Status"": ""Closed""}"
3818,Complaint,INSERT,116,2021-02-23 11:41:19,{},"{""Status"": ""Closed""}"
3819,FIR,INSERT,153,2019-08-12 15:19:20,{},"{""Status"": ""Under Investigation""}"
3820,Suspects,INSERT,170,2020-05-26 12:14:56,{},"{""Status"": ""Closed""}"
3821,Evidence,INSERT,11,2020-11-05 20:28:07,{},"{""Status"": ""Closed""}"
3822,FIR,UPDATE,235,2021-09-29 05:03:11,"{""Status"": ""Open""}","{""Status"": ""Closed""}"
3823,Evidence,INSERT,218,2021-03-26 04:42:32,{},"{""Status"": ""Under Investigation""}"
3824,Complaint,INSERT,124,2021-10-12 02:52:33,{},"{""Status"": ""Closed""}"
3825,Evidence,INSERT,254,2021-03-31 08:59:44,{},"{""Status"": ""Under Investigation""}"
3826,FIR,INSERT,202,2022-12-23 07:32:02,{},"{""Status"": ""Closed""}"
3827,FIR,INSERT,46,2020-02-07 03:32:00,{},"{""Status"": ""Closed""}"
3828,Evidence,INSERT,171,2019-09-01 12:43:43,{},"{""Status"": ""Under Investigation""}"
3829,Complaint,INSERT,257,2020-03-01 07:33:08,{},"{""Status"": ""Under Investigation""}"
3830,Accused,INSERT,258,2019-06-23 21:48:56,{},"{""Status"": ""Closed""}"
3831,Suspects,INSERT,275,2021-03-28 08:44:39,{},"{""Status"": ""Under Investigation""}"
3832,FIR,INSERT,262,2021-01-13 08:30:01,{},"{""Status"": ""Closed""}"
3833,FIR,UPDATE,192,2023-09-12 02:01:44,"{""Status"": ""Open""}","{""Status"": ""Under Investigation""}"
3834,Case_Status,UPDATE,198,2021-09-12 05:40:29,"{""Status"": ""Under Investigation""}","{""Status"": ""Under Investigation""}"
3835,Complaint,INSERT,53,2020-09-14 17:15:41,{},"{""Status"": ""Under Investigation""}"
3836,FIR_Accused,INSERT,225,2019-05-14 19:56:28,{},"{""Status"": ""Closed""}"
3837,FIR_Accused,INSERT,12,2022-02-03 09:54:56,{},"{""Status"": ""Under Investigation""}"
3838,Complaint,INSERT,177,2021-10-14 17:21:16,{},"{""Status"": ""Under Investigation""}"
3839,Case_Status,UPDATE,199,2022-07-21 15:09:35,"{""Status"": ""Open""}","{""Status"": ""Under Investigation""}"
3840,Evidence,INSERT,54,2021-10-02 17:40:03,{},"{""Status"": ""Under Investigation""}"
3841,Accused,INSERT,268,2021-05-22 01:05:14,{},"{""Status"": ""Closed""}"
3842,Accused,INSERT,67,2021-08-14 03:57:02,{},"{""Status"": ""Closed""}"
3843,Accused,INSERT,70,2021-10-24 01:58:13,{},"{""Status"": ""Under Investigation""}"
3844,FIR_Accused,INSERT,219,2023-04-18 00:27:06,{},"{""Status"": ""Under Investigation""}"
3845,FIR,UPDATE,82,2020-06-24 17:03:42,"{""Status"": ""Open""}","{""Status"": ""Closed""}"
3846,Accused,INSERT,158,2023-03-11 01:29:44,{},"{""Status"": ""Closed""}"
3847,Accused,INSERT,129,2020-05-15 17:12:48,{},"{""Status"": ""Under Investigation""}"
3848,Suspects,INSERT,42,2022-04-30 07:23:44,{},"{""Status"": ""Closed""}"
3849,Case_Status,UPDATE,270,2021-10-12 09:04:41,"{""Status"": ""Open""}","{""Status"": ""Under Investigation""}"
3850,Evidence,INSERT,247,2019-04-05 12:52:08,{},"{""Status"": ""Under Investigation""}"
3851,FIR,UPDATE,134,2021-04-19 19:05:03,"{""Status"": ""Open""}","{""Status"": ""Under Investigation""}"
3852,Accused,INSERT,42,2021-03-15 06:43:04,{},"{""Status"": ""Under Investigation""}"
3853,FIR,INSERT,248,2023-10-12 12:10:46,{},"{""Status"": ""Under Investigation""}"
3854,FIR,INSERT,125,2023-08-12 13:04:23,{},"{""Status"": ""Under Investigation""}"
3855,FIR,INSERT,37,2022-01-10 04:40:20,{},"{""Status"": ""Under Investigation""}"
3856,Case_Status,UPDATE,26,2019-05-02 06:53:59,"{""Status"": ""Open""}","{""Status"": ""Closed""}"
3857,FIR_Accused,INSERT,159,2023-10-31 04:59:55,{},"{""Status"": ""Closed""}"
3858,Accused,INSERT,18,2021-10-20 23:47:29,{},"{""Status"": ""Under Investigation""}"
3859,FIR_Accused,INSERT,177,2020-03-25 03:03:47,{},"{""Status"": ""Under Investigation""}"
3860,FIR,UPDATE,88,2023-09-20 19:58:51,"{""Status"": ""Under Investigation""}","{""Status"": ""Closed""}"
3861,Accused,INSERT,257,2021-12-07 20:34:17,{},"{""Status"": ""Under Investigation""}"
3862,Suspects,INSERT,108,2020-08-22 08:15:06,{},"{""Status"": ""Closed""}"
3863,FIR_Accused,INSERT,104,2019-10-04 12:26:09,{},"{""Status"": ""Under Investigation""}"
3864,FIR,INSERT,215,2021-05-12 18:04:49,{},"{""Status"": ""Closed""}"
3865,Suspects,INSERT,121,2022-02-13 19:55:59,{},"{""Status"": ""Closed""}"
3866,Complaint,INSERT,177,2022-03-31 02:07:49,{},"{""Status"": ""Under Investigation""}"
3867,Suspects,INSERT,200,2020-10-31 10:34:01,{},"{""Status"": ""Under Investigation""}"
3868,FIR_Accused,INSERT,233,2019-01-05 04:39:47,{},"{""Status"": ""Closed""}"
3869,Suspects,INSERT,111,2021-07-30 06:00:04,{},"{""Status"": ""Under Investigation""}"
3870,Case_Status,UPDATE,17,2021-12-02 20:43:03,"{""Status"": ""Under Investigation""}","{""Status"": ""Under Investigation""}"
3871,FIR,INSERT,241,2022-09-17 07:46:33,{},"{""Status"": ""Closed""}"
3872,FIR,INSERT,81,2020-09-01 19:57:23,{},"{""Status"": ""Closed""}"
3873,Accused,INSERT,63,2019-03-27 01:14:42,{},"{""Status"": ""Under Investigation""}"
3874,Accused,INSERT,78,2019-08-04 07:40:13,{},"{""Status"": ""Closed""}"
3875,Evidence,INSERT,38,2023-07-30 11:28:57,{},"{""Status"": ""Under Investigation""}"
3876,FIR,UPDATE,193,2019-10-31 23:34:29,"{""Status"": ""Open""}","{""Status"": ""Under Investigation""}"
3877,FIR,UPDATE,107,2021-01-23 04:49:28,"{""Status"": ""Under Investigation""}","{""Status"": ""Closed""}"
3878,Accused,INSERT,75,2023-04-18 06:55:51,{},"{""Status"": ""Closed""}"
3879,FIR_Accused,INSERT,65,2023-12-28 16:49:40,{},"{""Status"": ""Closed""}"
3880,Suspects,INSERT,151,2022-11-12 00:37:32,{},"{""Status"": ""Closed""}"
3881,Suspects,INSERT,10,2023-02-05 20:13:41,{},"{""Status"": ""Closed""}"
3882,Accused,INSERT,6,2019-08-20 20:55:22,{},"{""Status"": ""Closed""}"
3883,Suspects,INSERT,129,2021-07-04 07:53:10,{},"{""Status"": ""Under Investigation""}"
3884,Complaint,INSERT,100,2020-01-10 21:27:46,{},"{""Status"": ""Closed""}"
3885,FIR,UPDATE,228,2022-06-30 18:39:04,"{""Status"": ""Under Investigation""}","{""Status"": ""Under Investigation""}"
3886,FIR_Accused,INSERT,101,2022-03-02 16:20:16,{},"{""Status"": ""Under Investigation""}"
3887,Accused,INSERT,6,2021-12-07 09:19:46,{},"{""Status"": ""Under Investigation""}"
3888,Evidence,INSERT,61,2020-02-19 03:22:01,{},"{""Status"": ""Closed""}"
3889,FIR_Accused,INSERT,142,2023-09-06 01:20:27,{},"{""Status"": ""Under Investigation""}"
3890,Suspects,INSERT,177,2019-07-06 04:41:51,{},"{""Status"": ""Closed""}"
3891,FIR,UPDATE,107,2019-11-25 09:03:27,"{""Status"": ""Under Investigation""}","{""Status"": ""Closed""}"
3892,Evidence,INSERT,271,2023-02-02 17:06:46,{},"{""Status"": ""Closed""}"
3893,Suspects,INSERT,7,2020-01-05 22:10:50,{},"{""Status"": ""Under Investigation""}"
3894,Suspects,INSERT,110,2019-03-25 00:24:47,{},"{""Status"": ""Under Investigation""}"
3895,Complaint,INSERT,197,2022-10-04 20:39:16,{},"{""Status"": ""Under Investigation""}"
3896,FIR,UPDATE,162,2019-10-08 05:52:41,"{""Status"": ""Under Investigation""}","{""Status"": ""Under Investigation""}"
3897,FIR,UPDATE,273,2019-04-09 11:56:28,"{""Status"": ""Under Investigation""}","{""Status"": ""Under Investigation""}"
3898,Evidence,INSERT,157,2021-07-15 19:20:32,{},"{""Status"": ""Closed""}"
3899,Evidence,INSERT,180,2021-02-28 04:50:50,{},"{""Status"": ""Closed""}"
3900,Case_Status,UPDATE,266,2019-11-04 01:25:27,"{""Status"": ""Open""}","{""Status"": ""Closed""}"
3901,FIR,UPDATE,245,2021-10-02 00:00:05,"{""Status"": ""Under Investigation""}","{""Status"": ""Closed""}"
3902,Complaint,INSERT,74,2020-01-23 14:11:24,{},"{""Status"": ""Closed""}"
3903,FIR,INSERT,147,2020-12-06 09:11:13,{},"{""Status"": ""Under Investigation""}"
3904,Suspects,INSERT,15,2022-09-20 02:17:09,{},"{""Status"": ""Closed""}"
3905,FIR_Accused,INSERT,167,2021-07-31 14:31:25,{},"{""Status"": ""Closed""}"
3906,FIR,UPDATE,171,2023-12-02 08:48:52,"{""Status"": ""Under Investigation""}","{""Status"": ""Closed""}"
3907,FIR,INSERT,158,2022-07-26 11:35:37,{},"{""Status"": ""Closed""}"
3908,Case_Status,UPDATE,252,2021-05-12 01:23:02,"{""Status"": ""Under Investigation""}","{""Status"": ""Closed""}"
3909,Complaint,INSERT,130,2019-05-15 23:53:58,{},"{""Status"": ""Closed""}"
3910,Suspects,INSERT,272,2020-08-10 13:53:25,{},"{""Status"": ""Under Investigation""}"
3911,Evidence,INSERT,35,2020-11-04 13:03:05,{},"{""Status"": ""Under Investigation""}"
3912,Complaint,INSERT,45,2023-12-02 08:50:14,{},"{""Status"": ""Closed""}"
3913,Case_Status,UPDATE,80,2023-06-04 01:26:52,"{""Status"": ""Under Investigation""}","{""Status"": ""Under Investigation""}"
3914,Evidence,INSERT,125,2020-11-30 16:33:04,{},"{""Status"": ""Closed""}"
3915,FIR,INSERT,216,2019-10-24 18:22:38,{},"{""Status"": ""Under Investigation""}"
3916,FIR,INSERT,205,2023-06-16 04:33:56,{},"{""Status"": ""Closed""}"
3917,Complaint,INSERT,7,2019-03-27 16:45:18,{},"{""Status"": ""Closed""}"
3918,Case_Status,UPDATE,103,2023-06-11 02:41:16,"{""Status"": ""Under Investigation""}","{""Status"": ""Under Investigation""}"
3919,Complaint,INSERT,44,2023-02-07 09:28:37,{},"{""Status"": ""Under Investigation""}"
3920,Case_Status,UPDATE,208,2023-02-15 18:39:18,"{""Status"": ""Open""}","{""Status"": ""Closed""}"
3921,Evidence,INSERT,126,2023-05-16 04:03:01,{},"{""Status"": ""Under Investigation""}"
3922,FIR,INSERT,97,2020-12-08 06:28:56,{},"{""Status"": ""Closed""}"
3923,FIR,UPDATE,97,2021-12-09 06:32:19,"{""Status"": ""Open""}","{""Status"": ""Closed""}"
3924,Evidence,INSERT,14,2022-04-25 19:52:04,{},"{""Status"": ""Under Investigation""}"
3925,FIR_Accused,INSERT,258,2023-02-06 21:36:01,{},"{""Status"": ""Closed""}"
3926,Evidence,INSERT,72,2021-07-16 12:31:09,{},"{""Status"": ""Under Investigation""}"
3927,FIR,INSERT,122,2022-09-14 06:37:43,{},"{""Status"": ""Closed""}"
3928,FIR,INSERT,98,2019-05-22 05:08:35,{},"{""Status"": ""Under Investigation""}"
3929,Evidence,INSERT,134,2021-11-28 13:46:16,{},"{""Status"": ""Under Investigation""}"
3930,Case_Status,UPDATE,262,2020-04-20 17:58:52,"{""Status"": ""Under Investigation""}","{""Status"": ""Under Investigation""}"
3931,FIR,UPDATE,227,2021-12-12 13:31:55,"{""Status"": ""Open""}","{""Status"": ""Under Investigation""}"
3932,FIR_Accused,INSERT,53,2020-02-12 12:26:26,{},"{""Status"": ""Under Investigation""}"
3933,Evidence,INSERT,126,2020-07-03 19:44:36,{},"{""Status"": ""Under Investigation""}"
3934,FIR_Accused,INSERT,31,2020-05-05 12:21:52,{},"{""Status"": ""Closed""}"
3935,Accused,INSERT,116,2021-07-21 12:16:37,{},"{""Status"": ""Under Investigation""}"
3936,Evidence,INSERT,263,2021-05-16 00:36:54,{},"{""Status"": ""Closed""}"
3937,Complaint,INSERT,155,2022-07-07 12:57:22,{},"{""Status"": ""Under Investigation""}"
3938,FIR,INSERT,28,2022-10-22 02:21:24,{},"{""Status"": ""Under Investigation""}"
3939,Evidence,INSERT,88,2021-10-15 13:13:33,{},"{""Status"": ""Closed""}"
3940,Accused,INSERT,45,2020-09-03 01:53:24,{},"{""Status"": ""Closed""}"
3941,Complaint,INSERT,248,2019-03-07 03:36:24,{},"{""Status"": ""Closed""}"
3942,FIR_Accused,INSERT,247,2019-11-22 04:25:02,{},"{""Status"": ""Closed""}"
3943,Accused,INSERT,108,2023-08-12 18:58:11,{},"{""Status"": ""Closed""}"
3944,Accused,INSERT,250,2020-01-12 12:06:17,{},"{""Status"": ""Closed""}"
3945,FIR,INSERT,198,2022-01-11 14:45:08,{},"{""Status"": ""Closed""}"
3946,FIR_Accused,INSERT,44,2020-01-25 20:15:24,{},"{""Status"": ""Closed""}"
3947,FIR,INSERT,90,2022-11-30 05:06:56,{},"{""Status"": ""Under Investigation""}"
3948,Case_Status,UPDATE,269,2023-10-02 01:45:00,"{""Status"": ""Open""}","{""Status"": ""Under Investigation""}"
3949,Suspects,INSERT,4,2019-08-16 12:50:19,{},"{""Status"": ""Closed""}"
3950,Case_Status,UPDATE,125,2021-11-09 17:43:01,"{""Status"": ""Under Investigation""}","{""Status"": ""Closed""}"
3951,Accused,INSERT,41,2023-07-23 22:39:19,{},"{""Status"": ""Under Investigation""}"
3952,FIR_Accused,INSERT,161,2019-04-23 18:15:28,{},"{""Status"": ""Closed""}"
3953,Accused,INSERT,191,2022-06-06 08:07:01,{},"{""Status"": ""Closed""}"
3954,FIR,INSERT,70,2019-02-06 16:18:30,{},"{""Status"": ""Closed""}"
3955,Complaint,INSERT,160,2020-04-02 20:08:27,{},"{""Status"": ""Closed""}"
3956,FIR,INSERT,265,2021-05-11 20:31:07,{},"{""Status"": ""Under Investigation""}"
3957,FIR,INSERT,14,2021-09-24 01:40:46,{},"{""Status"": ""Under Investigation""}"
3958,Suspects,INSERT,34,2023-05-21 11:23:27,{},"{""Status"": ""Under Investigation""}"
3959,Complaint,INSERT,122,2020-03-27 20:25:30,{},"{""Status"": ""Under Investigation""}"
3960,Suspects,INSERT,210,2020-11-19 18:02:59,{},"{""Status"": ""Closed""}"
3961,Case_Status,UPDATE,140,2021-11-09 17:59:59,"{""Status"": ""Under Investigation""}","{""Status"": ""Closed""}"
3962,Complaint,INSERT,103,2021-05-11 13:04:24,{},"{""Status"": ""Under Investigation""}"
3963,FIR,UPDATE,252,2020-12-23 18:02:31,"{""Status"": ""Open""}","{""Status"": ""Closed""}"
3964,Case_Status,UPDATE,231,2021-05-05 23:13:11,"{""Status"": ""Under Investigation""}","{""Status"": ""Closed""}"
3965,FIR,INSERT,29,2020-09-20 17:34:55,{},"{""Status"": ""Under Investigation""}"
3966,FIR,INSERT,146,2020-02-13 04:55:44,{},"{""Status"": ""Under Investigation""}"
3967,Accused,INSERT,4,2019-01-10 13:36:05,{},"{""Status"": ""Closed""}"
3968,FIR,INSERT,68,2019-08-22 00:14:35,{},"{""Status"": ""Under Investigation""}"
3969,Suspects,INSERT,157,2023-02-04 17:01:13,{},"{""Status"": ""Closed""}"
3970,FIR,INSERT,126,2020-12-20 05:44:20,{},"{""Status"": ""Under Investigation""}"
3971,FIR,INSERT,93,2023-10-12 10:55:44,{},"{""Status"": ""Under Investigation""}"
3972,FIR_Accused,INSERT,32,2022-12-06 14:41:25,{},"{""Status"": ""Under Investigation""}"
3973,Evidence,INSERT,29,2022-05-10 15:40:35,{},"{""Status"": ""Closed""}"
3974,Suspects,INSERT,200,2022-02-18 08:00:15,{},"{""Status"": ""Closed""}"
3975,Evidence,INSERT,270,2020-02-19 04:48:58,{},"{""Status"": ""Closed""}"
3976,Accused,INSERT,223,2021-10-29 07:49:08,{},"{""Status"": ""Closed""}"
3977,Evidence,INSERT,149,2021-01-22 06:25:24,{},"{""Status"": ""Closed""}"
3978,Suspects,INSERT,220,2020-04-18 12:13:38,{},"{""Status"": ""Under Investigation""}"
3979,Suspects,INSERT,222,2023-09-10 11:29:41,{},"{""Status"": ""Under Investigation""}"
3980,Case_Status,UPDATE,189,2023-02-17 20:16:43,"{""Status"": ""Open""}","{""Status"": ""Closed""}"
3981,Accused,INSERT,189,2019-09-27 10:15:12,{},"{""Status"": ""Closed""}"
3982,Complaint,INSERT,173,2020-10-04 15:37:30,{},"{""Status"": ""Closed""}"
3983,Suspects,INSERT,250,2021-05-09 23:38:52,{},"{""Status"": ""Under Investigation""}"
3984,FIR,UPDATE,243,2023-04-15 00:13:29,"{""Status"": ""Under Investigation""}","{""Status"": ""Under Investigation""}"
3985,Suspects,INSERT,167,2021-11-03 04:22:36,{},"{""Status"": ""Under Investigation""}"
3986,FIR,INSERT,160,2022-05-20 20:46:50,{},"{""Status"": ""Under Investigation""}"
3987,FIR_Accused,INSERT,188,2019-03-11 06:43:10,{},"{""Status"": ""Under Investigation""}"
3988,Complaint,INSERT,42,2019-05-02 17:44:15,{},"{""Status"": ""Closed""}"
3989,FIR_Accused,INSERT,212,2021-01-05 11:35:14,{},"{""Status"": ""Under Investigation""}"
3990,FIR,INSERT,19,2021-07-13 16:45:17,{},"{""Status"": ""Closed""}"
3991,Evidence,INSERT,33,2023-06-02 04:43:04,{},"{""Status"": ""Closed""}"
3992,Accused,INSERT,203,2019-06-06 16:00:15,{},"{""Status"": ""Under Investigation""}"
3993,Accused,INSERT,274,2022-12-18 08:13:46,{},"{""Status"": ""Under Investigation""}"
3994,Complaint,INSERT,166,2019-09-09 14:31:40,{},"{""Status"": ""Closed""}"
3995,Accused,INSERT,176,2022-03-19 08:06:23,{},"{""Status"": ""Closed""}"
3996,Case_Status,UPDATE,182,2023-11-29 01:24:37,"{""Status"": ""Under Investigation""}","{""Status"": ""Closed""}"
3997,FIR,UPDATE,211,2022-03-25 18:13:46,"{""Status"": ""Under Investigation""}","{""Status"": ""Under Investigation""}"
3998,Suspects,INSERT,6,2022-09-14 02:24:51,{},"{""Status"": ""Under Investigation""}"
3999,Suspects,INSERT,109,2020-06-12 07:02:08,{},"{""Status"": ""Closed""}"
4000,FIR_Accused,INSERT,148,2021-03-29 11:08:13,{},"{""Status"": ""Closed""}"
4001,Evidence,INSERT,217,2022-10-08 17:12:44,{},"{""Status"": ""Under Investigation""}"
4002,Complaint,INSERT,24,2020-01-27 03:03:19,{},"{""Status"": ""Under Investigation""}"
4003,Complaint,INSERT,204,2020-12-04 10:49:38,{},"{""Status"": ""Under Investigation""}"
4004,FIR,UPDATE,37,2020-12-16 07:00:43,"{""Status"": ""Under Investigation""}","{""Status"": ""Under Investigation""}"
4005,Suspects,INSERT,195,2021-06-01 06:39:59,{},"{""Status"": ""Closed""}"
4006,FIR,UPDATE,123,2021-01-02 01:37:46,"{""Status"": ""Open""}","{""Status"": ""Closed""}"
4007,Suspects,INSERT,186,2019-11-21 09:40:53,{},"{""Status"": ""Closed""}"
4008,FIR,UPDATE,98,2020-05-15 15:02:55,"{""Status"": ""Open""}","{""Status"": ""Closed""}"
4009,Complaint,INSERT,97,2021-11-12 17:58:15,{},"{""Status"": ""Closed""}"
4010,FIR,UPDATE,259,2023-01-31 08:34:41,"{""Status"": ""Under Investigation""}","{""Status"": ""Closed""}"
4011,FIR,INSERT,196,2022-11-24 09:00:07,{},"{""Status"": ""Closed""}"
4012,FIR,UPDATE,249,2019-08-24 05:02:55,"{""Status"": ""Open""}","{""Status"": ""Closed""}"
4013,FIR,INSERT,113,2022-12-08 06:39:05,{},"{""Status"": ""Under Investigation""}"
4014,Case_Status,UPDATE,266,2022-04-12 03:50:24,"{""Status"": ""Under Investigation""}","{""Status"": ""Under Investigation""}"
4015,Suspects,INSERT,233,2021-11-23 10:26:53,{},"{""Status"": ""Under Investigation""}"
4016,FIR_Accused,INSERT,258,2019-12-20 18:50:54,{},"{""Status"": ""Closed""}"
4017,Accused,INSERT,138,2021-09-11 07:31:30,{},"{""Status"": ""Under Investigation""}"
4018,Complaint,INSERT,58,2019-07-27 23:33:29,{},"{""Status"": ""Under Investigation""}"
4019,FIR,UPDATE,255,2019-11-14 14:19:52,"{""Status"": ""Open""}","{""Status"": ""Under Investigation""}"
4020,Accused,INSERT,168,2020-03-23 21:05:39,{},"{""Status"": ""Closed""}"
4021,FIR_Accused,INSERT,243,2023-07-19 15:39:17,{},"{""Status"": ""Closed""}"
4022,FIR,INSERT,19,2022-03-13 13:36:43,{},"{""Status"": ""Under Investigation""}"
4023,Evidence,INSERT,169,2019-02-01 23:50:26,{},"{""Status"": ""Closed""}"
4024,Evidence,INSERT,43,2021-10-20 05:55:08,{},"{""Status"": ""Closed""}"
4025,FIR,UPDATE,112,2022-12-05 16:28:39,"{""Status"": ""Under Investigation""}","{""Status"": ""Under Investigation""}"
4026,Accused,INSERT,214,2021-08-04 11:20:31,{},"{""Status"": ""Closed""}"
4027,FIR_Accused,INSERT,135,2019-09-23 04:13:00,{},"{""Status"": ""Under Investigation""}"
4028,FIR_Accused,INSERT,123,2020-01-12 05:55:17,{},"{""Status"": ""Closed""}"
4029,FIR,INSERT,73,2020-03-19 02:43:23,{},"{""Status"": ""Under Investigation""}"
4030,FIR_Accused,INSERT,236,2021-05-15 05:22:48,{},"{""Status"": ""Closed""}"
4031,Suspects,INSERT,170,2019-06-18 01:00:31,{},"{""Status"": ""Closed""}"
4032,FIR,INSERT,52,2021-05-26 12:36:54,{},"{""Status"": ""Closed""}"
4033,Case_Status,UPDATE,185,2019-10-21 13:34:06,"{""Status"": ""Open""}","{""Status"": ""Under Investigation""}"
4034,Complaint,INSERT,256,2022-02-03 23:38:10,{},"{""Status"": ""Under Investigation""}"
4035,FIR,UPDATE,196,2022-03-17 23:44:08,"{""Status"": ""Under Investigation""}","{""Status"": ""Closed""}"
4036,Accused,INSERT,209,2021-04-06 19:57:57,{},"{""Status"": ""Under Investigation""}"
4037,Accused,INSERT,141,2020-05-21 15:03:14,{},"{""Status"": ""Under Investigation""}"
4038,Evidence,INSERT,148,2022-05-20 19:33:38,{},"{""Status"": ""Under Investigation""}"
4039,FIR,INSERT,162,2019-05-17 16:00:31,{},"{""Status"": ""Under Investigation""}"
4040,FIR_Accused,INSERT,139,2021-04-29 08:59:36,{},"{""Status"": ""Closed""}"
4041,Complaint,INSERT,125,2022-01-02 08:56:10,{},"{""Status"": ""Under Investigation""}"
4042,Case_Status,UPDATE,22,2021-09-16 02:29:17,"{""Status"": ""Open""}","{""Status"": ""Closed""}"
4043,FIR_Accused,INSERT,247,2022-06-24 19:55:48,{},"{""Status"": ""Closed""}"
4044,Case_Status,UPDATE,142,2019-10-09 22:13:27,"{""Status"": ""Open""}","{""Status"": ""Under Investigation""}"
4045,Complaint,INSERT,249,2019-07-17 14:28:18,{},"{""Status"": ""Under Investigation""}"
4046,Evidence,INSERT,48,2019-11-12 13:08:28,{},"{""Status"": ""Under Investigation""}"
4047,FIR_Accused,INSERT,192,2020-04-20 18:36:33,{},"{""Status"": ""Under Investigation""}"
4048,Evidence,INSERT,139,2023-03-26 01:06:44,{},"{""Status"": ""Under Investigation""}"
4049,Complaint,INSERT,109,2022-05-06 11:36:31,{},"{""Status"": ""Under Investigation""}"
4050,Case_Status,UPDATE,137,2022-05-15 03:20:12,"{""Status"": ""Open""}","{""Status"": ""Closed""}"
4051,FIR_Accused,INSERT,141,2020-01-06 04:16:51,{},"{""Status"": ""Under Investigation""}"
4052,Case_Status,UPDATE,184,2019-01-11 15:25:21,"{""Status"": ""Open""}","{""Status"": ""Closed""}"
4053,FIR,INSERT,260,2023-08-11 23:56:34,{},"{""Status"": ""Closed""}"
4054,FIR_Accused,INSERT,46,2021-09-22 18:38:57,{},"{""Status"": ""Under Investigation""}"
4055,FIR,INSERT,228,2020-02-20 01:58:47,{},"{""Status"": ""Closed""}"
4056,FIR,INSERT,243,2023-03-06 08:12:57,{},"{""Status"": ""Under Investigation""}"
4057,Suspects,INSERT,42,2020-07-27 06:36:13,{},"{""Status"": ""Under Investigation""}"
4058,Case_Status,UPDATE,86,2020-04-20 10:47:10,"{""Status"": ""Under Investigation""}","{""Status"": ""Under Investigation""}"
4059,FIR_Accused,INSERT,15,2023-04-25 18:18:00,{},"{""Status"": ""Under Investigation""}"
4060,Accused,INSERT,253,2019-11-03 14:02:32,{},"{""Status"": ""Closed""}"
4061,Accused,INSERT,159,2020-04-05 09:43:31,{},"{""Status"": ""Closed""}"
4062,Accused,INSERT,236,2019-07-31 02:35:37,{},"{""Status"": ""Under Investigation""}"
4063,Suspects,INSERT,25,2020-02-01 15:06:30,{},"{""Status"": ""Under Investigation""}"
4064,Complaint,INSERT,64,2021-02-02 00:00:27,{},"{""Status"": ""Closed""}"
4065,FIR,INSERT,36,2023-08-27 07:43:24,{},"{""Status"": ""Closed""}"
4066,Complaint,INSERT,231,2022-11-02 04:38:16,{},"{""Status"": ""Under Investigation""}"
4067,FIR,INSERT,192,2020-06-02 01:05:54,{},"{""Status"": ""Closed""}"
4068,Suspects,INSERT,258,2021-06-10 21:12:45,{},"{""Status"": ""Closed""}"
4069,Complaint,INSERT,118,2019-01-13 20:16:10,{},"{""Status"": ""Under Investigation""}"
4070,Accused,INSERT,8,2020-11-19 08:36:56,{},"{""Status"": ""Under Investigation""}"
4071,Case_Status,UPDATE,122,2020-02-15 14:52:16,"{""Status"": ""Under Investigation""}","{""Status"": ""Under Investigation""}"
4072,Evidence,INSERT,275,2023-01-05 08:42:34,{},"{""Status"": ""Closed""}"
4073,FIR,UPDATE,121,2021-12-14 00:40:51,"{""Status"": ""Open""}","{""Status"": ""Closed""}"
4074,Complaint,INSERT,187,2021-12-11 02:30:46,{},"{""Status"": ""Under Investigation""}"
4075,Case_Status,UPDATE,275,2020-10-02 08:56:49,"{""Status"": ""Open""}","{""Status"": ""Under Investigation""}"
4076,Accused,INSERT,83,2023-02-12 12:36:41,{},"{""Status"": ""Under Investigation""}"
4077,Evidence,INSERT,140,2021-08-27 12:04:30,{},"{""Status"": ""Under Investigation""}"
4078,Complaint,INSERT,270,2021-09-23 13:19:15,{},"{""Status"": ""Under Investigation""}"
4079,FIR_Accused,INSERT,45,2021-09-12 10:13:55,{},"{""Status"": ""Closed""}"
4080,FIR,INSERT,74,2021-12-11 18:04:55,{},"{""Status"": ""Under Investigation""}"
4081,Suspects,INSERT,26,2020-04-11 06:53:33,{},"{""Status"": ""Closed""}"
4082,Complaint,INSERT,266,2022-11-27 19:58:21,{},"{""Status"": ""Under Investigation""}"
4083,FIR,UPDATE,36,2023-12-30 22:45:08,"{""Status"": ""Open""}","{""Status"": ""Under Investigation""}"
4084,Accused,INSERT,203,2019-05-01 15:46:47,{},"{""Status"": ""Closed""}"
4085,Case_Status,UPDATE,119,2019-02-13 18:07:52,"{""Status"": ""Open""}","{""Status"": ""Under Investigation""}"
4086,FIR_Accused,INSERT,109,2020-07-22 08:17:51,{},"{""Status"": ""Under Investigation""}"
4087,FIR,INSERT,102,2019-03-28 09:08:25,{},"{""Status"": ""Under Investigation""}"
4088,Accused,INSERT,193,2020-10-21 15:44:42,{},"{""Status"": ""Under Investigation""}"
4089,Case_Status,UPDATE,202,2020-12-06 00:08:32,"{""Status"": ""Open""}","{""Status"": ""Under Investigation""}"
4090,Case_Status,UPDATE,262,2021-06-30 00:11:46,"{""Status"": ""Open""}","{""Status"": ""Under Investigation""}"
4091,Accused,INSERT,104,2022-08-12 21:55:34,{},"{""Status"": ""Under Investigation""}"
4092,Suspects,INSERT,111,2021-04-13 09:15:56,{},"{""Status"": ""Closed""}"
4093,Case_Status,UPDATE,188,2022-05-14 19:59:29,"{""Status"": ""Open""}","{""Status"": ""Under Investigation""}"
4094,FIR_Accused,INSERT,5,2022-11-05 16:05:59,{},"{""Status"": ""Closed""}"
4095,FIR_Accused,INSERT,71,2019-09-20 08:32:27,{},"{""Status"": ""Under Investigation""}"
4096,FIR_Accused,INSERT,76,2020-09-08 12:48:59,{},"{""Status"": ""Closed""}"
4097,FIR,UPDATE,253,2020-01-19 01:58:15,"{""Status"": ""Open""}","{""Status"": ""Under Investigation""}"
4098,FIR,UPDATE,263,2021-04-30 03:41:48,"{""Status"": ""Open""}","{""Status"": ""Closed""}"
4099,Accused,INSERT,233,2020-10-02 15:08:18,{},"{""Status"": ""Under Investigation""}"
4100,Complaint,INSERT,145,2021-03-19 16:23:16,{},"{""Status"": ""Closed""}"
4101,FIR,INSERT,266,2021-08-25 01:17:54,{},"{""Status"": ""Closed""}"
4102,Case_Status,UPDATE,82,2020-12-24 07:07:12,"{""Status"": ""Open""}","{""Status"": ""Under Investigation""}"
4103,Accused,INSERT,196,2022-02-20 01:00:40,{},"{""Status"": ""Under Investigation""}"
4104,Accused,INSERT,113,2022-11-13 23:10:02,{},"{""Status"": ""Closed""}"
4105,Complaint,INSERT,160,2021-12-13 20:33:23,{},"{""Status"": ""Under Investigation""}"
4106,Suspects,INSERT,35,2022-04-23 07:42:57,{},"{""Status"": ""Closed""}"
4107,Case_Status,UPDATE,40,2021-09-23 11:04:30,"{""Status"": ""Open""}","{""Status"": ""Under Investigation""}"
4108,FIR,UPDATE,131,2020-10-08 01:05:00,"{""Status"": ""Open""}","{""Status"": ""Closed""}"
4109,Suspects,INSERT,28,2020-02-08 16:50:09,{},"{""Status"": ""Under Investigation""}"
4110,Case_Status,UPDATE,50,2023-05-14 11:18:40,"{""Status"": ""Open""}","{""Status"": ""Under Investigation""}"
4111,Accused,INSERT,234,2022-02-16 11:50:01,{},"{""Status"": ""Under Investigation""}"
4112,Case_Status,UPDATE,105,2020-04-21 11:26:54,"{""Status"": ""Under Investigation""}","{""Status"": ""Under Investigation""}"
4113,FIR_Accused,INSERT,7,2020-12-21 23:17:25,{},"{""Status"": ""Under Investigation""}"
4114,Complaint,INSERT,71,2020-08-26 11:07:52,{},"{""Status"": ""Under Investigation""}"
4115,Evidence,INSERT,225,2023-09-13 11:06:24,{},"{""Status"": ""Closed""}"
4116,Evidence,INSERT,160,2022-05-27 01:38:33,{},"{""Status"": ""Closed""}"
4117,Suspects,INSERT,103,2020-04-01 16:05:57,{},"{""Status"": ""Under Investigation""}"
4118,FIR,INSERT,99,2022-09-01 06:14:17,{},"{""Status"": ""Under Investigation""}"
4119,FIR,UPDATE,225,2020-04-18 10:56:38,"{""Status"": ""Under Investigation""}","{""Status"": ""Under Investigation""}"
4120,Complaint,INSERT,104,2022-01-04 08:25:50,{},"{""Status"": ""Closed""}"
4121,FIR,INSERT,119,2021-07-05 16:43:28,{},"{""Status"": ""Under Investigation""}"
4122,FIR,INSERT,153,2021-12-04 19:35:14,{},"{""Status"": ""Closed""}"
4123,Evidence,INSERT,114,2023-05-10 01:15:35,{},"{""Status"": ""Under Investigation""}"
4124,FIR,UPDATE,170,2020-01-30 20:57:18,"{""Status"": ""Open""}","{""Status"": ""Under Investigation""}"
4125,Accused,INSERT,44,2022-04-23 10:33:58,{},"{""Status"": ""Under Investigation""}"
4126,FIR_Accused,INSERT,20,2023-01-15 03:35:17,{},"{""Status"": ""Under Investigation""}"
4127,Complaint,INSERT,261,2022-10-28 01:18:50,{},"{""Status"": ""Closed""}"
4128,Accused,INSERT,213,2022-06-17 07:54:56,{},"{""Status"": ""Under Investigation""}"
4129,Complaint,INSERT,124,2023-11-06 17:11:27,{},"{""Status"": ""Closed""}"
4130,FIR,UPDATE,224,2022-06-19 04:11:35,"{""Status"": ""Open""}","{""Status"": ""Closed""}"
4131,FIR_Accused,INSERT,215,2021-04-02 21:32:23,{},"{""Status"": ""Closed""}"
4132,Case_Status,UPDATE,32,2023-09-27 23:51:17,"{""Status"": ""Open""}","{""Status"": ""Closed""}"
4133,Suspects,INSERT,107,2021-12-09 15:21:09,{},"{""Status"": ""Closed""}"
4134,Evidence,INSERT,7,2019-06-05 08:13:24,{},"{""Status"": ""Under Investigation""}"
4135,FIR,INSERT,141,2019-12-16 11:58:23,{},"{""Status"": ""Under Investigation""}"
4136,Evidence,INSERT,55,2020-08-28 05:18:24,{},"{""Status"": ""Under Investigation""}"
4137,Accused,INSERT,26,2019-11-07 14:23:48,{},"{""Status"": ""Closed""}"
4138,Accused,INSERT,45,2019-08-20 20:57:00,{},"{""Status"": ""Closed""}"
4139,Case_Status,UPDATE,169,2022-10-08 02:03:53,"{""Status"": ""Under Investigation""}","{""Status"": ""Closed""}"
4140,Complaint,INSERT,120,2019-12-22 03:41:18,{},"{""Status"": ""Closed""}"
4141,Accused,INSERT,257,2019-09-28 14:31:22,{},"{""Status"": ""Under Investigation""}"
4142,FIR_Accused,INSERT,237,2022-11-09 04:51:47,{},"{""Status"": ""Under Investigation""}"
4143,Evidence,INSERT,22,2023-12-12 03:05:42,{},"{""Status"": ""Under Investigation""}"
4144,Evidence,INSERT,160,2019-01-20 04:42:48,{},"{""Status"": ""Closed""}"
4145,Suspects,INSERT,14,2023-06-12 08:24:47,{},"{""Status"": ""Under Investigation""}"
4146,Accused,INSERT,178,2020-04-01 00:06:58,{},"{""Status"": ""Closed""}"
4147,FIR,UPDATE,251,2022-02-28 09:32:22,"{""Status"": ""Under Investigation""}","{""Status"": ""Under Investigation""}"
4148,Case_Status,UPDATE,62,2023-09-30 03:37:35,"{""Status"": ""Under Investigation""}","{""Status"": ""Closed""}"
4149,Evidence,INSERT,24,2023-12-30 19:18:31,{},"{""Status"": ""Under Investigation""}"
4150,Evidence,INSERT,257,2022-10-05 08:51:26,{},"{""Status"": ""Under Investigation""}"
4151,FIR,INSERT,74,2021-03-22 07:47:19,{},"{""Status"": ""Closed""}"
4152,Accused,INSERT,201,2021-04-16 17:29:41,{},"{""Status"": ""Under Investigation""}"
4153,Case_Status,UPDATE,19,2022-04-11 19:12:48,"{""Status"": ""Under Investigation""}","{""Status"": ""Under Investigation""}"
4154,FIR,INSERT,253,2023-09-30 10:20:25,{},"{""Status"": ""Closed""}"
4155,FIR,INSERT,226,2022-01-10 23:36:15,{},"{""Status"": ""Under Investigation""}"
4156,Case_Status,UPDATE,76,2022-11-15 19:55:14,"{""Status"": ""Open""}","{""Status"": ""Under Investigation""}"
4157,FIR_Accused,INSERT,90,2020-03-08 16:17:08,{},"{""Status"": ""Under Investigation""}"
4158,Accused,INSERT,30,2019-03-13 19:03:58,{},"{""Status"": ""Closed""}"
4159,Complaint,INSERT,106,2023-08-05 11:17:42,{},"{""Status"": ""Under Investigation""}"
4160,FIR_Accused,INSERT,147,2022-09-26 14:20:37,{},"{""Status"": ""Under Investigation""}"
4161,Suspects,INSERT,261,2023-02-18 19:40:11,{},"{""Status"": ""Under Investigation""}"
4162,Evidence,INSERT,70,2021-09-08 12:40:29,{},"{""Status"": ""Closed""}"
4163,FIR,INSERT,122,2023-03-10 13:47:21,{},"{""Status"": ""Closed""}"
4164,Suspects,INSERT,208,2022-12-21 02:05:18,{},"{""Status"": ""Closed""}"
4165,Complaint,INSERT,156,2022-07-16 08:35:07,{},"{""Status"": ""Closed""}"
4166,Case_Status,UPDATE,184,2022-09-20 17:31:24,"{""Status"": ""Open""}","{""Status"": ""Under Investigation""}"
4167,FIR,INSERT,185,2023-06-17 06:24:20,{},"{""Status"": ""Closed""}"
4168,FIR_Accused,INSERT,272,2023-06-05 19:34:36,{},"{""Status"": ""Under Investigation""}"
4169,Complaint,INSERT,162,2022-07-24 17:56:07,{},"{""Status"": ""Under Investigation""}"
4170,Complaint,INSERT,163,2023-03-02 09:33:33,{},"{""Status"": ""Under Investigation""}"
4171,Suspects,INSERT,207,2022-03-20 15:21:50,{},"{""Status"": ""Closed""}"
4172,FIR,INSERT,195,2023-10-02 17:43:22,{},"{""Status"": ""Under Investigation""}"
4173,FIR,UPDATE,123,2023-04-15 22:32:48,"{""Status"": ""Under Investigation""}","{""Status"": ""Under Investigation""}"
4174,Evidence,INSERT,7,2019-05-11 02:07:41,{},"{""Status"": ""Closed""}"
4175,Complaint,INSERT,121,2022-12-11 14:06:00,{},"{""Status"": ""Closed""}"
4176,Accused,INSERT,48,2021-02-02 05:55:42,{},"{""Status"": ""Under Investigation""}"
4177,Evidence,INSERT,137,2019-04-21 18:26:14,{},"{""Status"": ""Under Investigation""}"
4178,FIR_Accused,INSERT,208,2020-12-24 10:08:50,{},"{""Status"": ""Under Investigation""}"
4179,Evidence,INSERT,244,2020-09-11 08:20:01,{},"{""Status"": ""Closed""}"
4180,Suspects,INSERT,154,2019-02-14 07:47:53,{},"{""Status"": ""Closed""}"
4181,Accused,INSERT,154,2020-01-10 19:08:16,{},"{""Status"": ""Under Investigation""}"
4182,FIR_Accused,INSERT,12,2022-07-04 05:23:24,{},"{""Status"": ""Closed""}"
4183,FIR_Accused,INSERT,137,2021-03-02 00:00:24,{},"{""Status"": ""Under Investigation""}"
4184,Complaint,INSERT,39,2020-10-10 18:40:43,{},"{""Status"": ""Closed""}"
4185,Case_Status,UPDATE,221,2021-03-25 15:12:43,"{""Status"": ""Under Investigation""}","{""Status"": ""Under Investigation""}"
4186,Complaint,INSERT,219,2021-02-03 10:59:44,{},"{""Status"": ""Closed""}"
4187,Case_Status,UPDATE,182,2021-11-11 15:35:59,"{""Status"": ""Open""}","{""Status"": ""Closed""}"
4188,Evidence,INSERT,202,2021-07-25 08:52:43,{},"{""Status"": ""Under Investigation""}"
4189,FIR,UPDATE,156,2019-09-30 00:57:32,"{""Status"": ""Under Investigation""}","{""Status"": ""Closed""}"
4190,Accused,INSERT,187,2022-05-15 02:31:01,{},"{""Status"": ""Under Investigation""}"
4191,FIR_Accused,INSERT,187,2019-07-28 02:02:04,{},"{""Status"": ""Closed""}"
4192,FIR,INSERT,203,2022-04-26 07:38:20,{},"{""Status"": ""Under Investigation""}"
4193,FIR,UPDATE,255,2019-07-03 07:29:19,"{""Status"": ""Under Investigation""}","{""Status"": ""Closed""}"
4194,Suspects,INSERT,240,2023-04-13 22:42:05,{},"{""Status"": ""Closed""}"
4195,Evidence,INSERT,55,2021-08-28 01:05:38,{},"{""Status"": ""Under Investigation""}"
4196,Accused,INSERT,229,2020-03-03 00:46:03,{},"{""Status"": ""Closed""}"
4197,Case_Status,UPDATE,206,2023-07-25 06:21:32,"{""Status"": ""Under Investigation""}","{""Status"": ""Under Investigation""}"
4198,Complaint,INSERT,227,2021-04-02 12:15:35,{},"{""Status"": ""Under Investigation""}"
4199,Evidence,INSERT,154,2020-11-27 18:37:20,{},"{""Status"": ""Under Investigation""}"
4200,FIR,UPDATE,37,2023-10-23 16:24:33,"{""Status"": ""Under Investigation""}","{""Status"": ""Under Investigation""}"
4201,Suspects,INSERT,230,2023-12-24 11:30:16,{},"{""Status"": ""Closed""}"
4202,Case_Status,UPDATE,102,2022-09-04 20:43:26,"{""Status"": ""Under Investigation""}","{""Status"": ""Under Investigation""}"
4203,FIR_Accused,INSERT,72,2019-07-30 19:51:15,{},"{""Status"": ""Closed""}"
4204,Accused,INSERT,263,2023-07-24 08:46:12,{},"{""Status"": ""Closed""}"
4205,Suspects,INSERT,236,2022-10-16 17:20:03,{},"{""Status"": ""Under Investigation""}"
4206,Accused,INSERT,135,2023-03-04 14:20:00,{},"{""Status"": ""Under Investigation""}"
4207,FIR,UPDATE,223,2020-11-25 20:54:45,"{""Status"": ""Under Investigation""}","{""Status"": ""Closed""}"
4208,Suspects,INSERT,201,2022-12-14 20:55:35,{},"{""Status"": ""Closed""}"
4209,FIR_Accused,INSERT,64,2023-01-08 20:39:47,{},"{""Status"": ""Under Investigation""}"
4210,Suspects,INSERT,69,2022-06-03 19:16:31,{},"{""Status"": ""Under Investigation""}"
4211,Evidence,INSERT,238,2019-11-14 18:59:18,{},"{""Status"": ""Closed""}"
4212,Evidence,INSERT,212,2022-04-06 12:03:51,{},"{""Status"": ""Under Investigation""}"
4213,Suspects,INSERT,83,2023-07-04 17:06:45,{},"{""Status"": ""Closed""}"
4214,Suspects,INSERT,36,2023-07-30 13:05:37,{},"{""Status"": ""Closed""}"
4215,FIR_Accused,INSERT,93,2019-05-26 15:49:52,{},"{""Status"": ""Closed""}"
4216,Case_Status,UPDATE,185,2020-06-01 16:23:04,"{""Status"": ""Under Investigation""}","{""Status"": ""Closed""}"
4217,FIR,UPDATE,86,2019-02-26 10:38:05,"{""Status"": ""Open""}","{""Status"": ""Under Investigation""}"
4218,Accused,INSERT,155,2023-05-03 12:23:50,{},"{""Status"": ""Under Investigation""}"
4219,Case_Status,UPDATE,221,2020-02-28 00:47:26,"{""Status"": ""Open""}","{""Status"": ""Closed""}"
4220,FIR_Accused,INSERT,144,2020-09-30 22:14:33,{},"{""Status"": ""Under Investigation""}"
4221,FIR,INSERT,107,2020-06-11 19:41:04,{},"{""Status"": ""Under Investigation""}"
4222,FIR_Accused,INSERT,271,2020-07-25 16:07:09,{},"{""Status"": ""Closed""}"
4223,Case_Status,UPDATE,245,2022-09-27 02:09:30,"{""Status"": ""Open""}","{""Status"": ""Closed""}"
4224,FIR,UPDATE,195,2019-03-06 03:47:18,"{""Status"": ""Under Investigation""}","{""Status"": ""Under Investigation""}"
4225,FIR,INSERT,162,2020-08-03 18:17:18,{},"{""Status"": ""Closed""}"
4226,FIR,INSERT,266,2021-05-11 02:16:35,{},"{""Status"": ""Under Investigation""}"
4227,FIR,INSERT,95,2023-03-05 15:37:12,{},"{""Status"": ""Closed""}"
4228,FIR,UPDATE,257,2021-07-08 12:30:54,"{""Status"": ""Under Investigation""}","{""Status"": ""Under Investigation""}"
4229,Case_Status,UPDATE,162,2022-01-01 16:36:42,"{""Status"": ""Open""}","{""Status"": ""Closed""}"
4230,Evidence,INSERT,269,2020-02-23 18:46:46,{},"{""Status"": ""Under Investigation""}"
4231,FIR,INSERT,198,2019-03-24 13:16:53,{},"{""Status"": ""Closed""}"
4232,Suspects,INSERT,241,2021-02-13 20:55:49,{},"{""Status"": ""Under Investigation""}"
4233,Suspects,INSERT,127,2022-11-26 18:24:49,{},"{""Status"": ""Under Investigation""}"
4234,Suspects,INSERT,235,2020-05-10 12:18:10,{},"{""Status"": ""Closed""}"
4235,Accused,INSERT,113,2021-07-12 00:06:55,{},"{""Status"": ""Under Investigation""}"
4236,Evidence,INSERT,207,2020-02-01 02:09:55,{},"{""Status"": ""Under Investigation""}"
4237,FIR,UPDATE,22,2019-01-30 04:51:40,"{""Status"": ""Open""}","{""Status"": ""Closed""}"
4238,Complaint,INSERT,275,2023-09-18 16:40:08,{},"{""Status"": ""Closed""}"
4239,Accused,INSERT,19,2021-11-12 08:00:28,{},"{""Status"": ""Closed""}"
4240,Complaint,INSERT,231,2021-11-02 12:40:46,{},"{""Status"": ""Under Investigation""}"
4241,FIR,UPDATE,274,2021-05-08 05:50:45,"{""Status"": ""Open""}","{""Status"": ""Closed""}"
4242,FIR_Accused,INSERT,5,2020-06-30 04:02:56,{},"{""Status"": ""Under Investigation""}"
4243,Evidence,INSERT,238,2020-09-22 11:12:35,{},"{""Status"": ""Closed""}"
4244,Evidence,INSERT,86,2021-12-08 21:38:51,{},"{""Status"": ""Under Investigation""}"
4245,FIR_Accused,INSERT,265,2020-11-07 15:16:53,{},"{""Status"": ""Under Investigation""}"
4246,Case_Status,UPDATE,109,2022-02-26 19:17:11,"{""Status"": ""Open""}","{""Status"": ""Under Investigation""}"
4247,FIR,INSERT,176,2019-12-23 04:31:43,{},"{""Status"": ""Under Investigation""}"
4248,Complaint,INSERT,220,2020-11-07 09:32:09,{},"{""Status"": ""Closed""}"
4249,Accused,INSERT,53,2021-03-17 02:04:40,{},"{""Status"": ""Closed""}"
4250,FIR,INSERT,180,2022-07-29 19:43:57,{},"{""Status"": ""Closed""}"
4251,Accused,INSERT,237,2023-09-05 16:55:38,{},"{""Status"": ""Under Investigation""}"
4252,Complaint,INSERT,85,2021-11-25 00:25:58,{},"{""Status"": ""Under Investigation""}"
4253,FIR,INSERT,157,2019-03-18 07:23:18,{},"{""Status"": ""Closed""}"
4254,FIR_Accused,INSERT,197,2019-01-01 09:48:46,{},"{""Status"": ""Under Investigation""}"
4255,Accused,INSERT,256,2019-01-10 19:40:37,{},"{""Status"": ""Closed""}"
4256,FIR,INSERT,93,2021-11-18 13:00:40,{},"{""Status"": ""Under Investigation""}"
4257,FIR,UPDATE,269,2020-11-08 22:46:47,"{""Status"": ""Open""}","{""Status"": ""Under Investigation""}"
4258,Evidence,INSERT,228,2021-09-14 06:56:42,{},"{""Status"": ""Closed""}"
4259,Evidence,INSERT,146,2023-02-23 23:56:59,{},"{""Status"": ""Under Investigation""}"
4260,Evidence,INSERT,141,2021-12-05 09:01:16,{},"{""Status"": ""Closed""}"
4261,FIR,INSERT,49,2019-11-16 21:13:43,{},"{""Status"": ""Under Investigation""}"
4262,Case_Status,UPDATE,65,2022-05-03 13:29:53,"{""Status"": ""Open""}","{""Status"": ""Closed""}"
4263,Accused,INSERT,140,2020-02-10 10:23:59,{},"{""Status"": ""Under Investigation""}"
4264,Evidence,INSERT,212,2023-02-02 10:21:45,{},"{""Status"": ""Under Investigation""}"
4265,FIR_Accused,INSERT,80,2019-06-24 06:57:35,{},"{""Status"": ""Under Investigation""}"
4266,Case_Status,UPDATE,122,2019-05-06 08:34:28,"{""Status"": ""Under Investigation""}","{""Status"": ""Under Investigation""}"
4267,Case_Status,UPDATE,85,2020-07-10 03:17:35,"{""Status"": ""Open""}","{""Status"": ""Under Investigation""}"
4268,FIR_Accused,INSERT,168,2019-08-31 18:22:38,{},"{""Status"": ""Closed""}"
4269,Accused,INSERT,85,2023-01-06 17:27:35,{},"{""Status"": ""Closed""}"
4270,Evidence,INSERT,201,2022-09-24 14:19:25,{},"{""Status"": ""Closed""}"
4271,Suspects,INSERT,229,2021-12-16 21:42:04,{},"{""Status"": ""Closed""}"
4272,Complaint,INSERT,2,2021-05-28 04:03:57,{},"{""Status"": ""Under Investigation""}"
4273,FIR,INSERT,238,2022-01-04 05:52:12,{},"{""Status"": ""Closed""}"
4274,FIR,UPDATE,213,2019-01-13 14:28:01,"{""Status"": ""Under Investigation""}","{""Status"": ""Under Investigation""}"
4275,Evidence,INSERT,180,2022-02-13 02:24:25,{},"{""Status"": ""Under Investigation""}"
4276,Accused,INSERT,253,2019-12-13 00:07:20,{},"{""Status"": ""Closed""}"
4277,Complaint,INSERT,171,2023-04-05 17:30:26,{},"{""Status"": ""Closed""}"
4278,FIR,INSERT,244,2020-04-04 06:32:32,{},"{""Status"": ""Under Investigation""}"
4279,Complaint,INSERT,20,2020-12-19 23:06:12,{},"{""Status"": ""Under Investigation""}"
4280,Evidence,INSERT,249,2021-01-09 14:33:22,{},"{""Status"": ""Closed""}"
4281,Complaint,INSERT,222,2020-08-12 07:11:16,{},"{""Status"": ""Under Investigation""}"
4282,Suspects,INSERT,232,2023-09-14 09:57:30,{},"{""Status"": ""Under Investigation""}"
4283,Suspects,INSERT,141,2020-12-14 00:22:47,{},"{""Status"": ""Under Investigation""}"
4284,Case_Status,UPDATE,137,2019-05-13 11:22:44,"{""Status"": ""Open""}","{""Status"": ""Under Investigation""}"
4285,FIR_Accused,INSERT,216,2023-02-16 21:41:28,{},"{""Status"": ""Under Investigation""}"
4286,FIR,UPDATE,275,2019-11-23 21:40:24,"{""Status"": ""Open""}","{""Status"": ""Closed""}"
4287,Suspects,INSERT,35,2022-07-04 01:24:48,{},"{""Status"": ""Under Investigation""}"
4288,Complaint,INSERT,160,2019-11-05 04:06:51,{},"{""Status"": ""Under Investigation""}"
4289,FIR,INSERT,61,2022-02-23 06:27:19,{},"{""Status"": ""Closed""}"
4290,Case_Status,UPDATE,163,2020-10-13 10:19:19,"{""Status"": ""Open""}","{""Status"": ""Under Investigation""}"
4291,FIR_Accused,INSERT,179,2023-02-20 04:22:02,{},"{""Status"": ""Closed""}"
4292,Complaint,INSERT,141,2021-07-23 09:32:41,{},"{""Status"": ""Under Investigation""}"
4293,FIR,UPDATE,263,2023-09-02 10:14:03,"{""Status"": ""Under Investigation""}","{""Status"": ""Closed""}"
4294,Evidence,INSERT,132,2022-07-06 15:22:44,{},"{""Status"": ""Closed""}"
4295,Complaint,INSERT,165,2023-09-19 09:45:51,{},"{""Status"": ""Closed""}"
4296,FIR,INSERT,228,2023-03-09 00:32:25,{},"{""Status"": ""Under Investigation""}"
4297,FIR,INSERT,43,2021-04-07 22:45:07,{},"{""Status"": ""Under Investigation""}"
4298,Suspects,INSERT,128,2022-02-20 00:58:13,{},"{""Status"": ""Closed""}"
4299,Suspects,INSERT,57,2023-06-24 14:36:29,{},"{""Status"": ""Under Investigation""}"
4300,FIR,INSERT,232,2022-03-19 03:43:55,{},"{""Status"": ""Under Investigation""}"
4301,FIR,UPDATE,52,2022-09-04 06:04:39,"{""Status"": ""Under Investigation""}","{""Status"": ""Under Investigation""}"
4302,Suspects,INSERT,234,2023-12-04 07:26:20,{},"{""Status"": ""Closed""}"
4303,FIR,INSERT,117,2022-01-21 17:16:58,{},"{""Status"": ""Closed""}"
4304,Evidence,INSERT,153,2022-01-03 20:44:37,{},"{""Status"": ""Under Investigation""}"
4305,FIR,UPDATE,196,2019-03-29 10:12:13,"{""Status"": ""Under Investigation""}","{""Status"": ""Closed""}"
4306,Case_Status,UPDATE,140,2020-03-04 20:46:54,"{""Status"": ""Under Investigation""}","{""Status"": ""Closed""}"
4307,FIR,INSERT,93,2019-06-16 00:07:58,{},"{""Status"": ""Under Investigation""}"
4308,FIR_Accused,INSERT,169,2022-05-24 07:16:53,{},"{""Status"": ""Closed""}"
4309,Complaint,INSERT,156,2023-08-24 19:18:25,{},"{""Status"": ""Under Investigation""}"
4310,FIR,INSERT,257,2019-12-16 01:07:16,{},"{""Status"": ""Closed""}"
4311,Case_Status,UPDATE,239,2019-12-21 00:22:08,"{""Status"": ""Open""}","{""Status"": ""Closed""}"
4312,FIR_Accused,INSERT,156,2023-07-23 07:02:51,{},"{""Status"": ""Closed""}"
4313,Evidence,INSERT,27,2021-02-09 08:02:03,{},"{""Status"": ""Closed""}"
4314,Accused,INSERT,161,2023-08-21 15:43:20,{},"{""Status"": ""Under Investigation""}"
4315,Evidence,INSERT,259,2023-06-02 15:29:41,{},"{""Status"": ""Closed""}"
4316,Suspects,INSERT,137,2021-04-26 15:05:54,{},"{""Status"": ""Closed""}"
4317,FIR,UPDATE,93,2023-11-18 08:46:45,"{""Status"": ""Open""}","{""Status"": ""Under Investigation""}"
4318,Case_Status,UPDATE,111,2021-12-01 21:00:39,"{""Status"": ""Open""}","{""Status"": ""Under Investigation""}"
4319,Suspects,INSERT,163,2022-07-27 21:02:47,{},"{""Status"": ""Under Investigation""}"
4320,Complaint,INSERT,223,2022-08-17 20:49:00,{},"{""Status"": ""Closed""}"
4321,FIR,INSERT,203,2020-01-10 20:35:02,{},"{""Status"": ""Closed""}"
4322,FIR_Accused,INSERT,262,2021-11-12 04:27:09,{},"{""Status"": ""Closed""}"
4323,FIR,INSERT,158,2022-11-27 15:37:19,{},"{""Status"": ""Under Investigation""}"
4324,FIR,INSERT,126,2023-05-21 03:23:40,{},"{""Status"": ""Under Investigation""}"
4325,Accused,INSERT,23,2020-02-08 21:54:50,{},"{""Status"": ""Closed""}"
4326,Suspects,INSERT,208,2019-08-30 10:17:35,{},"{""Status"": ""Closed""}"
4327,Evidence,INSERT,165,2021-05-04 23:06:52,{},"{""Status"": ""Closed""}"
4328,FIR,UPDATE,99,2022-07-29 03:25:19,"{""Status"": ""Under Investigation""}","{""Status"": ""Closed""}"
4329,FIR,UPDATE,261,2023-04-27 03:09:52,"{""Status"": ""Open""}","{""Status"": ""Under Investigation""}"
4330,Suspects,INSERT,14,2022-03-04 02:12:46,{},"{""Status"": ""Under Investigation""}"
4331,FIR,UPDATE,24,2022-08-11 04:09:13,"{""Status"": ""Open""}","{""Status"": ""Closed""}"
4332,FIR_Accused,INSERT,6,2023-09-13 23:21:43,{},"{""Status"": ""Under Investigation""}"
4333,Case_Status,UPDATE,75,2023-07-19 03:23:49,"{""Status"": ""Open""}","{""Status"": ""Closed""}"
4334,Suspects,INSERT,125,2022-07-25 20:25:56,{},"{""Status"": ""Closed""}"
4335,FIR,UPDATE,48,2020-09-25 16:47:32,"{""Status"": ""Under Investigation""}","{""Status"": ""Closed""}"
4336,Complaint,INSERT,223,2022-05-26 23:09:26,{},"{""Status"": ""Under Investigation""}"
4337,FIR_Accused,INSERT,50,2020-10-01 17:20:10,{},"{""Status"": ""Closed""}"
4338,Complaint,INSERT,86,2019-03-07 22:08:28,{},"{""Status"": ""Closed""}"
4339,FIR,UPDATE,247,2020-04-14 15:54:37,"{""Status"": ""Under Investigation""}","{""Status"": ""Closed""}"
4340,FIR,INSERT,1,2019-03-18 03:11:37,{},"{""Status"": ""Closed""}"
4341,Evidence,INSERT,82,2021-03-07 03:51:14,{},"{""Status"": ""Under Investigation""}"
4342,Case_Status,UPDATE,81,2021-03-26 07:19:01,"{""Status"": ""Under Investigation""}","{""Status"": ""Closed""}"
4343,FIR_Accused,INSERT,158,2023-05-29 04:57:19,{},"{""Status"": ""Under Investigation""}"
4344,Suspects,INSERT,150,2019-04-10 09:07:57,{},"{""Status"": ""Closed""}"
4345,Accused,INSERT,166,2023-07-04 19:04:16,{},"{""Status"": ""Under Investigation""}"
4346,Accused,INSERT,155,2020-05-21 02:32:45,{},"{""Status"": ""Under Investigation""}"
4347,Suspects,INSERT,164,2021-10-23 13:37:43,{},"{""Status"": ""Under Investigation""}"
4348,Accused,INSERT,147,2019-01-24 10:01:52,{},"{""Status"": ""Under Investigation""}"
4349,Complaint,INSERT,89,2019-05-17 12:37:26,{},"{""Status"": ""Under Investigation""}"
4350,Accused,INSERT,111,2019-12-04 21:52:57,{},"{""Status"": ""Closed""}"
4351,FIR,UPDATE,149,2019-02-02 06:18:47,"{""Status"": ""Under Investigation""}","{""Status"": ""Closed""}"
4352,FIR_Accused,INSERT,31,2022-04-13 07:00:49,{},"{""Status"": ""Closed""}"
4353,FIR_Accused,INSERT,59,2023-11-02 11:52:50,{},"{""Status"": ""Closed""}"
4354,Accused,INSERT,92,2019-08-13 07:24:44,{},"{""Status"": ""Under Investigation""}"
4355,Complaint,INSERT,19,2022-08-12 03:22:38,{},"{""Status"": ""Under Investigation""}"
4356,Suspects,INSERT,60,2022-09-11 19:11:28,{},"{""Status"": ""Under Investigation""}"
4357,Case_Status,UPDATE,60,2021-10-15 20:25:34,"{""Status"": ""Open""}","{""Status"": ""Closed""}"
4358,FIR_Accused,INSERT,163,2019-03-07 22:35:11,{},"{""Status"": ""Closed""}"
4359,Complaint,INSERT,83,2021-11-05 10:28:24,{},"{""Status"": ""Closed""}"
4360,Accused,INSERT,192,2020-04-02 21:26:40,{},"{""Status"": ""Closed""}"
4361,Suspects,INSERT,223,2019-08-03 20:23:19,{},"{""Status"": ""Closed""}"
4362,Complaint,INSERT,135,2022-01-06 02:32:59,{},"{""Status"": ""Under Investigation""}"
4363,Suspects,INSERT,59,2023-08-08 06:46:53,{},"{""Status"": ""Under Investigation""}"
4364,Complaint,INSERT,244,2019-08-25 06:09:31,{},"{""Status"": ""Closed""}"
4365,FIR,INSERT,255,2022-07-20 13:23:47,{},"{""Status"": ""Under Investigation""}"
4366,Accused,INSERT,275,2022-02-03 06:02:55,{},"{""Status"": ""Closed""}"
4367,FIR_Accused,INSERT,102,2020-06-26 22:44:56,{},"{""Status"": ""Under Investigation""}"
4368,Suspects,INSERT,70,2019-06-28 02:27:16,{},"{""Status"": ""Closed""}"
4369,Complaint,INSERT,174,2021-08-06 18:06:42,{},"{""Status"": ""Closed""}"
4370,Suspects,INSERT,29,2020-02-26 14:46:24,{},"{""Status"": ""Closed""}"
4371,FIR,UPDATE,196,2023-12-24 08:40:26,"{""Status"": ""Open""}","{""Status"": ""Closed""}"
4372,Evidence,INSERT,187,2021-01-01 08:35:41,{},"{""Status"": ""Under Investigation""}"
4373,Complaint,INSERT,60,2021-04-17 23:41:16,{},"{""Status"": ""Under Investigation""}"
4374,FIR_Accused,INSERT,151,2023-08-09 20:59:02,{},"{""Status"": ""Closed""}"
4375,Complaint,INSERT,21,2021-10-06 23:24:55,{},"{""Status"": ""Closed""}"
4376,Case_Status,UPDATE,80,2020-11-02 02:21:33,"{""Status"": ""Open""}","{""Status"": ""Under Investigation""}"
4377,Accused,INSERT,93,2019-11-02 18:58:07,{},"{""Status"": ""Under Investigation""}"
4378,FIR_Accused,INSERT,9,2020-04-21 17:39:54,{},"{""Status"": ""Under Investigation""}"
4379,Evidence,INSERT,92,2020-02-19 23:46:02,{},"{""Status"": ""Closed""}"
4380,Complaint,INSERT,207,2020-06-26 05:48:35,{},"{""Status"": ""Closed""}"
4381,Accused,INSERT,247,2021-11-21 08:21:35,{},"{""Status"": ""Under Investigation""}"
4382,FIR,UPDATE,50,2022-03-18 17:13:26,"{""Status"": ""Open""}","{""Status"": ""Under Investigation""}"
4383,Complaint,INSERT,118,2023-11-17 01:31:26,{},"{""Status"": ""Closed""}"
4384,Complaint,INSERT,3,2023-12-07 11:33:09,{},"{""Status"": ""Closed""}"
4385,Accused,INSERT,272,2019-02-15 23:44:55,{},"{""Status"": ""Closed""}"
4386,Suspects,INSERT,245,2023-09-19 04:56:55,{},"{""Status"": ""Under Investigation""}"
4387,FIR_Accused,INSERT,95,2019-03-16 11:35:10,{},"{""Status"": ""Under Investigation""}"
4388,FIR,UPDATE,178,2023-04-20 23:22:07,"{""Status"": ""Under Investigation""}","{""Status"": ""Under Investigation""}"
4389,FIR_Accused,INSERT,164,2022-06-12 06:32:56,{},"{""Status"": ""Closed""}"
4390,FIR_Accused,INSERT,55,2019-01-28 18:33:04,{},"{""Status"": ""Closed""}"
4391,Case_Status,UPDATE,28,2019-02-16 16:14:25,"{""Status"": ""Under Investigation""}","{""Status"": ""Closed""}"
4392,FIR,INSERT,141,2023-03-30 19:38:37,{},"{""Status"": ""Closed""}"
4393,Accused,INSERT,73,2019-02-12 13:34:11,{},"{""Status"": ""Closed""}"
4394,Suspects,INSERT,247,2019-02-15 02:54:07,{},"{""Status"": ""Under Investigation""}"
4395,Accused,INSERT,271,2019-07-07 02:33:54,{},"{""Status"": ""Under Investigation""}"
4396,Suspects,INSERT,70,2021-05-07 06:36:20,{},"{""Status"": ""Closed""}"
4397,Accused,INSERT,242,2023-04-01 02:07:17,{},"{""Status"": ""Under Investigation""}"
4398,Case_Status,UPDATE,5,2022-11-06 01:06:14,"{""Status"": ""Open""}","{""Status"": ""Under Investigation""}"
4399,FIR_Accused,INSERT,271,2023-08-06 11:36:04,{},"{""Status"": ""Under Investigation""}"
4400,Complaint,INSERT,145,2022-03-08 00:13:21,{},"{""Status"": ""Closed""}"
4401,FIR,INSERT,178,2019-12-22 19:23:39,{},"{""Status"": ""Under Investigation""}"
4402,FIR,INSERT,220,2020-07-27 08:28:29,{},"{""Status"": ""Under Investigation""}"
4403,Case_Status,UPDATE,52,2021-03-22 14:34:25,"{""Status"": ""Open""}","{""Status"": ""Under Investigation""}"
4404,Accused,INSERT,238,2020-07-25 07:27:23,{},"{""Status"": ""Under Investigation""}"
4405,FIR,INSERT,269,2019-03-22 04:03:32,{},"{""Status"": ""Closed""}"
4406,Suspects,INSERT,238,2019-06-14 10:57:26,{},"{""Status"": ""Under Investigation""}"
4407,Evidence,INSERT,225,2020-01-19 05:53:55,{},"{""Status"": ""Under Investigation""}"
4408,Case_Status,UPDATE,93,2022-03-10 08:14:07,"{""Status"": ""Under Investigation""}","{""Status"": ""Under Investigation""}"
4409,FIR_Accused,INSERT,113,2023-12-21 09:24:12,{},"{""Status"": ""Under Investigation""}"
4410,Evidence,INSERT,2,2019-01-14 20:47:14,{},"{""Status"": ""Closed""}"
4411,Complaint,INSERT,180,2021-09-17 20:27:13,{},"{""Status"": ""Under Investigation""}"
4412,Accused,INSERT,169,2023-11-26 06:54:24,{},"{""Status"": ""Under Investigation""}"
4413,FIR,INSERT,184,2019-09-03 02:44:16,{},"{""Status"": ""Closed""}"
4414,FIR,INSERT,256,2021-02-10 07:33:10,{},"{""Status"": ""Closed""}"
4415,FIR,INSERT,269,2020-01-16 09:47:06,{},"{""Status"": ""Under Investigation""}"
4416,FIR,INSERT,141,2019-11-11 09:04:27,{},"{""Status"": ""Closed""}"
4417,FIR,INSERT,22,2019-10-24 18:50:36,{},"{""Status"": ""Closed""}"
4418,Complaint,INSERT,273,2019-04-10 23:23:48,{},"{""Status"": ""Under Investigation""}"
4419,Evidence,INSERT,231,2021-07-01 16:42:34,{},"{""Status"": ""Under Investigation""}"
4420,Case_Status,UPDATE,173,2022-08-15 09:20:32,"{""Status"": ""Under Investigation""}","{""Status"": ""Closed""}"
4421,Case_Status,UPDATE,205,2023-02-11 15:21:49,"{""Status"": ""Open""}","{""Status"": ""Closed""}"
4422,FIR,INSERT,254,2023-10-01 14:03:18,{},"{""Status"": ""Under Investigation""}"
4423,Complaint,INSERT,235,2021-09-07 08:56:34,{},"{""Status"": ""Closed""}"
4424,Evidence,INSERT,220,2020-10-14 06:59:59,{},"{""Status"": ""Under Investigation""}"
4425,FIR_Accused,INSERT,71,2023-05-25 21:17:30,{},"{""Status"": ""Closed""}"
4426,FIR,UPDATE,24,2021-11-19 18:19:12,"{""Status"": ""Open""}","{""Status"": ""Under Investigation""}"
4427,Suspects,INSERT,130,2020-08-30 15:32:30,{},"{""Status"": ""Under Investigation""}"
4428,Accused,INSERT,10,2020-12-15 02:38:45,{},"{""Status"": ""Closed""}"
4429,FIR,UPDATE,52,2022-06-15 23:56:30,"{""Status"": ""Open""}","{""Status"": ""Under Investigation""}"
4430,Suspects,INSERT,138,2020-11-06 22:22:33,{},"{""Status"": ""Closed""}"
4431,Suspects,INSERT,190,2021-04-04 16:04:04,{},"{""Status"": ""Closed""}"
4432,FIR,UPDATE,199,2020-07-20 17:06:24,"{""Status"": ""Under Investigation""}","{""Status"": ""Closed""}"
4433,FIR,UPDATE,206,2020-08-28 08:20:18,"{""Status"": ""Open""}","{""Status"": ""Under Investigation""}"
4434,Accused,INSERT,129,2019-08-18 18:57:17,{},"{""Status"": ""Closed""}"
4435,Complaint,INSERT,182,2020-10-15 02:22:29,{},"{""Status"": ""Closed""}"
4436,FIR_Accused,INSERT,5,2019-02-22 02:54:34,{},"{""Status"": ""Under Investigation""}"
4437,Evidence,INSERT,260,2022-12-02 21:28:42,{},"{""Status"": ""Under Investigation""}"
4438,FIR,INSERT,77,2021-12-01 20:11:05,{},"{""Status"": ""Closed""}"
4439,Suspects,INSERT,50,2023-11-14 00:35:10,{},"{""Status"": ""Under Investigation""}"
4440,FIR,INSERT,272,2022-06-14 22:18:15,{},"{""Status"": ""Under Investigation""}"
4441,FIR,INSERT,47,2022-02-22 19:39:39,{},"{""Status"": ""Closed""}"
4442,FIR,UPDATE,163,2022-04-04 18:27:00,"{""Status"": ""Open""}","{""Status"": ""Closed""}"
4443,FIR,INSERT,22,2021-01-25 05:42:07,{},"{""Status"": ""Closed""}"
4444,FIR,UPDATE,141,2022-02-04 12:19:19,"{""Status"": ""Open""}","{""Status"": ""Under Investigation""}"
4445,Suspects,INSERT,167,2022-12-06 01:43:32,{},"{""Status"": ""Under Investigation""}"
4446,FIR_Accused,INSERT,171,2020-05-22 02:05:28,{},"{""Status"": ""Under Investigation""}"
4447,Accused,INSERT,102,2020-08-16 05:22:32,{},"{""Status"": ""Under Investigation""}"
4448,Suspects,INSERT,108,2021-10-24 09:28:13,{},"{""Status"": ""Under Investigation""}"
4449,Complaint,INSERT,1,2019-09-21 07:10:21,{},"{""Status"": ""Under Investigation""}"
4450,Suspects,INSERT,30,2023-09-02 20:57:32,{},"{""Status"": ""Closed""}"
4451,Suspects,INSERT,104,2022-11-02 17:18:48,{},"{""Status"": ""Under Investigation""}"
4452,Evidence,INSERT,62,2020-09-06 00:06:12,{},"{""Status"": ""Closed""}"
4453,Accused,INSERT,119,2019-02-24 11:21:07,{},"{""Status"": ""Under Investigation""}"
4454,FIR,INSERT,216,2020-08-28 06:08:59,{},"{""Status"": ""Closed""}"
4455,Suspects,INSERT,65,2023-11-03 05:21:56,{},"{""Status"": ""Under Investigation""}"
4456,FIR,UPDATE,6,2022-08-28 06:46:28,"{""Status"": ""Open""}","{""Status"": ""Under Investigation""}"
4457,Case_Status,UPDATE,58,2023-10-31 03:26:17,"{""Status"": ""Open""}","{""Status"": ""Under Investigation""}"
4458,FIR_Accused,INSERT,218,2020-05-31 18:52:44,{},"{""Status"": ""Closed""}"
4459,Evidence,INSERT,184,2022-10-13 06:13:11,{},"{""Status"": ""Closed""}"
4460,Suspects,INSERT,242,2021-05-17 02:39:51,{},"{""Status"": ""Under Investigation""}"
4461,Evidence,INSERT,230,2020-04-02 22:38:37,{},"{""Status"": ""Closed""}"
4462,Suspects,INSERT,24,2020-07-07 19:04:51,{},"{""Status"": ""Under Investigation""}"
4463,Case_Status,UPDATE,51,2022-10-03 23:53:02,"{""Status"": ""Under Investigation""}","{""Status"": ""Under Investigation""}"
4464,Evidence,INSERT,39,2019-06-20 00:25:56,{},"{""Status"": ""Under Investigation""}"
4465,Case_Status,UPDATE,219,2019-10-21 11:54:33,"{""Status"": ""Under Investigation""}","{""Status"": ""Under Investigation""}"
4466,Evidence,INSERT,237,2020-08-31 11:41:25,{},"{""Status"": ""Closed""}"
4467,Evidence,INSERT,242,2023-10-01 00:09:54,{},"{""Status"": ""Under Investigation""}"
4468,Complaint,INSERT,238,2022-08-12 01:24:34,{},"{""Status"": ""Under Investigation""}"
4469,FIR,INSERT,173,2020-12-05 23:11:54,{},"{""Status"": ""Closed""}"
4470,Case_Status,UPDATE,114,2021-11-30 02:14:41,"{""Status"": ""Open""}","{""Status"": ""Closed""}"
4471,Case_Status,UPDATE,175,2023-07-09 07:17:16,"{""Status"": ""Open""}","{""Status"": ""Closed""}"
4472,Case_Status,UPDATE,190,2019-03-08 05:16:19,"{""Status"": ""Open""}","{""Status"": ""Closed""}"
4473,Suspects,INSERT,182,2021-07-11 04:10:01,{},"{""Status"": ""Closed""}"
4474,FIR,UPDATE,100,2023-03-01 05:56:02,"{""Status"": ""Under Investigation""}","{""Status"": ""Closed""}"
4475,Suspects,INSERT,197,2022-06-10 21:10:51,{},"{""Status"": ""Under Investigation""}"
4476,FIR_Accused,INSERT,167,2022-10-11 20:14:49,{},"{""Status"": ""Under Investigation""}"
4477,Evidence,INSERT,270,2021-08-26 15:36:21,{},"{""Status"": ""Closed""}"
4478,Case_Status,UPDATE,217,2022-02-15 02:45:07,"{""Status"": ""Under Investigation""}","{""Status"": ""Under Investigation""}"
4479,Accused,INSERT,22,2021-08-13 10:18:41,{},"{""Status"": ""Closed""}"
4480,FIR,UPDATE,15,2022-10-26 10:43:23,"{""Status"": ""Open""}","{""Status"": ""Under Investigation""}"
4481,FIR_Accused,INSERT,1,2020-10-23 00:30:01,{},"{""Status"": ""Under Investigation""}"
4482,Case_Status,UPDATE,184,2021-05-13 19:20:03,"{""Status"": ""Under Investigation""}","{""Status"": ""Under Investigation""}"
4483,FIR,UPDATE,17,2023-09-05 07:40:30,"{""Status"": ""Open""}","{""Status"": ""Closed""}"
4484,FIR,INSERT,246,2020-10-05 13:33:30,{},"{""Status"": ""Closed""}"
4485,FIR,INSERT,190,2023-03-02 10:53:42,{},"{""Status"": ""Closed""}"
4486,Accused,INSERT,130,2020-03-07 06:47:20,{},"{""Status"": ""Under Investigation""}"
4487,FIR,UPDATE,199,2019-02-26 22:28:15,"{""Status"": ""Under Investigation""}","{""Status"": ""Under Investigation""}"
4488,Accused,INSERT,74,2023-08-21 21:58:00,{},"{""Status"": ""Under Investigation""}"
4489,Case_Status,UPDATE,50,2019-07-10 20:35:47,"{""Status"": ""Open""}","{""Status"": ""Under Investigation""}"
4490,Suspects,INSERT,120,2020-04-02 09:38:00,{},"{""Status"": ""Under Investigation""}"
4491,Accused,INSERT,88,2022-09-07 06:33:54,{},"{""Status"": ""Under Investigation""}"
4492,FIR_Accused,INSERT,77,2019-07-06 10:05:19,{},"{""Status"": ""Under Investigation""}"
4493,Evidence,INSERT,7,2023-03-25 13:31:29,{},"{""Status"": ""Under Investigation""}"
4494,FIR,UPDATE,8,2019-06-12 04:00:06,"{""Status"": ""Under Investigation""}","{""Status"": ""Closed""}"
4495,Evidence,INSERT,197,2021-10-04 13:29:19,{},"{""Status"": ""Under Investigation""}"
4496,Complaint,INSERT,139,2019-09-08 10:09:08,{},"{""Status"": ""Under Investigation""}"
4497,FIR,INSERT,49,2019-11-14 00:53:19,{},"{""Status"": ""Under Investigation""}"
4498,FIR,INSERT,95,2019-09-28 02:44:32,{},"{""Status"": ""Closed""}"
4499,FIR,INSERT,155,2023-09-21 14:53:07,{},"{""Status"": ""Under Investigation""}"
4500,FIR_Accused,INSERT,262,2021-05-18 12:58:43,{},"{""Status"": ""Under Investigation""}"
4501,Complaint,INSERT,271,2019-01-09 14:21:22,{},"{""Status"": ""Under Investigation""}"
4502,Complaint,INSERT,213,2022-04-04 11:58:51,{},"{""Status"": ""Closed""}"
4503,FIR_Accused,INSERT,205,2022-07-24 20:23:04,{},"{""Status"": ""Closed""}"
4504,Evidence,INSERT,130,2023-07-07 10:46:03,{},"{""Status"": ""Under Investigation""}"
4505,Suspects,INSERT,245,2020-06-23 13:14:15,{},"{""Status"": ""Under Investigation""}"
4506,Complaint,INSERT,67,2023-03-13 20:39:31,{},"{""Status"": ""Closed""}"
4507,Case_Status,UPDATE,73,2020-12-03 20:38:55,"{""Status"": ""Under Investigation""}","{""Status"": ""Under Investigation""}"
4508,Complaint,INSERT,78,2022-06-08 12:42:57,{},"{""Status"": ""Closed""}"
4509,FIR,UPDATE,265,2019-02-16 09:01:38,"{""Status"": ""Open""}","{""Status"": ""Under Investigation""}"
4510,Accused,INSERT,39,2023-10-20 10:00:06,{},"{""Status"": ""Closed""}"
4511,FIR,INSERT,129,2020-10-26 23:27:27,{},"{""Status"": ""Under Investigation""}"
4512,FIR,INSERT,192,2021-04-01 03:49:05,{},"{""Status"": ""Under Investigation""}"
4513,Accused,INSERT,137,2019-09-09 05:40:44,{},"{""Status"": ""Under Investigation""}"
4514,Evidence,INSERT,144,2021-04-23 14:39:19,{},"{""Status"": ""Closed""}"
4515,Accused,INSERT,159,2019-09-07 11:00:48,{},"{""Status"": ""Closed""}"
4516,Suspects,INSERT,53,2022-08-28 05:14:36,{},"{""Status"": ""Under Investigation""}"
4517,Accused,INSERT,171,2023-04-13 16:14:28,{},"{""Status"": ""Closed""}"
4518,Case_Status,UPDATE,265,2020-01-10 14:25:18,"{""Status"": ""Open""}","{""Status"": ""Under Investigation""}"
4519,FIR_Accused,INSERT,89,2019-05-16 00:53:31,{},"{""Status"": ""Under Investigation""}"
4520,FIR_Accused,INSERT,196,2023-10-17 01:52:10,{},"{""Status"": ""Closed""}"
4521,Evidence,INSERT,131,2021-04-23 13:46:17,{},"{""Status"": ""Closed""}"
4522,FIR,INSERT,200,2020-06-07 02:25:47,{},"{""Status"": ""Closed""}"
4523,FIR_Accused,INSERT,60,2021-10-11 21:46:46,{},"{""Status"": ""Under Investigation""}"
4524,FIR_Accused,INSERT,236,2019-09-26 07:52:28,{},"{""Status"": ""Under Investigation""}"
4525,Accused,INSERT,244,2019-03-13 22:43:11,{},"{""Status"": ""Closed""}"
4526,Complaint,INSERT,180,2019-12-25 22:26:15,{},"{""Status"": ""Under Investigation""}"
4527,Accused,INSERT,199,2019-10-05 16:54:05,{},"{""Status"": ""Closed""}"
4528,Complaint,INSERT,153,2021-07-28 05:37:45,{},"{""Status"": ""Closed""}"
4529,Case_Status,UPDATE,164,2021-10-18 20:35:19,"{""Status"": ""Open""}","{""Status"": ""Closed""}"
4530,FIR_Accused,INSERT,254,2022-09-06 12:31:31,{},"{""Status"": ""Under Investigation""}"
4531,Case_Status,UPDATE,137,2019-01-06 00:12:19,"{""Status"": ""Under Investigation""}","{""Status"": ""Under Investigation""}"
4532,FIR_Accused,INSERT,5,2022-12-12 18:55:34,{},"{""Status"": ""Closed""}"
4533,Accused,INSERT,42,2023-08-06 13:40:57,{},"{""Status"": ""Under Investigation""}"
4534,Accused,INSERT,138,2019-06-02 09:27:48,{},"{""Status"": ""Closed""}"
4535,Complaint,INSERT,128,2020-06-06 20:55:01,{},"{""Status"": ""Under Investigation""}"
4536,Accused,INSERT,92,2019-07-14 01:59:47,{},"{""Status"": ""Under Investigation""}"
4537,FIR,INSERT,48,2022-01-22 14:14:15,{},"{""Status"": ""Under Investigation""}"
4538,FIR,UPDATE,13,2019-05-06 21:30:06,"{""Status"": ""Open""}","{""Status"": ""Under Investigation""}"
4539,FIR,INSERT,251,2019-05-04 13:59:20,{},"{""Status"": ""Closed""}"
4540,Complaint,INSERT,250,2023-01-03 23:28:46,{},"{""Status"": ""Under Investigation""}"
4541,FIR,INSERT,121,2023-11-09 19:14:07,{},"{""Status"": ""Under Investigation""}"
4542,Accused,INSERT,217,2022-03-12 11:07:30,{},"{""Status"": ""Closed""}"
4543,FIR_Accused,INSERT,229,2021-02-14 20:35:57,{},"{""Status"": ""Under Investigation""}"
4544,Complaint,INSERT,57,2023-01-24 03:14:40,{},"{""Status"": ""Under Investigation""}"
4545,Suspects,INSERT,45,2019-03-18 16:55:32,{},"{""Status"": ""Closed""}"
4546,Suspects,INSERT,113,2021-06-21 15:25:40,{},"{""Status"": ""Closed""}"
4547,Suspects,INSERT,66,2023-01-28 19:39:55,{},"{""Status"": ""Closed""}"
4548,Evidence,INSERT,264,2020-08-07 19:07:23,{},"{""Status"": ""Under Investigation""}"
4549,Accused,INSERT,90,2021-10-20 12:08:17,{},"{""Status"": ""Under Investigation""}"
4550,FIR,INSERT,107,2020-05-22 03:16:44,{},"{""Status"": ""Closed""}"
4551,Evidence,INSERT,249,2022-07-01 13:02:34,{},"{""Status"": ""Closed""}"
4552,FIR,UPDATE,168,2022-10-22 19:52:29,"{""Status"": ""Under Investigation""}","{""Status"": ""Under Investigation""}"
4553,Case_Status,UPDATE,33,2023-04-12 17:49:49,"{""Status"": ""Under Investigation""}","{""Status"": ""Under Investigation""}"
4554,Case_Status,UPDATE,262,2020-02-07 07:32:48,"{""Status"": ""Open""}","{""Status"": ""Under Investigation""}"
4555,Case_Status,UPDATE,33,2020-01-01 17:53:21,"{""Status"": ""Open""}","{""Status"": ""Closed""}"
4556,Evidence,INSERT,265,2021-05-08 00:55:39,{},"{""Status"": ""Under Investigation""}"
4557,Evidence,INSERT,174,2020-07-24 23:22:35,{},"{""Status"": ""Under Investigation""}"
4558,Complaint,INSERT,112,2022-06-06 12:47:13,{},"{""Status"": ""Under Investigation""}"
4559,FIR,UPDATE,235,2021-08-03 15:14:11,"{""Status"": ""Open""}","{""Status"": ""Under Investigation""}"
4560,FIR_Accused,INSERT,4,2019-04-08 11:46:20,{},"{""Status"": ""Under Investigation""}"
4561,Accused,INSERT,229,2019-10-17 09:07:07,{},"{""Status"": ""Closed""}"
4562,Suspects,INSERT,102,2023-06-12 13:56:43,{},"{""Status"": ""Under Investigation""}"
4563,Complaint,INSERT,273,2022-01-06 19:32:25,{},"{""Status"": ""Closed""}"
4564,FIR,UPDATE,60,2019-07-07 00:56:46,"{""Status"": ""Under Investigation""}","{""Status"": ""Under Investigation""}"
4565,FIR_Accused,INSERT,137,2019-09-24 04:25:43,{},"{""Status"": ""Closed""}"
4566,FIR,UPDATE,66,2023-03-14 23:42:08,"{""Status"": ""Open""}","{""Status"": ""Closed""}"
4567,FIR_Accused,INSERT,259,2020-07-11 00:59:00,{},"{""Status"": ""Under Investigation""}"
4568,FIR,UPDATE,242,2020-06-15 11:01:06,"{""Status"": ""Under Investigation""}","{""Status"": ""Under Investigation""}"
4569,Case_Status,UPDATE,231,2020-12-06 20:38:01,"{""Status"": ""Under Investigation""}","{""Status"": ""Closed""}"
4570,Evidence,INSERT,46,2023-12-28 05:37:35,{},"{""Status"": ""Under Investigation""}"
4571,FIR,UPDATE,244,2023-05-28 18:13:24,"{""Status"": ""Open""}","{""Status"": ""Under Investigation""}"
4572,Accused,INSERT,194,2020-09-09 13:18:50,{},"{""Status"": ""Under Investigation""}"
4573,FIR_Accused,INSERT,177,2023-07-22 02:00:36,{},"{""Status"": ""Under Investigation""}"
4574,Case_Status,UPDATE,159,2023-05-31 14:56:49,"{""Status"": ""Under Investigation""}","{""Status"": ""Closed""}"
4575,Accused,INSERT,35,2023-12-29 12:53:14,{},"{""Status"": ""Closed""}"
4576,FIR_Accused,INSERT,84,2023-01-19 10:49:37,{},"{""Status"": ""Under Investigation""}"
4577,FIR,INSERT,135,2022-06-05 13:30:37,{},"{""Status"": ""Under Investigation""}"
4578,FIR,UPDATE,182,2023-05-20 12:17:58,"{""Status"": ""Open""}","{""Status"": ""Under Investigation""}"
4579,Accused,INSERT,210,2021-05-14 13:07:05,{},"{""Status"": ""Closed""}"
4580,FIR_Accused,INSERT,254,2019-10-20 09:32:57,{},"{""Status"": ""Closed""}"
4581,FIR,INSERT,54,2019-02-24 18:56:26,{},"{""Status"": ""Closed""}"
4582,Accused,INSERT,164,2021-09-19 13:10:13,{},"{""Status"": ""Closed""}"
4583,Suspects,INSERT,128,2022-03-27 12:34:53,{},"{""Status"": ""Closed""}"
4584,FIR,UPDATE,21,2019-03-24 03:44:38,"{""Status"": ""Under Investigation""}","{""Status"": ""Closed""}"
4585,Complaint,INSERT,145,2019-12-08 18:32:11,{},"{""Status"": ""Under Investigation""}"
4586,FIR,UPDATE,229,2023-06-08 19:05:03,"{""Status"": ""Under Investigation""}","{""Status"": ""Under Investigation""}"
4587,Case_Status,UPDATE,74,2020-09-13 17:20:06,"{""Status"": ""Under Investigation""}","{""Status"": ""Closed""}"
4588,Accused,INSERT,134,2020-03-11 00:38:05,{},"{""Status"": ""Closed""}"
4589,Case_Status,UPDATE,247,2023-04-04 04:11:27,"{""Status"": ""Under Investigation""}","{""Status"": ""Under Investigation""}"
4590,FIR_Accused,INSERT,264,2020-02-28 14:23:04,{},"{""Status"": ""Under Investigation""}"
4591,Evidence,INSERT,71,2022-02-05 11:10:10,{},"{""Status"": ""Closed""}"
4592,Case_Status,UPDATE,197,2021-08-01 22:09:40,"{""Status"": ""Under Investigation""}","{""Status"": ""Closed""}"
4593,Accused,INSERT,161,2023-01-24 12:54:42,{},"{""Status"": ""Under Investigation""}"
4594,FIR,UPDATE,104,2019-05-08 03:04:45,"{""Status"": ""Open""}","{""Status"": ""Closed""}"
4595,FIR,INSERT,117,2020-02-25 12:38:42,{},"{""Status"": ""Under Investigation""}"
4596,FIR_Accused,INSERT,103,2020-11-29 19:04:50,{},"{""Status"": ""Under Investigation""}"
4597,Case_Status,UPDATE,211,2019-04-25 06:43:55,"{""Status"": ""Under Investigation""}","{""Status"": ""Under Investigation""}"
4598,Complaint,INSERT,118,2020-12-09 22:08:55,{},"{""Status"": ""Under Investigation""}"
4599,Complaint,INSERT,149,2023-12-13 10:22:12,{},"{""Status"": ""Under Investigation""}"
4600,Complaint,INSERT,83,2021-05-24 15:29:11,{},"{""Status"": ""Under Investigation""}"
4601,Suspects,INSERT,224,2019-09-18 19:02:54,{},"{""Status"": ""Under Investigation""}"
4602,Case_Status,UPDATE,229,2020-08-24 00:34:15,"{""Status"": ""Open""}","{""Status"": ""Closed""}"
4603,Case_Status,UPDATE,150,2021-02-07 20:09:41,"{""Status"": ""Under Investigation""}","{""Status"": ""Closed""}"
4604,Suspects,INSERT,191,2020-06-20 06:43:23,{},"{""Status"": ""Closed""}"
4605,Case_Status,UPDATE,93,2023-10-29 19:16:06,"{""Status"": ""Open""}","{""Status"": ""Closed""}"
4606,Complaint,INSERT,179,2022-01-18 03:39:36,{},"{""Status"": ""Under Investigation""}"
4607,Accused,INSERT,243,2022-08-28 11:38:15,{},"{""Status"": ""Closed""}"
4608,FIR,INSERT,177,2021-06-06 16:59:54,{},"{""Status"": ""Under Investigation""}"
4609,FIR,UPDATE,68,2023-02-15 00:31:49,"{""Status"": ""Under Investigation""}","{""Status"": ""Under Investigation""}"
4610,FIR,INSERT,268,2021-08-21 02:01:44,{},"{""Status"": ""Closed""}"
4611,Case_Status,UPDATE,252,2020-05-03 01:12:18,"{""Status"": ""Under Investigation""}","{""Status"": ""Closed""}"
4612,Case_Status,UPDATE,90,2019-09-01 08:52:34,"{""Status"": ""Open""}","{""Status"": ""Under Investigation""}"
4613,FIR,INSERT,159,2021-09-14 01:45:18,{},"{""Status"": ""Under Investigation""}"
4614,Complaint,INSERT,202,2023-02-06 07:49:41,{},"{""Status"": ""Closed""}"
4615,Suspects,INSERT,6,2021-03-09 02:21:03,{},"{""Status"": ""Under Investigation""}"
4616,Accused,INSERT,204,2022-04-25 09:06:35,{},"{""Status"": ""Under Investigation""}"
4617,Evidence,INSERT,92,2023-01-19 18:58:45,{},"{""Status"": ""Under Investigation""}"
4618,Case_Status,UPDATE,20,2021-07-03 17:40:02,"{""Status"": ""Under Investigation""}","{""Status"": ""Under Investigation""}"
4619,Evidence,INSERT,123,2023-05-23 02:57:22,{},"{""Status"": ""Closed""}"
4620,Evidence,INSERT,41,2022-05-24 11:11:19,{},"{""Status"": ""Closed""}"
4621,FIR,UPDATE,218,2022-12-23 03:39:24,"{""Status"": ""Open""}","{""Status"": ""Under Investigation""}"
4622,FIR_Accused,INSERT,28,2020-02-10 20:19:16,{},"{""Status"": ""Under Investigation""}"
4623,FIR,UPDATE,119,2021-11-08 21:37:05,"{""Status"": ""Under Investigation""}","{""Status"": ""Closed""}"
4624,FIR,INSERT,262,2023-12-26 14:34:02,{},"{""Status"": ""Closed""}"
4625,FIR,UPDATE,96,2021-11-26 08:07:08,"{""Status"": ""Open""}","{""Status"": ""Under Investigation""}"
4626,Complaint,INSERT,34,2019-01-14 16:50:25,{},"{""Status"": ""Under Investigation""}"
4627,Case_Status,UPDATE,55,2020-08-19 14:24:37,"{""Status"": ""Under Investigation""}","{""Status"": ""Under Investigation""}"
4628,Evidence,INSERT,140,2020-11-10 19:37:26,{},"{""Status"": ""Closed""}"
4629,FIR,INSERT,136,2020-09-13 03:47:42,{},"{""Status"": ""Closed""}"
4630,Case_Status,UPDATE,162,2022-06-20 08:11:35,"{""Status"": ""Under Investigation""}","{""Status"": ""Under Investigation""}"
4631,Case_Status,UPDATE,207,2023-10-31 15:44:33,"{""Status"": ""Open""}","{""Status"": ""Under Investigation""}"
4632,Accused,INSERT,37,2022-04-02 22:49:04,{},"{""Status"": ""Closed""}"
4633,Complaint,INSERT,170,2019-02-18 11:33:02,{},"{""Status"": ""Closed""}"
4634,FIR,INSERT,83,2021-08-01 12:59:32,{},"{""Status"": ""Under Investigation""}"
4635,FIR,UPDATE,73,2022-04-01 10:50:44,"{""Status"": ""Under Investigation""}","{""Status"": ""Under Investigation""}"
4636,FIR,UPDATE,165,2019-09-05 00:30:23,"{""Status"": ""Open""}","{""Status"": ""Under Investigation""}"
4637,FIR,INSERT,61,2020-08-01 14:50:01,{},"{""Status"": ""Closed""}"
4638,Suspects,INSERT,163,2020-07-28 02:01:20,{},"{""Status"": ""Under Investigation""}"
4639,Accused,INSERT,23,2021-08-26 16:51:54,{},"{""Status"": ""Under Investigation""}"
4640,Accused,INSERT,100,2021-03-14 13:47:49,{},"{""Status"": ""Under Investigation""}"
4641,FIR,UPDATE,139,2022-08-15 01:29:46,"{""Status"": ""Open""}","{""Status"": ""Under Investigation""}"
4642,Evidence,INSERT,191,2019-08-16 23:27:19,{},"{""Status"": ""Under Investigation""}"
4643,Accused,INSERT,83,2019-09-11 09:38:23,{},"{""Status"": ""Under Investigation""}"
4644,Evidence,INSERT,149,2023-11-26 01:14:15,{},"{""Status"": ""Closed""}"
4645,Evidence,INSERT,273,2019-01-30 18:38:35,{},"{""Status"": ""Closed""}"
4646,FIR,UPDATE,57,2023-02-06 02:41:46,"{""Status"": ""Under Investigation""}","{""Status"": ""Closed""}"
4647,Suspects,INSERT,69,2021-12-02 23:24:06,{},"{""Status"": ""Under Investigation""}"
4648,Accused,INSERT,248,2023-04-21 13:05:55,{},"{""Status"": ""Under Investigation""}"
4649,Evidence,INSERT,220,2019-11-19 03:46:42,{},"{""Status"": ""Under Investigation""}"
4650,Case_Status,UPDATE,209,2019-04-04 14:05:59,"{""Status"": ""Under Investigation""}","{""Status"": ""Closed""}"
4651,FIR,INSERT,94,2019-07-19 19:41:55,{},"{""Status"": ""Closed""}"
4652,FIR_Accused,INSERT,194,2019-09-06 03:13:37,{},"{""Status"": ""Closed""}"
4653,Evidence,INSERT,192,2019-08-23 00:00:09,{},"{""Status"": ""Closed""}"
4654,Evidence,INSERT,163,2022-11-10 01:16:00,{},"{""Status"": ""Under Investigation""}"
4655,Suspects,INSERT,126,2022-03-18 23:41:54,{},"{""Status"": ""Closed""}"
4656,FIR_Accused,INSERT,162,2023-03-22 09:22:17,{},"{""Status"": ""Closed""}"
4657,FIR,INSERT,121,2019-05-10 15:16:42,{},"{""Status"": ""Under Investigation""}"
4658,FIR,UPDATE,155,2022-06-29 21:20:28,"{""Status"": ""Open""}","{""Status"": ""Closed""}"
4659,Complaint,INSERT,67,2021-04-25 05:58:51,{},"{""Status"": ""Closed""}"
4660,FIR,UPDATE,184,2023-03-04 17:36:48,"{""Status"": ""Open""}","{""Status"": ""Closed""}"
4661,Evidence,INSERT,122,2023-07-22 21:50:50,{},"{""Status"": ""Closed""}"
4662,FIR,UPDATE,105,2023-06-22 10:07:50,"{""Status"": ""Open""}","{""Status"": ""Closed""}"
4663,FIR,INSERT,165,2023-02-20 05:39:32,{},"{""Status"": ""Under Investigation""}"
4664,FIR_Accused,INSERT,49,2021-10-24 10:01:39,{},"{""Status"": ""Under Investigation""}"
4665,Complaint,INSERT,116,2019-04-30 16:57:40,{},"{""Status"": ""Closed""}"
4666,Accused,INSERT,189,2020-08-25 23:24:07,{},"{""Status"": ""Under Investigation""}"
4667,Evidence,INSERT,110,2019-02-22 05:20:28,{},"{""Status"": ""Under Investigation""}"
4668,Evidence,INSERT,253,2022-09-09 04:11:32,{},"{""Status"": ""Under Investigation""}"
4669,Accused,INSERT,42,2022-06-11 11:38:38,{},"{""Status"": ""Under Investigation""}"
4670,Evidence,INSERT,163,2023-10-15 17:00:22,{},"{""Status"": ""Closed""}"
4671,Accused,INSERT,155,2021-12-31 14:07:25,{},"{""Status"": ""Under Investigation""}"
4672,FIR_Accused,INSERT,61,2023-02-06 15:57:21,{},"{""Status"": ""Closed""}"
4673,Suspects,INSERT,242,2023-07-30 23:30:03,{},"{""Status"": ""Under Investigation""}"
4674,Case_Status,UPDATE,26,2021-07-14 09:39:51,"{""Status"": ""Under Investigation""}","{""Status"": ""Closed""}"
4675,Complaint,INSERT,95,2022-06-02 07:54:31,{},"{""Status"": ""Closed""}"
4676,Suspects,INSERT,127,2022-06-27 08:54:24,{},"{""Status"": ""Closed""}"
4677,Complaint,INSERT,101,2022-04-27 05:49:56,{},"{""Status"": ""Closed""}"
4678,Suspects,INSERT,151,2020-05-16 14:25:23,{},"{""Status"": ""Under Investigation""}"
4679,FIR_Accused,INSERT,80,2021-12-25 00:03:41,{},"{""Status"": ""Closed""}"
4680,FIR_Accused,INSERT,215,2020-11-26 14:30:48,{},"{""Status"": ""Under Investigation""}"
4681,Accused,INSERT,13,2022-06-08 08:15:06,{},"{""Status"": ""Closed""}"
4682,Case_Status,UPDATE,151,2019-06-18 20:48:32,"{""Status"": ""Under Investigation""}","{""Status"": ""Under Investigation""}"
4683,Suspects,INSERT,5,2022-04-24 05:41:52,{},"{""Status"": ""Under Investigation""}"
4684,Complaint,INSERT,120,2021-12-22 15:29:44,{},"{""Status"": ""Closed""}"
4685,Evidence,INSERT,54,2021-05-23 22:16:33,{},"{""Status"": ""Closed""}"
4686,Complaint,INSERT,13,2021-09-03 06:07:54,{},"{""Status"": ""Closed""}"
4687,Complaint,INSERT,265,2019-06-25 14:39:05,{},"{""Status"": ""Closed""}"
4688,Accused,INSERT,97,2020-04-30 13:20:14,{},"{""Status"": ""Under Investigation""}"
4689,Complaint,INSERT,56,2022-05-21 05:05:29,{},"{""Status"": ""Under Investigation""}"
4690,Case_Status,UPDATE,169,2020-04-01 14:20:39,"{""Status"": ""Open""}","{""Status"": ""Closed""}"
4691,Suspects,INSERT,150,2021-10-02 09:06:31,{},"{""Status"": ""Under Investigation""}"
4692,Complaint,INSERT,169,2019-10-31 10:58:04,{},"{""Status"": ""Under Investigation""}"
4693,Evidence,INSERT,54,2022-08-06 07:56:01,{},"{""Status"": ""Closed""}"
4694,FIR_Accused,INSERT,22,2023-02-15 15:35:22,{},"{""Status"": ""Under Investigation""}"
4695,FIR_Accused,INSERT,128,2022-12-24 15:35:17,{},"{""Status"": ""Closed""}"
4696,Evidence,INSERT,257,2019-09-16 02:45:04,{},"{""Status"": ""Closed""}"
4697,Evidence,INSERT,28,2022-08-06 13:02:46,{},"{""Status"": ""Closed""}"
4698,FIR_Accused,INSERT,249,2023-05-03 20:34:35,{},"{""Status"": ""Closed""}"
4699,Case_Status,UPDATE,30,2020-07-15 21:48:24,"{""Status"": ""Under Investigation""}","{""Status"": ""Under Investigation""}"
4700,FIR,INSERT,214,2019-09-01 21:12:54,{},"{""Status"": ""Closed""}"
4701,Complaint,INSERT,121,2020-11-09 21:05:42,{},"{""Status"": ""Under Investigation""}"
4702,Complaint,INSERT,194,2020-06-23 19:54:40,{},"{""Status"": ""Closed""}"
4703,Evidence,INSERT,47,2019-01-17 17:07:10,{},"{""Status"": ""Under Investigation""}"
4704,Suspects,INSERT,87,2022-06-10 12:30:06,{},"{""Status"": ""Closed""}"
4705,Evidence,INSERT,240,2021-09-27 04:46:16,{},"{""Status"": ""Under Investigation""}"
4706,FIR,UPDATE,197,2019-07-04 13:18:41,"{""Status"": ""Open""}","{""Status"": ""Closed""}"
4707,Evidence,INSERT,263,2023-01-30 18:49:46,{},"{""Status"": ""Closed""}"
4708,Complaint,INSERT,61,2022-03-03 14:19:29,{},"{""Status"": ""Closed""}"
4709,Evidence,INSERT,88,2021-10-17 18:03:49,{},"{""Status"": ""Closed""}"
4710,Suspects,INSERT,6,2019-09-30 13:35:40,{},"{""Status"": ""Closed""}"
4711,Suspects,INSERT,148,2021-05-26 08:14:38,{},"{""Status"": ""Closed""}"
4712,FIR_Accused,INSERT,148,2023-04-02 11:27:22,{},"{""Status"": ""Under Investigation""}"
4713,Suspects,INSERT,8,2020-07-10 22:51:58,{},"{""Status"": ""Closed""}"
4714,FIR_Accused,INSERT,229,2019-06-08 06:16:03,{},"{""Status"": ""Closed""}"
4715,FIR,UPDATE,100,2019-01-25 06:43:36,"{""Status"": ""Under Investigation""}","{""Status"": ""Closed""}"
4716,FIR,INSERT,257,2022-12-20 11:23:17,{},"{""Status"": ""Under Investigation""}"
4717,Accused,INSERT,196,2021-04-02 14:03:30,{},"{""Status"": ""Closed""}"
4718,Evidence,INSERT,8,2020-04-09 14:43:30,{},"{""Status"": ""Closed""}"
4719,Accused,INSERT,166,2019-06-25 21:22:09,{},"{""Status"": ""Closed""}"
4720,Evidence,INSERT,161,2023-08-04 08:53:18,{},"{""Status"": ""Under Investigation""}"
4721,FIR,UPDATE,270,2023-04-16 15:29:57,"{""Status"": ""Open""}","{""Status"": ""Under Investigation""}"
4722,FIR_Accused,INSERT,27,2023-12-29 10:25:47,{},"{""Status"": ""Closed""}"
4723,Accused,INSERT,39,2020-05-13 01:03:01,{},"{""Status"": ""Under Investigation""}"
4724,Evidence,INSERT,26,2020-05-23 00:48:43,{},"{""Status"": ""Under Investigation""}"
4725,FIR,UPDATE,76,2019-03-18 10:37:30,"{""Status"": ""Under Investigation""}","{""Status"": ""Closed""}"
4726,Accused,INSERT,30,2023-10-14 22:12:00,{},"{""Status"": ""Under Investigation""}"
4727,FIR_Accused,INSERT,219,2020-07-21 15:58:29,{},"{""Status"": ""Closed""}"
4728,FIR,INSERT,35,2020-03-20 23:58:02,{},"{""Status"": ""Under Investigation""}"
4729,FIR_Accused,INSERT,259,2019-05-24 00:22:46,{},"{""Status"": ""Under Investigation""}"
4730,Accused,INSERT,272,2019-03-25 21:32:48,{},"{""Status"": ""Closed""}"
4731,FIR,INSERT,63,2019-12-21 08:16:15,{},"{""Status"": ""Under Investigation""}"
4732,FIR_Accused,INSERT,67,2019-12-19 00:09:04,{},"{""Status"": ""Under Investigation""}"
4733,Accused,INSERT,52,2021-07-16 02:07:21,{},"{""Status"": ""Closed""}"
4734,Evidence,INSERT,133,2021-10-30 10:57:37,{},"{""Status"": ""Under Investigation""}"
4735,Complaint,INSERT,207,2019-03-27 12:42:12,{},"{""Status"": ""Closed""}"
4736,Complaint,INSERT,85,2019-10-04 15:10:37,{},"{""Status"": ""Closed""}"
4737,FIR,INSERT,145,2021-09-24 09:34:55,{},"{""Status"": ""Under Investigation""}"
4738,Case_Status,UPDATE,144,2022-03-10 04:39:26,"{""Status"": ""Open""}","{""Status"": ""Closed""}"
4739,Accused,INSERT,166,2021-11-13 01:50:04,{},"{""Status"": ""Closed""}"
4740,Accused,INSERT,86,2019-01-01 15:07:37,{},"{""Status"": ""Under Investigation""}"
4741,Evidence,INSERT,26,2021-06-21 13:21:10,{},"{""Status"": ""Closed""}"
4742,Complaint,INSERT,151,2021-11-12 14:13:10,{},"{""Status"": ""Under Investigation""}"
4743,FIR,INSERT,13,2019-12-06 00:01:31,{},"{""Status"": ""Under Investigation""}"
4744,Complaint,INSERT,245,2023-11-05 22:36:42,{},"{""Status"": ""Closed""}"
4745,FIR,INSERT,145,2023-03-10 04:59:42,{},"{""Status"": ""Closed""}"
4746,FIR_Accused,INSERT,36,2019-01-30 07:46:12,{},"{""Status"": ""Closed""}"
4747,Accused,INSERT,143,2020-12-22 03:32:01,{},"{""Status"": ""Under Investigation""}"
4748,Case_Status,UPDATE,25,2022-03-20 05:46:54,"{""Status"": ""Open""}","{""Status"": ""Closed""}"
4749,FIR,UPDATE,13,2023-03-04 06:40:07,"{""Status"": ""Under Investigation""}","{""Status"": ""Closed""}"
4750,Complaint,INSERT,130,2023-04-27 01:44:45,{},"{""Status"": ""Closed""}"
4751,FIR,UPDATE,250,2021-03-03 19:01:27,"{""Status"": ""Under Investigation""}","{""Status"": ""Under Investigation""}"
4752,FIR,INSERT,18,2020-11-04 00:26:27,{},"{""Status"": ""Closed""}"
4753,Suspects,INSERT,62,2021-05-13 14:20:35,{},"{""Status"": ""Closed""}"
4754,FIR_Accused,INSERT,170,2022-03-26 09:03:34,{},"{""Status"": ""Closed""}"
4755,FIR,UPDATE,246,2020-12-03 12:52:16,"{""Status"": ""Open""}","{""Status"": ""Under Investigation""}"
4756,Suspects,INSERT,44,2023-11-24 15:27:05,{},"{""Status"": ""Closed""}"
4757,FIR_Accused,INSERT,128,2023-10-29 11:51:05,{},"{""Status"": ""Closed""}"
4758,Evidence,INSERT,240,2020-11-04 05:33:09,{},"{""Status"": ""Closed""}"
4759,FIR,INSERT,8,2022-06-15 18:42:03,{},"{""Status"": ""Under Investigation""}"
4760,Evidence,INSERT,165,2020-11-04 14:24:41,{},"{""Status"": ""Closed""}"
4761,FIR_Accused,INSERT,144,2019-09-27 13:28:19,{},"{""Status"": ""Closed""}"
4762,Suspects,INSERT,207,2023-04-17 01:55:17,{},"{""Status"": ""Closed""}"
4763,Complaint,INSERT,230,2023-09-08 22:51:54,{},"{""Status"": ""Under Investigation""}"
4764,Accused,INSERT,261,2022-06-22 03:37:19,{},"{""Status"": ""Under Investigation""}"
4765,FIR_Accused,INSERT,206,2022-12-24 22:44:03,{},"{""Status"": ""Closed""}"
4766,FIR,UPDATE,15,2022-01-24 06:14:30,"{""Status"": ""Under Investigation""}","{""Status"": ""Under Investigation""}"
4767,Accused,INSERT,64,2023-11-13 20:39:28,{},"{""Status"": ""Under Investigation""}"
4768,FIR_Accused,INSERT,137,2022-05-04 03:01:00,{},"{""Status"": ""Closed""}"
4769,Accused,INSERT,53,2023-12-09 16:06:46,{},"{""Status"": ""Under Investigation""}"
4770,FIR_Accused,INSERT,127,2023-05-03 17:11:29,{},"{""Status"": ""Closed""}"
4771,FIR,INSERT,137,2022-12-28 07:52:12,{},"{""Status"": ""Closed""}"
4772,Complaint,INSERT,161,2019-03-23 22:51:01,{},"{""Status"": ""Under Investigation""}"
4773,FIR,UPDATE,96,2023-10-20 12:33:35,"{""Status"": ""Open""}","{""Status"": ""Closed""}"
4774,Case_Status,UPDATE,112,2022-05-29 00:01:50,"{""Status"": ""Under Investigation""}","{""Status"": ""Under Investigation""}"
4775,Complaint,INSERT,247,2022-10-08 20:15:42,{},"{""Status"": ""Closed""}"
4776,Case_Status,UPDATE,267,2020-01-26 13:04:23,"{""Status"": ""Under Investigation""}","{""Status"": ""Closed""}"
4777,Evidence,INSERT,226,2019-01-18 05:20:53,{},"{""Status"": ""Closed""}"
4778,FIR,UPDATE,22,2022-03-12 05:04:24,"{""Status"": ""Under Investigation""}","{""Status"": ""Under Investigation""}"
4779,FIR_Accused,INSERT,258,2020-10-02 11:06:17,{},"{""Status"": ""Closed""}"
4780,Case_Status,UPDATE,104,2019-08-26 22:52:24,"{""Status"": ""Open""}","{""Status"": ""Under Investigation""}"
4781,Evidence,INSERT,30,2022-12-01 01:09:58,{},"{""Status"": ""Under Investigation""}"
4782,FIR,INSERT,24,2020-06-28 16:04:00,{},"{""Status"": ""Closed""}"
4783,FIR,UPDATE,59,2020-12-30 20:27:10,"{""Status"": ""Under Investigation""}","{""Status"": ""Under Investigation""}"
4784,Evidence,INSERT,144,2019-03-31 20:52:53,{},"{""Status"": ""Closed""}"
4785,FIR,INSERT,207,2021-08-17 06:52:28,{},"{""Status"": ""Under Investigation""}"
4786,Complaint,INSERT,132,2023-02-10 07:45:48,{},"{""Status"": ""Under Investigation""}"
4787,Suspects,INSERT,49,2022-10-07 00:44:26,{},"{""Status"": ""Under Investigation""}"
4788,FIR_Accused,INSERT,37,2023-10-12 04:05:37,{},"{""Status"": ""Under Investigation""}"
4789,Suspects,INSERT,249,2021-02-15 14:44:31,{},"{""Status"": ""Closed""}"
4790,Case_Status,UPDATE,150,2020-03-27 00:05:25,"{""Status"": ""Open""}","{""Status"": ""Closed""}"
4791,FIR,UPDATE,40,2023-09-17 12:52:34,"{""Status"": ""Under Investigation""}","{""Status"": ""Closed""}"
4792,FIR,INSERT,152,2022-05-02 03:08:37,{},"{""Status"": ""Closed""}"
4793,FIR,UPDATE,115,2021-06-28 17:26:31,"{""Status"": ""Under Investigation""}","{""Status"": ""Under Investigation""}"
4794,Complaint,INSERT,16,2023-08-09 06:29:30,{},"{""Status"": ""Under Investigation""}"
4795,Suspects,INSERT,102,2019-01-09 15:45:24,{},"{""Status"": ""Closed""}"
4796,Case_Status,UPDATE,260,2019-04-29 13:47:28,"{""Status"": ""Under Investigation""}","{""Status"": ""Under Investigation""}"
4797,FIR,INSERT,138,2023-11-18 11:27:50,{},"{""Status"": ""Closed""}"
4798,Complaint,INSERT,137,2019-02-13 15:01:16,{},"{""Status"": ""Closed""}"
4799,FIR,INSERT,63,2022-08-05 18:17:09,{},"{""Status"": ""Closed""}"
4800,FIR_Accused,INSERT,256,2023-07-23 16:06:22,{},"{""Status"": ""Under Investigation""}"
4801,FIR_Accused,INSERT,134,2023-10-04 20:39:36,{},"{""Status"": ""Under Investigation""}"
4802,Evidence,INSERT,70,2022-03-07 00:44:25,{},"{""Status"": ""Closed""}"
4803,Case_Status,UPDATE,200,2020-10-18 12:55:02,"{""Status"": ""Open""}","{""Status"": ""Closed""}"
4804,FIR,UPDATE,120,2021-03-22 22:04:52,"{""Status"": ""Open""}","{""Status"": ""Closed""}"
4805,FIR,INSERT,205,2021-05-22 02:29:25,{},"{""Status"": ""Closed""}"
4806,Complaint,INSERT,228,2019-11-16 08:05:52,{},"{""Status"": ""Under Investigation""}"
4807,FIR_Accused,INSERT,72,2023-09-12 20:32:19,{},"{""Status"": ""Closed""}"
4808,Evidence,INSERT,266,2020-02-25 09:38:36,{},"{""Status"": ""Closed""}"
4809,Suspects,INSERT,102,2019-09-09 07:57:04,{},"{""Status"": ""Under Investigation""}"
4810,FIR,UPDATE,259,2022-03-16 10:54:40,"{""Status"": ""Open""}","{""Status"": ""Under Investigation""}"
4811,Suspects,INSERT,238,2020-03-15 15:31:06,{},"{""Status"": ""Closed""}"
4812,Evidence,INSERT,19,2021-03-16 20:55:04,{},"{""Status"": ""Closed""}"
4813,Case_Status,UPDATE,179,2022-11-03 23:07:45,"{""Status"": ""Under Investigation""}","{""Status"": ""Under Investigation""}"
4814,FIR,INSERT,128,2022-08-05 01:55:12,{},"{""Status"": ""Under Investigation""}"
4815,Accused,INSERT,134,2019-11-05 07:22:37,{},"{""Status"": ""Closed""}"
4816,Accused,INSERT,212,2022-11-25 14:27:26,{},"{""Status"": ""Closed""}"
4817,FIR_Accused,INSERT,137,2020-07-03 02:10:57,{},"{""Status"": ""Closed""}"
4818,FIR_Accused,INSERT,145,2022-01-26 15:37:56,{},"{""Status"": ""Closed""}"
4819,FIR_Accused,INSERT,108,2021-08-23 03:55:45,{},"{""Status"": ""Under Investigation""}"
4820,Suspects,INSERT,1,2022-03-28 15:26:08,{},"{""Status"": ""Closed""}"
4821,FIR_Accused,INSERT,191,2021-10-23 23:56:46,{},"{""Status"": ""Closed""}"
4822,Evidence,INSERT,251,2023-10-16 06:48:31,{},"{""Status"": ""Under Investigation""}"
4823,Accused,INSERT,221,2021-07-19 21:29:33,{},"{""Status"": ""Under Investigation""}"
4824,FIR_Accused,INSERT,189,2020-05-24 12:22:11,{},"{""Status"": ""Closed""}"
4825,FIR,UPDATE,259,2020-07-24 23:08:37,"{""Status"": ""Under Investigation""}","{""Status"": ""Under Investigation""}"
4826,Evidence,INSERT,171,2023-10-03 06:59:11,{},"{""Status"": ""Under Investigation""}"
4827,FIR,UPDATE,5,2022-06-04 03:08:35,"{""Status"": ""Under Investigation""}","{""Status"": ""Under Investigation""}"
4828,FIR,INSERT,222,2022-12-18 04:27:49,{},"{""Status"": ""Closed""}"
4829,Accused,INSERT,45,2020-09-09 23:40:54,{},"{""Status"": ""Closed""}"
4830,Accused,INSERT,187,2019-02-18 00:17:20,{},"{""Status"": ""Closed""}"
4831,Complaint,INSERT,8,2023-06-22 21:09:21,{},"{""Status"": ""Closed""}"
4832,Suspects,INSERT,174,2019-10-07 10:26:34,{},"{""Status"": ""Closed""}"
4833,FIR,INSERT,241,2023-02-08 18:26:56,{},"{""Status"": ""Under Investigation""}"
4834,Accused,INSERT,29,2020-02-04 06:13:47,{},"{""Status"": ""Closed""}"
4835,FIR,INSERT,108,2023-09-15 05:18:03,{},"{""Status"": ""Closed""}"
4836,Case_Status,UPDATE,6,2021-05-09 03:30:30,"{""Status"": ""Open""}","{""Status"": ""Under Investigation""}"
4837,Case_Status,UPDATE,265,2020-12-25 15:36:04,"{""Status"": ""Open""}","{""Status"": ""Closed""}"
4838,FIR,UPDATE,71,2022-08-14 22:59:00,"{""Status"": ""Under Investigation""}","{""Status"": ""Under Investigation""}"
4839,Case_Status,UPDATE,143,2019-06-13 06:25:04,"{""Status"": ""Under Investigation""}","{""Status"": ""Under Investigation""}"
4840,Case_Status,UPDATE,247,2021-10-07 03:34:40,"{""Status"": ""Open""}","{""Status"": ""Under Investigation""}"
4841,Suspects,INSERT,43,2023-02-14 04:02:47,{},"{""Status"": ""Under Investigation""}"
4842,Suspects,INSERT,55,2019-11-10 20:21:46,{},"{""Status"": ""Under Investigation""}"
4843,FIR,UPDATE,15,2020-02-05 13:31:29,"{""Status"": ""Open""}","{""Status"": ""Closed""}"
4844,Complaint,INSERT,272,2019-10-10 03:27:17,{},"{""Status"": ""Closed""}"
4845,Case_Status,UPDATE,29,2022-06-23 23:56:55,"{""Status"": ""Open""}","{""Status"": ""Closed""}"
4846,FIR,UPDATE,182,2019-08-19 14:05:01,"{""Status"": ""Open""}","{""Status"": ""Closed""}"
4847,FIR,INSERT,164,2021-02-28 09:30:20,{},"{""Status"": ""Under Investigation""}"
4848,FIR_Accused,INSERT,49,2021-09-19 19:10:39,{},"{""Status"": ""Under Investigation""}"
4849,FIR_Accused,INSERT,234,2022-09-04 18:36:56,{},"{""Status"": ""Closed""}"
4850,Accused,INSERT,139,2021-08-31 05:41:30,{},"{""Status"": ""Closed""}"
4851,Case_Status,UPDATE,128,2019-06-29 20:33:00,"{""Status"": ""Open""}","{""Status"": ""Under Investigation""}"
4852,FIR,UPDATE,264,2020-06-20 13:56:49,"{""Status"": ""Under Investigation""}","{""Status"": ""Under Investigation""}"
4853,FIR,UPDATE,69,2023-06-14 10:52:02,"{""Status"": ""Open""}","{""Status"": ""Closed""}"
4854,FIR_Accused,INSERT,209,2020-11-23 00:11:56,{},"{""Status"": ""Under Investigation""}"
4855,Complaint,INSERT,54,2022-06-13 04:26:06,{},"{""Status"": ""Under Investigation""}"
4856,Complaint,INSERT,146,2020-03-05 02:17:17,{},"{""Status"": ""Closed""}"
4857,Case_Status,UPDATE,236,2023-04-06 22:09:38,"{""Status"": ""Open""}","{""Status"": ""Under Investigation""}"
4858,Case_Status,UPDATE,78,2021-11-11 07:00:13,"{""Status"": ""Open""}","{""Status"": ""Under Investigation""}"
4859,Evidence,INSERT,124,2019-11-12 22:48:10,{},"{""Status"": ""Under Investigation""}"
4860,Evidence,INSERT,238,2023-09-04 06:03:33,{},"{""Status"": ""Under Investigation""}"
4861,Accused,INSERT,223,2020-07-29 08:13:48,{},"{""Status"": ""Closed""}"
4862,Complaint,INSERT,239,2020-04-07 18:32:45,{},"{""Status"": ""Under Investigation""}"
4863,Complaint,INSERT,225,2019-07-30 16:36:13,{},"{""Status"": ""Closed""}"
4864,FIR,UPDATE,211,2021-10-14 03:14:44,"{""Status"": ""Under Investigation""}","{""Status"": ""Under Investigation""}"
4865,FIR_Accused,INSERT,188,2021-12-11 23:03:39,{},"{""Status"": ""Closed""}"
4866,FIR_Accused,INSERT,183,2020-01-05 03:54:21,{},"{""Status"": ""Under Investigation""}"
4867,FIR,INSERT,175,2022-04-17 03:05:16,{},"{""Status"": ""Closed""}"
4868,FIR,INSERT,15,2022-10-14 14:19:48,{},"{""Status"": ""Closed""}"
4869,Accused,INSERT,167,2023-11-20 00:13:34,{},"{""Status"": ""Closed""}"
4870,Evidence,INSERT,80,2023-10-06 18:44:08,{},"{""Status"": ""Under Investigation""}"
4871,Evidence,INSERT,119,2020-02-29 08:40:19,{},"{""Status"": ""Under Investigation""}"
4872,Complaint,INSERT,271,2019-03-29 11:41:25,{},"{""Status"": ""Under Investigation""}"
4873,FIR,INSERT,75,2022-08-31 08:48:23,{},"{""Status"": ""Under Investigation""}"
4874,FIR,INSERT,235,2019-09-30 10:03:43,{},"{""Status"": ""Under Investigation""}"
4875,FIR,UPDATE,24,2019-03-18 14:28:47,"{""Status"": ""Open""}","{""Status"": ""Under Investigation""}"
4876,FIR,INSERT,193,2023-09-16 10:55:34,{},"{""Status"": ""Under Investigation""}"
4877,Evidence,INSERT,34,2022-08-07 12:50:24,{},"{""Status"": ""Closed""}"
4878,FIR,INSERT,228,2019-02-27 05:34:51,{},"{""Status"": ""Under Investigation""}"
4879,FIR_Accused,INSERT,136,2023-07-06 19:46:30,{},"{""Status"": ""Closed""}"
4880,FIR_Accused,INSERT,191,2020-10-22 05:35:52,{},"{""Status"": ""Closed""}"
4881,Suspects,INSERT,227,2022-09-22 20:51:23,{},"{""Status"": ""Under Investigation""}"
4882,FIR,UPDATE,269,2019-08-02 19:35:21,"{""Status"": ""Open""}","{""Status"": ""Under Investigation""}"
4883,Evidence,INSERT,147,2023-08-08 01:03:58,{},"{""Status"": ""Closed""}"
4884,FIR,UPDATE,56,2023-10-17 01:15:55,"{""Status"": ""Under Investigation""}","{""Status"": ""Closed""}"
4885,Accused,INSERT,111,2020-03-05 01:18:03,{},"{""Status"": ""Under Investigation""}"
4886,Accused,INSERT,17,2021-11-01 22:37:40,{},"{""Status"": ""Under Investigation""}"
4887,Accused,INSERT,158,2020-07-04 04:28:16,{},"{""Status"": ""Under Investigation""}"
4888,Accused,INSERT,16,2021-03-16 21:04:55,{},"{""Status"": ""Under Investigation""}"
4889,FIR_Accused,INSERT,192,2023-11-09 05:26:53,{},"{""Status"": ""Closed""}"
4890,Complaint,INSERT,85,2023-05-06 16:17:04,{},"{""Status"": ""Closed""}"
4891,FIR,UPDATE,169,2022-12-20 01:56:39,"{""Status"": ""Open""}","{""Status"": ""Under Investigation""}"
4892,FIR,INSERT,191,2022-06-15 21:02:43,{},"{""Status"": ""Closed""}"
4893,FIR,INSERT,97,2021-10-22 12:11:38,{},"{""Status"": ""Under Investigation""}"
4894,Complaint,INSERT,160,2021-08-30 10:32:06,{},"{""Status"": ""Under Investigation""}"
4895,Suspects,INSERT,121,2021-08-01 18:52:42,{},"{""Status"": ""Under Investigation""}"
4896,Case_Status,UPDATE,13,2021-09-17 22:32:37,"{""Status"": ""Under Investigation""}","{""Status"": ""Closed""}"
4897,Case_Status,UPDATE,45,2023-12-27 06:01:33,"{""Status"": ""Open""}","{""Status"": ""Closed""}"
4898,Evidence,INSERT,186,2020-08-28 13:08:13,{},"{""Status"": ""Closed""}"
4899,FIR_Accused,INSERT,198,2023-02-20 11:18:27,{},"{""Status"": ""Under Investigation""}"
4900,Accused,INSERT,178,2023-08-09 02:07:06,{},"{""Status"": ""Under Investigation""}"
4901,Complaint,INSERT,59,2021-01-12 04:53:30,{},"{""Status"": ""Closed""}"
4902,Accused,INSERT,4,2019-06-11 11:04:17,{},"{""Status"": ""Closed""}"
4903,Evidence,INSERT,96,2021-01-06 20:32:10,{},"{""Status"": ""Closed""}"
4904,Complaint,INSERT,258,2019-01-03 08:23:27,{},"{""Status"": ""Under Investigation""}"
4905,Evidence,INSERT,114,2019-10-16 18:24:36,{},"{""Status"": ""Closed""}"
4906,Accused,INSERT,185,2021-11-23 21:30:18,{},"{""Status"": ""Closed""}"
4907,Evidence,INSERT,198,2022-06-19 11:13:17,{},"{""Status"": ""Under Investigation""}"
4908,Case_Status,UPDATE,28,2019-07-06 02:12:22,"{""Status"": ""Under Investigation""}","{""Status"": ""Closed""}"
4909,Case_Status,UPDATE,188,2023-01-01 15:12:52,"{""Status"": ""Open""}","{""Status"": ""Closed""}"
4910,FIR,UPDATE,100,2022-03-18 14:23:23,"{""Status"": ""Under Investigation""}","{""Status"": ""Under Investigation""}"
4911,Case_Status,UPDATE,215,2022-05-05 20:19:49,"{""Status"": ""Under Investigation""}","{""Status"": ""Closed""}"
4912,FIR,UPDATE,163,2023-02-07 20:05:02,"{""Status"": ""Open""}","{""Status"": ""Under Investigation""}"
4913,Evidence,INSERT,166,2020-03-17 23:44:24,{},"{""Status"": ""Closed""}"
4914,Complaint,INSERT,247,2020-06-02 00:55:57,{},"{""Status"": ""Closed""}"
4915,Evidence,INSERT,171,2021-04-11 00:07:39,{},"{""Status"": ""Under Investigation""}"
4916,Evidence,INSERT,239,2022-06-02 06:11:35,{},"{""Status"": ""Under Investigation""}"
4917,Case_Status,UPDATE,219,2019-09-25 04:36:11,"{""Status"": ""Under Investigation""}","{""Status"": ""Closed""}"
4918,Complaint,INSERT,106,2020-02-19 12:09:09,{},"{""Status"": ""Under Investigation""}"
4919,Case_Status,UPDATE,97,2021-05-22 05:45:20,"{""Status"": ""Under Investigation""}","{""Status"": ""Closed""}"
4920,Accused,INSERT,39,2021-09-04 08:27:34,{},"{""Status"": ""Closed""}"
4921,Evidence,INSERT,6,2022-09-30 17:32:56,{},"{""Status"": ""Under Investigation""}"
4922,Complaint,INSERT,51,2019-07-15 17:57:40,{},"{""Status"": ""Closed""}"
4923,Complaint,INSERT,9,2023-10-01 18:41:59,{},"{""Status"": ""Closed""}"
4924,Suspects,INSERT,221,2019-02-06 17:51:22,{},"{""Status"": ""Closed""}"
4925,FIR,INSERT,203,2022-11-09 07:10:21,{},"{""Status"": ""Under Investigation""}"
4926,Complaint,INSERT,48,2019-09-14 19:24:50,{},"{""Status"": ""Closed""}"
4927,Suspects,INSERT,36,2023-08-23 01:49:29,{},"{""Status"": ""Under Investigation""}"
4928,Evidence,INSERT,25,2022-03-17 07:51:32,{},"{""Status"": ""Under Investigation""}"
4929,Complaint,INSERT,13,2023-09-18 04:25:21,{},"{""Status"": ""Closed""}"
4930,FIR,UPDATE,254,2020-05-22 22:15:01,"{""Status"": ""Open""}","{""Status"": ""Closed""}"
4931,Accused,INSERT,40,2020-10-17 08:18:09,{},"{""Status"": ""Under Investigation""}"
4932,Complaint,INSERT,99,2021-05-26 05:47:27,{},"{""Status"": ""Under Investigation""}"
4933,Suspects,INSERT,160,2022-09-13 07:54:47,{},"{""Status"": ""Closed""}"
4934,FIR,UPDATE,141,2023-05-22 14:33:48,"{""Status"": ""Open""}","{""Status"": ""Closed""}"
4935,Suspects,INSERT,273,2020-09-12 02:27:15,{},"{""Status"": ""Under Investigation""}"
4936,FIR_Accused,INSERT,224,2022-12-07 10:03:23,{},"{""Status"": ""Under Investigation""}"
4937,Suspects,INSERT,182,2023-08-09 19:07:36,{},"{""Status"": ""Closed""}"
4938,Case_Status,UPDATE,10,2023-10-28 15:01:24,"{""Status"": ""Open""}","{""Status"": ""Closed""}"
4939,FIR,INSERT,144,2020-11-12 12:48:35,{},"{""Status"": ""Under Investigation""}"
4940,Suspects,INSERT,63,2023-11-07 03:47:42,{},"{""Status"": ""Under Investigation""}"
4941,FIR,UPDATE,71,2023-08-30 07:41:28,"{""Status"": ""Open""}","{""Status"": ""Under Investigation""}"
4942,FIR,INSERT,242,2021-04-16 23:30:23,{},"{""Status"": ""Closed""}"
4943,Accused,INSERT,212,2022-10-18 15:02:07,{},"{""Status"": ""Under Investigation""}"
4944,FIR,INSERT,205,2023-02-16 14:45:09,{},"{""Status"": ""Closed""}"
4945,FIR,UPDATE,5,2019-09-09 18:02:59,"{""Status"": ""Open""}","{""Status"": ""Under Investigation""}"
4946,FIR_Accused,INSERT,149,2023-08-15 13:04:14,{},"{""Status"": ""Closed""}"
4947,Accused,INSERT,257,2019-03-05 11:02:36,{},"{""Status"": ""Closed""}"
4948,Accused,INSERT,185,2022-07-23 23:55:36,{},"{""Status"": ""Closed""}"
4949,Complaint,INSERT,165,2020-11-02 00:35:34,{},"{""Status"": ""Closed""}"
4950,Suspects,INSERT,156,2020-10-18 10:42:00,{},"{""Status"": ""Closed""}"
4951,FIR,INSERT,164,2023-08-05 07:17:12,{},"{""Status"": ""Closed""}"
4952,Accused,INSERT,200,2023-04-29 02:53:45,{},"{""Status"": ""Under Investigation""}"
4953,Evidence,INSERT,113,2021-07-03 15:34:10,{},"{""Status"": ""Under Investigation""}"
4954,Suspects,INSERT,29,2020-02-08 19:35:26,{},"{""Status"": ""Closed""}"
4955,FIR,INSERT,238,2022-08-04 22:22:35,{},"{""Status"": ""Closed""}"
4956,Case_Status,UPDATE,14,2023-01-10 19:50:06,"{""Status"": ""Under Investigation""}","{""Status"": ""Closed""}"
4957,Accused,INSERT,36,2020-05-02 12:37:32,{},"{""Status"": ""Under Investigation""}"
4958,Case_Status,UPDATE,116,2022-06-12 20:08:29,"{""Status"": ""Open""}","{""Status"": ""Closed""}"
4959,FIR_Accused,INSERT,264,2021-07-26 22:44:36,{},"{""Status"": ""Closed""}"
4960,Evidence,INSERT,2,2021-05-22 04:41:11,{},"{""Status"": ""Closed""}"
4961,Accused,INSERT,232,2022-01-25 16:47:58,{},"{""Status"": ""Closed""}"
4962,Case_Status,UPDATE,95,2019-06-22 15:42:57,"{""Status"": ""Under Investigation""}","{""Status"": ""Under Investigation""}"
4963,Accused,INSERT,165,2019-01-07 10:27:11,{},"{""Status"": ""Closed""}"
4964,Case_Status,UPDATE,22,2021-08-28 14:49:42,"{""Status"": ""Open""}","{""Status"": ""Closed""}"
4965,Evidence,INSERT,122,2023-07-30 19:03:35,{},"{""Status"": ""Under Investigation""}"
4966,FIR,UPDATE,227,2019-01-10 20:19:21,"{""Status"": ""Open""}","{""Status"": ""Under Investigation""}"
4967,FIR_Accused,INSERT,253,2023-06-19 06:15:49,{},"{""Status"": ""Under Investigation""}"
4968,Complaint,INSERT,70,2022-03-23 08:38:01,{},"{""Status"": ""Closed""}"
4969,Evidence,INSERT,266,2022-10-30 03:34:11,{},"{""Status"": ""Under Investigation""}"
4970,Case_Status,UPDATE,263,2022-01-05 10:40:32,"{""Status"": ""Open""}","{""Status"": ""Under Investigation""}"
4971,Suspects,INSERT,85,2021-05-05 01:32:23,{},"{""Status"": ""Closed""}"
4972,FIR,INSERT,120,2020-06-02 08:35:38,{},"{""Status"": ""Under Investigation""}"
4973,Suspects,INSERT,170,2023-12-24 02:47:08,{},"{""Status"": ""Under Investigation""}"
4974,Case_Status,UPDATE,156,2023-03-31 04:14:14,"{""Status"": ""Under Investigation""}","{""Status"": ""Closed""}"
4975,Accused,INSERT,225,2021-04-11 16:20:14,{},"{""Status"": ""Closed""}"
4976,Accused,INSERT,170,2020-05-26 18:37:40,{},"{""Status"": ""Under Investigation""}"
4977,Suspects,INSERT,249,2022-11-10 11:56:22,{},"{""Status"": ""Under Investigation""}"
4978,Suspects,INSERT,232,2022-07-31 05:26:08,{},"{""Status"": ""Under Investigation""}"
4979,Evidence,INSERT,134,2019-12-25 06:04:07,{},"{""Status"": ""Closed""}"
4980,FIR,UPDATE,150,2022-04-09 19:52:50,"{""Status"": ""Under Investigation""}","{""Status"": ""Under Investigation""}"
4981,FIR,INSERT,87,2022-01-03 06:45:33,{},"{""Status"": ""Under Investigation""}"
4982,FIR,UPDATE,98,2023-01-24 06:08:36,"{""Status"": ""Open""}","{""Status"": ""Closed""}"
4983,Case_Status,UPDATE,272,2021-05-03 14:20:57,"{""Status"": ""Open""}","{""Status"": ""Closed""}"
4984,FIR_Accused,INSERT,245,2023-03-09 12:56:37,{},"{""Status"": ""Closed""}"
4985,Accused,INSERT,248,2021-01-22 02:02:40,{},"{""Status"": ""Under Investigation""}"
4986,Suspects,INSERT,188,2022-04-16 14:16:03,{},"{""Status"": ""Under Investigation""}"
4987,Accused,INSERT,152,2023-09-11 03:42:14,{},"{""Status"": ""Closed""}"
4988,Evidence,INSERT,247,2019-03-02 14:30:48,{},"{""Status"": ""Closed""}"
4989,Suspects,INSERT,35,2019-04-01 01:41:26,{},"{""Status"": ""Closed""}"
4990,FIR,INSERT,3,2022-05-01 17:47:56,{},"{""Status"": ""Closed""}"
4991,FIR,INSERT,187,2020-11-15 22:57:51,{},"{""Status"": ""Under Investigation""}"
4992,Evidence,INSERT,175,2023-07-04 02:36:51,{},"{""Status"": ""Under Investigation""}"
4993,Complaint,INSERT,225,2021-03-24 13:06:17,{},"{""Status"": ""Closed""}"
4994,Evidence,INSERT,194,2023-07-24 23:23:34,{},"{""Status"": ""Closed""}"
4995,Complaint,INSERT,143,2022-12-20 23:25:50,{},"{""Status"": ""Closed""}"
4996,Evidence,INSERT,254,2019-04-28 09:23:17,{},"{""Status"": ""Closed""}"
4997,Suspects,INSERT,119,2022-05-16 15:17:33,{},"{""Status"": ""Closed""}"
4998,FIR,UPDATE,263,2019-08-17 04:35:31,"{""Status"": ""Open""}","{""Status"": ""Under Investigation""}"
4999,FIR,UPDATE,187,2021-10-03 04:54:08,"{""Status"": ""Under Investigation""}","{""Status"": ""Under Investigation""}"
5000,FIR,UPDATE,236,2023-08-12 01:04:40,"{""Status"": ""Under Investigation""}","{""Status"": ""Under Investigation""}"
