Outcome_ID,FIR_ID,Outcome,Outcome_Date,Remarks
1,4,Case Closed,29-04-2020 05:00,
2,5,Case Closed,08-01-2020 21:00,
3,6,Case Closed,30-03-2020 03:00,
4,7,Case Closed,24-03-2020 16:00,
5,11,Case Closed,01-02-2020 13:00,
6,13,Case Closed,29-02-2020 16:00,
7,16,Case Closed,30-03-2020 07:00,
8,19,Case Closed,24-01-2020 20:00,
9,20,Case Closed,05-03-2020 18:00,
10,21,Case Closed,22-01-2020 22:00,
11,22,Case Closed,03-03-2020 12:00,
12,26,Case Closed,12-03-2020 16:00,
13,32,Case Closed,18-03-2020 13:00,
14,37,Case Closed,02-07-2020 05:00,
15,39,Case Closed,11-03-2020 23:00,
16,40,Case Closed,15-01-2020 02:00,
17,43,Case Closed,17-03-2020 03:00,
18,45,Case Closed,12-01-2020 19:00,
19,48,Case Closed,14-03-2020 17:00,
20,51,Case Closed,13-04-2020 05:00,
21,52,Case Closed,14-04-2020 12:00,
22,53,Case Closed,20-01-2020 00:00,
23,57,Case Closed,20-07-2020 01:00,
24,60,Case Closed,31-03-2020 18:00,
25,62,Case Closed,09-02-2020 21:00,
26,63,Case Closed,15-03-2020 20:00,
27,64,Case Closed,20-03-2020 06:00,
28,66,Case Closed,15-03-2020 14:00,
29,68,Case Closed,02-05-2020 20:00,
30,69,Case Closed,17-01-2020 09:00,
31,72,Case Closed,23-03-2020 18:00,
32,74,Case Closed,20-01-2020 05:00,
33,76,Case Closed,26-01-2020 00:00,
34,78,Case Closed,29-03-2020 21:00,
35,80,Case Closed,15-01-2020 03:00,
36,81,Case Closed,04-03-2020 03:00,
37,83,Case Closed,21-03-2020 12:00,
38,84,Case Closed,20-01-2020 19:00,
39,86,Case Closed,11-03-2020 17:00,
40,87,Case Closed,18-01-2020 06:00,
41,93,Case Closed,01-04-2020 16:00,
42,97,Case Closed,12-02-2020 02:00,
43,99,Case Closed,23-01-2020 23:00,
44,100,Case Closed,22-01-2020 20:00,
45,101,Case Closed,14-01-2020 23:00,
46,104,Case Closed,19-02-2020 16:00,
47,106,Case Closed,22-02-2020 00:00,
48,108,Case Closed,09-02-2020 12:00,
49,111,Case Closed,16-02-2020 04:00,
50,113,Case Closed,08-11-2021 09:00,
51,115,Case Closed,03-02-2020 13:00,
52,117,Case Closed,13-03-2020 04:00,
53,118,Case Closed,30-03-2020 20:00,
54,119,Case Closed,27-02-2020 19:00,
55,120,Case Closed,27-01-2020 02:00,
56,121,Case Closed,22-01-2020 14:00,
57,122,Case Closed,06-04-2020 19:00,
58,128,Case Closed,01-04-2020 04:00,
59,130,Case Closed,20-05-2020 14:00,
60,137,Case Closed,23-01-2020 23:00,
61,140,Case Closed,06-02-2020 16:00,
62,142,Case Closed,27-03-2020 23:00,
63,144,Case Closed,04-02-2020 06:00,
64,147,Case Closed,26-01-2020 16:00,
65,149,Case Closed,27-02-2020 06:00,
66,150,Case Closed,03-04-2020 08:00,
67,151,Case Closed,27-03-2020 08:00,
68,156,Case Closed,02-04-2020 05:00,
69,159,Case Closed,08-02-2020 18:00,
70,160,Case Closed,22-03-2020 19:00,
71,161,Case Closed,19-02-2020 03:00,
72,165,Case Closed,23-12-2020 00:00,
73,166,Case Closed,10-03-2020 14:00,
74,167,Case Closed,27-01-2020 16:00,
75,168,Case Closed,04-03-2020 22:00,
76,170,Case Closed,17-01-2020 07:00,
77,171,Case Closed,11-03-2020 11:00,
78,173,Case Closed,29-10-2021 03:00,
79,175,Case Closed,15-06-2020 00:00,
80,176,Case Closed,28-06-2020 23:00,
81,177,Case Closed,21-03-2020 14:00,
82,180,Case Closed,23-01-2020 01:00,
83,183,Case Closed,09-05-2021 09:00,
84,185,Case Closed,03-03-2020 19:00,
85,186,Case Closed,12-03-2020 15:00,
86,187,Case Closed,13-02-2020 09:00,
87,188,Case Closed,15-03-2020 18:00,
88,189,Case Closed,23-03-2020 04:00,
89,190,Case Closed,12-02-2020 05:00,
90,192,Case Closed,20-01-2020 02:00,
91,194,Case Closed,06-03-2020 09:00,
92,196,Case Closed,14-02-2020 04:00,
93,197,Case Closed,24-01-2020 10:00,
94,198,Case Closed,22-01-2020 17:00,
95,201,Case Closed,05-02-2020 23:00,
96,203,Case Closed,15-03-2020 04:00,
97,204,Case Closed,14-03-2020 16:00,
98,205,Case Closed,03-03-2020 04:00,
99,206,Case Closed,29-02-2020 22:00,
100,207,Case Closed,10-02-2020 08:00,
101,210,Case Closed,14-01-2020 03:00,
102,213,Case Closed,21-01-2020 23:00,
103,214,Case Closed,13-03-2020 05:00,
104,215,Case Closed,01-09-2021 16:00,
105,217,Case Closed,23-02-2020 18:00,
106,221,Case Closed,15-02-2020 23:00,
107,222,Case Closed,22-01-2020 08:00,
108,224,Case Closed,01-05-2020 21:00,
109,225,Case Closed,01-04-2020 19:00,
110,227,Case Closed,16-03-2020 16:00,
111,229,Case Closed,25-02-2020 05:00,
112,232,Case Closed,15-02-2020 15:00,
113,235,Case Closed,14-01-2020 21:00,
114,236,Case Closed,07-04-2020 02:00,
115,242,Case Closed,12-02-2020 08:00,
116,243,Case Closed,06-04-2020 01:00,
117,244,Case Closed,21-08-2020 22:00,
118,245,Case Closed,27-06-2020 00:00,
119,247,Case Closed,24-03-2020 11:00,
120,248,Case Closed,28-02-2020 03:00,
121,249,Case Closed,26-03-2020 23:00,
122,250,Case Closed,23-01-2020 22:00,
123,252,Case Closed,31-03-2020 05:00,
124,253,Case Closed,06-02-2020 03:00,
125,254,Case Closed,20-01-2020 18:00,
126,256,Case Closed,20-01-2020 17:00,
127,257,Case Closed,10-02-2020 13:00,
128,259,Case Closed,02-04-2020 22:00,
129,261,Case Closed,28-05-2020 20:00,
130,262,Case Closed,06-02-2020 22:00,
131,264,Case Closed,18-12-2020 22:00,
132,265,Case Closed,21-02-2020 17:00,
133,268,Case Closed,24-01-2020 10:00,
134,270,Case Closed,28-02-2020 00:00,
135,272,Case Closed,06-02-2020 20:00,
136,279,Case Closed,30-01-2020 09:00,
137,280,Case Closed,07-04-2020 05:00,
138,282,Case Closed,14-03-2020 12:00,
139,284,Case Closed,28-03-2020 19:00,
140,286,Case Closed,25-03-2020 04:00,
141,287,Case Closed,01-02-2020 00:00,
142,288,Case Closed,29-03-2020 15:00,
143,289,Case Closed,25-01-2020 08:00,
144,294,Case Closed,07-02-2020 17:00,
145,295,Case Closed,07-03-2020 15:00,
146,296,Case Closed,25-01-2020 17:00,
147,298,Case Closed,26-01-2020 06:00,
148,300,Case Closed,05-04-2020 07:00,
149,302,Case Closed,09-04-2020 01:00,
150,304,Case Closed,17-01-2020 00:00,
151,305,Case Closed,21-01-2020 22:00,
152,307,Case Closed,15-01-2020 01:00,
153,309,Case Closed,10-07-2021 12:00,
154,310,Case Closed,30-01-2020 17:00,
155,311,Case Closed,04-04-2020 17:00,
156,315,Case Closed,24-04-2020 04:00,
157,316,Case Closed,01-07-2020 20:00,
158,317,Case Closed,23-01-2020 13:00,
159,322,Case Closed,28-01-2020 16:00,
160,325,Case Closed,31-01-2020 07:00,
161,330,Case Closed,23-02-2020 16:00,
162,331,Case Closed,25-03-2020 00:00,
163,332,Case Closed,10-02-2020 16:00,
164,333,Case Closed,12-03-2020 07:00,
165,336,Case Closed,12-02-2020 02:00,
166,338,Case Closed,31-08-2020 22:00,
167,339,Case Closed,16-03-2020 06:00,
168,340,Case Closed,07-02-2020 20:00,
169,341,Case Closed,13-07-2020 08:00,
170,343,Case Closed,30-03-2020 23:00,
171,344,Case Closed,12-04-2020 06:00,
172,348,Case Closed,13-02-2020 06:00,
173,350,Case Closed,09-02-2020 10:00,
174,352,Case Closed,25-02-2020 19:00,
175,353,Case Closed,07-03-2020 09:00,
176,354,Case Closed,20-03-2020 12:00,
177,359,Case Closed,04-03-2020 20:00,
178,360,Case Closed,12-04-2020 03:00,
179,362,Case Closed,04-02-2020 17:00,
180,370,Case Closed,29-03-2020 04:00,
181,374,Case Closed,25-02-2020 08:00,
182,376,Case Closed,31-03-2020 11:00,
183,377,Case Closed,15-04-2020 23:00,
184,378,Case Closed,11-06-2020 19:00,
185,380,Case Closed,11-04-2020 00:00,
186,381,Case Closed,12-02-2020 04:00,
187,382,Case Closed,01-04-2020 10:00,
188,388,Case Closed,24-01-2020 16:00,
189,389,Case Closed,09-04-2020 20:00,
190,392,Case Closed,10-03-2020 12:00,
191,398,Case Closed,27-02-2020 15:00,
192,402,Case Closed,29-04-2020 05:00,
193,405,Case Closed,31-03-2020 10:00,
194,406,Case Closed,25-03-2020 01:00,
195,408,Case Closed,14-04-2020 17:00,
196,410,Case Closed,13-04-2020 09:00,
197,411,Case Closed,08-03-2020 01:00,
198,412,Case Closed,28-03-2020 14:00,
199,413,Case Closed,19-02-2020 02:00,
200,415,Case Closed,31-03-2020 09:00,
201,417,Case Closed,15-04-2020 09:00,
202,418,Case Closed,16-07-2020 02:00,
203,419,Case Closed,21-03-2020 17:00,
204,420,Case Closed,16-03-2020 20:00,
205,423,Case Closed,06-04-2020 21:00,
206,425,Case Closed,16-03-2020 03:00,
207,427,Case Closed,08-04-2020 11:00,
208,428,Case Closed,23-03-2020 00:00,
209,430,Case Closed,17-03-2020 18:00,
210,431,Case Closed,04-02-2020 22:00,
211,435,Case Closed,12-02-2020 09:00,
212,436,Case Closed,02-06-2020 17:00,
213,438,Case Closed,29-01-2020 17:00,
214,440,Case Closed,05-04-2020 03:00,
215,443,Case Closed,25-08-2021 17:00,
216,445,Case Closed,09-03-2020 05:00,
217,447,Case Closed,06-02-2020 00:00,
218,448,Case Closed,12-03-2020 04:00,
219,449,Case Closed,18-03-2020 17:00,
220,452,Case Closed,26-02-2020 12:00,
221,453,Case Closed,08-03-2020 13:00,
222,454,Case Closed,06-02-2020 09:00,
223,455,Case Closed,14-03-2020 07:00,
224,457,Case Closed,24-03-2020 23:00,
225,458,Case Closed,02-02-2020 00:00,
226,460,Case Closed,30-01-2020 09:00,
227,463,Case Closed,14-03-2020 19:00,
228,464,Case Closed,10-03-2020 22:00,
229,465,Case Closed,08-04-2020 00:00,
230,466,Case Closed,11-03-2020 18:00,
231,467,Case Closed,27-03-2020 12:00,
232,468,Case Closed,31-03-2020 05:00,
233,469,Case Closed,31-01-2020 05:00,
234,473,Case Closed,13-02-2020 10:00,
235,474,Case Closed,29-02-2020 07:00,
236,477,Case Closed,12-06-2020 03:00,
237,479,Case Closed,20-03-2020 16:00,
238,481,Case Closed,03-12-2020 11:00,
239,482,Case Closed,19-05-2021 03:00,
240,486,Case Closed,10-04-2020 23:00,
241,488,Case Closed,11-04-2020 10:00,
242,491,Case Closed,30-01-2020 12:00,
243,494,Case Closed,30-03-2020 06:00,
244,495,Case Closed,07-02-2020 22:00,
245,497,Case Closed,10-03-2020 22:00,
246,499,Case Closed,13-06-2020 16:00,
247,500,Case Closed,06-04-2020 02:00,
248,501,Case Closed,14-04-2020 23:00,
249,504,Case Closed,17-02-2020 01:00,
250,506,Case Closed,03-10-2020 06:00,
251,512,Case Closed,15-02-2020 20:00,
252,513,Case Closed,14-02-2020 06:00,
253,514,Case Closed,29-02-2020 07:00,
254,515,Case Closed,31-03-2020 13:00,
255,516,Case Closed,07-04-2020 06:00,
256,521,Case Closed,23-04-2020 21:00,
257,523,Case Closed,09-02-2020 21:00,
258,524,Case Closed,07-03-2020 13:00,
259,526,Case Closed,05-09-2020 04:00,
260,528,Case Closed,21-03-2020 04:00,
261,531,Case Closed,20-03-2020 16:00,
262,532,Case Closed,11-02-2020 18:00,
263,533,Case Closed,07-01-2022 08:00,
264,534,Case Closed,01-03-2020 17:00,
265,536,Case Closed,09-03-2020 17:00,
266,537,Case Closed,15-02-2021 06:00,
267,541,Case Closed,19-02-2020 07:00,
268,544,Case Closed,01-02-2020 03:00,
269,547,Case Closed,22-03-2020 13:00,
270,550,Case Closed,25-02-2020 04:00,
271,552,Case Closed,06-09-2021 09:00,
272,553,Case Closed,12-05-2020 23:00,
273,555,Case Closed,20-03-2020 15:00,
274,557,Case Closed,07-02-2020 11:00,
275,558,Case Closed,23-05-2020 18:00,
276,563,Case Closed,03-04-2020 23:00,
277,568,Case Closed,26-04-2021 18:00,
278,570,Case Closed,06-02-2020 05:00,
279,571,Case Closed,27-03-2020 02:00,
280,574,Case Closed,23-04-2020 00:00,
281,575,Case Closed,03-02-2020 15:00,
282,576,Case Closed,21-02-2020 05:00,
283,582,Case Closed,16-02-2020 10:00,
284,583,Case Closed,13-03-2020 02:00,
285,588,Case Closed,16-05-2020 08:00,
286,590,Case Closed,03-02-2020 19:00,
287,591,Case Closed,06-02-2020 10:00,
288,596,Case Closed,11-03-2020 16:00,
289,597,Case Closed,26-02-2020 08:00,
290,598,Case Closed,14-02-2020 12:00,
291,599,Case Closed,02-04-2020 12:00,
292,601,Case Closed,08-02-2020 20:00,
293,602,Case Closed,11-12-2020 17:00,
294,603,Case Closed,09-07-2020 01:00,
295,604,Case Closed,22-04-2020 02:00,
296,606,Case Closed,09-03-2020 12:00,
297,607,Case Closed,05-04-2020 15:00,
298,610,Case Closed,08-03-2020 13:00,
299,612,Case Closed,28-03-2020 14:00,
300,613,Case Closed,29-03-2020 12:00,
301,614,Case Closed,01-04-2020 12:00,
302,615,Case Closed,10-03-2020 10:00,
303,616,Case Closed,15-02-2020 14:00,
304,618,Case Closed,28-02-2020 03:00,
305,620,Case Closed,02-03-2020 15:00,
306,622,Case Closed,20-03-2020 18:00,
307,623,Case Closed,19-04-2020 23:00,
308,626,Case Closed,05-02-2020 22:00,
309,627,Case Closed,29-01-2020 17:00,
310,628,Case Closed,11-12-2020 14:00,
311,630,Case Closed,27-02-2020 01:00,
312,631,Case Closed,08-02-2020 13:00,
313,633,Case Closed,11-04-2020 09:00,
314,634,Case Closed,02-03-2020 05:00,
315,635,Case Closed,24-02-2020 23:00,
316,637,Case Closed,12-04-2020 15:00,
317,639,Case Closed,15-03-2020 08:00,
318,644,Case Closed,21-03-2020 12:00,
319,645,Case Closed,22-03-2020 18:00,
320,646,Case Closed,05-04-2020 00:00,
321,647,Case Closed,14-03-2020 11:00,
322,648,Case Closed,28-03-2020 10:00,
323,650,Case Closed,28-11-2021 07:00,
324,651,Case Closed,10-02-2020 06:00,
325,655,Case Closed,09-03-2020 11:00,
326,656,Case Closed,09-10-2021 11:00,
327,659,Case Closed,16-02-2020 03:00,
328,663,Case Closed,07-03-2020 05:00,
329,665,Case Closed,13-02-2020 02:00,
330,666,Case Closed,19-06-2020 09:00,
331,668,Case Closed,27-04-2020 01:00,
332,669,Case Closed,26-01-2022 14:00,
333,670,Case Closed,20-03-2020 22:00,
334,679,Case Closed,18-02-2021 05:00,
335,681,Case Closed,17-02-2020 19:00,
336,682,Case Closed,06-10-2021 14:00,
337,683,Case Closed,08-03-2020 13:00,
338,684,Case Closed,24-03-2020 07:00,
339,695,Case Closed,02-04-2020 05:00,
340,696,Case Closed,25-03-2020 08:00,
341,697,Case Closed,05-05-2020 01:00,
342,698,Case Closed,25-04-2020 19:00,
343,703,Case Closed,20-06-2020 19:00,
344,704,Case Closed,09-03-2020 13:00,
345,707,Case Closed,13-03-2020 21:00,
346,708,Case Closed,12-03-2020 14:00,
347,711,Case Closed,25-02-2020 02:00,
348,714,Case Closed,09-04-2020 23:00,
349,716,Case Closed,29-02-2020 16:00,
350,719,Case Closed,17-03-2020 21:00,
351,721,Case Closed,28-04-2020 05:00,
352,722,Case Closed,15-03-2020 16:00,
353,723,Case Closed,31-03-2020 13:00,
354,724,Case Closed,17-04-2020 05:00,
355,730,Case Closed,27-04-2020 08:00,
356,731,Case Closed,27-03-2020 05:00,
357,732,Case Closed,14-03-2020 18:00,
358,734,Case Closed,03-06-2020 00:00,
359,735,Case Closed,24-03-2020 11:00,
360,740,Case Closed,04-02-2020 02:00,
361,741,Case Closed,18-02-2020 07:00,
362,742,Case Closed,21-03-2020 22:00,
363,745,Case Closed,20-03-2020 11:00,
364,746,Case Closed,07-04-2020 16:00,
365,748,Case Closed,04-07-2020 14:00,
366,750,Case Closed,17-02-2020 20:00,
367,753,Case Closed,29-03-2020 01:00,
368,754,Case Closed,13-04-2020 09:00,
369,755,Case Closed,14-02-2020 12:00,
370,756,Case Closed,18-02-2020 11:00,
371,757,Case Closed,02-03-2020 11:00,
372,759,Case Closed,28-04-2020 09:00,
373,761,Case Closed,03-04-2020 22:00,
374,766,Case Closed,04-03-2020 17:00,
375,767,Case Closed,22-02-2020 03:00,
376,768,Case Closed,02-03-2020 03:00,
377,771,Case Closed,17-03-2020 15:00,
378,772,Case Closed,27-02-2020 13:00,
379,773,Case Closed,19-02-2020 19:00,
380,775,Case Closed,12-02-2020 15:00,
381,776,Case Closed,21-02-2020 08:00,
382,777,Case Closed,23-03-2020 09:00,
383,779,Case Closed,22-04-2020 02:00,
384,784,Case Closed,16-02-2020 09:00,
385,786,Case Closed,13-06-2020 03:00,
386,788,Case Closed,20-02-2020 20:00,
387,789,Case Closed,05-03-2020 15:00,
388,790,Case Closed,25-02-2020 05:00,
389,791,Case Closed,10-04-2020 19:00,
390,802,Case Closed,25-02-2020 11:00,
391,807,Case Closed,01-05-2020 04:00,
392,808,Case Closed,19-03-2020 07:00,
393,810,Case Closed,07-03-2020 20:00,
394,811,Case Closed,11-03-2020 09:00,
395,817,Case Closed,13-02-2020 03:00,
396,819,Case Closed,04-08-2020 11:00,
397,821,Case Closed,11-03-2020 00:00,
398,823,Case Closed,14-03-2020 17:00,
399,826,Case Closed,27-02-2020 05:00,
400,831,Case Closed,25-02-2020 15:00,
401,833,Case Closed,16-03-2020 08:00,
402,834,Case Closed,27-04-2020 18:00,
403,837,Case Closed,12-03-2020 11:00,
404,839,Case Closed,06-03-2020 02:00,
405,841,Case Closed,07-03-2020 20:00,
406,842,Case Closed,02-04-2020 17:00,
407,843,Case Closed,29-04-2020 15:00,
408,845,Case Closed,21-03-2020 10:00,
409,846,Case Closed,16-02-2020 13:00,
410,849,Case Closed,08-02-2020 02:00,
411,851,Case Closed,29-03-2020 22:00,
412,852,Case Closed,14-04-2020 03:00,
413,853,Case Closed,16-02-2020 14:00,
414,854,Case Closed,28-03-2020 23:00,
415,855,Case Closed,20-02-2020 16:00,
416,857,Case Closed,29-03-2020 00:00,
417,858,Case Closed,05-05-2020 01:00,
418,860,Case Closed,01-04-2020 04:00,
419,861,Case Closed,15-02-2020 07:00,
420,862,Case Closed,02-05-2020 10:00,
421,864,Case Closed,28-12-2020 08:00,
422,865,Case Closed,19-03-2020 17:00,
423,866,Case Closed,24-04-2020 18:00,
424,867,Case Closed,28-09-2021 10:00,
425,868,Case Closed,25-03-2020 05:00,
426,870,Case Closed,18-04-2020 18:00,
427,878,Case Closed,09-04-2020 18:00,
428,881,Case Closed,08-03-2020 00:00,
429,882,Case Closed,24-04-2020 16:00,
430,883,Case Closed,02-05-2020 03:00,
431,884,Case Closed,23-04-2020 12:00,
432,889,Case Closed,30-03-2020 00:00,
433,890,Case Closed,06-05-2020 15:00,
434,891,Case Closed,01-03-2020 22:00,
435,893,Case Closed,18-02-2020 11:00,
436,895,Case Closed,01-03-2020 06:00,
437,898,Case Closed,15-03-2020 05:00,
438,899,Case Closed,22-02-2020 02:00,
439,900,Case Closed,12-02-2020 11:00,
440,903,Case Closed,13-02-2020 12:00,
441,904,Case Closed,19-02-2020 22:00,
442,906,Case Closed,21-04-2020 07:00,
443,908,Case Closed,03-03-2020 01:00,
444,911,Case Closed,03-07-2020 19:00,
445,913,Case Closed,01-03-2020 11:00,
446,914,Case Closed,01-04-2020 21:00,
447,915,Case Closed,06-03-2020 07:00,
448,916,Case Closed,17-02-2020 23:00,
449,917,Case Closed,02-04-2020 05:00,
450,918,Case Closed,01-04-2020 18:00,
451,919,Case Closed,14-04-2020 14:00,
452,920,Case Closed,21-02-2020 03:00,
453,923,Case Closed,19-04-2020 01:00,
454,925,Case Closed,21-07-2020 19:00,
455,926,Case Closed,29-02-2020 13:00,
456,930,Case Closed,17-05-2020 08:00,
457,933,Case Closed,21-04-2020 00:00,
458,935,Case Closed,24-04-2020 02:00,
459,936,Case Closed,01-05-2020 07:00,
460,938,Case Closed,29-05-2020 05:00,
461,939,Case Closed,24-02-2020 10:00,
462,940,Case Closed,05-03-2020 18:00,
463,941,Case Closed,02-05-2020 18:00,
464,942,Case Closed,29-03-2020 22:00,
465,945,Case Closed,08-04-2020 20:00,
466,948,Case Closed,18-04-2020 04:00,
467,949,Case Closed,02-03-2020 16:00,
468,950,Case Closed,03-04-2020 11:00,
469,951,Case Closed,29-09-2020 22:00,
470,953,Case Closed,14-05-2020 15:00,
471,956,Case Closed,06-04-2020 13:00,
472,957,Case Closed,30-06-2020 00:00,
473,958,Case Closed,10-03-2020 07:00,
474,959,Case Closed,14-03-2020 16:00,
475,962,Case Closed,06-11-2020 22:00,
476,964,Case Closed,31-03-2020 21:00,
477,965,Case Closed,08-04-2020 15:00,
478,967,Case Closed,29-04-2021 18:00,
479,968,Case Closed,18-03-2020 12:00,
480,969,Case Closed,19-03-2020 21:00,
481,970,Case Closed,23-02-2020 20:00,
482,974,Case Closed,28-04-2020 12:00,
483,975,Case Closed,03-05-2020 21:00,
484,976,Case Closed,27-02-2020 18:00,
485,977,Case Closed,14-03-2020 12:00,
486,978,Case Closed,15-04-2020 04:00,
487,980,Case Closed,01-03-2020 16:00,
488,981,Case Closed,27-03-2020 01:00,
489,984,Case Closed,07-05-2020 17:00,
490,985,Case Closed,08-04-2020 23:00,
491,986,Case Closed,29-02-2020 10:00,
492,987,Case Closed,02-04-2020 17:00,
493,988,Case Closed,13-08-2021 12:00,
494,989,Case Closed,24-03-2020 06:00,
495,991,Case Closed,18-02-2020 09:00,
496,993,Case Closed,28-04-2020 14:00,
497,997,Case Closed,07-07-2020 09:00,
498,999,Case Closed,09-05-2020 09:00,
499,1000,Case Closed,15-12-2020 18:00,
500,1006,Case Closed,09-04-2020 13:00,
501,1007,Case Closed,14-03-2020 22:00,
502,1009,Case Closed,19-04-2020 16:00,
503,1010,Case Closed,06-04-2020 07:00,
504,1013,Case Closed,24-02-2020 17:00,
505,1015,Case Closed,21-02-2020 23:00,
506,1022,Case Closed,06-05-2020 15:00,
507,1024,Case Closed,03-04-2020 03:00,
508,1027,Case Closed,07-04-2020 00:00,
509,1029,Case Closed,02-05-2020 08:00,
510,1030,Case Closed,23-04-2020 03:00,
511,1032,Case Closed,21-04-2020 09:00,
512,1036,Case Closed,06-03-2020 19:00,
513,1037,Case Closed,04-03-2020 08:00,
514,1038,Case Closed,10-04-2020 08:00,
515,1040,Case Closed,11-05-2020 00:00,
516,1043,Case Closed,22-02-2020 20:00,
517,1044,Case Closed,26-02-2020 18:00,
518,1048,Case Closed,06-03-2020 00:00,
519,1050,Case Closed,01-03-2020 10:00,
520,1051,Case Closed,12-03-2020 10:00,
521,1052,Case Closed,05-03-2020 05:00,
522,1053,Case Closed,28-02-2020 10:00,
523,1054,Case Closed,12-05-2020 04:00,
524,1057,Case Closed,09-01-2021 03:00,
525,1058,Case Closed,13-04-2020 05:00,
526,1059,Case Closed,20-03-2020 17:00,
527,1063,Case Closed,07-04-2020 23:00,
528,1064,Case Closed,07-05-2020 04:00,
529,1069,Case Closed,06-05-2020 05:00,
530,1071,Case Closed,23-03-2020 10:00,
531,1072,Case Closed,03-03-2020 04:00,
532,1076,Case Closed,28-03-2020 07:00,
533,1077,Case Closed,23-03-2020 00:00,
534,1079,Case Closed,20-03-2020 10:00,
535,1080,Case Closed,02-03-2020 13:00,
536,1081,Case Closed,09-05-2020 13:00,
537,1082,Case Closed,10-04-2020 05:00,
538,1084,Case Closed,26-02-2020 01:00,
539,1085,Case Closed,20-02-2020 01:00,
540,1086,Case Closed,27-04-2020 22:00,
541,1087,Case Closed,25-02-2020 13:00,
542,1089,Case Closed,19-03-2020 17:00,
543,1090,Case Closed,18-08-2020 04:00,
544,1091,Case Closed,11-05-2020 01:00,
545,1094,Case Closed,10-04-2020 02:00,
546,1095,Case Closed,27-02-2020 04:00,
547,1096,Case Closed,09-03-2020 10:00,
548,1097,Case Closed,22-04-2020 21:00,
549,1098,Case Closed,20-03-2020 21:00,
550,1099,Case Closed,19-02-2020 12:00,
551,1102,Case Closed,17-04-2020 12:00,
552,1103,Case Closed,05-04-2020 16:00,
553,1104,Case Closed,03-03-2020 03:00,
554,1105,Case Closed,24-04-2020 12:00,
555,1106,Case Closed,20-04-2020 15:00,
556,1108,Case Closed,16-03-2020 10:00,
557,1110,Case Closed,17-05-2020 10:00,
558,1113,Case Closed,08-04-2020 11:00,
559,1114,Case Closed,17-04-2020 12:00,
560,1115,Case Closed,14-04-2021 20:00,
561,1116,Case Closed,23-03-2020 04:00,
562,1120,Case Closed,08-04-2020 11:00,
563,1125,Case Closed,01-11-2020 07:00,
564,1127,Case Closed,21-03-2020 10:00,
565,1133,Case Closed,05-04-2020 14:00,
566,1135,Case Closed,04-03-2020 16:00,
567,1136,Case Closed,13-04-2020 04:00,
568,1139,Case Closed,26-02-2020 13:00,
569,1141,Case Closed,01-03-2020 06:00,
570,1142,Case Closed,11-05-2020 05:00,
571,1144,Case Closed,01-03-2020 07:00,
572,1145,Case Closed,02-05-2020 00:00,
573,1147,Case Closed,04-03-2020 03:00,
574,1148,Case Closed,06-08-2020 04:00,
575,1151,Case Closed,05-03-2020 00:00,
576,1152,Case Closed,10-04-2020 13:00,
577,1153,Case Closed,14-04-2020 05:00,
578,1154,Case Closed,07-03-2020 21:00,
579,1155,Case Closed,06-04-2020 07:00,
580,1157,Case Closed,13-03-2020 20:00,
581,1160,Case Closed,28-04-2020 10:00,
582,1161,Case Closed,05-08-2020 06:00,
583,1162,Case Closed,03-03-2020 15:00,
584,1165,Case Closed,11-03-2020 23:00,
585,1167,Case Closed,02-04-2020 04:00,
586,1169,Case Closed,14-03-2020 12:00,
587,1173,Case Closed,15-04-2020 06:00,
588,1174,Case Closed,11-04-2020 15:00,
589,1175,Case Closed,17-03-2020 07:00,
590,1179,Case Closed,27-03-2020 06:00,
591,1180,Case Closed,18-03-2020 14:00,
592,1181,Case Closed,28-07-2020 22:00,
593,1183,Case Closed,29-04-2020 19:00,
594,1184,Case Closed,19-03-2020 14:00,
595,1186,Case Closed,07-03-2020 19:00,
596,1187,Case Closed,18-05-2020 15:00,
597,1188,Case Closed,01-08-2021 05:00,
598,1190,Case Closed,14-03-2020 07:00,
599,1196,Case Closed,24-06-2020 11:00,
600,1197,Case Closed,06-04-2020 00:00,
601,1199,Case Closed,02-06-2020 11:00,
602,1202,Case Closed,07-04-2020 01:00,
603,1203,Case Closed,22-04-2020 11:00,
604,1204,Case Closed,17-04-2020 08:00,
605,1206,Case Closed,15-04-2020 15:00,
606,1209,Case Closed,23-04-2020 23:00,
607,1210,Case Closed,12-07-2021 02:00,
608,1211,Case Closed,08-04-2020 17:00,
609,1213,Case Closed,14-05-2020 18:00,
610,1215,Case Closed,04-04-2020 01:00,
611,1217,Case Closed,24-05-2020 22:00,
612,1221,Case Closed,23-03-2020 06:00,
613,1226,Case Closed,01-03-2020 10:00,
614,1229,Case Closed,15-05-2020 12:00,
615,1235,Case Closed,09-07-2020 19:00,
616,1238,Case Closed,08-04-2020 19:00,
617,1241,Case Closed,01-04-2020 03:00,
618,1242,Case Closed,15-05-2020 14:00,
619,1243,Case Closed,23-05-2020 11:00,
620,1246,Case Closed,11-03-2020 20:00,
621,1248,Case Closed,15-03-2020 01:00,
622,1249,Case Closed,28-03-2020 14:00,
623,1252,Case Closed,25-04-2020 04:00,
624,1254,Case Closed,28-09-2021 21:00,
625,1255,Case Closed,15-05-2020 15:00,
626,1256,Case Closed,12-05-2020 19:00,
627,1257,Case Closed,27-03-2020 22:00,
628,1260,Case Closed,23-04-2020 08:00,
629,1261,Case Closed,14-03-2020 05:00,
630,1262,Case Closed,03-03-2020 07:00,
631,1265,Case Closed,11-04-2020 22:00,
632,1267,Case Closed,19-05-2020 15:00,
633,1270,Case Closed,07-11-2020 17:00,
634,1277,Case Closed,02-07-2020 23:00,
635,1284,Case Closed,05-08-2020 23:00,
636,1288,Case Closed,23-04-2020 12:00,
637,1291,Case Closed,31-03-2020 07:00,
638,1292,Case Closed,23-03-2020 09:00,
639,1293,Case Closed,26-03-2020 23:00,
640,1294,Case Closed,24-03-2020 19:00,
641,1295,Case Closed,14-04-2020 17:00,
642,1296,Case Closed,15-05-2020 01:00,
643,1297,Case Closed,03-03-2020 10:00,
644,1298,Case Closed,22-03-2020 22:00,
645,1300,Case Closed,07-12-2020 18:00,
646,1302,Case Closed,19-03-2020 22:00,
647,1305,Case Closed,15-04-2020 04:00,
648,1307,Case Closed,02-03-2020 17:00,
649,1308,Case Closed,03-05-2020 07:00,
650,1309,Case Closed,08-03-2020 16:00,
651,1311,Case Closed,07-05-2020 12:00,
652,1313,Case Closed,05-05-2020 23:00,
653,1314,Case Closed,20-05-2020 09:00,
654,1315,Case Closed,23-05-2020 23:00,
655,1316,Case Closed,18-09-2020 17:00,
656,1318,Case Closed,15-05-2020 09:00,
657,1319,Case Closed,01-04-2020 06:00,
658,1321,Case Closed,29-03-2020 21:00,
659,1322,Case Closed,16-04-2020 19:00,
660,1323,Case Closed,23-05-2020 00:00,
661,1325,Case Closed,02-04-2020 19:00,
662,1327,Case Closed,08-03-2020 05:00,
663,1329,Case Closed,27-02-2020 16:00,
664,1331,Case Closed,06-07-2021 02:00,
665,1333,Case Closed,28-03-2020 23:00,
666,1335,Case Closed,15-04-2020 00:00,
667,1339,Case Closed,12-04-2020 09:00,
668,1340,Case Closed,15-03-2020 23:00,
669,1342,Case Closed,18-03-2020 07:00,
670,1345,Case Closed,03-04-2020 11:00,
671,1347,Case Closed,18-09-2021 00:00,
672,1349,Case Closed,27-02-2020 23:00,
673,1350,Case Closed,14-08-2020 11:00,
674,1352,Case Closed,07-03-2020 06:00,
675,1356,Case Closed,16-05-2020 11:00,
676,1357,Case Closed,27-03-2020 21:00,
677,1360,Case Closed,21-05-2020 07:00,
678,1362,Case Closed,15-04-2020 21:00,
679,1364,Case Closed,16-04-2020 12:00,
680,1366,Case Closed,21-03-2020 22:00,
681,1369,Case Closed,14-04-2020 01:00,
682,1373,Case Closed,01-04-2020 03:00,
683,1375,Case Closed,27-04-2020 11:00,
684,1376,Case Closed,07-05-2020 23:00,
685,1377,Case Closed,13-04-2020 05:00,
686,1380,Case Closed,24-04-2020 16:00,
687,1381,Case Closed,14-04-2020 18:00,
688,1382,Case Closed,29-03-2020 14:00,
689,1383,Case Closed,30-04-2020 04:00,
690,1384,Case Closed,11-03-2020 07:00,
691,1385,Case Closed,23-03-2020 19:00,
692,1386,Case Closed,18-04-2020 00:00,
693,1387,Case Closed,24-05-2020 20:00,
694,1388,Case Closed,20-05-2020 03:00,
695,1393,Case Closed,06-05-2020 04:00,
696,1394,Case Closed,30-04-2020 13:00,
697,1396,Case Closed,26-05-2020 22:00,
698,1398,Case Closed,05-04-2021 02:00,
699,1399,Case Closed,27-03-2020 02:00,
700,1400,Case Closed,27-03-2020 04:00,
701,1401,Case Closed,16-03-2020 20:00,
702,1407,Case Closed,30-06-2020 04:00,
703,1408,Case Closed,20-04-2020 00:00,
704,1410,Case Closed,12-04-2020 13:00,
705,1412,Case Closed,03-03-2020 11:00,
706,1414,Case Closed,08-05-2020 19:00,
707,1418,Case Closed,11-04-2020 00:00,
708,1419,Case Closed,04-08-2020 21:00,
709,1422,Case Closed,18-05-2020 10:00,
710,1423,Case Closed,20-04-2020 22:00,
711,1424,Case Closed,08-03-2020 17:00,
712,1425,Case Closed,24-03-2020 07:00,
713,1427,Case Closed,23-05-2020 18:00,
714,1429,Case Closed,12-04-2020 23:00,
715,1431,Case Closed,14-05-2020 09:00,
716,1432,Case Closed,07-05-2020 00:00,
717,1434,Case Closed,31-05-2020 01:00,
718,1435,Case Closed,02-08-2021 01:00,
719,1436,Case Closed,16-03-2020 22:00,
720,1437,Case Closed,27-03-2020 15:00,
721,1438,Case Closed,03-04-2020 01:00,
722,1439,Case Closed,21-03-2020 13:00,
723,1440,Case Closed,12-03-2020 04:00,
724,1444,Case Closed,25-03-2020 05:00,
725,1448,Case Closed,11-04-2020 01:00,
726,1450,Case Closed,29-03-2020 21:00,
727,1451,Case Closed,18-01-2022 03:00,
728,1452,Case Closed,28-05-2020 18:00,
729,1456,Case Closed,21-03-2020 16:00,
730,1463,Case Closed,23-03-2020 14:00,
731,1464,Case Closed,15-03-2020 11:00,
732,1467,Case Closed,24-03-2020 03:00,
733,1469,Case Closed,08-05-2020 05:00,
734,1470,Case Closed,03-07-2020 11:00,
735,1471,Case Closed,26-04-2020 00:00,
736,1472,Case Closed,03-04-2020 14:00,
737,1476,Case Closed,24-03-2020 21:00,
738,1477,Case Closed,10-05-2020 22:00,
739,1480,Case Closed,24-03-2020 12:00,
740,1482,Case Closed,19-07-2020 20:00,
741,1483,Case Closed,31-07-2021 13:00,
742,1485,Case Closed,22-05-2020 05:00,
743,1486,Case Closed,28-03-2020 05:00,
744,1487,Case Closed,26-03-2020 19:00,
745,1490,Case Closed,03-04-2020 10:00,
746,1492,Case Closed,11-03-2020 09:00,
747,1495,Case Closed,08-05-2020 21:00,
748,1497,Case Closed,24-10-2020 20:00,
749,1498,Case Closed,11-03-2020 06:00,
750,1499,Case Closed,25-04-2020 16:00,
751,1500,Case Closed,09-05-2020 14:00,
752,1501,Case Closed,28-04-2020 10:00,
753,1504,Case Closed,15-05-2020 12:00,
754,1505,Case Closed,25-03-2020 11:00,
755,1510,Case Closed,30-03-2020 14:00,
756,1511,Case Closed,17-04-2020 09:00,
757,1513,Case Closed,07-04-2020 19:00,
758,1515,Case Closed,24-03-2020 23:00,
759,1519,Case Closed,07-04-2020 13:00,
760,1520,Case Closed,03-04-2020 19:00,
761,1521,Case Closed,17-05-2020 01:00,
762,1522,Case Closed,05-04-2020 16:00,
763,1523,Case Closed,05-06-2020 02:00,
764,1524,Case Closed,11-07-2020 08:00,
765,1525,Case Closed,15-03-2020 22:00,
766,1526,Case Closed,16-10-2021 05:00,
767,1529,Case Closed,25-05-2020 16:00,
768,1530,Case Closed,20-03-2020 19:00,
769,1531,Case Closed,14-04-2020 14:00,
770,1532,Case Closed,14-07-2020 07:00,
771,1534,Case Closed,10-03-2020 03:00,
772,1535,Case Closed,07-03-2020 04:00,
773,1536,Case Closed,13-06-2020 16:00,
774,1539,Case Closed,29-03-2020 14:00,
775,1540,Case Closed,13-05-2020 03:00,
776,1541,Case Closed,07-07-2020 22:00,
777,1543,Case Closed,15-04-2020 19:00,
778,1544,Case Closed,18-03-2020 14:00,
779,1546,Case Closed,12-04-2020 21:00,
780,1547,Case Closed,08-04-2020 19:00,
781,1549,Case Closed,11-03-2020 02:00,
782,1550,Case Closed,04-05-2020 06:00,
783,1551,Case Closed,22-05-2020 00:00,
784,1552,Case Closed,23-03-2020 13:00,
785,1553,Case Closed,06-05-2020 04:00,
786,1554,Case Closed,11-05-2020 18:00,
787,1561,Case Closed,09-03-2020 22:00,
788,1563,Case Closed,16-03-2020 00:00,
789,1567,Case Closed,03-05-2020 17:00,
790,1569,Case Closed,18-05-2020 19:00,
791,1571,Case Closed,17-04-2020 21:00,
792,1572,Case Closed,02-06-2020 21:00,
793,1577,Case Closed,18-04-2020 13:00,
794,1579,Case Closed,16-03-2020 02:00,
795,1580,Case Closed,11-03-2020 06:00,
796,1584,Case Closed,08-04-2020 08:00,
797,1585,Case Closed,16-03-2020 00:00,
798,1586,Case Closed,26-04-2020 22:00,
799,1587,Case Closed,15-04-2020 16:00,
800,1589,Case Closed,02-09-2021 01:00,
801,1591,Case Closed,18-03-2020 02:00,
802,1592,Case Closed,10-05-2020 20:00,
803,1598,Case Closed,13-07-2020 02:00,
804,1599,Case Closed,26-05-2020 08:00,
805,1600,Case Closed,26-03-2020 20:00,
806,1601,Case Closed,31-03-2020 01:00,
807,1602,Case Closed,31-03-2020 20:00,
808,1603,Case Closed,24-04-2020 07:00,
809,1604,Case Closed,18-04-2020 03:00,
810,1607,Case Closed,05-04-2020 03:00,
811,1608,Case Closed,12-05-2020 04:00,
812,1611,Case Closed,06-04-2020 04:00,
813,1613,Case Closed,24-05-2020 03:00,
814,1614,Case Closed,26-04-2020 00:00,
815,1616,Case Closed,05-04-2020 07:00,
816,1618,Case Closed,10-05-2020 06:00,
817,1619,Case Closed,24-04-2020 16:00,
818,1621,Case Closed,11-04-2020 10:00,
819,1626,Case Closed,13-05-2020 11:00,
820,1627,Case Closed,05-04-2020 11:00,
821,1628,Case Closed,07-04-2020 16:00,
822,1629,Case Closed,12-04-2020 02:00,
823,1630,Case Closed,24-04-2020 11:00,
824,1631,Case Closed,26-04-2020 23:00,
825,1634,Case Closed,23-05-2020 08:00,
826,1635,Case Closed,02-06-2020 02:00,
827,1640,Case Closed,18-03-2020 09:00,
828,1642,Case Closed,17-05-2020 06:00,
829,1647,Case Closed,30-06-2020 10:00,
830,1650,Case Closed,19-04-2020 06:00,
831,1651,Case Closed,06-06-2020 19:00,
832,1653,Case Closed,21-04-2020 11:00,
833,1654,Case Closed,01-04-2020 05:00,
834,1656,Case Closed,03-05-2020 05:00,
835,1657,Case Closed,13-04-2020 12:00,
836,1658,Case Closed,04-06-2020 09:00,
837,1662,Case Closed,11-05-2020 17:00,
838,1663,Case Closed,02-04-2020 04:00,
839,1664,Case Closed,29-04-2020 15:00,
840,1665,Case Closed,09-05-2020 23:00,
841,1667,Case Closed,11-08-2020 16:00,
842,1668,Case Closed,17-05-2020 03:00,
843,1669,Case Closed,30-05-2020 00:00,
844,1671,Case Closed,17-05-2020 06:00,
845,1672,Case Closed,10-06-2020 20:00,
846,1674,Case Closed,24-07-2020 22:00,
847,1677,Case Closed,10-04-2020 05:00,
848,1678,Case Closed,10-04-2020 10:00,
849,1679,Case Closed,30-05-2020 23:00,
850,1680,Case Closed,20-03-2020 20:00,
851,1681,Case Closed,21-03-2020 05:00,
852,1682,Case Closed,21-04-2020 20:00,
853,1683,Case Closed,27-03-2020 20:00,
854,1684,Case Closed,03-05-2020 09:00,
855,1686,Case Closed,06-05-2020 17:00,
856,1691,Case Closed,27-03-2020 15:00,
857,1692,Case Closed,24-07-2020 16:00,
858,1694,Case Closed,06-05-2020 12:00,
859,1698,Case Closed,27-10-2020 17:00,
860,1700,Case Closed,30-05-2020 15:00,
861,1702,Case Closed,26-05-2020 02:00,
862,1703,Case Closed,29-04-2020 20:00,
863,1706,Case Closed,13-04-2020 11:00,
864,1707,Case Closed,20-04-2020 22:00,
865,1709,Case Closed,29-12-2020 20:00,
866,1712,Case Closed,13-09-2021 09:00,
867,1713,Case Closed,24-04-2020 06:00,
868,1715,Case Closed,28-04-2020 10:00,
869,1716,Case Closed,21-04-2020 21:00,
870,1717,Case Closed,06-06-2020 16:00,
871,1718,Case Closed,21-05-2020 15:00,
872,1719,Case Closed,28-11-2020 22:00,
873,1720,Case Closed,31-05-2020 10:00,
874,1723,Case Closed,07-06-2020 01:00,
875,1725,Case Closed,22-03-2020 16:00,
876,1726,Case Closed,19-04-2020 19:00,
877,1730,Case Closed,11-04-2020 00:00,
878,1732,Case Closed,11-05-2020 04:00,
879,1735,Case Closed,02-05-2020 15:00,
880,1739,Case Closed,18-05-2020 07:00,
881,1740,Case Closed,10-05-2020 04:00,
882,1741,Case Closed,02-04-2020 22:00,
883,1742,Case Closed,03-09-2020 05:00,
884,1745,Case Closed,16-05-2020 23:00,
885,1746,Case Closed,21-06-2020 13:00,
886,1747,Case Closed,20-08-2020 17:00,
887,1751,Case Closed,08-09-2021 04:00,
888,1754,Case Closed,24-04-2020 23:00,
889,1755,Case Closed,19-05-2020 13:00,
890,1756,Case Closed,26-04-2020 12:00,
891,1761,Case Closed,20-03-2020 03:00,
892,1762,Case Closed,09-06-2020 13:00,
893,1764,Case Closed,29-07-2021 05:00,
894,1765,Case Closed,07-10-2021 08:00,
895,1766,Case Closed,02-06-2020 19:00,
896,1767,Case Closed,25-04-2020 09:00,
897,1769,Case Closed,19-04-2020 00:00,
898,1772,Case Closed,14-04-2020 21:00,
899,1774,Case Closed,06-05-2020 10:00,
900,1777,Case Closed,07-04-2020 17:00,
901,1778,Case Closed,03-06-2020 09:00,
902,1781,Case Closed,24-03-2020 18:00,
903,1783,Case Closed,21-05-2020 23:00,
904,1784,Case Closed,11-05-2020 09:00,
905,1786,Case Closed,25-05-2020 07:00,
906,1787,Case Closed,13-06-2020 15:00,
907,1789,Case Closed,02-06-2020 01:00,
908,1791,Case Closed,29-04-2020 14:00,
909,1792,Case Closed,21-05-2021 17:00,
910,1793,Case Closed,09-04-2020 23:00,
911,1795,Case Closed,20-03-2020 03:00,
912,1797,Case Closed,11-04-2020 03:00,
913,1798,Case Closed,08-04-2020 12:00,
914,1799,Case Closed,22-04-2020 18:00,
915,1803,Case Closed,01-06-2020 05:00,
916,1805,Case Closed,14-06-2020 05:00,
917,1808,Case Closed,19-04-2020 00:00,
918,1810,Case Closed,13-05-2020 18:00,
919,1813,Case Closed,14-05-2020 11:00,
920,1814,Case Closed,13-05-2020 07:00,
921,1815,Case Closed,07-04-2020 14:00,
922,1816,Case Closed,30-03-2020 21:00,
923,1817,Case Closed,23-04-2020 11:00,
924,1819,Case Closed,26-03-2020 11:00,
925,1823,Case Closed,27-03-2020 00:00,
926,1824,Case Closed,27-05-2020 02:00,
927,1825,Case Closed,20-03-2020 03:00,
928,1826,Case Closed,08-04-2020 00:00,
929,1832,Case Closed,28-05-2020 12:00,
930,1833,Case Closed,30-03-2020 07:00,
931,1834,Case Closed,29-05-2020 07:00,
932,1838,Case Closed,03-06-2020 17:00,
933,1842,Case Closed,17-06-2020 10:00,
934,1843,Case Closed,27-03-2020 07:00,
935,1845,Case Closed,17-04-2020 15:00,
936,1846,Case Closed,19-04-2020 11:00,
937,1848,Case Closed,10-06-2020 05:00,
938,1849,Case Closed,20-07-2020 05:00,
939,1850,Case Closed,25-04-2020 18:00,
940,1852,Case Closed,31-05-2020 11:00,
941,1853,Case Closed,30-05-2020 06:00,
942,1855,Case Closed,21-05-2020 22:00,
943,1858,Case Closed,16-04-2020 15:00,
944,1859,Case Closed,29-03-2020 14:00,
945,1862,Case Closed,31-05-2020 16:00,
946,1864,Case Closed,04-05-2020 21:00,
947,1867,Case Closed,06-05-2020 07:00,
948,1868,Case Closed,20-07-2021 06:00,
949,1869,Case Closed,31-05-2020 09:00,
950,1872,Case Closed,12-04-2020 08:00,
951,1875,Case Closed,17-04-2020 10:00,
952,1876,Case Closed,05-06-2020 02:00,
953,1881,Case Closed,30-04-2020 20:00,
954,1882,Case Closed,04-04-2020 00:00,
955,1883,Case Closed,24-04-2020 23:00,
956,1889,Case Closed,16-06-2020 20:00,
957,1891,Case Closed,04-06-2020 11:00,
958,1892,Case Closed,20-05-2020 13:00,
959,1893,Case Closed,09-04-2020 19:00,
960,1896,Case Closed,23-05-2020 04:00,
961,1897,Case Closed,09-06-2020 19:00,
962,1898,Case Closed,10-03-2021 03:00,
963,1902,Case Closed,12-04-2020 17:00,
964,1903,Case Closed,04-04-2020 19:00,
965,1905,Case Closed,25-05-2020 02:00,
966,1906,Case Closed,16-04-2020 19:00,
967,1908,Case Closed,29-05-2020 02:00,
968,1912,Case Closed,08-04-2020 00:00,
969,1913,Case Closed,20-04-2020 07:00,
970,1916,Case Closed,27-04-2020 21:00,
971,1918,Case Closed,30-04-2020 07:00,
972,1920,Case Closed,07-06-2020 18:00,
973,1921,Case Closed,03-06-2020 22:00,
974,1922,Case Closed,29-04-2020 22:00,
975,1923,Case Closed,20-04-2020 00:00,
976,1927,Case Closed,28-04-2020 11:00,
977,1928,Case Closed,03-06-2020 02:00,
978,1929,Case Closed,09-06-2020 22:00,
979,1932,Case Closed,25-04-2020 00:00,
980,1933,Case Closed,13-04-2020 03:00,
981,1934,Case Closed,02-04-2020 23:00,
982,1936,Case Closed,25-05-2020 05:00,
983,1938,Case Closed,01-05-2020 12:00,
984,1939,Case Closed,24-04-2020 01:00,
985,1940,Case Closed,14-11-2020 00:00,
986,1941,Case Closed,26-05-2020 12:00,
987,1945,Case Closed,26-04-2020 12:00,
988,1946,Case Closed,11-04-2020 16:00,
989,1948,Case Closed,25-03-2021 05:00,
990,1951,Case Closed,16-04-2020 03:00,
991,1952,Case Closed,24-04-2020 02:00,
992,1956,Case Closed,09-05-2020 10:00,
993,1958,Case Closed,14-05-2020 09:00,
994,1960,Case Closed,11-04-2020 19:00,
995,1962,Case Closed,06-04-2020 13:00,
996,1963,Case Closed,06-06-2020 00:00,
997,1966,Case Closed,30-03-2020 16:00,
998,1967,Case Closed,15-04-2020 14:00,
999,1968,Case Closed,02-04-2020 23:00,
1000,1970,Case Closed,05-06-2020 06:00,
1001,1972,Case Closed,03-06-2020 04:00,
1002,1976,Case Closed,17-06-2020 01:00,
1003,1977,Case Closed,08-04-2020 12:00,
1004,1978,Case Closed,05-09-2020 21:00,
1005,1980,Case Closed,24-04-2020 12:00,
1006,1981,Case Closed,30-10-2020 04:00,
1007,1982,Case Closed,23-04-2020 23:00,
1008,1983,Case Closed,08-06-2020 23:00,
1009,1985,Case Closed,23-05-2020 19:00,
1010,1989,Case Closed,13-04-2020 06:00,
1011,1990,Case Closed,15-05-2020 19:00,
1012,1991,Case Closed,09-06-2020 13:00,
1013,1992,Case Closed,28-03-2020 17:00,
1014,1996,Case Closed,21-05-2020 19:00,
1015,2001,Case Closed,13-06-2020 02:00,
1016,2002,Case Closed,11-05-2020 15:00,
1017,2004,Case Closed,04-05-2020 19:00,
1018,2007,Case Closed,08-05-2020 01:00,
1019,2010,Case Closed,22-06-2020 18:00,
1020,2014,Case Closed,16-11-2021 23:00,
1021,2015,Case Closed,30-04-2020 06:00,
1022,2016,Case Closed,03-06-2020 21:00,
1023,2019,Case Closed,01-05-2020 14:00,
1024,2020,Case Closed,30-05-2020 12:00,
1025,2022,Case Closed,05-06-2020 15:00,
1026,2023,Case Closed,14-05-2020 02:00,
1027,2024,Case Closed,29-05-2020 06:00,
1028,2025,Case Closed,16-05-2020 02:00,
1029,2026,Case Closed,25-04-2020 13:00,
1030,2027,Case Closed,07-04-2020 16:00,
1031,2029,Case Closed,15-04-2020 23:00,
1032,2030,Case Closed,25-04-2020 16:00,
1033,2034,Case Closed,20-10-2021 22:00,
1034,2035,Case Closed,20-05-2020 13:00,
1035,2037,Case Closed,09-06-2020 16:00,
1036,2038,Case Closed,19-06-2020 00:00,
1037,2039,Case Closed,27-05-2020 11:00,
1038,2041,Case Closed,17-05-2020 05:00,
1039,2045,Case Closed,28-04-2020 20:00,
1040,2046,Case Closed,01-06-2020 06:00,
1041,2049,Case Closed,12-04-2020 16:00,
1042,2050,Case Closed,18-04-2020 07:00,
1043,2052,Case Closed,18-04-2020 03:00,
1044,2053,Case Closed,10-06-2020 19:00,
1045,2056,Case Closed,06-04-2020 03:00,
1046,2059,Case Closed,18-04-2020 07:00,
1047,2060,Case Closed,13-09-2020 20:00,
1048,2061,Case Closed,16-04-2020 10:00,
1049,2062,Case Closed,06-06-2020 00:00,
1050,2064,Case Closed,20-05-2020 02:00,
1051,2065,Case Closed,24-08-2020 00:00,
1052,2068,Case Closed,28-04-2020 20:00,
1053,2072,Case Closed,04-04-2020 15:00,
1054,2076,Case Closed,30-04-2020 06:00,
1055,2077,Case Closed,06-04-2020 18:00,
1056,2080,Case Closed,21-10-2021 00:00,
1057,2087,Case Closed,11-05-2020 14:00,
1058,2092,Case Closed,21-06-2020 00:00,
1059,2094,Case Closed,13-12-2020 08:00,
1060,2096,Case Closed,04-05-2020 05:00,
1061,2097,Case Closed,29-09-2021 20:00,
1062,2100,Case Closed,17-05-2020 04:00,
1063,2102,Case Closed,23-06-2020 11:00,
1064,2103,Case Closed,12-04-2020 05:00,
1065,2105,Case Closed,28-04-2020 05:00,
1066,2106,Case Closed,18-06-2020 07:00,
1067,2111,Case Closed,27-06-2020 01:00,
1068,2112,Case Closed,05-04-2020 17:00,
1069,2113,Case Closed,09-10-2021 01:00,
1070,2118,Case Closed,22-05-2020 02:00,
1071,2119,Case Closed,17-04-2020 18:00,
1072,2122,Case Closed,09-05-2020 00:00,
1073,2123,Case Closed,13-04-2020 13:00,
1074,2125,Case Closed,15-05-2020 19:00,
1075,2126,Case Closed,16-04-2020 13:00,
1076,2127,Case Closed,05-05-2020 18:00,
1077,2129,Case Closed,15-04-2020 00:00,
1078,2131,Case Closed,04-05-2020 13:00,
1079,2134,Case Closed,28-04-2020 20:00,
1080,2136,Case Closed,23-04-2020 03:00,
1081,2137,Case Closed,17-05-2020 02:00,
1082,2140,Case Closed,27-04-2020 15:00,
1083,2142,Case Closed,24-04-2020 02:00,
1084,2143,Case Closed,17-04-2020 06:00,
1085,2144,Case Closed,15-06-2020 22:00,
1086,2145,Case Closed,11-06-2020 22:00,
1087,2147,Case Closed,17-09-2021 07:00,
1088,2149,Case Closed,07-06-2020 14:00,
1089,2151,Case Closed,26-05-2020 09:00,
1090,2152,Case Closed,29-05-2020 06:00,
1091,2156,Case Closed,07-06-2020 10:00,
1092,2157,Case Closed,26-09-2020 19:00,
1093,2159,Case Closed,11-06-2020 19:00,
1094,2160,Case Closed,23-06-2020 07:00,
1095,2161,Case Closed,01-05-2020 22:00,
1096,2162,Case Closed,07-05-2020 15:00,
1097,2163,Case Closed,23-06-2020 14:00,
1098,2164,Case Closed,15-04-2020 15:00,
1099,2166,Case Closed,04-06-2020 11:00,
1100,2168,Case Closed,10-05-2020 01:00,
1101,2169,Case Closed,27-06-2020 06:00,
1102,2170,Case Closed,08-04-2020 19:00,
1103,2171,Case Closed,07-06-2020 19:00,
1104,2175,Case Closed,26-05-2021 00:00,
1105,2176,Case Closed,20-04-2020 03:00,
1106,2177,Case Closed,08-04-2020 11:00,
1107,2180,Case Closed,19-04-2020 09:00,
1108,2181,Case Closed,06-03-2022 17:00,
1109,2182,Case Closed,18-05-2020 18:00,
1110,2187,Case Closed,31-05-2020 16:00,
1111,2188,Case Closed,06-04-2020 02:00,
1112,2189,Case Closed,01-05-2020 18:00,
1113,2191,Case Closed,08-06-2020 16:00,
1114,2192,Case Closed,13-07-2020 23:00,
1115,2193,Case Closed,24-10-2021 15:00,
1116,2195,Case Closed,29-05-2020 19:00,
1117,2196,Case Closed,26-04-2020 06:00,
1118,2198,Case Closed,01-05-2020 11:00,
1119,2201,Case Closed,31-05-2020 22:00,
1120,2203,Case Closed,12-04-2020 01:00,
1121,2204,Case Closed,15-06-2020 20:00,
1122,2205,Case Closed,28-04-2020 01:00,
1123,2206,Case Closed,09-05-2020 20:00,
1124,2208,Case Closed,07-06-2020 06:00,
1125,2209,Case Closed,26-01-2021 16:00,
1126,2210,Case Closed,11-06-2020 00:00,
1127,2211,Case Closed,29-05-2020 11:00,
1128,2214,Case Closed,01-06-2020 22:00,
1129,2215,Case Closed,05-05-2021 09:00,
1130,2216,Case Closed,30-07-2020 23:00,
1131,2217,Case Closed,10-06-2020 13:00,
1132,2219,Case Closed,07-06-2020 18:00,
1133,2221,Case Closed,18-06-2020 22:00,
1134,2223,Case Closed,20-04-2020 03:00,
1135,2224,Case Closed,14-02-2021 04:00,
1136,2225,Case Closed,11-04-2020 23:00,
1137,2228,Case Closed,22-06-2020 08:00,
1138,2229,Case Closed,20-06-2020 05:00,
1139,2230,Case Closed,04-06-2020 18:00,
1140,2233,Case Closed,03-05-2020 06:00,
1141,2234,Case Closed,25-07-2020 15:00,
1142,2240,Case Closed,20-08-2020 20:00,
1143,2241,Case Closed,27-06-2020 14:00,
1144,2244,Case Closed,06-07-2020 10:00,
1145,2246,Case Closed,13-06-2021 13:00,
1146,2247,Case Closed,29-04-2020 15:00,
1147,2248,Case Closed,30-04-2020 16:00,
1148,2249,Case Closed,26-06-2020 22:00,
1149,2250,Case Closed,17-06-2020 17:00,
1150,2254,Case Closed,01-06-2020 15:00,
1151,2256,Case Closed,06-06-2020 05:00,
1152,2259,Case Closed,28-05-2020 22:00,
1153,2263,Case Closed,28-04-2020 18:00,
1154,2267,Case Closed,19-04-2020 21:00,
1155,2269,Case Closed,12-09-2020 21:00,
1156,2271,Case Closed,29-06-2020 13:00,
1157,2274,Case Closed,02-07-2020 14:00,
1158,2277,Case Closed,15-04-2020 19:00,
1159,2279,Case Closed,02-06-2020 01:00,
1160,2281,Case Closed,25-06-2020 10:00,
1161,2282,Case Closed,22-05-2021 09:00,
1162,2283,Case Closed,17-04-2020 10:00,
1163,2284,Case Closed,08-05-2020 14:00,
1164,2290,Case Closed,28-08-2020 13:00,
1165,2291,Case Closed,11-06-2020 20:00,
1166,2299,Case Closed,11-06-2020 21:00,
1167,2300,Case Closed,20-01-2021 11:00,
1168,2302,Case Closed,12-05-2020 15:00,
1169,2305,Case Closed,24-04-2020 04:00,
1170,2306,Case Closed,08-06-2020 14:00,
1171,2308,Case Closed,06-05-2020 22:00,
1172,2309,Case Closed,13-06-2020 18:00,
1173,2312,Case Closed,09-06-2020 22:00,
1174,2313,Case Closed,03-09-2021 22:00,
1175,2314,Case Closed,24-05-2020 01:00,
1176,2316,Case Closed,24-08-2021 10:00,
1177,2318,Case Closed,18-06-2020 15:00,
1178,2320,Case Closed,10-05-2020 03:00,
1179,2321,Case Closed,03-06-2020 07:00,
1180,2323,Case Closed,15-08-2021 02:00,
1181,2324,Case Closed,03-11-2020 23:00,
1182,2327,Case Closed,05-06-2020 02:00,
1183,2329,Case Closed,12-04-2020 20:00,
1184,2330,Case Closed,26-04-2020 16:00,
1185,2331,Case Closed,10-05-2020 18:00,
1186,2332,Case Closed,04-06-2020 16:00,
1187,2333,Case Closed,12-05-2020 06:00,
1188,2334,Case Closed,29-08-2020 15:00,
1189,2335,Case Closed,30-04-2020 12:00,
1190,2336,Case Closed,28-04-2020 17:00,
1191,2341,Case Closed,04-05-2020 06:00,
1192,2342,Case Closed,23-06-2020 04:00,
1193,2343,Case Closed,04-05-2020 08:00,
1194,2344,Case Closed,07-07-2020 19:00,
1195,2345,Case Closed,01-05-2020 05:00,
1196,2348,Case Closed,20-05-2021 07:00,
1197,2351,Case Closed,08-05-2020 17:00,
1198,2352,Case Closed,27-05-2020 00:00,
1199,2353,Case Closed,04-06-2020 22:00,
1200,2354,Case Closed,07-05-2020 23:00,
1201,2355,Case Closed,24-04-2020 16:00,
1202,2357,Case Closed,25-05-2020 19:00,
1203,2358,Case Closed,24-05-2020 01:00,
1204,2359,Case Closed,04-07-2020 00:00,
1205,2360,Case Closed,19-05-2020 18:00,
1206,2363,Case Closed,24-05-2020 18:00,
1207,2366,Case Closed,09-05-2020 17:00,
1208,2370,Case Closed,28-06-2020 14:00,
1209,2373,Case Closed,03-07-2020 19:00,
1210,2374,Case Closed,05-07-2020 20:00,
1211,2377,Case Closed,21-04-2020 11:00,
1212,2378,Case Closed,28-05-2020 11:00,
1213,2380,Case Closed,04-06-2020 18:00,
1214,2386,Case Closed,30-04-2020 17:00,
1215,2388,Case Closed,06-06-2020 00:00,
1216,2392,Case Closed,29-05-2021 22:00,
1217,2394,Case Closed,06-11-2021 09:00,
1218,2398,Case Closed,27-06-2020 19:00,
1219,2399,Case Closed,22-06-2020 13:00,
1220,2400,Case Closed,11-09-2021 05:00,
1221,2402,Case Closed,09-07-2021 08:00,
1222,2403,Case Closed,31-05-2020 10:00,
1223,2404,Case Closed,13-01-2022 13:00,
1224,2405,Case Closed,03-12-2020 00:00,
1225,2406,Case Closed,04-06-2020 20:00,
1226,2409,Case Closed,22-05-2020 05:00,
1227,2410,Case Closed,04-07-2020 10:00,
1228,2412,Case Closed,22-04-2020 22:00,
1229,2413,Case Closed,01-05-2020 19:00,
1230,2414,Case Closed,06-06-2020 22:00,
1231,2415,Case Closed,17-05-2020 01:00,
1232,2416,Case Closed,03-12-2020 06:00,
1233,2417,Case Closed,24-06-2020 16:00,
1234,2418,Case Closed,09-11-2021 10:00,
1235,2423,Case Closed,04-05-2020 10:00,
1236,2425,Case Closed,09-06-2020 15:00,
1237,2427,Case Closed,23-06-2020 18:00,
1238,2428,Case Closed,22-04-2020 09:00,
1239,2431,Case Closed,08-11-2021 22:00,
1240,2432,Case Closed,12-06-2020 02:00,
1241,2434,Case Closed,25-04-2020 18:00,
1242,2435,Case Closed,07-07-2021 16:00,
1243,2436,Case Closed,23-04-2020 10:00,
1244,2437,Case Closed,22-04-2021 18:00,
1245,2438,Case Closed,11-05-2020 00:00,
1246,2439,Case Closed,28-05-2020 22:00,
1247,2442,Case Closed,03-07-2020 02:00,
1248,2444,Case Closed,18-04-2020 15:00,
1249,2445,Case Closed,22-04-2020 13:00,
1250,2451,Case Closed,17-05-2020 01:00,
1251,2453,Case Closed,02-05-2020 21:00,
1252,2454,Case Closed,28-04-2020 09:00,
1253,2457,Case Closed,22-04-2020 23:00,
1254,2459,Case Closed,09-09-2020 22:00,
1255,2460,Case Closed,24-05-2020 10:00,
1256,2461,Case Closed,22-06-2020 11:00,
1257,2462,Case Closed,05-05-2020 12:00,
1258,2464,Case Closed,08-05-2021 04:00,
1259,2468,Case Closed,24-04-2020 08:00,
1260,2471,Case Closed,22-05-2020 04:00,
1261,2473,Case Closed,09-07-2020 12:00,
1262,2474,Case Closed,01-06-2020 13:00,
1263,2476,Case Closed,04-05-2020 16:00,
1264,2477,Case Closed,13-07-2020 06:00,
1265,2479,Case Closed,04-05-2020 00:00,
1266,2480,Case Closed,23-04-2020 06:00,
1267,2481,Case Closed,25-06-2020 11:00,
1268,2482,Case Closed,15-06-2020 09:00,
1269,2483,Case Closed,30-05-2020 16:00,
1270,2487,Case Closed,17-05-2021 07:00,
1271,2490,Case Closed,23-06-2020 16:00,
1272,2491,Case Closed,23-04-2020 00:00,
1273,2493,Case Closed,07-07-2020 04:00,
1274,2494,Case Closed,01-05-2020 02:00,
1275,2495,Case Closed,28-04-2020 03:00,
1276,2496,Case Closed,22-04-2020 17:00,
1277,2498,Case Closed,14-06-2020 05:00,
1278,2499,Case Closed,19-09-2020 13:00,
1279,2500,Case Closed,07-07-2020 05:00,
1280,2504,Case Closed,26-05-2020 14:00,
1281,2505,Case Closed,07-06-2020 04:00,
1282,2507,Case Closed,09-07-2020 07:00,
1283,2508,Case Closed,12-08-2021 06:00,
1284,2510,Case Closed,18-06-2020 14:00,
1285,2511,Case Closed,13-07-2020 05:00,
1286,2513,Case Closed,06-05-2020 07:00,
1287,2516,Case Closed,22-05-2020 21:00,
1288,2517,Case Closed,01-06-2020 14:00,
1289,2519,Case Closed,19-05-2020 11:00,
1290,2520,Case Closed,29-04-2020 07:00,
1291,2522,Case Closed,10-06-2020 21:00,
1292,2524,Case Closed,07-06-2020 02:00,
1293,2526,Case Closed,02-06-2020 04:00,
1294,2529,Case Closed,07-06-2020 20:00,
1295,2530,Case Closed,14-05-2020 22:00,
1296,2531,Case Closed,24-04-2020 08:00,
1297,2532,Case Closed,24-06-2020 04:00,
1298,2533,Case Closed,30-05-2020 23:00,
1299,2535,Case Closed,28-06-2020 18:00,
1300,2539,Case Closed,02-07-2020 14:00,
1301,2543,Case Closed,06-07-2020 17:00,
1302,2544,Case Closed,03-07-2020 06:00,
1303,2545,Case Closed,06-05-2020 20:00,
1304,2547,Case Closed,29-05-2020 03:00,
1305,2548,Case Closed,25-06-2021 10:00,
1306,2549,Case Closed,12-05-2020 06:00,
1307,2550,Case Closed,18-06-2020 09:00,
1308,2552,Case Closed,20-08-2020 02:00,
1309,2553,Case Closed,18-06-2020 20:00,
1310,2556,Case Closed,24-05-2020 00:00,
1311,2558,Case Closed,20-06-2020 20:00,
1312,2562,Case Closed,12-07-2020 08:00,
1313,2566,Case Closed,18-06-2020 05:00,
1314,2568,Case Closed,29-04-2020 07:00,
1315,2573,Case Closed,23-05-2020 11:00,
1316,2574,Case Closed,19-05-2020 23:00,
1317,2577,Case Closed,07-05-2020 14:00,
1318,2578,Case Closed,01-07-2020 17:00,
1319,2581,Case Closed,02-06-2020 04:00,
1320,2582,Case Closed,24-06-2020 23:00,
1321,2588,Case Closed,14-06-2020 22:00,
1322,2589,Case Closed,29-05-2020 20:00,
1323,2590,Case Closed,03-05-2020 07:00,
1324,2591,Case Closed,15-07-2020 11:00,
1325,2593,Case Closed,21-06-2020 22:00,
1326,2594,Case Closed,16-06-2020 00:00,
1327,2596,Case Closed,06-07-2020 06:00,
1328,2597,Case Closed,04-05-2020 05:00,
1329,2598,Case Closed,06-05-2020 12:00,
1330,2599,Case Closed,03-05-2020 01:00,
1331,2600,Case Closed,18-05-2020 17:00,
1332,2605,Case Closed,06-06-2020 18:00,
1333,2611,Case Closed,14-07-2020 13:00,
1334,2612,Case Closed,28-05-2020 09:00,
1335,2613,Case Closed,27-05-2020 03:00,
1336,2614,Case Closed,02-05-2020 18:00,
1337,2615,Case Closed,18-06-2020 04:00,
1338,2616,Case Closed,03-07-2020 23:00,
1339,2617,Case Closed,12-07-2020 23:00,
1340,2618,Case Closed,30-04-2020 03:00,
1341,2619,Case Closed,23-06-2020 17:00,
1342,2620,Case Closed,30-04-2020 02:00,
1343,2621,Case Closed,23-06-2020 10:00,
1344,2622,Case Closed,19-07-2021 03:00,
1345,2623,Case Closed,09-07-2020 06:00,
1346,2625,Case Closed,18-05-2020 15:00,
1347,2628,Case Closed,20-06-2020 15:00,
1348,2633,Case Closed,28-05-2020 10:00,
1349,2636,Case Closed,03-06-2020 21:00,
1350,2639,Case Closed,05-07-2021 06:00,
1351,2640,Case Closed,13-11-2021 23:00,
1352,2641,Case Closed,09-06-2020 01:00,
1353,2642,Case Closed,06-06-2020 08:00,
1354,2644,Case Closed,13-06-2020 14:00,
1355,2645,Case Closed,02-09-2020 16:00,
1356,2646,Case Closed,26-05-2020 18:00,
1357,2647,Case Closed,29-04-2020 19:00,
1358,2649,Case Closed,09-10-2020 17:00,
1359,2651,Case Closed,21-06-2020 01:00,
1360,2652,Case Closed,26-05-2020 10:00,
1361,2653,Case Closed,01-09-2020 18:00,
1362,2655,Case Closed,24-05-2020 21:00,
1363,2658,Case Closed,18-05-2020 00:00,
1364,2659,Case Closed,14-09-2020 15:00,
1365,2660,Case Closed,07-05-2020 15:00,
1366,2661,Case Closed,29-05-2020 11:00,
1367,2664,Case Closed,18-05-2020 08:00,
1368,2666,Case Closed,30-04-2020 14:00,
1369,2667,Case Closed,18-05-2020 00:00,
1370,2668,Case Closed,27-05-2020 09:00,
1371,2669,Case Closed,27-05-2020 05:00,
1372,2673,Case Closed,04-05-2020 21:00,
1373,2674,Case Closed,18-05-2020 16:00,
1374,2675,Case Closed,06-07-2020 17:00,
1375,2677,Case Closed,30-05-2020 12:00,
1376,2680,Case Closed,10-07-2020 01:00,
1377,2681,Case Closed,23-06-2020 21:00,
1378,2682,Case Closed,06-07-2020 18:00,
1379,2683,Case Closed,11-06-2020 01:00,
1380,2685,Case Closed,02-06-2020 20:00,
1381,2686,Case Closed,02-06-2020 17:00,
1382,2689,Case Closed,09-07-2020 02:00,
1383,2690,Case Closed,29-05-2020 19:00,
1384,2691,Case Closed,19-06-2020 22:00,
1385,2693,Case Closed,04-05-2020 05:00,
1386,2696,Case Closed,16-07-2020 23:00,
1387,2697,Case Closed,03-06-2020 03:00,
1388,2698,Case Closed,06-06-2020 11:00,
1389,2701,Case Closed,10-05-2020 02:00,
1390,2703,Case Closed,18-05-2020 05:00,
1391,2708,Case Closed,08-05-2020 09:00,
1392,2710,Case Closed,06-07-2020 06:00,
1393,2711,Case Closed,22-06-2020 22:00,
1394,2714,Case Closed,24-07-2020 12:00,
1395,2715,Case Closed,02-07-2020 09:00,
1396,2716,Case Closed,01-06-2020 23:00,
1397,2718,Case Closed,29-06-2020 20:00,
1398,2720,Case Closed,09-09-2020 02:00,
1399,2721,Case Closed,07-06-2020 15:00,
1400,2724,Case Closed,27-05-2020 22:00,
1401,2726,Case Closed,12-06-2020 15:00,
1402,2728,Case Closed,10-12-2021 05:00,
1403,2729,Case Closed,15-07-2020 03:00,
1404,2731,Case Closed,16-07-2020 08:00,
1405,2732,Case Closed,25-06-2020 21:00,
1406,2733,Case Closed,16-11-2021 18:00,
1407,2734,Case Closed,25-04-2020 10:00,
1408,2736,Case Closed,23-06-2020 18:00,
1409,2742,Case Closed,06-05-2020 21:00,
1410,2743,Case Closed,26-05-2020 15:00,
1411,2745,Case Closed,03-05-2020 14:00,
1412,2746,Case Closed,20-05-2020 18:00,
1413,2747,Case Closed,05-05-2020 08:00,
1414,2748,Case Closed,03-06-2020 04:00,
1415,2749,Case Closed,09-11-2021 06:00,
1416,2751,Case Closed,06-06-2020 16:00,
1417,2752,Case Closed,23-08-2021 07:00,
1418,2753,Case Closed,24-05-2020 14:00,
1419,2759,Case Closed,18-07-2020 04:00,
1420,2760,Case Closed,13-07-2020 11:00,
1421,2761,Case Closed,09-05-2020 09:00,
1422,2763,Case Closed,19-06-2020 19:00,
1423,2765,Case Closed,29-05-2020 09:00,
1424,2770,Case Closed,13-06-2020 03:00,
1425,2772,Case Closed,11-07-2020 03:00,
1426,2775,Case Closed,22-07-2020 15:00,
1427,2779,Case Closed,10-06-2020 22:00,
1428,2780,Case Closed,01-07-2020 11:00,
1429,2783,Case Closed,14-06-2020 04:00,
1430,2784,Case Closed,03-05-2020 19:00,
1431,2785,Case Closed,15-07-2020 19:00,
1432,2786,Case Closed,15-01-2021 02:00,
1433,2788,Case Closed,01-07-2020 00:00,
1434,2790,Case Closed,11-07-2020 19:00,
1435,2792,Case Closed,22-06-2020 00:00,
1436,2795,Case Closed,02-06-2020 09:00,
1437,2796,Case Closed,10-05-2020 07:00,
1438,2798,Case Closed,29-05-2020 14:00,
1439,2799,Case Closed,19-05-2020 05:00,
1440,2800,Case Closed,16-05-2020 05:00,
1441,2801,Case Closed,07-05-2020 22:00,
1442,2802,Case Closed,22-06-2020 12:00,
1443,2803,Case Closed,23-06-2020 15:00,
1444,2805,Case Closed,04-07-2020 15:00,
1445,2806,Case Closed,20-09-2021 02:00,
1446,2807,Case Closed,07-05-2020 09:00,
1447,2810,Case Closed,17-06-2020 20:00,
1448,2811,Case Closed,17-05-2020 17:00,
1449,2813,Case Closed,30-11-2021 04:00,
1450,2815,Case Closed,13-06-2020 04:00,
1451,2817,Case Closed,25-05-2020 06:00,
1452,2820,Case Closed,27-07-2020 16:00,
1453,2822,Case Closed,09-05-2020 00:00,
1454,2823,Case Closed,03-06-2020 05:00,
1455,2825,Case Closed,06-07-2020 03:00,
1456,2831,Case Closed,26-05-2020 20:00,
1457,2832,Case Closed,08-06-2020 17:00,
1458,2833,Case Closed,22-05-2020 12:00,
1459,2835,Case Closed,06-07-2020 12:00,
1460,2836,Case Closed,07-07-2020 09:00,
1461,2838,Case Closed,26-07-2020 14:00,
1462,2842,Case Closed,29-03-2021 02:00,
1463,2843,Case Closed,13-07-2020 07:00,
1464,2844,Case Closed,28-08-2020 12:00,
1465,2847,Case Closed,26-06-2020 01:00,
1466,2851,Case Closed,10-05-2020 08:00,
1467,2853,Case Closed,18-11-2020 03:00,
1468,2856,Case Closed,25-06-2020 15:00,
1469,2857,Case Closed,15-10-2020 04:00,
1470,2858,Case Closed,29-01-2021 12:00,
1471,2859,Case Closed,25-05-2020 23:00,
1472,2860,Case Closed,04-06-2020 11:00,
1473,2862,Case Closed,24-02-2021 16:00,
1474,2866,Case Closed,23-07-2020 22:00,
1475,2867,Case Closed,22-06-2020 01:00,
1476,2868,Case Closed,01-06-2020 05:00,
1477,2869,Case Closed,13-06-2020 23:00,
1478,2871,Case Closed,20-06-2020 07:00,
1479,2873,Case Closed,27-07-2020 11:00,
1480,2875,Case Closed,03-06-2020 17:00,
1481,2876,Case Closed,26-05-2020 04:00,
1482,2879,Case Closed,10-07-2020 15:00,
1483,2880,Case Closed,04-07-2020 03:00,
1484,2884,Case Closed,20-07-2020 21:00,
1485,2890,Case Closed,01-07-2020 14:00,
1486,2892,Case Closed,07-07-2020 17:00,
1487,2895,Case Closed,26-11-2021 13:00,
1488,2898,Case Closed,10-05-2020 18:00,
1489,2900,Case Closed,05-07-2020 09:00,
1490,2901,Case Closed,28-07-2020 09:00,
1491,2905,Case Closed,22-07-2020 12:00,
1492,2908,Case Closed,05-07-2020 04:00,
1493,2910,Case Closed,11-07-2020 13:00,
1494,2911,Case Closed,30-11-2020 02:00,
1495,2912,Case Closed,20-07-2020 13:00,
1496,2917,Case Closed,29-05-2020 18:00,
1497,2918,Case Closed,14-11-2021 16:00,
1498,2919,Case Closed,24-06-2020 18:00,
1499,2922,Case Closed,17-06-2020 16:00,
1500,2923,Case Closed,26-06-2020 15:00,
1501,2925,Case Closed,06-07-2020 22:00,
1502,2929,Case Closed,27-06-2020 11:00,
1503,2931,Case Closed,10-05-2020 13:00,
1504,2935,Case Closed,14-05-2020 01:00,
1505,2936,Case Closed,21-05-2020 03:00,
1506,2937,Case Closed,28-06-2020 02:00,
1507,2939,Case Closed,20-05-2020 09:00,
1508,2941,Case Closed,05-03-2022 22:00,
1509,2942,Case Closed,11-07-2020 00:00,
1510,2944,Case Closed,19-06-2020 00:00,
1511,2948,Case Closed,07-07-2020 01:00,
1512,2950,Case Closed,14-06-2020 21:00,
1513,2951,Case Closed,10-05-2020 20:00,
1514,2953,Case Closed,08-06-2020 20:00,
1515,2954,Case Closed,10-05-2020 10:00,
1516,2955,Case Closed,02-06-2020 02:00,
1517,2957,Case Closed,28-07-2020 08:00,
1518,2958,Case Closed,04-07-2020 20:00,
1519,2960,Case Closed,03-10-2020 15:00,
1520,2962,Case Closed,09-09-2021 16:00,
1521,2963,Case Closed,04-06-2020 08:00,
1522,2965,Case Closed,06-01-2021 06:00,
1523,2966,Case Closed,24-06-2020 20:00,
1524,2969,Case Closed,19-07-2020 09:00,
1525,2970,Case Closed,01-10-2020 09:00,
1526,2973,Case Closed,22-07-2020 23:00,
1527,2977,Case Closed,08-07-2020 15:00,
1528,2978,Case Closed,19-07-2020 11:00,
1529,2979,Case Closed,30-07-2020 09:00,
1530,2980,Case Closed,31-05-2020 08:00,
1531,2981,Case Closed,27-07-2020 09:00,
1532,2982,Case Closed,31-07-2020 21:00,
1533,2983,Case Closed,20-07-2020 03:00,
1534,2984,Case Closed,09-04-2021 04:00,
1535,2985,Case Closed,08-07-2020 17:00,
1536,2986,Case Closed,22-06-2020 17:00,
1537,2988,Case Closed,17-05-2020 00:00,
1538,2993,Case Closed,02-08-2020 21:00,
1539,2997,Case Closed,20-07-2020 11:00,
1540,2998,Case Closed,11-08-2020 13:00,
1541,2999,Case Closed,05-07-2020 23:00,
1542,3002,Case Closed,03-06-2020 07:00,
1543,3005,Case Closed,31-10-2020 12:00,
1544,3009,Case Closed,11-05-2020 12:00,
1545,3013,Case Closed,20-07-2020 02:00,
1546,3015,Case Closed,09-07-2020 20:00,
1547,3016,Case Closed,30-06-2020 18:00,
1548,3025,Case Closed,08-11-2020 17:00,
1549,3028,Case Closed,01-05-2022 07:00,
1550,3030,Case Closed,18-06-2020 17:00,
1551,3031,Case Closed,21-01-2021 14:00,
1552,3032,Case Closed,16-06-2020 03:00,
1553,3035,Case Closed,05-06-2020 03:00,
1554,3037,Case Closed,01-08-2020 15:00,
1555,3038,Case Closed,17-05-2020 20:00,
1556,3040,Case Closed,13-06-2020 22:00,
1557,3041,Case Closed,21-07-2020 08:00,
1558,3043,Case Closed,06-06-2020 09:00,
1559,3046,Case Closed,23-05-2020 18:00,
1560,3049,Case Closed,26-03-2022 09:00,
1561,3052,Case Closed,13-07-2020 20:00,
1562,3057,Case Closed,05-08-2020 13:00,
1563,3060,Case Closed,15-12-2020 19:00,
1564,3062,Case Closed,16-05-2020 05:00,
1565,3063,Case Closed,22-06-2020 22:00,
1566,3064,Case Closed,05-07-2020 02:00,
1567,3066,Case Closed,23-07-2020 09:00,
1568,3068,Case Closed,24-05-2020 22:00,
1569,3070,Case Closed,29-05-2020 23:00,
1570,3071,Case Closed,02-06-2020 21:00,
1571,3073,Case Closed,21-06-2020 11:00,
1572,3074,Case Closed,24-06-2020 05:00,
1573,3076,Case Closed,02-08-2020 03:00,
1574,3083,Case Closed,02-07-2020 10:00,
1575,3085,Case Closed,08-08-2020 04:00,
1576,3086,Case Closed,18-05-2020 04:00,
1577,3091,Case Closed,25-05-2020 10:00,
1578,3093,Case Closed,09-06-2020 23:00,
1579,3094,Case Closed,06-06-2020 03:00,
1580,3096,Case Closed,20-05-2020 00:00,
1581,3098,Case Closed,26-05-2020 05:00,
1582,3106,Case Closed,22-06-2020 07:00,
1583,3108,Case Closed,18-05-2020 13:00,
1584,3109,Case Closed,06-10-2020 02:00,
1585,3111,Case Closed,29-05-2020 08:00,
1586,3113,Case Closed,25-05-2020 08:00,
1587,3114,Case Closed,27-05-2020 09:00,
1588,3115,Case Closed,18-05-2020 23:00,
1589,3118,Case Closed,16-05-2020 22:00,
1590,3121,Case Closed,04-06-2020 05:00,
1591,3122,Case Closed,27-05-2020 13:00,
1592,3123,Case Closed,09-06-2020 04:00,
1593,3124,Case Closed,23-05-2020 08:00,
1594,3127,Case Closed,27-07-2020 18:00,
1595,3128,Case Closed,29-05-2020 16:00,
1596,3131,Case Closed,14-06-2020 09:00,
1597,3133,Case Closed,26-06-2020 07:00,
1598,3141,Case Closed,24-05-2020 00:00,
1599,3142,Case Closed,18-05-2020 02:00,
1600,3143,Case Closed,10-05-2021 17:00,
1601,3144,Case Closed,07-06-2020 06:00,
1602,3145,Case Closed,11-07-2020 07:00,
1603,3148,Case Closed,28-06-2020 15:00,
1604,3149,Case Closed,06-08-2020 12:00,
1605,3151,Case Closed,21-05-2020 03:00,
1606,3154,Case Closed,10-06-2020 14:00,
1607,3155,Case Closed,10-10-2020 09:00,
1608,3156,Case Closed,13-06-2020 12:00,
1609,3158,Case Closed,13-07-2020 05:00,
1610,3160,Case Closed,22-03-2022 01:00,
1611,3162,Case Closed,25-05-2020 12:00,
1612,3165,Case Closed,27-05-2020 19:00,
1613,3168,Case Closed,07-06-2020 12:00,
1614,3169,Case Closed,08-07-2020 22:00,
1615,3170,Case Closed,11-09-2020 21:00,
1616,3171,Case Closed,13-06-2020 08:00,
1617,3173,Case Closed,26-07-2020 05:00,
1618,3174,Case Closed,26-06-2020 15:00,
1619,3176,Case Closed,26-07-2020 23:00,
1620,3178,Case Closed,01-07-2020 18:00,
1621,3182,Case Closed,18-04-2021 18:00,
1622,3185,Case Closed,04-10-2020 08:00,
1623,3189,Case Closed,28-07-2020 15:00,
1624,3190,Case Closed,20-03-2021 08:00,
1625,3191,Case Closed,24-09-2020 02:00,
1626,3193,Case Closed,06-08-2020 21:00,
1627,3195,Case Closed,28-07-2020 16:00,
1628,3197,Case Closed,23-07-2020 06:00,
1629,3198,Case Closed,10-08-2020 15:00,
1630,3199,Case Closed,08-06-2020 07:00,
1631,3200,Case Closed,20-06-2020 09:00,
1632,3201,Case Closed,07-06-2020 05:00,
1633,3203,Case Closed,05-08-2020 21:00,
1634,3204,Case Closed,15-01-2022 00:00,
1635,3205,Case Closed,17-07-2020 00:00,
1636,3207,Case Closed,12-07-2020 04:00,
1637,3210,Case Closed,26-05-2020 21:00,
1638,3211,Case Closed,07-07-2020 14:00,
1639,3214,Case Closed,28-07-2020 04:00,
1640,3215,Case Closed,12-08-2020 12:00,
1641,3216,Case Closed,01-11-2020 19:00,
1642,3220,Case Closed,16-07-2020 18:00,
1643,3223,Case Closed,02-06-2020 09:00,
1644,3224,Case Closed,17-06-2020 15:00,
1645,3225,Case Closed,02-08-2020 16:00,
1646,3226,Case Closed,15-07-2020 02:00,
1647,3228,Case Closed,10-07-2020 02:00,
1648,3229,Case Closed,13-07-2020 23:00,
1649,3232,Case Closed,10-06-2020 02:00,
1650,3233,Case Closed,02-08-2020 23:00,
1651,3234,Case Closed,29-07-2020 07:00,
1652,3236,Case Closed,14-06-2020 18:00,
1653,3237,Case Closed,26-05-2020 20:00,
1654,3238,Case Closed,26-05-2020 23:00,
1655,3239,Case Closed,09-06-2020 10:00,
1656,3242,Case Closed,05-08-2020 23:00,
1657,3245,Case Closed,11-06-2020 14:00,
1658,3246,Case Closed,15-11-2021 09:00,
1659,3248,Case Closed,22-05-2020 04:00,
1660,3249,Case Closed,22-07-2020 06:00,
1661,3250,Case Closed,17-06-2020 12:00,
1662,3251,Case Closed,21-07-2020 05:00,
1663,3255,Case Closed,11-12-2020 21:00,
1664,3259,Case Closed,28-05-2020 21:00,
1665,3260,Case Closed,24-07-2020 23:00,
1666,3262,Case Closed,28-08-2020 17:00,
1667,3263,Case Closed,23-06-2020 05:00,
1668,3264,Case Closed,25-12-2020 23:00,
1669,3267,Case Closed,06-08-2020 05:00,
1670,3268,Case Closed,13-08-2020 12:00,
1671,3270,Case Closed,30-05-2020 22:00,
1672,3271,Case Closed,26-05-2020 00:00,
1673,3273,Case Closed,30-07-2020 14:00,
1674,3275,Case Closed,13-07-2020 02:00,
1675,3276,Case Closed,15-12-2021 12:00,
1676,3281,Case Closed,05-07-2020 00:00,
1677,3282,Case Closed,09-08-2020 18:00,
1678,3284,Case Closed,26-05-2020 07:00,
1679,3285,Case Closed,06-08-2020 17:00,
1680,3286,Case Closed,08-07-2020 20:00,
1681,3291,Case Closed,26-07-2020 10:00,
1682,3292,Case Closed,27-05-2020 05:00,
1683,3295,Case Closed,11-06-2020 04:00,
1684,3299,Case Closed,13-09-2020 17:00,
1685,3300,Case Closed,21-06-2020 22:00,
1686,3301,Case Closed,28-07-2020 08:00,
1687,3302,Case Closed,25-05-2020 23:00,
1688,3304,Case Closed,24-03-2022 05:00,
1689,3305,Case Closed,03-06-2021 04:00,
1690,3307,Case Closed,16-07-2020 22:00,
1691,3308,Case Closed,14-08-2020 00:00,
1692,3309,Case Closed,29-05-2020 19:00,
1693,3312,Case Closed,11-09-2021 15:00,
1694,3313,Case Closed,08-03-2022 16:00,
1695,3316,Case Closed,20-06-2020 02:00,
1696,3317,Case Closed,06-06-2020 01:00,
1697,3320,Case Closed,03-06-2020 08:00,
1698,3321,Case Closed,30-06-2020 19:00,
1699,3322,Case Closed,12-10-2020 21:00,
1700,3323,Case Closed,11-07-2020 22:00,
1701,3326,Case Closed,30-06-2020 04:00,
1702,3327,Case Closed,01-07-2020 03:00,
1703,3328,Case Closed,31-07-2021 06:00,
1704,3329,Case Closed,26-07-2020 02:00,
1705,3331,Case Closed,05-06-2020 09:00,
1706,3332,Case Closed,02-07-2020 04:00,
1707,3334,Case Closed,23-07-2020 02:00,
1708,3336,Case Closed,23-06-2020 00:00,
1709,3337,Case Closed,08-08-2020 05:00,
1710,3339,Case Closed,23-07-2020 13:00,
1711,3340,Case Closed,28-07-2020 06:00,
1712,3343,Case Closed,14-11-2021 08:00,
1713,3345,Case Closed,02-08-2020 12:00,
1714,3346,Case Closed,05-08-2020 16:00,
1715,3347,Case Closed,14-07-2020 03:00,
1716,3349,Case Closed,11-07-2020 04:00,
1717,3351,Case Closed,06-07-2020 17:00,
1718,3356,Case Closed,10-06-2020 19:00,
1719,3358,Case Closed,12-05-2021 23:00,
1720,3363,Case Closed,18-06-2020 19:00,
1721,3364,Case Closed,29-05-2020 18:00,
1722,3365,Case Closed,26-05-2020 06:00,
1723,3367,Case Closed,21-07-2020 06:00,
1724,3369,Case Closed,15-07-2020 16:00,
1725,3370,Case Closed,18-07-2020 05:00,
1726,3374,Case Closed,23-06-2020 09:00,
1727,3375,Case Closed,26-03-2022 07:00,
1728,3377,Case Closed,11-08-2020 10:00,
1729,3378,Case Closed,29-06-2020 10:00,
1730,3379,Case Closed,24-06-2020 03:00,
1731,3381,Case Closed,28-07-2020 07:00,
1732,3383,Case Closed,28-07-2020 13:00,
1733,3384,Case Closed,13-06-2020 09:00,
1734,3389,Case Closed,01-08-2020 06:00,
1735,3390,Case Closed,14-11-2020 15:00,
1736,3391,Case Closed,19-07-2020 00:00,
1737,3392,Case Closed,14-08-2020 08:00,
1738,3393,Case Closed,15-06-2020 11:00,
1739,3396,Case Closed,05-07-2020 14:00,
1740,3397,Case Closed,24-06-2020 07:00,
1741,3402,Case Closed,11-06-2020 06:00,
1742,3403,Case Closed,05-08-2020 14:00,
1743,3404,Case Closed,15-07-2020 15:00,
1744,3405,Case Closed,07-08-2020 14:00,
1745,3406,Case Closed,13-06-2020 09:00,
1746,3407,Case Closed,12-07-2020 18:00,
1747,3408,Case Closed,01-08-2020 15:00,
1748,3409,Case Closed,08-06-2020 18:00,
1749,3411,Case Closed,11-08-2020 10:00,
1750,3417,Case Closed,09-06-2020 18:00,
1751,3420,Case Closed,05-07-2020 17:00,
1752,3421,Case Closed,09-06-2020 20:00,
1753,3422,Case Closed,02-08-2020 13:00,
1754,3423,Case Closed,16-06-2020 17:00,
1755,3424,Case Closed,12-07-2020 02:00,
1756,3425,Case Closed,08-07-2020 19:00,
1757,3430,Case Closed,03-06-2020 04:00,
1758,3434,Case Closed,10-06-2020 22:00,
1759,3437,Case Closed,01-07-2020 16:00,
1760,3440,Case Closed,30-05-2020 12:00,
1761,3442,Case Closed,24-07-2020 13:00,
1762,3443,Case Closed,08-07-2020 22:00,
1763,3447,Case Closed,04-06-2020 16:00,
1764,3448,Case Closed,10-06-2020 20:00,
1765,3449,Case Closed,14-07-2020 05:00,
1766,3450,Case Closed,12-08-2020 05:00,
1767,3457,Case Closed,23-09-2020 07:00,
1768,3458,Case Closed,19-06-2020 03:00,
1769,3459,Case Closed,23-06-2020 04:00,
1770,3460,Case Closed,28-07-2020 22:00,
1771,3461,Case Closed,16-07-2020 18:00,
1772,3462,Case Closed,03-08-2021 09:00,
1773,3464,Case Closed,10-07-2020 00:00,
1774,3469,Case Closed,25-07-2020 07:00,
1775,3474,Case Closed,28-06-2020 07:00,
1776,3475,Case Closed,12-08-2020 04:00,
1777,3476,Case Closed,24-06-2020 04:00,
1778,3477,Case Closed,20-06-2020 18:00,
1779,3479,Case Closed,17-10-2020 03:00,
1780,3481,Case Closed,20-07-2020 15:00,
1781,3482,Case Closed,28-07-2020 16:00,
1782,3483,Case Closed,08-07-2020 09:00,
1783,3484,Case Closed,29-07-2020 15:00,
1784,3485,Case Closed,07-07-2020 23:00,
1785,3487,Case Closed,10-08-2020 23:00,
1786,3488,Case Closed,15-05-2022 01:00,
1787,3489,Case Closed,27-07-2020 07:00,
1788,3490,Case Closed,07-06-2020 18:00,
1789,3491,Case Closed,20-06-2020 08:00,
1790,3492,Case Closed,20-06-2020 23:00,
1791,3494,Case Closed,16-08-2020 22:00,
1792,3496,Case Closed,31-05-2020 10:00,
1793,3498,Case Closed,01-02-2021 01:00,
1794,3500,Case Closed,12-04-2022 23:00,
1795,3501,Case Closed,19-08-2020 01:00,
1796,3504,Case Closed,04-06-2020 20:00,
1797,3505,Case Closed,12-08-2020 00:00,
1798,3508,Case Closed,10-07-2020 12:00,
1799,3509,Case Closed,11-08-2020 14:00,
1800,3510,Case Closed,28-07-2020 10:00,
1801,3512,Case Closed,01-05-2021 08:00,
1802,3513,Case Closed,31-05-2020 14:00,
1803,3514,Case Closed,25-06-2020 00:00,
1804,3515,Case Closed,23-07-2020 22:00,
1805,3517,Case Closed,11-06-2020 13:00,
1806,3518,Case Closed,18-05-2022 05:00,
1807,3520,Case Closed,25-08-2020 04:00,
1808,3522,Case Closed,20-08-2020 22:00,
1809,3523,Case Closed,16-08-2020 04:00,
1810,3524,Case Closed,23-06-2020 00:00,
1811,3527,Case Closed,27-12-2021 22:00,
1812,3534,Case Closed,03-08-2020 20:00,
1813,3536,Case Closed,19-08-2020 23:00,
1814,3538,Case Closed,05-07-2020 03:00,
1815,3539,Case Closed,25-06-2020 03:00,
1816,3540,Case Closed,28-07-2020 12:00,
1817,3541,Case Closed,09-08-2020 05:00,
1818,3544,Case Closed,17-10-2021 09:00,
1819,3545,Case Closed,01-06-2020 18:00,
1820,3549,Case Closed,22-06-2020 14:00,
1821,3552,Case Closed,23-07-2020 18:00,
1822,3553,Case Closed,23-08-2020 04:00,
1823,3555,Case Closed,08-06-2020 11:00,
1824,3556,Case Closed,01-06-2020 21:00,
1825,3559,Case Closed,17-07-2020 04:00,
1826,3560,Case Closed,03-03-2022 03:00,
1827,3562,Case Closed,15-07-2020 20:00,
1828,3563,Case Closed,14-06-2020 04:00,
1829,3564,Case Closed,12-06-2020 08:00,
1830,3565,Case Closed,19-07-2020 22:00,
1831,3572,Case Closed,10-08-2020 20:00,
1832,3573,Case Closed,04-07-2020 09:00,
1833,3576,Case Closed,04-06-2020 05:00,
1834,3579,Case Closed,23-07-2020 14:00,
1835,3584,Case Closed,02-02-2022 06:00,
1836,3585,Case Closed,07-07-2020 02:00,
1837,3586,Case Closed,17-06-2020 06:00,
1838,3589,Case Closed,30-10-2020 16:00,
1839,3592,Case Closed,06-08-2020 03:00,
1840,3597,Case Closed,08-07-2020 11:00,
1841,3598,Case Closed,05-08-2020 23:00,
1842,3599,Case Closed,17-10-2020 04:00,
1843,3600,Case Closed,23-07-2020 11:00,
1844,3602,Case Closed,24-06-2020 16:00,
1845,3603,Case Closed,09-07-2020 03:00,
1846,3605,Case Closed,26-07-2020 09:00,
1847,3607,Case Closed,06-08-2020 19:00,
1848,3608,Case Closed,15-09-2020 09:00,
1849,3609,Case Closed,20-06-2020 11:00,
1850,3610,Case Closed,27-07-2020 10:00,
1851,3613,Case Closed,07-06-2020 15:00,
1852,3617,Case Closed,06-05-2022 11:00,
1853,3619,Case Closed,02-06-2020 12:00,
1854,3622,Case Closed,08-08-2020 12:00,
1855,3623,Case Closed,21-08-2020 10:00,
1856,3625,Case Closed,16-06-2020 10:00,
1857,3627,Case Closed,13-06-2021 09:00,
1858,3634,Case Closed,21-08-2020 21:00,
1859,3635,Case Closed,23-06-2020 01:00,
1860,3639,Case Closed,16-06-2020 16:00,
1861,3641,Case Closed,04-06-2020 04:00,
1862,3643,Case Closed,07-08-2020 16:00,
1863,3644,Case Closed,29-06-2020 05:00,
1864,3645,Case Closed,18-07-2020 00:00,
1865,3646,Case Closed,24-06-2020 19:00,
1866,3649,Case Closed,26-06-2020 18:00,
1867,3653,Case Closed,11-08-2020 00:00,
1868,3656,Case Closed,08-11-2020 01:00,
1869,3657,Case Closed,07-08-2020 08:00,
1870,3659,Case Closed,29-07-2020 05:00,
1871,3660,Case Closed,02-08-2020 06:00,
1872,3661,Case Closed,27-10-2020 07:00,
1873,3662,Case Closed,20-07-2020 06:00,
1874,3665,Case Closed,25-06-2020 21:00,
1875,3669,Case Closed,24-08-2020 12:00,
1876,3671,Case Closed,16-06-2020 17:00,
1877,3673,Case Closed,25-08-2020 19:00,
1878,3675,Case Closed,08-06-2020 14:00,
1879,3678,Case Closed,07-08-2020 18:00,
1880,3681,Case Closed,15-08-2020 20:00,
1881,3683,Case Closed,28-07-2020 02:00,
1882,3684,Case Closed,27-09-2020 23:00,
1883,3687,Case Closed,09-08-2020 13:00,
1884,3689,Case Closed,08-07-2020 01:00,
1885,3690,Case Closed,20-06-2020 23:00,
1886,3692,Case Closed,01-07-2020 07:00,
1887,3693,Case Closed,14-09-2020 09:00,
1888,3695,Case Closed,24-08-2020 13:00,
1889,3696,Case Closed,07-06-2020 17:00,
1890,3701,Case Closed,12-08-2020 14:00,
1891,3707,Case Closed,30-07-2020 09:00,
1892,3708,Case Closed,07-08-2020 05:00,
1893,3711,Case Closed,04-08-2021 23:00,
1894,3713,Case Closed,15-06-2020 07:00,
1895,3715,Case Closed,19-08-2020 23:00,
1896,3717,Case Closed,30-06-2020 17:00,
1897,3718,Case Closed,07-07-2020 14:00,
1898,3720,Case Closed,07-11-2021 22:00,
1899,3721,Case Closed,29-06-2020 12:00,
1900,3722,Case Closed,08-08-2020 13:00,
1901,3723,Case Closed,16-06-2020 01:00,
1902,3724,Case Closed,28-07-2020 08:00,
1903,3727,Case Closed,23-08-2020 00:00,
1904,3729,Case Closed,24-08-2020 06:00,
1905,3730,Case Closed,08-08-2020 23:00,
1906,3731,Case Closed,18-08-2020 12:00,
1907,3733,Case Closed,01-07-2020 10:00,
1908,3735,Case Closed,30-07-2020 06:00,
1909,3736,Case Closed,15-11-2020 10:00,
1910,3738,Case Closed,26-09-2020 11:00,
1911,3739,Case Closed,10-07-2020 12:00,
1912,3740,Case Closed,30-07-2020 04:00,
1913,3745,Case Closed,07-06-2020 09:00,
1914,3746,Case Closed,26-07-2020 22:00,
1915,3749,Case Closed,03-08-2020 10:00,
1916,3750,Case Closed,14-08-2020 02:00,
1917,3752,Case Closed,16-06-2021 02:00,
1918,3756,Case Closed,20-06-2020 11:00,
1919,3757,Case Closed,08-08-2020 18:00,
1920,3758,Case Closed,24-08-2020 20:00,
1921,3759,Case Closed,26-08-2020 15:00,
1922,3763,Case Closed,21-06-2020 20:00,
1923,3764,Case Closed,09-06-2020 16:00,
1924,3765,Case Closed,10-09-2021 01:00,
1925,3767,Case Closed,24-08-2020 09:00,
1926,3768,Case Closed,28-07-2020 01:00,
1927,3771,Case Closed,28-06-2020 06:00,
1928,3772,Case Closed,03-08-2020 20:00,
1929,3775,Case Closed,13-07-2020 19:00,
1930,3776,Case Closed,02-09-2020 14:00,
1931,3777,Case Closed,31-08-2020 03:00,
1932,3781,Case Closed,04-07-2020 07:00,
1933,3784,Case Closed,02-07-2020 21:00,
1934,3785,Case Closed,21-02-2021 12:00,
1935,3796,Case Closed,21-06-2020 05:00,
1936,3798,Case Closed,01-07-2020 16:00,
1937,3800,Case Closed,20-07-2020 02:00,
1938,3801,Case Closed,26-07-2020 03:00,
1939,3803,Case Closed,13-07-2020 19:00,
1940,3805,Case Closed,24-06-2020 23:00,
1941,3808,Case Closed,19-04-2022 09:00,
1942,3810,Case Closed,29-06-2020 04:00,
1943,3812,Case Closed,24-06-2021 16:00,
1944,3814,Case Closed,27-07-2020 04:00,
1945,3816,Case Closed,25-06-2020 11:00,
1946,3817,Case Closed,07-09-2020 20:00,
1947,3818,Case Closed,11-06-2020 18:00,
1948,3822,Case Closed,04-09-2020 06:00,
1949,3824,Case Closed,01-07-2020 05:00,
1950,3825,Case Closed,29-06-2020 08:00,
1951,3829,Case Closed,05-09-2020 20:00,
1952,3831,Case Closed,28-08-2020 02:00,
1953,3832,Case Closed,16-08-2020 13:00,
1954,3836,Case Closed,21-06-2020 11:00,
1955,3837,Case Closed,16-08-2020 14:00,
1956,3838,Case Closed,03-08-2020 05:00,
1957,3839,Case Closed,21-08-2020 16:00,
1958,3840,Case Closed,06-07-2020 21:00,
1959,3843,Case Closed,04-10-2021 19:00,
1960,3845,Case Closed,14-07-2020 18:00,
1961,3846,Case Closed,28-08-2020 04:00,
1962,3847,Case Closed,29-07-2020 04:00,
1963,3849,Case Closed,04-09-2020 18:00,
1964,3851,Case Closed,26-08-2020 06:00,
1965,3853,Case Closed,24-10-2021 22:00,
1966,3855,Case Closed,14-10-2020 00:00,
1967,3857,Case Closed,03-07-2020 17:00,
1968,3858,Case Closed,16-06-2020 20:00,
1969,3859,Case Closed,03-09-2020 02:00,
1970,3860,Case Closed,25-07-2020 01:00,
1971,3862,Case Closed,20-08-2020 12:00,
1972,3863,Case Closed,14-08-2020 23:00,
1973,3864,Case Closed,16-07-2020 17:00,
1974,3865,Case Closed,18-06-2020 04:00,
1975,3869,Case Closed,23-06-2020 04:00,
1976,3872,Case Closed,01-07-2020 15:00,
1977,3873,Case Closed,30-09-2020 20:00,
1978,3876,Case Closed,30-06-2020 17:00,
1979,3877,Case Closed,26-09-2020 14:00,
1980,3879,Case Closed,14-07-2021 15:00,
1981,3881,Case Closed,25-09-2020 19:00,
1982,3882,Case Closed,25-08-2020 21:00,
1983,3885,Case Closed,09-09-2020 01:00,
1984,3886,Case Closed,31-07-2020 11:00,
1985,3888,Case Closed,25-05-2022 17:00,
1986,3890,Case Closed,21-07-2020 08:00,
1987,3892,Case Closed,03-05-2021 08:00,
1988,3893,Case Closed,29-06-2020 00:00,
1989,3894,Case Closed,30-07-2020 16:00,
1990,3897,Case Closed,05-08-2020 13:00,
1991,3899,Case Closed,06-07-2020 18:00,
1992,3901,Case Closed,11-07-2020 19:00,
1993,3902,Case Closed,25-03-2022 17:00,
1994,3903,Case Closed,05-09-2020 16:00,
1995,3904,Case Closed,20-10-2020 08:00,
1996,3905,Case Closed,03-08-2020 17:00,
1997,3906,Case Closed,22-08-2020 20:00,
1998,3907,Case Closed,16-08-2020 17:00,
1999,3908,Case Closed,18-08-2020 09:00,
2000,3909,Case Closed,13-07-2020 08:00,
2001,3911,Case Closed,02-08-2020 13:00,
2002,3914,Case Closed,17-03-2021 03:00,
2003,3915,Case Closed,22-07-2020 13:00,
2004,3919,Case Closed,18-03-2021 18:00,
2005,3920,Case Closed,23-06-2020 12:00,
2006,3921,Case Closed,18-08-2020 21:00,
2007,3922,Case Closed,21-07-2020 23:00,
2008,3923,Case Closed,31-08-2020 11:00,
2009,3924,Case Closed,19-01-2021 03:00,
2010,3927,Case Closed,25-08-2020 14:00,
2011,3928,Case Closed,24-06-2020 05:00,
2012,3929,Case Closed,08-07-2020 06:00,
2013,3930,Case Closed,09-08-2020 07:00,
2014,3932,Case Closed,08-09-2021 10:00,
2015,3933,Case Closed,08-07-2020 02:00,
2016,3934,Case Closed,26-07-2020 02:00,
2017,3936,Case Closed,15-11-2021 14:00,
2018,3937,Case Closed,04-09-2020 10:00,
2019,3938,Case Closed,25-07-2020 14:00,
2020,3939,Case Closed,19-08-2020 04:00,
2021,3941,Case Closed,27-07-2020 13:00,
2022,3942,Case Closed,21-11-2020 06:00,
2023,3944,Case Closed,09-07-2020 08:00,
2024,3945,Case Closed,18-02-2021 22:00,
2025,3946,Case Closed,12-07-2020 04:00,
2026,3948,Case Closed,17-08-2020 02:00,
2027,3949,Case Closed,01-07-2020 20:00,
2028,3950,Case Closed,30-08-2020 13:00,
2029,3951,Case Closed,26-07-2020 13:00,
2030,3953,Case Closed,03-09-2020 23:00,
2031,3955,Case Closed,28-11-2020 17:00,
2032,3956,Case Closed,08-07-2020 16:00,
2033,3957,Case Closed,09-08-2020 21:00,
2034,3958,Case Closed,27-05-2021 12:00,
2035,3959,Case Closed,22-07-2020 21:00,
2036,3961,Case Closed,11-07-2021 15:00,
2037,3964,Case Closed,16-09-2020 08:00,
2038,3965,Case Closed,26-07-2020 08:00,
2039,3966,Case Closed,19-08-2020 15:00,
2040,3967,Case Closed,19-07-2020 04:00,
2041,3968,Case Closed,07-08-2020 03:00,
2042,3973,Case Closed,29-07-2020 02:00,
2043,3975,Case Closed,16-11-2020 13:00,
2044,3977,Case Closed,02-12-2020 01:00,
2045,3978,Case Closed,08-08-2020 19:00,
2046,3980,Case Closed,24-03-2022 16:00,
2047,3981,Case Closed,08-09-2020 04:00,
2048,3982,Case Closed,27-07-2020 21:00,
2049,3986,Case Closed,26-08-2020 11:00,
2050,3987,Case Closed,04-12-2021 00:00,
2051,3988,Case Closed,11-07-2020 16:00,
2052,3989,Case Closed,29-06-2020 15:00,
2053,3990,Case Closed,16-07-2020 14:00,
2054,3992,Case Closed,05-08-2020 21:00,
2055,3993,Case Closed,09-07-2020 18:00,
2056,3994,Case Closed,17-08-2020 05:00,
2057,3996,Case Closed,28-06-2020 13:00,
2058,3998,Case Closed,04-09-2020 02:00,
2059,4005,Case Closed,28-06-2020 18:00,
2060,4007,Case Closed,01-11-2020 19:00,
2061,4008,Case Closed,21-07-2020 11:00,
2062,4009,Case Closed,01-08-2020 11:00,
2063,4011,Case Closed,28-08-2020 22:00,
2064,4013,Case Closed,20-07-2020 14:00,
2065,4014,Case Closed,25-06-2020 00:00,
2066,4016,Case Closed,04-07-2020 01:00,
2067,4018,Case Closed,15-08-2020 06:00,
2068,4019,Case Closed,21-08-2020 05:00,
2069,4024,Case Closed,07-07-2020 13:00,
2070,4025,Case Closed,26-09-2020 17:00,
2071,4026,Case Closed,30-08-2020 16:00,
2072,4027,Case Closed,28-07-2020 01:00,
2073,4033,Case Closed,25-06-2020 06:00,
2074,4036,Case Closed,04-08-2020 06:00,
2075,4037,Case Closed,28-06-2020 08:00,
2076,4044,Case Closed,09-09-2020 13:00,
2077,4046,Case Closed,07-07-2020 10:00,
2078,4047,Case Closed,21-07-2020 15:00,
2079,4049,Case Closed,04-07-2020 21:00,
2080,4052,Case Closed,28-06-2020 00:00,
2081,4055,Case Closed,02-11-2020 00:00,
2082,4056,Case Closed,29-06-2020 14:00,
2083,4058,Case Closed,21-08-2020 23:00,
2084,4062,Case Closed,27-06-2020 23:00,
2085,4063,Case Closed,16-08-2020 17:00,
2086,4067,Case Closed,09-08-2020 06:00,
2087,4070,Case Closed,30-06-2020 15:00,
2088,4072,Case Closed,12-07-2020 20:00,
2089,4074,Case Closed,29-06-2020 05:00,
2090,4075,Case Closed,17-07-2020 03:00,
2091,4078,Case Closed,14-09-2020 14:00,
2092,4080,Case Closed,23-11-2020 06:00,
2093,4083,Case Closed,19-04-2021 23:00,
2094,4086,Case Closed,13-04-2022 02:00,
2095,4091,Case Closed,25-07-2021 04:00,
2096,4092,Case Closed,22-10-2020 22:00,
2097,4093,Case Closed,16-07-2020 23:00,
2098,4094,Case Closed,11-07-2020 10:00,
2099,4096,Case Closed,11-07-2020 11:00,
2100,4099,Case Closed,30-06-2020 15:00,
2101,4102,Case Closed,19-08-2020 13:00,
2102,4104,Case Closed,28-10-2020 11:00,
2103,4105,Case Closed,29-06-2020 07:00,
2104,4108,Case Closed,21-07-2020 05:00,
2105,4111,Case Closed,18-08-2020 22:00,
2106,4116,Case Closed,05-07-2020 01:00,
2107,4117,Case Closed,09-09-2020 16:00,
2108,4118,Case Closed,07-08-2020 12:00,
2109,4120,Case Closed,14-09-2020 19:00,
2110,4121,Case Closed,18-08-2020 18:00,
2111,4124,Case Closed,20-09-2020 08:00,
2112,4125,Case Closed,09-07-2020 07:00,
2113,4126,Case Closed,29-07-2020 22:00,
2114,4131,Case Closed,05-11-2021 01:00,
2115,4133,Case Closed,03-07-2020 18:00,
2116,4134,Case Closed,04-09-2020 02:00,
2117,4136,Case Closed,24-08-2020 22:00,
2118,4140,Case Closed,08-10-2021 16:00,
2119,4141,Case Closed,21-02-2022 15:00,
2120,4142,Case Closed,27-08-2020 07:00,
2121,4143,Case Closed,23-11-2021 21:00,
2122,4144,Case Closed,10-07-2020 13:00,
2123,4148,Case Closed,21-09-2020 10:00,
2124,4150,Case Closed,21-08-2020 10:00,
2125,4155,Case Closed,25-07-2020 03:00,
2126,4156,Case Closed,22-07-2020 00:00,
2127,4157,Case Closed,02-09-2020 22:00,
2128,4159,Case Closed,17-08-2020 00:00,
2129,4160,Case Closed,17-08-2020 10:00,
2130,4161,Case Closed,04-09-2020 10:00,
2131,4162,Case Closed,09-08-2020 09:00,
2132,4163,Case Closed,17-08-2020 07:00,
2133,4165,Case Closed,24-11-2020 13:00,
2134,4169,Case Closed,12-08-2020 19:00,
2135,4172,Case Closed,16-09-2020 17:00,
2136,4173,Case Closed,09-09-2020 18:00,
2137,4174,Case Closed,17-07-2020 00:00,
2138,4176,Case Closed,16-07-2020 21:00,
2139,4177,Case Closed,22-09-2020 09:00,
2140,4179,Case Closed,25-07-2020 15:00,
2141,4183,Case Closed,16-07-2020 00:00,
2142,4184,Case Closed,06-09-2020 05:00,
2143,4185,Case Closed,18-07-2020 11:00,
2144,4186,Case Closed,13-05-2022 05:00,
2145,4188,Case Closed,02-08-2020 00:00,
2146,4191,Case Closed,04-09-2020 10:00,
2147,4193,Case Closed,16-08-2020 20:00,
2148,4194,Case Closed,18-09-2020 01:00,
2149,4195,Case Closed,16-09-2020 17:00,
2150,4196,Case Closed,05-09-2020 07:00,
2151,4199,Case Closed,25-07-2020 09:00,
2152,4200,Case Closed,18-09-2020 06:00,
2153,4201,Case Closed,31-08-2020 11:00,
2154,4203,Case Closed,13-08-2020 08:00,
2155,4205,Case Closed,04-08-2020 06:00,
2156,4211,Case Closed,14-07-2020 10:00,
2157,4212,Case Closed,01-09-2020 11:00,
2158,4213,Case Closed,04-07-2020 09:00,
2159,4214,Case Closed,02-09-2020 07:00,
2160,4216,Case Closed,03-07-2020 22:00,
2161,4218,Case Closed,04-09-2020 16:00,
2162,4219,Case Closed,11-09-2020 09:00,
2163,4221,Case Closed,25-07-2020 06:00,
2164,4223,Case Closed,21-09-2020 01:00,
2165,4224,Case Closed,20-12-2020 11:00,
2166,4226,Case Closed,11-07-2020 06:00,
2167,4227,Case Closed,23-07-2020 20:00,
2168,4229,Case Closed,26-11-2021 08:00,
2169,4234,Case Closed,12-09-2020 05:00,
2170,4236,Case Closed,22-07-2020 17:00,
2171,4238,Case Closed,24-08-2020 16:00,
2172,4239,Case Closed,20-07-2020 19:00,
2173,4240,Case Closed,28-07-2020 09:00,
2174,4241,Case Closed,27-08-2020 21:00,
2175,4242,Case Closed,01-10-2020 23:00,
2176,4243,Case Closed,22-09-2020 18:00,
2177,4246,Case Closed,21-08-2020 08:00,
2178,4247,Case Closed,08-09-2020 22:00,
2179,4248,Case Closed,14-09-2020 20:00,
2180,4251,Case Closed,29-08-2020 04:00,
2181,4252,Case Closed,19-07-2020 00:00,
2182,4255,Case Closed,12-07-2020 20:00,
2183,4256,Case Closed,05-07-2020 08:00,
2184,4258,Case Closed,28-10-2020 04:00,
2185,4259,Case Closed,07-08-2020 20:00,
2186,4262,Case Closed,25-07-2020 23:00,
2187,4264,Case Closed,15-08-2020 04:00,
2188,4265,Case Closed,02-07-2020 19:00,
2189,4268,Case Closed,12-06-2022 07:00,
2190,4269,Case Closed,29-07-2020 01:00,
2191,4272,Case Closed,11-07-2020 07:00,
2192,4274,Case Closed,01-09-2020 20:00,
2193,4275,Case Closed,11-08-2020 09:00,
2194,4276,Case Closed,11-09-2020 16:00,
2195,4277,Case Closed,26-08-2020 21:00,
2196,4278,Case Closed,13-07-2020 21:00,
2197,4279,Case Closed,27-08-2020 17:00,
2198,4280,Case Closed,22-09-2020 16:00,
2199,4282,Case Closed,14-08-2020 06:00,
2200,4283,Case Closed,28-07-2020 15:00,
2201,4286,Case Closed,27-08-2020 17:00,
2202,4287,Case Closed,09-07-2020 21:00,
2203,4288,Case Closed,16-07-2020 11:00,
2204,4291,Case Closed,14-09-2020 20:00,
2205,4293,Case Closed,07-07-2020 07:00,
2206,4300,Case Closed,26-06-2022 08:00,
2207,4301,Case Closed,08-08-2020 23:00,
2208,4302,Case Closed,24-07-2020 13:00,
2209,4312,Case Closed,03-09-2020 22:00,
2210,4313,Case Closed,22-11-2020 03:00,
2211,4314,Case Closed,27-01-2021 12:00,
2212,4316,Case Closed,07-08-2020 20:00,
2213,4317,Case Closed,09-08-2020 05:00,
2214,4320,Case Closed,14-11-2020 22:00,
2215,4321,Case Closed,28-07-2020 02:00,
2216,4323,Case Closed,23-09-2020 21:00,
2217,4326,Case Closed,22-09-2020 20:00,
2218,4327,Case Closed,25-08-2020 16:00,
2219,4329,Case Closed,26-09-2020 05:00,
2220,4330,Case Closed,09-07-2020 08:00,
2221,4331,Case Closed,17-08-2020 22:00,
2222,4332,Case Closed,08-07-2020 02:00,
2223,4333,Case Closed,16-08-2020 21:00,
2224,4334,Case Closed,24-06-2021 20:00,
2225,4337,Case Closed,21-08-2020 20:00,
2226,4338,Case Closed,27-07-2020 05:00,
2227,4339,Case Closed,11-07-2020 05:00,
2228,4340,Case Closed,02-08-2020 13:00,
2229,4341,Case Closed,26-08-2020 11:00,
2230,4342,Case Closed,27-07-2020 11:00,
2231,4344,Case Closed,13-09-2020 04:00,
2232,4345,Case Closed,03-07-2020 06:00,
2233,4346,Case Closed,25-09-2020 01:00,
2234,4347,Case Closed,26-07-2020 23:00,
2235,4348,Case Closed,01-08-2020 08:00,
2236,4349,Case Closed,19-09-2020 02:00,
2237,4351,Case Closed,04-09-2020 23:00,
2238,4353,Case Closed,27-08-2020 14:00,
2239,4354,Case Closed,12-07-2020 15:00,
2240,4355,Case Closed,31-08-2020 04:00,
2241,4356,Case Closed,17-09-2020 10:00,
2242,4357,Case Closed,04-08-2020 12:00,
2243,4359,Case Closed,11-07-2020 20:00,
2244,4360,Case Closed,22-07-2020 23:00,
2245,4362,Case Closed,28-02-2021 08:00,
2246,4363,Case Closed,20-08-2020 12:00,
2247,4364,Case Closed,11-09-2020 10:00,
2248,4366,Case Closed,14-09-2020 13:00,
2249,4369,Case Closed,24-09-2020 09:00,
2250,4370,Case Closed,26-07-2020 20:00,
2251,4371,Case Closed,03-12-2020 19:00,
2252,4376,Case Closed,14-01-2022 19:00,
2253,4379,Case Closed,29-09-2020 04:00,
2254,4380,Case Closed,25-09-2020 12:00,
2255,4385,Case Closed,12-08-2020 18:00,
2256,4388,Case Closed,12-08-2020 16:00,
2257,4389,Case Closed,16-09-2020 04:00,
2258,4393,Case Closed,06-05-2022 06:00,
2259,4394,Case Closed,16-08-2020 08:00,
2260,4397,Case Closed,15-08-2020 03:00,
2261,4400,Case Closed,04-08-2020 16:00,
2262,4404,Case Closed,20-09-2020 01:00,
2263,4408,Case Closed,03-09-2020 01:00,
2264,4414,Case Closed,23-09-2020 13:00,
2265,4416,Case Closed,05-11-2020 13:00,
2266,4417,Case Closed,29-09-2020 17:00,
2267,4419,Case Closed,12-09-2020 19:00,
2268,4420,Case Closed,04-09-2020 16:00,
2269,4430,Case Closed,09-09-2020 05:00,
2270,4432,Case Closed,16-08-2020 14:00,
2271,4433,Case Closed,12-08-2020 05:00,
2272,4437,Case Closed,27-07-2020 04:00,
2273,4438,Case Closed,23-02-2021 17:00,
2274,4442,Case Closed,28-08-2020 09:00,
2275,4445,Case Closed,21-07-2020 23:00,
2276,4447,Case Closed,05-08-2020 09:00,
2277,4448,Case Closed,26-07-2020 14:00,
2278,4449,Case Closed,14-07-2020 13:00,
2279,4450,Case Closed,15-09-2020 20:00,
2280,4452,Case Closed,24-07-2020 06:00,
2281,4455,Case Closed,19-09-2020 20:00,
2282,4460,Case Closed,31-08-2020 07:00,
2283,4462,Case Closed,11-08-2020 09:00,
2284,4466,Case Closed,17-07-2020 20:00,
2285,4467,Case Closed,25-08-2020 05:00,
2286,4468,Case Closed,14-08-2020 10:00,
2287,4469,Case Closed,02-05-2021 03:00,
2288,4470,Case Closed,06-09-2021 04:00,
2289,4471,Case Closed,02-09-2020 04:00,
2290,4472,Case Closed,25-07-2020 17:00,
2291,4475,Case Closed,21-08-2020 06:00,
2292,4478,Case Closed,08-12-2020 02:00,
2293,4481,Case Closed,16-08-2020 04:00,
2294,4486,Case Closed,16-09-2020 09:00,
2295,4488,Case Closed,26-09-2020 05:00,
2296,4489,Case Closed,10-09-2020 05:00,
2297,4493,Case Closed,01-08-2020 22:00,
2298,4494,Case Closed,23-09-2020 17:00,
2299,4495,Case Closed,02-04-2021 11:00,
2300,4496,Case Closed,20-09-2020 22:00,
2301,4505,Case Closed,04-09-2020 00:00,
2302,4506,Case Closed,25-07-2020 08:00,
2303,4510,Case Closed,21-08-2020 00:00,
2304,4511,Case Closed,20-08-2020 11:00,
2305,4512,Case Closed,29-08-2020 05:00,
2306,4514,Case Closed,17-11-2020 12:00,
2307,4517,Case Closed,08-08-2021 23:00,
2308,4518,Case Closed,03-10-2020 06:00,
2309,4520,Case Closed,18-01-2022 03:00,
2310,4523,Case Closed,25-08-2020 11:00,
2311,4524,Case Closed,09-09-2020 00:00,
2312,4525,Case Closed,15-07-2020 19:00,
2313,4526,Case Closed,26-06-2022 14:00,
2314,4527,Case Closed,21-09-2020 05:00,
2315,4528,Case Closed,01-10-2020 20:00,
2316,4530,Case Closed,24-07-2020 19:00,
2317,4531,Case Closed,02-04-2022 06:00,
2318,4533,Case Closed,04-08-2020 11:00,
2319,4536,Case Closed,25-07-2020 07:00,
2320,4539,Case Closed,12-08-2020 02:00,
2321,4545,Case Closed,02-09-2020 01:00,
2322,4546,Case Closed,03-10-2020 04:00,
2323,4547,Case Closed,06-10-2020 01:00,
2324,4548,Case Closed,16-08-2020 22:00,
2325,4549,Case Closed,01-10-2020 15:00,
2326,4550,Case Closed,02-10-2020 23:00,
2327,4551,Case Closed,29-08-2020 00:00,
2328,4553,Case Closed,25-09-2020 23:00,
2329,4554,Case Closed,06-08-2020 14:00,
2330,4556,Case Closed,25-07-2020 20:00,
2331,4557,Case Closed,03-08-2020 14:00,
2332,4559,Case Closed,28-10-2020 07:00,
2333,4562,Case Closed,05-09-2020 14:00,
2334,4563,Case Closed,24-08-2020 03:00,
2335,4564,Case Closed,15-07-2020 11:00,
2336,4567,Case Closed,01-01-2021 07:00,
2337,4570,Case Closed,14-09-2020 08:00,
2338,4571,Case Closed,21-07-2020 15:00,
2339,4572,Case Closed,26-10-2020 21:00,
2340,4573,Case Closed,31-08-2020 01:00,
2341,4578,Case Closed,21-05-2022 11:00,
2342,4579,Case Closed,21-09-2020 18:00,
2343,4582,Case Closed,01-12-2020 16:00,
2344,4583,Case Closed,19-08-2020 08:00,
2345,4585,Case Closed,18-08-2020 04:00,
2346,4592,Case Closed,05-10-2020 02:00,
2347,4595,Case Closed,06-08-2020 10:00,
2348,4598,Case Closed,19-09-2020 14:00,
2349,4599,Case Closed,27-08-2020 18:00,
2350,4600,Case Closed,27-07-2020 06:00,
2351,4602,Case Closed,31-08-2020 05:00,
2352,4610,Case Closed,27-07-2020 05:00,
2353,4614,Case Closed,12-08-2020 05:00,
2354,4617,Case Closed,21-08-2020 01:00,
2355,4618,Case Closed,28-09-2021 01:00,
2356,4619,Case Closed,24-09-2020 16:00,
2357,4620,Case Closed,22-07-2020 02:00,
2358,4622,Case Closed,29-08-2020 06:00,
2359,4623,Case Closed,22-06-2021 21:00,
2360,4624,Case Closed,30-07-2020 06:00,
2361,4625,Case Closed,26-07-2020 01:00,
2362,4627,Case Closed,25-12-2020 13:00,
2363,4628,Case Closed,21-08-2020 10:00,
2364,4629,Case Closed,07-09-2020 09:00,
2365,4630,Case Closed,05-08-2020 13:00,
2366,4632,Case Closed,24-08-2020 21:00,
2367,4638,Case Closed,09-08-2020 00:00,
2368,4639,Case Closed,09-08-2020 16:00,
2369,4640,Case Closed,20-07-2020 15:00,
2370,4642,Case Closed,09-09-2020 02:00,
2371,4644,Case Closed,02-10-2020 07:00,
2372,4646,Case Closed,25-07-2020 22:00,
2373,4650,Case Closed,14-08-2020 02:00,
2374,4651,Case Closed,01-08-2020 02:00,
2375,4652,Case Closed,03-08-2020 21:00,
2376,4655,Case Closed,03-09-2020 03:00,
2377,4657,Case Closed,07-08-2020 18:00,
2378,4659,Case Closed,03-08-2020 02:00,
2379,4661,Case Closed,11-09-2020 23:00,
2380,4662,Case Closed,25-09-2020 23:00,
2381,4665,Case Closed,13-09-2020 05:00,
2382,4667,Case Closed,05-10-2021 02:00,
2383,4668,Case Closed,10-11-2020 23:00,
2384,4669,Case Closed,06-09-2020 19:00,
2385,4670,Case Closed,15-08-2020 07:00,
2386,4671,Case Closed,09-10-2021 08:00,
2387,4672,Case Closed,31-08-2020 01:00,
2388,4676,Case Closed,06-10-2020 20:00,
2389,4679,Case Closed,23-07-2020 09:00,
2390,4681,Case Closed,03-09-2020 00:00,
2391,4682,Case Closed,16-09-2020 23:00,
2392,4683,Case Closed,17-11-2021 08:00,
2393,4686,Case Closed,09-09-2020 16:00,
2394,4688,Case Closed,23-09-2020 22:00,
2395,4689,Case Closed,31-07-2020 09:00,
2396,4698,Case Closed,02-08-2020 10:00,
2397,4699,Case Closed,30-08-2020 01:00,
2398,4701,Case Closed,30-09-2020 14:00,
2399,4704,Case Closed,25-09-2020 04:00,
2400,4706,Case Closed,08-08-2020 08:00,
2401,4709,Case Closed,26-08-2020 14:00,
2402,4715,Case Closed,09-10-2020 23:00,
2403,4718,Case Closed,16-12-2021 21:00,
2404,4719,Case Closed,13-08-2020 09:00,
2405,4721,Case Closed,04-09-2020 18:00,
2406,4723,Case Closed,15-08-2020 23:00,
2407,4724,Case Closed,13-08-2020 17:00,
2408,4728,Case Closed,30-08-2020 04:00,
2409,4731,Case Closed,05-08-2020 03:00,
2410,4737,Case Closed,24-07-2020 16:00,
2411,4740,Case Closed,22-05-2021 21:00,
2412,4742,Case Closed,22-07-2020 12:00,
2413,4744,Case Closed,12-08-2020 05:00,
2414,4745,Case Closed,26-07-2020 23:00,
2415,4746,Case Closed,04-10-2020 09:00,
2416,4747,Case Closed,26-07-2020 13:00,
2417,4755,Case Closed,23-09-2020 08:00,
2418,4759,Case Closed,20-09-2020 20:00,
2419,4761,Case Closed,22-08-2020 16:00,
2420,4764,Case Closed,19-09-2020 09:00,
2421,4770,Case Closed,01-09-2020 04:00,
2422,4771,Case Closed,12-12-2020 02:00,
2423,4772,Case Closed,22-08-2020 05:00,
2424,4777,Case Closed,02-08-2020 14:00,
2425,4779,Case Closed,17-09-2020 20:00,
2426,4780,Case Closed,28-07-2020 04:00,
2427,4782,Case Closed,11-08-2020 15:00,
2428,4783,Case Closed,10-09-2020 14:00,
2429,4785,Case Closed,08-08-2020 04:00,
2430,4786,Case Closed,01-10-2020 14:00,
2431,4787,Case Closed,21-08-2020 04:00,
2432,4796,Case Closed,28-07-2020 22:00,
2433,4798,Case Closed,13-08-2021 00:00,
2434,4800,Case Closed,09-08-2020 01:00,
2435,4802,Case Closed,20-01-2021 22:00,
2436,4804,Case Closed,15-10-2020 05:00,
2437,4806,Case Closed,18-08-2020 05:00,
2438,4810,Case Closed,01-07-2021 10:00,
2439,4811,Case Closed,01-08-2020 14:00,
2440,4812,Case Closed,02-10-2020 13:00,
2441,4814,Case Closed,04-01-2021 00:00,
2442,4818,Case Closed,07-08-2020 20:00,
2443,4830,Case Closed,01-09-2020 15:00,
2444,4831,Case Closed,25-11-2020 03:00,
2445,4832,Case Closed,04-09-2020 15:00,
2446,4833,Case Closed,05-09-2020 01:00,
2447,4835,Case Closed,31-07-2020 04:00,
2448,4836,Case Closed,07-08-2020 13:00,
2449,4837,Case Closed,12-09-2020 08:00,
2450,4839,Case Closed,10-08-2020 02:00,
2451,4841,Case Closed,12-10-2020 23:00,
2452,4842,Case Closed,01-08-2020 05:00,
2453,4845,Case Closed,30-08-2020 03:00,
2454,4848,Case Closed,11-10-2020 01:00,
2455,4849,Case Closed,26-08-2020 23:00,
2456,4850,Case Closed,14-08-2020 01:00,
2457,4853,Case Closed,08-08-2020 02:00,
2458,4854,Case Closed,04-10-2020 06:00,
2459,4855,Case Closed,21-09-2020 15:00,
2460,4856,Case Closed,17-10-2020 16:00,
2461,4860,Case Closed,29-09-2020 23:00,
2462,4863,Case Closed,12-09-2020 16:00,
2463,4865,Case Closed,17-05-2022 03:00,
2464,4868,Case Closed,15-11-2021 13:00,
2465,4870,Case Closed,01-10-2020 06:00,
2466,4871,Case Closed,26-09-2020 10:00,
2467,4877,Case Closed,30-06-2021 09:00,
2468,4878,Case Closed,22-08-2020 18:00,
2469,4879,Case Closed,30-07-2020 20:00,
2470,4885,Case Closed,30-09-2020 10:00,
2471,4886,Case Closed,04-03-2021 17:00,
2472,4890,Case Closed,23-05-2021 18:00,
2473,4893,Case Closed,03-08-2020 19:00,
2474,4894,Case Closed,30-07-2020 23:00,
2475,4901,Case Closed,22-09-2020 16:00,
2476,4902,Case Closed,07-08-2020 05:00,
2477,4903,Case Closed,05-08-2020 04:00,
2478,4905,Case Closed,12-08-2020 01:00,
2479,4908,Case Closed,31-07-2020 18:00,
2480,4909,Case Closed,07-09-2020 00:00,
2481,4910,Case Closed,04-08-2020 16:00,
2482,4911,Case Closed,28-08-2020 16:00,
2483,4912,Case Closed,09-10-2020 12:00,
2484,4915,Case Closed,16-09-2020 15:00,
2485,4918,Case Closed,13-10-2020 21:00,
2486,4919,Case Closed,06-08-2020 02:00,
2487,4923,Case Closed,18-10-2020 20:00,
2488,4925,Case Closed,24-02-2021 11:00,
2489,4926,Case Closed,30-08-2020 16:00,
2490,4927,Case Closed,05-09-2020 12:00,
2491,4929,Case Closed,19-09-2020 09:00,
2492,4930,Case Closed,07-10-2020 05:00,
2493,4934,Case Closed,03-08-2020 07:00,
2494,4936,Case Closed,11-10-2020 03:00,
2495,4937,Case Closed,19-10-2020 14:00,
2496,4939,Case Closed,18-10-2020 08:00,
2497,4943,Case Closed,04-06-2021 16:00,
2498,4944,Case Closed,01-09-2020 18:00,
2499,4945,Case Closed,22-10-2020 14:00,
2500,4946,Case Closed,08-01-2021 16:00,
2501,4950,Case Closed,18-10-2020 09:00,
2502,4953,Case Closed,06-08-2020 11:00,
2503,4954,Case Closed,17-08-2020 02:00,
2504,4955,Case Closed,06-06-2022 20:00,
2505,4956,Case Closed,07-10-2020 17:00,
2506,4958,Case Closed,07-08-2020 20:00,
2507,4960,Case Closed,30-08-2020 04:00,
2508,4963,Case Closed,23-09-2020 13:00,
2509,4965,Case Closed,23-09-2020 17:00,
2510,4968,Case Closed,06-10-2020 04:00,
2511,4970,Case Closed,15-09-2020 03:00,
2512,4976,Case Closed,12-09-2020 20:00,
2513,4977,Case Closed,14-12-2020 23:00,
2514,4978,Case Closed,02-10-2020 07:00,
2515,4979,Case Closed,21-08-2020 17:00,
2516,4980,Case Closed,24-08-2020 05:00,
2517,4982,Case Closed,25-08-2020 09:00,
2518,4983,Case Closed,15-02-2021 02:00,
2519,4984,Case Closed,15-08-2020 19:00,
2520,4985,Case Closed,22-01-2021 21:00,
2521,4989,Case Closed,19-01-2021 07:00,
2522,4992,Case Closed,14-08-2020 10:00,
2523,4993,Case Closed,23-09-2021 09:00,
2524,4995,Case Closed,25-08-2020 09:00,
2525,4996,Case Closed,07-08-2020 22:00,
2526,5000,Case Closed,29-09-2020 20:00,
2527,5002,Case Closed,09-10-2020 23:00,
2528,5004,Case Closed,14-08-2020 09:00,
2529,5005,Case Closed,16-08-2020 23:00,
2530,5007,Case Closed,30-08-2020 13:00,
2531,5009,Case Closed,29-08-2020 22:00,
2532,5010,Case Closed,05-06-2022 01:00,
2533,5011,Case Closed,12-01-2021 19:00,
2534,5013,Case Closed,04-10-2020 05:00,
2535,5015,Case Closed,21-08-2020 21:00,
2536,5016,Case Closed,02-10-2020 09:00,
2537,5017,Case Closed,07-08-2020 01:00,
2538,5019,Case Closed,21-12-2021 00:00,
2539,5020,Case Closed,20-09-2020 13:00,
2540,5023,Case Closed,03-09-2020 01:00,
2541,5026,Case Closed,17-10-2020 13:00,
2542,5027,Case Closed,20-09-2020 09:00,
2543,5030,Case Closed,16-09-2020 18:00,
2544,5031,Case Closed,05-08-2020 13:00,
2545,5036,Case Closed,08-10-2020 22:00,
2546,5038,Case Closed,10-10-2020 17:00,
2547,5040,Case Closed,12-08-2020 08:00,
2548,5041,Case Closed,03-11-2020 03:00,
2549,5043,Case Closed,28-10-2020 17:00,
2550,5045,Case Closed,23-08-2020 03:00,
2551,5046,Case Closed,13-08-2020 09:00,
2552,5048,Case Closed,22-09-2020 07:00,
2553,5050,Case Closed,07-08-2020 00:00,
2554,5051,Case Closed,10-09-2020 15:00,
2555,5053,Case Closed,09-09-2020 04:00,
2556,5054,Case Closed,11-10-2021 09:00,
2557,5056,Case Closed,17-09-2020 02:00,
2558,5057,Case Closed,21-08-2020 03:00,
2559,5058,Case Closed,28-08-2020 06:00,
2560,5061,Case Closed,02-08-2020 16:00,
2561,5062,Case Closed,04-09-2020 23:00,
2562,5063,Case Closed,13-09-2020 06:00,
2563,5064,Case Closed,26-09-2020 03:00,
2564,5068,Case Closed,29-09-2020 05:00,
2565,5070,Case Closed,24-08-2020 08:00,
2566,5073,Case Closed,22-08-2020 19:00,
2567,5076,Case Closed,19-03-2021 13:00,
2568,5081,Case Closed,05-08-2020 03:00,
2569,5082,Case Closed,02-09-2020 14:00,
2570,5083,Case Closed,31-08-2020 20:00,
2571,5089,Case Closed,12-10-2020 05:00,
2572,5090,Case Closed,29-12-2021 11:00,
2573,5091,Case Closed,01-12-2021 11:00,
2574,5093,Case Closed,07-10-2020 22:00,
2575,5099,Case Closed,02-09-2020 15:00,
2576,5102,Case Closed,12-09-2020 11:00,
2577,5109,Case Closed,25-07-2022 18:00,
2578,5114,Case Closed,13-10-2020 12:00,
2579,5116,Case Closed,18-09-2020 17:00,
2580,5119,Case Closed,14-10-2020 19:00,
2581,5120,Case Closed,17-11-2020 21:00,
2582,5121,Case Closed,24-10-2020 14:00,
2583,5123,Case Closed,29-10-2020 02:00,
2584,5126,Case Closed,29-09-2020 12:00,
2585,5127,Case Closed,26-01-2021 19:00,
2586,5128,Case Closed,26-12-2020 14:00,
2587,5131,Case Closed,25-08-2021 14:00,
2588,5132,Case Closed,07-09-2020 23:00,
2589,5137,Case Closed,22-09-2020 16:00,
2590,5138,Case Closed,13-09-2020 22:00,
2591,5141,Case Closed,02-09-2020 04:00,
2592,5143,Case Closed,29-11-2021 01:00,
2593,5144,Case Closed,25-06-2021 02:00,
2594,5145,Case Closed,15-08-2020 07:00,
2595,5146,Case Closed,18-08-2020 17:00,
2596,5147,Case Closed,02-09-2020 19:00,
2597,5148,Case Closed,26-08-2020 06:00,
2598,5149,Case Closed,20-08-2020 15:00,
2599,5150,Case Closed,23-09-2020 05:00,
2600,5151,Case Closed,22-01-2021 07:00,
2601,5154,Case Closed,25-08-2020 17:00,
2602,5156,Case Closed,28-08-2020 22:00,
2603,5159,Case Closed,10-09-2020 12:00,
2604,5160,Case Closed,21-10-2020 00:00,
2605,5162,Case Closed,23-09-2020 00:00,
2606,5163,Case Closed,17-09-2020 08:00,
2607,5165,Case Closed,13-09-2020 02:00,
2608,5170,Case Closed,21-10-2020 14:00,
2609,5171,Case Closed,25-10-2020 21:00,
2610,5173,Case Closed,21-09-2020 12:00,
2611,5174,Case Closed,24-08-2020 01:00,
2612,5175,Case Closed,29-09-2020 06:00,
2613,5176,Case Closed,28-09-2020 01:00,
2614,5177,Case Closed,29-09-2020 03:00,
2615,5179,Case Closed,03-10-2020 10:00,
2616,5181,Case Closed,08-09-2020 00:00,
2617,5182,Case Closed,13-09-2020 02:00,
2618,5184,Case Closed,13-09-2020 00:00,
2619,5187,Case Closed,02-10-2020 19:00,
2620,5191,Case Closed,20-10-2020 16:00,
2621,5192,Case Closed,17-06-2022 21:00,
2622,5200,Case Closed,22-09-2020 19:00,
2623,5202,Case Closed,21-04-2021 18:00,
2624,5205,Case Closed,08-10-2020 07:00,
2625,5206,Case Closed,01-10-2020 01:00,
2626,5207,Case Closed,15-10-2020 16:00,
2627,5208,Case Closed,26-08-2020 20:00,
2628,5212,Case Closed,13-10-2020 09:00,
2629,5214,Case Closed,07-09-2020 17:00,
2630,5215,Case Closed,19-09-2020 13:00,
2631,5218,Case Closed,08-09-2020 16:00,
2632,5220,Case Closed,10-09-2020 00:00,
2633,5221,Case Closed,11-09-2020 20:00,
2634,5222,Case Closed,30-10-2020 04:00,
2635,5224,Case Closed,30-09-2020 14:00,
2636,5229,Case Closed,27-02-2022 22:00,
2637,5230,Case Closed,20-08-2020 18:00,
2638,5233,Case Closed,08-10-2020 16:00,
2639,5235,Case Closed,06-09-2020 21:00,
2640,5236,Case Closed,26-03-2021 07:00,
2641,5242,Case Closed,11-10-2020 19:00,
2642,5243,Case Closed,24-08-2020 06:00,
2643,5246,Case Closed,29-08-2020 05:00,
2644,5251,Case Closed,21-08-2020 22:00,
2645,5252,Case Closed,06-05-2021 12:00,
2646,5254,Case Closed,11-10-2020 07:00,
2647,5256,Case Closed,06-11-2020 06:00,
2648,5259,Case Closed,27-10-2020 09:00,
2649,5262,Case Closed,30-09-2020 10:00,
2650,5264,Case Closed,05-01-2021 16:00,
2651,5267,Case Closed,28-08-2020 19:00,
2652,5272,Case Closed,15-09-2020 14:00,
2653,5273,Case Closed,29-12-2020 21:00,
2654,5275,Case Closed,29-10-2020 19:00,
2655,5276,Case Closed,30-09-2020 05:00,
2656,5279,Case Closed,07-01-2022 20:00,
2657,5280,Case Closed,07-10-2020 22:00,
2658,5282,Case Closed,17-09-2020 23:00,
2659,5283,Case Closed,09-09-2020 16:00,
2660,5289,Case Closed,28-08-2020 12:00,
2661,5290,Case Closed,08-10-2020 23:00,
2662,5291,Case Closed,03-09-2020 15:00,
2663,5296,Case Closed,19-07-2022 12:00,
2664,5299,Case Closed,17-10-2020 21:00,
2665,5300,Case Closed,03-11-2020 20:00,
2666,5301,Case Closed,20-09-2020 09:00,
2667,5303,Case Closed,20-08-2020 12:00,
2668,5304,Case Closed,09-10-2020 07:00,
2669,5305,Case Closed,23-10-2020 18:00,
2670,5306,Case Closed,10-08-2020 05:00,
2671,5307,Case Closed,10-10-2020 01:00,
2672,5309,Case Closed,23-12-2020 17:00,
2673,5310,Case Closed,29-06-2021 09:00,
2674,5312,Case Closed,25-10-2020 21:00,
2675,5313,Case Closed,26-07-2021 12:00,
2676,5314,Case Closed,07-10-2020 21:00,
2677,5315,Case Closed,03-09-2020 00:00,
2678,5316,Case Closed,07-11-2020 22:00,
2679,5317,Case Closed,08-09-2020 00:00,
2680,5318,Case Closed,17-10-2020 13:00,
2681,5320,Case Closed,25-07-2022 08:00,
2682,5321,Case Closed,09-11-2020 12:00,
2683,5325,Case Closed,28-08-2020 05:00,
2684,5326,Case Closed,13-09-2020 10:00,
2685,5328,Case Closed,13-10-2020 06:00,
2686,5329,Case Closed,30-10-2020 10:00,
2687,5332,Case Closed,06-10-2020 00:00,
2688,5334,Case Closed,01-10-2020 20:00,
2689,5335,Case Closed,21-10-2020 20:00,
2690,5336,Case Closed,30-08-2020 23:00,
2691,5337,Case Closed,20-10-2020 18:00,
2692,5341,Case Closed,11-10-2020 07:00,
2693,5342,Case Closed,23-08-2020 09:00,
2694,5344,Case Closed,28-05-2022 15:00,
2695,5345,Case Closed,29-09-2020 00:00,
2696,5347,Case Closed,16-11-2021 12:00,
2697,5348,Case Closed,23-09-2020 12:00,
2698,5349,Case Closed,20-12-2021 15:00,
2699,5352,Case Closed,09-09-2020 12:00,
2700,5353,Case Closed,20-02-2022 21:00,
2701,5357,Case Closed,15-09-2020 00:00,
2702,5358,Case Closed,05-10-2020 05:00,
2703,5359,Case Closed,11-09-2020 19:00,
2704,5361,Case Closed,14-09-2020 03:00,
2705,5362,Case Closed,10-09-2020 03:00,
2706,5364,Case Closed,25-08-2020 21:00,
2707,5369,Case Closed,04-11-2020 07:00,
2708,5372,Case Closed,07-11-2020 17:00,
2709,5374,Case Closed,13-09-2020 00:00,
2710,5375,Case Closed,26-09-2020 22:00,
2711,5376,Case Closed,18-10-2020 14:00,
2712,5377,Case Closed,13-09-2020 02:00,
2713,5378,Case Closed,30-09-2020 00:00,
2714,5379,Case Closed,03-10-2020 00:00,
2715,5380,Case Closed,16-09-2020 04:00,
2716,5381,Case Closed,16-09-2020 08:00,
2717,5382,Case Closed,03-10-2020 19:00,
2718,5383,Case Closed,05-10-2020 11:00,
2719,5385,Case Closed,25-10-2020 03:00,
2720,5386,Case Closed,01-11-2020 09:00,
2721,5388,Case Closed,06-11-2020 15:00,
2722,5389,Case Closed,21-09-2020 11:00,
2723,5391,Case Closed,07-01-2021 12:00,
2724,5392,Case Closed,13-09-2020 12:00,
2725,5394,Case Closed,03-10-2020 12:00,
2726,5400,Case Closed,01-11-2020 08:00,
2727,5410,Case Closed,09-11-2020 23:00,
2728,5411,Case Closed,01-10-2020 01:00,
2729,5414,Case Closed,18-08-2020 10:00,
2730,5416,Case Closed,19-08-2020 02:00,
2731,5417,Case Closed,27-09-2020 15:00,
2732,5418,Case Closed,31-10-2020 01:00,
2733,5419,Case Closed,22-08-2020 05:00,
2734,5421,Case Closed,06-10-2020 21:00,
2735,5424,Case Closed,08-11-2020 07:00,
2736,5425,Case Closed,27-10-2020 05:00,
2737,5426,Case Closed,08-12-2020 20:00,
2738,5427,Case Closed,04-10-2020 19:00,
2739,5442,Case Closed,29-08-2020 21:00,
2740,5443,Case Closed,31-08-2020 15:00,
2741,5447,Case Closed,27-09-2020 01:00,
2742,5449,Case Closed,25-12-2020 23:00,
2743,5450,Case Closed,08-11-2020 22:00,
2744,5451,Case Closed,04-09-2020 06:00,
2745,5452,Case Closed,18-09-2020 21:00,
2746,5454,Case Closed,17-08-2020 17:00,
2747,5455,Case Closed,14-01-2022 05:00,
2748,5456,Case Closed,10-09-2020 07:00,
2749,5459,Case Closed,18-08-2020 11:00,
2750,5461,Case Closed,21-08-2020 05:00,
2751,5463,Case Closed,19-10-2020 21:00,
2752,5464,Case Closed,20-08-2020 06:00,
2753,5466,Case Closed,06-12-2021 01:00,
2754,5474,Case Closed,24-09-2020 19:00,
2755,5476,Case Closed,31-08-2020 20:00,
2756,5477,Case Closed,09-09-2020 12:00,
2757,5478,Case Closed,14-10-2020 08:00,
2758,5479,Case Closed,16-10-2020 04:00,
2759,5482,Case Closed,27-09-2020 12:00,
2760,5483,Case Closed,18-11-2020 09:00,
2761,5484,Case Closed,06-02-2021 17:00,
2762,5486,Case Closed,19-10-2020 18:00,
2763,5489,Case Closed,29-08-2020 21:00,
2764,5490,Case Closed,04-10-2020 09:00,
2765,5491,Case Closed,10-09-2020 10:00,
2766,5492,Case Closed,27-09-2020 08:00,
2767,5493,Case Closed,27-10-2020 01:00,
2768,5494,Case Closed,27-09-2020 05:00,
2769,5495,Case Closed,19-09-2020 04:00,
2770,5496,Case Closed,24-10-2020 17:00,
2771,5497,Case Closed,07-09-2020 22:00,
2772,5501,Case Closed,10-09-2020 07:00,
2773,5508,Case Closed,07-11-2020 12:00,
2774,5509,Case Closed,18-09-2020 03:00,
2775,5513,Case Closed,06-09-2020 15:00,
2776,5514,Case Closed,06-10-2020 03:00,
2777,5515,Case Closed,11-11-2020 13:00,
2778,5517,Case Closed,23-10-2020 09:00,
2779,5519,Case Closed,03-09-2020 10:00,
2780,5522,Case Closed,03-09-2020 17:00,
2781,5523,Case Closed,07-11-2020 21:00,
2782,5525,Case Closed,03-10-2020 20:00,
2783,5527,Case Closed,08-01-2021 02:00,
2784,5530,Case Closed,26-09-2020 17:00,
2785,5533,Case Closed,27-09-2020 06:00,
2786,5534,Case Closed,29-10-2020 11:00,
2787,5535,Case Closed,20-09-2020 05:00,
2788,5536,Case Closed,04-10-2020 04:00,
2789,5537,Case Closed,29-08-2020 02:00,
2790,5541,Case Closed,16-09-2020 09:00,
2791,5544,Case Closed,01-11-2020 07:00,
2792,5548,Case Closed,25-10-2020 19:00,
2793,5550,Case Closed,27-08-2020 00:00,
2794,5554,Case Closed,07-10-2020 05:00,
2795,5555,Case Closed,07-09-2020 01:00,
2796,5556,Case Closed,08-11-2020 02:00,
2797,5557,Case Closed,16-10-2020 05:00,
2798,5560,Case Closed,31-08-2020 20:00,
2799,5564,Case Closed,24-10-2020 07:00,
2800,5567,Case Closed,01-09-2020 15:00,
2801,5568,Case Closed,06-09-2020 13:00,
2802,5571,Case Closed,30-09-2020 03:00,
2803,5574,Case Closed,23-09-2020 00:00,
2804,5577,Case Closed,15-02-2021 08:00,
2805,5578,Case Closed,16-09-2020 22:00,
2806,5580,Case Closed,07-11-2020 00:00,
2807,5581,Case Closed,01-09-2020 23:00,
2808,5582,Case Closed,27-09-2020 18:00,
2809,5584,Case Closed,05-12-2020 05:00,
2810,5585,Case Closed,30-08-2020 14:00,
2811,5587,Case Closed,31-08-2020 09:00,
2812,5588,Case Closed,16-10-2020 16:00,
2813,5590,Case Closed,11-12-2021 00:00,
2814,5592,Case Closed,21-09-2020 00:00,
2815,5594,Case Closed,04-02-2021 00:00,
2816,5598,Case Closed,03-02-2021 21:00,
2817,5599,Case Closed,16-11-2020 08:00,
2818,5601,Case Closed,27-09-2020 14:00,
2819,5606,Case Closed,24-10-2020 05:00,
2820,5607,Case Closed,28-10-2020 15:00,
2821,5608,Case Closed,31-08-2020 09:00,
2822,5609,Case Closed,07-11-2020 01:00,
2823,5610,Case Closed,27-08-2020 19:00,
2824,5611,Case Closed,02-10-2020 11:00,
2825,5612,Case Closed,21-09-2020 22:00,
2826,5614,Case Closed,20-10-2020 17:00,
2827,5617,Case Closed,17-10-2020 15:00,
2828,5619,Case Closed,01-11-2020 17:00,
2829,5620,Case Closed,09-11-2020 14:00,
2830,5624,Case Closed,19-10-2020 04:00,
2831,5625,Case Closed,22-09-2020 02:00,
2832,5626,Case Closed,02-01-2021 19:00,
2833,5627,Case Closed,25-09-2020 08:00,
2834,5628,Case Closed,14-09-2020 19:00,
2835,5629,Case Closed,24-01-2021 22:00,
2836,5631,Case Closed,12-11-2020 23:00,
2837,5635,Case Closed,12-10-2020 21:00,
2838,5641,Case Closed,02-10-2020 11:00,
2839,5642,Case Closed,15-01-2021 05:00,
2840,5643,Case Closed,29-09-2020 21:00,
2841,5646,Case Closed,20-11-2020 01:00,
2842,5649,Case Closed,06-11-2020 12:00,
2843,5651,Case Closed,22-09-2020 02:00,
2844,5653,Case Closed,23-10-2020 09:00,
2845,5654,Case Closed,28-10-2020 18:00,
2846,5655,Case Closed,02-09-2020 04:00,
2847,5656,Case Closed,05-11-2020 16:00,
2848,5657,Case Closed,16-11-2020 06:00,
2849,5660,Case Closed,23-09-2020 11:00,
2850,5661,Case Closed,12-10-2020 06:00,
2851,5664,Case Closed,03-09-2020 02:00,
2852,5666,Case Closed,26-05-2022 02:00,
2853,5667,Case Closed,22-09-2020 13:00,
2854,5668,Case Closed,17-08-2022 11:00,
2855,5670,Case Closed,27-09-2020 08:00,
2856,5671,Case Closed,15-11-2020 13:00,
2857,5672,Case Closed,17-09-2020 14:00,
2858,5674,Case Closed,20-09-2020 09:00,
2859,5676,Case Closed,24-10-2020 15:00,
2860,5678,Case Closed,29-10-2020 05:00,
2861,5680,Case Closed,14-07-2022 09:00,
2862,5682,Case Closed,17-11-2020 17:00,
2863,5683,Case Closed,09-09-2020 12:00,
2864,5686,Case Closed,21-11-2020 14:00,
2865,5687,Case Closed,11-09-2020 14:00,
2866,5688,Case Closed,24-10-2020 10:00,
2867,5689,Case Closed,26-09-2020 13:00,
2868,5690,Case Closed,28-10-2020 11:00,
2869,5691,Case Closed,27-12-2020 09:00,
2870,5692,Case Closed,07-04-2021 07:00,
2871,5693,Case Closed,02-10-2020 10:00,
2872,5694,Case Closed,13-10-2020 23:00,
2873,5698,Case Closed,24-10-2020 00:00,
2874,5700,Case Closed,25-03-2022 17:00,
2875,5703,Case Closed,26-09-2020 12:00,
2876,5705,Case Closed,17-02-2021 01:00,
2877,5707,Case Closed,03-11-2020 03:00,
2878,5710,Case Closed,10-11-2020 22:00,
2879,5711,Case Closed,21-10-2020 18:00,
2880,5712,Case Closed,12-10-2020 02:00,
2881,5713,Case Closed,22-11-2020 18:00,
2882,5714,Case Closed,02-11-2020 18:00,
2883,5717,Case Closed,06-11-2020 06:00,
2884,5719,Case Closed,20-11-2020 11:00,
2885,5721,Case Closed,12-10-2020 05:00,
2886,5723,Case Closed,08-09-2020 15:00,
2887,5724,Case Closed,27-04-2021 03:00,
2888,5726,Case Closed,12-11-2020 21:00,
2889,5727,Case Closed,13-10-2020 22:00,
2890,5730,Case Closed,11-11-2020 01:00,
2891,5732,Case Closed,03-10-2020 19:00,
2892,5737,Case Closed,22-09-2020 11:00,
2893,5740,Case Closed,24-10-2020 14:00,
2894,5742,Case Closed,06-11-2020 03:00,
2895,5744,Case Closed,20-10-2020 05:00,
2896,5746,Case Closed,03-09-2020 16:00,
2897,5747,Case Closed,13-11-2020 20:00,
2898,5748,Case Closed,02-10-2020 00:00,
2899,5750,Case Closed,14-09-2020 14:00,
2900,5751,Case Closed,20-09-2020 15:00,
2901,5753,Case Closed,17-02-2022 04:00,
2902,5754,Case Closed,02-10-2020 12:00,
2903,5757,Case Closed,06-10-2020 02:00,
2904,5758,Case Closed,23-11-2020 00:00,
2905,5760,Case Closed,23-10-2020 16:00,
2906,5761,Case Closed,05-09-2020 06:00,
2907,5764,Case Closed,19-09-2020 14:00,
2908,5766,Case Closed,02-10-2020 01:00,
2909,5767,Case Closed,18-10-2020 02:00,
2910,5768,Case Closed,03-12-2020 05:00,
2911,5772,Case Closed,01-12-2020 11:00,
2912,5773,Case Closed,23-11-2020 21:00,
2913,5774,Case Closed,19-09-2020 05:00,
2914,5776,Case Closed,02-11-2020 13:00,
2915,5780,Case Closed,12-10-2020 02:00,
2916,5782,Case Closed,17-10-2020 07:00,
2917,5784,Case Closed,11-10-2020 02:00,
2918,5785,Case Closed,09-10-2020 08:00,
2919,5786,Case Closed,15-09-2020 04:00,
2920,5787,Case Closed,24-11-2020 16:00,
2921,5788,Case Closed,27-12-2020 22:00,
2922,5792,Case Closed,14-01-2021 12:00,
2923,5796,Case Closed,16-10-2020 16:00,
2924,5798,Case Closed,29-05-2021 01:00,
2925,5799,Case Closed,09-10-2020 15:00,
2926,5801,Case Closed,12-10-2020 20:00,
2927,5802,Case Closed,10-11-2020 16:00,
2928,5804,Case Closed,02-09-2020 10:00,
2929,5805,Case Closed,22-10-2020 00:00,
2930,5806,Case Closed,05-10-2020 06:00,
2931,5807,Case Closed,25-11-2020 01:00,
2932,5808,Case Closed,22-10-2020 01:00,
2933,5809,Case Closed,09-04-2022 21:00,
2934,5811,Case Closed,04-10-2020 09:00,
2935,5812,Case Closed,08-09-2020 15:00,
2936,5813,Case Closed,02-01-2022 05:00,
2937,5814,Case Closed,06-11-2020 12:00,
2938,5815,Case Closed,01-02-2022 05:00,
2939,5816,Case Closed,05-09-2020 13:00,
2940,5825,Case Closed,15-09-2020 04:00,
2941,5826,Case Closed,25-11-2020 01:00,
2942,5827,Case Closed,11-11-2020 02:00,
2943,5828,Case Closed,02-09-2020 17:00,
2944,5830,Case Closed,24-10-2020 08:00,
2945,5831,Case Closed,01-09-2020 08:00,
2946,5832,Case Closed,02-10-2020 10:00,
2947,5835,Case Closed,14-11-2020 09:00,
2948,5836,Case Closed,24-10-2021 11:00,
2949,5837,Case Closed,14-11-2020 13:00,
2950,5839,Case Closed,05-10-2020 17:00,
2951,5841,Case Closed,23-11-2020 21:00,
2952,5843,Case Closed,18-09-2020 03:00,
2953,5844,Case Closed,22-09-2020 17:00,
2954,5848,Case Closed,20-09-2020 20:00,
2955,5852,Case Closed,27-08-2022 21:00,
2956,5854,Case Closed,18-11-2020 07:00,
2957,5855,Case Closed,07-10-2020 22:00,
2958,5859,Case Closed,25-09-2020 14:00,
2959,5863,Case Closed,09-11-2020 19:00,
2960,5868,Case Closed,18-09-2020 19:00,
2961,5869,Case Closed,09-11-2020 09:00,
2962,5870,Case Closed,20-10-2020 10:00,
2963,5871,Case Closed,03-11-2020 20:00,
2964,5872,Case Closed,22-10-2020 11:00,
2965,5873,Case Closed,28-10-2020 19:00,
2966,5875,Case Closed,27-10-2020 02:00,
2967,5877,Case Closed,12-01-2021 18:00,
2968,5880,Case Closed,29-05-2021 03:00,
2969,5882,Case Closed,18-09-2020 19:00,
2970,5884,Case Closed,13-01-2021 03:00,
2971,5885,Case Closed,01-12-2020 23:00,
2972,5886,Case Closed,11-09-2020 11:00,
2973,5887,Case Closed,19-11-2020 14:00,
2974,5888,Case Closed,26-01-2021 03:00,
2975,5890,Case Closed,27-10-2020 14:00,
2976,5892,Case Closed,28-11-2020 13:00,
2977,5895,Case Closed,15-10-2020 02:00,
2978,5897,Case Closed,19-11-2020 08:00,
2979,5898,Case Closed,02-10-2020 00:00,
2980,5901,Case Closed,17-11-2020 08:00,
2981,5902,Case Closed,07-11-2020 03:00,
2982,5903,Case Closed,20-11-2020 05:00,
2983,5906,Case Closed,15-10-2020 10:00,
2984,5908,Case Closed,03-10-2020 08:00,
2985,5910,Case Closed,28-09-2020 22:00,
2986,5912,Case Closed,18-10-2020 00:00,
2987,5915,Case Closed,20-10-2020 05:00,
2988,5916,Case Closed,26-10-2020 17:00,
2989,5918,Case Closed,01-02-2021 04:00,
2990,5922,Case Closed,26-10-2020 13:00,
2991,5924,Case Closed,01-11-2020 15:00,
2992,5926,Case Closed,05-11-2020 17:00,
2993,5930,Case Closed,05-09-2021 00:00,
2994,5932,Case Closed,22-10-2020 22:00,
2995,5937,Case Closed,22-09-2020 23:00,
2996,5940,Case Closed,23-09-2020 10:00,
2997,5943,Case Closed,26-09-2020 07:00,
2998,5944,Case Closed,30-09-2020 22:00,
2999,5946,Case Closed,20-11-2020 04:00,
3000,5947,Case Closed,09-10-2020 05:00,
3001,5953,Case Closed,28-11-2020 10:00,
3002,5954,Case Closed,02-12-2020 16:00,
3003,5958,Case Closed,21-10-2020 20:00,
3004,5962,Case Closed,11-09-2020 00:00,
3005,5964,Case Closed,13-11-2020 00:00,
3006,5965,Case Closed,29-11-2020 10:00,
3007,5966,Case Closed,29-11-2020 13:00,
3008,5968,Case Closed,20-09-2020 22:00,
3009,5969,Case Closed,03-10-2020 05:00,
3010,5970,Case Closed,15-11-2020 07:00,
3011,5975,Case Closed,28-11-2020 20:00,
3012,5976,Case Closed,16-11-2020 04:00,
3013,5977,Case Closed,14-10-2020 04:00,
3014,5979,Case Closed,24-11-2020 22:00,
3015,5980,Case Closed,04-10-2020 15:00,
3016,5982,Case Closed,03-12-2020 00:00,
3017,5984,Case Closed,28-11-2020 20:00,
3018,5987,Case Closed,30-10-2020 00:00,
3019,5988,Case Closed,11-02-2021 05:00,
3020,5990,Case Closed,18-11-2020 17:00,
3021,5992,Case Closed,12-02-2021 17:00,
3022,5993,Case Closed,03-08-2022 21:00,
3023,5994,Case Closed,27-01-2021 07:00,
3024,5996,Case Closed,09-12-2020 13:00,
3025,5998,Case Closed,02-10-2020 19:00,
3026,6000,Case Closed,02-12-2020 16:00,
3027,6001,Case Closed,24-11-2020 06:00,
3028,6002,Case Closed,19-11-2020 02:00,
3029,6003,Case Closed,14-09-2020 05:00,
3030,6005,Case Closed,23-09-2020 19:00,
3031,6007,Case Closed,05-12-2020 08:00,
3032,6009,Case Closed,22-11-2020 03:00,
3033,6011,Case Closed,30-09-2020 00:00,
3034,6013,Case Closed,01-12-2020 03:00,
3035,6015,Case Closed,19-08-2021 10:00,
3036,6018,Case Closed,26-09-2020 16:00,
3037,6020,Case Closed,07-11-2020 15:00,
3038,6022,Case Closed,19-10-2020 16:00,
3039,6023,Case Closed,14-01-2021 20:00,
3040,6025,Case Closed,10-08-2021 13:00,
3041,6026,Case Closed,29-11-2020 16:00,
3042,6028,Case Closed,17-10-2020 06:00,
3043,6030,Case Closed,21-09-2020 13:00,
3044,6031,Case Closed,11-12-2020 07:00,
3045,6033,Case Closed,15-10-2020 20:00,
3046,6035,Case Closed,16-09-2020 15:00,
3047,6036,Case Closed,10-03-2022 00:00,
3048,6041,Case Closed,27-10-2020 10:00,
3049,6042,Case Closed,13-10-2020 03:00,
3050,6044,Case Closed,19-11-2020 10:00,
3051,6047,Case Closed,31-10-2020 04:00,
3052,6050,Case Closed,26-08-2022 23:00,
3053,6052,Case Closed,24-10-2020 11:00,
3054,6055,Case Closed,17-10-2020 19:00,
3055,6060,Case Closed,25-11-2020 07:00,
3056,6062,Case Closed,28-09-2020 09:00,
3057,6065,Case Closed,01-08-2022 13:00,
3058,6066,Case Closed,16-09-2020 23:00,
3059,6067,Case Closed,22-11-2020 18:00,
3060,6068,Case Closed,30-10-2020 11:00,
3061,6069,Case Closed,01-10-2020 02:00,
3062,6074,Case Closed,17-10-2020 12:00,
3063,6075,Case Closed,02-11-2020 12:00,
3064,6076,Case Closed,13-09-2020 05:00,
3065,6081,Case Closed,19-09-2020 08:00,
3066,6082,Case Closed,12-11-2020 04:00,
3067,6084,Case Closed,05-11-2020 05:00,
3068,6085,Case Closed,09-12-2020 21:00,
3069,6087,Case Closed,01-10-2020 21:00,
3070,6088,Case Closed,31-10-2020 22:00,
3071,6089,Case Closed,29-10-2020 05:00,
3072,6092,Case Closed,25-10-2020 20:00,
3073,6093,Case Closed,07-12-2020 22:00,
3074,6096,Case Closed,25-09-2020 04:00,
3075,6097,Case Closed,21-09-2020 09:00,
3076,6099,Case Closed,09-01-2021 23:00,
3077,6100,Case Closed,06-11-2020 00:00,
3078,6101,Case Closed,15-10-2020 13:00,
3079,6102,Case Closed,28-09-2020 20:00,
3080,6114,Case Closed,28-11-2020 21:00,
3081,6116,Case Closed,21-06-2021 13:00,
3082,6119,Case Closed,01-12-2020 05:00,
3083,6120,Case Closed,15-10-2020 14:00,
3084,6121,Case Closed,15-11-2020 06:00,
3085,6123,Case Closed,05-11-2020 13:00,
3086,6124,Case Closed,02-10-2020 12:00,
3087,6126,Case Closed,11-10-2020 13:00,
3088,6130,Case Closed,30-11-2020 21:00,
3089,6131,Case Closed,24-01-2021 15:00,
3090,6133,Case Closed,10-12-2020 05:00,
3091,6134,Case Closed,03-11-2020 04:00,
3092,6135,Case Closed,10-12-2020 16:00,
3093,6142,Case Closed,21-11-2020 09:00,
3094,6144,Case Closed,03-11-2020 03:00,
3095,6145,Case Closed,24-11-2020 19:00,
3096,6147,Case Closed,29-09-2020 07:00,
3097,6150,Case Closed,05-12-2020 11:00,
3098,6153,Case Closed,23-11-2020 22:00,
3099,6155,Case Closed,12-11-2020 17:00,
3100,6160,Case Closed,21-11-2020 16:00,
3101,6161,Case Closed,20-11-2020 10:00,
3102,6162,Case Closed,13-07-2021 13:00,
3103,6163,Case Closed,22-11-2020 04:00,
3104,6164,Case Closed,15-11-2020 20:00,
3105,6168,Case Closed,01-11-2020 20:00,
3106,6174,Case Closed,18-11-2020 10:00,
3107,6175,Case Closed,21-06-2021 16:00,
3108,6176,Case Closed,01-12-2020 02:00,
3109,6177,Case Closed,28-09-2020 09:00,
3110,6178,Case Closed,31-12-2020 23:00,
3111,6180,Case Closed,11-01-2022 10:00,
3112,6181,Case Closed,02-08-2022 19:00,
3113,6183,Case Closed,02-12-2020 11:00,
3114,6184,Case Closed,26-09-2020 00:00,
3115,6185,Case Closed,24-11-2020 03:00,
3116,6186,Case Closed,21-11-2020 00:00,
3117,6187,Case Closed,30-11-2020 17:00,
3118,6192,Case Closed,06-03-2021 10:00,
3119,6193,Case Closed,15-10-2020 13:00,
3120,6196,Case Closed,24-09-2020 12:00,
3121,6199,Case Closed,01-12-2020 01:00,
3122,6200,Case Closed,06-10-2020 20:00,
3123,6202,Case Closed,02-01-2022 00:00,
3124,6205,Case Closed,14-11-2020 20:00,
3125,6206,Case Closed,15-10-2020 10:00,
3126,6207,Case Closed,18-11-2020 14:00,
3127,6210,Case Closed,23-11-2020 20:00,
3128,6212,Case Closed,12-03-2021 03:00,
3129,6214,Case Closed,15-11-2020 18:00,
3130,6215,Case Closed,16-11-2020 03:00,
3131,6216,Case Closed,02-01-2022 08:00,
3132,6219,Case Closed,09-11-2020 18:00,
3133,6222,Case Closed,29-10-2020 06:00,
3134,6224,Case Closed,03-10-2020 04:00,
3135,6225,Case Closed,20-10-2020 03:00,
3136,6227,Case Closed,20-11-2020 04:00,
3137,6228,Case Closed,04-10-2020 17:00,
3138,6229,Case Closed,03-10-2020 11:00,
3139,6231,Case Closed,14-10-2020 12:00,
3140,6233,Case Closed,05-10-2020 17:00,
3141,6234,Case Closed,07-11-2020 20:00,
3142,6238,Case Closed,18-11-2020 17:00,
3143,6241,Case Closed,07-11-2020 09:00,
3144,6242,Case Closed,14-03-2021 09:00,
3145,6245,Case Closed,29-10-2020 10:00,
3146,6246,Case Closed,02-12-2020 15:00,
3147,6247,Case Closed,15-12-2020 03:00,
3148,6248,Case Closed,07-12-2020 14:00,
3149,6249,Case Closed,18-10-2020 05:00,
3150,6250,Case Closed,11-10-2020 05:00,
3151,6251,Case Closed,26-11-2020 07:00,
3152,6252,Case Closed,02-11-2020 18:00,
3153,6253,Case Closed,31-10-2020 09:00,
3154,6254,Case Closed,28-09-2020 08:00,
3155,6256,Case Closed,21-01-2021 14:00,
3156,6258,Case Closed,30-11-2020 13:00,
3157,6260,Case Closed,10-07-2022 11:00,
3158,6261,Case Closed,06-12-2020 01:00,
3159,6262,Case Closed,25-12-2020 11:00,
3160,6263,Case Closed,24-11-2020 10:00,
3161,6264,Case Closed,18-05-2021 05:00,
3162,6266,Case Closed,21-11-2020 09:00,
3163,6267,Case Closed,25-10-2020 18:00,
3164,6269,Case Closed,04-03-2021 07:00,
3165,6271,Case Closed,01-12-2020 15:00,
3166,6272,Case Closed,28-10-2020 13:00,
3167,6273,Case Closed,06-10-2020 16:00,
3168,6274,Case Closed,15-05-2022 21:00,
3169,6278,Case Closed,11-10-2020 14:00,
3170,6283,Case Closed,15-11-2020 14:00,
3171,6284,Case Closed,09-12-2020 02:00,
3172,6285,Case Closed,03-11-2020 08:00,
3173,6286,Case Closed,28-10-2020 01:00,
3174,6290,Case Closed,05-10-2020 09:00,
3175,6292,Case Closed,07-10-2020 22:00,
3176,6293,Case Closed,10-11-2020 06:00,
3177,6298,Case Closed,19-06-2021 03:00,
3178,6300,Case Closed,12-12-2020 14:00,
3179,6301,Case Closed,26-11-2020 11:00,
3180,6302,Case Closed,05-12-2020 23:00,
3181,6306,Case Closed,01-10-2020 19:00,
3182,6307,Case Closed,02-11-2020 04:00,
3183,6310,Case Closed,28-10-2020 07:00,
3184,6314,Case Closed,04-11-2020 15:00,
3185,6315,Case Closed,01-11-2020 12:00,
3186,6316,Case Closed,15-11-2020 04:00,
3187,6318,Case Closed,13-12-2020 04:00,
3188,6321,Case Closed,03-12-2020 17:00,
3189,6324,Case Closed,08-10-2020 08:00,
3190,6325,Case Closed,15-11-2020 00:00,
3191,6328,Case Closed,14-10-2020 18:00,
3192,6329,Case Closed,30-10-2020 23:00,
3193,6330,Case Closed,13-04-2022 12:00,
3194,6331,Case Closed,06-11-2020 15:00,
3195,6333,Case Closed,08-06-2022 03:00,
3196,6334,Case Closed,19-10-2020 01:00,
3197,6335,Case Closed,31-10-2020 21:00,
3198,6336,Case Closed,10-10-2020 02:00,
3199,6338,Case Closed,30-12-2020 11:00,
3200,6341,Case Closed,25-11-2020 03:00,
3201,6347,Case Closed,21-10-2020 04:00,
3202,6348,Case Closed,28-09-2020 22:00,
3203,6350,Case Closed,29-11-2020 06:00,
3204,6351,Case Closed,06-12-2020 22:00,
3205,6352,Case Closed,16-11-2020 02:00,
3206,6353,Case Closed,30-09-2020 12:00,
3207,6355,Case Closed,25-10-2020 12:00,
3208,6356,Case Closed,16-10-2020 18:00,
3209,6357,Case Closed,06-10-2020 09:00,
3210,6358,Case Closed,21-11-2020 07:00,
3211,6359,Case Closed,21-12-2020 12:00,
3212,6360,Case Closed,09-11-2020 16:00,
3213,6364,Case Closed,18-11-2020 19:00,
3214,6368,Case Closed,30-12-2020 15:00,
3215,6370,Case Closed,30-10-2020 11:00,
3216,6373,Case Closed,12-12-2020 00:00,
3217,6374,Case Closed,27-09-2020 19:00,
3218,6377,Case Closed,21-11-2020 05:00,
3219,6379,Case Closed,30-09-2020 23:00,
3220,6380,Case Closed,26-10-2020 23:00,
3221,6382,Case Closed,05-10-2020 16:00,
3222,6384,Case Closed,04-10-2020 04:00,
3223,6387,Case Closed,04-10-2020 03:00,
3224,6388,Case Closed,23-11-2020 08:00,
3225,6394,Case Closed,28-11-2020 16:00,
3226,6398,Case Closed,04-12-2020 18:00,
3227,6399,Case Closed,25-11-2020 16:00,
3228,6400,Case Closed,23-10-2020 22:00,
3229,6401,Case Closed,18-10-2020 09:00,
3230,6402,Case Closed,29-10-2020 14:00,
3231,6403,Case Closed,01-11-2020 08:00,
3232,6405,Case Closed,01-11-2020 05:00,
3233,6406,Case Closed,21-12-2020 09:00,
3234,6409,Case Closed,17-11-2020 00:00,
3235,6412,Case Closed,26-11-2020 09:00,
3236,6413,Case Closed,29-11-2020 16:00,
3237,6415,Case Closed,15-12-2020 04:00,
3238,6416,Case Closed,06-10-2020 13:00,
3239,6417,Case Closed,11-10-2020 03:00,
3240,6419,Case Closed,15-10-2020 16:00,
3241,6420,Case Closed,14-11-2020 23:00,
3242,6422,Case Closed,20-12-2020 12:00,
3243,6423,Case Closed,17-10-2020 21:00,
3244,6425,Case Closed,22-10-2020 04:00,
3245,6427,Case Closed,21-10-2020 06:00,
3246,6429,Case Closed,28-11-2020 05:00,
3247,6430,Case Closed,08-12-2021 06:00,
3248,6433,Case Closed,06-10-2020 03:00,
3249,6434,Case Closed,26-11-2020 04:00,
3250,6436,Case Closed,15-11-2020 11:00,
3251,6439,Case Closed,14-11-2020 22:00,
3252,6442,Case Closed,28-10-2020 09:00,
3253,6443,Case Closed,18-11-2020 06:00,
3254,6445,Case Closed,25-10-2020 02:00,
3255,6448,Case Closed,09-11-2020 11:00,
3256,6452,Case Closed,03-12-2020 16:00,
3257,6453,Case Closed,14-11-2020 10:00,
3258,6454,Case Closed,20-03-2021 03:00,
3259,6455,Case Closed,06-11-2020 13:00,
3260,6456,Case Closed,09-10-2020 09:00,
3261,6457,Case Closed,11-12-2020 09:00,
3262,6458,Case Closed,19-11-2020 07:00,
3263,6459,Case Closed,04-11-2020 01:00,
3264,6461,Case Closed,03-12-2020 10:00,
3265,6463,Case Closed,10-11-2020 12:00,
3266,6466,Case Closed,02-12-2020 10:00,
3267,6467,Case Closed,25-10-2020 23:00,
3268,6468,Case Closed,12-12-2020 22:00,
3269,6469,Case Closed,12-11-2020 21:00,
3270,6472,Case Closed,10-12-2020 22:00,
3271,6473,Case Closed,25-10-2020 15:00,
3272,6474,Case Closed,01-11-2020 16:00,
3273,6475,Case Closed,20-12-2020 17:00,
3274,6479,Case Closed,01-12-2020 11:00,
3275,6480,Case Closed,30-11-2020 20:00,
3276,6481,Case Closed,02-11-2021 04:00,
3277,6482,Case Closed,23-12-2020 09:00,
3278,6483,Case Closed,31-10-2020 07:00,
3279,6485,Case Closed,18-10-2020 08:00,
3280,6486,Case Closed,06-10-2020 07:00,
3281,6489,Case Closed,19-10-2020 03:00,
3282,6492,Case Closed,19-12-2020 07:00,
3283,6493,Case Closed,04-11-2020 11:00,
3284,6496,Case Closed,24-12-2020 00:00,
3285,6497,Case Closed,13-10-2020 05:00,
3286,6498,Case Closed,21-10-2020 03:00,
3287,6499,Case Closed,07-11-2020 01:00,
3288,6502,Case Closed,01-12-2020 02:00,
3289,6511,Case Closed,13-10-2020 20:00,
3290,6512,Case Closed,02-03-2021 18:00,
3291,6518,Case Closed,30-10-2020 07:00,
3292,6521,Case Closed,02-12-2020 04:00,
3293,6523,Case Closed,04-03-2022 00:00,
3294,6524,Case Closed,20-10-2020 14:00,
3295,6525,Case Closed,04-11-2020 04:00,
3296,6526,Case Closed,01-12-2020 06:00,
3297,6527,Case Closed,23-11-2020 08:00,
3298,6529,Case Closed,26-10-2020 18:00,
3299,6531,Case Closed,10-10-2020 09:00,
3300,6537,Case Closed,04-12-2020 12:00,
3301,6538,Case Closed,09-12-2020 08:00,
3302,6539,Case Closed,14-12-2020 06:00,
3303,6540,Case Closed,08-12-2020 23:00,
3304,6541,Case Closed,18-10-2020 03:00,
3305,6545,Case Closed,09-11-2020 20:00,
3306,6547,Case Closed,03-12-2020 15:00,
3307,6550,Case Closed,29-10-2020 17:00,
3308,6551,Case Closed,19-10-2020 00:00,
3309,6552,Case Closed,09-11-2020 15:00,
3310,6557,Case Closed,20-11-2020 17:00,
3311,6558,Case Closed,04-08-2022 00:00,
3312,6559,Case Closed,16-10-2020 20:00,
3313,6561,Case Closed,24-05-2022 19:00,
3314,6563,Case Closed,08-10-2020 00:00,
3315,6564,Case Closed,04-11-2020 21:00,
3316,6565,Case Closed,17-10-2020 01:00,
3317,6566,Case Closed,17-01-2021 20:00,
3318,6567,Case Closed,02-10-2021 07:00,
3319,6568,Case Closed,17-10-2020 07:00,
3320,6570,Case Closed,02-12-2020 06:00,
3321,6572,Case Closed,15-12-2020 10:00,
3322,6575,Case Closed,29-12-2020 05:00,
3323,6576,Case Closed,11-11-2020 02:00,
3324,6579,Case Closed,26-06-2022 08:00,
3325,6580,Case Closed,17-12-2020 11:00,
3326,6581,Case Closed,24-12-2020 22:00,
3327,6587,Case Closed,31-12-2020 16:00,
3328,6588,Case Closed,04-11-2020 21:00,
3329,6591,Case Closed,28-04-2022 07:00,
3330,6593,Case Closed,17-12-2020 05:00,
3331,6600,Case Closed,13-11-2020 08:00,
3332,6602,Case Closed,16-12-2020 11:00,
3333,6604,Case Closed,18-12-2020 07:00,
3334,6607,Case Closed,30-10-2020 19:00,
3335,6608,Case Closed,14-11-2020 06:00,
3336,6612,Case Closed,28-06-2021 06:00,
3337,6614,Case Closed,04-11-2020 00:00,
3338,6615,Case Closed,16-02-2021 23:00,
3339,6616,Case Closed,25-10-2020 23:00,
3340,6617,Case Closed,27-05-2022 21:00,
3341,6618,Case Closed,16-11-2020 05:00,
3342,6623,Case Closed,19-11-2020 07:00,
3343,6625,Case Closed,02-12-2020 09:00,
3344,6626,Case Closed,09-10-2020 03:00,
3345,6627,Case Closed,21-11-2020 16:00,
3346,6629,Case Closed,19-12-2020 21:00,
3347,6630,Case Closed,20-12-2020 21:00,
3348,6633,Case Closed,22-10-2020 19:00,
3349,6635,Case Closed,14-11-2020 09:00,
3350,6639,Case Closed,30-11-2020 03:00,
3351,6640,Case Closed,28-10-2020 12:00,
3352,6644,Case Closed,15-10-2020 17:00,
3353,6645,Case Closed,16-10-2020 04:00,
3354,6647,Case Closed,12-01-2021 19:00,
3355,6648,Case Closed,23-11-2020 13:00,
3356,6650,Case Closed,10-07-2021 09:00,
3357,6652,Case Closed,06-11-2020 17:00,
3358,6653,Case Closed,16-11-2020 05:00,
3359,6656,Case Closed,13-12-2020 14:00,
3360,6659,Case Closed,26-12-2020 18:00,
3361,6661,Case Closed,21-10-2020 10:00,
3362,6662,Case Closed,08-12-2020 05:00,
3363,6663,Case Closed,07-12-2020 06:00,
3364,6666,Case Closed,19-02-2021 10:00,
3365,6671,Case Closed,19-10-2020 19:00,
3366,6672,Case Closed,31-12-2020 12:00,
3367,6673,Case Closed,17-03-2021 11:00,
3368,6681,Case Closed,08-12-2020 17:00,
3369,6687,Case Closed,18-09-2022 09:00,
3370,6688,Case Closed,20-11-2020 05:00,
3371,6691,Case Closed,22-10-2020 10:00,
3372,6693,Case Closed,29-10-2020 03:00,
3373,6694,Case Closed,10-06-2021 06:00,
3374,6695,Case Closed,24-10-2020 03:00,
3375,6701,Case Closed,23-07-2021 06:00,
3376,6702,Case Closed,13-08-2022 00:00,
3377,6708,Case Closed,22-12-2020 15:00,
3378,6709,Case Closed,30-12-2020 04:00,
3379,6711,Case Closed,20-11-2020 18:00,
3380,6712,Case Closed,05-11-2020 10:00,
3381,6714,Case Closed,19-12-2020 11:00,
3382,6715,Case Closed,30-12-2020 19:00,
3383,6717,Case Closed,28-02-2021 14:00,
3384,6721,Case Closed,24-12-2020 18:00,
3385,6722,Case Closed,13-11-2020 23:00,
3386,6723,Case Closed,23-10-2020 10:00,
3387,6724,Case Closed,30-12-2020 10:00,
3388,6725,Case Closed,22-05-2021 13:00,
3389,6726,Case Closed,19-10-2020 13:00,
3390,6729,Case Closed,27-11-2020 23:00,
3391,6733,Case Closed,26-10-2020 03:00,
3392,6734,Case Closed,13-11-2020 15:00,
3393,6735,Case Closed,25-11-2020 23:00,
3394,6737,Case Closed,01-01-2021 18:00,
3395,6738,Case Closed,04-02-2022 08:00,
3396,6741,Case Closed,04-01-2021 09:00,
3397,6742,Case Closed,05-12-2020 23:00,
3398,6745,Case Closed,19-10-2020 06:00,
3399,6751,Case Closed,25-12-2020 10:00,
3400,6752,Case Closed,22-10-2020 06:00,
3401,6753,Case Closed,23-12-2020 11:00,
3402,6754,Case Closed,28-12-2020 14:00,
3403,6755,Case Closed,02-09-2022 11:00,
3404,6760,Case Closed,25-12-2020 07:00,
3405,6762,Case Closed,16-04-2021 03:00,
3406,6767,Case Closed,29-10-2020 12:00,
3407,6770,Case Closed,03-12-2020 17:00,
3408,6772,Case Closed,08-11-2020 02:00,
3409,6773,Case Closed,02-11-2020 01:00,
3410,6774,Case Closed,29-10-2020 01:00,
3411,6775,Case Closed,16-10-2020 07:00,
3412,6777,Case Closed,07-12-2020 20:00,
3413,6778,Case Closed,26-10-2020 03:00,
3414,6780,Case Closed,21-04-2022 02:00,
3415,6781,Case Closed,14-12-2020 10:00,
3416,6785,Case Closed,31-12-2020 11:00,
3417,6786,Case Closed,24-03-2021 12:00,
3418,6787,Case Closed,26-11-2020 12:00,
3419,6788,Case Closed,19-12-2020 17:00,
3420,6791,Case Closed,29-12-2020 12:00,
3421,6792,Case Closed,17-12-2020 15:00,
3422,6795,Case Closed,23-10-2021 06:00,
3423,6803,Case Closed,04-11-2020 02:00,
3424,6804,Case Closed,08-11-2020 11:00,
3425,6807,Case Closed,23-10-2020 23:00,
3426,6809,Case Closed,08-01-2022 18:00,
3427,6810,Case Closed,12-11-2020 15:00,
3428,6811,Case Closed,17-05-2022 18:00,
3429,6814,Case Closed,04-12-2020 13:00,
3430,6815,Case Closed,08-01-2021 03:00,
3431,6816,Case Closed,20-11-2020 16:00,
3432,6819,Case Closed,01-01-2021 03:00,
3433,6820,Case Closed,15-12-2020 11:00,
3434,6826,Case Closed,23-10-2020 03:00,
3435,6828,Case Closed,03-01-2021 05:00,
3436,6829,Case Closed,02-01-2021 17:00,
3437,6832,Case Closed,16-11-2020 10:00,
3438,6833,Case Closed,05-10-2021 12:00,
3439,6835,Case Closed,25-06-2022 12:00,
3440,6837,Case Closed,18-12-2020 17:00,
3441,6838,Case Closed,28-12-2020 09:00,
3442,6842,Case Closed,20-10-2020 07:00,
3443,6844,Case Closed,11-11-2020 10:00,
3444,6845,Case Closed,01-12-2020 17:00,
3445,6846,Case Closed,25-10-2020 09:00,
3446,6847,Case Closed,05-01-2021 12:00,
3447,6849,Case Closed,19-10-2020 01:00,
3448,6857,Case Closed,15-12-2020 15:00,
3449,6858,Case Closed,17-11-2020 12:00,
3450,6859,Case Closed,05-06-2021 08:00,
3451,6861,Case Closed,10-11-2020 00:00,
3452,6862,Case Closed,25-12-2020 17:00,
3453,6864,Case Closed,09-11-2020 08:00,
3454,6866,Case Closed,09-01-2021 14:00,
3455,6867,Case Closed,15-12-2020 21:00,
3456,6868,Case Closed,15-03-2022 05:00,
3457,6869,Case Closed,25-11-2020 08:00,
3458,6870,Case Closed,07-12-2020 14:00,
3459,6872,Case Closed,03-12-2020 02:00,
3460,6874,Case Closed,13-11-2020 06:00,
3461,6875,Case Closed,12-11-2020 10:00,
3462,6876,Case Closed,12-11-2020 08:00,
3463,6878,Case Closed,04-01-2021 23:00,
3464,6879,Case Closed,13-12-2021 01:00,
3465,6881,Case Closed,06-12-2020 21:00,
3466,6882,Case Closed,13-08-2022 10:00,
3467,6884,Case Closed,26-11-2020 23:00,
3468,6885,Case Closed,28-11-2020 15:00,
3469,6888,Case Closed,05-11-2020 03:00,
3470,6889,Case Closed,10-11-2020 15:00,
3471,6890,Case Closed,22-11-2020 13:00,
3472,6893,Case Closed,11-12-2021 17:00,
3473,6897,Case Closed,02-05-2021 03:00,
3474,6899,Case Closed,20-11-2020 09:00,
3475,6903,Case Closed,21-03-2021 06:00,
3476,6906,Case Closed,28-10-2020 22:00,
3477,6907,Case Closed,07-12-2020 04:00,
3478,6910,Case Closed,26-12-2020 02:00,
3479,6911,Case Closed,27-11-2020 06:00,
3480,6912,Case Closed,12-02-2021 12:00,
3481,6914,Case Closed,20-11-2020 21:00,
3482,6916,Case Closed,27-12-2020 06:00,
3483,6918,Case Closed,17-11-2020 06:00,
3484,6920,Case Closed,08-11-2020 01:00,
3485,6924,Case Closed,10-01-2021 18:00,
3486,6925,Case Closed,01-08-2021 07:00,
3487,6930,Case Closed,04-12-2020 18:00,
3488,6932,Case Closed,08-01-2021 07:00,
3489,6934,Case Closed,01-01-2021 15:00,
3490,6935,Case Closed,05-01-2021 08:00,
3491,6939,Case Closed,30-11-2020 17:00,
3492,6940,Case Closed,29-11-2020 11:00,
3493,6944,Case Closed,30-06-2021 11:00,
3494,6946,Case Closed,08-11-2020 21:00,
3495,6948,Case Closed,18-11-2020 14:00,
3496,6951,Case Closed,10-03-2021 18:00,
3497,6953,Case Closed,06-04-2021 03:00,
3498,6954,Case Closed,14-12-2020 22:00,
3499,6955,Case Closed,16-01-2021 14:00,
3500,6957,Case Closed,17-11-2020 11:00,
3501,6958,Case Closed,29-10-2020 11:00,
3502,6959,Case Closed,03-11-2020 01:00,
3503,6960,Case Closed,08-11-2020 05:00,
3504,6961,Case Closed,06-11-2020 23:00,
3505,6964,Case Closed,23-02-2021 00:00,
3506,6966,Case Closed,21-11-2020 08:00,
3507,6968,Case Closed,20-11-2020 10:00,
3508,6970,Case Closed,17-12-2020 22:00,
3509,6975,Case Closed,16-11-2021 23:00,
3510,6978,Case Closed,02-01-2021 16:00,
3511,6981,Case Closed,02-09-2021 18:00,
3512,6984,Case Closed,29-12-2020 16:00,
3513,6986,Case Closed,01-01-2021 10:00,
3514,6991,Case Closed,05-11-2020 01:00,
3515,6995,Case Closed,27-12-2020 01:00,
3516,6998,Case Closed,31-10-2020 20:00,
3517,6999,Case Closed,01-01-2021 00:00,
3518,7001,Case Closed,26-11-2020 10:00,
3519,7002,Case Closed,26-11-2020 22:00,
3520,7004,Case Closed,01-11-2020 18:00,
3521,7006,Case Closed,27-10-2020 10:00,
3522,7010,Case Closed,03-01-2021 07:00,
3523,7016,Case Closed,06-11-2020 21:00,
3524,7018,Case Closed,31-10-2020 10:00,
3525,7020,Case Closed,17-12-2020 01:00,
3526,7022,Case Closed,20-12-2020 16:00,
3527,7030,Case Closed,11-12-2020 08:00,
3528,7031,Case Closed,30-10-2020 22:00,
3529,7033,Case Closed,27-12-2020 22:00,
3530,7034,Case Closed,05-11-2020 20:00,
3531,7035,Case Closed,02-02-2021 05:00,
3532,7041,Case Closed,27-11-2020 17:00,
3533,7042,Case Closed,20-11-2020 00:00,
3534,7044,Case Closed,19-12-2020 04:00,
3535,7046,Case Closed,06-01-2021 04:00,
3536,7047,Case Closed,01-11-2020 22:00,
3537,7048,Case Closed,11-11-2020 14:00,
3538,7049,Case Closed,21-01-2022 00:00,
3539,7051,Case Closed,10-11-2020 13:00,
3540,7052,Case Closed,25-10-2020 15:00,
3541,7055,Case Closed,09-12-2020 16:00,
3542,7056,Case Closed,31-10-2020 11:00,
3543,7057,Case Closed,05-12-2020 21:00,
3544,7061,Case Closed,14-11-2020 11:00,
3545,7062,Case Closed,19-01-2021 06:00,
3546,7063,Case Closed,31-10-2020 02:00,
3547,7064,Case Closed,06-05-2021 01:00,
3548,7065,Case Closed,22-11-2020 02:00,
3549,7068,Case Closed,18-11-2020 01:00,
3550,7071,Case Closed,30-12-2020 05:00,
3551,7072,Case Closed,02-12-2020 12:00,
3552,7073,Case Closed,16-12-2020 14:00,
3553,7074,Case Closed,15-09-2022 18:00,
3554,7075,Case Closed,03-02-2021 08:00,
3555,7081,Case Closed,01-01-2021 22:00,
3556,7083,Case Closed,16-01-2021 03:00,
3557,7084,Case Closed,10-01-2021 04:00,
3558,7085,Case Closed,11-01-2021 00:00,
3559,7089,Case Closed,10-12-2020 01:00,
3560,7091,Case Closed,05-11-2020 04:00,
3561,7092,Case Closed,29-12-2020 16:00,
3562,7093,Case Closed,26-11-2020 07:00,
3563,7096,Case Closed,20-02-2021 02:00,
3564,7098,Case Closed,18-11-2020 11:00,
3565,7099,Case Closed,11-12-2020 00:00,
3566,7100,Case Closed,11-12-2020 09:00,
3567,7104,Case Closed,06-02-2021 16:00,
3568,7109,Case Closed,15-12-2020 17:00,
3569,7110,Case Closed,14-11-2020 21:00,
3570,7111,Case Closed,07-11-2020 03:00,
3571,7113,Case Closed,20-11-2020 08:00,
3572,7116,Case Closed,12-11-2020 06:00,
3573,7117,Case Closed,13-06-2021 10:00,
3574,7119,Case Closed,18-12-2020 11:00,
3575,7120,Case Closed,29-12-2020 12:00,
3576,7122,Case Closed,27-12-2020 13:00,
3577,7123,Case Closed,02-11-2020 09:00,
3578,7124,Case Closed,03-01-2021 22:00,
3579,7125,Case Closed,16-01-2021 21:00,
3580,7126,Case Closed,23-11-2020 16:00,
3581,7128,Case Closed,05-01-2021 15:00,
3582,7130,Case Closed,16-01-2021 17:00,
3583,7131,Case Closed,30-12-2020 15:00,
3584,7132,Case Closed,13-07-2022 07:00,
3585,7133,Case Closed,14-11-2020 14:00,
3586,7135,Case Closed,01-07-2022 08:00,
3587,7139,Case Closed,17-01-2021 15:00,
3588,7140,Case Closed,28-07-2022 20:00,
3589,7141,Case Closed,17-11-2020 19:00,
3590,7148,Case Closed,24-03-2021 22:00,
3591,7149,Case Closed,03-11-2020 20:00,
3592,7153,Case Closed,23-12-2020 09:00,
3593,7155,Case Closed,08-01-2021 07:00,
3594,7156,Case Closed,21-12-2020 11:00,
3595,7157,Case Closed,23-12-2020 21:00,
3596,7158,Case Closed,22-12-2020 16:00,
3597,7160,Case Closed,23-11-2020 18:00,
3598,7161,Case Closed,08-11-2020 19:00,
3599,7163,Case Closed,11-03-2021 05:00,
3600,7165,Case Closed,21-11-2020 13:00,
3601,7169,Case Closed,10-01-2021 03:00,
3602,7170,Case Closed,16-12-2020 18:00,
3603,7176,Case Closed,15-07-2021 18:00,
3604,7180,Case Closed,18-12-2020 17:00,
3605,7182,Case Closed,14-01-2021 09:00,
3606,7184,Case Closed,30-11-2020 07:00,
3607,7188,Case Closed,02-07-2022 03:00,
3608,7189,Case Closed,24-12-2020 00:00,
3609,7190,Case Closed,24-01-2021 05:00,
3610,7194,Case Closed,03-01-2021 10:00,
3611,7195,Case Closed,21-11-2020 02:00,
3612,7196,Case Closed,29-08-2021 07:00,
3613,7197,Case Closed,22-01-2021 15:00,
3614,7198,Case Closed,05-11-2020 18:00,
3615,7199,Case Closed,16-12-2021 18:00,
3616,7201,Case Closed,02-01-2021 09:00,
3617,7204,Case Closed,09-12-2020 18:00,
3618,7205,Case Closed,02-12-2020 17:00,
3619,7206,Case Closed,29-12-2020 04:00,
3620,7209,Case Closed,01-02-2022 07:00,
3621,7211,Case Closed,20-11-2020 23:00,
3622,7215,Case Closed,08-06-2022 20:00,
3623,7220,Case Closed,10-07-2022 16:00,
3624,7222,Case Closed,14-11-2021 20:00,
3625,7223,Case Closed,08-01-2021 06:00,
3626,7224,Case Closed,04-11-2020 03:00,
3627,7225,Case Closed,13-01-2021 12:00,
3628,7232,Case Closed,03-01-2021 01:00,
3629,7236,Case Closed,20-02-2021 16:00,
3630,7239,Case Closed,06-01-2021 06:00,
3631,7240,Case Closed,12-12-2020 10:00,
3632,7241,Case Closed,08-11-2020 19:00,
3633,7243,Case Closed,05-12-2020 01:00,
3634,7247,Case Closed,26-01-2021 11:00,
3635,7248,Case Closed,22-12-2020 12:00,
3636,7249,Case Closed,23-09-2021 16:00,
3637,7252,Case Closed,21-01-2021 16:00,
3638,7255,Case Closed,10-12-2020 14:00,
3639,7256,Case Closed,06-02-2021 06:00,
3640,7258,Case Closed,03-12-2020 22:00,
3641,7259,Case Closed,22-01-2021 12:00,
3642,7261,Case Closed,25-12-2020 12:00,
3643,7263,Case Closed,17-12-2020 23:00,
3644,7264,Case Closed,10-12-2020 23:00,
3645,7265,Case Closed,24-01-2021 07:00,
3646,7267,Case Closed,15-12-2020 03:00,
3647,7269,Case Closed,16-11-2020 05:00,
3648,7271,Case Closed,11-11-2020 01:00,
3649,7273,Case Closed,19-11-2020 03:00,
3650,7274,Case Closed,27-11-2021 02:00,
3651,7275,Case Closed,11-01-2021 01:00,
3652,7277,Case Closed,27-01-2021 15:00,
3653,7278,Case Closed,23-12-2020 15:00,
3654,7282,Case Closed,09-11-2020 06:00,
3655,7283,Case Closed,18-12-2020 05:00,
3656,7284,Case Closed,16-11-2020 06:00,
3657,7285,Case Closed,18-01-2021 00:00,
3658,7286,Case Closed,17-02-2022 14:00,
3659,7289,Case Closed,07-11-2020 10:00,
3660,7291,Case Closed,19-11-2020 08:00,
3661,7292,Case Closed,29-10-2021 19:00,
3662,7296,Case Closed,22-12-2020 18:00,
3663,7297,Case Closed,03-02-2021 19:00,
3664,7300,Case Closed,12-07-2021 13:00,
3665,7301,Case Closed,25-01-2021 06:00,
3666,7305,Case Closed,03-12-2020 11:00,
3667,7306,Case Closed,29-12-2020 08:00,
3668,7308,Case Closed,05-01-2021 14:00,
3669,7311,Case Closed,21-01-2021 11:00,
3670,7312,Case Closed,27-01-2021 20:00,
3671,7313,Case Closed,03-11-2020 13:00,
3672,7314,Case Closed,18-03-2021 09:00,
3673,7318,Case Closed,19-01-2021 03:00,
3674,7324,Case Closed,27-01-2021 14:00,
3675,7325,Case Closed,09-05-2022 10:00,
3676,7326,Case Closed,18-11-2020 20:00,
3677,7330,Case Closed,22-11-2020 07:00,
3678,7331,Case Closed,16-11-2020 15:00,
3679,7332,Case Closed,06-01-2021 21:00,
3680,7333,Case Closed,12-11-2020 04:00,
3681,7336,Case Closed,23-12-2020 07:00,
3682,7337,Case Closed,19-08-2022 00:00,
3683,7340,Case Closed,29-11-2020 14:00,
3684,7341,Case Closed,05-12-2020 17:00,
3685,7342,Case Closed,28-11-2020 23:00,
3686,7343,Case Closed,18-11-2020 03:00,
3687,7344,Case Closed,30-12-2020 08:00,
3688,7346,Case Closed,14-11-2020 22:00,
3689,7347,Case Closed,25-11-2020 04:00,
3690,7350,Case Closed,22-01-2021 05:00,
3691,7351,Case Closed,16-12-2020 14:00,
3692,7353,Case Closed,22-06-2022 01:00,
3693,7355,Case Closed,20-11-2020 01:00,
3694,7357,Case Closed,09-12-2020 13:00,
3695,7358,Case Closed,31-12-2020 02:00,
3696,7359,Case Closed,30-12-2020 06:00,
3697,7360,Case Closed,21-11-2020 23:00,
3698,7361,Case Closed,30-01-2021 21:00,
3699,7362,Case Closed,20-04-2021 11:00,
3700,7366,Case Closed,16-03-2021 10:00,
3701,7367,Case Closed,09-12-2020 04:00,
3702,7368,Case Closed,12-12-2020 12:00,
3703,7369,Case Closed,13-12-2020 01:00,
3704,7371,Case Closed,04-12-2020 09:00,
3705,7373,Case Closed,03-12-2020 10:00,
3706,7374,Case Closed,29-12-2020 06:00,
3707,7377,Case Closed,09-01-2021 22:00,
3708,7379,Case Closed,20-11-2020 08:00,
3709,7383,Case Closed,19-01-2021 17:00,
3710,7384,Case Closed,11-12-2020 23:00,
3711,7388,Case Closed,29-11-2020 02:00,
3712,7390,Case Closed,03-12-2020 03:00,
3713,7392,Case Closed,31-01-2021 22:00,
3714,7395,Case Closed,30-01-2021 11:00,
3715,7396,Case Closed,27-12-2020 07:00,
3716,7399,Case Closed,04-01-2021 12:00,
3717,7400,Case Closed,12-11-2020 16:00,
3718,7401,Case Closed,17-11-2020 23:00,
3719,7403,Case Closed,23-01-2021 16:00,
3720,7404,Case Closed,20-09-2021 00:00,
3721,7405,Case Closed,13-11-2020 08:00,
3722,7406,Case Closed,13-12-2020 11:00,
3723,7407,Case Closed,09-12-2020 10:00,
3724,7408,Case Closed,25-11-2020 12:00,
3725,7409,Case Closed,27-12-2020 00:00,
3726,7411,Case Closed,12-01-2021 19:00,
3727,7414,Case Closed,19-02-2021 16:00,
3728,7415,Case Closed,02-02-2021 10:00,
3729,7420,Case Closed,14-01-2021 12:00,
3730,7421,Case Closed,05-12-2020 19:00,
3731,7424,Case Closed,30-09-2021 03:00,
3732,7426,Case Closed,30-12-2020 23:00,
3733,7428,Case Closed,15-12-2020 18:00,
3734,7436,Case Closed,02-02-2021 16:00,
3735,7438,Case Closed,22-12-2020 10:00,
3736,7439,Case Closed,27-12-2020 11:00,
3737,7441,Case Closed,11-12-2020 06:00,
3738,7445,Case Closed,25-06-2021 21:00,
3739,7447,Case Closed,16-11-2020 19:00,
3740,7449,Case Closed,16-09-2022 19:00,
3741,7451,Case Closed,25-11-2020 08:00,
3742,7454,Case Closed,07-11-2022 08:00,
3743,7455,Case Closed,02-02-2021 21:00,
3744,7456,Case Closed,09-03-2022 18:00,
3745,7457,Case Closed,08-12-2020 09:00,
3746,7458,Case Closed,10-07-2021 04:00,
3747,7460,Case Closed,27-12-2020 23:00,
3748,7461,Case Closed,23-11-2020 16:00,
3749,7464,Case Closed,26-11-2020 15:00,
3750,7465,Case Closed,22-12-2020 06:00,
3751,7466,Case Closed,05-01-2021 02:00,
3752,7470,Case Closed,04-01-2021 14:00,
3753,7472,Case Closed,19-11-2020 21:00,
3754,7474,Case Closed,21-12-2021 09:00,
3755,7475,Case Closed,04-02-2021 01:00,
3756,7479,Case Closed,17-08-2021 19:00,
3757,7480,Case Closed,29-11-2020 04:00,
3758,7481,Case Closed,30-01-2021 18:00,
3759,7484,Case Closed,12-12-2020 22:00,
3760,7485,Case Closed,14-02-2021 14:00,
3761,7486,Case Closed,28-11-2020 02:00,
3762,7487,Case Closed,09-01-2021 16:00,
3763,7489,Case Closed,06-01-2021 14:00,
3764,7491,Case Closed,30-12-2020 02:00,
3765,7494,Case Closed,18-12-2020 10:00,
3766,7495,Case Closed,23-12-2020 13:00,
3767,7497,Case Closed,07-01-2021 10:00,
3768,7499,Case Closed,21-09-2022 18:00,
3769,7501,Case Closed,24-11-2020 14:00,
3770,7502,Case Closed,19-08-2021 09:00,
3771,7503,Case Closed,20-11-2020 17:00,
3772,7504,Case Closed,19-11-2020 03:00,
3773,7506,Case Closed,23-01-2021 15:00,
3774,7510,Case Closed,22-12-2020 17:00,
3775,7511,Case Closed,18-11-2020 11:00,
3776,7512,Case Closed,15-11-2020 13:00,
3777,7514,Case Closed,13-01-2021 18:00,
3778,7515,Case Closed,21-12-2020 19:00,
3779,7517,Case Closed,24-12-2020 01:00,
3780,7518,Case Closed,07-01-2021 16:00,
3781,7523,Case Closed,17-12-2020 06:00,
3782,7527,Case Closed,03-12-2020 10:00,
3783,7528,Case Closed,26-11-2020 09:00,
3784,7529,Case Closed,20-01-2021 11:00,
3785,7530,Case Closed,11-12-2020 03:00,
3786,7531,Case Closed,16-11-2020 22:00,
3787,7532,Case Closed,12-12-2020 17:00,
3788,7534,Case Closed,22-11-2020 12:00,
3789,7535,Case Closed,30-01-2021 11:00,
3790,7536,Case Closed,29-01-2021 08:00,
3791,7538,Case Closed,13-01-2021 09:00,
3792,7542,Case Closed,02-01-2021 00:00,
3793,7544,Case Closed,20-11-2021 17:00,
3794,7545,Case Closed,11-12-2020 22:00,
3795,7547,Case Closed,01-01-2021 16:00,
3796,7549,Case Closed,06-02-2021 01:00,
3797,7550,Case Closed,09-05-2022 14:00,
3798,7555,Case Closed,06-02-2021 02:00,
3799,7556,Case Closed,29-01-2021 03:00,
3800,7560,Case Closed,23-11-2020 22:00,
3801,7562,Case Closed,01-12-2020 10:00,
3802,7566,Case Closed,24-12-2020 16:00,
3803,7568,Case Closed,18-01-2021 07:00,
3804,7570,Case Closed,07-02-2021 00:00,
3805,7572,Case Closed,13-04-2021 13:00,
3806,7573,Case Closed,08-02-2021 16:00,
3807,7574,Case Closed,29-11-2020 00:00,
3808,7577,Case Closed,26-01-2021 14:00,
3809,7578,Case Closed,06-02-2021 21:00,
3810,7584,Case Closed,05-02-2021 03:00,
3811,7586,Case Closed,23-01-2021 23:00,
3812,7587,Case Closed,11-01-2021 10:00,
3813,7590,Case Closed,08-01-2021 21:00,
3814,7591,Case Closed,08-12-2020 15:00,
3815,7592,Case Closed,31-12-2020 00:00,
3816,7593,Case Closed,27-01-2021 12:00,
3817,7596,Case Closed,17-06-2022 18:00,
3818,7597,Case Closed,27-11-2020 13:00,
3819,7598,Case Closed,18-12-2020 13:00,
3820,7599,Case Closed,25-12-2020 09:00,
3821,7603,Case Closed,12-01-2021 15:00,
3822,7604,Case Closed,18-01-2021 05:00,
3823,7606,Case Closed,17-01-2021 00:00,
3824,7607,Case Closed,10-01-2021 04:00,
3825,7608,Case Closed,22-12-2020 06:00,
3826,7609,Case Closed,17-12-2020 08:00,
3827,7612,Case Closed,13-05-2021 02:00,
3828,7614,Case Closed,14-12-2020 03:00,
3829,7618,Case Closed,28-01-2021 03:00,
3830,7620,Case Closed,20-01-2021 03:00,
3831,7621,Case Closed,25-12-2020 08:00,
3832,7623,Case Closed,25-11-2020 02:00,
3833,7624,Case Closed,02-12-2020 02:00,
3834,7629,Case Closed,03-01-2021 13:00,
3835,7633,Case Closed,19-12-2020 01:00,
3836,7634,Case Closed,07-02-2021 21:00,
3837,7635,Case Closed,06-01-2021 06:00,
3838,7637,Case Closed,21-01-2021 11:00,
3839,7638,Case Closed,15-04-2021 18:00,
3840,7639,Case Closed,07-04-2021 12:00,
3841,7641,Case Closed,10-01-2021 13:00,
3842,7642,Case Closed,16-01-2021 22:00,
3843,7643,Case Closed,23-09-2022 14:00,
3844,7644,Case Closed,24-11-2020 08:00,
3845,7645,Case Closed,13-01-2021 00:00,
3846,7646,Case Closed,12-02-2021 22:00,
3847,7647,Case Closed,22-12-2020 00:00,
3848,7648,Case Closed,20-01-2021 01:00,
3849,7650,Case Closed,11-12-2020 04:00,
3850,7651,Case Closed,03-01-2021 20:00,
3851,7652,Case Closed,25-03-2021 15:00,
3852,7655,Case Closed,13-01-2021 09:00,
3853,7656,Case Closed,26-12-2020 19:00,
3854,7658,Case Closed,26-11-2020 11:00,
3855,7662,Case Closed,26-01-2021 13:00,
3856,7663,Case Closed,29-11-2020 13:00,
3857,7664,Case Closed,27-12-2020 12:00,
3858,7665,Case Closed,19-12-2020 05:00,
3859,7667,Case Closed,10-02-2021 23:00,
3860,7669,Case Closed,03-12-2020 19:00,
3861,7672,Case Closed,19-09-2021 20:00,
3862,7673,Case Closed,02-05-2021 13:00,
3863,7675,Case Closed,23-12-2020 03:00,
3864,7676,Case Closed,11-02-2021 07:00,
3865,7680,Case Closed,09-01-2021 20:00,
3866,7684,Case Closed,05-01-2021 14:00,
3867,7685,Case Closed,29-12-2020 04:00,
3868,7687,Case Closed,21-02-2021 14:00,
3869,7688,Case Closed,30-01-2021 09:00,
3870,7689,Case Closed,15-01-2021 08:00,
3871,7690,Case Closed,10-03-2021 16:00,
3872,7697,Case Closed,13-03-2022 16:00,
3873,7698,Case Closed,05-02-2021 20:00,
3874,7699,Case Closed,29-01-2021 09:00,
3875,7700,Case Closed,06-12-2020 17:00,
3876,7706,Case Closed,07-08-2021 05:00,
3877,7708,Case Closed,30-01-2021 16:00,
3878,7710,Case Closed,11-02-2021 01:00,
3879,7711,Case Closed,02-01-2021 04:00,
3880,7713,Case Closed,09-01-2021 19:00,
3881,7714,Case Closed,20-12-2020 21:00,
3882,7715,Case Closed,19-12-2020 10:00,
3883,7716,Case Closed,17-12-2020 17:00,
3884,7717,Case Closed,06-12-2020 19:00,
3885,7718,Case Closed,20-05-2022 05:00,
3886,7719,Case Closed,12-01-2021 00:00,
3887,7720,Case Closed,01-02-2021 08:00,
3888,7722,Case Closed,27-11-2020 23:00,
3889,7723,Case Closed,16-01-2021 21:00,
3890,7724,Case Closed,01-02-2021 06:00,
3891,7725,Case Closed,08-02-2021 17:00,
3892,7734,Case Closed,16-01-2021 18:00,
3893,7735,Case Closed,14-12-2020 17:00,
3894,7736,Case Closed,31-01-2021 20:00,
3895,7737,Case Closed,31-01-2021 05:00,
3896,7738,Case Closed,12-12-2020 14:00,
3897,7740,Case Closed,27-01-2021 16:00,
3898,7744,Case Closed,18-12-2020 18:00,
3899,7745,Case Closed,06-02-2021 20:00,
3900,7746,Case Closed,16-04-2021 19:00,
3901,7748,Case Closed,29-01-2021 10:00,
3902,7749,Case Closed,19-01-2021 00:00,
3903,7750,Case Closed,08-12-2020 04:00,
3904,7753,Case Closed,16-01-2021 22:00,
3905,7754,Case Closed,25-08-2022 13:00,
3906,7755,Case Closed,14-01-2021 18:00,
3907,7765,Case Closed,20-01-2021 14:00,
3908,7766,Case Closed,10-01-2021 13:00,
3909,7767,Case Closed,07-01-2021 09:00,
3910,7768,Case Closed,18-02-2021 08:00,
3911,7771,Case Closed,16-01-2021 14:00,
3912,7773,Case Closed,07-02-2021 12:00,
3913,7774,Case Closed,10-02-2021 12:00,
3914,7775,Case Closed,05-02-2021 03:00,
3915,7776,Case Closed,27-01-2021 14:00,
3916,7777,Case Closed,09-02-2021 02:00,
3917,7779,Case Closed,12-01-2021 13:00,
3918,7781,Case Closed,15-02-2021 05:00,
3919,7782,Case Closed,10-03-2021 16:00,
3920,7783,Case Closed,14-01-2021 16:00,
3921,7784,Case Closed,26-12-2020 09:00,
3922,7785,Case Closed,25-01-2021 17:00,
3923,7788,Case Closed,29-12-2020 20:00,
3924,7792,Case Closed,26-12-2020 00:00,
3925,7793,Case Closed,03-09-2022 04:00,
3926,7794,Case Closed,13-07-2021 12:00,
3927,7795,Case Closed,04-02-2021 11:00,
3928,7797,Case Closed,31-12-2020 23:00,
3929,7798,Case Closed,12-12-2020 11:00,
3930,7799,Case Closed,16-01-2021 11:00,
3931,7803,Case Closed,05-02-2021 03:00,
3932,7805,Case Closed,06-12-2020 20:00,
3933,7806,Case Closed,07-01-2021 11:00,
3934,7808,Case Closed,23-11-2020 17:00,
3935,7810,Case Closed,21-12-2020 12:00,
3936,7811,Case Closed,29-12-2020 22:00,
3937,7812,Case Closed,12-02-2021 10:00,
3938,7814,Case Closed,23-01-2021 12:00,
3939,7815,Case Closed,18-01-2021 03:00,
3940,7817,Case Closed,29-01-2021 20:00,
3941,7822,Case Closed,12-12-2020 13:00,
3942,7830,Case Closed,15-11-2022 09:00,
3943,7831,Case Closed,11-12-2021 17:00,
3944,7832,Case Closed,01-02-2021 15:00,
3945,7833,Case Closed,11-04-2021 19:00,
3946,7834,Case Closed,18-01-2021 17:00,
3947,7840,Case Closed,06-02-2021 13:00,
3948,7841,Case Closed,10-01-2021 03:00,
3949,7842,Case Closed,18-02-2021 20:00,
3950,7846,Case Closed,09-02-2021 05:00,
3951,7847,Case Closed,15-01-2021 08:00,
3952,7849,Case Closed,14-01-2021 15:00,
3953,7850,Case Closed,02-01-2021 07:00,
3954,7852,Case Closed,12-02-2021 02:00,
3955,7854,Case Closed,10-02-2021 02:00,
3956,7856,Case Closed,15-12-2020 07:00,
3957,7859,Case Closed,05-12-2020 18:00,
3958,7860,Case Closed,19-02-2021 07:00,
3959,7864,Case Closed,18-12-2020 14:00,
3960,7865,Case Closed,09-05-2022 00:00,
3961,7870,Case Closed,12-12-2020 10:00,
3962,7871,Case Closed,12-12-2020 12:00,
3963,7873,Case Closed,10-07-2021 16:00,
3964,7875,Case Closed,08-01-2021 19:00,
3965,7876,Case Closed,11-02-2021 18:00,
3966,7877,Case Closed,07-02-2021 16:00,
3967,7882,Case Closed,30-04-2022 00:00,
3968,7883,Case Closed,25-01-2021 12:00,
3969,7884,Case Closed,13-02-2021 02:00,
3970,7885,Case Closed,18-12-2020 14:00,
3971,7886,Case Closed,23-12-2020 11:00,
3972,7888,Case Closed,08-12-2020 03:00,
3973,7889,Case Closed,26-11-2020 05:00,
3974,7890,Case Closed,07-12-2020 13:00,
3975,7891,Case Closed,20-09-2021 17:00,
3976,7893,Case Closed,16-11-2022 15:00,
3977,7894,Case Closed,16-02-2021 07:00,
3978,7895,Case Closed,29-09-2021 15:00,
3979,7900,Case Closed,28-01-2021 23:00,
3980,7902,Case Closed,06-12-2020 18:00,
3981,7903,Case Closed,24-02-2021 07:00,
3982,7905,Case Closed,20-12-2020 20:00,
3983,7906,Case Closed,08-02-2021 21:00,
3984,7907,Case Closed,23-12-2020 01:00,
3985,7908,Case Closed,13-01-2021 11:00,
3986,7910,Case Closed,12-12-2020 20:00,
3987,7913,Case Closed,13-12-2020 13:00,
3988,7916,Case Closed,23-12-2020 22:00,
3989,7917,Case Closed,16-12-2020 13:00,
3990,7918,Case Closed,15-08-2021 01:00,
3991,7920,Case Closed,18-12-2020 01:00,
3992,7921,Case Closed,19-01-2021 14:00,
3993,7923,Case Closed,09-02-2021 00:00,
3994,7924,Case Closed,28-01-2021 12:00,
3995,7925,Case Closed,24-02-2021 08:00,
3996,7929,Case Closed,13-01-2021 13:00,
3997,7931,Case Closed,05-02-2021 02:00,
3998,7933,Case Closed,08-01-2021 10:00,
3999,7936,Case Closed,08-12-2020 03:00,
4000,7937,Case Closed,04-02-2021 09:00,
4001,7938,Case Closed,06-01-2021 01:00,
4002,7940,Case Closed,13-02-2021 15:00,
4003,7941,Case Closed,27-01-2021 21:00,
4004,7947,Case Closed,22-02-2021 15:00,
4005,7949,Case Closed,11-12-2020 19:00,
4006,7953,Case Closed,09-12-2020 11:00,
4007,7958,Case Closed,27-12-2020 17:00,
4008,7964,Case Closed,06-02-2021 08:00,
4009,7967,Case Closed,19-12-2020 01:00,
4010,7968,Case Closed,19-02-2022 03:00,
4011,7969,Case Closed,03-02-2021 01:00,
4012,7971,Case Closed,06-02-2021 01:00,
4013,7973,Case Closed,16-12-2021 22:00,
4014,7975,Case Closed,12-12-2020 06:00,
4015,7977,Case Closed,24-12-2020 17:00,
4016,7978,Case Closed,23-02-2021 20:00,
4017,7979,Case Closed,23-12-2020 07:00,
4018,7982,Case Closed,23-12-2020 03:00,
4019,7983,Case Closed,27-12-2020 17:00,
4020,7985,Case Closed,14-02-2021 17:00,
4021,7989,Case Closed,24-01-2021 19:00,
4022,7990,Case Closed,14-12-2020 13:00,
4023,7992,Case Closed,23-12-2020 16:00,
4024,7993,Case Closed,16-06-2021 13:00,
4025,7995,Case Closed,23-12-2020 00:00,
4026,7996,Case Closed,23-02-2021 08:00,
4027,7998,Case Closed,22-01-2021 23:00,
4028,7999,Case Closed,25-01-2021 13:00,
4029,8000,Case Closed,07-02-2022 09:00,
4030,8002,Case Closed,24-01-2021 22:00,
4031,8003,Case Closed,31-01-2021 09:00,
4032,8007,Case Closed,12-12-2020 11:00,
4033,8008,Case Closed,12-12-2020 13:00,
4034,8011,Case Closed,25-01-2021 20:00,
4035,8012,Case Closed,23-02-2021 19:00,
4036,8015,Case Closed,05-12-2020 20:00,
4037,8017,Case Closed,24-02-2021 22:00,
4038,8020,Case Closed,12-02-2021 14:00,
4039,8021,Case Closed,06-12-2020 10:00,
4040,8024,Case Closed,17-02-2021 11:00,
4041,8026,Case Closed,26-02-2021 17:00,
4042,8027,Case Closed,28-12-2020 17:00,
4043,8029,Case Closed,28-11-2021 08:00,
4044,8032,Case Closed,16-04-2021 02:00,
4045,8033,Case Closed,05-02-2021 17:00,
4046,8039,Case Closed,19-03-2021 19:00,
4047,8040,Case Closed,09-12-2020 20:00,
4048,8043,Case Closed,22-02-2021 17:00,
4049,8044,Case Closed,28-04-2021 04:00,
4050,8048,Case Closed,20-01-2021 23:00,
4051,8049,Case Closed,14-01-2021 22:00,
4052,8050,Case Closed,04-02-2021 14:00,
4053,8051,Case Closed,23-12-2020 23:00,
4054,8052,Case Closed,09-01-2021 20:00,
4055,8056,Case Closed,05-11-2022 18:00,
4056,8057,Case Closed,06-02-2021 05:00,
4057,8058,Case Closed,04-01-2021 03:00,
4058,8060,Case Closed,16-02-2021 15:00,
4059,8063,Case Closed,19-12-2020 17:00,
4060,8066,Case Closed,04-02-2021 16:00,
4061,8068,Case Closed,11-01-2021 20:00,
4062,8069,Case Closed,28-01-2021 08:00,
4063,8071,Case Closed,23-12-2020 13:00,
4064,8074,Case Closed,11-02-2021 14:00,
4065,8076,Case Closed,01-01-2021 19:00,
4066,8078,Case Closed,12-12-2020 12:00,
4067,8079,Case Closed,02-02-2021 04:00,
4068,8080,Case Closed,04-12-2020 18:00,
4069,8081,Case Closed,02-01-2021 01:00,
4070,8084,Case Closed,07-01-2021 00:00,
4071,8086,Case Closed,25-03-2021 19:00,
4072,8087,Case Closed,23-12-2020 04:00,
4073,8089,Case Closed,21-02-2021 10:00,
4074,8091,Case Closed,18-02-2021 01:00,
4075,8093,Case Closed,16-12-2020 13:00,
4076,8094,Case Closed,15-12-2020 13:00,
4077,8097,Case Closed,20-02-2021 11:00,
4078,8099,Case Closed,14-12-2020 12:00,
4079,8100,Case Closed,24-12-2020 09:00,
4080,8101,Case Closed,18-02-2021 07:00,
4081,8102,Case Closed,19-01-2021 22:00,
4082,8104,Case Closed,13-01-2021 09:00,
4083,8105,Case Closed,06-09-2022 14:00,
4084,8106,Case Closed,27-02-2021 20:00,
4085,8109,Case Closed,04-02-2021 14:00,
4086,8115,Case Closed,25-02-2021 15:00,
4087,8118,Case Closed,12-01-2021 11:00,
4088,8121,Case Closed,08-12-2020 03:00,
4089,8122,Case Closed,18-02-2021 20:00,
4090,8123,Case Closed,27-09-2021 01:00,
4091,8124,Case Closed,07-01-2021 05:00,
4092,8126,Case Closed,30-01-2021 08:00,
4093,8127,Case Closed,22-12-2020 04:00,
4094,8129,Case Closed,04-01-2021 18:00,
4095,8135,Case Closed,09-02-2021 23:00,
4096,8137,Case Closed,16-02-2021 16:00,
4097,8140,Case Closed,21-12-2020 06:00,
4098,8141,Case Closed,02-02-2021 08:00,
4099,8143,Case Closed,03-04-2021 18:00,
4100,8145,Case Closed,08-12-2020 10:00,
4101,8146,Case Closed,03-02-2021 18:00,
4102,8149,Case Closed,05-02-2021 12:00,
4103,8150,Case Closed,03-02-2021 01:00,
4104,8151,Case Closed,24-02-2021 10:00,
4105,8153,Case Closed,06-02-2021 17:00,
4106,8157,Case Closed,27-12-2020 10:00,
4107,8158,Case Closed,05-02-2021 20:00,
4108,8159,Case Closed,15-01-2021 11:00,
4109,8165,Case Closed,27-12-2021 20:00,
4110,8168,Case Closed,18-12-2020 08:00,
4111,8169,Case Closed,16-12-2020 18:00,
4112,8170,Case Closed,19-12-2020 06:00,
4113,8171,Case Closed,06-09-2022 00:00,
4114,8172,Case Closed,24-02-2021 00:00,
4115,8173,Case Closed,27-12-2020 09:00,
4116,8178,Case Closed,25-01-2021 19:00,
4117,8179,Case Closed,18-12-2020 16:00,
4118,8180,Case Closed,16-01-2021 11:00,
4119,8182,Case Closed,04-03-2021 04:00,
4120,8183,Case Closed,10-05-2021 23:00,
4121,8185,Case Closed,10-01-2021 14:00,
4122,8187,Case Closed,06-07-2022 12:00,
4123,8189,Case Closed,17-01-2021 21:00,
4124,8191,Case Closed,21-02-2021 21:00,
4125,8194,Case Closed,16-02-2021 03:00,
4126,8195,Case Closed,14-02-2021 03:00,
4127,8196,Case Closed,04-02-2021 12:00,
4128,8197,Case Closed,15-01-2022 15:00,
4129,8199,Case Closed,31-12-2020 02:00,
4130,8200,Case Closed,18-12-2020 07:00,
4131,8202,Case Closed,18-02-2021 00:00,
4132,8203,Case Closed,08-02-2021 16:00,
4133,8205,Case Closed,04-02-2021 06:00,
4134,8207,Case Closed,28-12-2020 19:00,
4135,8208,Case Closed,12-07-2021 03:00,
4136,8215,Case Closed,31-01-2021 20:00,
4137,8216,Case Closed,02-01-2021 15:00,
4138,8217,Case Closed,08-02-2021 15:00,
4139,8219,Case Closed,23-10-2022 20:00,
4140,8223,Case Closed,24-02-2021 20:00,
4141,8224,Case Closed,01-01-2021 04:00,
4142,8225,Case Closed,27-12-2020 17:00,
4143,8226,Case Closed,27-12-2020 05:00,
4144,8232,Case Closed,30-08-2022 13:00,
4145,8233,Case Closed,01-01-2021 13:00,
4146,8235,Case Closed,06-01-2021 21:00,
4147,8236,Case Closed,06-05-2022 17:00,
4148,8237,Case Closed,25-02-2021 22:00,
4149,8238,Case Closed,04-01-2021 06:00,
4150,8239,Case Closed,17-12-2020 10:00,
4151,8242,Case Closed,29-12-2020 15:00,
4152,8246,Case Closed,26-12-2020 16:00,
4153,8248,Case Closed,08-10-2022 15:00,
4154,8249,Case Closed,25-04-2022 07:00,
4155,8250,Case Closed,31-12-2020 21:00,
4156,8251,Case Closed,21-12-2020 22:00,
4157,8252,Case Closed,25-12-2020 03:00,
4158,8253,Case Closed,26-01-2021 09:00,
4159,8258,Case Closed,24-02-2021 11:00,
4160,8260,Case Closed,05-05-2021 01:00,
4161,8261,Case Closed,11-03-2021 19:00,
4162,8263,Case Closed,26-02-2021 17:00,
4163,8264,Case Closed,09-01-2021 07:00,
4164,8265,Case Closed,29-01-2021 16:00,
4165,8269,Case Closed,15-12-2020 19:00,
4166,8272,Case Closed,17-02-2021 07:00,
4167,8274,Case Closed,17-01-2021 15:00,
4168,8275,Case Closed,12-02-2021 03:00,
4169,8278,Case Closed,04-03-2021 13:00,
4170,8283,Case Closed,07-03-2021 00:00,
4171,8285,Case Closed,21-08-2022 15:00,
4172,8286,Case Closed,17-02-2021 04:00,
4173,8287,Case Closed,30-12-2020 02:00,
4174,8292,Case Closed,12-01-2021 15:00,
4175,8293,Case Closed,18-04-2022 18:00,
4176,8296,Case Closed,30-01-2021 00:00,
4177,8298,Case Closed,20-01-2021 04:00,
4178,8299,Case Closed,03-02-2021 14:00,
4179,8300,Case Closed,01-03-2021 14:00,
4180,8302,Case Closed,20-12-2020 01:00,
4181,8304,Case Closed,15-08-2022 14:00,
4182,8305,Case Closed,19-01-2021 07:00,
4183,8307,Case Closed,04-04-2021 11:00,
4184,8308,Case Closed,31-12-2020 02:00,
4185,8309,Case Closed,25-02-2021 22:00,
4186,8310,Case Closed,05-02-2021 03:00,
4187,8312,Case Closed,10-03-2021 03:00,
4188,8313,Case Closed,09-02-2021 22:00,
4189,8315,Case Closed,19-02-2022 10:00,
4190,8316,Case Closed,12-03-2021 05:00,
4191,8317,Case Closed,14-01-2021 13:00,
4192,8318,Case Closed,27-02-2021 23:00,
4193,8320,Case Closed,13-02-2021 10:00,
4194,8321,Case Closed,24-12-2020 10:00,
4195,8322,Case Closed,30-12-2020 00:00,
4196,8323,Case Closed,03-01-2021 02:00,
4197,8324,Case Closed,10-03-2021 09:00,
4198,8325,Case Closed,17-05-2022 06:00,
4199,8327,Case Closed,10-03-2021 20:00,
4200,8329,Case Closed,09-01-2021 17:00,
4201,8332,Case Closed,19-12-2020 21:00,
4202,8333,Case Closed,03-01-2021 19:00,
4203,8335,Case Closed,13-02-2021 01:00,
4204,8337,Case Closed,01-02-2021 07:00,
4205,8338,Case Closed,04-02-2021 12:00,
4206,8342,Case Closed,30-12-2020 21:00,
4207,8344,Case Closed,13-02-2021 07:00,
4208,8345,Case Closed,20-02-2021 17:00,
4209,8347,Case Closed,17-01-2021 07:00,
4210,8348,Case Closed,11-02-2021 17:00,
4211,8350,Case Closed,07-03-2021 15:00,
4212,8351,Case Closed,19-01-2021 20:00,
4213,8355,Case Closed,31-01-2021 12:00,
4214,8358,Case Closed,12-02-2021 00:00,
4215,8359,Case Closed,15-03-2021 00:00,
4216,8361,Case Closed,26-12-2020 11:00,
4217,8362,Case Closed,04-07-2022 10:00,
4218,8365,Case Closed,02-03-2021 13:00,
4219,8368,Case Closed,17-01-2021 16:00,
4220,8369,Case Closed,05-01-2021 09:00,
4221,8372,Case Closed,19-12-2020 01:00,
4222,8373,Case Closed,20-02-2021 08:00,
4223,8375,Case Closed,07-02-2021 12:00,
4224,8376,Case Closed,30-12-2020 16:00,
4225,8377,Case Closed,16-02-2021 04:00,
4226,8380,Case Closed,24-12-2020 16:00,
4227,8382,Case Closed,20-01-2021 03:00,
4228,8384,Case Closed,24-12-2020 13:00,
4229,8387,Case Closed,16-12-2020 11:00,
4230,8393,Case Closed,12-02-2021 17:00,
4231,8397,Case Closed,21-01-2021 15:00,
4232,8399,Case Closed,01-12-2022 23:00,
4233,8401,Case Closed,14-01-2021 20:00,
4234,8402,Case Closed,21-02-2021 04:00,
4235,8408,Case Closed,15-01-2021 23:00,
4236,8410,Case Closed,23-12-2020 12:00,
4237,8412,Case Closed,10-01-2021 12:00,
4238,8413,Case Closed,27-02-2021 03:00,
4239,8414,Case Closed,11-03-2021 10:00,
4240,8420,Case Closed,19-01-2021 15:00,
4241,8424,Case Closed,18-11-2021 10:00,
4242,8425,Case Closed,15-02-2021 06:00,
4243,8426,Case Closed,07-07-2021 01:00,
4244,8428,Case Closed,28-01-2021 02:00,
4245,8429,Case Closed,03-03-2021 07:00,
4246,8430,Case Closed,18-02-2021 03:00,
4247,8431,Case Closed,20-01-2021 02:00,
4248,8432,Case Closed,20-09-2021 00:00,
4249,8433,Case Closed,06-08-2022 11:00,
4250,8435,Case Closed,17-02-2021 02:00,
4251,8436,Case Closed,07-05-2022 14:00,
4252,8437,Case Closed,27-12-2020 02:00,
4253,8438,Case Closed,04-02-2021 00:00,
4254,8439,Case Closed,03-02-2021 23:00,
4255,8440,Case Closed,25-02-2021 21:00,
4256,8444,Case Closed,07-01-2021 07:00,
4257,8449,Case Closed,11-03-2021 09:00,
4258,8453,Case Closed,26-12-2020 20:00,
4259,8454,Case Closed,08-02-2021 22:00,
4260,8455,Case Closed,20-12-2021 17:00,
4261,8456,Case Closed,06-02-2021 17:00,
4262,8458,Case Closed,26-07-2021 06:00,
4263,8459,Case Closed,17-02-2021 12:00,
4264,8461,Case Closed,15-01-2021 23:00,
4265,8465,Case Closed,11-02-2021 17:00,
4266,8466,Case Closed,14-01-2021 16:00,
4267,8468,Case Closed,05-03-2021 10:00,
4268,8469,Case Closed,13-02-2021 18:00,
4269,8470,Case Closed,27-08-2022 19:00,
4270,8471,Case Closed,03-03-2021 01:00,
4271,8472,Case Closed,17-02-2021 08:00,
4272,8474,Case Closed,17-02-2021 15:00,
4273,8475,Case Closed,29-12-2020 11:00,
4274,8477,Case Closed,11-07-2022 04:00,
4275,8478,Case Closed,05-01-2022 02:00,
4276,8479,Case Closed,27-01-2021 03:00,
4277,8480,Case Closed,31-12-2020 08:00,
4278,8481,Case Closed,05-03-2021 20:00,
4279,8482,Case Closed,10-02-2021 09:00,
4280,8486,Case Closed,17-03-2021 02:00,
4281,8488,Case Closed,18-01-2021 07:00,
4282,8490,Case Closed,15-03-2021 08:00,
4283,8491,Case Closed,17-01-2021 12:00,
4284,8493,Case Closed,04-02-2021 13:00,
4285,8495,Case Closed,16-03-2021 10:00,
4286,8499,Case Closed,15-02-2021 12:00,
4287,8503,Case Closed,25-01-2021 01:00,
4288,8505,Case Closed,05-02-2021 22:00,
4289,8506,Case Closed,31-07-2022 18:00,
4290,8507,Case Closed,07-01-2021 11:00,
4291,8508,Case Closed,15-02-2021 02:00,
4292,8509,Case Closed,13-02-2021 05:00,
4293,8510,Case Closed,17-03-2021 18:00,
4294,8516,Case Closed,29-12-2020 11:00,
4295,8517,Case Closed,22-02-2021 15:00,
4296,8518,Case Closed,28-12-2020 04:00,
4297,8519,Case Closed,06-03-2021 10:00,
4298,8520,Case Closed,14-01-2021 03:00,
4299,8522,Case Closed,26-02-2021 07:00,
4300,8527,Case Closed,29-07-2022 05:00,
4301,8528,Case Closed,13-01-2021 09:00,
4302,8529,Case Closed,10-02-2021 17:00,
4303,8530,Case Closed,13-02-2021 01:00,
4304,8531,Case Closed,21-01-2022 09:00,
4305,8532,Case Closed,19-02-2021 14:00,
4306,8534,Case Closed,09-03-2021 20:00,
4307,8535,Case Closed,07-01-2022 19:00,
4308,8537,Case Closed,01-02-2021 05:00,
4309,8540,Case Closed,14-02-2021 16:00,
4310,8544,Case Closed,23-02-2021 12:00,
4311,8548,Case Closed,20-02-2021 05:00,
4312,8553,Case Closed,17-02-2021 14:00,
4313,8556,Case Closed,26-01-2021 17:00,
4314,8558,Case Closed,29-05-2021 20:00,
4315,8559,Case Closed,26-02-2021 10:00,
4316,8561,Case Closed,05-01-2022 01:00,
4317,8563,Case Closed,18-03-2021 13:00,
4318,8564,Case Closed,17-01-2021 03:00,
4319,8566,Case Closed,20-02-2021 07:00,
4320,8568,Case Closed,21-01-2021 09:00,
4321,8570,Case Closed,01-03-2021 10:00,
4322,8571,Case Closed,03-03-2021 23:00,
4323,8572,Case Closed,15-02-2021 05:00,
4324,8573,Case Closed,13-02-2021 11:00,
4325,8574,Case Closed,19-03-2021 03:00,
4326,8575,Case Closed,13-01-2021 20:00,
4327,8576,Case Closed,05-03-2021 03:00,
4328,8578,Case Closed,03-03-2022 21:00,
4329,8580,Case Closed,31-12-2020 21:00,
4330,8581,Case Closed,11-03-2021 18:00,
4331,8584,Case Closed,29-01-2021 01:00,
4332,8585,Case Closed,09-01-2021 20:00,
4333,8587,Case Closed,03-05-2021 19:00,
4334,8589,Case Closed,15-02-2021 03:00,
4335,8590,Case Closed,07-01-2021 22:00,
4336,8592,Case Closed,11-04-2021 16:00,
4337,8594,Case Closed,11-03-2021 18:00,
4338,8595,Case Closed,07-01-2021 11:00,
4339,8597,Case Closed,25-12-2020 22:00,
4340,8602,Case Closed,28-02-2021 22:00,
4341,8603,Case Closed,05-03-2021 07:00,
4342,8608,Case Closed,14-01-2021 01:00,
4343,8611,Case Closed,09-12-2022 01:00,
4344,8613,Case Closed,26-02-2021 16:00,
4345,8614,Case Closed,16-01-2022 10:00,
4346,8615,Case Closed,18-02-2021 15:00,
4347,8619,Case Closed,09-03-2021 12:00,
4348,8620,Case Closed,24-01-2021 05:00,
4349,8621,Case Closed,21-01-2021 02:00,
4350,8623,Case Closed,27-12-2020 13:00,
4351,8625,Case Closed,13-01-2021 05:00,
4352,8628,Case Closed,25-02-2021 10:00,
4353,8629,Case Closed,13-03-2021 22:00,
4354,8630,Case Closed,04-01-2021 00:00,
4355,8631,Case Closed,13-03-2021 18:00,
4356,8636,Case Closed,02-03-2021 10:00,
4357,8638,Case Closed,16-03-2021 07:00,
4358,8639,Case Closed,15-03-2021 04:00,
4359,8640,Case Closed,20-03-2021 19:00,
4360,8642,Case Closed,05-01-2021 16:00,
4361,8643,Case Closed,20-03-2021 09:00,
4362,8646,Case Closed,07-03-2021 02:00,
4363,8647,Case Closed,22-01-2021 05:00,
4364,8650,Case Closed,01-05-2021 17:00,
4365,8652,Case Closed,22-06-2021 20:00,
4366,8653,Case Closed,02-03-2021 05:00,
4367,8654,Case Closed,02-02-2021 01:00,
4368,8655,Case Closed,11-02-2021 19:00,
4369,8660,Case Closed,27-01-2021 20:00,
4370,8661,Case Closed,13-11-2021 17:00,
4371,8662,Case Closed,13-03-2021 07:00,
4372,8664,Case Closed,31-01-2021 11:00,
4373,8668,Case Closed,10-01-2021 14:00,
4374,8671,Case Closed,12-03-2021 16:00,
4375,8672,Case Closed,06-01-2021 23:00,
4376,8673,Case Closed,22-03-2021 16:00,
4377,8676,Case Closed,05-02-2021 18:00,
4378,8680,Case Closed,24-07-2021 14:00,
4379,8681,Case Closed,26-02-2021 17:00,
4380,8682,Case Closed,09-01-2021 15:00,
4381,8683,Case Closed,25-03-2021 07:00,
4382,8684,Case Closed,22-01-2021 04:00,
4383,8685,Case Closed,19-02-2021 19:00,
4384,8687,Case Closed,01-02-2021 11:00,
4385,8688,Case Closed,26-01-2021 16:00,
4386,8689,Case Closed,13-02-2021 21:00,
4387,8691,Case Closed,06-02-2021 18:00,
4388,8695,Case Closed,04-02-2021 19:00,
4389,8696,Case Closed,23-02-2021 18:00,
4390,8699,Case Closed,21-01-2021 06:00,
4391,8702,Case Closed,15-02-2021 03:00,
4392,8703,Case Closed,08-01-2021 12:00,
4393,8706,Case Closed,24-03-2021 04:00,
4394,8709,Case Closed,24-02-2021 11:00,
4395,8710,Case Closed,03-01-2021 15:00,
4396,8711,Case Closed,20-02-2021 17:00,
4397,8715,Case Closed,12-03-2021 19:00,
4398,8719,Case Closed,10-01-2021 04:00,
4399,8720,Case Closed,28-02-2021 10:00,
4400,8721,Case Closed,13-03-2021 02:00,
4401,8722,Case Closed,10-02-2021 08:00,
4402,8723,Case Closed,21-03-2021 14:00,
4403,8724,Case Closed,01-03-2021 14:00,
4404,8725,Case Closed,26-02-2021 10:00,
4405,8727,Case Closed,05-07-2021 03:00,
4406,8729,Case Closed,14-02-2021 23:00,
4407,8731,Case Closed,20-01-2021 15:00,
4408,8732,Case Closed,16-03-2021 09:00,
4409,8734,Case Closed,27-04-2022 04:00,
4410,8736,Case Closed,07-02-2021 16:00,
4411,8741,Case Closed,18-02-2021 03:00,
4412,8742,Case Closed,17-03-2021 03:00,
4413,8743,Case Closed,19-01-2021 17:00,
4414,8748,Case Closed,18-03-2021 04:00,
4415,8749,Case Closed,22-01-2021 17:00,
4416,8751,Case Closed,04-03-2021 00:00,
4417,8753,Case Closed,23-02-2021 19:00,
4418,8755,Case Closed,19-01-2021 23:00,
4419,8757,Case Closed,03-02-2021 00:00,
4420,8758,Case Closed,18-06-2021 08:00,
4421,8759,Case Closed,20-02-2021 14:00,
4422,8760,Case Closed,18-03-2021 09:00,
4423,8761,Case Closed,28-01-2021 04:00,
4424,8762,Case Closed,21-03-2021 08:00,
4425,8767,Case Closed,11-04-2021 06:00,
4426,8769,Case Closed,16-01-2021 00:00,
4427,8770,Case Closed,21-03-2021 05:00,
4428,8771,Case Closed,12-01-2021 21:00,
4429,8774,Case Closed,27-01-2021 13:00,
4430,8775,Case Closed,11-01-2021 14:00,
4431,8776,Case Closed,13-02-2021 16:00,
4432,8779,Case Closed,20-03-2021 21:00,
4433,8780,Case Closed,03-03-2021 13:00,
4434,8781,Case Closed,24-03-2021 13:00,
4435,8786,Case Closed,14-01-2021 16:00,
4436,8787,Case Closed,28-01-2021 05:00,
4437,8788,Case Closed,25-01-2021 12:00,
4438,8789,Case Closed,31-12-2022 01:00,
4439,8791,Case Closed,14-01-2021 12:00,
4440,8792,Case Closed,09-01-2021 00:00,
4441,8793,Case Closed,31-01-2021 13:00,
4442,8795,Case Closed,05-04-2021 15:00,
4443,8797,Case Closed,25-04-2021 14:00,
4444,8798,Case Closed,17-03-2021 08:00,
4445,8799,Case Closed,13-01-2021 13:00,
4446,8802,Case Closed,31-03-2021 20:00,
4447,8804,Case Closed,26-01-2021 04:00,
4448,8805,Case Closed,01-02-2021 04:00,
4449,8806,Case Closed,22-02-2021 18:00,
4450,8807,Case Closed,18-03-2021 05:00,
4451,8812,Case Closed,11-03-2021 11:00,
4452,8814,Case Closed,08-03-2021 20:00,
4453,8817,Case Closed,07-05-2021 16:00,
4454,8818,Case Closed,04-03-2021 16:00,
4455,8819,Case Closed,12-06-2021 00:00,
4456,8820,Case Closed,04-02-2021 17:00,
4457,8821,Case Closed,02-04-2021 16:00,
4458,8827,Case Closed,20-02-2021 01:00,
4459,8829,Case Closed,10-03-2021 08:00,
4460,8830,Case Closed,27-01-2021 05:00,
4461,8832,Case Closed,15-01-2021 10:00,
4462,8834,Case Closed,08-06-2021 09:00,
4463,8838,Case Closed,19-01-2021 04:00,
4464,8839,Case Closed,29-01-2022 17:00,
4465,8840,Case Closed,02-03-2021 16:00,
4466,8842,Case Closed,16-03-2021 17:00,
4467,8844,Case Closed,13-03-2021 04:00,
4468,8845,Case Closed,25-03-2021 16:00,
4469,8848,Case Closed,10-03-2021 05:00,
4470,8849,Case Closed,29-03-2021 04:00,
4471,8850,Case Closed,09-10-2022 21:00,
4472,8851,Case Closed,18-03-2021 06:00,
4473,8852,Case Closed,07-01-2021 01:00,
4474,8857,Case Closed,18-02-2021 13:00,
4475,8858,Case Closed,17-02-2021 15:00,
4476,8860,Case Closed,13-03-2021 08:00,
4477,8861,Case Closed,19-01-2021 00:00,
4478,8862,Case Closed,21-03-2021 16:00,
4479,8863,Case Closed,30-08-2021 09:00,
4480,8864,Case Closed,08-02-2021 23:00,
4481,8868,Case Closed,05-03-2021 00:00,
4482,8870,Case Closed,16-01-2021 16:00,
4483,8871,Case Closed,10-03-2021 20:00,
4484,8876,Case Closed,08-08-2022 14:00,
4485,8877,Case Closed,24-05-2021 15:00,
4486,8881,Case Closed,14-03-2021 06:00,
4487,8882,Case Closed,25-03-2021 12:00,
4488,8883,Case Closed,18-03-2021 19:00,
4489,8885,Case Closed,16-01-2021 14:00,
4490,8887,Case Closed,31-01-2021 07:00,
4491,8892,Case Closed,02-02-2021 03:00,
4492,8893,Case Closed,20-03-2021 15:00,
4493,8894,Case Closed,28-03-2021 07:00,
4494,8895,Case Closed,02-02-2021 22:00,
4495,8898,Case Closed,15-02-2021 19:00,
4496,8899,Case Closed,03-03-2021 12:00,
4497,8902,Case Closed,27-02-2021 07:00,
4498,8905,Case Closed,13-01-2021 12:00,
4499,8906,Case Closed,28-03-2021 10:00,
4500,8907,Case Closed,15-03-2021 20:00,
4501,8909,Case Closed,15-02-2021 02:00,
4502,8910,Case Closed,31-03-2021 17:00,
4503,8911,Case Closed,30-01-2021 19:00,
4504,8913,Case Closed,05-02-2021 22:00,
4505,8914,Case Closed,27-05-2022 12:00,
4506,8916,Case Closed,05-02-2021 06:00,
4507,8917,Case Closed,24-01-2021 18:00,
4508,8918,Case Closed,26-01-2021 03:00,
4509,8919,Case Closed,28-01-2021 11:00,
4510,8921,Case Closed,12-03-2021 00:00,
4511,8924,Case Closed,16-03-2021 01:00,
4512,8925,Case Closed,16-03-2021 02:00,
4513,8927,Case Closed,18-01-2021 16:00,
4514,8928,Case Closed,12-02-2022 14:00,
4515,8929,Case Closed,01-02-2021 23:00,
4516,8930,Case Closed,28-02-2021 07:00,
4517,8931,Case Closed,23-03-2021 10:00,
4518,8934,Case Closed,22-02-2021 20:00,
4519,8938,Case Closed,09-08-2022 03:00,
4520,8939,Case Closed,26-07-2021 17:00,
4521,8940,Case Closed,17-01-2021 09:00,
4522,8942,Case Closed,04-03-2021 17:00,
4523,8943,Case Closed,28-02-2021 20:00,
4524,8945,Case Closed,29-10-2022 15:00,
4525,8946,Case Closed,13-07-2021 14:00,
4526,8949,Case Closed,26-02-2021 22:00,
4527,8950,Case Closed,10-03-2021 22:00,
4528,8953,Case Closed,05-02-2021 07:00,
4529,8954,Case Closed,04-04-2021 13:00,
4530,8957,Case Closed,02-02-2021 06:00,
4531,8958,Case Closed,28-06-2022 10:00,
4532,8961,Case Closed,05-04-2021 06:00,
4533,8962,Case Closed,21-02-2021 04:00,
4534,8963,Case Closed,16-06-2021 11:00,
4535,8964,Case Closed,03-04-2021 15:00,
4536,8965,Case Closed,15-03-2021 16:00,
4537,8966,Case Closed,08-02-2021 04:00,
4538,8968,Case Closed,21-01-2021 11:00,
4539,8969,Case Closed,04-02-2021 20:00,
4540,8970,Case Closed,22-03-2021 16:00,
4541,8972,Case Closed,29-03-2021 18:00,
4542,8974,Case Closed,07-04-2021 12:00,
4543,8976,Case Closed,23-01-2021 22:00,
4544,8977,Case Closed,06-03-2021 14:00,
4545,8979,Case Closed,23-03-2021 15:00,
4546,8982,Case Closed,19-01-2021 02:00,
4547,8986,Case Closed,03-04-2021 23:00,
4548,8987,Case Closed,15-02-2021 04:00,
4549,8990,Case Closed,31-01-2021 06:00,
4550,8991,Case Closed,02-02-2021 13:00,
4551,8992,Case Closed,21-02-2021 03:00,
4552,8993,Case Closed,01-03-2021 09:00,
4553,8996,Case Closed,20-03-2021 01:00,
4554,8997,Case Closed,22-03-2021 08:00,
4555,8998,Case Closed,28-02-2021 12:00,
4556,8999,Case Closed,25-03-2021 10:00,
4557,9000,Case Closed,15-02-2021 08:00,
4558,9002,Case Closed,01-02-2021 08:00,
4559,9003,Case Closed,25-03-2021 01:00,
4560,9006,Case Closed,10-03-2021 21:00,
4561,9008,Case Closed,01-04-2021 04:00,
4562,9011,Case Closed,25-06-2021 09:00,
4563,9012,Case Closed,11-02-2021 20:00,
4564,9014,Case Closed,05-02-2021 10:00,
4565,9017,Case Closed,29-04-2022 15:00,
4566,9018,Case Closed,10-02-2021 05:00,
4567,9019,Case Closed,06-02-2021 12:00,
4568,9021,Case Closed,04-02-2021 01:00,
4569,9023,Case Closed,03-02-2021 20:00,
4570,9025,Case Closed,10-02-2021 11:00,
4571,9030,Case Closed,06-02-2021 12:00,
4572,9032,Case Closed,11-04-2021 16:00,
4573,9034,Case Closed,16-02-2021 22:00,
4574,9037,Case Closed,28-02-2021 14:00,
4575,9045,Case Closed,10-02-2021 08:00,
4576,9049,Case Closed,15-02-2021 16:00,
4577,9053,Case Closed,31-03-2021 23:00,
4578,9055,Case Closed,13-04-2021 11:00,
4579,9056,Case Closed,08-02-2021 14:00,
4580,9058,Case Closed,28-03-2021 13:00,
4581,9062,Case Closed,28-02-2021 17:00,
4582,9066,Case Closed,14-03-2021 15:00,
4583,9067,Case Closed,24-03-2021 21:00,
4584,9069,Case Closed,18-03-2021 18:00,
4585,9070,Case Closed,04-02-2021 23:00,
4586,9071,Case Closed,19-03-2021 20:00,
4587,9073,Case Closed,08-03-2021 06:00,
4588,9074,Case Closed,22-01-2021 18:00,
4589,9075,Case Closed,23-05-2021 12:00,
4590,9076,Case Closed,19-02-2021 18:00,
4591,9079,Case Closed,29-03-2021 01:00,
4592,9080,Case Closed,01-04-2021 09:00,
4593,9081,Case Closed,05-02-2021 14:00,
4594,9082,Case Closed,01-02-2021 05:00,
4595,9083,Case Closed,21-03-2021 02:00,
4596,9084,Case Closed,03-04-2021 10:00,
4597,9086,Case Closed,02-05-2021 15:00,
4598,9087,Case Closed,18-03-2021 23:00,
4599,9089,Case Closed,03-03-2021 07:00,
4600,9091,Case Closed,22-02-2021 06:00,
4601,9093,Case Closed,26-02-2021 08:00,
4602,9094,Case Closed,10-03-2021 16:00,
4603,9095,Case Closed,21-02-2021 18:00,
4604,9097,Case Closed,18-03-2021 14:00,
4605,9098,Case Closed,07-03-2021 04:00,
4606,9099,Case Closed,15-02-2021 17:00,
4607,9100,Case Closed,05-04-2021 20:00,
4608,9101,Case Closed,14-04-2021 08:00,
4609,9104,Case Closed,06-02-2021 07:00,
4610,9107,Case Closed,14-02-2021 11:00,
4611,9108,Case Closed,01-03-2021 15:00,
4612,9110,Case Closed,24-03-2021 15:00,
4613,9111,Case Closed,07-03-2021 05:00,
4614,9112,Case Closed,06-03-2021 22:00,
4615,9117,Case Closed,13-04-2021 21:00,
4616,9118,Case Closed,07-03-2021 16:00,
4617,9119,Case Closed,23-07-2021 14:00,
4618,9120,Case Closed,22-01-2021 18:00,
4619,9125,Case Closed,15-04-2021 11:00,
4620,9126,Case Closed,28-04-2022 17:00,
4621,9127,Case Closed,02-04-2021 16:00,
4622,9128,Case Closed,03-04-2021 20:00,
4623,9129,Case Closed,07-02-2021 15:00,
4624,9131,Case Closed,26-03-2021 01:00,
4625,9132,Case Closed,06-03-2021 08:00,
4626,9133,Case Closed,03-02-2021 06:00,
4627,9135,Case Closed,12-06-2022 02:00,
4628,9136,Case Closed,03-07-2021 07:00,
4629,9139,Case Closed,27-02-2021 17:00,
4630,9140,Case Closed,05-03-2021 06:00,
4631,9141,Case Closed,15-03-2021 08:00,
4632,9142,Case Closed,06-03-2021 08:00,
4633,9143,Case Closed,14-02-2021 16:00,
4634,9144,Case Closed,05-02-2021 09:00,
4635,9145,Case Closed,07-04-2021 03:00,
4636,9146,Case Closed,12-11-2021 16:00,
4637,9147,Case Closed,03-02-2021 16:00,
4638,9149,Case Closed,20-03-2021 10:00,
4639,9152,Case Closed,29-05-2021 17:00,
4640,9153,Case Closed,16-04-2021 02:00,
4641,9155,Case Closed,22-02-2021 09:00,
4642,9156,Case Closed,09-02-2021 06:00,
4643,9157,Case Closed,14-06-2022 18:00,
4644,9159,Case Closed,07-04-2021 09:00,
4645,9162,Case Closed,17-02-2021 10:00,
4646,9166,Case Closed,19-03-2021 02:00,
4647,9167,Case Closed,07-08-2022 22:00,
4648,9174,Case Closed,20-01-2021 10:00,
4649,9175,Case Closed,30-03-2022 23:00,
4650,9177,Case Closed,02-03-2021 02:00,
4651,9180,Case Closed,20-03-2021 15:00,
4652,9181,Case Closed,21-01-2021 09:00,
4653,9182,Case Closed,13-04-2021 01:00,
4654,9189,Case Closed,24-01-2021 09:00,
4655,9190,Case Closed,22-02-2021 16:00,
4656,9191,Case Closed,05-09-2022 02:00,
4657,9193,Case Closed,04-12-2021 20:00,
4658,9195,Case Closed,08-03-2021 18:00,
4659,9196,Case Closed,13-02-2021 08:00,
4660,9197,Case Closed,14-01-2022 08:00,
4661,9200,Case Closed,06-03-2021 15:00,
4662,9203,Case Closed,08-03-2021 04:00,
4663,9210,Case Closed,17-05-2021 16:00,
4664,9211,Case Closed,16-02-2021 23:00,
4665,9212,Case Closed,11-05-2021 06:00,
4666,9214,Case Closed,14-03-2021 13:00,
4667,9217,Case Closed,03-02-2021 16:00,
4668,9218,Case Closed,06-04-2021 03:00,
4669,9219,Case Closed,28-03-2021 04:00,
4670,9221,Case Closed,20-03-2021 01:00,
4671,9224,Case Closed,08-02-2021 01:00,
4672,9226,Case Closed,19-06-2022 12:00,
4673,9230,Case Closed,17-02-2021 19:00,
4674,9231,Case Closed,05-12-2021 17:00,
4675,9234,Case Closed,15-02-2021 18:00,
4676,9235,Case Closed,20-04-2021 08:00,
4677,9237,Case Closed,22-03-2021 16:00,
4678,9243,Case Closed,14-03-2021 13:00,
4679,9245,Case Closed,01-12-2022 21:00,
4680,9246,Case Closed,22-01-2021 14:00,
4681,9248,Case Closed,18-05-2021 10:00,
4682,9249,Case Closed,31-03-2021 18:00,
4683,9252,Case Closed,15-04-2021 17:00,
4684,9253,Case Closed,04-02-2021 15:00,
4685,9255,Case Closed,25-05-2021 03:00,
4686,9257,Case Closed,18-06-2021 13:00,
4687,9258,Case Closed,18-03-2021 12:00,
4688,9262,Case Closed,04-02-2021 17:00,
4689,9263,Case Closed,22-03-2021 00:00,
4690,9265,Case Closed,09-02-2021 04:00,
4691,9267,Case Closed,14-03-2021 22:00,
4692,9268,Case Closed,31-05-2021 20:00,
4693,9270,Case Closed,25-03-2021 21:00,
4694,9271,Case Closed,19-03-2021 11:00,
4695,9273,Case Closed,08-04-2021 17:00,
4696,9274,Case Closed,19-04-2021 01:00,
4697,9275,Case Closed,17-12-2021 10:00,
4698,9276,Case Closed,03-04-2021 13:00,
4699,9278,Case Closed,26-03-2021 14:00,
4700,9279,Case Closed,19-03-2021 00:00,
4701,9284,Case Closed,09-02-2021 10:00,
4702,9285,Case Closed,06-02-2021 02:00,
4703,9288,Case Closed,07-02-2021 20:00,
4704,9289,Case Closed,13-07-2021 15:00,
4705,9291,Case Closed,09-04-2021 16:00,
4706,9293,Case Closed,08-02-2021 01:00,
4707,9294,Case Closed,11-06-2021 20:00,
4708,9295,Case Closed,24-03-2021 03:00,
4709,9296,Case Closed,01-03-2021 15:00,
4710,9298,Case Closed,10-03-2021 00:00,
4711,9299,Case Closed,20-05-2022 12:00,
4712,9300,Case Closed,13-04-2021 05:00,
4713,9301,Case Closed,20-02-2021 05:00,
4714,9303,Case Closed,11-02-2021 19:00,
4715,9304,Case Closed,17-02-2021 09:00,
4716,9305,Case Closed,04-03-2021 06:00,
4717,9306,Case Closed,25-01-2021 17:00,
4718,9309,Case Closed,14-08-2021 18:00,
4719,9314,Case Closed,12-04-2021 14:00,
4720,9315,Case Closed,15-02-2021 14:00,
4721,9319,Case Closed,26-03-2021 14:00,
4722,9320,Case Closed,13-04-2021 01:00,
4723,9321,Case Closed,07-03-2021 11:00,
4724,9322,Case Closed,03-02-2021 22:00,
4725,9324,Case Closed,13-04-2021 10:00,
4726,9325,Case Closed,19-03-2021 03:00,
4727,9326,Case Closed,31-01-2022 21:00,
4728,9327,Case Closed,19-03-2021 09:00,
4729,9331,Case Closed,10-03-2021 20:00,
4730,9333,Case Closed,14-02-2021 23:00,
4731,9335,Case Closed,05-02-2021 15:00,
4732,9339,Case Closed,03-03-2021 21:00,
4733,9340,Case Closed,12-07-2021 10:00,
4734,9341,Case Closed,23-02-2021 04:00,
4735,9342,Case Closed,20-03-2021 03:00,
4736,9343,Case Closed,01-03-2021 09:00,
4737,9345,Case Closed,23-11-2021 18:00,
4738,9353,Case Closed,22-03-2021 11:00,
4739,9356,Case Closed,10-02-2021 20:00,
4740,9357,Case Closed,08-04-2021 12:00,
4741,9358,Case Closed,07-03-2021 16:00,
4742,9365,Case Closed,01-03-2021 22:00,
4743,9366,Case Closed,10-02-2022 00:00,
4744,9367,Case Closed,26-02-2021 19:00,
4745,9371,Case Closed,29-03-2021 09:00,
4746,9372,Case Closed,27-08-2021 08:00,
4747,9373,Case Closed,28-03-2021 14:00,
4748,9376,Case Closed,06-02-2021 11:00,
4749,9378,Case Closed,31-03-2021 01:00,
4750,9379,Case Closed,29-01-2021 06:00,
4751,9380,Case Closed,09-02-2021 05:00,
4752,9381,Case Closed,26-03-2021 06:00,
4753,9382,Case Closed,17-02-2021 01:00,
4754,9383,Case Closed,04-04-2021 03:00,
4755,9385,Case Closed,14-02-2021 06:00,
4756,9387,Case Closed,28-03-2021 17:00,
4757,9388,Case Closed,03-03-2021 17:00,
4758,9390,Case Closed,17-09-2021 23:00,
4759,9393,Case Closed,09-03-2021 18:00,
4760,9395,Case Closed,07-04-2021 19:00,
4761,9401,Case Closed,19-03-2021 16:00,
4762,9403,Case Closed,13-02-2021 21:00,
4763,9405,Case Closed,20-03-2021 15:00,
4764,9406,Case Closed,24-02-2021 14:00,
4765,9407,Case Closed,05-03-2021 15:00,
4766,9409,Case Closed,10-04-2021 04:00,
4767,9410,Case Closed,20-04-2021 11:00,
4768,9411,Case Closed,26-05-2021 06:00,
4769,9412,Case Closed,15-05-2021 11:00,
4770,9413,Case Closed,19-02-2021 02:00,
4771,9414,Case Closed,23-03-2021 22:00,
4772,9416,Case Closed,28-01-2023 06:00,
4773,9420,Case Closed,13-03-2021 17:00,
4774,9421,Case Closed,27-04-2021 13:00,
4775,9422,Case Closed,02-03-2021 10:00,
4776,9423,Case Closed,05-04-2021 13:00,
4777,9425,Case Closed,10-03-2021 06:00,
4778,9426,Case Closed,20-02-2021 22:00,
4779,9428,Case Closed,03-02-2021 08:00,
4780,9429,Case Closed,21-02-2021 18:00,
4781,9430,Case Closed,27-02-2021 02:00,
4782,9434,Case Closed,07-07-2021 08:00,
4783,9435,Case Closed,02-03-2021 23:00,
4784,9436,Case Closed,10-02-2022 20:00,
4785,9441,Case Closed,05-09-2021 14:00,
4786,9447,Case Closed,21-06-2021 17:00,
4787,9448,Case Closed,04-07-2021 04:00,
4788,9452,Case Closed,27-04-2021 00:00,
4789,9453,Case Closed,16-02-2021 05:00,
4790,9454,Case Closed,20-04-2021 11:00,
4791,9457,Case Closed,07-03-2021 17:00,
4792,9458,Case Closed,14-04-2021 20:00,
4793,9460,Case Closed,24-04-2021 15:00,
4794,9461,Case Closed,16-03-2021 16:00,
4795,9462,Case Closed,20-04-2021 17:00,
4796,9464,Case Closed,06-01-2023 15:00,
4797,9466,Case Closed,23-02-2021 11:00,
4798,9467,Case Closed,06-02-2021 03:00,
4799,9469,Case Closed,22-04-2021 10:00,
4800,9470,Case Closed,02-04-2021 05:00,
4801,9472,Case Closed,08-03-2021 21:00,
4802,9478,Case Closed,03-07-2021 06:00,
4803,9480,Case Closed,28-03-2021 21:00,
4804,9482,Case Closed,04-04-2021 16:00,
4805,9486,Case Closed,12-04-2021 22:00,
4806,9487,Case Closed,23-04-2021 10:00,
4807,9488,Case Closed,01-04-2021 15:00,
4808,9489,Case Closed,09-04-2021 18:00,
4809,9490,Case Closed,23-02-2021 03:00,
4810,9492,Case Closed,14-04-2021 13:00,
4811,9493,Case Closed,03-06-2021 17:00,
4812,9494,Case Closed,13-03-2021 18:00,
4813,9495,Case Closed,27-02-2021 03:00,
4814,9496,Case Closed,07-02-2021 13:00,
4815,9498,Case Closed,30-03-2021 08:00,
4816,9499,Case Closed,19-02-2021 08:00,
4817,9500,Case Closed,21-03-2022 13:00,
4818,9506,Case Closed,26-03-2021 14:00,
4819,9509,Case Closed,06-03-2021 02:00,
4820,9510,Case Closed,12-02-2021 20:00,
4821,9511,Case Closed,08-05-2021 09:00,
4822,9513,Case Closed,22-09-2021 20:00,
4823,9515,Case Closed,29-04-2021 13:00,
4824,9516,Case Closed,05-03-2022 17:00,
4825,9517,Case Closed,18-02-2021 23:00,
4826,9518,Case Closed,11-02-2021 22:00,
4827,9519,Case Closed,15-02-2021 05:00,
4828,9523,Case Closed,22-02-2021 22:00,
4829,9524,Case Closed,26-02-2021 05:00,
4830,9527,Case Closed,01-05-2021 09:00,
4831,9531,Case Closed,21-11-2022 20:00,
4832,9533,Case Closed,23-04-2021 23:00,
4833,9534,Case Closed,19-04-2022 20:00,
4834,9535,Case Closed,02-03-2021 10:00,
4835,9538,Case Closed,20-04-2021 10:00,
4836,9539,Case Closed,26-02-2021 00:00,
4837,9540,Case Closed,30-03-2021 22:00,
4838,9541,Case Closed,16-04-2021 17:00,
4839,9543,Case Closed,24-03-2021 10:00,
4840,9544,Case Closed,21-03-2021 17:00,
4841,9545,Case Closed,23-03-2021 22:00,
4842,9548,Case Closed,11-04-2021 01:00,
4843,9550,Case Closed,22-02-2021 07:00,
4844,9552,Case Closed,23-02-2021 02:00,
4845,9553,Case Closed,09-03-2021 01:00,
4846,9557,Case Closed,04-04-2021 20:00,
4847,9559,Case Closed,05-04-2021 02:00,
4848,9562,Case Closed,25-02-2021 16:00,
4849,9565,Case Closed,15-03-2021 14:00,
4850,9566,Case Closed,14-02-2021 05:00,
4851,9570,Case Closed,10-02-2021 23:00,
4852,9572,Case Closed,19-02-2021 12:00,
4853,9575,Case Closed,03-03-2021 23:00,
4854,9577,Case Closed,01-03-2021 20:00,
4855,9578,Case Closed,31-03-2021 03:00,
4856,9581,Case Closed,28-02-2021 12:00,
4857,9582,Case Closed,30-03-2021 02:00,
4858,9585,Case Closed,18-02-2021 19:00,
4859,9588,Case Closed,14-02-2021 19:00,
4860,9589,Case Closed,27-02-2021 21:00,
4861,9595,Case Closed,14-12-2021 04:00,
4862,9596,Case Closed,21-02-2021 05:00,
4863,9597,Case Closed,11-02-2021 21:00,
4864,9598,Case Closed,11-08-2021 05:00,
4865,9600,Case Closed,23-02-2021 19:00,
4866,9603,Case Closed,15-03-2022 03:00,
4867,9607,Case Closed,07-04-2021 10:00,
4868,9614,Case Closed,22-03-2021 09:00,
4869,9616,Case Closed,01-03-2021 06:00,
4870,9618,Case Closed,25-02-2021 22:00,
4871,9620,Case Closed,27-07-2021 23:00,
4872,9622,Case Closed,02-03-2021 16:00,
4873,9624,Case Closed,19-04-2021 09:00,
4874,9629,Case Closed,26-04-2021 07:00,
4875,9630,Case Closed,02-03-2021 14:00,
4876,9632,Case Closed,07-12-2021 21:00,
4877,9633,Case Closed,25-03-2022 05:00,
4878,9634,Case Closed,15-02-2021 02:00,
4879,9636,Case Closed,10-03-2021 22:00,
4880,9641,Case Closed,12-03-2021 17:00,
4881,9642,Case Closed,16-02-2021 16:00,
4882,9644,Case Closed,16-02-2021 02:00,
4883,9649,Case Closed,03-04-2021 17:00,
4884,9652,Case Closed,29-04-2021 07:00,
4885,9653,Case Closed,28-03-2021 14:00,
4886,9655,Case Closed,15-04-2021 21:00,
4887,9656,Case Closed,06-03-2021 14:00,
4888,9659,Case Closed,15-04-2021 11:00,
4889,9660,Case Closed,28-04-2021 22:00,
4890,9661,Case Closed,09-03-2021 17:00,
4891,9663,Case Closed,27-02-2021 09:00,
4892,9664,Case Closed,20-04-2021 00:00,
4893,9666,Case Closed,23-08-2021 02:00,
4894,9667,Case Closed,31-05-2022 17:00,
4895,9669,Case Closed,18-04-2021 00:00,
4896,9670,Case Closed,04-03-2021 21:00,
4897,9671,Case Closed,03-05-2021 16:00,
4898,9672,Case Closed,27-02-2021 13:00,
4899,9673,Case Closed,28-02-2021 18:00,
4900,9674,Case Closed,07-03-2021 12:00,
4901,9675,Case Closed,09-03-2021 09:00,
4902,9684,Case Closed,17-02-2021 04:00,
4903,9685,Case Closed,12-02-2021 17:00,
4904,9687,Case Closed,01-08-2022 14:00,
4905,9689,Case Closed,23-03-2021 01:00,
4906,9692,Case Closed,18-03-2021 07:00,
4907,9694,Case Closed,03-03-2021 01:00,
4908,9695,Case Closed,21-03-2021 18:00,
4909,9698,Case Closed,14-04-2021 12:00,
4910,9700,Case Closed,16-04-2021 05:00,
4911,9703,Case Closed,20-02-2021 14:00,
4912,9704,Case Closed,25-02-2021 03:00,
4913,9705,Case Closed,13-03-2021 09:00,
4914,9706,Case Closed,03-05-2021 08:00,
4915,9708,Case Closed,27-03-2021 13:00,
4916,9710,Case Closed,15-06-2021 10:00,
4917,9712,Case Closed,20-04-2021 03:00,
4918,9715,Case Closed,29-03-2021 02:00,
4919,9716,Case Closed,13-04-2021 05:00,
4920,9719,Case Closed,09-04-2021 17:00,
4921,9720,Case Closed,19-04-2021 14:00,
4922,9724,Case Closed,23-07-2021 09:00,
4923,9726,Case Closed,03-08-2022 00:00,
4924,9728,Case Closed,11-04-2021 00:00,
4925,9729,Case Closed,17-02-2021 05:00,
4926,9732,Case Closed,28-02-2021 00:00,
4927,9739,Case Closed,14-03-2022 16:00,
4928,9741,Case Closed,10-05-2021 17:00,
4929,9743,Case Closed,31-03-2021 05:00,
4930,9744,Case Closed,07-04-2021 07:00,
4931,9745,Case Closed,18-06-2021 01:00,
4932,9746,Case Closed,07-05-2021 15:00,
4933,9750,Case Closed,28-02-2021 10:00,
4934,9756,Case Closed,29-04-2021 09:00,
4935,9759,Case Closed,11-06-2021 09:00,
4936,9761,Case Closed,01-03-2021 21:00,
4937,9762,Case Closed,19-04-2021 13:00,
4938,9769,Case Closed,31-03-2021 20:00,
4939,9770,Case Closed,06-05-2021 04:00,
4940,9771,Case Closed,27-02-2021 03:00,
4941,9773,Case Closed,23-04-2021 22:00,
4942,9774,Case Closed,08-03-2021 03:00,
4943,9775,Case Closed,17-06-2021 03:00,
4944,9776,Case Closed,21-12-2022 14:00,
4945,9778,Case Closed,08-03-2021 05:00,
4946,9780,Case Closed,22-06-2021 17:00,
4947,9785,Case Closed,22-02-2021 05:00,
4948,9786,Case Closed,12-03-2021 10:00,
4949,9787,Case Closed,24-04-2022 17:00,
4950,9788,Case Closed,12-03-2021 18:00,
4951,9789,Case Closed,11-12-2021 09:00,
4952,9791,Case Closed,11-04-2021 20:00,
4953,9792,Case Closed,28-06-2021 21:00,
4954,9799,Case Closed,07-03-2021 05:00,
4955,9802,Case Closed,30-04-2021 15:00,
4956,9803,Case Closed,14-03-2021 04:00,
4957,9804,Case Closed,05-12-2021 07:00,
4958,9807,Case Closed,20-02-2021 00:00,
4959,9808,Case Closed,03-05-2021 15:00,
4960,9809,Case Closed,15-04-2021 13:00,
4961,9811,Case Closed,31-03-2021 00:00,
4962,9813,Case Closed,02-04-2021 00:00,
4963,9815,Case Closed,22-02-2021 20:00,
4964,9820,Case Closed,22-03-2021 13:00,
4965,9822,Case Closed,26-03-2021 20:00,
4966,9824,Case Closed,10-04-2021 19:00,
4967,9825,Case Closed,10-05-2021 12:00,
4968,9827,Case Closed,13-03-2021 05:00,
4969,9830,Case Closed,26-02-2021 10:00,
4970,9832,Case Closed,11-04-2021 12:00,
4971,9833,Case Closed,06-03-2021 21:00,
4972,9836,Case Closed,24-02-2021 16:00,
4973,9837,Case Closed,23-04-2021 15:00,
4974,9839,Case Closed,03-03-2021 02:00,
4975,9840,Case Closed,27-02-2021 21:00,
4976,9843,Case Closed,20-02-2021 01:00,
4977,9844,Case Closed,02-03-2021 02:00,
4978,9846,Case Closed,20-02-2021 14:00,
4979,9847,Case Closed,26-03-2021 17:00,
4980,9848,Case Closed,25-02-2021 05:00,
4981,9849,Case Closed,09-05-2021 17:00,
4982,9850,Case Closed,06-04-2021 21:00,
4983,9853,Case Closed,08-05-2021 21:00,
4984,9854,Case Closed,13-03-2021 14:00,
4985,9855,Case Closed,26-03-2021 14:00,
4986,9856,Case Closed,07-03-2021 19:00,
4987,9857,Case Closed,16-03-2021 01:00,
4988,9860,Case Closed,09-04-2021 05:00,
4989,9863,Case Closed,03-04-2021 19:00,
4990,9864,Case Closed,25-03-2021 17:00,
4991,9867,Case Closed,09-03-2021 14:00,
4992,9869,Case Closed,08-04-2021 10:00,
4993,9870,Case Closed,10-03-2021 18:00,
4994,9872,Case Closed,08-05-2021 04:00,
4995,9874,Case Closed,23-02-2021 17:00,
4996,9879,Case Closed,13-08-2021 02:00,
4997,9880,Case Closed,02-03-2021 06:00,
4998,9883,Case Closed,11-05-2021 07:00,
4999,9892,Case Closed,20-03-2021 19:00,
5000,9894,Case Closed,30-03-2021 21:00,
5001,9896,Case Closed,25-02-2021 19:00,
5002,9899,Case Closed,07-03-2021 23:00,
5003,9900,Case Closed,25-02-2021 12:00,
5004,9905,Case Closed,06-03-2021 04:00,
5005,9906,Case Closed,22-04-2021 14:00,
5006,9909,Case Closed,21-04-2021 08:00,
5007,9910,Case Closed,11-05-2021 13:00,
5008,9913,Case Closed,26-06-2021 17:00,
5009,9914,Case Closed,28-05-2021 17:00,
5010,9916,Case Closed,14-02-2022 01:00,
5011,9919,Case Closed,27-02-2021 05:00,
5012,9921,Case Closed,08-05-2021 13:00,
5013,9923,Case Closed,11-03-2021 06:00,
5014,9925,Case Closed,13-04-2021 00:00,
5015,9926,Case Closed,20-04-2021 11:00,
5016,9927,Case Closed,14-04-2021 15:00,
5017,9929,Case Closed,01-04-2021 14:00,
5018,9936,Case Closed,06-04-2022 15:00,
5019,9937,Case Closed,12-03-2021 11:00,
5020,9939,Case Closed,14-03-2021 07:00,
5021,9940,Case Closed,12-04-2021 01:00,
5022,9946,Case Closed,11-04-2021 04:00,
5023,9947,Case Closed,15-12-2022 22:00,
5024,9950,Case Closed,31-07-2021 03:00,
5025,9951,Case Closed,01-05-2021 21:00,
5026,9953,Case Closed,15-03-2021 05:00,
5027,9954,Case Closed,08-04-2021 14:00,
5028,9958,Case Closed,03-04-2021 20:00,
5029,9960,Case Closed,08-04-2021 13:00,
5030,9962,Case Closed,29-03-2021 03:00,
5031,9967,Case Closed,13-03-2021 19:00,
5032,9968,Case Closed,15-05-2021 12:00,
5033,9969,Case Closed,02-03-2021 23:00,
5034,9971,Case Closed,06-04-2021 08:00,
5035,9972,Case Closed,04-03-2021 04:00,
5036,9973,Case Closed,01-05-2021 00:00,
5037,9975,Case Closed,10-02-2022 03:00,
5038,9976,Case Closed,09-03-2021 06:00,
5039,9977,Case Closed,13-03-2021 01:00,
5040,9979,Case Closed,12-05-2022 21:00,
5041,9981,Case Closed,26-04-2021 11:00,
5042,9985,Case Closed,29-10-2021 01:00,
5043,9987,Case Closed,05-05-2021 18:00,
5044,9988,Case Closed,31-03-2021 04:00,
5045,9998,Case Closed,09-03-2021 01:00,
5046,9999,Case Closed,20-04-2021 15:00,
5047,10003,Case Closed,12-07-2021 07:00,
5048,10006,Case Closed,20-10-2022 17:00,
5049,10009,Case Closed,15-11-2022 04:00,
5050,10011,Case Closed,12-11-2022 16:00,
5051,10012,Case Closed,07-03-2021 01:00,
5052,10013,Case Closed,20-04-2021 02:00,
5053,10014,Case Closed,02-02-2022 02:00,
5054,10015,Case Closed,05-04-2021 07:00,
5055,10018,Case Closed,07-03-2021 18:00,
5056,10020,Case Closed,02-04-2021 23:00,
5057,10021,Case Closed,06-04-2021 21:00,
5058,10022,Case Closed,03-03-2021 10:00,
5059,10025,Case Closed,11-05-2021 02:00,
5060,10026,Case Closed,20-05-2021 06:00,
5061,10027,Case Closed,12-05-2021 06:00,
5062,10028,Case Closed,17-04-2021 13:00,
5063,10030,Case Closed,19-03-2021 01:00,
5064,10031,Case Closed,26-04-2021 07:00,
5065,10033,Case Closed,18-03-2021 20:00,
5066,10034,Case Closed,14-03-2021 07:00,
5067,10035,Case Closed,27-04-2021 20:00,
5068,10036,Case Closed,13-05-2021 21:00,
5069,10037,Case Closed,10-04-2021 06:00,
5070,10038,Case Closed,14-05-2021 03:00,
5071,10040,Case Closed,20-04-2021 11:00,
5072,10041,Case Closed,13-03-2021 09:00,
5073,10042,Case Closed,26-04-2021 10:00,
5074,10043,Case Closed,20-05-2021 22:00,
5075,10045,Case Closed,25-05-2021 07:00,
5076,10048,Case Closed,11-03-2021 10:00,
5077,10049,Case Closed,04-05-2021 02:00,
5078,10051,Case Closed,24-03-2021 10:00,
5079,10053,Case Closed,02-05-2021 13:00,
5080,10056,Case Closed,03-04-2021 17:00,
5081,10058,Case Closed,06-05-2021 19:00,
5082,10060,Case Closed,12-05-2021 12:00,
5083,10061,Case Closed,16-03-2021 10:00,
5084,10062,Case Closed,02-04-2021 23:00,
5085,10063,Case Closed,14-03-2022 03:00,
5086,10064,Case Closed,20-04-2021 12:00,
5087,10067,Case Closed,16-02-2022 00:00,
5088,10069,Case Closed,23-03-2021 14:00,
5089,10070,Case Closed,10-04-2021 10:00,
5090,10072,Case Closed,19-07-2021 12:00,
5091,10074,Case Closed,29-06-2021 15:00,
5092,10076,Case Closed,26-02-2021 11:00,
5093,10078,Case Closed,25-06-2021 03:00,
5094,10079,Case Closed,13-04-2021 04:00,
5095,10080,Case Closed,16-03-2021 18:00,
5096,10081,Case Closed,03-05-2021 08:00,
5097,10082,Case Closed,27-04-2021 21:00,
5098,10085,Case Closed,14-05-2021 02:00,
5099,10086,Case Closed,14-03-2021 05:00,
5100,10087,Case Closed,10-03-2021 15:00,
5101,10090,Case Closed,16-09-2021 13:00,
5102,10092,Case Closed,10-03-2021 19:00,
5103,10094,Case Closed,29-04-2021 05:00,
5104,10095,Case Closed,10-03-2021 07:00,
5105,10101,Case Closed,31-03-2021 05:00,
5106,10102,Case Closed,19-04-2021 03:00,
5107,10103,Case Closed,20-03-2021 17:00,
5108,10104,Case Closed,04-05-2021 11:00,
5109,10106,Case Closed,20-03-2021 19:00,
5110,10107,Case Closed,24-05-2021 23:00,
5111,10109,Case Closed,13-04-2021 00:00,
5112,10110,Case Closed,16-04-2021 16:00,
5113,10112,Case Closed,19-03-2021 05:00,
5114,10114,Case Closed,01-03-2021 01:00,
5115,10115,Case Closed,23-03-2021 16:00,
5116,10116,Case Closed,22-04-2021 22:00,
5117,10117,Case Closed,19-03-2021 13:00,
5118,10118,Case Closed,01-09-2021 20:00,
5119,10120,Case Closed,14-11-2021 19:00,
5120,10121,Case Closed,15-04-2021 11:00,
5121,10126,Case Closed,02-05-2021 23:00,
5122,10129,Case Closed,05-01-2022 07:00,
5123,10130,Case Closed,16-03-2021 03:00,
5124,10133,Case Closed,16-03-2021 13:00,
5125,10136,Case Closed,29-01-2023 22:00,
5126,10137,Case Closed,28-03-2021 01:00,
5127,10141,Case Closed,18-05-2021 00:00,
5128,10142,Case Closed,22-03-2021 05:00,
5129,10144,Case Closed,04-06-2022 11:00,
5130,10148,Case Closed,07-04-2021 08:00,
5131,10151,Case Closed,07-03-2021 23:00,
5132,10152,Case Closed,04-05-2021 22:00,
5133,10153,Case Closed,30-03-2021 10:00,
5134,10154,Case Closed,13-05-2021 13:00,
5135,10155,Case Closed,27-05-2021 09:00,
5136,10156,Case Closed,09-05-2021 10:00,
5137,10157,Case Closed,09-03-2021 10:00,
5138,10158,Case Closed,22-03-2021 17:00,
5139,10160,Case Closed,27-03-2021 17:00,
5140,10161,Case Closed,13-05-2021 03:00,
5141,10162,Case Closed,25-05-2021 05:00,
5142,10165,Case Closed,23-03-2021 15:00,
5143,10166,Case Closed,23-04-2021 01:00,
5144,10167,Case Closed,01-05-2022 11:00,
5145,10168,Case Closed,11-06-2021 22:00,
5146,10173,Case Closed,11-07-2021 09:00,
5147,10177,Case Closed,19-08-2021 01:00,
5148,10182,Case Closed,16-04-2021 21:00,
5149,10184,Case Closed,15-04-2021 17:00,
5150,10190,Case Closed,17-04-2021 18:00,
5151,10192,Case Closed,21-05-2021 21:00,
5152,10199,Case Closed,28-05-2021 05:00,
5153,10200,Case Closed,06-04-2021 04:00,
5154,10201,Case Closed,15-03-2021 03:00,
5155,10202,Case Closed,10-04-2021 17:00,
5156,10203,Case Closed,11-04-2021 02:00,
5157,10206,Case Closed,25-03-2021 07:00,
5158,10207,Case Closed,19-03-2021 20:00,
5159,10208,Case Closed,29-05-2021 17:00,
5160,10212,Case Closed,07-05-2021 09:00,
5161,10213,Case Closed,20-01-2023 12:00,
5162,10217,Case Closed,18-05-2021 17:00,
5163,10219,Case Closed,13-04-2021 06:00,
5164,10220,Case Closed,01-04-2021 10:00,
5165,10223,Case Closed,27-03-2021 16:00,
5166,10224,Case Closed,25-06-2021 22:00,
5167,10226,Case Closed,18-04-2021 10:00,
5168,10229,Case Closed,13-07-2022 04:00,
5169,10232,Case Closed,14-02-2022 15:00,
5170,10234,Case Closed,01-05-2021 03:00,
5171,10239,Case Closed,04-05-2021 11:00,
5172,10242,Case Closed,09-05-2021 08:00,
5173,10244,Case Closed,12-04-2021 14:00,
5174,10247,Case Closed,01-10-2021 06:00,
5175,10253,Case Closed,29-03-2021 11:00,
5176,10254,Case Closed,18-05-2021 03:00,
5177,10257,Case Closed,23-03-2021 08:00,
5178,10258,Case Closed,03-04-2021 04:00,
5179,10259,Case Closed,11-03-2021 17:00,
5180,10260,Case Closed,25-05-2021 23:00,
5181,10262,Case Closed,21-04-2021 02:00,
5182,10263,Case Closed,19-04-2021 13:00,
5183,10264,Case Closed,23-03-2021 05:00,
5184,10267,Case Closed,04-05-2021 05:00,
5185,10268,Case Closed,31-03-2021 04:00,
5186,10269,Case Closed,18-03-2021 12:00,
5187,10270,Case Closed,08-12-2022 11:00,
5188,10271,Case Closed,25-04-2021 13:00,
5189,10274,Case Closed,22-03-2021 00:00,
5190,10276,Case Closed,27-05-2021 08:00,
5191,10277,Case Closed,30-05-2021 16:00,
5192,10278,Case Closed,10-04-2021 22:00,
5193,10280,Case Closed,27-03-2021 05:00,
5194,10282,Case Closed,23-05-2021 16:00,
5195,10283,Case Closed,11-03-2021 04:00,
5196,10284,Case Closed,07-05-2022 13:00,
5197,10287,Case Closed,29-05-2021 13:00,
5198,10289,Case Closed,29-03-2021 09:00,
5199,10296,Case Closed,06-05-2021 19:00,
5200,10299,Case Closed,20-04-2021 16:00,
5201,10300,Case Closed,02-06-2021 11:00,
5202,10308,Case Closed,05-05-2021 14:00,
5203,10309,Case Closed,09-05-2021 02:00,
5204,10312,Case Closed,22-12-2021 20:00,
5205,10313,Case Closed,21-05-2021 19:00,
5206,10316,Case Closed,09-04-2021 17:00,
5207,10317,Case Closed,29-04-2021 16:00,
5208,10318,Case Closed,21-04-2021 01:00,
5209,10319,Case Closed,26-04-2021 02:00,
5210,10324,Case Closed,16-04-2021 10:00,
5211,10328,Case Closed,04-04-2021 17:00,
5212,10329,Case Closed,18-03-2021 12:00,
5213,10331,Case Closed,17-08-2021 15:00,
5214,10336,Case Closed,18-04-2021 18:00,
5215,10338,Case Closed,05-06-2021 05:00,
5216,10339,Case Closed,24-03-2021 14:00,
5217,10340,Case Closed,02-05-2021 23:00,
5218,10341,Case Closed,01-05-2021 10:00,
5219,10342,Case Closed,05-05-2021 09:00,
5220,10343,Case Closed,25-04-2022 15:00,
5221,10346,Case Closed,18-03-2021 23:00,
5222,10347,Case Closed,04-06-2021 02:00,
5223,10348,Case Closed,11-02-2022 18:00,
5224,10349,Case Closed,28-03-2021 16:00,
5225,10350,Case Closed,23-03-2021 20:00,
5226,10352,Case Closed,24-04-2021 11:00,
5227,10355,Case Closed,05-05-2021 12:00,
5228,10356,Case Closed,14-04-2021 20:00,
5229,10358,Case Closed,03-06-2021 09:00,
5230,10360,Case Closed,27-03-2021 03:00,
5231,10361,Case Closed,02-04-2021 17:00,
5232,10365,Case Closed,19-06-2021 04:00,
5233,10367,Case Closed,06-12-2021 00:00,
5234,10370,Case Closed,19-03-2021 14:00,
5235,10374,Case Closed,08-06-2021 21:00,
5236,10376,Case Closed,31-03-2021 10:00,
5237,10379,Case Closed,03-04-2021 02:00,
5238,10383,Case Closed,20-03-2021 12:00,
5239,10385,Case Closed,23-05-2021 19:00,
5240,10387,Case Closed,01-05-2021 07:00,
5241,10389,Case Closed,29-03-2021 06:00,
5242,10390,Case Closed,25-05-2021 23:00,
5243,10392,Case Closed,19-04-2021 10:00,
5244,10394,Case Closed,27-04-2021 06:00,
5245,10395,Case Closed,17-03-2021 16:00,
5246,10397,Case Closed,17-04-2021 12:00,
5247,10398,Case Closed,27-03-2021 17:00,
5248,10399,Case Closed,04-06-2021 08:00,
5249,10400,Case Closed,23-03-2021 01:00,
5250,10403,Case Closed,05-04-2021 11:00,
5251,10404,Case Closed,29-05-2021 08:00,
5252,10405,Case Closed,20-03-2021 01:00,
5253,10408,Case Closed,06-04-2021 10:00,
5254,10411,Case Closed,09-04-2021 21:00,
5255,10412,Case Closed,14-03-2021 11:00,
5256,10416,Case Closed,25-03-2021 00:00,
5257,10418,Case Closed,25-04-2021 07:00,
5258,10420,Case Closed,21-04-2021 14:00,
5259,10422,Case Closed,03-07-2022 18:00,
5260,10423,Case Closed,31-05-2021 00:00,
5261,10425,Case Closed,18-03-2021 15:00,
5262,10427,Case Closed,12-02-2023 01:00,
5263,10428,Case Closed,10-05-2021 10:00,
5264,10429,Case Closed,07-05-2021 05:00,
5265,10431,Case Closed,10-04-2021 18:00,
5266,10432,Case Closed,23-04-2021 20:00,
5267,10435,Case Closed,06-05-2021 04:00,
5268,10436,Case Closed,21-03-2021 17:00,
5269,10441,Case Closed,18-04-2022 22:00,
5270,10444,Case Closed,02-04-2021 14:00,
5271,10445,Case Closed,05-08-2021 02:00,
5272,10447,Case Closed,18-04-2021 13:00,
5273,10449,Case Closed,29-04-2021 11:00,
5274,10451,Case Closed,17-04-2021 15:00,
5275,10456,Case Closed,19-05-2021 04:00,
5276,10458,Case Closed,11-04-2021 07:00,
5277,10459,Case Closed,10-05-2021 09:00,
5278,10460,Case Closed,21-05-2021 19:00,
5279,10462,Case Closed,02-06-2021 08:00,
5280,10463,Case Closed,09-06-2021 00:00,
5281,10467,Case Closed,25-04-2021 13:00,
5282,10470,Case Closed,07-04-2021 02:00,
5283,10472,Case Closed,30-03-2021 17:00,
5284,10473,Case Closed,25-04-2021 06:00,
5285,10476,Case Closed,08-06-2021 14:00,
5286,10478,Case Closed,12-06-2021 00:00,
5287,10480,Case Closed,04-04-2021 03:00,
5288,10481,Case Closed,07-04-2021 16:00,
5289,10482,Case Closed,06-05-2021 20:00,
5290,10483,Case Closed,11-04-2021 06:00,
5291,10484,Case Closed,14-02-2022 21:00,
5292,10485,Case Closed,02-05-2021 06:00,
5293,10487,Case Closed,11-04-2021 05:00,
5294,10494,Case Closed,06-06-2021 05:00,
5295,10495,Case Closed,28-05-2021 14:00,
5296,10496,Case Closed,01-06-2021 06:00,
5297,10498,Case Closed,19-07-2021 12:00,
5298,10505,Case Closed,08-04-2021 16:00,
5299,10510,Case Closed,16-12-2021 09:00,
5300,10512,Case Closed,09-06-2021 05:00,
5301,10513,Case Closed,26-03-2021 09:00,
5302,10514,Case Closed,18-03-2021 07:00,
5303,10518,Case Closed,09-05-2021 10:00,
5304,10519,Case Closed,19-03-2021 05:00,
5305,10520,Case Closed,08-09-2022 15:00,
5306,10521,Case Closed,23-03-2021 21:00,
5307,10525,Case Closed,27-03-2021 05:00,
5308,10528,Case Closed,03-04-2021 10:00,
5309,10530,Case Closed,27-04-2021 09:00,
5310,10531,Case Closed,08-04-2021 19:00,
5311,10536,Case Closed,12-05-2021 18:00,
5312,10539,Case Closed,07-04-2021 15:00,
5313,10542,Case Closed,14-02-2023 06:00,
5314,10543,Case Closed,24-05-2021 05:00,
5315,10545,Case Closed,24-04-2021 00:00,
5316,10546,Case Closed,13-04-2021 05:00,
5317,10547,Case Closed,15-06-2021 03:00,
5318,10549,Case Closed,07-05-2021 15:00,
5319,10551,Case Closed,16-04-2021 13:00,
5320,10554,Case Closed,09-04-2021 21:00,
5321,10555,Case Closed,11-05-2021 14:00,
5322,10556,Case Closed,02-06-2021 07:00,
5323,10558,Case Closed,15-04-2021 08:00,
5324,10559,Case Closed,24-04-2021 14:00,
5325,10560,Case Closed,10-06-2021 09:00,
5326,10561,Case Closed,12-04-2021 06:00,
5327,10562,Case Closed,01-04-2021 11:00,
5328,10563,Case Closed,25-04-2021 10:00,
5329,10567,Case Closed,13-04-2021 23:00,
5330,10569,Case Closed,29-04-2021 20:00,
5331,10570,Case Closed,30-03-2021 00:00,
5332,10572,Case Closed,11-11-2022 23:00,
5333,10574,Case Closed,08-05-2021 06:00,
5334,10575,Case Closed,03-06-2021 04:00,
5335,10578,Case Closed,02-04-2021 08:00,
5336,10579,Case Closed,15-04-2021 15:00,
5337,10582,Case Closed,07-06-2022 00:00,
5338,10586,Case Closed,23-04-2021 10:00,
5339,10588,Case Closed,08-06-2021 02:00,
5340,10589,Case Closed,10-05-2021 15:00,
5341,10590,Case Closed,09-06-2021 09:00,
5342,10591,Case Closed,07-05-2021 14:00,
5343,10592,Case Closed,27-03-2021 06:00,
5344,10598,Case Closed,12-04-2021 15:00,
5345,10599,Case Closed,29-03-2021 15:00,
5346,10601,Case Closed,06-04-2021 22:00,
5347,10604,Case Closed,06-05-2021 05:00,
5348,10605,Case Closed,03-06-2021 23:00,
5349,10606,Case Closed,24-05-2021 04:00,
5350,10607,Case Closed,07-06-2021 08:00,
5351,10608,Case Closed,30-05-2021 00:00,
5352,10610,Case Closed,13-04-2021 03:00,
5353,10612,Case Closed,15-04-2021 17:00,
5354,10619,Case Closed,13-06-2021 08:00,
5355,10620,Case Closed,31-05-2021 02:00,
5356,10621,Case Closed,01-07-2021 12:00,
5357,10622,Case Closed,14-05-2021 22:00,
5358,10624,Case Closed,03-06-2021 20:00,
5359,10626,Case Closed,29-03-2021 22:00,
5360,10627,Case Closed,09-04-2021 12:00,
5361,10628,Case Closed,22-05-2021 05:00,
5362,10631,Case Closed,05-10-2021 02:00,
5363,10632,Case Closed,12-08-2021 18:00,
5364,10634,Case Closed,20-08-2022 01:00,
5365,10635,Case Closed,11-04-2021 07:00,
5366,10638,Case Closed,21-03-2021 16:00,
5367,10640,Case Closed,30-03-2021 18:00,
5368,10643,Case Closed,12-06-2021 12:00,
5369,10644,Case Closed,13-05-2021 13:00,
5370,10646,Case Closed,08-04-2021 08:00,
5371,10649,Case Closed,16-04-2021 12:00,
5372,10651,Case Closed,07-05-2021 17:00,
5373,10654,Case Closed,14-06-2021 06:00,
5374,10655,Case Closed,11-05-2021 16:00,
5375,10658,Case Closed,13-05-2021 19:00,
5376,10659,Case Closed,08-05-2021 12:00,
5377,10661,Case Closed,29-04-2021 21:00,
5378,10662,Case Closed,16-04-2021 18:00,
5379,10664,Case Closed,14-05-2021 23:00,
5380,10667,Case Closed,16-05-2021 07:00,
5381,10668,Case Closed,26-05-2021 23:00,
5382,10669,Case Closed,31-05-2021 21:00,
5383,10670,Case Closed,23-04-2021 21:00,
5384,10671,Case Closed,02-06-2021 12:00,
5385,10673,Case Closed,12-06-2021 13:00,
5386,10674,Case Closed,07-06-2021 20:00,
5387,10675,Case Closed,11-05-2021 01:00,
5388,10677,Case Closed,02-04-2021 11:00,
5389,10678,Case Closed,31-05-2021 18:00,
5390,10680,Case Closed,01-04-2021 05:00,
5391,10682,Case Closed,19-04-2021 09:00,
5392,10684,Case Closed,08-09-2021 19:00,
5393,10687,Case Closed,23-03-2021 15:00,
5394,10693,Case Closed,31-03-2021 10:00,
5395,10694,Case Closed,18-05-2021 12:00,
5396,10695,Case Closed,13-05-2021 04:00,
5397,10696,Case Closed,22-04-2021 13:00,
5398,10697,Case Closed,06-04-2021 19:00,
5399,10699,Case Closed,12-05-2021 06:00,
5400,10701,Case Closed,12-05-2021 02:00,
5401,10702,Case Closed,21-01-2022 00:00,
5402,10703,Case Closed,28-04-2021 19:00,
5403,10705,Case Closed,19-05-2021 22:00,
5404,10709,Case Closed,16-05-2021 20:00,
5405,10712,Case Closed,12-08-2021 03:00,
5406,10713,Case Closed,31-03-2021 13:00,
5407,10715,Case Closed,20-04-2021 00:00,
5408,10717,Case Closed,21-03-2022 10:00,
5409,10720,Case Closed,15-06-2021 19:00,
5410,10722,Case Closed,14-07-2021 10:00,
5411,10724,Case Closed,13-04-2021 08:00,
5412,10726,Case Closed,14-06-2021 17:00,
5413,10728,Case Closed,13-05-2021 06:00,
5414,10735,Case Closed,22-04-2021 11:00,
5415,10736,Case Closed,05-05-2021 07:00,
5416,10737,Case Closed,12-05-2021 14:00,
5417,10738,Case Closed,09-05-2021 16:00,
5418,10742,Case Closed,09-05-2021 23:00,
5419,10744,Case Closed,07-04-2021 22:00,
5420,10745,Case Closed,04-04-2021 23:00,
5421,10746,Case Closed,02-04-2021 19:00,
5422,10747,Case Closed,17-06-2021 17:00,
5423,10749,Case Closed,04-04-2021 18:00,
5424,10751,Case Closed,06-06-2021 04:00,
5425,10752,Case Closed,30-08-2021 06:00,
5426,10753,Case Closed,08-04-2021 22:00,
5427,10755,Case Closed,25-05-2021 13:00,
5428,10756,Case Closed,29-04-2021 21:00,
5429,10757,Case Closed,27-05-2021 05:00,
5430,10764,Case Closed,05-05-2021 19:00,
5431,10765,Case Closed,21-05-2021 13:00,
5432,10766,Case Closed,31-05-2021 15:00,
5433,10768,Case Closed,20-04-2021 08:00,
5434,10771,Case Closed,16-09-2021 04:00,
5435,10775,Case Closed,29-04-2021 13:00,
5436,10778,Case Closed,29-04-2021 06:00,
5437,10784,Case Closed,05-04-2021 04:00,
5438,10786,Case Closed,19-04-2021 08:00,
5439,10790,Case Closed,20-04-2021 00:00,
5440,10792,Case Closed,22-04-2021 04:00,
5441,10793,Case Closed,24-05-2021 20:00,
5442,10794,Case Closed,13-05-2021 20:00,
5443,10797,Case Closed,15-04-2021 01:00,
5444,10799,Case Closed,14-06-2021 09:00,
5445,10800,Case Closed,14-04-2021 05:00,
5446,10803,Case Closed,28-04-2021 01:00,
5447,10805,Case Closed,21-06-2021 07:00,
5448,10807,Case Closed,01-01-2023 19:00,
5449,10808,Case Closed,18-06-2021 10:00,
5450,10809,Case Closed,05-06-2021 19:00,
5451,10810,Case Closed,20-04-2021 13:00,
5452,10812,Case Closed,08-06-2021 22:00,
5453,10813,Case Closed,10-06-2021 22:00,
5454,10814,Case Closed,26-04-2021 06:00,
5455,10815,Case Closed,09-06-2021 19:00,
5456,10818,Case Closed,18-04-2021 10:00,
5457,10821,Case Closed,13-05-2021 12:00,
5458,10822,Case Closed,16-04-2021 23:00,
5459,10823,Case Closed,07-05-2021 19:00,
5460,10824,Case Closed,24-06-2021 22:00,
5461,10827,Case Closed,08-05-2021 21:00,
5462,10830,Case Closed,08-04-2021 22:00,
5463,10834,Case Closed,21-04-2021 04:00,
5464,10835,Case Closed,21-04-2021 12:00,
5465,10836,Case Closed,17-05-2021 01:00,
5466,10839,Case Closed,28-04-2021 13:00,
5467,10846,Case Closed,05-04-2021 13:00,
5468,10847,Case Closed,14-06-2021 15:00,
5469,10849,Case Closed,22-04-2021 01:00,
5470,10850,Case Closed,17-04-2021 22:00,
5471,10853,Case Closed,13-04-2021 04:00,
5472,10855,Case Closed,08-05-2021 19:00,
5473,10859,Case Closed,26-04-2021 14:00,
5474,10860,Case Closed,27-05-2021 21:00,
5475,10861,Case Closed,12-04-2021 03:00,
5476,10863,Case Closed,02-06-2021 11:00,
5477,10868,Case Closed,16-05-2021 23:00,
5478,10871,Case Closed,20-10-2021 20:00,
5479,10873,Case Closed,17-04-2021 18:00,
5480,10874,Case Closed,25-05-2021 07:00,
5481,10875,Case Closed,10-06-2021 07:00,
5482,10876,Case Closed,07-04-2021 00:00,
5483,10877,Case Closed,24-06-2021 14:00,
5484,10879,Case Closed,08-04-2021 21:00,
5485,10880,Case Closed,19-06-2022 22:00,
5486,10883,Case Closed,12-06-2021 18:00,
5487,10886,Case Closed,22-05-2021 23:00,
5488,10890,Case Closed,09-06-2021 15:00,
5489,10893,Case Closed,02-04-2021 02:00,
5490,10894,Case Closed,12-05-2021 10:00,
5491,10903,Case Closed,13-01-2023 07:00,
5492,10906,Case Closed,23-06-2021 19:00,
5493,10910,Case Closed,16-04-2021 03:00,
5494,10911,Case Closed,26-04-2021 16:00,
5495,10912,Case Closed,21-04-2021 10:00,
5496,10913,Case Closed,07-04-2021 04:00,
5497,10915,Case Closed,19-06-2021 14:00,
5498,10916,Case Closed,09-05-2021 15:00,
5499,10917,Case Closed,24-02-2023 21:00,
5500,10918,Case Closed,16-06-2021 13:00,
5501,10919,Case Closed,18-04-2022 00:00,
5502,10921,Case Closed,06-06-2021 19:00,
5503,10923,Case Closed,02-05-2021 20:00,
5504,10926,Case Closed,30-04-2021 04:00,
5505,10927,Case Closed,27-06-2021 22:00,
5506,10928,Case Closed,03-05-2021 09:00,
5507,10929,Case Closed,09-06-2021 13:00,
5508,10930,Case Closed,28-04-2021 01:00,
5509,10931,Case Closed,03-06-2021 10:00,
5510,10932,Case Closed,12-06-2021 09:00,
5511,10935,Case Closed,24-07-2021 15:00,
5512,10936,Case Closed,28-06-2021 19:00,
5513,10937,Case Closed,27-06-2021 04:00,
5514,10940,Case Closed,13-06-2021 03:00,
5515,10941,Case Closed,30-04-2021 19:00,
5516,10943,Case Closed,11-04-2021 13:00,
5517,10946,Case Closed,21-05-2021 16:00,
5518,10948,Case Closed,09-10-2021 21:00,
5519,10949,Case Closed,03-06-2021 09:00,
5520,10950,Case Closed,21-04-2021 08:00,
5521,10952,Case Closed,25-02-2022 00:00,
5522,10958,Case Closed,04-05-2021 13:00,
5523,10962,Case Closed,01-05-2021 21:00,
5524,10963,Case Closed,15-06-2021 15:00,
5525,10966,Case Closed,20-04-2021 22:00,
5526,10969,Case Closed,20-04-2021 05:00,
5527,10970,Case Closed,28-04-2021 19:00,
5528,10972,Case Closed,13-03-2023 04:00,
5529,10974,Case Closed,17-04-2021 03:00,
5530,10976,Case Closed,24-06-2021 22:00,
5531,10978,Case Closed,28-04-2021 07:00,
5532,10980,Case Closed,19-04-2021 17:00,
5533,10981,Case Closed,22-04-2021 06:00,
5534,10983,Case Closed,29-04-2021 19:00,
5535,10985,Case Closed,02-05-2021 03:00,
5536,10988,Case Closed,01-05-2021 12:00,
5537,10990,Case Closed,13-05-2021 01:00,
5538,10994,Case Closed,24-05-2021 21:00,
5539,10999,Case Closed,27-09-2022 02:00,
5540,11001,Case Closed,25-05-2021 07:00,
5541,11003,Case Closed,29-07-2021 13:00,
5542,11007,Case Closed,22-07-2021 12:00,
5543,11009,Case Closed,12-04-2021 22:00,
5544,11010,Case Closed,06-08-2021 03:00,
5545,11013,Case Closed,11-05-2021 16:00,
5546,11016,Case Closed,21-09-2021 03:00,
5547,11018,Case Closed,24-04-2021 02:00,
5548,11019,Case Closed,02-07-2021 10:00,
5549,11020,Case Closed,30-05-2021 17:00,
5550,11022,Case Closed,02-05-2021 20:00,
5551,11028,Case Closed,15-03-2022 02:00,
5552,11030,Case Closed,03-05-2021 07:00,
5553,11031,Case Closed,21-04-2021 06:00,
5554,11032,Case Closed,02-06-2021 20:00,
5555,11034,Case Closed,09-05-2021 22:00,
5556,11035,Case Closed,21-05-2022 00:00,
5557,11036,Case Closed,05-07-2021 18:00,
5558,11041,Case Closed,29-04-2021 09:00,
5559,11046,Case Closed,15-04-2021 01:00,
5560,11047,Case Closed,19-05-2021 03:00,
5561,11048,Case Closed,20-04-2021 17:00,
5562,11049,Case Closed,14-05-2021 21:00,
5563,11052,Case Closed,21-04-2021 10:00,
5564,11054,Case Closed,07-06-2021 12:00,
5565,11055,Case Closed,30-06-2021 08:00,
5566,11056,Case Closed,29-06-2021 10:00,
5567,11058,Case Closed,24-04-2021 02:00,
5568,11059,Case Closed,17-06-2021 15:00,
5569,11060,Case Closed,23-07-2021 03:00,
5570,11061,Case Closed,26-03-2022 01:00,
5571,11062,Case Closed,10-06-2021 22:00,
5572,11063,Case Closed,30-08-2021 23:00,
5573,11066,Case Closed,21-06-2021 07:00,
5574,11069,Case Closed,19-05-2021 20:00,
5575,11070,Case Closed,12-06-2021 17:00,
5576,11072,Case Closed,07-06-2021 11:00,
5577,11073,Case Closed,03-07-2021 05:00,
5578,11074,Case Closed,12-06-2021 08:00,
5579,11076,Case Closed,25-04-2021 13:00,
5580,11078,Case Closed,22-05-2021 03:00,
5581,11080,Case Closed,21-04-2021 06:00,
5582,11086,Case Closed,28-06-2021 23:00,
5583,11088,Case Closed,10-07-2021 13:00,
5584,11089,Case Closed,28-08-2021 09:00,
5585,11090,Case Closed,15-06-2021 16:00,
5586,11091,Case Closed,23-04-2021 04:00,
5587,11093,Case Closed,23-10-2021 05:00,
5588,11094,Case Closed,15-06-2021 19:00,
5589,11095,Case Closed,04-06-2021 09:00,
5590,11096,Case Closed,29-04-2021 12:00,
5591,11098,Case Closed,26-04-2021 00:00,
5592,11099,Case Closed,15-10-2021 02:00,
5593,11100,Case Closed,14-05-2021 19:00,
5594,11102,Case Closed,30-04-2021 22:00,
5595,11105,Case Closed,06-07-2021 08:00,
5596,11109,Case Closed,16-04-2021 10:00,
5597,11110,Case Closed,23-04-2021 14:00,
5598,11112,Case Closed,21-11-2021 16:00,
5599,11113,Case Closed,20-04-2021 11:00,
5600,11115,Case Closed,30-06-2021 14:00,
5601,11116,Case Closed,21-04-2021 19:00,
5602,11118,Case Closed,22-04-2021 07:00,
5603,11121,Case Closed,23-06-2021 19:00,
5604,11123,Case Closed,25-05-2021 13:00,
5605,11125,Case Closed,14-05-2021 06:00,
5606,11126,Case Closed,17-06-2021 10:00,
5607,11130,Case Closed,19-06-2021 05:00,
5608,11132,Case Closed,22-04-2021 13:00,
5609,11133,Case Closed,17-04-2021 10:00,
5610,11135,Case Closed,07-05-2021 02:00,
5611,11136,Case Closed,25-07-2022 13:00,
5612,11137,Case Closed,05-07-2021 19:00,
5613,11138,Case Closed,06-05-2021 19:00,
5614,11144,Case Closed,03-05-2021 03:00,
5615,11148,Case Closed,27-04-2021 16:00,
5616,11149,Case Closed,09-05-2021 13:00,
5617,11150,Case Closed,07-09-2022 14:00,
5618,11155,Case Closed,22-06-2021 12:00,
5619,11157,Case Closed,23-04-2021 20:00,
5620,11158,Case Closed,21-06-2021 23:00,
5621,11159,Case Closed,10-01-2022 16:00,
5622,11160,Case Closed,20-04-2021 17:00,
5623,11162,Case Closed,15-05-2021 22:00,
5624,11166,Case Closed,03-06-2021 05:00,
5625,11167,Case Closed,13-05-2021 09:00,
5626,11168,Case Closed,01-06-2021 09:00,
5627,11169,Case Closed,04-05-2021 07:00,
5628,11170,Case Closed,09-05-2021 08:00,
5629,11172,Case Closed,18-05-2021 12:00,
5630,11173,Case Closed,09-05-2021 17:00,
5631,11176,Case Closed,14-05-2021 21:00,
5632,11179,Case Closed,30-06-2021 16:00,
5633,11180,Case Closed,14-04-2021 15:00,
5634,11181,Case Closed,13-10-2021 07:00,
5635,11183,Case Closed,03-07-2021 20:00,
5636,11184,Case Closed,28-08-2021 14:00,
5637,11185,Case Closed,16-05-2021 04:00,
5638,11186,Case Closed,25-06-2021 14:00,
5639,11187,Case Closed,29-04-2021 13:00,
5640,11189,Case Closed,22-04-2021 10:00,
5641,11190,Case Closed,20-06-2021 09:00,
5642,11191,Case Closed,11-09-2021 20:00,
5643,11196,Case Closed,15-05-2021 04:00,
5644,11199,Case Closed,02-06-2021 01:00,
5645,11201,Case Closed,14-05-2021 06:00,
5646,11202,Case Closed,04-06-2021 09:00,
5647,11203,Case Closed,27-06-2021 18:00,
5648,11206,Case Closed,15-05-2021 21:00,
5649,11207,Case Closed,23-06-2021 21:00,
5650,11216,Case Closed,08-06-2021 18:00,
5651,11217,Case Closed,16-07-2021 09:00,
5652,11220,Case Closed,27-06-2021 00:00,
5653,11222,Case Closed,27-06-2021 21:00,
5654,11223,Case Closed,29-08-2021 20:00,
5655,11226,Case Closed,20-08-2021 10:00,
5656,11231,Case Closed,29-06-2021 05:00,
5657,11232,Case Closed,27-06-2021 20:00,
5658,11234,Case Closed,08-05-2021 02:00,
5659,11238,Case Closed,26-05-2021 19:00,
5660,11241,Case Closed,01-07-2021 12:00,
5661,11245,Case Closed,05-05-2021 14:00,
5662,11246,Case Closed,16-07-2022 04:00,
5663,11248,Case Closed,31-05-2021 11:00,
5664,11249,Case Closed,08-05-2021 02:00,
5665,11252,Case Closed,29-06-2021 10:00,
5666,11253,Case Closed,19-05-2022 15:00,
5667,11258,Case Closed,26-05-2021 08:00,
5668,11259,Case Closed,30-05-2022 07:00,
5669,11260,Case Closed,04-05-2021 09:00,
5670,11263,Case Closed,23-04-2021 08:00,
5671,11267,Case Closed,05-04-2023 11:00,
5672,11269,Case Closed,25-06-2021 00:00,
5673,11272,Case Closed,13-07-2021 18:00,
5674,11274,Case Closed,24-04-2021 16:00,
5675,11277,Case Closed,22-05-2021 16:00,
5676,11279,Case Closed,07-05-2021 20:00,
5677,11280,Case Closed,18-05-2021 19:00,
5678,11281,Case Closed,16-05-2021 07:00,
5679,11284,Case Closed,19-04-2021 12:00,
5680,11285,Case Closed,03-06-2021 17:00,
5681,11286,Case Closed,19-05-2021 18:00,
5682,11287,Case Closed,07-09-2021 16:00,
5683,11291,Case Closed,07-07-2021 14:00,
5684,11292,Case Closed,04-07-2021 18:00,
5685,11299,Case Closed,23-04-2021 12:00,
5686,11300,Case Closed,20-06-2021 11:00,
5687,11302,Case Closed,03-06-2021 14:00,
5688,11304,Case Closed,19-06-2021 23:00,
5689,11305,Case Closed,27-04-2021 10:00,
5690,11309,Case Closed,28-04-2021 03:00,
5691,11312,Case Closed,12-05-2021 10:00,
5692,11313,Case Closed,09-07-2021 01:00,
5693,11314,Case Closed,07-07-2021 06:00,
5694,11316,Case Closed,22-06-2021 04:00,
5695,11317,Case Closed,17-05-2021 02:00,
5696,11318,Case Closed,02-06-2021 22:00,
5697,11319,Case Closed,15-06-2021 23:00,
5698,11321,Case Closed,23-05-2021 19:00,
5699,11323,Case Closed,12-05-2021 01:00,
5700,11326,Case Closed,06-05-2021 03:00,
5701,11329,Case Closed,01-06-2021 20:00,
5702,11331,Case Closed,15-06-2021 20:00,
5703,11336,Case Closed,27-02-2023 18:00,
5704,11338,Case Closed,02-04-2023 12:00,
5705,11340,Case Closed,05-05-2021 22:00,
5706,11343,Case Closed,14-05-2021 08:00,
5707,11348,Case Closed,20-06-2021 15:00,
5708,11352,Case Closed,10-07-2021 09:00,
5709,11353,Case Closed,01-07-2021 10:00,
5710,11355,Case Closed,30-04-2021 09:00,
5711,11356,Case Closed,20-05-2021 15:00,
5712,11357,Case Closed,10-05-2021 13:00,
5713,11358,Case Closed,28-06-2021 09:00,
5714,11360,Case Closed,22-05-2021 04:00,
5715,11364,Case Closed,22-05-2021 01:00,
5716,11365,Case Closed,17-05-2021 21:00,
5717,11366,Case Closed,09-05-2021 21:00,
5718,11368,Case Closed,17-06-2021 10:00,
5719,11369,Case Closed,17-06-2021 06:00,
5720,11370,Case Closed,22-06-2021 19:00,
5721,11371,Case Closed,07-06-2021 16:00,
5722,11374,Case Closed,31-05-2021 11:00,
5723,11375,Case Closed,13-05-2021 16:00,
5724,11378,Case Closed,06-09-2021 22:00,
5725,11379,Case Closed,16-05-2021 03:00,
5726,11382,Case Closed,15-08-2022 19:00,
5727,11385,Case Closed,23-05-2021 07:00,
5728,11386,Case Closed,16-07-2021 20:00,
5729,11387,Case Closed,09-07-2021 00:00,
5730,11388,Case Closed,12-05-2021 12:00,
5731,11391,Case Closed,25-06-2021 22:00,
5732,11392,Case Closed,03-05-2021 13:00,
5733,11394,Case Closed,17-09-2021 04:00,
5734,11396,Case Closed,23-10-2021 13:00,
5735,11405,Case Closed,06-05-2021 12:00,
5736,11406,Case Closed,23-05-2021 00:00,
5737,11407,Case Closed,12-06-2021 10:00,
5738,11408,Case Closed,15-07-2021 07:00,
5739,11410,Case Closed,17-07-2021 23:00,
5740,11414,Case Closed,10-06-2021 21:00,
5741,11416,Case Closed,15-07-2021 00:00,
5742,11417,Case Closed,18-05-2021 10:00,
5743,11419,Case Closed,21-06-2021 04:00,
5744,11422,Case Closed,07-06-2021 16:00,
5745,11426,Case Closed,27-05-2021 00:00,
5746,11427,Case Closed,24-05-2021 09:00,
5747,11439,Case Closed,27-06-2021 04:00,
5748,11443,Case Closed,24-10-2022 09:00,
5749,11444,Case Closed,13-03-2022 03:00,
5750,11447,Case Closed,03-07-2021 08:00,
5751,11449,Case Closed,03-07-2021 10:00,
5752,11450,Case Closed,12-06-2021 09:00,
5753,11451,Case Closed,09-06-2021 02:00,
5754,11452,Case Closed,11-07-2021 07:00,
5755,11454,Case Closed,03-06-2021 18:00,
5756,11456,Case Closed,18-05-2021 04:00,
5757,11457,Case Closed,14-05-2021 01:00,
5758,11458,Case Closed,24-04-2021 11:00,
5759,11459,Case Closed,22-06-2021 11:00,
5760,11460,Case Closed,28-06-2021 13:00,
5761,11463,Case Closed,14-06-2021 12:00,
5762,11464,Case Closed,06-05-2021 02:00,
5763,11465,Case Closed,26-05-2021 10:00,
5764,11466,Case Closed,10-08-2021 06:00,
5765,11467,Case Closed,30-05-2021 18:00,
5766,11468,Case Closed,03-06-2021 01:00,
5767,11473,Case Closed,10-05-2021 14:00,
5768,11474,Case Closed,03-07-2021 11:00,
5769,11476,Case Closed,10-07-2021 12:00,
5770,11477,Case Closed,08-05-2021 23:00,
5771,11479,Case Closed,05-08-2022 15:00,
5772,11480,Case Closed,07-11-2022 18:00,
5773,11485,Case Closed,25-05-2021 15:00,
5774,11489,Case Closed,31-05-2021 15:00,
5775,11492,Case Closed,06-05-2021 06:00,
5776,11493,Case Closed,17-05-2021 06:00,
5777,11498,Case Closed,22-05-2021 22:00,
5778,11499,Case Closed,06-06-2021 19:00,
5779,11500,Case Closed,25-08-2021 14:00,
5780,11501,Case Closed,22-07-2021 11:00,
5781,11502,Case Closed,16-07-2021 15:00,
5782,11503,Case Closed,02-07-2021 05:00,
5783,11504,Case Closed,14-05-2021 05:00,
5784,11510,Case Closed,17-06-2021 03:00,
5785,11513,Case Closed,29-06-2021 15:00,
5786,11516,Case Closed,02-06-2021 10:00,
5787,11517,Case Closed,30-05-2021 01:00,
5788,11520,Case Closed,14-05-2021 05:00,
5789,11521,Case Closed,19-09-2021 16:00,
5790,11527,Case Closed,17-05-2021 20:00,
5791,11530,Case Closed,11-07-2021 05:00,
5792,11533,Case Closed,11-06-2021 16:00,
5793,11534,Case Closed,23-07-2021 04:00,
5794,11536,Case Closed,14-05-2021 02:00,
5795,11539,Case Closed,21-06-2021 03:00,
5796,11540,Case Closed,24-07-2021 23:00,
5797,11541,Case Closed,21-07-2021 02:00,
5798,11544,Case Closed,23-07-2021 14:00,
5799,11547,Case Closed,21-07-2021 18:00,
5800,11548,Case Closed,17-06-2021 05:00,
5801,11551,Case Closed,23-06-2021 20:00,
5802,11552,Case Closed,09-07-2021 11:00,
5803,11555,Case Closed,23-05-2021 19:00,
5804,11562,Case Closed,23-06-2021 06:00,
5805,11567,Case Closed,24-11-2022 03:00,
5806,11568,Case Closed,01-06-2021 02:00,
5807,11571,Case Closed,10-05-2021 00:00,
5808,11573,Case Closed,24-05-2021 22:00,
5809,11574,Case Closed,28-05-2021 10:00,
5810,11575,Case Closed,04-06-2021 09:00,
5811,11576,Case Closed,04-07-2021 10:00,
5812,11577,Case Closed,10-05-2021 16:00,
5813,11579,Case Closed,19-06-2021 08:00,
5814,11580,Case Closed,14-07-2021 12:00,
5815,11581,Case Closed,01-07-2021 22:00,
5816,11583,Case Closed,12-05-2021 23:00,
5817,11590,Case Closed,19-05-2021 10:00,
5818,11594,Case Closed,07-01-2022 08:00,
5819,11595,Case Closed,01-06-2021 06:00,
5820,11600,Case Closed,07-06-2021 00:00,
5821,11601,Case Closed,16-06-2021 08:00,
5822,11602,Case Closed,26-05-2021 20:00,
5823,11603,Case Closed,05-06-2021 15:00,
5824,11606,Case Closed,23-07-2021 08:00,
5825,11610,Case Closed,11-05-2021 09:00,
5826,11612,Case Closed,24-07-2021 01:00,
5827,11614,Case Closed,07-07-2021 11:00,
5828,11616,Case Closed,09-07-2021 01:00,
5829,11619,Case Closed,26-05-2021 22:00,
5830,11620,Case Closed,17-07-2021 05:00,
5831,11621,Case Closed,18-06-2021 06:00,
5832,11627,Case Closed,26-10-2021 19:00,
5833,11629,Case Closed,16-08-2021 17:00,
5834,11630,Case Closed,25-04-2023 12:00,
5835,11631,Case Closed,29-05-2021 19:00,
5836,11632,Case Closed,29-11-2021 16:00,
5837,11634,Case Closed,03-06-2021 13:00,
5838,11635,Case Closed,06-05-2021 19:00,
5839,11636,Case Closed,10-07-2021 04:00,
5840,11637,Case Closed,09-05-2021 02:00,
5841,11638,Case Closed,20-05-2021 02:00,
5842,11647,Case Closed,21-07-2021 11:00,
5843,11648,Case Closed,29-05-2021 20:00,
5844,11649,Case Closed,06-08-2021 03:00,
5845,11652,Case Closed,03-07-2021 18:00,
5846,11654,Case Closed,12-07-2021 20:00,
5847,11655,Case Closed,24-05-2021 04:00,
5848,11659,Case Closed,10-10-2021 20:00,
5849,11660,Case Closed,28-02-2022 20:00,
5850,11661,Case Closed,17-06-2021 03:00,
5851,11666,Case Closed,14-07-2021 12:00,
5852,11668,Case Closed,11-09-2021 01:00,
5853,11670,Case Closed,07-09-2021 23:00,
5854,11673,Case Closed,03-06-2021 22:00,
5855,11674,Case Closed,05-05-2021 00:00,
5856,11676,Case Closed,02-06-2021 11:00,
5857,11677,Case Closed,23-05-2021 04:00,
5858,11678,Case Closed,25-05-2021 09:00,
5859,11679,Case Closed,26-05-2021 23:00,
5860,11681,Case Closed,08-06-2021 15:00,
5861,11682,Case Closed,01-07-2021 05:00,
5862,11684,Case Closed,08-07-2021 08:00,
5863,11690,Case Closed,28-06-2021 23:00,
5864,11691,Case Closed,06-08-2021 12:00,
5865,11692,Case Closed,11-07-2021 05:00,
5866,11694,Case Closed,22-08-2022 23:00,
5867,11697,Case Closed,11-06-2021 01:00,
5868,11700,Case Closed,06-06-2021 13:00,
5869,11701,Case Closed,13-05-2021 01:00,
5870,11703,Case Closed,22-09-2021 16:00,
5871,11704,Case Closed,21-05-2021 00:00,
5872,11706,Case Closed,30-07-2021 00:00,
5873,11707,Case Closed,02-06-2021 04:00,
5874,11709,Case Closed,11-06-2021 18:00,
5875,11711,Case Closed,08-06-2021 05:00,
5876,11713,Case Closed,30-05-2021 07:00,
5877,11714,Case Closed,10-11-2022 11:00,
5878,11715,Case Closed,25-09-2021 01:00,
5879,11716,Case Closed,04-07-2021 07:00,
5880,11718,Case Closed,19-06-2021 10:00,
5881,11721,Case Closed,22-10-2021 19:00,
5882,11723,Case Closed,30-05-2021 06:00,
5883,11724,Case Closed,14-07-2021 04:00,
5884,11731,Case Closed,02-07-2021 07:00,
5885,11734,Case Closed,08-10-2021 14:00,
5886,11736,Case Closed,14-05-2021 03:00,
5887,11739,Case Closed,28-05-2021 09:00,
5888,11740,Case Closed,30-05-2021 01:00,
5889,11743,Case Closed,18-07-2021 22:00,
5890,11747,Case Closed,01-06-2021 11:00,
5891,11748,Case Closed,07-07-2021 17:00,
5892,11749,Case Closed,18-05-2021 02:00,
5893,11750,Case Closed,06-06-2021 11:00,
5894,11751,Case Closed,30-07-2021 00:00,
5895,11753,Case Closed,14-05-2021 20:00,
5896,11754,Case Closed,11-07-2021 19:00,
5897,11757,Case Closed,11-07-2021 17:00,
5898,11762,Case Closed,11-07-2021 04:00,
5899,11765,Case Closed,03-06-2021 12:00,
5900,11767,Case Closed,23-02-2023 04:00,
5901,11769,Case Closed,10-06-2021 14:00,
5902,11772,Case Closed,02-06-2021 10:00,
5903,11773,Case Closed,29-07-2021 16:00,
5904,11775,Case Closed,20-06-2021 00:00,
5905,11778,Case Closed,26-06-2021 13:00,
5906,11779,Case Closed,09-05-2021 11:00,
5907,11780,Case Closed,16-07-2021 23:00,
5908,11781,Case Closed,14-05-2021 17:00,
5909,11784,Case Closed,28-08-2021 03:00,
5910,11785,Case Closed,30-05-2021 23:00,
5911,11787,Case Closed,23-06-2021 19:00,
5912,11788,Case Closed,10-07-2021 03:00,
5913,11793,Case Closed,16-07-2021 00:00,
5914,11797,Case Closed,25-05-2021 18:00,
5915,11801,Case Closed,25-05-2021 23:00,
5916,11804,Case Closed,29-06-2021 23:00,
5917,11805,Case Closed,05-07-2021 03:00,
5918,11807,Case Closed,20-06-2021 23:00,
5919,11808,Case Closed,09-01-2022 22:00,
5920,11811,Case Closed,25-08-2021 22:00,
5921,11812,Case Closed,24-07-2021 06:00,
5922,11814,Case Closed,19-05-2021 05:00,
5923,11818,Case Closed,18-08-2021 00:00,
5924,11820,Case Closed,10-07-2021 00:00,
5925,11821,Case Closed,07-06-2021 21:00,
5926,11823,Case Closed,20-06-2021 08:00,
5927,11825,Case Closed,05-07-2021 17:00,
5928,11826,Case Closed,22-07-2021 06:00,
5929,11827,Case Closed,08-06-2021 22:00,
5930,11828,Case Closed,20-10-2021 10:00,
5931,11831,Case Closed,17-07-2021 19:00,
5932,11832,Case Closed,09-06-2021 19:00,
5933,11834,Case Closed,19-06-2021 19:00,
5934,11835,Case Closed,17-05-2021 22:00,
5935,11836,Case Closed,23-06-2021 05:00,
5936,11837,Case Closed,27-05-2021 06:00,
5937,11838,Case Closed,09-07-2021 16:00,
5938,11840,Case Closed,17-05-2021 23:00,
5939,11844,Case Closed,27-06-2021 03:00,
5940,11845,Case Closed,28-05-2021 05:00,
5941,11846,Case Closed,25-06-2021 10:00,
5942,11848,Case Closed,03-01-2023 11:00,
5943,11852,Case Closed,03-08-2021 21:00,
5944,11855,Case Closed,01-08-2021 18:00,
5945,11857,Case Closed,26-06-2021 06:00,
5946,11861,Case Closed,18-09-2021 14:00,
5947,11863,Case Closed,19-06-2022 21:00,
5948,11865,Case Closed,19-09-2021 22:00,
5949,11866,Case Closed,18-06-2021 11:00,
5950,11867,Case Closed,07-08-2021 19:00,
5951,11868,Case Closed,05-07-2021 17:00,
5952,11869,Case Closed,28-07-2021 01:00,
5953,11870,Case Closed,10-06-2021 03:00,
5954,11871,Case Closed,06-07-2021 04:00,
5955,11873,Case Closed,22-05-2021 18:00,
5956,11877,Case Closed,23-03-2022 00:00,
5957,11880,Case Closed,18-07-2021 06:00,
5958,11881,Case Closed,03-03-2023 01:00,
5959,11887,Case Closed,15-07-2021 15:00,
5960,11888,Case Closed,06-06-2021 10:00,
5961,11889,Case Closed,21-06-2021 19:00,
5962,11893,Case Closed,26-05-2021 20:00,
5963,11894,Case Closed,24-07-2021 18:00,
5964,11895,Case Closed,17-06-2021 21:00,
5965,11899,Case Closed,24-05-2021 19:00,
5966,11900,Case Closed,28-05-2021 23:00,
5967,11901,Case Closed,26-08-2021 20:00,
5968,11906,Case Closed,28-06-2021 21:00,
5969,11907,Case Closed,24-05-2021 20:00,
5970,11908,Case Closed,14-07-2021 17:00,
5971,11909,Case Closed,20-05-2021 07:00,
5972,11913,Case Closed,30-07-2021 09:00,
5973,11914,Case Closed,03-07-2021 01:00,
5974,11915,Case Closed,01-07-2021 06:00,
5975,11916,Case Closed,10-07-2021 15:00,
5976,11918,Case Closed,15-05-2021 16:00,
5977,11922,Case Closed,02-06-2021 01:00,
5978,11924,Case Closed,10-06-2021 23:00,
5979,11926,Case Closed,30-05-2021 10:00,
5980,11931,Case Closed,21-07-2021 06:00,
5981,11932,Case Closed,31-07-2021 19:00,
5982,11939,Case Closed,24-05-2021 11:00,
5983,11940,Case Closed,01-03-2023 03:00,
5984,11942,Case Closed,01-08-2021 05:00,
5985,11944,Case Closed,05-06-2021 18:00,
5986,11945,Case Closed,19-06-2022 06:00,
5987,11948,Case Closed,30-05-2021 04:00,
5988,11950,Case Closed,21-05-2021 15:00,
5989,11951,Case Closed,29-05-2021 14:00,
5990,11952,Case Closed,02-06-2021 09:00,
5991,11953,Case Closed,11-07-2021 20:00,
5992,11954,Case Closed,01-06-2021 03:00,
5993,11955,Case Closed,30-05-2021 08:00,
5994,11958,Case Closed,05-06-2021 01:00,
5995,11959,Case Closed,25-07-2021 19:00,
5996,11961,Case Closed,19-07-2021 01:00,
5997,11965,Case Closed,06-07-2021 13:00,
5998,11966,Case Closed,11-04-2022 20:00,
5999,11967,Case Closed,18-07-2021 23:00,
6000,11968,Case Closed,15-06-2021 05:00,
6001,11975,Case Closed,23-05-2021 09:00,
6002,11976,Case Closed,27-06-2021 02:00,
6003,11977,Case Closed,09-05-2023 06:00,
6004,11978,Case Closed,26-11-2022 06:00,
6005,11979,Case Closed,18-07-2021 03:00,
6006,11980,Case Closed,22-05-2021 12:00,
6007,11984,Case Closed,22-06-2021 00:00,
6008,11986,Case Closed,21-06-2021 17:00,
6009,11987,Case Closed,20-07-2021 15:00,
6010,11990,Case Closed,11-06-2021 23:00,
6011,11991,Case Closed,01-07-2021 21:00,
6012,11995,Case Closed,27-06-2021 05:00,
6013,12002,Case Closed,04-06-2021 23:00,
6014,12003,Case Closed,07-08-2021 11:00,
6015,12005,Case Closed,31-05-2021 01:00,
6016,12008,Case Closed,25-06-2021 01:00,
6017,12009,Case Closed,20-07-2021 09:00,
6018,12011,Case Closed,11-07-2021 17:00,
6019,12012,Case Closed,22-07-2021 19:00,
6020,12013,Case Closed,23-07-2021 06:00,
6021,12014,Case Closed,08-06-2021 14:00,
6022,12018,Case Closed,04-07-2021 19:00,
6023,12020,Case Closed,24-06-2021 03:00,
6024,12021,Case Closed,20-07-2021 19:00,
6025,12022,Case Closed,29-06-2021 01:00,
6026,12023,Case Closed,29-08-2022 15:00,
6027,12024,Case Closed,19-07-2021 07:00,
6028,12025,Case Closed,02-07-2021 00:00,
6029,12027,Case Closed,01-07-2021 01:00,
6030,12029,Case Closed,11-08-2021 00:00,
6031,12031,Case Closed,08-08-2021 00:00,
6032,12037,Case Closed,10-06-2021 13:00,
6033,12039,Case Closed,06-06-2021 03:00,
6034,12040,Case Closed,21-07-2021 10:00,
6035,12042,Case Closed,17-07-2021 02:00,
6036,12043,Case Closed,30-05-2021 01:00,
6037,12050,Case Closed,27-06-2021 00:00,
6038,12051,Case Closed,30-07-2021 04:00,
6039,12052,Case Closed,09-07-2021 02:00,
6040,12059,Case Closed,30-07-2021 12:00,
6041,12060,Case Closed,05-08-2021 05:00,
6042,12063,Case Closed,01-07-2021 11:00,
6043,12064,Case Closed,06-08-2021 12:00,
6044,12065,Case Closed,15-07-2021 20:00,
6045,12066,Case Closed,09-06-2021 17:00,
6046,12067,Case Closed,11-06-2021 03:00,
6047,12069,Case Closed,26-09-2021 15:00,
6048,12071,Case Closed,24-07-2021 07:00,
6049,12073,Case Closed,08-06-2021 03:00,
6050,12076,Case Closed,17-07-2021 17:00,
6051,12082,Case Closed,30-05-2021 06:00,
6052,12086,Case Closed,27-06-2021 17:00,
6053,12087,Case Closed,13-07-2021 15:00,
6054,12089,Case Closed,12-07-2021 18:00,
6055,12092,Case Closed,04-06-2021 11:00,
6056,12094,Case Closed,30-05-2021 05:00,
6057,12095,Case Closed,26-08-2021 00:00,
6058,12096,Case Closed,07-07-2021 23:00,
6059,12097,Case Closed,02-08-2021 20:00,
6060,12099,Case Closed,14-03-2022 07:00,
6061,12100,Case Closed,27-06-2021 04:00,
6062,12101,Case Closed,24-06-2021 21:00,
6063,12102,Case Closed,23-05-2021 09:00,
6064,12103,Case Closed,05-06-2021 06:00,
6065,12104,Case Closed,18-03-2022 05:00,
6066,12105,Case Closed,18-06-2021 18:00,
6067,12115,Case Closed,10-07-2021 05:00,
6068,12116,Case Closed,27-07-2021 20:00,
6069,12117,Case Closed,08-07-2021 14:00,
6070,12118,Case Closed,26-09-2021 03:00,
6071,12123,Case Closed,07-06-2021 05:00,
6072,12125,Case Closed,19-03-2022 19:00,
6073,12127,Case Closed,13-07-2021 01:00,
6074,12128,Case Closed,09-06-2021 01:00,
6075,12129,Case Closed,19-06-2021 03:00,
6076,12131,Case Closed,14-07-2021 20:00,
6077,12132,Case Closed,26-07-2021 02:00,
6078,12135,Case Closed,04-06-2021 21:00,
6079,12136,Case Closed,11-08-2021 21:00,
6080,12137,Case Closed,11-12-2022 14:00,
6081,12139,Case Closed,02-07-2021 10:00,
6082,12140,Case Closed,03-07-2021 11:00,
6083,12142,Case Closed,07-06-2021 03:00,
6084,12145,Case Closed,16-06-2021 11:00,
6085,12146,Case Closed,08-07-2021 16:00,
6086,12147,Case Closed,20-06-2021 06:00,
6087,12148,Case Closed,05-10-2022 10:00,
6088,12149,Case Closed,18-10-2021 17:00,
6089,12151,Case Closed,03-08-2021 12:00,
6090,12152,Case Closed,27-05-2021 17:00,
6091,12153,Case Closed,18-05-2022 04:00,
6092,12154,Case Closed,04-08-2021 14:00,
6093,12155,Case Closed,16-06-2021 04:00,
6094,12156,Case Closed,14-08-2021 17:00,
6095,12157,Case Closed,30-06-2021 02:00,
6096,12160,Case Closed,16-10-2021 13:00,
6097,12161,Case Closed,04-07-2021 02:00,
6098,12162,Case Closed,30-06-2021 04:00,
6099,12166,Case Closed,31-07-2021 15:00,
6100,12169,Case Closed,02-06-2021 15:00,
6101,12170,Case Closed,23-05-2021 14:00,
6102,12172,Case Closed,12-06-2021 16:00,
6103,12173,Case Closed,04-06-2021 01:00,
6104,12176,Case Closed,12-06-2021 23:00,
6105,12177,Case Closed,29-09-2021 08:00,
6106,12179,Case Closed,25-08-2022 16:00,
6107,12183,Case Closed,18-07-2021 20:00,
6108,12186,Case Closed,13-08-2021 03:00,
6109,12188,Case Closed,26-07-2021 18:00,
6110,12190,Case Closed,04-06-2021 18:00,
6111,12193,Case Closed,21-06-2021 07:00,
6112,12195,Case Closed,06-07-2021 19:00,
6113,12196,Case Closed,15-01-2022 03:00,
6114,12197,Case Closed,23-11-2021 06:00,
6115,12200,Case Closed,29-06-2021 18:00,
6116,12208,Case Closed,07-07-2021 10:00,
6117,12209,Case Closed,13-11-2022 09:00,
6118,12216,Case Closed,26-10-2021 01:00,
6119,12219,Case Closed,13-08-2021 11:00,
6120,12222,Case Closed,06-08-2021 05:00,
6121,12224,Case Closed,26-04-2022 14:00,
6122,12226,Case Closed,20-08-2021 20:00,
6123,12227,Case Closed,17-06-2021 16:00,
6124,12228,Case Closed,12-06-2021 18:00,
6125,12229,Case Closed,07-01-2023 05:00,
6126,12238,Case Closed,29-06-2021 16:00,
6127,12242,Case Closed,11-06-2021 07:00,
6128,12244,Case Closed,19-06-2021 11:00,
6129,12245,Case Closed,30-07-2021 06:00,
6130,12252,Case Closed,15-07-2021 03:00,
6131,12259,Case Closed,22-09-2021 11:00,
6132,12261,Case Closed,03-07-2021 13:00,
6133,12263,Case Closed,23-09-2022 20:00,
6134,12264,Case Closed,18-06-2021 14:00,
6135,12265,Case Closed,14-07-2021 23:00,
6136,12266,Case Closed,30-06-2021 19:00,
6137,12269,Case Closed,10-03-2023 01:00,
6138,12271,Case Closed,28-07-2021 23:00,
6139,12272,Case Closed,09-08-2021 05:00,
6140,12275,Case Closed,08-08-2021 23:00,
6141,12276,Case Closed,10-08-2021 12:00,
6142,12278,Case Closed,25-06-2021 05:00,
6143,12279,Case Closed,11-08-2021 08:00,
6144,12282,Case Closed,30-10-2021 09:00,
6145,12283,Case Closed,23-08-2021 13:00,
6146,12290,Case Closed,12-07-2021 21:00,
6147,12293,Case Closed,08-06-2021 18:00,
6148,12294,Case Closed,15-06-2021 07:00,
6149,12295,Case Closed,27-06-2021 11:00,
6150,12296,Case Closed,10-07-2021 10:00,
6151,12297,Case Closed,29-06-2021 15:00,
6152,12299,Case Closed,20-07-2021 01:00,
6153,12301,Case Closed,05-06-2021 12:00,
6154,12302,Case Closed,09-07-2021 18:00,
6155,12303,Case Closed,19-09-2021 10:00,
6156,12308,Case Closed,10-08-2021 18:00,
6157,12310,Case Closed,07-08-2021 06:00,
6158,12311,Case Closed,04-06-2021 18:00,
6159,12313,Case Closed,01-01-2022 01:00,
6160,12316,Case Closed,02-07-2021 19:00,
6161,12317,Case Closed,16-07-2021 22:00,
6162,12318,Case Closed,08-06-2021 04:00,
6163,12320,Case Closed,15-03-2022 16:00,
6164,12321,Case Closed,15-10-2021 04:00,
6165,12323,Case Closed,03-05-2022 23:00,
6166,12325,Case Closed,07-06-2021 09:00,
6167,12327,Case Closed,11-06-2021 09:00,
6168,12328,Case Closed,24-06-2021 11:00,
6169,12329,Case Closed,25-06-2021 05:00,
6170,12332,Case Closed,05-08-2021 03:00,
6171,12333,Case Closed,21-06-2021 23:00,
6172,12334,Case Closed,17-07-2021 11:00,
6173,12337,Case Closed,28-06-2021 04:00,
6174,12339,Case Closed,15-11-2022 22:00,
6175,12342,Case Closed,13-06-2021 21:00,
6176,12346,Case Closed,17-06-2021 20:00,
6177,12348,Case Closed,26-06-2021 12:00,
6178,12350,Case Closed,09-08-2021 08:00,
6179,12355,Case Closed,14-07-2021 09:00,
6180,12356,Case Closed,17-08-2022 08:00,
6181,12357,Case Closed,07-06-2021 18:00,
6182,12358,Case Closed,16-07-2021 23:00,
6183,12361,Case Closed,12-06-2021 14:00,
6184,12365,Case Closed,23-06-2021 19:00,
6185,12366,Case Closed,16-06-2021 17:00,
6186,12369,Case Closed,26-08-2021 19:00,
6187,12370,Case Closed,30-06-2021 09:00,
6188,12372,Case Closed,19-06-2021 04:00,
6189,12373,Case Closed,08-08-2021 17:00,
6190,12376,Case Closed,13-04-2023 14:00,
6191,12377,Case Closed,08-02-2023 17:00,
6192,12379,Case Closed,10-05-2022 03:00,
6193,12383,Case Closed,20-08-2021 02:00,
6194,12385,Case Closed,29-07-2021 02:00,
6195,12386,Case Closed,12-06-2021 12:00,
6196,12388,Case Closed,24-07-2021 19:00,
6197,12391,Case Closed,24-08-2021 10:00,
6198,12392,Case Closed,21-07-2021 22:00,
6199,12394,Case Closed,20-06-2021 21:00,
6200,12395,Case Closed,22-04-2023 06:00,
6201,12400,Case Closed,19-07-2021 21:00,
6202,12401,Case Closed,10-06-2021 05:00,
6203,12402,Case Closed,24-08-2021 17:00,
6204,12404,Case Closed,09-02-2022 17:00,
6205,12405,Case Closed,26-08-2021 05:00,
6206,12408,Case Closed,08-06-2021 13:00,
6207,12409,Case Closed,18-07-2021 02:00,
6208,12410,Case Closed,28-06-2021 06:00,
6209,12411,Case Closed,06-08-2021 11:00,
6210,12413,Case Closed,30-06-2021 04:00,
6211,12414,Case Closed,09-08-2021 02:00,
6212,12415,Case Closed,02-08-2021 11:00,
6213,12416,Case Closed,07-08-2021 06:00,
6214,12417,Case Closed,22-06-2021 14:00,
6215,12423,Case Closed,15-06-2021 21:00,
6216,12425,Case Closed,07-08-2021 21:00,
6217,12427,Case Closed,12-08-2021 10:00,
6218,12429,Case Closed,22-07-2021 02:00,
6219,12431,Case Closed,12-08-2021 19:00,
6220,12433,Case Closed,16-08-2021 07:00,
6221,12435,Case Closed,23-06-2021 05:00,
6222,12437,Case Closed,29-07-2021 01:00,
6223,12439,Case Closed,10-08-2022 05:00,
6224,12441,Case Closed,12-08-2021 22:00,
6225,12445,Case Closed,07-07-2021 20:00,
6226,12453,Case Closed,29-07-2021 22:00,
6227,12454,Case Closed,05-05-2023 14:00,
6228,12456,Case Closed,22-06-2021 13:00,
6229,12459,Case Closed,12-05-2022 19:00,
6230,12460,Case Closed,16-07-2021 06:00,
6231,12463,Case Closed,13-08-2021 03:00,
6232,12467,Case Closed,28-07-2021 07:00,
6233,12468,Case Closed,24-06-2021 09:00,
6234,12469,Case Closed,03-07-2021 14:00,
6235,12470,Case Closed,28-01-2023 08:00,
6236,12479,Case Closed,21-06-2021 05:00,
6237,12480,Case Closed,01-07-2021 02:00,
6238,12481,Case Closed,28-08-2021 22:00,
6239,12482,Case Closed,03-07-2021 10:00,
6240,12484,Case Closed,16-05-2022 03:00,
6241,12487,Case Closed,24-06-2021 13:00,
6242,12488,Case Closed,21-07-2021 08:00,
6243,12489,Case Closed,30-06-2021 09:00,
6244,12491,Case Closed,21-10-2022 08:00,
6245,12492,Case Closed,06-08-2021 00:00,
6246,12493,Case Closed,04-09-2021 15:00,
6247,12494,Case Closed,12-06-2021 07:00,
6248,12496,Case Closed,19-06-2021 16:00,
6249,12498,Case Closed,15-07-2021 20:00,
6250,12499,Case Closed,30-03-2023 11:00,
6251,12501,Case Closed,09-10-2021 10:00,
6252,12502,Case Closed,06-07-2021 18:00,
6253,12503,Case Closed,01-09-2021 23:00,
6254,12505,Case Closed,09-07-2021 19:00,
6255,12507,Case Closed,24-08-2021 12:00,
6256,12515,Case Closed,25-06-2021 21:00,
6257,12516,Case Closed,03-03-2022 15:00,
6258,12517,Case Closed,12-08-2021 01:00,
6259,12520,Case Closed,05-08-2021 13:00,
6260,12522,Case Closed,19-06-2021 17:00,
6261,12524,Case Closed,17-07-2021 10:00,
6262,12526,Case Closed,04-08-2021 03:00,
6263,12527,Case Closed,12-07-2021 06:00,
6264,12530,Case Closed,16-06-2021 15:00,
6265,12534,Case Closed,21-07-2021 18:00,
6266,12535,Case Closed,18-08-2021 14:00,
6267,12538,Case Closed,22-07-2021 13:00,
6268,12540,Case Closed,03-12-2021 15:00,
6269,12542,Case Closed,19-08-2021 23:00,
6270,12543,Case Closed,18-07-2021 20:00,
6271,12546,Case Closed,18-07-2021 19:00,
6272,12556,Case Closed,24-07-2021 17:00,
6273,12558,Case Closed,16-07-2021 13:00,
6274,12560,Case Closed,15-07-2021 00:00,
6275,12562,Case Closed,28-08-2021 02:00,
6276,12564,Case Closed,26-08-2021 12:00,
6277,12565,Case Closed,15-07-2021 20:00,
6278,12568,Case Closed,09-11-2022 07:00,
6279,12570,Case Closed,08-11-2021 07:00,
6280,12571,Case Closed,20-05-2022 21:00,
6281,12572,Case Closed,26-06-2021 03:00,
6282,12575,Case Closed,07-08-2021 11:00,
6283,12577,Case Closed,19-07-2021 05:00,
6284,12579,Case Closed,13-09-2022 12:00,
6285,12581,Case Closed,28-07-2021 05:00,
6286,12583,Case Closed,15-08-2021 06:00,
6287,12586,Case Closed,30-06-2021 08:00,
6288,12587,Case Closed,12-08-2021 19:00,
6289,12588,Case Closed,03-07-2021 00:00,
6290,12591,Case Closed,02-09-2021 15:00,
6291,12592,Case Closed,21-07-2021 20:00,
6292,12594,Case Closed,18-06-2021 01:00,
6293,12595,Case Closed,04-09-2021 19:00,
6294,12596,Case Closed,19-08-2021 01:00,
6295,12604,Case Closed,16-07-2021 04:00,
6296,12605,Case Closed,01-01-2022 06:00,
6297,12606,Case Closed,13-08-2021 07:00,
6298,12609,Case Closed,08-08-2021 20:00,
6299,12610,Case Closed,27-08-2021 19:00,
6300,12612,Case Closed,14-07-2021 00:00,
6301,12613,Case Closed,30-08-2021 04:00,
6302,12614,Case Closed,02-09-2021 01:00,
6303,12615,Case Closed,21-07-2021 13:00,
6304,12618,Case Closed,18-07-2021 17:00,
6305,12622,Case Closed,14-07-2021 02:00,
6306,12624,Case Closed,12-07-2021 22:00,
6307,12627,Case Closed,29-06-2021 09:00,
6308,12629,Case Closed,03-07-2021 19:00,
6309,12630,Case Closed,11-10-2021 22:00,
6310,12631,Case Closed,20-08-2021 01:00,
6311,12632,Case Closed,07-09-2021 19:00,
6312,12634,Case Closed,13-07-2021 19:00,
6313,12635,Case Closed,02-09-2021 20:00,
6314,12636,Case Closed,16-07-2021 08:00,
6315,12637,Case Closed,06-12-2021 01:00,
6316,12639,Case Closed,16-10-2021 17:00,
6317,12641,Case Closed,25-06-2021 08:00,
6318,12642,Case Closed,04-07-2021 04:00,
6319,12645,Case Closed,10-08-2021 04:00,
6320,12646,Case Closed,06-03-2022 10:00,
6321,12647,Case Closed,30-07-2021 10:00,
6322,12649,Case Closed,07-08-2022 11:00,
6323,12651,Case Closed,15-07-2021 07:00,
6324,12653,Case Closed,27-06-2021 20:00,
6325,12654,Case Closed,15-08-2021 15:00,
6326,12655,Case Closed,01-10-2021 03:00,
6327,12657,Case Closed,26-08-2021 03:00,
6328,12658,Case Closed,27-03-2022 17:00,
6329,12659,Case Closed,21-07-2021 07:00,
6330,12662,Case Closed,03-09-2021 01:00,
6331,12663,Case Closed,07-12-2021 05:00,
6332,12664,Case Closed,02-07-2021 07:00,
6333,12665,Case Closed,26-06-2021 14:00,
6334,12667,Case Closed,31-08-2021 06:00,
6335,12668,Case Closed,21-08-2021 21:00,
6336,12673,Case Closed,07-08-2022 23:00,
6337,12675,Case Closed,11-08-2021 02:00,
6338,12678,Case Closed,01-12-2021 23:00,
6339,12681,Case Closed,20-06-2021 16:00,
6340,12684,Case Closed,05-10-2021 12:00,
6341,12685,Case Closed,22-07-2021 22:00,
6342,12690,Case Closed,12-08-2021 04:00,
6343,12693,Case Closed,30-08-2021 13:00,
6344,12694,Case Closed,28-11-2021 20:00,
6345,12698,Case Closed,18-06-2021 19:00,
6346,12700,Case Closed,15-07-2021 17:00,
6347,12704,Case Closed,22-07-2021 06:00,
6348,12705,Case Closed,14-08-2021 11:00,
6349,12711,Case Closed,14-07-2022 02:00,
6350,12713,Case Closed,28-06-2021 04:00,
6351,12714,Case Closed,12-08-2021 14:00,
6352,12717,Case Closed,16-08-2021 21:00,
6353,12722,Case Closed,22-08-2021 20:00,
6354,12723,Case Closed,18-07-2021 10:00,
6355,12724,Case Closed,26-08-2022 00:00,
6356,12725,Case Closed,05-09-2021 07:00,
6357,12726,Case Closed,07-08-2021 20:00,
6358,12727,Case Closed,25-06-2021 08:00,
6359,12729,Case Closed,31-08-2021 12:00,
6360,12731,Case Closed,24-07-2021 22:00,
6361,12732,Case Closed,07-09-2021 02:00,
6362,12733,Case Closed,24-07-2021 11:00,
6363,12736,Case Closed,25-06-2021 04:00,
6364,12741,Case Closed,05-12-2021 01:00,
6365,12743,Case Closed,13-08-2021 10:00,
6366,12746,Case Closed,13-08-2021 08:00,
6367,12747,Case Closed,01-09-2021 04:00,
6368,12750,Case Closed,02-08-2021 04:00,
6369,12752,Case Closed,31-07-2021 15:00,
6370,12753,Case Closed,04-07-2021 23:00,
6371,12755,Case Closed,19-06-2021 14:00,
6372,12756,Case Closed,08-11-2021 11:00,
6373,12757,Case Closed,20-07-2021 13:00,
6374,12759,Case Closed,18-07-2021 17:00,
6375,12760,Case Closed,23-08-2021 00:00,
6376,12763,Case Closed,05-07-2021 06:00,
6377,12764,Case Closed,21-08-2021 07:00,
6378,12765,Case Closed,28-08-2022 13:00,
6379,12767,Case Closed,24-07-2021 19:00,
6380,12768,Case Closed,10-06-2023 20:00,
6381,12769,Case Closed,03-09-2021 06:00,
6382,12770,Case Closed,03-07-2021 13:00,
6383,12775,Case Closed,04-08-2021 02:00,
6384,12778,Case Closed,27-07-2021 05:00,
6385,12780,Case Closed,09-08-2021 10:00,
6386,12783,Case Closed,21-06-2021 00:00,
6387,12784,Case Closed,23-07-2021 05:00,
6388,12786,Case Closed,14-09-2021 18:00,
6389,12788,Case Closed,13-09-2021 12:00,
6390,12791,Case Closed,22-06-2021 18:00,
6391,12792,Case Closed,15-07-2021 20:00,
6392,12793,Case Closed,10-05-2023 09:00,
6393,12794,Case Closed,02-08-2021 17:00,
6394,12795,Case Closed,01-07-2021 04:00,
6395,12796,Case Closed,26-07-2021 14:00,
6396,12798,Case Closed,16-08-2021 07:00,
6397,12804,Case Closed,15-08-2021 03:00,
6398,12805,Case Closed,22-04-2023 00:00,
6399,12806,Case Closed,25-08-2021 03:00,
6400,12809,Case Closed,05-09-2021 19:00,
6401,12810,Case Closed,27-07-2021 23:00,
6402,12813,Case Closed,23-07-2021 04:00,
6403,12816,Case Closed,17-08-2021 20:00,
6404,12817,Case Closed,09-07-2021 13:00,
6405,12821,Case Closed,02-09-2021 23:00,
6406,12822,Case Closed,01-08-2021 10:00,
6407,12825,Case Closed,17-07-2021 14:00,
6408,12827,Case Closed,01-08-2021 15:00,
6409,12828,Case Closed,26-08-2021 02:00,
6410,12829,Case Closed,09-09-2021 17:00,
6411,12830,Case Closed,05-09-2021 01:00,
6412,12835,Case Closed,10-09-2021 19:00,
6413,12836,Case Closed,27-12-2022 13:00,
6414,12837,Case Closed,07-09-2021 21:00,
6415,12842,Case Closed,12-08-2021 19:00,
6416,12843,Case Closed,10-08-2021 09:00,
6417,12844,Case Closed,16-07-2021 08:00,
6418,12846,Case Closed,21-07-2021 05:00,
6419,12847,Case Closed,27-06-2021 13:00,
6420,12849,Case Closed,08-07-2021 17:00,
6421,12850,Case Closed,28-06-2021 08:00,
6422,12852,Case Closed,21-07-2021 01:00,
6423,12856,Case Closed,27-07-2021 22:00,
6424,12857,Case Closed,02-03-2022 01:00,
6425,12858,Case Closed,10-09-2021 12:00,
6426,12860,Case Closed,12-09-2021 04:00,
6427,12861,Case Closed,30-10-2021 05:00,
6428,12863,Case Closed,22-08-2021 10:00,
6429,12865,Case Closed,01-10-2021 07:00,
6430,12867,Case Closed,02-09-2021 00:00,
6431,12868,Case Closed,27-08-2021 07:00,
6432,12869,Case Closed,18-08-2021 12:00,
6433,12871,Case Closed,30-07-2021 06:00,
6434,12872,Case Closed,21-08-2021 03:00,
6435,12873,Case Closed,31-08-2021 11:00,
6436,12875,Case Closed,03-07-2021 17:00,
6437,12876,Case Closed,08-08-2021 15:00,
6438,12878,Case Closed,13-08-2021 23:00,
6439,12880,Case Closed,13-07-2021 10:00,
6440,12883,Case Closed,22-07-2021 06:00,
6441,12886,Case Closed,29-07-2021 04:00,
6442,12889,Case Closed,22-08-2021 07:00,
6443,12890,Case Closed,16-07-2021 22:00,
6444,12892,Case Closed,10-09-2021 18:00,
6445,12895,Case Closed,25-07-2021 16:00,
6446,12896,Case Closed,20-09-2022 23:00,
6447,12898,Case Closed,16-07-2021 02:00,
6448,12904,Case Closed,04-09-2021 13:00,
6449,12905,Case Closed,27-08-2021 10:00,
6450,12906,Case Closed,17-08-2021 13:00,
6451,12907,Case Closed,31-07-2021 21:00,
6452,12908,Case Closed,21-07-2021 08:00,
6453,12910,Case Closed,02-08-2021 04:00,
6454,12911,Case Closed,18-07-2021 05:00,
6455,12914,Case Closed,08-12-2021 09:00,
6456,12915,Case Closed,23-07-2021 13:00,
6457,12916,Case Closed,27-08-2021 05:00,
6458,12917,Case Closed,03-09-2021 18:00,
6459,12920,Case Closed,28-08-2021 19:00,
6460,12921,Case Closed,08-09-2021 12:00,
6461,12922,Case Closed,03-08-2021 05:00,
6462,12923,Case Closed,10-10-2021 15:00,
6463,12924,Case Closed,31-07-2021 05:00,
6464,12925,Case Closed,17-10-2021 07:00,
6465,12926,Case Closed,07-08-2021 15:00,
6466,12928,Case Closed,15-07-2021 01:00,
6467,12930,Case Closed,10-08-2021 23:00,
6468,12932,Case Closed,28-07-2021 21:00,
6469,12937,Case Closed,18-04-2022 11:00,
6470,12938,Case Closed,02-09-2021 00:00,
6471,12942,Case Closed,29-08-2021 01:00,
6472,12943,Case Closed,04-09-2021 22:00,
6473,12944,Case Closed,09-06-2023 14:00,
6474,12945,Case Closed,05-08-2021 19:00,
6475,12948,Case Closed,14-07-2021 02:00,
6476,12949,Case Closed,03-09-2021 14:00,
6477,12950,Case Closed,27-08-2021 07:00,
6478,12951,Case Closed,13-08-2021 00:00,
6479,12952,Case Closed,07-07-2021 02:00,
6480,12953,Case Closed,19-09-2021 12:00,
6481,12954,Case Closed,02-07-2021 04:00,
6482,12955,Case Closed,05-09-2021 16:00,
6483,12960,Case Closed,20-01-2023 14:00,
6484,12961,Case Closed,04-08-2021 10:00,
6485,12962,Case Closed,03-08-2021 17:00,
6486,12963,Case Closed,17-07-2021 00:00,
6487,12967,Case Closed,12-09-2021 13:00,
6488,12972,Case Closed,01-09-2021 17:00,
6489,12973,Case Closed,30-06-2021 15:00,
6490,12976,Case Closed,14-07-2021 21:00,
6491,12978,Case Closed,27-03-2022 22:00,
6492,12979,Case Closed,16-12-2021 16:00,
6493,12981,Case Closed,10-08-2021 09:00,
6494,12983,Case Closed,24-08-2021 10:00,
6495,12984,Case Closed,27-08-2021 14:00,
6496,12987,Case Closed,11-08-2021 17:00,
6497,12988,Case Closed,05-07-2021 04:00,
6498,12989,Case Closed,31-08-2021 05:00,
6499,12990,Case Closed,20-09-2021 11:00,
6500,12992,Case Closed,09-07-2021 12:00,
6501,12993,Case Closed,04-09-2021 12:00,
6502,12995,Case Closed,20-10-2022 00:00,
6503,12996,Case Closed,10-05-2022 09:00,
6504,12999,Case Closed,16-07-2021 09:00,
6505,13004,Case Closed,29-07-2021 15:00,
6506,13005,Case Closed,20-08-2021 08:00,
6507,13007,Case Closed,19-01-2023 18:00,
6508,13009,Case Closed,29-08-2021 06:00,
6509,13012,Case Closed,14-09-2021 23:00,
6510,13014,Case Closed,13-10-2021 13:00,
6511,13017,Case Closed,01-08-2021 09:00,
6512,13018,Case Closed,02-08-2021 17:00,
6513,13019,Case Closed,14-07-2021 21:00,
6514,13021,Case Closed,03-08-2021 07:00,
6515,13022,Case Closed,04-09-2021 15:00,
6516,13025,Case Closed,05-08-2021 23:00,
6517,13027,Case Closed,09-07-2021 07:00,
6518,13030,Case Closed,25-10-2021 08:00,
6519,13031,Case Closed,02-06-2022 22:00,
6520,13032,Case Closed,01-09-2021 12:00,
6521,13034,Case Closed,13-09-2021 23:00,
6522,13035,Case Closed,15-07-2021 21:00,
6523,13036,Case Closed,01-08-2021 14:00,
6524,13038,Case Closed,10-08-2021 22:00,
6525,13039,Case Closed,24-08-2021 18:00,
6526,13044,Case Closed,31-08-2021 06:00,
6527,13046,Case Closed,29-11-2021 17:00,
6528,13048,Case Closed,24-09-2021 09:00,
6529,13050,Case Closed,28-08-2022 03:00,
6530,13051,Case Closed,26-08-2021 16:00,
6531,13052,Case Closed,19-08-2021 03:00,
6532,13054,Case Closed,13-08-2021 05:00,
6533,13055,Case Closed,08-01-2022 12:00,
6534,13057,Case Closed,24-07-2021 09:00,
6535,13058,Case Closed,12-12-2021 16:00,
6536,13059,Case Closed,18-07-2021 07:00,
6537,13060,Case Closed,08-11-2021 07:00,
6538,13062,Case Closed,25-07-2021 02:00,
6539,13063,Case Closed,17-08-2021 07:00,
6540,13067,Case Closed,08-11-2022 04:00,
6541,13068,Case Closed,20-08-2021 02:00,
6542,13071,Case Closed,14-09-2021 22:00,
6543,13073,Case Closed,29-07-2021 14:00,
6544,13075,Case Closed,01-12-2021 03:00,
6545,13076,Case Closed,01-09-2021 06:00,
6546,13077,Case Closed,21-10-2022 13:00,
6547,13078,Case Closed,23-12-2022 13:00,
6548,13079,Case Closed,25-07-2022 06:00,
6549,13085,Case Closed,01-09-2021 15:00,
6550,13086,Case Closed,10-10-2021 17:00,
6551,13089,Case Closed,27-08-2021 19:00,
6552,13090,Case Closed,16-08-2021 23:00,
6553,13091,Case Closed,15-08-2021 21:00,
6554,13099,Case Closed,24-08-2021 18:00,
6555,13103,Case Closed,28-07-2021 07:00,
6556,13104,Case Closed,14-09-2021 01:00,
6557,13109,Case Closed,26-09-2021 10:00,
6558,13110,Case Closed,14-09-2021 23:00,
6559,13111,Case Closed,12-09-2021 07:00,
6560,13112,Case Closed,16-07-2021 22:00,
6561,13116,Case Closed,03-04-2022 13:00,
6562,13120,Case Closed,22-08-2021 06:00,
6563,13121,Case Closed,19-08-2021 20:00,
6564,13124,Case Closed,01-09-2021 12:00,
6565,13128,Case Closed,22-07-2021 13:00,
6566,13129,Case Closed,08-08-2021 03:00,
6567,13131,Case Closed,03-08-2021 08:00,
6568,13132,Case Closed,05-07-2021 23:00,
6569,13136,Case Closed,22-08-2021 02:00,
6570,13140,Case Closed,29-08-2021 04:00,
6571,13143,Case Closed,24-09-2021 15:00,
6572,13147,Case Closed,07-07-2021 23:00,
6573,13149,Case Closed,09-09-2021 07:00,
6574,13150,Case Closed,02-08-2021 22:00,
6575,13151,Case Closed,01-08-2021 08:00,
6576,13152,Case Closed,15-09-2021 10:00,
6577,13153,Case Closed,03-08-2021 07:00,
6578,13154,Case Closed,21-07-2021 11:00,
6579,13155,Case Closed,17-07-2021 21:00,
6580,13156,Case Closed,29-06-2022 03:00,
6581,13157,Case Closed,20-09-2021 17:00,
6582,13158,Case Closed,08-07-2021 19:00,
6583,13162,Case Closed,23-07-2021 17:00,
6584,13168,Case Closed,15-08-2021 12:00,
6585,13171,Case Closed,18-08-2021 13:00,
6586,13174,Case Closed,14-11-2021 00:00,
6587,13176,Case Closed,03-10-2021 17:00,
6588,13177,Case Closed,15-09-2021 14:00,
6589,13178,Case Closed,27-08-2021 05:00,
6590,13180,Case Closed,09-10-2021 09:00,
6591,13182,Case Closed,25-10-2021 11:00,
6592,13185,Case Closed,27-07-2021 16:00,
6593,13186,Case Closed,18-11-2021 07:00,
6594,13188,Case Closed,23-07-2021 02:00,
6595,13191,Case Closed,16-04-2023 05:00,
6596,13192,Case Closed,08-08-2021 08:00,
6597,13193,Case Closed,05-08-2021 17:00,
6598,13195,Case Closed,23-07-2021 18:00,
6599,13198,Case Closed,25-08-2021 12:00,
6600,13201,Case Closed,07-08-2021 12:00,
6601,13204,Case Closed,06-10-2021 19:00,
6602,13205,Case Closed,13-09-2021 05:00,
6603,13208,Case Closed,10-08-2021 16:00,
6604,13212,Case Closed,17-08-2021 09:00,
6605,13215,Case Closed,23-09-2021 21:00,
6606,13216,Case Closed,03-08-2021 06:00,
6607,13217,Case Closed,16-07-2021 14:00,
6608,13222,Case Closed,17-08-2021 00:00,
6609,13223,Case Closed,31-08-2021 21:00,
6610,13224,Case Closed,25-08-2021 04:00,
6611,13225,Case Closed,24-12-2021 18:00,
6612,13226,Case Closed,30-09-2021 04:00,
6613,13227,Case Closed,28-09-2021 06:00,
6614,13229,Case Closed,03-11-2021 04:00,
6615,13230,Case Closed,21-08-2021 17:00,
6616,13232,Case Closed,13-05-2023 10:00,
6617,13233,Case Closed,21-07-2021 16:00,
6618,13235,Case Closed,23-08-2021 06:00,
6619,13239,Case Closed,01-08-2021 20:00,
6620,13240,Case Closed,02-08-2021 12:00,
6621,13241,Case Closed,18-09-2021 22:00,
6622,13242,Case Closed,25-09-2021 03:00,
6623,13243,Case Closed,18-09-2021 12:00,
6624,13244,Case Closed,17-08-2021 01:00,
6625,13245,Case Closed,20-07-2021 07:00,
6626,13246,Case Closed,16-06-2023 20:00,
6627,13251,Case Closed,17-07-2021 09:00,
6628,13252,Case Closed,02-09-2021 17:00,
6629,13253,Case Closed,05-10-2021 03:00,
6630,13255,Case Closed,19-08-2021 08:00,
6631,13257,Case Closed,19-12-2021 00:00,
6632,13261,Case Closed,23-07-2021 22:00,
6633,13263,Case Closed,19-08-2021 22:00,
6634,13265,Case Closed,21-07-2021 01:00,
6635,13266,Case Closed,16-09-2021 00:00,
6636,13272,Case Closed,03-08-2021 16:00,
6637,13275,Case Closed,29-08-2021 05:00,
6638,13276,Case Closed,13-09-2021 21:00,
6639,13277,Case Closed,23-08-2021 01:00,
6640,13280,Case Closed,14-08-2021 11:00,
6641,13284,Case Closed,15-10-2021 19:00,
6642,13285,Case Closed,26-09-2021 06:00,
6643,13288,Case Closed,12-09-2021 07:00,
6644,13289,Case Closed,26-09-2021 05:00,
6645,13291,Case Closed,11-08-2021 02:00,
6646,13295,Case Closed,09-08-2021 01:00,
6647,13297,Case Closed,24-07-2021 07:00,
6648,13298,Case Closed,08-08-2021 02:00,
6649,13299,Case Closed,19-09-2021 04:00,
6650,13301,Case Closed,04-08-2021 00:00,
6651,13303,Case Closed,17-09-2021 14:00,
6652,13304,Case Closed,07-09-2021 20:00,
6653,13305,Case Closed,01-08-2022 09:00,
6654,13308,Case Closed,27-01-2023 18:00,
6655,13310,Case Closed,02-10-2021 05:00,
6656,13311,Case Closed,10-08-2021 23:00,
6657,13312,Case Closed,26-07-2021 16:00,
6658,13316,Case Closed,24-08-2021 05:00,
6659,13317,Case Closed,27-07-2021 09:00,
6660,13318,Case Closed,01-08-2021 07:00,
6661,13322,Case Closed,16-07-2021 09:00,
6662,13325,Case Closed,08-09-2021 22:00,
6663,13328,Case Closed,06-08-2021 01:00,
6664,13329,Case Closed,03-01-2023 15:00,
6665,13331,Case Closed,23-08-2021 14:00,
6666,13332,Case Closed,18-08-2021 03:00,
6667,13335,Case Closed,18-09-2021 20:00,
6668,13336,Case Closed,26-11-2021 01:00,
6669,13338,Case Closed,23-06-2022 07:00,
6670,13340,Case Closed,21-07-2021 00:00,
6671,13345,Case Closed,21-07-2021 04:00,
6672,13346,Case Closed,14-08-2021 20:00,
6673,13347,Case Closed,25-08-2021 21:00,
6674,13350,Case Closed,13-11-2021 02:00,
6675,13352,Case Closed,11-08-2021 20:00,
6676,13354,Case Closed,25-07-2021 14:00,
6677,13356,Case Closed,15-08-2021 03:00,
6678,13357,Case Closed,11-08-2021 20:00,
6679,13360,Case Closed,12-09-2021 00:00,
6680,13362,Case Closed,30-07-2021 05:00,
6681,13369,Case Closed,11-04-2022 21:00,
6682,13371,Case Closed,27-09-2021 21:00,
6683,13375,Case Closed,01-08-2021 20:00,
6684,13378,Case Closed,09-08-2021 13:00,
6685,13382,Case Closed,05-10-2021 00:00,
6686,13383,Case Closed,24-09-2021 00:00,
6687,13385,Case Closed,30-07-2021 15:00,
6688,13386,Case Closed,21-08-2021 22:00,
6689,13387,Case Closed,21-07-2021 02:00,
6690,13393,Case Closed,08-08-2021 12:00,
6691,13395,Case Closed,30-07-2021 05:00,
6692,13396,Case Closed,08-10-2021 02:00,
6693,13397,Case Closed,04-08-2021 03:00,
6694,13398,Case Closed,30-07-2021 11:00,
6695,13400,Case Closed,01-03-2023 08:00,
6696,13402,Case Closed,09-09-2021 02:00,
6697,13403,Case Closed,26-08-2021 05:00,
6698,13404,Case Closed,17-08-2021 18:00,
6699,13405,Case Closed,18-09-2021 23:00,
6700,13406,Case Closed,26-09-2021 22:00,
6701,13409,Case Closed,25-09-2021 19:00,
6702,13411,Case Closed,21-08-2021 15:00,
6703,13412,Case Closed,23-08-2021 21:00,
6704,13414,Case Closed,21-08-2021 23:00,
6705,13416,Case Closed,08-09-2021 06:00,
6706,13418,Case Closed,11-10-2021 14:00,
6707,13420,Case Closed,09-08-2021 19:00,
6708,13421,Case Closed,30-08-2021 22:00,
6709,13422,Case Closed,26-09-2021 12:00,
6710,13423,Case Closed,03-04-2022 14:00,
6711,13429,Case Closed,18-09-2021 13:00,
6712,13430,Case Closed,25-08-2021 03:00,
6713,13433,Case Closed,31-08-2021 16:00,
6714,13437,Case Closed,22-09-2021 19:00,
6715,13439,Case Closed,03-10-2021 15:00,
6716,13445,Case Closed,04-08-2022 20:00,
6717,13447,Case Closed,06-08-2021 04:00,
6718,13449,Case Closed,07-08-2021 00:00,
6719,13451,Case Closed,06-08-2021 23:00,
6720,13452,Case Closed,19-09-2021 00:00,
6721,13456,Case Closed,16-08-2022 11:00,
6722,13458,Case Closed,10-08-2021 02:00,
6723,13460,Case Closed,22-12-2022 08:00,
6724,13461,Case Closed,27-07-2021 19:00,
6725,13462,Case Closed,18-09-2021 04:00,
6726,13463,Case Closed,02-09-2021 17:00,
6727,13465,Case Closed,14-10-2021 16:00,
6728,13466,Case Closed,09-10-2021 08:00,
6729,13467,Case Closed,28-07-2021 06:00,
6730,13469,Case Closed,28-11-2021 07:00,
6731,13470,Case Closed,27-09-2021 12:00,
6732,13471,Case Closed,23-09-2021 04:00,
6733,13472,Case Closed,04-10-2021 07:00,
6734,13475,Case Closed,15-11-2021 19:00,
6735,13477,Case Closed,12-12-2021 14:00,
6736,13478,Case Closed,06-10-2021 16:00,
6737,13479,Case Closed,21-08-2021 23:00,
6738,13481,Case Closed,10-08-2021 09:00,
6739,13487,Case Closed,10-09-2021 08:00,
6740,13488,Case Closed,29-09-2021 18:00,
6741,13489,Case Closed,08-09-2021 17:00,
6742,13492,Case Closed,28-07-2021 09:00,
6743,13496,Case Closed,13-09-2021 17:00,
6744,13497,Case Closed,08-09-2021 06:00,
6745,13498,Case Closed,29-06-2023 23:00,
6746,13501,Case Closed,30-08-2021 14:00,
6747,13506,Case Closed,07-07-2022 23:00,
6748,13508,Case Closed,12-09-2021 01:00,
6749,13509,Case Closed,13-01-2022 15:00,
6750,13513,Case Closed,21-09-2021 23:00,
6751,13514,Case Closed,31-08-2021 08:00,
6752,13516,Case Closed,12-08-2021 03:00,
6753,13517,Case Closed,25-09-2021 13:00,
6754,13519,Case Closed,10-12-2022 13:00,
6755,13521,Case Closed,28-09-2021 05:00,
6756,13522,Case Closed,03-10-2021 06:00,
6757,13524,Case Closed,03-09-2021 22:00,
6758,13525,Case Closed,24-08-2021 22:00,
6759,13526,Case Closed,08-08-2021 07:00,
6760,13527,Case Closed,21-07-2021 22:00,
6761,13528,Case Closed,30-08-2021 16:00,
6762,13529,Case Closed,31-07-2021 12:00,
6763,13532,Case Closed,28-08-2021 08:00,
6764,13535,Case Closed,30-09-2021 09:00,
6765,13536,Case Closed,02-10-2021 11:00,
6766,13537,Case Closed,08-08-2021 04:00,
6767,13539,Case Closed,19-08-2021 12:00,
6768,13541,Case Closed,20-02-2022 07:00,
6769,13542,Case Closed,04-08-2021 02:00,
6770,13550,Case Closed,23-08-2021 04:00,
6771,13551,Case Closed,28-07-2021 16:00,
6772,13555,Case Closed,09-09-2021 21:00,
6773,13556,Case Closed,26-03-2023 01:00,
6774,13559,Case Closed,31-07-2021 14:00,
6775,13560,Case Closed,13-09-2021 00:00,
6776,13561,Case Closed,29-09-2021 21:00,
6777,13565,Case Closed,10-10-2021 21:00,
6778,13568,Case Closed,01-08-2021 13:00,
6779,13572,Case Closed,20-09-2021 01:00,
6780,13575,Case Closed,23-08-2021 19:00,
6781,13576,Case Closed,11-09-2021 06:00,
6782,13578,Case Closed,24-08-2021 23:00,
6783,13582,Case Closed,04-10-2022 12:00,
6784,13583,Case Closed,22-09-2021 06:00,
6785,13584,Case Closed,02-08-2021 23:00,
6786,13586,Case Closed,21-08-2021 12:00,
6787,13590,Case Closed,31-12-2021 08:00,
6788,13591,Case Closed,08-09-2021 07:00,
6789,13592,Case Closed,15-10-2021 13:00,
6790,13593,Case Closed,21-08-2021 14:00,
6791,13594,Case Closed,08-09-2021 02:00,
6792,13595,Case Closed,12-09-2021 04:00,
6793,13597,Case Closed,13-10-2021 10:00,
6794,13599,Case Closed,19-09-2021 22:00,
6795,13601,Case Closed,04-08-2021 00:00,
6796,13603,Case Closed,12-08-2021 13:00,
6797,13604,Case Closed,05-10-2021 13:00,
6798,13606,Case Closed,03-09-2021 04:00,
6799,13608,Case Closed,30-09-2021 12:00,
6800,13609,Case Closed,10-10-2021 15:00,
6801,13611,Case Closed,30-12-2022 00:00,
6802,13612,Case Closed,04-09-2021 20:00,
6803,13614,Case Closed,23-08-2021 04:00,
6804,13615,Case Closed,18-08-2021 00:00,
6805,13617,Case Closed,25-08-2021 14:00,
6806,13618,Case Closed,04-03-2022 12:00,
6807,13620,Case Closed,28-08-2021 13:00,
6808,13621,Case Closed,30-12-2021 17:00,
6809,13624,Case Closed,22-07-2021 17:00,
6810,13626,Case Closed,15-06-2022 05:00,
6811,13628,Case Closed,23-08-2021 11:00,
6812,13629,Case Closed,08-08-2021 10:00,
6813,13630,Case Closed,09-10-2021 14:00,
6814,13633,Case Closed,22-09-2021 03:00,
6815,13634,Case Closed,06-08-2021 11:00,
6816,13635,Case Closed,30-08-2021 11:00,
6817,13637,Case Closed,11-09-2021 21:00,
6818,13638,Case Closed,10-08-2021 20:00,
6819,13640,Case Closed,26-08-2021 10:00,
6820,13641,Case Closed,28-09-2021 01:00,
6821,13645,Case Closed,27-08-2021 05:00,
6822,13646,Case Closed,14-08-2021 02:00,
6823,13647,Case Closed,06-08-2021 14:00,
6824,13649,Case Closed,02-09-2021 02:00,
6825,13652,Case Closed,28-09-2021 07:00,
6826,13653,Case Closed,13-09-2021 00:00,
6827,13654,Case Closed,13-04-2023 20:00,
6828,13655,Case Closed,06-12-2022 08:00,
6829,13657,Case Closed,19-09-2021 02:00,
6830,13661,Case Closed,18-08-2021 05:00,
6831,13662,Case Closed,07-10-2021 01:00,
6832,13663,Case Closed,16-08-2021 23:00,
6833,13664,Case Closed,24-09-2021 19:00,
6834,13665,Case Closed,19-09-2021 12:00,
6835,13668,Case Closed,07-10-2021 07:00,
6836,13671,Case Closed,14-09-2021 15:00,
6837,13672,Case Closed,21-09-2021 23:00,
6838,13674,Case Closed,11-10-2021 11:00,
6839,13675,Case Closed,28-09-2021 13:00,
6840,13676,Case Closed,02-10-2021 15:00,
6841,13680,Case Closed,12-09-2021 13:00,
6842,13682,Case Closed,18-09-2021 10:00,
6843,13684,Case Closed,09-11-2022 03:00,
6844,13691,Case Closed,12-08-2021 03:00,
6845,13693,Case Closed,03-09-2021 00:00,
6846,13694,Case Closed,17-08-2021 09:00,
6847,13696,Case Closed,15-09-2021 17:00,
6848,13701,Case Closed,04-08-2021 02:00,
6849,13702,Case Closed,02-09-2021 08:00,
6850,13703,Case Closed,28-08-2021 04:00,
6851,13709,Case Closed,19-10-2021 10:00,
6852,13711,Case Closed,09-09-2021 02:00,
6853,13714,Case Closed,20-09-2021 08:00,
6854,13715,Case Closed,01-11-2021 11:00,
6855,13716,Case Closed,26-08-2021 12:00,
6856,13719,Case Closed,31-08-2021 02:00,
6857,13721,Case Closed,24-09-2021 23:00,
6858,13724,Case Closed,08-08-2021 15:00,
6859,13726,Case Closed,21-10-2021 02:00,
6860,13727,Case Closed,12-09-2021 07:00,
6861,13730,Case Closed,25-02-2023 11:00,
6862,13732,Case Closed,20-10-2021 21:00,
6863,13733,Case Closed,17-09-2021 10:00,
6864,13735,Case Closed,22-10-2021 22:00,
6865,13736,Case Closed,26-09-2021 14:00,
6866,13737,Case Closed,25-09-2021 22:00,
6867,13738,Case Closed,01-09-2021 14:00,
6868,13739,Case Closed,28-08-2021 07:00,
6869,13740,Case Closed,14-09-2021 02:00,
6870,13741,Case Closed,16-09-2021 18:00,
6871,13745,Case Closed,29-09-2021 06:00,
6872,13746,Case Closed,23-08-2021 12:00,
6873,13747,Case Closed,01-09-2021 06:00,
6874,13749,Case Closed,22-01-2022 04:00,
6875,13751,Case Closed,24-10-2021 06:00,
6876,13754,Case Closed,16-08-2022 00:00,
6877,13755,Case Closed,25-08-2021 03:00,
6878,13756,Case Closed,11-12-2022 01:00,
6879,13758,Case Closed,23-10-2021 08:00,
6880,13761,Case Closed,24-08-2021 09:00,
6881,13764,Case Closed,09-06-2022 07:00,
6882,13766,Case Closed,22-10-2021 15:00,
6883,13767,Case Closed,03-09-2021 09:00,
6884,13768,Case Closed,08-09-2021 09:00,
6885,13770,Case Closed,25-08-2021 17:00,
6886,13772,Case Closed,15-10-2021 02:00,
6887,13774,Case Closed,01-09-2021 11:00,
6888,13775,Case Closed,15-09-2021 00:00,
6889,13777,Case Closed,11-10-2021 11:00,
6890,13779,Case Closed,30-08-2021 03:00,
6891,13782,Case Closed,24-08-2021 16:00,
6892,13784,Case Closed,05-09-2021 09:00,
6893,13786,Case Closed,07-10-2021 19:00,
6894,13790,Case Closed,20-09-2021 13:00,
6895,13791,Case Closed,18-10-2021 09:00,
6896,13792,Case Closed,26-08-2021 00:00,
6897,13793,Case Closed,30-09-2021 18:00,
6898,13795,Case Closed,28-10-2021 00:00,
6899,13796,Case Closed,21-08-2021 09:00,
6900,13798,Case Closed,12-08-2021 20:00,
6901,13800,Case Closed,25-10-2021 07:00,
6902,13801,Case Closed,08-10-2021 05:00,
6903,13802,Case Closed,18-08-2021 09:00,
6904,13803,Case Closed,16-08-2021 21:00,
6905,13804,Case Closed,10-08-2021 06:00,
6906,13807,Case Closed,13-10-2021 12:00,
6907,13812,Case Closed,22-09-2021 18:00,
6908,13813,Case Closed,06-10-2021 10:00,
6909,13816,Case Closed,24-08-2021 15:00,
6910,13820,Case Closed,11-12-2021 12:00,
6911,13824,Case Closed,17-08-2021 13:00,
6912,13825,Case Closed,09-08-2021 12:00,
6913,13826,Case Closed,04-10-2021 07:00,
6914,13828,Case Closed,16-08-2021 12:00,
6915,13829,Case Closed,19-10-2021 04:00,
6916,13830,Case Closed,11-01-2022 16:00,
6917,13831,Case Closed,23-10-2021 07:00,
6918,13832,Case Closed,09-10-2021 23:00,
6919,13833,Case Closed,11-10-2021 18:00,
6920,13835,Case Closed,16-09-2021 09:00,
6921,13837,Case Closed,21-08-2021 08:00,
6922,13838,Case Closed,02-09-2021 21:00,
6923,13839,Case Closed,28-08-2021 12:00,
6924,13840,Case Closed,20-01-2022 11:00,
6925,13841,Case Closed,11-09-2021 17:00,
6926,13842,Case Closed,02-09-2021 21:00,
6927,13844,Case Closed,28-08-2021 21:00,
6928,13845,Case Closed,20-09-2021 16:00,
6929,13847,Case Closed,03-10-2021 20:00,
6930,13849,Case Closed,13-09-2021 16:00,
6931,13851,Case Closed,29-08-2021 05:00,
6932,13857,Case Closed,18-10-2022 07:00,
6933,13858,Case Closed,19-09-2021 02:00,
6934,13860,Case Closed,16-09-2021 01:00,
6935,13862,Case Closed,26-12-2021 17:00,
6936,13867,Case Closed,28-08-2021 06:00,
6937,13869,Case Closed,03-10-2021 08:00,
6938,13874,Case Closed,08-10-2021 06:00,
6939,13877,Case Closed,26-09-2021 14:00,
6940,13882,Case Closed,23-08-2021 14:00,
6941,13887,Case Closed,27-08-2021 11:00,
6942,13888,Case Closed,05-10-2021 02:00,
6943,13889,Case Closed,09-09-2021 01:00,
6944,13891,Case Closed,02-10-2021 23:00,
6945,13895,Case Closed,09-09-2021 19:00,
6946,13897,Case Closed,12-05-2023 22:00,
6947,13898,Case Closed,13-12-2021 02:00,
6948,13899,Case Closed,22-07-2023 04:00,
6949,13905,Case Closed,15-09-2021 16:00,
6950,13907,Case Closed,08-10-2021 17:00,
6951,13908,Case Closed,04-10-2021 17:00,
6952,13911,Case Closed,15-12-2021 01:00,
6953,13913,Case Closed,12-10-2021 03:00,
6954,13915,Case Closed,27-08-2021 01:00,
6955,13920,Case Closed,22-09-2021 12:00,
6956,13921,Case Closed,09-10-2021 22:00,
6957,13923,Case Closed,11-08-2021 10:00,
6958,13925,Case Closed,25-10-2021 20:00,
6959,13926,Case Closed,20-09-2021 13:00,
6960,13927,Case Closed,23-12-2022 02:00,
6961,13928,Case Closed,19-08-2021 19:00,
6962,13930,Case Closed,16-10-2021 14:00,
6963,13931,Case Closed,07-10-2021 15:00,
6964,13932,Case Closed,10-08-2021 08:00,
6965,13933,Case Closed,21-09-2021 14:00,
6966,13936,Case Closed,12-08-2021 19:00,
6967,13940,Case Closed,30-08-2021 06:00,
6968,13941,Case Closed,05-10-2021 13:00,
6969,13950,Case Closed,15-03-2022 01:00,
6970,13951,Case Closed,20-09-2021 21:00,
6971,13953,Case Closed,18-09-2021 18:00,
6972,13954,Case Closed,20-10-2021 07:00,
6973,13956,Case Closed,21-10-2021 03:00,
6974,13960,Case Closed,15-08-2021 02:00,
6975,13961,Case Closed,20-08-2021 14:00,
6976,13962,Case Closed,16-08-2021 16:00,
6977,13965,Case Closed,20-09-2022 17:00,
6978,13966,Case Closed,30-01-2022 08:00,
6979,13967,Case Closed,15-08-2021 07:00,
6980,13969,Case Closed,21-10-2021 12:00,
6981,13970,Case Closed,10-09-2021 02:00,
6982,13972,Case Closed,24-01-2022 02:00,
6983,13978,Case Closed,12-10-2021 12:00,
6984,13982,Case Closed,22-10-2021 01:00,
6985,13983,Case Closed,23-08-2021 10:00,
6986,13987,Case Closed,28-08-2021 19:00,
6987,13989,Case Closed,18-10-2021 17:00,
6988,13990,Case Closed,01-11-2021 14:00,
6989,13991,Case Closed,19-08-2021 02:00,
6990,13992,Case Closed,22-02-2022 18:00,
6991,13993,Case Closed,16-11-2021 22:00,
6992,13994,Case Closed,17-09-2021 14:00,
6993,13996,Case Closed,09-06-2023 15:00,
6994,13999,Case Closed,15-08-2021 02:00,
6995,14001,Case Closed,17-10-2021 22:00,
6996,14003,Case Closed,16-09-2022 20:00,
6997,14004,Case Closed,02-12-2021 14:00,
6998,14007,Case Closed,17-10-2021 04:00,
6999,14008,Case Closed,28-10-2021 22:00,
7000,14009,Case Closed,10-10-2021 17:00,
7001,14010,Case Closed,28-08-2021 02:00,
7002,14011,Case Closed,06-10-2021 03:00,
7003,14012,Case Closed,04-11-2021 10:00,
7004,14013,Case Closed,24-09-2021 22:00,
7005,14018,Case Closed,22-10-2021 12:00,
7006,14021,Case Closed,16-10-2021 16:00,
7007,14023,Case Closed,31-10-2021 23:00,
7008,14025,Case Closed,12-09-2021 12:00,
7009,14026,Case Closed,02-11-2021 09:00,
7010,14027,Case Closed,07-09-2021 22:00,
7011,14030,Case Closed,01-11-2021 08:00,
7012,14032,Case Closed,24-10-2021 23:00,
7013,14033,Case Closed,08-10-2021 17:00,
7014,14034,Case Closed,12-09-2021 13:00,
7015,14035,Case Closed,08-10-2021 02:00,
7016,14037,Case Closed,13-09-2021 12:00,
7017,14038,Case Closed,12-08-2021 20:00,
7018,14039,Case Closed,13-10-2021 16:00,
7019,14042,Case Closed,27-09-2021 13:00,
7020,14045,Case Closed,17-12-2022 10:00,
7021,14046,Case Closed,15-11-2021 03:00,
7022,14048,Case Closed,31-10-2021 17:00,
7023,14049,Case Closed,28-10-2021 04:00,
7024,14054,Case Closed,16-04-2022 03:00,
7025,14057,Case Closed,29-10-2021 16:00,
7026,14061,Case Closed,31-10-2021 00:00,
7027,14062,Case Closed,17-08-2021 04:00,
7028,14065,Case Closed,08-09-2021 07:00,
7029,14066,Case Closed,31-10-2021 21:00,
7030,14067,Case Closed,21-08-2021 07:00,
7031,14068,Case Closed,07-09-2021 09:00,
7032,14069,Case Closed,03-11-2021 00:00,
7033,14070,Case Closed,04-10-2021 03:00,
7034,14075,Case Closed,22-01-2023 19:00,
7035,14077,Case Closed,27-10-2021 04:00,
7036,14079,Case Closed,12-07-2023 03:00,
7037,14083,Case Closed,04-10-2021 11:00,
7038,14084,Case Closed,27-08-2021 13:00,
7039,14086,Case Closed,31-10-2021 15:00,
7040,14087,Case Closed,05-09-2021 22:00,
7041,14089,Case Closed,09-09-2021 23:00,
7042,14091,Case Closed,07-09-2021 06:00,
7043,14094,Case Closed,15-09-2021 02:00,
7044,14097,Case Closed,23-08-2021 06:00,
7045,14098,Case Closed,22-10-2022 04:00,
7046,14099,Case Closed,17-10-2021 02:00,
7047,14100,Case Closed,18-09-2021 11:00,
7048,14104,Case Closed,06-10-2021 02:00,
7049,14105,Case Closed,31-10-2021 02:00,
7050,14107,Case Closed,06-10-2021 13:00,
7051,14109,Case Closed,13-10-2021 00:00,
7052,14110,Case Closed,09-12-2022 01:00,
7053,14111,Case Closed,29-10-2021 05:00,
7054,14117,Case Closed,24-10-2021 04:00,
7055,14118,Case Closed,08-09-2021 07:00,
7056,14119,Case Closed,09-10-2021 07:00,
7057,14121,Case Closed,02-12-2021 18:00,
7058,14123,Case Closed,31-08-2021 03:00,
7059,14126,Case Closed,08-11-2021 10:00,
7060,14131,Case Closed,24-09-2021 02:00,
7061,14134,Case Closed,03-09-2021 23:00,
7062,14135,Case Closed,28-09-2021 13:00,
7063,14137,Case Closed,26-10-2021 11:00,
7064,14138,Case Closed,04-09-2021 02:00,
7065,14139,Case Closed,08-10-2021 01:00,
7066,14141,Case Closed,03-09-2021 16:00,
7067,14144,Case Closed,07-11-2021 07:00,
7068,14147,Case Closed,15-10-2021 03:00,
7069,14150,Case Closed,20-10-2021 14:00,
7070,14151,Case Closed,18-08-2021 13:00,
7071,14155,Case Closed,26-08-2021 10:00,
7072,14158,Case Closed,04-11-2021 11:00,
7073,14160,Case Closed,30-09-2021 00:00,
7074,14162,Case Closed,04-09-2021 08:00,
7075,14164,Case Closed,28-10-2021 15:00,
7076,14167,Case Closed,27-09-2021 14:00,
7077,14169,Case Closed,29-08-2021 13:00,
7078,14170,Case Closed,20-09-2021 19:00,
7079,14171,Case Closed,30-09-2021 13:00,
7080,14172,Case Closed,07-11-2021 03:00,
7081,14173,Case Closed,16-08-2021 21:00,
7082,14176,Case Closed,15-10-2021 00:00,
7083,14177,Case Closed,17-09-2021 17:00,
7084,14178,Case Closed,01-11-2021 17:00,
7085,14181,Case Closed,02-09-2021 12:00,
7086,14182,Case Closed,28-10-2021 19:00,
7087,14183,Case Closed,14-10-2021 03:00,
7088,14188,Case Closed,24-10-2021 00:00,
7089,14189,Case Closed,09-11-2021 13:00,
7090,14191,Case Closed,20-08-2021 18:00,
7091,14192,Case Closed,24-09-2021 03:00,
7092,14196,Case Closed,22-08-2021 07:00,
7093,14197,Case Closed,04-09-2021 02:00,
7094,14198,Case Closed,02-11-2021 09:00,
7095,14199,Case Closed,25-10-2021 18:00,
7096,14200,Case Closed,01-09-2021 04:00,
7097,14201,Case Closed,05-11-2021 15:00,
7098,14203,Case Closed,15-01-2022 20:00,
7099,14205,Case Closed,12-10-2021 08:00,
7100,14208,Case Closed,21-08-2021 22:00,
7101,14209,Case Closed,02-11-2021 15:00,
7102,14211,Case Closed,23-09-2021 18:00,
7103,14212,Case Closed,21-10-2021 08:00,
7104,14213,Case Closed,05-09-2021 14:00,
7105,14215,Case Closed,02-11-2021 17:00,
7106,14217,Case Closed,18-08-2021 12:00,
7107,14218,Case Closed,26-10-2021 16:00,
7108,14219,Case Closed,30-10-2021 18:00,
7109,14223,Case Closed,12-10-2021 15:00,
7110,14224,Case Closed,05-09-2021 19:00,
7111,14225,Case Closed,06-11-2021 23:00,
7112,14229,Case Closed,01-11-2021 13:00,
7113,14233,Case Closed,27-09-2021 09:00,
7114,14236,Case Closed,24-09-2021 01:00,
7115,14238,Case Closed,04-09-2021 13:00,
7116,14240,Case Closed,23-10-2021 11:00,
7117,14244,Case Closed,23-09-2021 04:00,
7118,14245,Case Closed,15-10-2021 16:00,
7119,14246,Case Closed,08-10-2021 23:00,
7120,14248,Case Closed,25-09-2021 18:00,
7121,14250,Case Closed,08-11-2021 15:00,
7122,14252,Case Closed,28-09-2021 10:00,
7123,14253,Case Closed,09-09-2022 09:00,
7124,14254,Case Closed,13-09-2021 04:00,
7125,14256,Case Closed,21-10-2021 07:00,
7126,14257,Case Closed,20-09-2021 17:00,
7127,14258,Case Closed,19-11-2021 00:00,
7128,14260,Case Closed,09-10-2021 09:00,
7129,14261,Case Closed,15-10-2021 17:00,
7130,14262,Case Closed,02-11-2021 13:00,
7131,14264,Case Closed,12-11-2021 09:00,
7132,14265,Case Closed,20-09-2021 23:00,
7133,14266,Case Closed,03-09-2021 21:00,
7134,14267,Case Closed,29-08-2021 13:00,
7135,14268,Case Closed,29-08-2021 14:00,
7136,14270,Case Closed,22-09-2021 19:00,
7137,14271,Case Closed,06-10-2021 17:00,
7138,14272,Case Closed,08-09-2021 13:00,
7139,14275,Case Closed,06-09-2021 05:00,
7140,14276,Case Closed,07-10-2021 23:00,
7141,14280,Case Closed,04-10-2021 06:00,
7142,14284,Case Closed,19-10-2021 07:00,
7143,14285,Case Closed,30-09-2021 00:00,
7144,14287,Case Closed,19-10-2021 20:00,
7145,14290,Case Closed,28-08-2021 01:00,
7146,14291,Case Closed,21-09-2021 06:00,
7147,14293,Case Closed,04-02-2022 08:00,
7148,14295,Case Closed,13-10-2021 00:00,
7149,14296,Case Closed,04-09-2021 07:00,
7150,14297,Case Closed,01-11-2021 00:00,
7151,14298,Case Closed,12-05-2022 07:00,
7152,14299,Case Closed,21-07-2023 02:00,
7153,14303,Case Closed,26-09-2021 06:00,
7154,14304,Case Closed,11-10-2021 05:00,
7155,14305,Case Closed,11-11-2021 15:00,
7156,14308,Case Closed,09-09-2021 20:00,
7157,14311,Case Closed,03-09-2021 17:00,
7158,14315,Case Closed,24-09-2021 21:00,
7159,14319,Case Closed,10-09-2021 00:00,
7160,14320,Case Closed,18-10-2021 19:00,
7161,14321,Case Closed,31-10-2021 19:00,
7162,14322,Case Closed,19-10-2021 23:00,
7163,14323,Case Closed,21-09-2021 22:00,
7164,14324,Case Closed,29-09-2021 17:00,
7165,14325,Case Closed,05-09-2021 15:00,
7166,14327,Case Closed,17-09-2021 05:00,
7167,14331,Case Closed,24-09-2021 20:00,
7168,14333,Case Closed,04-11-2021 21:00,
7169,14337,Case Closed,17-01-2022 23:00,
7170,14338,Case Closed,22-09-2021 06:00,
7171,14343,Case Closed,26-08-2021 19:00,
7172,14344,Case Closed,05-11-2021 03:00,
7173,14347,Case Closed,07-11-2021 15:00,
7174,14348,Case Closed,08-09-2021 00:00,
7175,14350,Case Closed,11-09-2021 10:00,
7176,14351,Case Closed,20-01-2022 16:00,
7177,14352,Case Closed,13-10-2021 04:00,
7178,14355,Case Closed,18-10-2021 16:00,
7179,14356,Case Closed,09-05-2023 05:00,
7180,14358,Case Closed,18-09-2021 21:00,
7181,14364,Case Closed,01-09-2021 05:00,
7182,14366,Case Closed,28-09-2021 23:00,
7183,14368,Case Closed,17-10-2021 02:00,
7184,14369,Case Closed,13-10-2022 17:00,
7185,14370,Case Closed,30-09-2021 02:00,
7186,14374,Case Closed,18-11-2021 21:00,
7187,14375,Case Closed,03-03-2023 00:00,
7188,14377,Case Closed,05-11-2021 06:00,
7189,14380,Case Closed,21-09-2021 18:00,
7190,14381,Case Closed,10-06-2022 23:00,
7191,14386,Case Closed,24-10-2021 07:00,
7192,14390,Case Closed,03-11-2021 11:00,
7193,14393,Case Closed,14-11-2021 07:00,
7194,14399,Case Closed,22-05-2022 05:00,
7195,14400,Case Closed,08-09-2021 10:00,
7196,14403,Case Closed,06-11-2021 17:00,
7197,14406,Case Closed,13-05-2022 20:00,
7198,14407,Case Closed,17-11-2021 20:00,
7199,14408,Case Closed,29-09-2021 17:00,
7200,14411,Case Closed,11-10-2021 03:00,
7201,14412,Case Closed,25-09-2021 08:00,
7202,14413,Case Closed,20-10-2021 20:00,
7203,14414,Case Closed,30-03-2023 23:00,
7204,14418,Case Closed,12-11-2021 04:00,
7205,14419,Case Closed,11-09-2021 10:00,
7206,14423,Case Closed,19-11-2021 17:00,
7207,14425,Case Closed,11-11-2021 21:00,
7208,14426,Case Closed,27-09-2021 14:00,
7209,14430,Case Closed,28-09-2021 17:00,
7210,14432,Case Closed,29-01-2022 05:00,
7211,14434,Case Closed,18-09-2021 01:00,
7212,14435,Case Closed,14-09-2021 05:00,
7213,14438,Case Closed,31-08-2021 21:00,
7214,14440,Case Closed,27-09-2021 21:00,
7215,14442,Case Closed,12-10-2021 13:00,
7216,14444,Case Closed,15-11-2021 06:00,
7217,14448,Case Closed,05-09-2021 01:00,
7218,14449,Case Closed,14-11-2021 13:00,
7219,14450,Case Closed,14-10-2021 10:00,
7220,14451,Case Closed,21-09-2021 12:00,
7221,14455,Case Closed,13-11-2022 19:00,
7222,14456,Case Closed,31-08-2021 00:00,
7223,14462,Case Closed,30-10-2021 01:00,
7224,14463,Case Closed,15-09-2021 22:00,
7225,14464,Case Closed,15-03-2022 00:00,
7226,14466,Case Closed,14-11-2021 12:00,
7227,14468,Case Closed,28-10-2021 02:00,
7228,14472,Case Closed,18-09-2021 22:00,
7229,14473,Case Closed,21-10-2021 09:00,
7230,14477,Case Closed,23-09-2021 12:00,
7231,14478,Case Closed,21-09-2021 15:00,
7232,14481,Case Closed,07-11-2021 09:00,
7233,14482,Case Closed,18-11-2021 04:00,
7234,14484,Case Closed,19-09-2021 16:00,
7235,14486,Case Closed,20-09-2021 11:00,
7236,14488,Case Closed,05-10-2021 02:00,
7237,14490,Case Closed,11-10-2021 05:00,
7238,14492,Case Closed,07-10-2021 12:00,
7239,14493,Case Closed,18-10-2021 16:00,
7240,14494,Case Closed,16-11-2021 03:00,
7241,14495,Case Closed,13-09-2021 21:00,
7242,14496,Case Closed,22-09-2021 00:00,
7243,14498,Case Closed,02-11-2021 17:00,
7244,14499,Case Closed,12-10-2021 17:00,
7245,14500,Case Closed,25-11-2021 22:00,
7246,14502,Case Closed,20-09-2021 22:00,
7247,14503,Case Closed,21-09-2021 12:00,
7248,14504,Case Closed,03-11-2021 19:00,
7249,14505,Case Closed,11-10-2021 14:00,
7250,14506,Case Closed,06-11-2021 05:00,
7251,14507,Case Closed,17-09-2021 22:00,
7252,14514,Case Closed,10-09-2021 22:00,
7253,14516,Case Closed,16-09-2021 16:00,
7254,14517,Case Closed,30-01-2023 07:00,
7255,14518,Case Closed,16-11-2021 10:00,
7256,14519,Case Closed,31-08-2021 19:00,
7257,14521,Case Closed,07-11-2021 17:00,
7258,14522,Case Closed,08-10-2021 19:00,
7259,14523,Case Closed,07-10-2021 04:00,
7260,14524,Case Closed,08-09-2021 23:00,
7261,14525,Case Closed,24-11-2021 05:00,
7262,14526,Case Closed,10-10-2021 16:00,
7263,14528,Case Closed,12-05-2023 13:00,
7264,14531,Case Closed,30-11-2021 00:00,
7265,14532,Case Closed,27-07-2022 03:00,
7266,14534,Case Closed,02-01-2022 01:00,
7267,14535,Case Closed,03-08-2023 16:00,
7268,14538,Case Closed,21-09-2021 08:00,
7269,14539,Case Closed,11-11-2021 15:00,
7270,14541,Case Closed,19-09-2021 04:00,
7271,14543,Case Closed,03-11-2021 19:00,
7272,14545,Case Closed,24-09-2021 14:00,
7273,14546,Case Closed,18-10-2021 02:00,
7274,14548,Case Closed,16-10-2022 15:00,
7275,14549,Case Closed,07-10-2021 00:00,
7276,14550,Case Closed,29-10-2021 04:00,
7277,14551,Case Closed,03-11-2021 08:00,
7278,14552,Case Closed,10-09-2021 04:00,
7279,14553,Case Closed,11-11-2021 01:00,
7280,14555,Case Closed,28-10-2021 09:00,
7281,14556,Case Closed,12-09-2021 06:00,
7282,14558,Case Closed,18-09-2021 12:00,
7283,14559,Case Closed,23-09-2021 14:00,
7284,14561,Case Closed,20-11-2021 17:00,
7285,14562,Case Closed,13-09-2021 03:00,
7286,14563,Case Closed,29-01-2022 10:00,
7287,14565,Case Closed,15-10-2021 16:00,
7288,14566,Case Closed,05-09-2021 02:00,
7289,14568,Case Closed,27-10-2021 11:00,
7290,14570,Case Closed,29-11-2021 00:00,
7291,14573,Case Closed,11-11-2021 21:00,
7292,14574,Case Closed,05-11-2021 03:00,
7293,14575,Case Closed,28-09-2021 15:00,
7294,14577,Case Closed,25-11-2021 13:00,
7295,14578,Case Closed,08-10-2022 12:00,
7296,14582,Case Closed,11-11-2021 12:00,
7297,14583,Case Closed,28-10-2021 03:00,
7298,14584,Case Closed,01-11-2021 06:00,
7299,14585,Case Closed,02-10-2021 16:00,
7300,14586,Case Closed,27-10-2021 06:00,
7301,14589,Case Closed,27-10-2021 08:00,
7302,14590,Case Closed,27-09-2021 19:00,
7303,14592,Case Closed,21-11-2021 06:00,
7304,14593,Case Closed,06-11-2021 09:00,
7305,14600,Case Closed,04-12-2021 15:00,
7306,14602,Case Closed,09-10-2021 04:00,
7307,14604,Case Closed,04-10-2021 02:00,
7308,14605,Case Closed,12-11-2021 22:00,
7309,14609,Case Closed,22-09-2021 05:00,
7310,14612,Case Closed,13-09-2021 12:00,
7311,14613,Case Closed,31-10-2021 22:00,
7312,14614,Case Closed,23-11-2021 04:00,
7313,14616,Case Closed,21-09-2021 07:00,
7314,14620,Case Closed,11-11-2021 05:00,
7315,14621,Case Closed,05-10-2021 11:00,
7316,14622,Case Closed,09-09-2021 14:00,
7317,14623,Case Closed,22-09-2021 00:00,
7318,14625,Case Closed,28-10-2021 21:00,
7319,14632,Case Closed,25-09-2021 14:00,
7320,14633,Case Closed,28-09-2021 04:00,
7321,14634,Case Closed,12-09-2021 20:00,
7322,14635,Case Closed,19-09-2021 06:00,
7323,14637,Case Closed,09-10-2021 09:00,
7324,14642,Case Closed,18-11-2021 15:00,
7325,14643,Case Closed,13-11-2021 16:00,
7326,14644,Case Closed,02-11-2021 16:00,
7327,14645,Case Closed,04-10-2021 11:00,
7328,14646,Case Closed,24-09-2021 07:00,
7329,14648,Case Closed,02-04-2023 15:00,
7330,14649,Case Closed,23-10-2021 11:00,
7331,14650,Case Closed,12-09-2021 21:00,
7332,14653,Case Closed,26-10-2021 14:00,
7333,14655,Case Closed,02-11-2021 23:00,
7334,14657,Case Closed,13-11-2021 18:00,
7335,14658,Case Closed,18-12-2021 20:00,
7336,14660,Case Closed,15-12-2021 02:00,
7337,14663,Case Closed,30-08-2022 06:00,
7338,14664,Case Closed,10-10-2021 15:00,
7339,14666,Case Closed,08-10-2021 15:00,
7340,14667,Case Closed,01-10-2021 22:00,
7341,14668,Case Closed,02-12-2021 08:00,
7342,14671,Case Closed,13-10-2021 22:00,
7343,14675,Case Closed,20-10-2021 19:00,
7344,14677,Case Closed,01-11-2021 10:00,
7345,14678,Case Closed,29-10-2021 02:00,
7346,14679,Case Closed,19-09-2021 01:00,
7347,14680,Case Closed,17-02-2023 13:00,
7348,14683,Case Closed,18-09-2021 09:00,
7349,14686,Case Closed,11-12-2021 18:00,
7350,14687,Case Closed,25-11-2021 05:00,
7351,14688,Case Closed,24-11-2021 20:00,
7352,14689,Case Closed,24-10-2021 05:00,
7353,14692,Case Closed,24-10-2021 18:00,
7354,14693,Case Closed,12-09-2021 23:00,
7355,14694,Case Closed,11-10-2021 08:00,
7356,14695,Case Closed,11-10-2021 02:00,
7357,14699,Case Closed,02-11-2021 12:00,
7358,14700,Case Closed,10-11-2021 03:00,
7359,14703,Case Closed,27-09-2021 09:00,
7360,14706,Case Closed,15-10-2021 07:00,
7361,14709,Case Closed,15-07-2022 13:00,
7362,14710,Case Closed,12-06-2023 10:00,
7363,14711,Case Closed,19-11-2021 17:00,
7364,14712,Case Closed,19-10-2021 22:00,
7365,14714,Case Closed,04-08-2022 06:00,
7366,14715,Case Closed,23-09-2021 15:00,
7367,14718,Case Closed,04-12-2021 05:00,
7368,14720,Case Closed,13-09-2021 04:00,
7369,14721,Case Closed,17-09-2021 03:00,
7370,14723,Case Closed,24-11-2021 09:00,
7371,14726,Case Closed,11-09-2021 09:00,
7372,14727,Case Closed,16-10-2021 18:00,
7373,14729,Case Closed,17-09-2021 11:00,
7374,14732,Case Closed,06-11-2021 02:00,
7375,14735,Case Closed,28-10-2021 21:00,
7376,14736,Case Closed,30-06-2022 07:00,
7377,14737,Case Closed,25-10-2021 06:00,
7378,14739,Case Closed,13-10-2021 21:00,
7379,14740,Case Closed,20-11-2021 18:00,
7380,14744,Case Closed,16-11-2021 23:00,
7381,14745,Case Closed,28-11-2021 23:00,
7382,14746,Case Closed,08-09-2021 18:00,
7383,14748,Case Closed,10-11-2021 18:00,
7384,14749,Case Closed,21-09-2021 15:00,
7385,14751,Case Closed,02-10-2021 04:00,
7386,14753,Case Closed,04-11-2022 13:00,
7387,14757,Case Closed,24-11-2021 05:00,
7388,14758,Case Closed,28-05-2022 16:00,
7389,14760,Case Closed,03-10-2021 05:00,
7390,14763,Case Closed,10-10-2021 01:00,
7391,14764,Case Closed,26-09-2021 10:00,
7392,14767,Case Closed,30-10-2021 21:00,
7393,14768,Case Closed,03-10-2021 22:00,
7394,14769,Case Closed,14-09-2021 19:00,
7395,14771,Case Closed,03-10-2021 05:00,
7396,14773,Case Closed,14-10-2021 12:00,
7397,14774,Case Closed,05-12-2021 10:00,
7398,14777,Case Closed,20-05-2022 07:00,
7399,14778,Case Closed,16-09-2021 13:00,
7400,14779,Case Closed,15-11-2021 10:00,
7401,14781,Case Closed,27-09-2021 11:00,
7402,14783,Case Closed,28-10-2021 06:00,
7403,14784,Case Closed,08-11-2021 03:00,
7404,14785,Case Closed,02-08-2022 20:00,
7405,14788,Case Closed,16-09-2021 09:00,
7406,14789,Case Closed,03-11-2021 11:00,
7407,14790,Case Closed,01-02-2022 06:00,
7408,14798,Case Closed,28-10-2021 15:00,
7409,14802,Case Closed,24-07-2022 18:00,
7410,14804,Case Closed,16-11-2021 09:00,
7411,14805,Case Closed,18-11-2021 01:00,
7412,14806,Case Closed,24-11-2021 06:00,
7413,14807,Case Closed,28-09-2021 04:00,
7414,14808,Case Closed,06-12-2021 06:00,
7415,14810,Case Closed,19-11-2021 07:00,
7416,14813,Case Closed,02-06-2023 19:00,
7417,14814,Case Closed,05-12-2021 17:00,
7418,14815,Case Closed,07-10-2021 08:00,
7419,14817,Case Closed,03-05-2023 06:00,
7420,14818,Case Closed,18-10-2021 21:00,
7421,14819,Case Closed,17-11-2021 01:00,
7422,14821,Case Closed,04-11-2021 06:00,
7423,14823,Case Closed,22-06-2022 08:00,
7424,14824,Case Closed,29-10-2021 20:00,
7425,14825,Case Closed,30-10-2022 13:00,
7426,14827,Case Closed,13-10-2021 04:00,
7427,14828,Case Closed,29-08-2023 16:00,
7428,14831,Case Closed,04-11-2021 16:00,
7429,14834,Case Closed,21-09-2021 17:00,
7430,14836,Case Closed,13-01-2023 02:00,
7431,14838,Case Closed,06-10-2021 14:00,
7432,14839,Case Closed,09-12-2021 12:00,
7433,14840,Case Closed,01-12-2021 05:00,
7434,14842,Case Closed,16-10-2021 04:00,
7435,14845,Case Closed,08-12-2021 20:00,
7436,14846,Case Closed,31-10-2021 14:00,
7437,14848,Case Closed,20-11-2021 21:00,
7438,14849,Case Closed,26-11-2021 07:00,
7439,14850,Case Closed,14-11-2021 01:00,
7440,14852,Case Closed,23-11-2021 19:00,
7441,14856,Case Closed,04-10-2021 01:00,
7442,14858,Case Closed,03-10-2021 07:00,
7443,14859,Case Closed,10-11-2021 00:00,
7444,14863,Case Closed,30-11-2021 17:00,
7445,14864,Case Closed,19-10-2021 17:00,
7446,14865,Case Closed,06-03-2022 17:00,
7447,14868,Case Closed,22-10-2021 21:00,
7448,14869,Case Closed,06-12-2021 23:00,
7449,14871,Case Closed,05-11-2021 16:00,
7450,14876,Case Closed,06-12-2021 17:00,
7451,14877,Case Closed,23-09-2021 15:00,
7452,14878,Case Closed,25-10-2021 19:00,
7453,14881,Case Closed,26-11-2021 02:00,
7454,14882,Case Closed,24-11-2022 14:00,
7455,14883,Case Closed,07-10-2021 22:00,
7456,14890,Case Closed,21-11-2021 16:00,
7457,14892,Case Closed,16-10-2021 06:00,
7458,14894,Case Closed,01-10-2021 11:00,
7459,14895,Case Closed,15-10-2021 00:00,
7460,14898,Case Closed,24-09-2021 23:00,
7461,14901,Case Closed,09-02-2022 18:00,
7462,14902,Case Closed,30-11-2021 17:00,
7463,14903,Case Closed,17-10-2021 08:00,
7464,14904,Case Closed,25-11-2021 04:00,
7465,14905,Case Closed,14-10-2021 03:00,
7466,14906,Case Closed,26-11-2021 13:00,
7467,14907,Case Closed,12-10-2021 11:00,
7468,14911,Case Closed,04-12-2021 22:00,
7469,14912,Case Closed,24-09-2021 00:00,
7470,14913,Case Closed,30-11-2021 08:00,
7471,14914,Case Closed,30-09-2021 02:00,
7472,14916,Case Closed,15-10-2021 06:00,
7473,14917,Case Closed,28-09-2021 15:00,
7474,14918,Case Closed,13-10-2021 01:00,
7475,14920,Case Closed,13-11-2021 05:00,
7476,14921,Case Closed,13-09-2023 19:00,
7477,14923,Case Closed,25-10-2021 20:00,
7478,14924,Case Closed,11-10-2021 12:00,
7479,14925,Case Closed,11-12-2021 13:00,
7480,14926,Case Closed,04-10-2021 15:00,
7481,14927,Case Closed,19-10-2021 05:00,
7482,14928,Case Closed,23-10-2021 07:00,
7483,14929,Case Closed,04-11-2021 09:00,
7484,14931,Case Closed,21-02-2022 19:00,
7485,14933,Case Closed,23-10-2021 10:00,
7486,14935,Case Closed,01-10-2021 17:00,
7487,14937,Case Closed,24-09-2021 05:00,
7488,14939,Case Closed,31-12-2022 11:00,
7489,14940,Case Closed,29-10-2021 10:00,
7490,14941,Case Closed,24-11-2021 23:00,
7491,14942,Case Closed,05-10-2021 04:00,
7492,14943,Case Closed,07-03-2022 07:00,
7493,14944,Case Closed,06-01-2022 20:00,
7494,14945,Case Closed,22-10-2021 19:00,
7495,14947,Case Closed,14-11-2021 23:00,
7496,14948,Case Closed,28-09-2021 20:00,
7497,14949,Case Closed,13-10-2021 13:00,
7498,14953,Case Closed,13-11-2021 17:00,
7499,14955,Case Closed,15-03-2022 09:00,
7500,14958,Case Closed,27-09-2021 01:00,
7501,14959,Case Closed,07-10-2021 13:00,
7502,14960,Case Closed,04-01-2022 11:00,
7503,14962,Case Closed,25-10-2021 01:00,
7504,14963,Case Closed,25-11-2021 22:00,
7505,14965,Case Closed,18-11-2021 22:00,
7506,14966,Case Closed,06-11-2021 23:00,
7507,14967,Case Closed,11-11-2021 21:00,
7508,14969,Case Closed,03-12-2021 14:00,
7509,14970,Case Closed,28-10-2021 01:00,
7510,14972,Case Closed,15-10-2021 03:00,
7511,14973,Case Closed,19-11-2021 15:00,
7512,14974,Case Closed,30-03-2022 11:00,
7513,14976,Case Closed,13-11-2021 09:00,
7514,14977,Case Closed,26-12-2021 11:00,
7515,14983,Case Closed,18-11-2021 09:00,
7516,14984,Case Closed,14-11-2022 23:00,
7517,14985,Case Closed,20-11-2021 03:00,
7518,14986,Case Closed,05-12-2021 07:00,
7519,14990,Case Closed,19-10-2021 01:00,
7520,14991,Case Closed,30-09-2021 19:00,
7521,14993,Case Closed,12-11-2021 07:00,
7522,14996,Case Closed,16-10-2021 00:00,
7523,14997,Case Closed,29-08-2022 17:00,
7524,15000,Case Closed,27-09-2021 19:00,
7525,15003,Case Closed,14-10-2021 19:00,
7526,15005,Case Closed,24-10-2021 11:00,
7527,15008,Case Closed,01-12-2021 03:00,
7528,15010,Case Closed,03-12-2021 00:00,
7529,15012,Case Closed,18-10-2021 20:00,
7530,15014,Case Closed,04-10-2021 19:00,
7531,15019,Case Closed,22-11-2021 16:00,
7532,15020,Case Closed,26-09-2021 23:00,
7533,15021,Case Closed,23-11-2021 11:00,
7534,15024,Case Closed,08-10-2022 23:00,
7535,15025,Case Closed,31-10-2021 08:00,
7536,15028,Case Closed,02-12-2021 09:00,
7537,15030,Case Closed,11-08-2022 22:00,
7538,15038,Case Closed,11-12-2021 20:00,
7539,15040,Case Closed,14-10-2021 11:00,
7540,15043,Case Closed,04-12-2021 10:00,
7541,15044,Case Closed,09-10-2021 14:00,
7542,15045,Case Closed,05-12-2021 15:00,
7543,15050,Case Closed,29-09-2021 19:00,
7544,15051,Case Closed,17-10-2021 22:00,
7545,15054,Case Closed,29-10-2021 10:00,
7546,15055,Case Closed,04-10-2021 23:00,
7547,15056,Case Closed,01-10-2021 03:00,
7548,15057,Case Closed,03-10-2021 17:00,
7549,15058,Case Closed,19-10-2021 16:00,
7550,15062,Case Closed,13-10-2021 06:00,
7551,15065,Case Closed,21-10-2021 07:00,
7552,15069,Case Closed,23-11-2022 12:00,
7553,15071,Case Closed,22-06-2022 09:00,
7554,15072,Case Closed,11-11-2021 02:00,
7555,15073,Case Closed,07-10-2021 01:00,
7556,15079,Case Closed,23-08-2022 09:00,
7557,15081,Case Closed,25-10-2021 14:00,
7558,15082,Case Closed,05-12-2022 01:00,
7559,15084,Case Closed,31-10-2021 12:00,
7560,15088,Case Closed,13-11-2021 10:00,
7561,15089,Case Closed,22-10-2021 01:00,
7562,15092,Case Closed,01-10-2021 08:00,
7563,15094,Case Closed,18-12-2021 20:00,
7564,15096,Case Closed,29-10-2021 11:00,
7565,15097,Case Closed,15-11-2021 17:00,
7566,15098,Case Closed,27-10-2021 12:00,
7567,15100,Case Closed,02-11-2021 12:00,
7568,15102,Case Closed,08-04-2023 15:00,
7569,15104,Case Closed,13-10-2021 10:00,
7570,15105,Case Closed,07-03-2022 16:00,
7571,15106,Case Closed,13-10-2021 01:00,
7572,15108,Case Closed,29-11-2021 04:00,
7573,15109,Case Closed,16-12-2021 11:00,
7574,15111,Case Closed,19-12-2021 08:00,
7575,15114,Case Closed,12-10-2021 11:00,
7576,15116,Case Closed,01-10-2021 12:00,
7577,15118,Case Closed,03-10-2021 02:00,
7578,15119,Case Closed,17-10-2021 23:00,
7579,15120,Case Closed,15-11-2021 11:00,
7580,15121,Case Closed,17-10-2021 00:00,
7581,15122,Case Closed,08-07-2023 13:00,
7582,15123,Case Closed,25-10-2021 06:00,
7583,15125,Case Closed,27-11-2021 19:00,
7584,15126,Case Closed,23-11-2022 01:00,
7585,15128,Case Closed,17-11-2021 23:00,
7586,15129,Case Closed,24-05-2022 03:00,
7587,15131,Case Closed,29-11-2021 03:00,
7588,15134,Case Closed,24-10-2021 19:00,
7589,15141,Case Closed,10-10-2021 01:00,
7590,15143,Case Closed,22-11-2021 08:00,
7591,15144,Case Closed,21-02-2022 22:00,
7592,15146,Case Closed,29-11-2021 22:00,
7593,15149,Case Closed,12-12-2021 16:00,
7594,15150,Case Closed,01-11-2021 06:00,
7595,15151,Case Closed,28-06-2023 14:00,
7596,15152,Case Closed,02-12-2021 10:00,
7597,15153,Case Closed,08-12-2021 09:00,
7598,15154,Case Closed,09-12-2021 08:00,
7599,15155,Case Closed,09-11-2021 13:00,
7600,15156,Case Closed,15-10-2021 01:00,
7601,15160,Case Closed,10-12-2021 21:00,
7602,15162,Case Closed,13-12-2021 04:00,
7603,15164,Case Closed,19-10-2021 01:00,
7604,15168,Case Closed,02-12-2021 13:00,
7605,15169,Case Closed,11-10-2021 12:00,
7606,15171,Case Closed,17-12-2021 13:00,
7607,15172,Case Closed,17-12-2021 05:00,
7608,15173,Case Closed,14-05-2022 16:00,
7609,15174,Case Closed,06-10-2021 01:00,
7610,15175,Case Closed,23-10-2021 13:00,
7611,15176,Case Closed,06-11-2021 22:00,
7612,15178,Case Closed,09-10-2021 04:00,
7613,15181,Case Closed,11-12-2021 12:00,
7614,15182,Case Closed,29-11-2021 15:00,
7615,15183,Case Closed,19-11-2021 01:00,
7616,15184,Case Closed,17-11-2021 21:00,
7617,15185,Case Closed,24-11-2021 00:00,
7618,15186,Case Closed,06-11-2021 03:00,
7619,15189,Case Closed,03-03-2023 05:00,
7620,15190,Case Closed,23-11-2021 12:00,
7621,15192,Case Closed,02-10-2021 01:00,
7622,15193,Case Closed,08-11-2021 03:00,
7623,15194,Case Closed,07-12-2021 06:00,
7624,15195,Case Closed,08-12-2021 05:00,
7625,15196,Case Closed,11-11-2021 05:00,
7626,15200,Case Closed,06-11-2021 07:00,
7627,15204,Case Closed,19-11-2021 11:00,
7628,15207,Case Closed,28-10-2021 16:00,
7629,15209,Case Closed,21-12-2021 23:00,
7630,15210,Case Closed,06-11-2021 05:00,
7631,15211,Case Closed,10-10-2021 05:00,
7632,15212,Case Closed,11-11-2021 12:00,
7633,15213,Case Closed,14-05-2022 23:00,
7634,15214,Case Closed,07-11-2021 02:00,
7635,15215,Case Closed,24-10-2021 01:00,
7636,15216,Case Closed,28-11-2021 23:00,
7637,15218,Case Closed,02-11-2021 18:00,
7638,15219,Case Closed,11-05-2022 17:00,
7639,15221,Case Closed,19-12-2021 10:00,
7640,15224,Case Closed,05-10-2021 21:00,
7641,15226,Case Closed,30-09-2021 01:00,
7642,15228,Case Closed,25-11-2021 09:00,
7643,15230,Case Closed,01-10-2021 15:00,
7644,15233,Case Closed,28-10-2021 18:00,
7645,15236,Case Closed,19-10-2021 08:00,
7646,15237,Case Closed,30-10-2021 21:00,
7647,15238,Case Closed,25-05-2022 03:00,
7648,15241,Case Closed,07-10-2021 17:00,
7649,15242,Case Closed,17-12-2021 18:00,
7650,15247,Case Closed,13-10-2021 13:00,
7651,15256,Case Closed,30-10-2021 09:00,
7652,15259,Case Closed,25-10-2021 07:00,
7653,15262,Case Closed,29-12-2022 22:00,
7654,15264,Case Closed,21-11-2021 00:00,
7655,15268,Case Closed,26-10-2021 15:00,
7656,15269,Case Closed,30-11-2021 09:00,
7657,15270,Case Closed,01-12-2021 19:00,
7658,15275,Case Closed,06-01-2022 23:00,
7659,15276,Case Closed,08-10-2021 07:00,
7660,15277,Case Closed,05-11-2021 23:00,
7661,15281,Case Closed,17-11-2021 13:00,
7662,15283,Case Closed,07-04-2022 02:00,
7663,15284,Case Closed,17-10-2021 17:00,
7664,15288,Case Closed,03-11-2021 03:00,
7665,15289,Case Closed,10-12-2021 03:00,
7666,15291,Case Closed,21-10-2021 12:00,
7667,15292,Case Closed,10-11-2021 17:00,
7668,15293,Case Closed,09-11-2021 00:00,
7669,15294,Case Closed,27-10-2022 00:00,
7670,15296,Case Closed,17-10-2021 18:00,
7671,15299,Case Closed,23-06-2023 16:00,
7672,15302,Case Closed,29-10-2021 06:00,
7673,15306,Case Closed,11-10-2021 03:00,
7674,15307,Case Closed,27-07-2023 16:00,
7675,15308,Case Closed,20-12-2021 05:00,
7676,15310,Case Closed,11-12-2021 01:00,
7677,15312,Case Closed,12-11-2021 20:00,
7678,15313,Case Closed,22-10-2021 00:00,
7679,15314,Case Closed,27-12-2021 07:00,
7680,15315,Case Closed,04-12-2021 11:00,
7681,15318,Case Closed,22-11-2021 12:00,
7682,15319,Case Closed,20-09-2022 22:00,
7683,15320,Case Closed,21-10-2021 00:00,
7684,15321,Case Closed,08-12-2021 15:00,
7685,15326,Case Closed,30-05-2022 07:00,
7686,15329,Case Closed,16-02-2022 16:00,
7687,15330,Case Closed,26-12-2021 00:00,
7688,15331,Case Closed,13-11-2021 10:00,
7689,15332,Case Closed,24-12-2021 16:00,
7690,15333,Case Closed,18-10-2021 05:00,
7691,15337,Case Closed,24-10-2021 13:00,
7692,15338,Case Closed,21-10-2021 20:00,
7693,15339,Case Closed,18-11-2021 18:00,
7694,15341,Case Closed,22-11-2021 21:00,
7695,15343,Case Closed,12-12-2021 17:00,
7696,15347,Case Closed,11-10-2021 21:00,
7697,15351,Case Closed,24-10-2021 09:00,
7698,15352,Case Closed,14-10-2021 20:00,
7699,15354,Case Closed,13-12-2021 00:00,
7700,15356,Case Closed,12-11-2021 03:00,
7701,15357,Case Closed,29-04-2023 11:00,
7702,15358,Case Closed,17-12-2021 11:00,
7703,15360,Case Closed,27-10-2021 16:00,
7704,15364,Case Closed,04-11-2021 16:00,
7705,15368,Case Closed,15-12-2021 01:00,
7706,15370,Case Closed,30-11-2021 00:00,
7707,15371,Case Closed,28-12-2021 03:00,
7708,15375,Case Closed,12-11-2021 20:00,
7709,15377,Case Closed,16-10-2021 10:00,
7710,15378,Case Closed,05-12-2021 06:00,
7711,15382,Case Closed,14-10-2021 12:00,
7712,15385,Case Closed,22-03-2022 14:00,
7713,15389,Case Closed,26-10-2021 02:00,
7714,15393,Case Closed,30-11-2021 05:00,
7715,15398,Case Closed,14-12-2021 08:00,
7716,15402,Case Closed,19-07-2023 08:00,
7717,15403,Case Closed,31-10-2021 17:00,
7718,15404,Case Closed,30-12-2021 11:00,
7719,15405,Case Closed,05-12-2021 13:00,
7720,15407,Case Closed,16-12-2021 16:00,
7721,15409,Case Closed,07-11-2021 14:00,
7722,15410,Case Closed,30-10-2021 00:00,
7723,15418,Case Closed,22-10-2021 12:00,
7724,15421,Case Closed,17-10-2021 08:00,
7725,15426,Case Closed,22-10-2021 15:00,
7726,15427,Case Closed,20-07-2022 19:00,
7727,15428,Case Closed,02-01-2022 19:00,
7728,15429,Case Closed,30-11-2021 00:00,
7729,15430,Case Closed,04-11-2021 01:00,
7730,15432,Case Closed,12-11-2021 14:00,
7731,15434,Case Closed,20-01-2023 05:00,
7732,15438,Case Closed,09-12-2021 23:00,
7733,15440,Case Closed,23-11-2021 13:00,
7734,15442,Case Closed,16-11-2021 12:00,
7735,15449,Case Closed,17-11-2021 02:00,
7736,15452,Case Closed,01-11-2021 16:00,
7737,15453,Case Closed,26-12-2021 12:00,
7738,15454,Case Closed,04-11-2021 06:00,
7739,15461,Case Closed,15-11-2021 02:00,
7740,15465,Case Closed,24-03-2023 04:00,
7741,15469,Case Closed,27-12-2021 12:00,
7742,15470,Case Closed,20-01-2023 21:00,
7743,15471,Case Closed,07-11-2021 07:00,
7744,15472,Case Closed,04-01-2022 08:00,
7745,15473,Case Closed,28-11-2021 18:00,
7746,15475,Case Closed,22-12-2021 10:00,
7747,15477,Case Closed,28-10-2021 06:00,
7748,15478,Case Closed,02-12-2022 10:00,
7749,15480,Case Closed,09-11-2021 19:00,
7750,15481,Case Closed,19-12-2021 06:00,
7751,15486,Case Closed,30-11-2021 07:00,
7752,15489,Case Closed,06-12-2021 08:00,
7753,15491,Case Closed,19-10-2021 09:00,
7754,15493,Case Closed,06-11-2021 21:00,
7755,15494,Case Closed,26-10-2021 12:00,
7756,15498,Case Closed,24-11-2021 11:00,
7757,15499,Case Closed,03-11-2021 13:00,
7758,15502,Case Closed,27-10-2021 07:00,
7759,15506,Case Closed,07-01-2022 10:00,
7760,15507,Case Closed,18-10-2021 17:00,
7761,15508,Case Closed,30-11-2021 19:00,
7762,15509,Case Closed,11-11-2021 11:00,
7763,15510,Case Closed,12-10-2021 08:00,
7764,15511,Case Closed,02-11-2021 10:00,
7765,15513,Case Closed,25-11-2021 21:00,
7766,15514,Case Closed,11-12-2021 14:00,
7767,15517,Case Closed,17-06-2023 20:00,
7768,15519,Case Closed,29-10-2021 16:00,
7769,15521,Case Closed,05-04-2022 05:00,
7770,15525,Case Closed,17-10-2021 23:00,
7771,15526,Case Closed,26-12-2021 21:00,
7772,15529,Case Closed,22-11-2021 04:00,
7773,15536,Case Closed,23-10-2021 14:00,
7774,15537,Case Closed,20-10-2021 15:00,
7775,15538,Case Closed,24-10-2021 15:00,
7776,15539,Case Closed,04-01-2022 07:00,
7777,15540,Case Closed,03-11-2021 07:00,
7778,15541,Case Closed,28-11-2021 05:00,
7779,15549,Case Closed,07-11-2021 03:00,
7780,15551,Case Closed,04-01-2022 14:00,
7781,15554,Case Closed,09-11-2021 02:00,
7782,15555,Case Closed,17-11-2021 07:00,
7783,15556,Case Closed,10-11-2021 19:00,
7784,15559,Case Closed,14-12-2021 01:00,
7785,15560,Case Closed,25-11-2021 09:00,
7786,15564,Case Closed,31-12-2021 20:00,
7787,15565,Case Closed,25-10-2021 07:00,
7788,15567,Case Closed,21-01-2022 12:00,
7789,15573,Case Closed,15-12-2021 14:00,
7790,15574,Case Closed,18-03-2022 19:00,
7791,15577,Case Closed,10-11-2021 12:00,
7792,15585,Case Closed,13-11-2021 06:00,
7793,15587,Case Closed,02-11-2021 17:00,
7794,15588,Case Closed,23-12-2021 17:00,
7795,15589,Case Closed,09-06-2023 06:00,
7796,15595,Case Closed,09-11-2021 05:00,
7797,15598,Case Closed,06-01-2022 14:00,
7798,15600,Case Closed,07-01-2022 14:00,
7799,15603,Case Closed,01-12-2021 06:00,
7800,15604,Case Closed,07-11-2021 11:00,
7801,15607,Case Closed,04-11-2021 04:00,
7802,15608,Case Closed,30-12-2021 22:00,
7803,15609,Case Closed,19-03-2022 15:00,
7804,15610,Case Closed,11-11-2021 02:00,
7805,15611,Case Closed,28-12-2021 09:00,
7806,15612,Case Closed,20-12-2021 07:00,
7807,15615,Case Closed,20-12-2021 05:00,
7808,15616,Case Closed,09-12-2021 07:00,
7809,15618,Case Closed,03-01-2022 14:00,
7810,15619,Case Closed,11-11-2021 10:00,
7811,15620,Case Closed,28-12-2021 17:00,
7812,15621,Case Closed,06-01-2022 19:00,
7813,15623,Case Closed,09-11-2021 18:00,
7814,15624,Case Closed,02-01-2022 05:00,
7815,15628,Case Closed,26-11-2021 18:00,
7816,15630,Case Closed,08-10-2023 05:00,
7817,15632,Case Closed,09-01-2022 20:00,
7818,15633,Case Closed,25-10-2021 04:00,
7819,15634,Case Closed,11-11-2021 17:00,
7820,15637,Case Closed,23-12-2021 12:00,
7821,15639,Case Closed,07-11-2021 03:00,
7822,15642,Case Closed,08-11-2021 23:00,
7823,15644,Case Closed,25-11-2021 10:00,
7824,15645,Case Closed,07-02-2022 12:00,
7825,15647,Case Closed,18-10-2021 15:00,
7826,15650,Case Closed,29-12-2021 21:00,
7827,15652,Case Closed,09-12-2021 17:00,
7828,15653,Case Closed,24-10-2021 14:00,
7829,15656,Case Closed,03-12-2021 17:00,
7830,15657,Case Closed,09-11-2021 00:00,
7831,15660,Case Closed,10-06-2023 03:00,
7832,15662,Case Closed,27-12-2021 07:00,
7833,15664,Case Closed,05-01-2022 23:00,
7834,15670,Case Closed,21-12-2021 11:00,
7835,15675,Case Closed,06-11-2021 20:00,
7836,15678,Case Closed,10-03-2023 19:00,
7837,15679,Case Closed,25-11-2021 13:00,
7838,15680,Case Closed,12-01-2022 04:00,
7839,15681,Case Closed,02-11-2021 17:00,
7840,15683,Case Closed,11-11-2021 10:00,
7841,15684,Case Closed,15-11-2021 23:00,
7842,15688,Case Closed,25-12-2021 20:00,
7843,15691,Case Closed,16-11-2021 21:00,
7844,15692,Case Closed,22-11-2021 05:00,
7845,15694,Case Closed,13-11-2021 00:00,
7846,15697,Case Closed,29-03-2023 20:00,
7847,15698,Case Closed,29-11-2021 03:00,
7848,15701,Case Closed,27-11-2021 02:00,
7849,15702,Case Closed,13-11-2021 07:00,
7850,15703,Case Closed,21-11-2021 02:00,
7851,15705,Case Closed,25-12-2021 02:00,
7852,15706,Case Closed,16-11-2021 20:00,
7853,15707,Case Closed,24-09-2023 15:00,
7854,15708,Case Closed,30-10-2021 00:00,
7855,15709,Case Closed,05-01-2022 05:00,
7856,15710,Case Closed,02-11-2021 16:00,
7857,15711,Case Closed,01-12-2021 16:00,
7858,15713,Case Closed,25-10-2021 15:00,
7859,15715,Case Closed,13-11-2021 15:00,
7860,15716,Case Closed,29-10-2021 07:00,
7861,15717,Case Closed,28-12-2021 08:00,
7862,15722,Case Closed,05-12-2021 12:00,
7863,15726,Case Closed,09-11-2021 17:00,
7864,15727,Case Closed,08-11-2021 08:00,
7865,15728,Case Closed,15-11-2021 01:00,
7866,15731,Case Closed,08-12-2021 18:00,
7867,15732,Case Closed,15-11-2021 23:00,
7868,15734,Case Closed,04-09-2022 00:00,
7869,15736,Case Closed,16-01-2022 18:00,
7870,15737,Case Closed,11-01-2022 11:00,
7871,15738,Case Closed,25-02-2022 04:00,
7872,15739,Case Closed,03-11-2021 12:00,
7873,15741,Case Closed,25-12-2021 05:00,
7874,15744,Case Closed,05-01-2022 22:00,
7875,15746,Case Closed,09-11-2021 12:00,
7876,15747,Case Closed,26-12-2021 03:00,
7877,15748,Case Closed,13-03-2022 11:00,
7878,15751,Case Closed,12-01-2022 19:00,
7879,15755,Case Closed,16-02-2022 08:00,
7880,15756,Case Closed,03-11-2021 08:00,
7881,15758,Case Closed,25-11-2021 23:00,
7882,15759,Case Closed,09-11-2021 03:00,
7883,15767,Case Closed,18-11-2021 07:00,
7884,15768,Case Closed,18-03-2022 23:00,
7885,15769,Case Closed,09-11-2021 03:00,
7886,15770,Case Closed,25-04-2022 17:00,
7887,15773,Case Closed,16-01-2022 09:00,
7888,15774,Case Closed,10-12-2021 08:00,
7889,15777,Case Closed,02-11-2021 04:00,
7890,15779,Case Closed,16-12-2021 09:00,
7891,15780,Case Closed,26-04-2023 12:00,
7892,15782,Case Closed,25-11-2021 14:00,
7893,15783,Case Closed,20-11-2021 05:00,
7894,15784,Case Closed,15-11-2021 23:00,
7895,15785,Case Closed,03-11-2021 01:00,
7896,15787,Case Closed,06-11-2021 03:00,
7897,15789,Case Closed,28-10-2021 02:00,
7898,15792,Case Closed,24-11-2021 05:00,
7899,15793,Case Closed,19-11-2021 01:00,
7900,15794,Case Closed,27-03-2022 02:00,
7901,15795,Case Closed,26-12-2021 00:00,
7902,15797,Case Closed,01-12-2021 22:00,
7903,15798,Case Closed,13-11-2021 23:00,
7904,15799,Case Closed,20-11-2021 23:00,
7905,15800,Case Closed,21-11-2021 08:00,
7906,15803,Case Closed,20-11-2021 00:00,
7907,15804,Case Closed,10-11-2021 01:00,
7908,15805,Case Closed,15-05-2022 09:00,
7909,15807,Case Closed,09-12-2021 05:00,
7910,15809,Case Closed,30-01-2022 23:00,
7911,15813,Case Closed,03-11-2021 17:00,
7912,15815,Case Closed,02-11-2021 23:00,
7913,15816,Case Closed,22-12-2021 02:00,
7914,15820,Case Closed,09-11-2021 06:00,
7915,15821,Case Closed,10-11-2021 14:00,
7916,15822,Case Closed,16-01-2022 16:00,
7917,15823,Case Closed,08-11-2021 19:00,
7918,15824,Case Closed,01-12-2021 05:00,
7919,15825,Case Closed,15-11-2021 14:00,
7920,15827,Case Closed,16-11-2021 21:00,
7921,15829,Case Closed,29-11-2021 22:00,
7922,15831,Case Closed,11-12-2021 00:00,
7923,15834,Case Closed,30-12-2021 12:00,
7924,15835,Case Closed,18-11-2021 23:00,
7925,15837,Case Closed,08-12-2021 02:00,
7926,15838,Case Closed,03-10-2022 15:00,
7927,15839,Case Closed,03-05-2022 18:00,
7928,15843,Case Closed,27-11-2021 18:00,
7929,15844,Case Closed,18-11-2021 08:00,
7930,15845,Case Closed,04-08-2023 06:00,
7931,15848,Case Closed,09-04-2022 16:00,
7932,15849,Case Closed,06-11-2021 09:00,
7933,15850,Case Closed,14-01-2022 09:00,
7934,15852,Case Closed,15-11-2021 17:00,
7935,15853,Case Closed,14-01-2022 09:00,
7936,15857,Case Closed,10-12-2021 03:00,
7937,15858,Case Closed,13-01-2022 12:00,
7938,15860,Case Closed,01-12-2021 09:00,
7939,15862,Case Closed,28-07-2022 05:00,
7940,15863,Case Closed,15-01-2022 04:00,
7941,15864,Case Closed,17-11-2021 16:00,
7942,15865,Case Closed,21-03-2022 17:00,
7943,15866,Case Closed,17-01-2022 18:00,
7944,15868,Case Closed,07-11-2021 03:00,
7945,15869,Case Closed,16-01-2022 00:00,
7946,15870,Case Closed,02-12-2021 17:00,
7947,15874,Case Closed,31-12-2021 08:00,
7948,15878,Case Closed,16-12-2021 19:00,
7949,15880,Case Closed,19-11-2021 05:00,
7950,15881,Case Closed,04-01-2022 19:00,
7951,15885,Case Closed,06-12-2021 21:00,
7952,15886,Case Closed,05-11-2021 06:00,
7953,15889,Case Closed,05-11-2021 16:00,
7954,15890,Case Closed,16-11-2021 14:00,
7955,15891,Case Closed,02-12-2021 03:00,
7956,15896,Case Closed,13-11-2021 10:00,
7957,15900,Case Closed,14-11-2021 04:00,
7958,15902,Case Closed,26-10-2021 20:00,
7959,15903,Case Closed,19-01-2022 21:00,
7960,15905,Case Closed,12-11-2021 05:00,
7961,15906,Case Closed,10-12-2021 20:00,
7962,15907,Case Closed,26-12-2021 12:00,
7963,15910,Case Closed,07-12-2021 10:00,
7964,15911,Case Closed,21-10-2022 21:00,
7965,15913,Case Closed,03-12-2021 03:00,
7966,15914,Case Closed,15-12-2021 03:00,
7967,15916,Case Closed,02-01-2022 06:00,
7968,15917,Case Closed,05-01-2022 06:00,
7969,15918,Case Closed,05-01-2022 16:00,
7970,15920,Case Closed,23-02-2023 06:00,
7971,15921,Case Closed,06-12-2022 22:00,
7972,15923,Case Closed,16-12-2021 15:00,
7973,15926,Case Closed,10-11-2021 13:00,
7974,15927,Case Closed,04-11-2021 20:00,
7975,15929,Case Closed,20-12-2021 14:00,
7976,15931,Case Closed,23-12-2021 21:00,
7977,15932,Case Closed,22-12-2021 17:00,
7978,15934,Case Closed,04-02-2022 06:00,
7979,15935,Case Closed,15-01-2023 20:00,
7980,15936,Case Closed,26-09-2022 10:00,
7981,15937,Case Closed,16-11-2021 20:00,
7982,15938,Case Closed,08-12-2021 12:00,
7983,15940,Case Closed,10-06-2022 14:00,
7984,15941,Case Closed,08-11-2021 10:00,
7985,15942,Case Closed,11-11-2021 14:00,
7986,15944,Case Closed,05-12-2021 09:00,
7987,15946,Case Closed,17-11-2021 13:00,
7988,15947,Case Closed,09-01-2022 14:00,
7989,15948,Case Closed,16-01-2022 22:00,
7990,15949,Case Closed,09-01-2022 16:00,
7991,15953,Case Closed,25-12-2021 13:00,
7992,15954,Case Closed,20-01-2022 04:00,
7993,15955,Case Closed,28-12-2021 14:00,
7994,15958,Case Closed,09-08-2022 22:00,
7995,15959,Case Closed,24-02-2022 05:00,
7996,15960,Case Closed,04-11-2021 22:00,
7997,15966,Case Closed,03-01-2022 18:00,
7998,15971,Case Closed,25-02-2022 13:00,
7999,15972,Case Closed,15-12-2021 14:00,
8000,15973,Case Closed,04-01-2022 06:00,
8001,15975,Case Closed,19-11-2021 20:00,
8002,15977,Case Closed,13-04-2022 10:00,
8003,15982,Case Closed,05-11-2021 19:00,
8004,15984,Case Closed,15-01-2022 06:00,
8005,15986,Case Closed,17-02-2022 12:00,
8006,15988,Case Closed,12-01-2023 12:00,
8007,15990,Case Closed,05-08-2023 15:00,
8008,15991,Case Closed,13-12-2021 14:00,
8009,15993,Case Closed,27-11-2021 14:00,
8010,15999,Case Closed,20-11-2021 03:00,
8011,16000,Case Closed,31-12-2021 09:00,
8012,16001,Case Closed,09-11-2021 02:00,
8013,16004,Case Closed,12-11-2021 15:00,
8014,16006,Case Closed,01-11-2021 20:00,
8015,16008,Case Closed,14-01-2022 16:00,
8016,16012,Case Closed,30-11-2021 23:00,
8017,16013,Case Closed,07-01-2022 19:00,
8018,16015,Case Closed,30-12-2021 23:00,
8019,16016,Case Closed,28-12-2021 11:00,
8020,16020,Case Closed,29-12-2021 05:00,
8021,16021,Case Closed,07-11-2021 16:00,
8022,16023,Case Closed,20-03-2023 11:00,
8023,16024,Case Closed,28-12-2021 13:00,
8024,16025,Case Closed,27-12-2021 08:00,
8025,16028,Case Closed,31-10-2021 20:00,
8026,16029,Case Closed,14-02-2022 14:00,
8027,16034,Case Closed,20-01-2022 23:00,
8028,16036,Case Closed,13-11-2021 05:00,
8029,16037,Case Closed,25-11-2021 17:00,
8030,16041,Case Closed,23-12-2021 15:00,
8031,16043,Case Closed,03-01-2022 05:00,
8032,16044,Case Closed,06-12-2021 14:00,
8033,16046,Case Closed,07-01-2022 16:00,
8034,16047,Case Closed,11-01-2022 06:00,
8035,16048,Case Closed,26-01-2022 14:00,
8036,16049,Case Closed,15-01-2022 06:00,
8037,16050,Case Closed,19-11-2021 02:00,
8038,16052,Case Closed,22-01-2022 02:00,
8039,16053,Case Closed,18-12-2021 23:00,
8040,16054,Case Closed,13-11-2021 08:00,
8041,16055,Case Closed,29-11-2021 09:00,
8042,16056,Case Closed,15-01-2022 16:00,
8043,16057,Case Closed,19-06-2023 16:00,
8044,16058,Case Closed,22-01-2022 10:00,
8045,16059,Case Closed,12-12-2021 05:00,
8046,16061,Case Closed,19-12-2021 12:00,
8047,16063,Case Closed,08-01-2022 22:00,
8048,16065,Case Closed,28-01-2022 08:00,
8049,16069,Case Closed,26-01-2022 17:00,
8050,16072,Case Closed,15-01-2022 11:00,
8051,16073,Case Closed,19-11-2021 11:00,
8052,16074,Case Closed,17-12-2021 10:00,
8053,16076,Case Closed,05-01-2022 13:00,
8054,16078,Case Closed,10-11-2021 21:00,
8055,16079,Case Closed,06-05-2022 08:00,
8056,16080,Case Closed,14-01-2022 07:00,
8057,16081,Case Closed,28-04-2022 08:00,
8058,16082,Case Closed,27-12-2021 18:00,
8059,16086,Case Closed,27-12-2021 01:00,
8060,16088,Case Closed,06-01-2022 23:00,
8061,16089,Case Closed,23-12-2021 23:00,
8062,16090,Case Closed,26-11-2021 08:00,
8063,16093,Case Closed,27-11-2021 02:00,
8064,16097,Case Closed,03-01-2022 03:00,
8065,16101,Case Closed,09-11-2021 20:00,
8066,16102,Case Closed,25-09-2023 17:00,
8067,16103,Case Closed,26-11-2021 01:00,
8068,16104,Case Closed,12-03-2022 16:00,
8069,16105,Case Closed,20-01-2022 05:00,
8070,16106,Case Closed,22-12-2021 05:00,
8071,16108,Case Closed,24-12-2021 12:00,
8072,16110,Case Closed,28-01-2022 04:00,
8073,16111,Case Closed,27-11-2021 23:00,
8074,16112,Case Closed,30-11-2021 10:00,
8075,16115,Case Closed,28-11-2021 18:00,
8076,16117,Case Closed,06-10-2023 19:00,
8077,16119,Case Closed,07-01-2022 16:00,
8078,16122,Case Closed,15-12-2021 12:00,
8079,16124,Case Closed,03-01-2022 14:00,
8080,16128,Case Closed,15-11-2021 16:00,
8081,16130,Case Closed,07-12-2021 23:00,
8082,16132,Case Closed,28-04-2022 22:00,
8083,16136,Case Closed,18-11-2021 04:00,
8084,16137,Case Closed,20-11-2021 17:00,
8085,16140,Case Closed,28-04-2022 09:00,
8086,16141,Case Closed,12-01-2022 02:00,
8087,16143,Case Closed,28-01-2022 22:00,
8088,16144,Case Closed,08-12-2021 21:00,
8089,16145,Case Closed,27-12-2021 03:00,
8090,16146,Case Closed,23-12-2021 16:00,
8091,16147,Case Closed,19-01-2022 00:00,
8092,16148,Case Closed,23-11-2021 15:00,
8093,16152,Case Closed,04-04-2022 11:00,
8094,16153,Case Closed,17-04-2022 08:00,
8095,16155,Case Closed,15-12-2021 02:00,
8096,16162,Case Closed,20-11-2021 13:00,
8097,16164,Case Closed,08-12-2021 14:00,
8098,16166,Case Closed,19-11-2021 14:00,
8099,16168,Case Closed,25-01-2022 16:00,
8100,16174,Case Closed,16-01-2022 12:00,
8101,16176,Case Closed,20-12-2021 01:00,
8102,16183,Case Closed,31-01-2022 23:00,
8103,16187,Case Closed,07-03-2022 22:00,
8104,16190,Case Closed,21-12-2021 11:00,
8105,16192,Case Closed,02-01-2022 02:00,
8106,16193,Case Closed,22-01-2022 12:00,
8107,16195,Case Closed,31-01-2022 08:00,
8108,16196,Case Closed,15-02-2022 08:00,
8109,16198,Case Closed,05-12-2021 15:00,
8110,16199,Case Closed,01-01-2022 20:00,
8111,16200,Case Closed,27-02-2023 09:00,
8112,16203,Case Closed,10-12-2021 21:00,
8113,16207,Case Closed,18-11-2021 00:00,
8114,16208,Case Closed,17-01-2022 18:00,
8115,16211,Case Closed,01-01-2022 10:00,
8116,16218,Case Closed,11-12-2021 02:00,
8117,16222,Case Closed,27-12-2021 17:00,
8118,16223,Case Closed,07-01-2022 01:00,
8119,16228,Case Closed,22-12-2021 02:00,
8120,16229,Case Closed,19-11-2021 17:00,
8121,16234,Case Closed,09-01-2022 17:00,
8122,16237,Case Closed,02-02-2022 21:00,
8123,16239,Case Closed,07-01-2022 20:00,
8124,16241,Case Closed,01-08-2023 21:00,
8125,16242,Case Closed,29-01-2022 18:00,
8126,16245,Case Closed,17-11-2021 10:00,
8127,16246,Case Closed,13-12-2021 11:00,
8128,16247,Case Closed,03-02-2022 13:00,
8129,16252,Case Closed,06-02-2022 14:00,
8130,16253,Case Closed,13-01-2022 17:00,
8131,16254,Case Closed,05-12-2021 23:00,
8132,16258,Case Closed,16-04-2023 21:00,
8133,16259,Case Closed,31-03-2022 16:00,
8134,16260,Case Closed,29-01-2022 13:00,
8135,16263,Case Closed,24-01-2022 03:00,
8136,16264,Case Closed,29-08-2022 18:00,
8137,16265,Case Closed,04-12-2021 08:00,
8138,16266,Case Closed,16-01-2022 20:00,
8139,16271,Case Closed,01-02-2022 08:00,
8140,16273,Case Closed,18-03-2022 20:00,
8141,16275,Case Closed,05-07-2023 01:00,
8142,16276,Case Closed,03-02-2022 14:00,
8143,16277,Case Closed,02-01-2022 18:00,
8144,16279,Case Closed,31-12-2021 19:00,
8145,16284,Case Closed,22-12-2021 20:00,
8146,16286,Case Closed,30-12-2021 23:00,
8147,16288,Case Closed,18-01-2022 20:00,
8148,16289,Case Closed,17-01-2022 04:00,
8149,16290,Case Closed,13-01-2022 02:00,
8150,16291,Case Closed,28-11-2021 21:00,
8151,16292,Case Closed,19-12-2021 16:00,
8152,16293,Case Closed,06-12-2021 16:00,
8153,16294,Case Closed,14-01-2022 08:00,
8154,16295,Case Closed,27-01-2022 11:00,
8155,16297,Case Closed,02-01-2022 23:00,
8156,16298,Case Closed,28-01-2022 18:00,
8157,16299,Case Closed,15-05-2022 14:00,
8158,16302,Case Closed,02-12-2021 08:00,
8159,16304,Case Closed,04-12-2021 23:00,
8160,16307,Case Closed,03-08-2023 06:00,
8161,16309,Case Closed,06-02-2022 07:00,
8162,16311,Case Closed,12-01-2022 12:00,
8163,16312,Case Closed,06-12-2021 12:00,
8164,16314,Case Closed,02-01-2022 00:00,
8165,16315,Case Closed,28-12-2021 08:00,
8166,16317,Case Closed,02-04-2022 06:00,
8167,16319,Case Closed,23-12-2021 23:00,
8168,16320,Case Closed,24-01-2022 13:00,
8169,16324,Case Closed,09-12-2021 02:00,
8170,16325,Case Closed,08-02-2022 02:00,
8171,16326,Case Closed,27-03-2022 22:00,
8172,16327,Case Closed,30-11-2021 11:00,
8173,16329,Case Closed,11-01-2022 10:00,
8174,16333,Case Closed,10-12-2021 18:00,
8175,16334,Case Closed,30-11-2021 03:00,
8176,16336,Case Closed,18-12-2021 02:00,
8177,16337,Case Closed,10-10-2022 19:00,
8178,16338,Case Closed,01-02-2022 03:00,
8179,16339,Case Closed,06-02-2022 22:00,
8180,16340,Case Closed,25-01-2022 08:00,
8181,16342,Case Closed,01-12-2021 18:00,
8182,16344,Case Closed,31-12-2021 12:00,
8183,16345,Case Closed,03-02-2022 13:00,
8184,16346,Case Closed,17-12-2021 16:00,
8185,16349,Case Closed,28-11-2021 16:00,
8186,16351,Case Closed,20-12-2021 09:00,
8187,16352,Case Closed,01-02-2022 00:00,
8188,16353,Case Closed,28-01-2022 09:00,
8189,16358,Case Closed,19-09-2023 04:00,
8190,16359,Case Closed,09-12-2021 01:00,
8191,16361,Case Closed,01-01-2022 15:00,
8192,16364,Case Closed,10-12-2021 07:00,
8193,16366,Case Closed,13-12-2021 01:00,
8194,16369,Case Closed,24-12-2021 11:00,
8195,16370,Case Closed,01-12-2021 09:00,
8196,16371,Case Closed,17-04-2022 21:00,
8197,16373,Case Closed,14-12-2021 19:00,
8198,16374,Case Closed,22-04-2022 13:00,
8199,16377,Case Closed,26-01-2022 23:00,
8200,16378,Case Closed,28-12-2021 22:00,
8201,16380,Case Closed,02-05-2022 04:00,
8202,16381,Case Closed,31-12-2021 19:00,
8203,16384,Case Closed,04-01-2022 00:00,
8204,16385,Case Closed,26-03-2022 04:00,
8205,16387,Case Closed,25-01-2022 13:00,
8206,16388,Case Closed,30-01-2022 15:00,
8207,16390,Case Closed,01-01-2022 07:00,
8208,16393,Case Closed,10-01-2022 19:00,
8209,16394,Case Closed,10-02-2022 17:00,
8210,16398,Case Closed,19-01-2022 18:00,
8211,16401,Case Closed,11-12-2021 15:00,
8212,16403,Case Closed,07-01-2022 08:00,
8213,16410,Case Closed,01-12-2021 16:00,
8214,16416,Case Closed,23-01-2022 08:00,
8215,16419,Case Closed,23-11-2021 20:00,
8216,16420,Case Closed,01-02-2022 00:00,
8217,16421,Case Closed,22-12-2021 05:00,
8218,16424,Case Closed,18-12-2021 00:00,
8219,16425,Case Closed,24-01-2022 17:00,
8220,16426,Case Closed,26-09-2023 00:00,
8221,16428,Case Closed,11-12-2021 07:00,
8222,16431,Case Closed,17-12-2021 01:00,
8223,16432,Case Closed,02-12-2021 07:00,
8224,16433,Case Closed,14-08-2022 14:00,
8225,16435,Case Closed,07-01-2022 01:00,
8226,16436,Case Closed,07-01-2022 07:00,
8227,16437,Case Closed,11-01-2022 16:00,
8228,16438,Case Closed,30-01-2022 06:00,
8229,16440,Case Closed,04-12-2021 18:00,
8230,16441,Case Closed,06-12-2021 03:00,
8231,16442,Case Closed,11-02-2022 08:00,
8232,16443,Case Closed,11-01-2022 00:00,
8233,16445,Case Closed,22-04-2023 17:00,
8234,16446,Case Closed,20-11-2021 09:00,
8235,16447,Case Closed,29-01-2022 23:00,
8236,16448,Case Closed,28-11-2021 21:00,
8237,16450,Case Closed,22-08-2022 18:00,
8238,16451,Case Closed,08-02-2022 13:00,
8239,16454,Case Closed,17-12-2021 16:00,
8240,16456,Case Closed,01-12-2021 10:00,
8241,16457,Case Closed,05-02-2023 14:00,
8242,16458,Case Closed,16-01-2022 04:00,
8243,16459,Case Closed,11-04-2022 05:00,
8244,16460,Case Closed,29-11-2021 06:00,
8245,16465,Case Closed,08-02-2022 09:00,
8246,16467,Case Closed,14-02-2022 05:00,
8247,16470,Case Closed,11-02-2022 00:00,
8248,16471,Case Closed,13-06-2022 14:00,
8249,16472,Case Closed,05-12-2021 20:00,
8250,16476,Case Closed,11-01-2022 08:00,
8251,16480,Case Closed,07-12-2021 08:00,
8252,16483,Case Closed,20-03-2022 19:00,
8253,16484,Case Closed,06-01-2022 05:00,
8254,16489,Case Closed,10-01-2022 21:00,
8255,16492,Case Closed,26-12-2021 01:00,
8256,16494,Case Closed,23-01-2022 15:00,
8257,16499,Case Closed,04-01-2022 12:00,
8258,16501,Case Closed,02-02-2022 00:00,
8259,16505,Case Closed,16-02-2022 22:00,
8260,16506,Case Closed,25-12-2021 16:00,
8261,16513,Case Closed,11-12-2021 02:00,
8262,16514,Case Closed,01-12-2021 23:00,
8263,16515,Case Closed,26-11-2021 14:00,
8264,16516,Case Closed,26-11-2021 20:00,
8265,16517,Case Closed,10-07-2022 07:00,
8266,16518,Case Closed,28-01-2022 02:00,
8267,16519,Case Closed,01-12-2021 17:00,
8268,16521,Case Closed,07-01-2022 14:00,
8269,16523,Case Closed,26-12-2021 09:00,
8270,16524,Case Closed,05-05-2022 19:00,
8271,16526,Case Closed,07-12-2021 00:00,
8272,16528,Case Closed,13-12-2021 03:00,
8273,16530,Case Closed,03-01-2022 09:00,
8274,16532,Case Closed,26-12-2021 23:00,
8275,16533,Case Closed,14-12-2021 00:00,
8276,16534,Case Closed,06-02-2022 09:00,
8277,16538,Case Closed,25-12-2021 18:00,
8278,16540,Case Closed,26-01-2022 01:00,
8279,16541,Case Closed,25-11-2021 22:00,
8280,16542,Case Closed,22-11-2021 04:00,
8281,16549,Case Closed,29-12-2021 12:00,
8282,16552,Case Closed,30-11-2021 02:00,
8283,16555,Case Closed,16-02-2022 15:00,
8284,16557,Case Closed,18-03-2022 17:00,
8285,16558,Case Closed,05-02-2022 06:00,
8286,16560,Case Closed,16-12-2021 15:00,
8287,16561,Case Closed,19-01-2022 17:00,
8288,16563,Case Closed,10-04-2023 04:00,
8289,16567,Case Closed,01-01-2022 00:00,
8290,16569,Case Closed,27-12-2021 10:00,
8291,16570,Case Closed,22-07-2022 20:00,
8292,16573,Case Closed,04-02-2022 14:00,
8293,16574,Case Closed,04-02-2022 08:00,
8294,16575,Case Closed,15-12-2021 16:00,
8295,16576,Case Closed,20-02-2022 13:00,
8296,16577,Case Closed,01-02-2022 02:00,
8297,16578,Case Closed,16-01-2022 23:00,
8298,16579,Case Closed,02-12-2021 06:00,
8299,16582,Case Closed,22-01-2022 00:00,
8300,16583,Case Closed,01-01-2022 15:00,
8301,16584,Case Closed,19-02-2022 05:00,
8302,16588,Case Closed,12-12-2021 21:00,
8303,16589,Case Closed,15-01-2022 17:00,
8304,16590,Case Closed,09-01-2022 17:00,
8305,16593,Case Closed,19-02-2022 07:00,
8306,16595,Case Closed,14-12-2021 21:00,
8307,16597,Case Closed,29-12-2021 07:00,
8308,16599,Case Closed,15-01-2022 03:00,
8309,16601,Case Closed,27-01-2022 05:00,
8310,16602,Case Closed,10-02-2022 19:00,
8311,16603,Case Closed,17-01-2022 16:00,
8312,16605,Case Closed,14-02-2022 12:00,
8313,16606,Case Closed,07-02-2022 12:00,
8314,16607,Case Closed,18-03-2023 15:00,
8315,16608,Case Closed,12-01-2022 03:00,
8316,16609,Case Closed,13-11-2023 16:00,
8317,16611,Case Closed,10-02-2022 10:00,
8318,16612,Case Closed,25-12-2021 04:00,
8319,16615,Case Closed,16-01-2022 11:00,
8320,16616,Case Closed,04-01-2022 17:00,
8321,16617,Case Closed,03-02-2022 19:00,
8322,16620,Case Closed,21-12-2021 00:00,
8323,16621,Case Closed,25-01-2022 02:00,
8324,16622,Case Closed,12-10-2022 05:00,
8325,16624,Case Closed,09-12-2021 17:00,
8326,16625,Case Closed,12-12-2021 22:00,
8327,16626,Case Closed,16-01-2022 17:00,
8328,16628,Case Closed,02-01-2022 02:00,
8329,16629,Case Closed,07-12-2021 23:00,
8330,16630,Case Closed,01-01-2022 17:00,
8331,16632,Case Closed,21-12-2021 02:00,
8332,16634,Case Closed,19-12-2021 06:00,
8333,16636,Case Closed,31-12-2021 10:00,
8334,16638,Case Closed,17-02-2022 00:00,
8335,16643,Case Closed,27-12-2021 02:00,
8336,16644,Case Closed,31-12-2021 22:00,
8337,16646,Case Closed,19-02-2022 08:00,
8338,16647,Case Closed,12-01-2022 02:00,
8339,16649,Case Closed,09-01-2022 23:00,
8340,16652,Case Closed,10-01-2022 10:00,
8341,16657,Case Closed,27-12-2021 23:00,
8342,16659,Case Closed,05-03-2022 23:00,
8343,16661,Case Closed,10-01-2022 08:00,
8344,16662,Case Closed,13-02-2022 14:00,
8345,16666,Case Closed,18-02-2022 12:00,
8346,16667,Case Closed,18-12-2021 11:00,
8347,16670,Case Closed,03-01-2022 23:00,
8348,16672,Case Closed,21-02-2022 01:00,
8349,16675,Case Closed,19-02-2022 15:00,
8350,16677,Case Closed,18-01-2022 10:00,
8351,16679,Case Closed,25-12-2022 14:00,
8352,16681,Case Closed,27-01-2022 19:00,
8353,16682,Case Closed,16-12-2021 19:00,
8354,16683,Case Closed,28-12-2021 00:00,
8355,16684,Case Closed,23-12-2021 00:00,
8356,16686,Case Closed,11-01-2022 20:00,
8357,16687,Case Closed,05-01-2022 05:00,
8358,16690,Case Closed,13-09-2023 03:00,
8359,16694,Case Closed,03-12-2021 04:00,
8360,16695,Case Closed,21-12-2021 00:00,
8361,16698,Case Closed,12-01-2022 23:00,
8362,16699,Case Closed,04-12-2022 20:00,
8363,16701,Case Closed,06-02-2022 23:00,
8364,16703,Case Closed,15-09-2022 17:00,
8365,16704,Case Closed,25-12-2021 14:00,
8366,16706,Case Closed,17-12-2021 12:00,
8367,16707,Case Closed,19-10-2023 20:00,
8368,16710,Case Closed,09-01-2022 01:00,
8369,16711,Case Closed,09-04-2023 14:00,
8370,16712,Case Closed,03-01-2022 10:00,
8371,16718,Case Closed,06-02-2022 22:00,
8372,16720,Case Closed,04-01-2022 02:00,
8373,16723,Case Closed,20-01-2022 11:00,
8374,16724,Case Closed,10-02-2022 15:00,
8375,16725,Case Closed,31-01-2022 12:00,
8376,16727,Case Closed,24-02-2022 14:00,
8377,16734,Case Closed,01-01-2022 17:00,
8378,16742,Case Closed,29-01-2022 17:00,
8379,16743,Case Closed,06-01-2022 11:00,
8380,16744,Case Closed,18-12-2021 04:00,
8381,16745,Case Closed,10-01-2022 17:00,
8382,16747,Case Closed,14-06-2023 12:00,
8383,16749,Case Closed,17-01-2022 23:00,
8384,16751,Case Closed,04-01-2022 03:00,
8385,16752,Case Closed,03-12-2021 12:00,
8386,16753,Case Closed,18-12-2021 05:00,
8387,16755,Case Closed,31-01-2022 20:00,
8388,16757,Case Closed,25-02-2022 22:00,
8389,16758,Case Closed,11-01-2022 12:00,
8390,16759,Case Closed,14-02-2022 06:00,
8391,16761,Case Closed,22-04-2022 06:00,
8392,16764,Case Closed,19-12-2021 09:00,
8393,16765,Case Closed,18-12-2021 08:00,
8394,16768,Case Closed,15-02-2022 04:00,
8395,16769,Case Closed,26-02-2022 10:00,
8396,16770,Case Closed,07-12-2021 18:00,
8397,16778,Case Closed,18-12-2021 16:00,
8398,16779,Case Closed,28-09-2023 04:00,
8399,16780,Case Closed,27-01-2022 10:00,
8400,16781,Case Closed,29-12-2021 14:00,
8401,16782,Case Closed,16-12-2021 04:00,
8402,16786,Case Closed,02-01-2022 01:00,
8403,16791,Case Closed,11-12-2021 00:00,
8404,16793,Case Closed,16-01-2022 17:00,
8405,16794,Case Closed,10-04-2022 02:00,
8406,16795,Case Closed,19-12-2021 18:00,
8407,16797,Case Closed,08-11-2023 18:00,
8408,16801,Case Closed,23-12-2021 11:00,
8409,16803,Case Closed,07-02-2022 17:00,
8410,16807,Case Closed,21-03-2022 00:00,
8411,16811,Case Closed,27-12-2021 01:00,
8412,16816,Case Closed,19-12-2021 14:00,
8413,16818,Case Closed,16-01-2022 15:00,
8414,16819,Case Closed,23-12-2021 09:00,
8415,16821,Case Closed,18-01-2022 12:00,
8416,16825,Case Closed,31-01-2022 21:00,
8417,16827,Case Closed,10-02-2022 20:00,
8418,16830,Case Closed,05-01-2022 09:00,
8419,16831,Case Closed,11-02-2022 00:00,
8420,16832,Case Closed,06-02-2022 23:00,
8421,16833,Case Closed,07-02-2022 07:00,
8422,16834,Case Closed,15-01-2022 05:00,
8423,16835,Case Closed,22-12-2021 04:00,
8424,16836,Case Closed,24-01-2022 14:00,
8425,16839,Case Closed,02-03-2022 08:00,
8426,16844,Case Closed,28-10-2022 02:00,
8427,16845,Case Closed,13-12-2021 16:00,
8428,16846,Case Closed,22-01-2022 00:00,
8429,16847,Case Closed,23-12-2021 04:00,
8430,16848,Case Closed,23-02-2023 10:00,
8431,16849,Case Closed,20-01-2022 01:00,
8432,16850,Case Closed,09-02-2022 21:00,
8433,16851,Case Closed,11-12-2021 12:00,
8434,16852,Case Closed,22-07-2022 15:00,
8435,16859,Case Closed,10-04-2022 20:00,
8436,16860,Case Closed,19-01-2022 22:00,
8437,16862,Case Closed,18-02-2022 13:00,
8438,16865,Case Closed,25-12-2021 04:00,
8439,16870,Case Closed,28-02-2022 08:00,
8440,16873,Case Closed,21-01-2022 18:00,
8441,16874,Case Closed,17-02-2022 13:00,
8442,16875,Case Closed,25-02-2022 09:00,
8443,16876,Case Closed,21-01-2022 20:00,
8444,16882,Case Closed,29-12-2021 00:00,
8445,16883,Case Closed,09-07-2023 14:00,
8446,16886,Case Closed,07-01-2022 17:00,
8447,16888,Case Closed,17-04-2022 08:00,
8448,16892,Case Closed,08-02-2022 00:00,
8449,16893,Case Closed,28-08-2023 21:00,
8450,16894,Case Closed,05-01-2022 06:00,
8451,16897,Case Closed,19-05-2022 22:00,
8452,16899,Case Closed,15-01-2022 15:00,
8453,16900,Case Closed,22-01-2022 19:00,
8454,16901,Case Closed,23-02-2022 17:00,
8455,16904,Case Closed,01-01-2022 09:00,
8456,16905,Case Closed,31-01-2022 06:00,
8457,16906,Case Closed,04-03-2022 04:00,
8458,16907,Case Closed,27-01-2022 21:00,
8459,16908,Case Closed,31-01-2022 22:00,
8460,16911,Case Closed,03-01-2022 19:00,
8461,16914,Case Closed,08-04-2022 02:00,
8462,16916,Case Closed,31-12-2021 17:00,
8463,16917,Case Closed,19-10-2022 12:00,
8464,16919,Case Closed,14-02-2022 06:00,
8465,16920,Case Closed,10-01-2022 06:00,
8466,16921,Case Closed,28-04-2023 01:00,
8467,16923,Case Closed,31-01-2022 07:00,
8468,16925,Case Closed,15-01-2022 20:00,
8469,16927,Case Closed,28-12-2021 01:00,
8470,16930,Case Closed,04-03-2022 19:00,
8471,16931,Case Closed,15-02-2022 07:00,
8472,16933,Case Closed,31-01-2022 11:00,
8473,16935,Case Closed,31-12-2021 15:00,
8474,16936,Case Closed,24-12-2021 11:00,
8475,16937,Case Closed,19-02-2022 04:00,
8476,16940,Case Closed,11-12-2021 16:00,
8477,16943,Case Closed,21-12-2021 01:00,
8478,16948,Case Closed,18-12-2021 09:00,
8479,16951,Case Closed,19-02-2022 08:00,
8480,16952,Case Closed,11-01-2022 20:00,
8481,16953,Case Closed,08-03-2022 11:00,
8482,16955,Case Closed,09-01-2022 11:00,
8483,16956,Case Closed,03-02-2022 09:00,
8484,16957,Case Closed,08-05-2022 10:00,
8485,16960,Case Closed,16-12-2021 10:00,
8486,16962,Case Closed,26-12-2021 08:00,
8487,16963,Case Closed,25-01-2022 08:00,
8488,16964,Case Closed,25-12-2021 13:00,
8489,16968,Case Closed,09-01-2022 12:00,
8490,16971,Case Closed,30-01-2022 22:00,
8491,16976,Case Closed,29-12-2021 11:00,
8492,16978,Case Closed,11-12-2021 10:00,
8493,16981,Case Closed,01-02-2022 10:00,
8494,16986,Case Closed,11-01-2022 04:00,
8495,16987,Case Closed,17-05-2023 08:00,
8496,16988,Case Closed,20-02-2022 07:00,
8497,16990,Case Closed,01-03-2022 18:00,
8498,16992,Case Closed,12-01-2022 08:00,
8499,16995,Case Closed,23-02-2022 01:00,
8500,16998,Case Closed,10-12-2023 01:00,
8501,17003,Case Closed,19-02-2022 15:00,
8502,17006,Case Closed,20-02-2022 12:00,
8503,17007,Case Closed,05-01-2022 21:00,
8504,17008,Case Closed,16-02-2022 09:00,
8505,17011,Case Closed,02-06-2022 16:00,
8506,17013,Case Closed,11-02-2022 06:00,
8507,17015,Case Closed,01-01-2022 00:00,
8508,17016,Case Closed,13-01-2022 09:00,
8509,17017,Case Closed,27-01-2023 01:00,
8510,17019,Case Closed,19-12-2021 06:00,
8511,17022,Case Closed,16-02-2022 04:00,
8512,17026,Case Closed,29-12-2021 20:00,
8513,17029,Case Closed,05-02-2022 09:00,
8514,17032,Case Closed,09-02-2022 21:00,
8515,17037,Case Closed,27-02-2022 10:00,
8516,17039,Case Closed,22-01-2022 04:00,
8517,17043,Case Closed,01-01-2022 04:00,
8518,17045,Case Closed,11-01-2022 15:00,
8519,17046,Case Closed,03-03-2022 21:00,
8520,17048,Case Closed,03-03-2022 22:00,
8521,17049,Case Closed,04-02-2022 17:00,
8522,17050,Case Closed,15-12-2021 02:00,
8523,17051,Case Closed,06-01-2022 23:00,
8524,17053,Case Closed,27-12-2021 03:00,
8525,17055,Case Closed,30-12-2021 20:00,
8526,17057,Case Closed,20-01-2022 13:00,
8527,17058,Case Closed,30-12-2021 19:00,
8528,17060,Case Closed,05-02-2022 15:00,
8529,17061,Case Closed,05-11-2023 14:00,
8530,17066,Case Closed,27-12-2021 16:00,
8531,17067,Case Closed,30-12-2021 11:00,
8532,17068,Case Closed,29-10-2022 22:00,
8533,17070,Case Closed,26-01-2022 05:00,
8534,17071,Case Closed,31-01-2022 12:00,
8535,17073,Case Closed,04-01-2022 12:00,
8536,17074,Case Closed,01-01-2022 15:00,
8537,17075,Case Closed,25-12-2021 05:00,
8538,17076,Case Closed,19-01-2022 21:00,
8539,17077,Case Closed,24-01-2022 04:00,
8540,17078,Case Closed,23-01-2022 17:00,
8541,17084,Case Closed,25-12-2021 22:00,
8542,17085,Case Closed,30-12-2021 06:00,
8543,17086,Case Closed,25-01-2022 16:00,
8544,17087,Case Closed,07-03-2022 20:00,
8545,17089,Case Closed,07-05-2022 21:00,
8546,17091,Case Closed,02-03-2022 05:00,
8547,17093,Case Closed,05-10-2023 19:00,
8548,17095,Case Closed,13-03-2023 12:00,
8549,17097,Case Closed,04-02-2022 19:00,
8550,17099,Case Closed,06-02-2022 22:00,
8551,17100,Case Closed,27-12-2021 03:00,
8552,17103,Case Closed,21-01-2022 06:00,
8553,17104,Case Closed,15-12-2021 21:00,
8554,17105,Case Closed,27-01-2022 21:00,
8555,17106,Case Closed,14-03-2022 14:00,
8556,17108,Case Closed,11-02-2022 05:00,
8557,17109,Case Closed,27-12-2021 02:00,
8558,17111,Case Closed,04-02-2022 12:00,
8559,17112,Case Closed,03-02-2022 06:00,
8560,17120,Case Closed,08-02-2022 12:00,
8561,17121,Case Closed,05-01-2022 12:00,
8562,17123,Case Closed,06-01-2022 17:00,
8563,17124,Case Closed,05-01-2022 09:00,
8564,17125,Case Closed,14-04-2022 03:00,
8565,17126,Case Closed,01-01-2022 17:00,
8566,17129,Case Closed,18-01-2022 16:00,
8567,17131,Case Closed,05-01-2022 09:00,
8568,17132,Case Closed,22-12-2021 09:00,
8569,17133,Case Closed,12-03-2022 22:00,
8570,17134,Case Closed,21-02-2022 02:00,
8571,17135,Case Closed,29-12-2021 09:00,
8572,17136,Case Closed,05-01-2022 04:00,
8573,17141,Case Closed,11-03-2022 10:00,
8574,17142,Case Closed,07-03-2022 05:00,
8575,17143,Case Closed,09-01-2022 23:00,
8576,17144,Case Closed,27-02-2022 11:00,
8577,17145,Case Closed,05-01-2022 06:00,
8578,17148,Case Closed,31-12-2021 18:00,
8579,17150,Case Closed,22-01-2022 16:00,
8580,17154,Case Closed,16-02-2022 08:00,
8581,17158,Case Closed,04-03-2022 16:00,
8582,17159,Case Closed,05-04-2023 13:00,
8583,17162,Case Closed,09-01-2022 13:00,
8584,17163,Case Closed,03-07-2022 08:00,
8585,17164,Case Closed,18-01-2022 08:00,
8586,17165,Case Closed,07-01-2022 09:00,
8587,17167,Case Closed,20-02-2022 07:00,
8588,17170,Case Closed,04-01-2022 22:00,
8589,17175,Case Closed,03-03-2022 19:00,
8590,17181,Case Closed,24-02-2022 16:00,
8591,17183,Case Closed,13-02-2022 02:00,
8592,17184,Case Closed,25-08-2023 18:00,
8593,17187,Case Closed,12-02-2022 05:00,
8594,17188,Case Closed,06-03-2022 06:00,
8595,17190,Case Closed,28-01-2022 18:00,
8596,17192,Case Closed,09-01-2022 17:00,
8597,17195,Case Closed,08-02-2022 16:00,
8598,17196,Case Closed,06-03-2022 18:00,
8599,17197,Case Closed,03-03-2022 13:00,
8600,17198,Case Closed,10-02-2022 11:00,
8601,17201,Case Closed,18-03-2022 08:00,
8602,17202,Case Closed,10-01-2022 17:00,
8603,17209,Case Closed,19-02-2022 14:00,
8604,17213,Case Closed,15-03-2022 13:00,
8605,17214,Case Closed,26-01-2022 06:00,
8606,17220,Case Closed,03-11-2023 00:00,
8607,17221,Case Closed,18-01-2022 03:00,
8608,17222,Case Closed,06-02-2022 22:00,
8609,17224,Case Closed,01-03-2022 22:00,
8610,17225,Case Closed,07-03-2022 05:00,
8611,17226,Case Closed,04-01-2022 19:00,
8612,17227,Case Closed,08-03-2022 10:00,
8613,17228,Case Closed,23-01-2023 20:00,
8614,17231,Case Closed,27-02-2022 02:00,
8615,17233,Case Closed,01-01-2022 01:00,
8616,17238,Case Closed,03-11-2022 00:00,
8617,17239,Case Closed,05-02-2022 02:00,
8618,17241,Case Closed,24-01-2022 00:00,
8619,17242,Case Closed,30-01-2022 01:00,
8620,17245,Case Closed,18-02-2022 03:00,
8621,17246,Case Closed,14-01-2022 05:00,
8622,17247,Case Closed,04-03-2022 01:00,
8623,17250,Case Closed,01-02-2022 16:00,
8624,17251,Case Closed,05-03-2022 17:00,
8625,17254,Case Closed,20-12-2022 06:00,
8626,17255,Case Closed,11-01-2022 18:00,
8627,17257,Case Closed,02-02-2022 19:00,
8628,17259,Case Closed,06-03-2022 06:00,
8629,17261,Case Closed,28-01-2022 16:00,
8630,17265,Case Closed,28-02-2022 23:00,
8631,17269,Case Closed,01-01-2022 17:00,
8632,17270,Case Closed,04-02-2022 06:00,
8633,17272,Case Closed,12-03-2022 20:00,
8634,17275,Case Closed,12-03-2022 03:00,
8635,17276,Case Closed,11-01-2022 08:00,
8636,17281,Case Closed,10-01-2022 09:00,
8637,17283,Case Closed,06-03-2022 06:00,
8638,17285,Case Closed,26-01-2022 01:00,
8639,17289,Case Closed,18-03-2022 06:00,
8640,17291,Case Closed,02-01-2022 02:00,
8641,17292,Case Closed,17-03-2022 04:00,
8642,17304,Case Closed,12-01-2022 10:00,
8643,17305,Case Closed,24-02-2022 16:00,
8644,17306,Case Closed,25-01-2022 19:00,
8645,17311,Case Closed,02-01-2022 14:00,
8646,17312,Case Closed,20-01-2022 14:00,
8647,17316,Case Closed,19-02-2022 18:00,
8648,17324,Case Closed,27-01-2022 17:00,
8649,17325,Case Closed,19-01-2022 19:00,
8650,17327,Case Closed,10-03-2022 18:00,
8651,17328,Case Closed,06-01-2022 04:00,
8652,17330,Case Closed,07-03-2022 07:00,
8653,17331,Case Closed,11-02-2022 21:00,
8654,17333,Case Closed,07-01-2022 16:00,
8655,17334,Case Closed,19-03-2022 20:00,
8656,17335,Case Closed,17-02-2022 01:00,
8657,17336,Case Closed,08-03-2022 10:00,
8658,17339,Case Closed,03-01-2022 15:00,
8659,17340,Case Closed,24-02-2022 08:00,
8660,17341,Case Closed,18-01-2022 20:00,
8661,17343,Case Closed,26-03-2022 18:00,
8662,17344,Case Closed,13-01-2022 17:00,
8663,17346,Case Closed,16-03-2022 08:00,
8664,17347,Case Closed,28-11-2022 03:00,
8665,17348,Case Closed,28-04-2022 10:00,
8666,17349,Case Closed,01-01-2022 18:00,
8667,17350,Case Closed,10-02-2022 11:00,
8668,17351,Case Closed,03-03-2022 12:00,
8669,17353,Case Closed,21-01-2022 05:00,
8670,17356,Case Closed,02-02-2022 06:00,
8671,17357,Case Closed,14-02-2022 18:00,
8672,17358,Case Closed,27-02-2022 17:00,
8673,17359,Case Closed,01-03-2022 12:00,
8674,17361,Case Closed,20-02-2022 01:00,
8675,17362,Case Closed,24-03-2022 13:00,
8676,17365,Case Closed,17-02-2022 02:00,
8677,17367,Case Closed,08-01-2022 14:00,
8678,17369,Case Closed,28-01-2022 22:00,
8679,17370,Case Closed,14-01-2022 20:00,
8680,17371,Case Closed,19-01-2022 19:00,
8681,17373,Case Closed,08-01-2022 17:00,
8682,17375,Case Closed,12-03-2022 19:00,
8683,17376,Case Closed,20-07-2023 20:00,
8684,17378,Case Closed,01-03-2022 22:00,
8685,17385,Case Closed,19-02-2022 00:00,
8686,17387,Case Closed,09-02-2023 19:00,
8687,17391,Case Closed,20-03-2022 21:00,
8688,17397,Case Closed,31-07-2023 03:00,
8689,17398,Case Closed,03-02-2022 04:00,
8690,17404,Case Closed,04-02-2022 07:00,
8691,17408,Case Closed,10-02-2022 12:00,
8692,17409,Case Closed,01-01-2022 23:00,
8693,17410,Case Closed,15-02-2022 12:00,
8694,17413,Case Closed,09-01-2022 19:00,
8695,17416,Case Closed,11-03-2022 04:00,
8696,17417,Case Closed,01-03-2022 19:00,
8697,17418,Case Closed,15-01-2022 09:00,
8698,17419,Case Closed,21-02-2022 19:00,
8699,17421,Case Closed,25-01-2022 22:00,
8700,17424,Case Closed,03-02-2022 18:00,
8701,17425,Case Closed,26-07-2022 05:00,
8702,17427,Case Closed,07-12-2023 23:00,
8703,17430,Case Closed,17-01-2022 11:00,
8704,17433,Case Closed,17-02-2023 17:00,
8705,17434,Case Closed,09-01-2022 02:00,
8706,17439,Case Closed,26-01-2022 18:00,
8707,17440,Case Closed,01-03-2022 09:00,
8708,17441,Case Closed,25-02-2022 09:00,
8709,17442,Case Closed,26-02-2022 01:00,
8710,17444,Case Closed,22-03-2022 15:00,
8711,17449,Case Closed,27-01-2022 08:00,
8712,17451,Case Closed,27-01-2022 11:00,
8713,17452,Case Closed,29-12-2021 22:00,
8714,17454,Case Closed,06-02-2022 10:00,
8715,17456,Case Closed,12-07-2023 03:00,
8716,17457,Case Closed,05-06-2022 19:00,
8717,17459,Case Closed,25-01-2022 08:00,
8718,17460,Case Closed,16-01-2022 20:00,
8719,17462,Case Closed,21-10-2022 01:00,
8720,17463,Case Closed,20-01-2022 00:00,
8721,17466,Case Closed,12-03-2022 09:00,
8722,17467,Case Closed,04-03-2022 14:00,
8723,17470,Case Closed,17-02-2022 08:00,
8724,17471,Case Closed,20-02-2022 08:00,
8725,17473,Case Closed,22-02-2022 03:00,
8726,17475,Case Closed,26-01-2022 12:00,
8727,17476,Case Closed,27-02-2022 09:00,
8728,17477,Case Closed,21-03-2022 07:00,
8729,17479,Case Closed,13-02-2022 15:00,
8730,17481,Case Closed,29-03-2022 12:00,
8731,17482,Case Closed,09-02-2022 00:00,
8732,17484,Case Closed,23-03-2022 04:00,
8733,17486,Case Closed,04-03-2022 10:00,
8734,17491,Case Closed,09-02-2022 22:00,
8735,17492,Case Closed,19-12-2023 21:00,
8736,17493,Case Closed,26-03-2022 02:00,
8737,17495,Case Closed,11-02-2022 19:00,
8738,17497,Case Closed,15-01-2022 09:00,
8739,17498,Case Closed,10-02-2022 12:00,
8740,17501,Case Closed,28-02-2022 06:00,
8741,17502,Case Closed,27-03-2022 05:00,
8742,17503,Case Closed,28-01-2023 23:00,
8743,17505,Case Closed,16-03-2022 09:00,
8744,17506,Case Closed,03-02-2022 07:00,
8745,17507,Case Closed,06-03-2022 23:00,
8746,17508,Case Closed,15-03-2022 07:00,
8747,17510,Case Closed,18-01-2022 14:00,
8748,17513,Case Closed,15-02-2022 07:00,
8749,17515,Case Closed,11-01-2023 14:00,
8750,17520,Case Closed,12-02-2022 09:00,
8751,17522,Case Closed,03-03-2022 06:00,
8752,17523,Case Closed,05-08-2023 17:00,
8753,17524,Case Closed,20-01-2022 12:00,
8754,17526,Case Closed,13-02-2022 02:00,
8755,17527,Case Closed,25-02-2022 09:00,
8756,17530,Case Closed,11-01-2022 23:00,
8757,17532,Case Closed,01-02-2022 15:00,
8758,17536,Case Closed,26-01-2022 21:00,
8759,17537,Case Closed,14-03-2022 07:00,
8760,17543,Case Closed,20-02-2022 04:00,
8761,17544,Case Closed,20-03-2022 17:00,
8762,17545,Case Closed,27-02-2022 11:00,
8763,17546,Case Closed,15-01-2022 22:00,
8764,17547,Case Closed,11-01-2022 07:00,
8765,17549,Case Closed,09-02-2022 08:00,
8766,17550,Case Closed,19-01-2022 18:00,
8767,17555,Case Closed,25-01-2022 04:00,
8768,17556,Case Closed,22-01-2022 02:00,
8769,17558,Case Closed,11-03-2022 13:00,
8770,17560,Case Closed,21-05-2022 08:00,
8771,17561,Case Closed,15-03-2022 20:00,
8772,17564,Case Closed,16-02-2022 04:00,
8773,17566,Case Closed,17-01-2022 23:00,
8774,17567,Case Closed,22-01-2022 22:00,
8775,17568,Case Closed,01-04-2023 20:00,
8776,17569,Case Closed,04-03-2022 18:00,
8777,17572,Case Closed,28-03-2022 16:00,
8778,17575,Case Closed,13-03-2022 15:00,
8779,17576,Case Closed,21-03-2022 01:00,
8780,17579,Case Closed,15-02-2022 23:00,
8781,17584,Case Closed,26-01-2022 09:00,
8782,17585,Case Closed,10-03-2022 04:00,
8783,17586,Case Closed,04-03-2022 10:00,
8784,17587,Case Closed,15-04-2022 04:00,
8785,17588,Case Closed,16-03-2022 16:00,
8786,17591,Case Closed,20-02-2022 23:00,
8787,17592,Case Closed,17-02-2023 00:00,
8788,17597,Case Closed,13-03-2022 20:00,
8789,17598,Case Closed,03-03-2022 03:00,
8790,17599,Case Closed,01-04-2022 02:00,
8791,17601,Case Closed,25-01-2022 00:00,
8792,17602,Case Closed,31-03-2022 20:00,
8793,17604,Case Closed,23-02-2022 21:00,
8794,17605,Case Closed,25-02-2023 14:00,
8795,17607,Case Closed,16-01-2022 16:00,
8796,17608,Case Closed,18-01-2022 17:00,
8797,17609,Case Closed,09-09-2023 04:00,
8798,17611,Case Closed,21-02-2022 01:00,
8799,17612,Case Closed,12-11-2023 12:00,
8800,17617,Case Closed,19-09-2023 20:00,
8801,17619,Case Closed,26-01-2022 11:00,
8802,17622,Case Closed,22-03-2022 13:00,
8803,17626,Case Closed,03-10-2022 22:00,
8804,17630,Case Closed,20-01-2022 21:00,
8805,17631,Case Closed,16-06-2022 13:00,
8806,17632,Case Closed,08-02-2022 16:00,
8807,17637,Case Closed,20-01-2022 12:00,
8808,17638,Case Closed,21-03-2022 14:00,
8809,17639,Case Closed,08-01-2022 03:00,
8810,17641,Case Closed,22-02-2022 11:00,
8811,17642,Case Closed,10-02-2022 04:00,
8812,17643,Case Closed,08-05-2022 05:00,
8813,17644,Case Closed,27-01-2022 02:00,
8814,17645,Case Closed,25-01-2022 08:00,
8815,17646,Case Closed,17-12-2022 06:00,
8816,17648,Case Closed,15-02-2022 00:00,
8817,17652,Case Closed,09-01-2022 09:00,
8818,17654,Case Closed,02-03-2022 13:00,
8819,17655,Case Closed,01-11-2022 05:00,
8820,17657,Case Closed,25-01-2022 18:00,
8821,17658,Case Closed,17-03-2022 01:00,
8822,17659,Case Closed,27-01-2022 17:00,
8823,17660,Case Closed,04-03-2022 01:00,
8824,17663,Case Closed,26-03-2022 12:00,
8825,17665,Case Closed,02-03-2022 23:00,
8826,17667,Case Closed,21-03-2022 15:00,
8827,17669,Case Closed,08-03-2022 05:00,
8828,17672,Case Closed,21-01-2022 06:00,
8829,17673,Case Closed,22-02-2022 00:00,
8830,17674,Case Closed,21-02-2022 14:00,
8831,17676,Case Closed,10-02-2022 23:00,
8832,17677,Case Closed,03-02-2022 05:00,
8833,17678,Case Closed,23-02-2022 23:00,
8834,17679,Case Closed,19-09-2022 23:00,
8835,17681,Case Closed,20-02-2022 21:00,
8836,17682,Case Closed,28-03-2022 02:00,
8837,17685,Case Closed,18-02-2022 14:00,
8838,17686,Case Closed,06-04-2022 06:00,
8839,17687,Case Closed,24-01-2022 08:00,
8840,17688,Case Closed,31-03-2022 03:00,
8841,17689,Case Closed,12-03-2022 13:00,
8842,17691,Case Closed,06-02-2022 11:00,
8843,17692,Case Closed,06-02-2022 02:00,
8844,17696,Case Closed,29-03-2023 14:00,
8845,17697,Case Closed,22-01-2022 09:00,
8846,17699,Case Closed,28-12-2023 19:00,
8847,17700,Case Closed,14-06-2022 21:00,
8848,17705,Case Closed,06-06-2023 15:00,
8849,17710,Case Closed,07-04-2022 19:00,
8850,17721,Case Closed,07-03-2022 08:00,
8851,17722,Case Closed,17-01-2022 11:00,
8852,17723,Case Closed,18-01-2022 08:00,
8853,17724,Case Closed,25-03-2022 15:00,
8854,17726,Case Closed,07-03-2022 15:00,
8855,17730,Case Closed,14-02-2022 01:00,
8856,17731,Case Closed,04-03-2022 10:00,
8857,17734,Case Closed,23-03-2022 05:00,
8858,17735,Case Closed,03-02-2022 09:00,
8859,17736,Case Closed,14-04-2022 15:00,
8860,17737,Case Closed,13-01-2022 08:00,
8861,17741,Case Closed,26-02-2022 02:00,
8862,17744,Case Closed,23-03-2022 03:00,
8863,17747,Case Closed,24-02-2022 10:00,
8864,17749,Case Closed,17-02-2022 14:00,
8865,17751,Case Closed,21-01-2022 18:00,
8866,17752,Case Closed,20-01-2022 23:00,
8867,17754,Case Closed,27-01-2022 20:00,
8868,17755,Case Closed,19-03-2022 05:00,
8869,17759,Case Closed,26-03-2022 10:00,
8870,17760,Case Closed,13-05-2023 01:00,
8871,17764,Case Closed,24-01-2022 19:00,
8872,17767,Case Closed,26-02-2022 15:00,
8873,17770,Case Closed,06-04-2022 10:00,
8874,17771,Case Closed,10-04-2022 12:00,
8875,17773,Case Closed,15-02-2022 15:00,
8876,17776,Case Closed,06-02-2023 20:00,
8877,17777,Case Closed,09-04-2022 22:00,
8878,17778,Case Closed,28-01-2022 01:00,
8879,17780,Case Closed,13-01-2022 00:00,
8880,17783,Case Closed,31-01-2022 14:00,
8881,17785,Case Closed,22-05-2023 05:00,
8882,17786,Case Closed,04-09-2023 22:00,
8883,17787,Case Closed,18-06-2022 01:00,
8884,17789,Case Closed,30-01-2022 08:00,
8885,17790,Case Closed,01-02-2022 14:00,
8886,17794,Case Closed,15-03-2022 14:00,
8887,17795,Case Closed,31-03-2022 07:00,
8888,17799,Case Closed,03-12-2022 16:00,
8889,17800,Case Closed,21-03-2022 00:00,
8890,17801,Case Closed,05-02-2022 06:00,
8891,17802,Case Closed,06-04-2022 19:00,
8892,17804,Case Closed,24-02-2022 23:00,
8893,17806,Case Closed,15-01-2022 05:00,
8894,17809,Case Closed,30-01-2022 05:00,
8895,17810,Case Closed,23-02-2022 08:00,
8896,17813,Case Closed,02-03-2022 19:00,
8897,17817,Case Closed,16-03-2022 17:00,
8898,17820,Case Closed,25-02-2022 02:00,
8899,17821,Case Closed,18-03-2022 10:00,
8900,17824,Case Closed,24-01-2022 20:00,
8901,17829,Case Closed,15-03-2022 18:00,
8902,17830,Case Closed,10-02-2022 04:00,
8903,17831,Case Closed,27-07-2023 11:00,
8904,17832,Case Closed,08-02-2022 20:00,
8905,17833,Case Closed,03-02-2022 11:00,
8906,17839,Case Closed,25-02-2022 12:00,
8907,17842,Case Closed,22-06-2022 01:00,
8908,17845,Case Closed,09-02-2022 20:00,
8909,17846,Case Closed,08-02-2022 22:00,
8910,17851,Case Closed,07-08-2022 03:00,
8911,17853,Case Closed,23-08-2022 19:00,
8912,17855,Case Closed,03-02-2022 17:00,
8913,17857,Case Closed,22-03-2022 16:00,
8914,17859,Case Closed,05-09-2022 00:00,
8915,17861,Case Closed,02-04-2022 13:00,
8916,17863,Case Closed,12-04-2022 13:00,
8917,17865,Case Closed,23-01-2022 09:00,
8918,17866,Case Closed,11-05-2022 15:00,
8919,17868,Case Closed,30-10-2023 18:00,
8920,17870,Case Closed,05-07-2022 23:00,
8921,17872,Case Closed,03-03-2022 09:00,
8922,17873,Case Closed,03-02-2022 02:00,
8923,17875,Case Closed,10-04-2022 00:00,
8924,17878,Case Closed,23-02-2022 21:00,
8925,17879,Case Closed,27-08-2022 10:00,
8926,17880,Case Closed,23-02-2022 01:00,
8927,17881,Case Closed,24-02-2022 22:00,
8928,17884,Case Closed,18-03-2022 18:00,
8929,17885,Case Closed,27-01-2022 21:00,
8930,17887,Case Closed,21-01-2023 11:00,
8931,17889,Case Closed,06-02-2022 02:00,
8932,17890,Case Closed,14-03-2022 23:00,
8933,17891,Case Closed,07-03-2022 01:00,
8934,17897,Case Closed,21-01-2022 04:00,
8935,17898,Case Closed,19-03-2022 20:00,
8936,17900,Case Closed,26-03-2022 01:00,
8937,17904,Case Closed,06-07-2022 16:00,
8938,17907,Case Closed,22-01-2022 00:00,
8939,17915,Case Closed,25-03-2022 18:00,
8940,17916,Case Closed,23-02-2022 23:00,
8941,17918,Case Closed,26-03-2022 18:00,
8942,17923,Case Closed,22-02-2022 19:00,
8943,17924,Case Closed,05-03-2022 09:00,
8944,17926,Case Closed,30-01-2022 15:00,
8945,17928,Case Closed,10-02-2022 10:00,
8946,17930,Case Closed,13-03-2022 12:00,
8947,17931,Case Closed,02-04-2022 21:00,
8948,17932,Case Closed,16-02-2022 01:00,
8949,17934,Case Closed,17-04-2022 21:00,
8950,17937,Case Closed,10-02-2022 06:00,
8951,17938,Case Closed,20-02-2022 22:00,
8952,17940,Case Closed,12-02-2022 19:00,
8953,17941,Case Closed,04-03-2022 02:00,
8954,17942,Case Closed,30-01-2022 12:00,
8955,17943,Case Closed,29-01-2022 11:00,
8956,17944,Case Closed,23-03-2022 07:00,
8957,17945,Case Closed,03-05-2022 01:00,
8958,17949,Case Closed,18-04-2022 12:00,
8959,17952,Case Closed,16-04-2022 21:00,
8960,17953,Case Closed,06-02-2022 04:00,
8961,17954,Case Closed,25-01-2022 21:00,
8962,17955,Case Closed,08-03-2022 09:00,
8963,17957,Case Closed,26-01-2022 11:00,
8964,17965,Case Closed,21-03-2022 16:00,
8965,17968,Case Closed,05-04-2022 06:00,
8966,17969,Case Closed,02-05-2023 06:00,
8967,17970,Case Closed,03-04-2022 02:00,
8968,17971,Case Closed,14-05-2022 04:00,
8969,17976,Case Closed,15-04-2022 20:00,
8970,17978,Case Closed,27-01-2022 14:00,
8971,17981,Case Closed,22-03-2022 14:00,
8972,17982,Case Closed,16-04-2022 03:00,
8973,17984,Case Closed,24-03-2022 18:00,
8974,17987,Case Closed,22-02-2022 15:00,
8975,17988,Case Closed,07-10-2022 11:00,
8976,17990,Case Closed,26-03-2022 18:00,
8977,17991,Case Closed,01-06-2022 21:00,
8978,17992,Case Closed,30-01-2022 11:00,
8979,17993,Case Closed,02-01-2024 15:00,
8980,17999,Case Closed,09-12-2022 16:00,
8981,18002,Case Closed,24-02-2022 14:00,
8982,18005,Case Closed,16-02-2022 15:00,
8983,18006,Case Closed,01-04-2022 12:00,
8984,18011,Case Closed,09-06-2022 00:00,
8985,18015,Case Closed,02-04-2022 04:00,
8986,18017,Case Closed,08-04-2022 10:00,
8987,18018,Case Closed,15-03-2022 03:00,
8988,18020,Case Closed,13-03-2022 09:00,
8989,18022,Case Closed,08-04-2022 23:00,
8990,18024,Case Closed,24-02-2022 04:00,
8991,18025,Case Closed,27-03-2022 23:00,
8992,18026,Case Closed,23-01-2022 09:00,
8993,18027,Case Closed,18-03-2022 20:00,
8994,18029,Case Closed,10-03-2022 11:00,
8995,18030,Case Closed,31-03-2022 07:00,
8996,18032,Case Closed,04-04-2022 07:00,
8997,18034,Case Closed,25-02-2022 15:00,
8998,18036,Case Closed,07-02-2022 07:00,
8999,18037,Case Closed,29-03-2022 19:00,
9000,18038,Case Closed,21-03-2022 17:00,
9001,18039,Case Closed,01-09-2022 15:00,
9002,18043,Case Closed,09-02-2022 01:00,
9003,18047,Case Closed,19-09-2023 17:00,
9004,18052,Case Closed,01-02-2022 01:00,
9005,18053,Case Closed,14-02-2022 00:00,
9006,18055,Case Closed,12-04-2022 08:00,
9007,18058,Case Closed,29-03-2022 03:00,
9008,18061,Case Closed,21-03-2022 10:00,
9009,18062,Case Closed,23-03-2022 11:00,
9010,18063,Case Closed,31-03-2022 21:00,
9011,18065,Case Closed,17-04-2022 04:00,
9012,18066,Case Closed,01-03-2022 07:00,
9013,18071,Case Closed,07-02-2022 18:00,
9014,18073,Case Closed,07-04-2022 14:00,
9015,18075,Case Closed,06-03-2022 18:00,
9016,18078,Case Closed,19-04-2023 15:00,
9017,18079,Case Closed,06-02-2022 19:00,
9018,18081,Case Closed,11-04-2022 13:00,
9019,18082,Case Closed,14-03-2022 17:00,
9020,18083,Case Closed,25-02-2023 23:00,
9021,18084,Case Closed,15-03-2022 11:00,
9022,18087,Case Closed,05-05-2022 17:00,
9023,18088,Case Closed,16-02-2022 03:00,
9024,18089,Case Closed,23-02-2022 13:00,
9025,18090,Case Closed,14-07-2022 04:00,
9026,18093,Case Closed,25-02-2022 15:00,
9027,18094,Case Closed,02-01-2024 15:00,
9028,18097,Case Closed,15-03-2022 03:00,
9029,18099,Case Closed,10-02-2022 02:00,
9030,18100,Case Closed,14-03-2022 19:00,
9031,18101,Case Closed,11-04-2022 14:00,
9032,18102,Case Closed,09-04-2022 19:00,
9033,18103,Case Closed,11-07-2022 07:00,
9034,18105,Case Closed,17-04-2022 10:00,
9035,18108,Case Closed,21-03-2022 23:00,
9036,18109,Case Closed,22-03-2022 18:00,
9037,18111,Case Closed,25-02-2022 08:00,
9038,18112,Case Closed,19-02-2022 01:00,
9039,18113,Case Closed,12-05-2022 18:00,
9040,18114,Case Closed,21-02-2022 09:00,
9041,18116,Case Closed,06-05-2023 03:00,
9042,18118,Case Closed,12-02-2022 13:00,
9043,18119,Case Closed,20-03-2022 23:00,
9044,18122,Case Closed,06-03-2022 06:00,
9045,18123,Case Closed,19-08-2023 14:00,
9046,18125,Case Closed,24-02-2022 00:00,
9047,18133,Case Closed,31-03-2022 02:00,
9048,18134,Case Closed,11-04-2022 10:00,
9049,18136,Case Closed,14-03-2022 19:00,
9050,18139,Case Closed,12-02-2022 21:00,
9051,18140,Case Closed,10-03-2022 19:00,
9052,18142,Case Closed,10-04-2022 04:00,
9053,18143,Case Closed,13-02-2022 15:00,
9054,18144,Case Closed,27-04-2022 20:00,
9055,18146,Case Closed,19-02-2022 07:00,
9056,18151,Case Closed,10-02-2022 01:00,
9057,18156,Case Closed,30-01-2022 02:00,
9058,18158,Case Closed,23-04-2022 16:00,
9059,18159,Case Closed,12-02-2022 14:00,
9060,18160,Case Closed,14-04-2022 19:00,
9061,18161,Case Closed,01-11-2023 22:00,
9062,18164,Case Closed,30-03-2022 03:00,
9063,18165,Case Closed,20-02-2022 07:00,
9064,18168,Case Closed,25-04-2022 10:00,
9065,18169,Case Closed,27-04-2022 16:00,
9066,18173,Case Closed,03-03-2022 17:00,
9067,18174,Case Closed,09-06-2022 08:00,
9068,18176,Case Closed,17-10-2022 00:00,
9069,18179,Case Closed,22-03-2022 11:00,
9070,18181,Case Closed,06-03-2022 23:00,
9071,18182,Case Closed,07-02-2022 17:00,
9072,18185,Case Closed,09-02-2022 03:00,
9073,18188,Case Closed,12-07-2022 05:00,
9074,18191,Case Closed,23-03-2022 21:00,
9075,18193,Case Closed,30-10-2023 06:00,
9076,18194,Case Closed,25-04-2022 21:00,
9077,18199,Case Closed,21-03-2022 14:00,
9078,18202,Case Closed,01-04-2022 09:00,
9079,18203,Case Closed,07-08-2022 22:00,
9080,18204,Case Closed,27-06-2022 09:00,
9081,18206,Case Closed,13-04-2022 09:00,
9082,18207,Case Closed,13-03-2022 12:00,
9083,18208,Case Closed,22-04-2022 18:00,
9084,18209,Case Closed,02-10-2023 01:00,
9085,18212,Case Closed,17-03-2022 10:00,
9086,18216,Case Closed,27-03-2022 21:00,
9087,18217,Case Closed,20-03-2022 01:00,
9088,18218,Case Closed,16-04-2022 10:00,
9089,18219,Case Closed,02-04-2022 10:00,
9090,18222,Case Closed,19-03-2022 11:00,
9091,18229,Case Closed,13-04-2022 20:00,
9092,18234,Case Closed,02-04-2022 14:00,
9093,18235,Case Closed,26-02-2022 20:00,
9094,18236,Case Closed,20-02-2022 21:00,
9095,18239,Case Closed,20-02-2022 07:00,
9096,18241,Case Closed,28-03-2022 02:00,
9097,18242,Case Closed,03-02-2022 10:00,
9098,18244,Case Closed,07-02-2022 10:00,
9099,18245,Case Closed,15-03-2022 20:00,
9100,18248,Case Closed,11-04-2022 05:00,
9101,18249,Case Closed,22-02-2022 10:00,
9102,18250,Case Closed,29-04-2023 13:00,
9103,18253,Case Closed,02-04-2022 18:00,
9104,18254,Case Closed,25-04-2022 07:00,
9105,18255,Case Closed,14-03-2022 01:00,
9106,18258,Case Closed,07-04-2022 22:00,
9107,18259,Case Closed,11-03-2022 06:00,
9108,18263,Case Closed,29-04-2022 07:00,
9109,18268,Case Closed,19-04-2022 07:00,
9110,18270,Case Closed,30-03-2022 21:00,
9111,18272,Case Closed,20-01-2024 14:00,
9112,18275,Case Closed,03-04-2022 04:00,
9113,18277,Case Closed,23-04-2022 04:00,
9114,18278,Case Closed,19-04-2022 20:00,
9115,18279,Case Closed,21-03-2022 17:00,
9116,18280,Case Closed,18-06-2022 01:00,
9117,18281,Case Closed,11-02-2022 01:00,
9118,18282,Case Closed,21-02-2022 12:00,
9119,18283,Case Closed,04-03-2022 10:00,
9120,18286,Case Closed,20-02-2022 23:00,
9121,18290,Case Closed,02-03-2022 03:00,
9122,18291,Case Closed,20-06-2022 06:00,
9123,18292,Case Closed,14-03-2022 05:00,
9124,18294,Case Closed,19-12-2022 08:00,
9125,18296,Case Closed,25-04-2022 20:00,
9126,18298,Case Closed,15-02-2022 11:00,
9127,18299,Case Closed,08-04-2022 01:00,
9128,18303,Case Closed,13-02-2022 16:00,
9129,18307,Case Closed,03-04-2022 14:00,
9130,18310,Case Closed,14-03-2022 23:00,
9131,18311,Case Closed,23-03-2022 18:00,
9132,18313,Case Closed,25-07-2023 06:00,
9133,18314,Case Closed,08-04-2022 20:00,
9134,18316,Case Closed,27-03-2022 11:00,
9135,18318,Case Closed,11-06-2023 00:00,
9136,18322,Case Closed,21-02-2022 13:00,
9137,18323,Case Closed,21-03-2022 04:00,
9138,18324,Case Closed,17-02-2022 04:00,
9139,18325,Case Closed,18-02-2022 18:00,
9140,18327,Case Closed,03-08-2022 07:00,
9141,18329,Case Closed,24-04-2022 22:00,
9142,18333,Case Closed,23-03-2022 14:00,
9143,18335,Case Closed,24-05-2022 20:00,
9144,18336,Case Closed,28-02-2022 04:00,
9145,18337,Case Closed,24-04-2022 17:00,
9146,18338,Case Closed,02-05-2022 15:00,
9147,18339,Case Closed,11-03-2022 01:00,
9148,18345,Case Closed,11-02-2022 15:00,
9149,18346,Case Closed,28-07-2022 06:00,
9150,18347,Case Closed,24-02-2022 03:00,
9151,18349,Case Closed,20-04-2022 15:00,
9152,18352,Case Closed,13-03-2022 17:00,
9153,18353,Case Closed,25-03-2022 22:00,
9154,18355,Case Closed,30-10-2023 11:00,
9155,18356,Case Closed,06-02-2022 09:00,
9156,18357,Case Closed,21-02-2022 18:00,
9157,18358,Case Closed,26-02-2022 12:00,
9158,18359,Case Closed,08-03-2022 17:00,
9159,18365,Case Closed,09-04-2022 08:00,
9160,18366,Case Closed,12-02-2022 11:00,
9161,18369,Case Closed,21-03-2022 21:00,
9162,18370,Case Closed,14-02-2022 11:00,
9163,18371,Case Closed,17-03-2022 15:00,
9164,18372,Case Closed,15-04-2022 10:00,
9165,18373,Case Closed,22-03-2022 02:00,
9166,18378,Case Closed,26-01-2024 16:00,
9167,18380,Case Closed,05-04-2022 12:00,
9168,18383,Case Closed,26-02-2022 04:00,
9169,18384,Case Closed,07-04-2022 05:00,
9170,18386,Case Closed,04-10-2023 22:00,
9171,18387,Case Closed,22-04-2022 04:00,
9172,18395,Case Closed,12-03-2022 22:00,
9173,18396,Case Closed,23-04-2022 06:00,
9174,18399,Case Closed,12-02-2022 11:00,
9175,18401,Case Closed,18-02-2022 11:00,
9176,18404,Case Closed,02-05-2022 16:00,
9177,18407,Case Closed,02-04-2022 16:00,
9178,18408,Case Closed,22-02-2022 17:00,
9179,18409,Case Closed,13-02-2022 20:00,
9180,18411,Case Closed,18-05-2022 18:00,
9181,18417,Case Closed,23-04-2022 18:00,
9182,18418,Case Closed,24-03-2022 15:00,
9183,18419,Case Closed,03-05-2022 10:00,
9184,18421,Case Closed,27-06-2023 13:00,
9185,18422,Case Closed,17-02-2022 00:00,
9186,18423,Case Closed,27-04-2022 20:00,
9187,18426,Case Closed,05-05-2022 03:00,
9188,18427,Case Closed,19-02-2022 09:00,
9189,18428,Case Closed,13-04-2022 22:00,
9190,18429,Case Closed,04-05-2022 19:00,
9191,18430,Case Closed,30-04-2022 03:00,
9192,18432,Case Closed,23-02-2022 15:00,
9193,18434,Case Closed,14-03-2022 14:00,
9194,18438,Case Closed,21-04-2022 04:00,
9195,18439,Case Closed,21-04-2022 15:00,
9196,18442,Case Closed,23-02-2022 12:00,
9197,18443,Case Closed,21-02-2022 00:00,
9198,18445,Case Closed,21-02-2022 06:00,
9199,18447,Case Closed,06-03-2022 22:00,
9200,18448,Case Closed,15-04-2022 02:00,
9201,18452,Case Closed,01-04-2022 02:00,
9202,18453,Case Closed,25-05-2022 01:00,
9203,18454,Case Closed,18-02-2022 18:00,
9204,18456,Case Closed,16-04-2022 00:00,
9205,18461,Case Closed,25-02-2022 02:00,
9206,18463,Case Closed,01-05-2022 09:00,
9207,18466,Case Closed,20-02-2022 13:00,
9208,18467,Case Closed,29-03-2022 00:00,
9209,18468,Case Closed,26-04-2022 00:00,
9210,18470,Case Closed,12-04-2022 22:00,
9211,18472,Case Closed,06-04-2022 22:00,
9212,18473,Case Closed,07-03-2022 05:00,
9213,18474,Case Closed,26-03-2022 01:00,
9214,18475,Case Closed,29-03-2022 13:00,
9215,18477,Case Closed,29-04-2022 08:00,
9216,18480,Case Closed,27-02-2022 16:00,
9217,18483,Case Closed,30-04-2022 23:00,
9218,18485,Case Closed,26-02-2022 21:00,
9219,18486,Case Closed,05-05-2022 13:00,
9220,18488,Case Closed,07-05-2022 19:00,
9221,18489,Case Closed,24-03-2022 16:00,
9222,18490,Case Closed,18-04-2022 07:00,
9223,18492,Case Closed,03-03-2022 04:00,
9224,18494,Case Closed,05-05-2022 05:00,
9225,18496,Case Closed,25-04-2022 02:00,
9226,18497,Case Closed,23-03-2022 20:00,
9227,18498,Case Closed,14-03-2022 13:00,
9228,18500,Case Closed,14-03-2022 10:00,
9229,18501,Case Closed,04-05-2022 22:00,
9230,18502,Case Closed,18-04-2022 19:00,
9231,18506,Case Closed,28-03-2022 14:00,
9232,18510,Case Closed,31-03-2022 20:00,
9233,18513,Case Closed,17-02-2022 13:00,
9234,18514,Case Closed,07-10-2022 02:00,
9235,18515,Case Closed,25-04-2022 14:00,
9236,18520,Case Closed,23-02-2022 18:00,
9237,18523,Case Closed,03-05-2022 02:00,
9238,18525,Case Closed,15-04-2022 08:00,
9239,18526,Case Closed,08-03-2022 22:00,
9240,18527,Case Closed,01-03-2022 07:00,
9241,18531,Case Closed,23-02-2022 20:00,
9242,18534,Case Closed,31-01-2023 18:00,
9243,18535,Case Closed,26-02-2022 13:00,
9244,18536,Case Closed,23-07-2022 06:00,
9245,18538,Case Closed,25-03-2022 15:00,
9246,18542,Case Closed,29-04-2022 10:00,
9247,18543,Case Closed,01-03-2022 17:00,
9248,18545,Case Closed,09-05-2022 07:00,
9249,18547,Case Closed,14-03-2022 23:00,
9250,18549,Case Closed,23-02-2022 18:00,
9251,18550,Case Closed,23-02-2022 10:00,
9252,18551,Case Closed,02-05-2022 04:00,
9253,18552,Case Closed,11-03-2022 19:00,
9254,18553,Case Closed,19-03-2022 16:00,
9255,18554,Case Closed,12-03-2022 18:00,
9256,18555,Case Closed,26-04-2022 14:00,
9257,18557,Case Closed,06-03-2022 16:00,
9258,18558,Case Closed,26-02-2022 17:00,
9259,18559,Case Closed,15-04-2022 13:00,
9260,18563,Case Closed,27-11-2023 14:00,
9261,18565,Case Closed,10-03-2022 09:00,
9262,18566,Case Closed,24-06-2023 22:00,
9263,18571,Case Closed,15-04-2022 00:00,
9264,18573,Case Closed,19-03-2023 00:00,
9265,18574,Case Closed,24-04-2022 12:00,
9266,18575,Case Closed,16-01-2023 06:00,
9267,18577,Case Closed,24-03-2022 06:00,
9268,18579,Case Closed,14-03-2022 06:00,
9269,18580,Case Closed,08-05-2022 12:00,
9270,18582,Case Closed,15-04-2022 08:00,
9271,18583,Case Closed,23-04-2022 09:00,
9272,18585,Case Closed,09-03-2022 04:00,
9273,18586,Case Closed,16-06-2022 22:00,
9274,18588,Case Closed,23-02-2022 16:00,
9275,18590,Case Closed,25-03-2022 04:00,
9276,18592,Case Closed,03-05-2022 23:00,
9277,18594,Case Closed,25-02-2022 15:00,
9278,18596,Case Closed,15-05-2022 23:00,
9279,18597,Case Closed,30-04-2022 02:00,
9280,18599,Case Closed,22-04-2022 22:00,
9281,18604,Case Closed,28-02-2022 04:00,
9282,18605,Case Closed,03-01-2023 05:00,
9283,18610,Case Closed,05-03-2022 13:00,
9284,18611,Case Closed,09-04-2022 15:00,
9285,18612,Case Closed,23-03-2022 10:00,
9286,18613,Case Closed,01-04-2022 09:00,
9287,18615,Case Closed,26-02-2022 11:00,
9288,18616,Case Closed,22-03-2022 10:00,
9289,18618,Case Closed,06-03-2022 10:00,
9290,18621,Case Closed,12-12-2022 09:00,
9291,18622,Case Closed,16-04-2022 01:00,
9292,18623,Case Closed,06-05-2022 18:00,
9293,18626,Case Closed,12-05-2022 10:00,
9294,18628,Case Closed,08-04-2022 14:00,
9295,18630,Case Closed,15-04-2022 18:00,
9296,18633,Case Closed,16-02-2024 14:00,
9297,18634,Case Closed,02-05-2022 08:00,
9298,18635,Case Closed,14-04-2022 07:00,
9299,18636,Case Closed,28-04-2022 04:00,
9300,18637,Case Closed,07-04-2022 07:00,
9301,18638,Case Closed,15-03-2022 20:00,
9302,18639,Case Closed,05-05-2022 21:00,
9303,18642,Case Closed,05-03-2022 16:00,
9304,18643,Case Closed,30-04-2022 05:00,
9305,18649,Case Closed,27-03-2022 20:00,
9306,18651,Case Closed,18-06-2022 07:00,
9307,18652,Case Closed,04-03-2022 08:00,
9308,18653,Case Closed,20-02-2022 05:00,
9309,18658,Case Closed,18-05-2022 04:00,
9310,18660,Case Closed,19-03-2022 06:00,
9311,18661,Case Closed,15-05-2022 20:00,
9312,18665,Case Closed,17-03-2022 20:00,
9313,18669,Case Closed,10-05-2022 15:00,
9314,18670,Case Closed,03-03-2022 12:00,
9315,18673,Case Closed,16-03-2022 10:00,
9316,18674,Case Closed,28-09-2022 11:00,
9317,18676,Case Closed,17-06-2022 08:00,
9318,18677,Case Closed,16-11-2023 02:00,
9319,18678,Case Closed,24-03-2022 18:00,
9320,18679,Case Closed,10-05-2022 05:00,
9321,18682,Case Closed,16-04-2022 02:00,
9322,18683,Case Closed,24-04-2022 15:00,
9323,18685,Case Closed,29-04-2022 03:00,
9324,18687,Case Closed,27-02-2022 21:00,
9325,18688,Case Closed,24-02-2022 21:00,
9326,18693,Case Closed,07-05-2022 06:00,
9327,18695,Case Closed,03-10-2022 20:00,
9328,18696,Case Closed,21-04-2022 23:00,
9329,18700,Case Closed,14-05-2022 20:00,
9330,18702,Case Closed,10-04-2022 03:00,
9331,18703,Case Closed,07-08-2022 11:00,
9332,18706,Case Closed,23-03-2022 21:00,
9333,18707,Case Closed,29-03-2022 05:00,
9334,18709,Case Closed,12-05-2022 08:00,
9335,18715,Case Closed,08-04-2022 16:00,
9336,18717,Case Closed,04-03-2022 15:00,
9337,18719,Case Closed,20-05-2022 14:00,
9338,18720,Case Closed,02-04-2022 13:00,
9339,18723,Case Closed,06-03-2022 22:00,
9340,18725,Case Closed,23-04-2022 06:00,
9341,18727,Case Closed,02-04-2022 02:00,
9342,18729,Case Closed,13-05-2022 14:00,
9343,18731,Case Closed,09-04-2022 10:00,
9344,18733,Case Closed,10-05-2022 18:00,
9345,18735,Case Closed,18-05-2022 18:00,
9346,18736,Case Closed,12-04-2022 14:00,
9347,18737,Case Closed,29-04-2022 05:00,
9348,18738,Case Closed,02-04-2022 16:00,
9349,18739,Case Closed,15-06-2022 12:00,
9350,18741,Case Closed,22-03-2022 10:00,
9351,18743,Case Closed,25-04-2022 02:00,
9352,18744,Case Closed,21-05-2022 12:00,
9353,18745,Case Closed,28-05-2022 17:00,
9354,18747,Case Closed,22-04-2022 18:00,
9355,18749,Case Closed,26-03-2022 07:00,
9356,18750,Case Closed,14-07-2022 12:00,
9357,18751,Case Closed,12-05-2022 15:00,
9358,18752,Case Closed,20-03-2022 17:00,
9359,18755,Case Closed,07-03-2022 07:00,
9360,18759,Case Closed,02-03-2022 00:00,
9361,18761,Case Closed,20-05-2022 15:00,
9362,18762,Case Closed,09-03-2022 10:00,
9363,18765,Case Closed,13-04-2022 13:00,
9364,18768,Case Closed,30-04-2022 14:00,
9365,18769,Case Closed,15-04-2022 20:00,
9366,18772,Case Closed,25-04-2022 20:00,
9367,18780,Case Closed,19-05-2022 19:00,
9368,18781,Case Closed,26-08-2023 18:00,
9369,18785,Case Closed,16-03-2022 10:00,
9370,18786,Case Closed,13-03-2022 13:00,
9371,18791,Case Closed,21-03-2022 03:00,
9372,18795,Case Closed,22-04-2022 18:00,
9373,18796,Case Closed,30-05-2022 20:00,
9374,18797,Case Closed,18-05-2022 06:00,
9375,18798,Case Closed,01-04-2022 07:00,
9376,18801,Case Closed,16-07-2022 11:00,
9377,18804,Case Closed,24-04-2022 01:00,
9378,18807,Case Closed,24-04-2022 03:00,
9379,18808,Case Closed,23-04-2022 17:00,
9380,18809,Case Closed,09-03-2022 18:00,
9381,18811,Case Closed,10-03-2022 05:00,
9382,18813,Case Closed,23-03-2022 10:00,
9383,18814,Case Closed,26-04-2022 22:00,
9384,18815,Case Closed,25-03-2022 04:00,
9385,18818,Case Closed,02-04-2022 16:00,
9386,18820,Case Closed,17-05-2022 23:00,
9387,18823,Case Closed,11-05-2022 22:00,
9388,18825,Case Closed,21-05-2022 14:00,
9389,18826,Case Closed,10-05-2022 08:00,
9390,18828,Case Closed,23-05-2022 16:00,
9391,18829,Case Closed,19-05-2022 01:00,
9392,18830,Case Closed,14-04-2022 11:00,
9393,18831,Case Closed,24-04-2022 00:00,
9394,18832,Case Closed,21-04-2022 11:00,
9395,18835,Case Closed,03-04-2022 07:00,
9396,18836,Case Closed,10-05-2022 23:00,
9397,18839,Case Closed,25-03-2022 06:00,
9398,18840,Case Closed,03-04-2022 15:00,
9399,18841,Case Closed,20-03-2022 11:00,
9400,18842,Case Closed,24-05-2022 17:00,
9401,18843,Case Closed,03-05-2022 21:00,
9402,18844,Case Closed,29-03-2022 15:00,
9403,18851,Case Closed,11-08-2022 03:00,
9404,18852,Case Closed,08-03-2022 13:00,
9405,18856,Case Closed,09-05-2022 08:00,
9406,18857,Case Closed,14-04-2022 00:00,
9407,18858,Case Closed,08-04-2022 23:00,
9408,18859,Case Closed,23-08-2022 22:00,
9409,18860,Case Closed,29-03-2022 17:00,
9410,18861,Case Closed,12-03-2022 05:00,
9411,18865,Case Closed,12-05-2022 18:00,
9412,18866,Case Closed,28-06-2022 06:00,
9413,18867,Case Closed,18-04-2022 22:00,
9414,18870,Case Closed,02-04-2022 20:00,
9415,18874,Case Closed,14-10-2022 05:00,
9416,18878,Case Closed,08-04-2022 19:00,
9417,18879,Case Closed,12-03-2022 17:00,
9418,18880,Case Closed,29-03-2022 09:00,
9419,18884,Case Closed,24-04-2022 19:00,
9420,18890,Case Closed,21-03-2022 04:00,
9421,18897,Case Closed,14-12-2022 11:00,
9422,18900,Case Closed,12-03-2022 13:00,
9423,18901,Case Closed,30-04-2022 06:00,
9424,18906,Case Closed,08-04-2022 23:00,
9425,18912,Case Closed,06-05-2022 11:00,
9426,18914,Case Closed,24-07-2023 00:00,
9427,18916,Case Closed,21-05-2022 18:00,
9428,18917,Case Closed,14-05-2022 00:00,
9429,18918,Case Closed,23-05-2022 14:00,
9430,18920,Case Closed,21-03-2022 13:00,
9431,18922,Case Closed,04-04-2022 19:00,
9432,18923,Case Closed,09-03-2022 06:00,
9433,18927,Case Closed,28-10-2023 06:00,
9434,18928,Case Closed,27-05-2022 13:00,
9435,18929,Case Closed,20-04-2022 11:00,
9436,18930,Case Closed,21-03-2022 20:00,
9437,18931,Case Closed,06-02-2023 13:00,
9438,18936,Case Closed,29-03-2022 17:00,
9439,18938,Case Closed,12-05-2022 06:00,
9440,18939,Case Closed,07-05-2022 03:00,
9441,18940,Case Closed,14-03-2022 18:00,
9442,18941,Case Closed,21-04-2022 02:00,
9443,18942,Case Closed,14-03-2022 13:00,
9444,18946,Case Closed,24-03-2022 11:00,
9445,18947,Case Closed,31-03-2022 11:00,
9446,18949,Case Closed,19-05-2022 22:00,
9447,18950,Case Closed,23-05-2022 19:00,
9448,18951,Case Closed,31-03-2022 19:00,
9449,18952,Case Closed,16-04-2022 09:00,
9450,18953,Case Closed,14-04-2022 10:00,
9451,18954,Case Closed,17-04-2022 01:00,
9452,18955,Case Closed,16-05-2022 21:00,
9453,18957,Case Closed,29-06-2022 04:00,
9454,18960,Case Closed,18-03-2022 20:00,
9455,18961,Case Closed,28-03-2022 09:00,
9456,18962,Case Closed,21-04-2022 23:00,
9457,18963,Case Closed,03-05-2023 15:00,
9458,18965,Case Closed,19-05-2022 13:00,
9459,18966,Case Closed,13-03-2022 21:00,
9460,18967,Case Closed,11-03-2022 13:00,
9461,18971,Case Closed,26-03-2022 19:00,
9462,18972,Case Closed,09-04-2022 08:00,
9463,18977,Case Closed,09-04-2022 00:00,
9464,18984,Case Closed,29-03-2022 07:00,
9465,18985,Case Closed,16-05-2022 18:00,
9466,18986,Case Closed,15-03-2022 01:00,
9467,18987,Case Closed,19-05-2022 12:00,
9468,18989,Case Closed,03-08-2022 11:00,
9469,18990,Case Closed,15-07-2022 17:00,
9470,18994,Case Closed,20-03-2022 11:00,
9471,19004,Case Closed,31-05-2022 15:00,
9472,19008,Case Closed,28-03-2022 12:00,
9473,19010,Case Closed,08-04-2022 02:00,
9474,19011,Case Closed,18-05-2022 19:00,
9475,19013,Case Closed,20-04-2022 21:00,
9476,19014,Case Closed,03-05-2022 06:00,
9477,19015,Case Closed,09-04-2022 22:00,
9478,19018,Case Closed,24-04-2022 03:00,
9479,19019,Case Closed,09-05-2022 09:00,
9480,19020,Case Closed,31-05-2022 12:00,
9481,19021,Case Closed,02-04-2022 10:00,
9482,19022,Case Closed,23-08-2022 20:00,
9483,19023,Case Closed,21-03-2022 18:00,
9484,19024,Case Closed,10-03-2022 16:00,
9485,19028,Case Closed,31-08-2022 01:00,
9486,19029,Case Closed,15-03-2022 01:00,
9487,19033,Case Closed,01-04-2022 05:00,
9488,19034,Case Closed,02-04-2022 03:00,
9489,19041,Case Closed,03-04-2022 05:00,
9490,19042,Case Closed,07-04-2022 23:00,
9491,19046,Case Closed,22-05-2022 01:00,
9492,19048,Case Closed,14-03-2022 05:00,
9493,19049,Case Closed,08-05-2022 15:00,
9494,19050,Case Closed,19-03-2022 05:00,
9495,19055,Case Closed,14-05-2022 05:00,
9496,19056,Case Closed,04-07-2022 03:00,
9497,19057,Case Closed,12-05-2022 07:00,
9498,19058,Case Closed,12-03-2022 02:00,
9499,19059,Case Closed,12-05-2022 00:00,
9500,19062,Case Closed,22-04-2022 20:00,
9501,19063,Case Closed,15-04-2022 18:00,
9502,19064,Case Closed,29-05-2022 16:00,
9503,19066,Case Closed,15-03-2022 01:00,
9504,19069,Case Closed,03-04-2022 13:00,
9505,19070,Case Closed,05-05-2022 19:00,
9506,19073,Case Closed,18-04-2022 10:00,
9507,19074,Case Closed,16-05-2022 05:00,
9508,19075,Case Closed,07-05-2022 06:00,
9509,19077,Case Closed,13-05-2022 16:00,
9510,19078,Case Closed,04-04-2022 05:00,
9511,19080,Case Closed,10-05-2022 08:00,
9512,19081,Case Closed,03-05-2022 17:00,
9513,19082,Case Closed,31-03-2022 08:00,
9514,19085,Case Closed,02-06-2022 17:00,
9515,19087,Case Closed,03-06-2022 00:00,
9516,19091,Case Closed,07-07-2023 17:00,
9517,19096,Case Closed,01-04-2022 06:00,
9518,19098,Case Closed,06-09-2022 18:00,
9519,19102,Case Closed,08-04-2022 15:00,
9520,19103,Case Closed,29-03-2022 20:00,
9521,19104,Case Closed,14-07-2022 12:00,
9522,19111,Case Closed,18-03-2022 01:00,
9523,19113,Case Closed,14-05-2022 08:00,
9524,19115,Case Closed,04-04-2022 01:00,
9525,19118,Case Closed,20-03-2022 11:00,
9526,19121,Case Closed,07-05-2022 08:00,
9527,19122,Case Closed,14-05-2022 10:00,
9528,19123,Case Closed,10-05-2022 14:00,
9529,19124,Case Closed,28-02-2024 07:00,
9530,19128,Case Closed,09-05-2022 17:00,
9531,19130,Case Closed,18-03-2022 06:00,
9532,19131,Case Closed,26-03-2022 08:00,
9533,19133,Case Closed,25-03-2022 08:00,
9534,19143,Case Closed,09-04-2022 15:00,
9535,19146,Case Closed,17-04-2022 18:00,
9536,19148,Case Closed,17-06-2022 09:00,
9537,19150,Case Closed,22-04-2022 16:00,
9538,19151,Case Closed,27-04-2022 21:00,
9539,19153,Case Closed,23-03-2022 23:00,
9540,19156,Case Closed,07-04-2022 16:00,
9541,19157,Case Closed,13-05-2022 15:00,
9542,19158,Case Closed,11-05-2022 14:00,
9543,19161,Case Closed,20-05-2022 19:00,
9544,19168,Case Closed,31-05-2022 13:00,
9545,19169,Case Closed,04-05-2022 18:00,
9546,19171,Case Closed,03-05-2022 23:00,
9547,19172,Case Closed,24-05-2022 00:00,
9548,19173,Case Closed,19-04-2022 00:00,
9549,19176,Case Closed,01-04-2022 18:00,
9550,19177,Case Closed,24-03-2022 05:00,
9551,19184,Case Closed,18-03-2022 16:00,
9552,19186,Case Closed,28-03-2022 22:00,
9553,19187,Case Closed,15-04-2022 21:00,
9554,19188,Case Closed,28-08-2022 19:00,
9555,19189,Case Closed,28-04-2022 07:00,
9556,19191,Case Closed,28-07-2022 05:00,
9557,19193,Case Closed,21-03-2022 19:00,
9558,19194,Case Closed,23-05-2022 22:00,
9559,19195,Case Closed,07-05-2022 12:00,
9560,19199,Case Closed,02-04-2022 09:00,
9561,19200,Case Closed,08-04-2022 10:00,
9562,19202,Case Closed,06-05-2022 12:00,
9563,19205,Case Closed,18-05-2022 01:00,
9564,19206,Case Closed,14-05-2022 21:00,
9565,19209,Case Closed,25-09-2023 02:00,
9566,19210,Case Closed,17-04-2022 17:00,
9567,19212,Case Closed,15-03-2022 21:00,
9568,19215,Case Closed,12-11-2023 03:00,
9569,19216,Case Closed,31-05-2022 08:00,
9570,19218,Case Closed,02-05-2022 15:00,
9571,19219,Case Closed,14-04-2022 10:00,
9572,19221,Case Closed,26-05-2022 09:00,
9573,19222,Case Closed,21-04-2022 18:00,
9574,19223,Case Closed,11-04-2022 18:00,
9575,19224,Case Closed,14-04-2022 02:00,
9576,19225,Case Closed,12-04-2022 16:00,
9577,19226,Case Closed,01-04-2022 03:00,
9578,19228,Case Closed,08-05-2022 11:00,
9579,19229,Case Closed,11-05-2022 07:00,
9580,19234,Case Closed,23-04-2022 03:00,
9581,19236,Case Closed,08-02-2024 20:00,
9582,19237,Case Closed,06-06-2022 22:00,
9583,19239,Case Closed,08-05-2022 19:00,
9584,19240,Case Closed,23-03-2022 07:00,
9585,19242,Case Closed,16-04-2022 10:00,
9586,19243,Case Closed,11-06-2022 12:00,
9587,19244,Case Closed,30-03-2022 16:00,
9588,19246,Case Closed,31-05-2022 08:00,
9589,19248,Case Closed,06-08-2023 16:00,
9590,19252,Case Closed,23-04-2022 23:00,
9591,19254,Case Closed,24-04-2022 22:00,
9592,19256,Case Closed,21-04-2022 22:00,
9593,19259,Case Closed,10-10-2022 21:00,
9594,19260,Case Closed,20-04-2022 15:00,
9595,19261,Case Closed,31-05-2022 00:00,
9596,19262,Case Closed,12-04-2022 16:00,
9597,19263,Case Closed,28-05-2022 18:00,
9598,19265,Case Closed,04-04-2022 19:00,
9599,19266,Case Closed,30-04-2022 01:00,
9600,19268,Case Closed,17-04-2022 13:00,
9601,19269,Case Closed,03-06-2022 22:00,
9602,19275,Case Closed,08-06-2022 01:00,
9603,19276,Case Closed,18-08-2022 18:00,
9604,19277,Case Closed,26-03-2022 21:00,
9605,19282,Case Closed,15-07-2022 23:00,
9606,19285,Case Closed,16-04-2022 15:00,
9607,19286,Case Closed,18-05-2022 18:00,
9608,19289,Case Closed,13-03-2023 04:00,
9609,19290,Case Closed,17-04-2022 12:00,
9610,19291,Case Closed,02-04-2022 02:00,
9611,19302,Case Closed,28-05-2022 02:00,
9612,19303,Case Closed,27-08-2022 04:00,
9613,19304,Case Closed,16-04-2022 15:00,
9614,19308,Case Closed,25-03-2022 14:00,
9615,19310,Case Closed,25-07-2022 00:00,
9616,19312,Case Closed,24-05-2022 11:00,
9617,19313,Case Closed,20-04-2022 09:00,
9618,19316,Case Closed,19-05-2022 07:00,
9619,19320,Case Closed,18-08-2022 04:00,
9620,19321,Case Closed,01-05-2022 00:00,
9621,19323,Case Closed,12-04-2022 15:00,
9622,19324,Case Closed,13-06-2022 23:00,
9623,19330,Case Closed,19-04-2022 11:00,
9624,19335,Case Closed,04-05-2022 18:00,
9625,19340,Case Closed,14-04-2022 03:00,
9626,19342,Case Closed,10-04-2022 20:00,
9627,19345,Case Closed,19-03-2022 03:00,
9628,19348,Case Closed,20-04-2022 17:00,
9629,19350,Case Closed,05-05-2022 19:00,
9630,19353,Case Closed,16-04-2022 09:00,
9631,19355,Case Closed,07-09-2023 12:00,
9632,19357,Case Closed,15-05-2022 15:00,
9633,19360,Case Closed,13-04-2022 01:00,
9634,19361,Case Closed,16-04-2022 14:00,
9635,19366,Case Closed,29-04-2022 14:00,
9636,19367,Case Closed,27-05-2022 13:00,
9637,19368,Case Closed,15-05-2022 12:00,
9638,19369,Case Closed,09-04-2022 22:00,
9639,19371,Case Closed,24-05-2022 09:00,
9640,19373,Case Closed,04-05-2022 10:00,
9641,19374,Case Closed,12-04-2022 00:00,
9642,19377,Case Closed,02-04-2022 08:00,
9643,19379,Case Closed,28-06-2022 00:00,
9644,19380,Case Closed,01-04-2022 18:00,
9645,19384,Case Closed,07-04-2022 02:00,
9646,19386,Case Closed,11-05-2022 00:00,
9647,19393,Case Closed,11-05-2022 04:00,
9648,19394,Case Closed,31-03-2022 08:00,
9649,19398,Case Closed,01-07-2022 18:00,
9650,19399,Case Closed,28-03-2022 13:00,
9651,19400,Case Closed,29-03-2022 14:00,
9652,19401,Case Closed,07-06-2022 21:00,
9653,19402,Case Closed,12-05-2022 21:00,
9654,19403,Case Closed,05-06-2022 04:00,
9655,19404,Case Closed,20-04-2022 20:00,
9656,19407,Case Closed,23-04-2022 06:00,
9657,19409,Case Closed,11-02-2024 21:00,
9658,19411,Case Closed,28-05-2022 09:00,
9659,19413,Case Closed,15-08-2023 00:00,
9660,19414,Case Closed,13-04-2022 23:00,
9661,19417,Case Closed,22-05-2022 16:00,
9662,19418,Case Closed,05-05-2022 17:00,
9663,19422,Case Closed,02-04-2022 23:00,
9664,19423,Case Closed,20-04-2022 02:00,
9665,19424,Case Closed,04-05-2022 07:00,
9666,19427,Case Closed,09-04-2022 10:00,
9667,19428,Case Closed,20-04-2022 23:00,
9668,19429,Case Closed,16-04-2022 14:00,
9669,19430,Case Closed,08-05-2022 05:00,
9670,19432,Case Closed,30-05-2022 07:00,
9671,19434,Case Closed,17-06-2022 18:00,
9672,19435,Case Closed,09-06-2022 07:00,
9673,19437,Case Closed,05-04-2022 08:00,
9674,19438,Case Closed,17-01-2024 17:00,
9675,19444,Case Closed,08-04-2022 15:00,
9676,19446,Case Closed,13-04-2022 10:00,
9677,19449,Case Closed,23-05-2022 12:00,
9678,19451,Case Closed,02-04-2022 12:00,
9679,19454,Case Closed,09-05-2022 19:00,
9680,19457,Case Closed,25-05-2022 12:00,
9681,19459,Case Closed,17-06-2022 00:00,
9682,19462,Case Closed,29-04-2022 05:00,
9683,19463,Case Closed,14-04-2022 21:00,
9684,19466,Case Closed,20-04-2022 16:00,
9685,19467,Case Closed,07-06-2022 09:00,
9686,19469,Case Closed,23-07-2023 21:00,
9687,19470,Case Closed,09-04-2022 04:00,
9688,19472,Case Closed,12-07-2022 10:00,
9689,19473,Case Closed,17-06-2022 04:00,
9690,19475,Case Closed,24-11-2023 18:00,
9691,19477,Case Closed,21-04-2022 02:00,
9692,19478,Case Closed,03-05-2022 14:00,
9693,19479,Case Closed,23-04-2022 23:00,
9694,19480,Case Closed,09-09-2022 21:00,
9695,19485,Case Closed,29-04-2022 11:00,
9696,19487,Case Closed,07-04-2022 03:00,
9697,19490,Case Closed,12-05-2022 15:00,
9698,19491,Case Closed,20-04-2022 20:00,
9699,19492,Case Closed,05-04-2022 20:00,
9700,19494,Case Closed,30-05-2022 01:00,
9701,19495,Case Closed,08-06-2022 11:00,
9702,19498,Case Closed,12-10-2022 07:00,
9703,19502,Case Closed,02-06-2022 05:00,
9704,19503,Case Closed,14-04-2022 13:00,
9705,19505,Case Closed,11-04-2022 15:00,
9706,19510,Case Closed,27-04-2022 17:00,
9707,19511,Case Closed,14-04-2022 19:00,
9708,19512,Case Closed,27-05-2022 19:00,
9709,19513,Case Closed,13-04-2022 23:00,
9710,19515,Case Closed,17-05-2022 18:00,
9711,19516,Case Closed,19-06-2022 11:00,
9712,19517,Case Closed,11-05-2022 12:00,
9713,19518,Case Closed,09-06-2022 13:00,
9714,19519,Case Closed,08-05-2022 13:00,
9715,19520,Case Closed,31-03-2023 16:00,
9716,19522,Case Closed,14-04-2022 14:00,
9717,19524,Case Closed,25-04-2022 21:00,
9718,19525,Case Closed,04-05-2022 09:00,
9719,19526,Case Closed,11-09-2022 23:00,
9720,19530,Case Closed,19-04-2022 13:00,
9721,19531,Case Closed,15-04-2022 19:00,
9722,19534,Case Closed,31-03-2022 17:00,
9723,19539,Case Closed,10-05-2022 21:00,
9724,19540,Case Closed,23-04-2022 14:00,
9725,19541,Case Closed,23-04-2022 00:00,
9726,19544,Case Closed,30-03-2022 10:00,
9727,19545,Case Closed,21-05-2022 16:00,
9728,19546,Case Closed,23-06-2022 18:00,
9729,19547,Case Closed,06-05-2022 03:00,
9730,19548,Case Closed,29-05-2022 13:00,
9731,19549,Case Closed,13-08-2022 18:00,
9732,19550,Case Closed,05-05-2022 19:00,
9733,19551,Case Closed,08-06-2022 21:00,
9734,19552,Case Closed,28-05-2022 23:00,
9735,19555,Case Closed,26-05-2022 05:00,
9736,19560,Case Closed,22-04-2022 15:00,
9737,19565,Case Closed,04-04-2022 23:00,
9738,19568,Case Closed,02-06-2022 00:00,
9739,19569,Case Closed,04-10-2023 03:00,
9740,19570,Case Closed,14-05-2022 10:00,
9741,19571,Case Closed,29-05-2022 20:00,
9742,19574,Case Closed,13-04-2022 22:00,
9743,19575,Case Closed,14-06-2022 05:00,
9744,19577,Case Closed,10-06-2022 05:00,
9745,19579,Case Closed,20-04-2022 03:00,
9746,19581,Case Closed,08-06-2022 09:00,
9747,19585,Case Closed,12-06-2022 18:00,
9748,19586,Case Closed,06-06-2022 03:00,
9749,19587,Case Closed,24-06-2022 01:00,
9750,19588,Case Closed,20-04-2022 00:00,
9751,19589,Case Closed,31-03-2022 12:00,
9752,19592,Case Closed,22-06-2022 07:00,
9753,19593,Case Closed,20-08-2022 07:00,
9754,19596,Case Closed,15-04-2022 23:00,
9755,19598,Case Closed,22-04-2022 04:00,
9756,19601,Case Closed,14-04-2023 04:00,
9757,19602,Case Closed,25-05-2022 00:00,
9758,19606,Case Closed,12-04-2022 05:00,
9759,19608,Case Closed,19-04-2022 04:00,
9760,19609,Case Closed,15-09-2022 15:00,
9761,19610,Case Closed,07-06-2022 03:00,
9762,19611,Case Closed,22-06-2022 16:00,
9763,19614,Case Closed,19-04-2022 12:00,
9764,19619,Case Closed,21-04-2022 21:00,
9765,19621,Case Closed,20-11-2023 06:00,
9766,19622,Case Closed,16-06-2022 02:00,
9767,19623,Case Closed,25-09-2022 12:00,
9768,19625,Case Closed,28-05-2022 18:00,
9769,19626,Case Closed,01-05-2022 06:00,
9770,19627,Case Closed,05-04-2022 20:00,
9771,19628,Case Closed,15-05-2022 22:00,
9772,19629,Case Closed,17-05-2022 09:00,
9773,19631,Case Closed,20-06-2022 17:00,
9774,19632,Case Closed,28-03-2023 15:00,
9775,19635,Case Closed,24-06-2022 09:00,
9776,19637,Case Closed,14-05-2022 21:00,
9777,19638,Case Closed,18-06-2022 10:00,
9778,19643,Case Closed,28-04-2022 21:00,
9779,19647,Case Closed,17-04-2022 14:00,
9780,19649,Case Closed,10-04-2022 14:00,
9781,19653,Case Closed,21-05-2022 00:00,
9782,19656,Case Closed,25-04-2022 11:00,
9783,19657,Case Closed,24-04-2022 08:00,
9784,19665,Case Closed,21-07-2022 14:00,
9785,19670,Case Closed,15-05-2022 01:00,
9786,19672,Case Closed,23-04-2022 18:00,
9787,19673,Case Closed,09-05-2022 20:00,
9788,19674,Case Closed,27-11-2023 18:00,
9789,19679,Case Closed,16-06-2022 00:00,
9790,19680,Case Closed,17-06-2022 11:00,
9791,19681,Case Closed,09-04-2022 17:00,
9792,19682,Case Closed,09-06-2022 15:00,
9793,19683,Case Closed,20-04-2022 08:00,
9794,19685,Case Closed,30-07-2022 21:00,
9795,19686,Case Closed,18-04-2022 21:00,
9796,19687,Case Closed,01-11-2022 13:00,
9797,19688,Case Closed,28-05-2022 16:00,
9798,19694,Case Closed,15-04-2023 15:00,
9799,19695,Case Closed,23-04-2022 18:00,
9800,19697,Case Closed,13-07-2023 15:00,
9801,19698,Case Closed,24-06-2022 14:00,
9802,19699,Case Closed,17-06-2022 18:00,
9803,19702,Case Closed,14-06-2022 20:00,
9804,19704,Case Closed,02-05-2022 10:00,
9805,19705,Case Closed,17-05-2022 19:00,
9806,19709,Case Closed,18-06-2022 14:00,
9807,19713,Case Closed,08-04-2022 18:00,
9808,19714,Case Closed,15-04-2022 18:00,
9809,19715,Case Closed,15-06-2022 22:00,
9810,19722,Case Closed,27-05-2022 12:00,
9811,19724,Case Closed,05-09-2022 02:00,
9812,19727,Case Closed,13-04-2022 01:00,
9813,19728,Case Closed,24-04-2022 02:00,
9814,19733,Case Closed,18-04-2022 15:00,
9815,19734,Case Closed,28-04-2022 17:00,
9816,19739,Case Closed,09-12-2022 20:00,
9817,19742,Case Closed,07-05-2022 15:00,
9818,19745,Case Closed,23-06-2022 12:00,
9819,19746,Case Closed,06-05-2022 04:00,
9820,19748,Case Closed,27-05-2022 03:00,
9821,19752,Case Closed,31-05-2022 03:00,
9822,19757,Case Closed,27-05-2022 20:00,
9823,19759,Case Closed,12-03-2024 00:00,
9824,19760,Case Closed,15-06-2022 05:00,
9825,19761,Case Closed,14-10-2022 08:00,
9826,19764,Case Closed,31-05-2022 15:00,
9827,19766,Case Closed,25-05-2022 03:00,
9828,19767,Case Closed,31-05-2022 07:00,
9829,19768,Case Closed,22-04-2022 01:00,
9830,19769,Case Closed,06-05-2022 01:00,
9831,19770,Case Closed,31-05-2022 04:00,
9832,19771,Case Closed,02-05-2022 15:00,
9833,19773,Case Closed,30-04-2022 18:00,
9834,19775,Case Closed,23-04-2022 18:00,
9835,19776,Case Closed,09-04-2022 13:00,
9836,19777,Case Closed,30-04-2022 02:00,
9837,19782,Case Closed,26-05-2022 01:00,
9838,19783,Case Closed,23-05-2022 13:00,
9839,19784,Case Closed,16-06-2022 01:00,
9840,19790,Case Closed,26-04-2022 06:00,
9841,19792,Case Closed,22-04-2022 09:00,
9842,19793,Case Closed,18-03-2023 00:00,
9843,19794,Case Closed,22-05-2022 16:00,
9844,19797,Case Closed,03-06-2022 10:00,
9845,19798,Case Closed,17-04-2022 23:00,
9846,19799,Case Closed,16-06-2022 13:00,
9847,19803,Case Closed,17-06-2022 08:00,
9848,19805,Case Closed,10-06-2022 19:00,
9849,19807,Case Closed,07-05-2022 07:00,
9850,19808,Case Closed,25-04-2022 10:00,
9851,19809,Case Closed,30-05-2022 21:00,
9852,19812,Case Closed,11-05-2022 07:00,
9853,19814,Case Closed,23-05-2022 01:00,
9854,19816,Case Closed,02-06-2022 17:00,
9855,19825,Case Closed,05-05-2022 13:00,
9856,19826,Case Closed,17-04-2022 00:00,
9857,19832,Case Closed,23-05-2022 05:00,
9858,19833,Case Closed,09-06-2022 19:00,
9859,19834,Case Closed,17-04-2022 20:00,
9860,19835,Case Closed,14-04-2022 01:00,
9861,19836,Case Closed,11-06-2022 22:00,
9862,19838,Case Closed,06-05-2022 06:00,
9863,19839,Case Closed,23-05-2022 10:00,
9864,19843,Case Closed,29-06-2023 05:00,
9865,19846,Case Closed,22-04-2022 19:00,
9866,19847,Case Closed,23-05-2022 12:00,
9867,19852,Case Closed,21-04-2022 08:00,
9868,19854,Case Closed,22-06-2022 21:00,
9869,19856,Case Closed,20-04-2022 05:00,
9870,19858,Case Closed,21-06-2022 07:00,
9871,19859,Case Closed,10-06-2022 03:00,
9872,19861,Case Closed,21-03-2023 22:00,
9873,19863,Case Closed,28-04-2022 02:00,
9874,19864,Case Closed,26-04-2022 20:00,
9875,19867,Case Closed,23-04-2022 20:00,
9876,19868,Case Closed,06-07-2023 14:00,
9877,19869,Case Closed,14-06-2022 16:00,
9878,19870,Case Closed,04-07-2022 07:00,
9879,19871,Case Closed,21-05-2022 14:00,
9880,19875,Case Closed,08-09-2023 04:00,
9881,19876,Case Closed,09-04-2022 14:00,
9882,19877,Case Closed,01-05-2022 06:00,
9883,19878,Case Closed,30-04-2022 03:00,
9884,19884,Case Closed,24-06-2022 03:00,
9885,19885,Case Closed,10-09-2023 10:00,
9886,19886,Case Closed,08-05-2022 12:00,
9887,19887,Case Closed,20-04-2022 17:00,
9888,19890,Case Closed,11-06-2022 10:00,
9889,19891,Case Closed,04-11-2023 02:00,
9890,19893,Case Closed,11-08-2023 08:00,
9891,19895,Case Closed,18-06-2023 23:00,
9892,19896,Case Closed,14-05-2022 00:00,
9893,19897,Case Closed,01-06-2022 11:00,
9894,19899,Case Closed,09-06-2022 03:00,
9895,19900,Case Closed,27-04-2022 14:00,
9896,19901,Case Closed,15-03-2024 09:00,
9897,19903,Case Closed,22-03-2023 18:00,
9898,19906,Case Closed,15-06-2022 21:00,
9899,19907,Case Closed,16-06-2023 06:00,
9900,19909,Case Closed,19-11-2022 11:00,
9901,19910,Case Closed,02-10-2022 10:00,
9902,19912,Case Closed,22-05-2022 01:00,
9903,19916,Case Closed,27-05-2022 09:00,
9904,19917,Case Closed,10-05-2022 23:00,
9905,19918,Case Closed,29-07-2022 19:00,
9906,19919,Case Closed,05-07-2022 06:00,
9907,19921,Case Closed,09-05-2022 15:00,
9908,19922,Case Closed,04-07-2022 16:00,
9909,19923,Case Closed,15-06-2022 17:00,
9910,19928,Case Closed,20-05-2022 08:00,
9911,19932,Case Closed,22-03-2024 23:00,
9912,19933,Case Closed,21-04-2022 14:00,
9913,19934,Case Closed,06-06-2022 14:00,
9914,19935,Case Closed,01-05-2022 16:00,
9915,19944,Case Closed,07-06-2022 12:00,
9916,19946,Case Closed,06-05-2022 12:00,
9917,19950,Case Closed,01-06-2022 12:00,
9918,19951,Case Closed,05-07-2022 02:00,
9919,19952,Case Closed,06-05-2022 20:00,
9920,19954,Case Closed,18-06-2022 04:00,
9921,19955,Case Closed,03-05-2022 02:00,
9922,19956,Case Closed,08-07-2022 13:00,
9923,19963,Case Closed,19-06-2022 14:00,
9924,19965,Case Closed,18-05-2022 09:00,
9925,19966,Case Closed,24-05-2022 07:00,
9926,19968,Case Closed,20-05-2022 19:00,
9927,19969,Case Closed,26-05-2022 18:00,
9928,19972,Case Closed,24-02-2023 14:00,
9929,19976,Case Closed,21-04-2022 02:00,
9930,19977,Case Closed,01-05-2022 02:00,
9931,19978,Case Closed,17-05-2022 19:00,
9932,19980,Case Closed,20-05-2022 16:00,
9933,19981,Case Closed,18-04-2022 19:00,
9934,19984,Case Closed,05-05-2022 01:00,
9935,19985,Case Closed,08-06-2022 17:00,
9936,19986,Case Closed,27-07-2022 11:00,
9937,19987,Case Closed,08-07-2022 19:00,
9938,19988,Case Closed,30-04-2022 02:00,
9939,19990,Case Closed,01-06-2022 22:00,
9940,19997,Case Closed,06-06-2022 03:00,
9941,19998,Case Closed,28-06-2022 02:00,
9942,19999,Case Closed,31-05-2022 17:00,
9943,20000,Case Closed,09-07-2022 03:00,
9944,20001,Case Closed,10-06-2022 01:00,
9945,20002,Case Closed,23-09-2022 18:00,
9946,20003,Case Closed,22-06-2022 12:00,
9947,20004,Case Closed,19-04-2022 05:00,
9948,20005,Case Closed,02-10-2022 18:00,
9949,20008,Case Closed,24-04-2022 20:00,
9950,20009,Case Closed,26-09-2022 01:00,
9951,20013,Case Closed,27-06-2022 21:00,
9952,20016,Case Closed,18-06-2022 22:00,
9953,20019,Case Closed,19-02-2023 22:00,
9954,20021,Case Closed,26-04-2022 07:00,
9955,20024,Case Closed,23-05-2022 17:00,
9956,20025,Case Closed,06-12-2023 11:00,
9957,20027,Case Closed,23-05-2022 20:00,
9958,20028,Case Closed,15-05-2022 02:00,
9959,20029,Case Closed,30-10-2023 11:00,
9960,20030,Case Closed,27-05-2022 11:00,
9961,20031,Case Closed,13-05-2022 22:00,
9962,20033,Case Closed,08-06-2022 07:00,
9963,20034,Case Closed,04-07-2022 21:00,
9964,20035,Case Closed,08-10-2023 01:00,
9965,20037,Case Closed,21-12-2023 09:00,
9966,20038,Case Closed,26-06-2022 13:00,
9967,20040,Case Closed,02-07-2022 12:00,
9968,20041,Case Closed,25-05-2022 07:00,
9969,20042,Case Closed,30-03-2023 10:00,
9970,20045,Case Closed,26-05-2022 00:00,
9971,20046,Case Closed,23-02-2024 10:00,
9972,20047,Case Closed,15-05-2022 01:00,
9973,20048,Case Closed,26-05-2022 13:00,
9974,20050,Case Closed,25-05-2022 08:00,
9975,20051,Case Closed,04-05-2022 14:00,
9976,20053,Case Closed,15-07-2022 12:00,
9977,20054,Case Closed,28-05-2022 11:00,
9978,20057,Case Closed,24-06-2022 15:00,
9979,20058,Case Closed,14-09-2022 00:00,
9980,20059,Case Closed,03-05-2022 13:00,
9981,20060,Case Closed,16-05-2022 15:00,
9982,20062,Case Closed,23-04-2022 15:00,
9983,20063,Case Closed,04-07-2022 07:00,
9984,20065,Case Closed,29-05-2022 13:00,
9985,20066,Case Closed,03-06-2022 23:00,
9986,20067,Case Closed,30-06-2022 19:00,
9987,20070,Case Closed,26-04-2022 19:00,
9988,20073,Case Closed,14-06-2022 14:00,
9989,20074,Case Closed,11-07-2022 21:00,
9990,20076,Case Closed,20-05-2022 22:00,
9991,20077,Case Closed,25-06-2022 00:00,
9992,20078,Case Closed,02-05-2022 05:00,
9993,20079,Case Closed,25-06-2022 20:00,
9994,20081,Case Closed,12-06-2022 22:00,
9995,20082,Case Closed,10-07-2022 21:00,
9996,20084,Case Closed,28-06-2022 07:00,
9997,20085,Case Closed,11-06-2022 18:00,
9998,20086,Case Closed,24-04-2022 12:00,
9999,20088,Case Closed,21-03-2024 22:00,
10000,20089,Case Closed,15-05-2022 07:00,
10001,20090,Case Closed,28-04-2022 14:00,
10002,20091,Case Closed,10-07-2022 03:00,
10003,20092,Case Closed,16-05-2022 01:00,
10004,20093,Case Closed,03-05-2022 14:00,
10005,20096,Case Closed,06-05-2022 17:00,
10006,20097,Case Closed,13-06-2022 22:00,
10007,20098,Case Closed,20-06-2022 17:00,
10008,20101,Case Closed,12-05-2022 08:00,
10009,20104,Case Closed,11-10-2022 02:00,
10010,20105,Case Closed,23-06-2022 18:00,
10011,20106,Case Closed,06-03-2023 07:00,
10012,20108,Case Closed,28-06-2022 05:00,
10013,20109,Case Closed,07-07-2022 14:00,
10014,20117,Case Closed,09-07-2022 12:00,
10015,20120,Case Closed,23-07-2022 09:00,
10016,20122,Case Closed,17-08-2022 19:00,
10017,20123,Case Closed,14-07-2022 19:00,
10018,20124,Case Closed,10-05-2022 19:00,
10019,20125,Case Closed,27-05-2022 15:00,
10020,20126,Case Closed,22-06-2022 11:00,
10021,20128,Case Closed,14-09-2022 05:00,
10022,20129,Case Closed,07-07-2022 09:00,
10023,20130,Case Closed,01-09-2022 13:00,
10024,20131,Case Closed,06-05-2022 03:00,
10025,20132,Case Closed,20-05-2022 15:00,
10026,20134,Case Closed,15-10-2022 06:00,
10027,20136,Case Closed,28-04-2022 19:00,
10028,20138,Case Closed,09-08-2022 20:00,
10029,20140,Case Closed,02-07-2022 13:00,
10030,20143,Case Closed,23-06-2022 12:00,
10031,20144,Case Closed,09-05-2022 01:00,
10032,20145,Case Closed,01-10-2022 23:00,
10033,20147,Case Closed,11-07-2022 06:00,
10034,20149,Case Closed,27-04-2022 16:00,
10035,20150,Case Closed,05-05-2022 03:00,
10036,20151,Case Closed,04-05-2022 15:00,
10037,20152,Case Closed,19-05-2022 08:00,
10038,20156,Case Closed,29-05-2022 22:00,
10039,20163,Case Closed,04-05-2022 11:00,
10040,20164,Case Closed,08-07-2022 06:00,
10041,20166,Case Closed,26-06-2022 03:00,
10042,20167,Case Closed,03-10-2022 11:00,
10043,20172,Case Closed,01-07-2022 19:00,
10044,20173,Case Closed,02-05-2022 02:00,
10045,20175,Case Closed,18-07-2022 15:00,
10046,20177,Case Closed,08-07-2022 14:00,
10047,20180,Case Closed,21-04-2022 23:00,
10048,20181,Case Closed,06-05-2022 14:00,
10049,20183,Case Closed,25-09-2022 18:00,
10050,20187,Case Closed,13-07-2022 06:00,
10051,20192,Case Closed,30-06-2022 01:00,
10052,20195,Case Closed,29-04-2023 06:00,
10053,20197,Case Closed,29-06-2022 09:00,
10054,20203,Case Closed,07-07-2022 16:00,
10055,20204,Case Closed,18-07-2022 19:00,
10056,20205,Case Closed,19-07-2022 17:00,
10057,20206,Case Closed,01-01-2024 03:00,
10058,20208,Case Closed,01-05-2022 15:00,
10059,20209,Case Closed,04-06-2022 11:00,
10060,20210,Case Closed,26-08-2022 09:00,
10061,20211,Case Closed,27-05-2022 19:00,
10062,20214,Case Closed,01-05-2022 09:00,
10063,20216,Case Closed,20-12-2022 00:00,
10064,20217,Case Closed,25-06-2022 02:00,
10065,20221,Case Closed,16-05-2022 10:00,
10066,20222,Case Closed,23-06-2022 04:00,
10067,20225,Case Closed,17-07-2022 23:00,
10068,20228,Case Closed,14-03-2024 14:00,
10069,20229,Case Closed,22-05-2022 07:00,
10070,20233,Case Closed,25-06-2022 13:00,
10071,20234,Case Closed,01-06-2022 18:00,
10072,20235,Case Closed,13-07-2022 21:00,
10073,20236,Case Closed,19-05-2022 07:00,
10074,20239,Case Closed,17-05-2022 23:00,
10075,20240,Case Closed,20-05-2022 03:00,
10076,20244,Case Closed,03-05-2022 16:00,
10077,20246,Case Closed,18-05-2022 17:00,
10078,20250,Case Closed,03-07-2022 05:00,
10079,20251,Case Closed,07-05-2022 01:00,
10080,20253,Case Closed,27-05-2022 05:00,
10081,20254,Case Closed,25-06-2022 20:00,
10082,20259,Case Closed,08-05-2022 13:00,
10083,20266,Case Closed,18-05-2022 10:00,
10084,20268,Case Closed,21-05-2022 20:00,
10085,20269,Case Closed,15-07-2022 08:00,
10086,20270,Case Closed,10-06-2022 10:00,
10087,20274,Case Closed,14-05-2022 18:00,
10088,20275,Case Closed,11-07-2022 17:00,
10089,20276,Case Closed,19-02-2024 17:00,
10090,20277,Case Closed,03-06-2022 21:00,
10091,20285,Case Closed,20-05-2022 22:00,
10092,20290,Case Closed,07-09-2022 02:00,
10093,20291,Case Closed,07-07-2022 18:00,
10094,20292,Case Closed,27-05-2022 09:00,
10095,20293,Case Closed,07-05-2022 23:00,
10096,20295,Case Closed,09-06-2022 07:00,
10097,20296,Case Closed,25-06-2022 07:00,
10098,20297,Case Closed,17-06-2022 09:00,
10099,20299,Case Closed,24-07-2022 07:00,
10100,20300,Case Closed,04-07-2022 07:00,
10101,20306,Case Closed,06-10-2022 02:00,
10102,20307,Case Closed,23-08-2022 20:00,
10103,20310,Case Closed,19-05-2022 19:00,
10104,20311,Case Closed,15-05-2022 01:00,
10105,20314,Case Closed,25-06-2022 00:00,
10106,20316,Case Closed,16-06-2022 01:00,
10107,20317,Case Closed,21-07-2022 19:00,
10108,20318,Case Closed,26-05-2022 21:00,
10109,20320,Case Closed,28-09-2022 07:00,
10110,20321,Case Closed,15-06-2022 21:00,
10111,20323,Case Closed,14-06-2022 05:00,
10112,20328,Case Closed,14-06-2022 17:00,
10113,20330,Case Closed,22-06-2022 23:00,
10114,20331,Case Closed,26-06-2022 20:00,
10115,20332,Case Closed,27-07-2022 15:00,
10116,20335,Case Closed,10-06-2022 03:00,
10117,20338,Case Closed,09-07-2022 06:00,
10118,20339,Case Closed,09-06-2022 10:00,
10119,20340,Case Closed,09-07-2022 22:00,
10120,20341,Case Closed,24-05-2022 01:00,
10121,20342,Case Closed,15-07-2022 19:00,
10122,20344,Case Closed,13-06-2022 00:00,
10123,20348,Case Closed,20-07-2022 20:00,
10124,20349,Case Closed,06-06-2022 18:00,
10125,20351,Case Closed,17-07-2022 10:00,
10126,20355,Case Closed,26-06-2022 15:00,
10127,20360,Case Closed,05-07-2022 00:00,
10128,20365,Case Closed,25-06-2022 08:00,
10129,20366,Case Closed,10-06-2022 19:00,
10130,20368,Case Closed,27-06-2022 13:00,
10131,20370,Case Closed,18-06-2022 12:00,
10132,20372,Case Closed,09-06-2022 18:00,
10133,20374,Case Closed,21-05-2022 07:00,
10134,20375,Case Closed,05-09-2022 12:00,
10135,20376,Case Closed,14-07-2022 18:00,
10136,20378,Case Closed,20-12-2022 18:00,
10137,20380,Case Closed,24-05-2022 04:00,
10138,20381,Case Closed,23-08-2022 19:00,
10139,20389,Case Closed,07-07-2022 04:00,
10140,20390,Case Closed,06-07-2022 18:00,
10141,20393,Case Closed,15-06-2022 21:00,
10142,20397,Case Closed,03-06-2022 12:00,
10143,20400,Case Closed,03-06-2022 07:00,
10144,20401,Case Closed,10-05-2022 16:00,
10145,20403,Case Closed,02-06-2022 15:00,
10146,20404,Case Closed,31-05-2022 16:00,
10147,20405,Case Closed,18-07-2022 09:00,
10148,20408,Case Closed,07-05-2022 09:00,
10149,20409,Case Closed,05-06-2022 18:00,
10150,20410,Case Closed,11-05-2022 20:00,
10151,20411,Case Closed,21-08-2022 02:00,
10152,20414,Case Closed,05-06-2023 07:00,
10153,20416,Case Closed,07-06-2022 09:00,
10154,20419,Case Closed,14-06-2022 03:00,
10155,20421,Case Closed,27-07-2022 07:00,
10156,20423,Case Closed,29-05-2022 13:00,
10157,20424,Case Closed,25-06-2022 14:00,
10158,20427,Case Closed,26-01-2023 12:00,
10159,20429,Case Closed,16-11-2023 06:00,
10160,20430,Case Closed,15-06-2022 13:00,
10161,20435,Case Closed,15-06-2022 02:00,
10162,20436,Case Closed,29-08-2022 23:00,
10163,20437,Case Closed,28-07-2022 19:00,
10164,20439,Case Closed,18-06-2022 05:00,
10165,20440,Case Closed,27-06-2022 02:00,
10166,20441,Case Closed,10-05-2022 22:00,
10167,20442,Case Closed,15-06-2022 22:00,
10168,20446,Case Closed,18-05-2022 12:00,
10169,20447,Case Closed,22-05-2022 12:00,
10170,20448,Case Closed,18-05-2022 07:00,
10171,20449,Case Closed,04-03-2024 22:00,
10172,20450,Case Closed,12-07-2022 21:00,
10173,20451,Case Closed,30-06-2022 18:00,
10174,20452,Case Closed,29-06-2022 05:00,
10175,20454,Case Closed,06-06-2022 12:00,
10176,20457,Case Closed,05-07-2022 10:00,
10177,20460,Case Closed,20-06-2022 17:00,
10178,20462,Case Closed,01-08-2022 03:00,
10179,20463,Case Closed,28-05-2022 01:00,
10180,20465,Case Closed,10-07-2022 19:00,
10181,20466,Case Closed,06-03-2023 11:00,
10182,20467,Case Closed,03-07-2022 22:00,
10183,20468,Case Closed,06-07-2022 23:00,
10184,20472,Case Closed,04-05-2023 02:00,
10185,20473,Case Closed,22-05-2022 20:00,
10186,20474,Case Closed,21-05-2022 17:00,
10187,20475,Case Closed,20-07-2022 08:00,
10188,20476,Case Closed,05-06-2022 11:00,
10189,20477,Case Closed,25-06-2022 14:00,
10190,20478,Case Closed,15-05-2022 14:00,
10191,20479,Case Closed,17-12-2023 08:00,
10192,20482,Case Closed,31-05-2022 02:00,
10193,20483,Case Closed,11-03-2024 11:00,
10194,20484,Case Closed,24-07-2022 20:00,
10195,20486,Case Closed,30-06-2022 01:00,
10196,20487,Case Closed,08-04-2023 11:00,
10197,20490,Case Closed,07-07-2022 22:00,
10198,20492,Case Closed,31-05-2022 20:00,
10199,20493,Case Closed,06-05-2022 17:00,
10200,20495,Case Closed,29-06-2022 03:00,
10201,20496,Case Closed,27-03-2023 16:00,
10202,20497,Case Closed,24-06-2022 00:00,
10203,20498,Case Closed,11-07-2022 06:00,
10204,20500,Case Closed,25-05-2022 22:00,
10205,20502,Case Closed,30-06-2022 16:00,
10206,20505,Case Closed,30-07-2022 05:00,
10207,20507,Case Closed,28-05-2022 06:00,
10208,20508,Case Closed,14-06-2022 19:00,
10209,20509,Case Closed,04-07-2022 10:00,
10210,20510,Case Closed,20-05-2022 05:00,
10211,20511,Case Closed,02-08-2022 07:00,
10212,20512,Case Closed,02-07-2022 08:00,
10213,20513,Case Closed,25-05-2022 14:00,
10214,20516,Case Closed,22-07-2022 13:00,
10215,20517,Case Closed,15-10-2022 02:00,
10216,20518,Case Closed,26-06-2022 23:00,
10217,20522,Case Closed,19-07-2022 08:00,
10218,20527,Case Closed,17-07-2022 10:00,
10219,20531,Case Closed,28-06-2022 17:00,
10220,20532,Case Closed,25-06-2022 02:00,
10221,20535,Case Closed,02-09-2023 01:00,
10222,20537,Case Closed,11-07-2022 06:00,
10223,20539,Case Closed,19-07-2022 15:00,
10224,20540,Case Closed,11-07-2022 02:00,
10225,20543,Case Closed,16-05-2022 23:00,
10226,20544,Case Closed,08-07-2022 15:00,
10227,20545,Case Closed,07-06-2022 09:00,
10228,20546,Case Closed,22-05-2022 09:00,
10229,20548,Case Closed,12-05-2022 00:00,
10230,20549,Case Closed,08-06-2022 07:00,
10231,20551,Case Closed,19-06-2022 17:00,
10232,20553,Case Closed,07-07-2022 00:00,
10233,20556,Case Closed,21-07-2022 02:00,
10234,20557,Case Closed,27-10-2022 12:00,
10235,20558,Case Closed,19-06-2022 08:00,
10236,20561,Case Closed,22-05-2022 00:00,
10237,20564,Case Closed,18-05-2022 10:00,
10238,20565,Case Closed,16-05-2022 06:00,
10239,20566,Case Closed,16-06-2022 00:00,
10240,20568,Case Closed,27-06-2022 02:00,
10241,20569,Case Closed,28-06-2022 23:00,
10242,20570,Case Closed,25-04-2023 19:00,
10243,20572,Case Closed,11-06-2022 09:00,
10244,20573,Case Closed,01-07-2022 11:00,
10245,20577,Case Closed,24-05-2022 07:00,
10246,20578,Case Closed,15-06-2022 09:00,
10247,20580,Case Closed,19-07-2022 06:00,
10248,20581,Case Closed,09-01-2023 03:00,
10249,20586,Case Closed,09-06-2022 22:00,
10250,20589,Case Closed,10-07-2022 19:00,
10251,20596,Case Closed,07-06-2022 11:00,
10252,20597,Case Closed,08-06-2022 02:00,
10253,20598,Case Closed,30-05-2022 05:00,
10254,20600,Case Closed,10-01-2023 12:00,
10255,20602,Case Closed,18-05-2022 07:00,
10256,20605,Case Closed,01-07-2022 04:00,
10257,20614,Case Closed,18-06-2022 18:00,
10258,20617,Case Closed,15-06-2022 19:00,
10259,20618,Case Closed,18-06-2022 08:00,
10260,20620,Case Closed,14-01-2024 14:00,
10261,20621,Case Closed,16-06-2022 02:00,
10262,20622,Case Closed,13-07-2022 07:00,
10263,20624,Case Closed,30-05-2022 20:00,
10264,20625,Case Closed,14-06-2022 23:00,
10265,20626,Case Closed,18-06-2022 01:00,
10266,20629,Case Closed,25-10-2022 03:00,
10267,20635,Case Closed,03-06-2022 13:00,
10268,20637,Case Closed,21-07-2022 00:00,
10269,20638,Case Closed,12-07-2022 17:00,
10270,20640,Case Closed,25-05-2022 19:00,
10271,20641,Case Closed,29-05-2022 04:00,
10272,20642,Case Closed,22-10-2022 04:00,
10273,20644,Case Closed,01-07-2022 08:00,
10274,20645,Case Closed,06-08-2022 18:00,
10275,20648,Case Closed,16-05-2022 21:00,
10276,20651,Case Closed,26-10-2022 12:00,
10277,20653,Case Closed,27-06-2022 20:00,
10278,20654,Case Closed,03-08-2022 14:00,
10279,20658,Case Closed,12-07-2022 13:00,
10280,20659,Case Closed,05-06-2022 04:00,
10281,20661,Case Closed,14-07-2022 05:00,
10282,20666,Case Closed,12-06-2022 17:00,
10283,20670,Case Closed,25-05-2022 21:00,
10284,20671,Case Closed,06-07-2022 14:00,
10285,20672,Case Closed,26-07-2022 16:00,
10286,20673,Case Closed,02-06-2022 14:00,
10287,20674,Case Closed,18-06-2022 17:00,
10288,20677,Case Closed,07-07-2022 18:00,
10289,20678,Case Closed,10-06-2022 05:00,
10290,20682,Case Closed,23-05-2022 08:00,
10291,20683,Case Closed,12-06-2022 15:00,
10292,20684,Case Closed,13-07-2022 18:00,
10293,20689,Case Closed,29-06-2022 06:00,
10294,20691,Case Closed,14-06-2022 22:00,
10295,20693,Case Closed,14-07-2022 21:00,
10296,20696,Case Closed,23-07-2022 15:00,
10297,20697,Case Closed,04-06-2022 12:00,
10298,20699,Case Closed,11-10-2022 09:00,
10299,20703,Case Closed,21-08-2023 22:00,
10300,20705,Case Closed,31-07-2022 04:00,
10301,20706,Case Closed,01-08-2022 10:00,
10302,20708,Case Closed,17-12-2022 10:00,
10303,20709,Case Closed,17-06-2022 03:00,
10304,20710,Case Closed,27-05-2022 03:00,
10305,20712,Case Closed,15-05-2022 13:00,
10306,20715,Case Closed,29-07-2022 05:00,
10307,20716,Case Closed,21-10-2023 11:00,
10308,20718,Case Closed,12-07-2022 01:00,
10309,20719,Case Closed,20-05-2022 19:00,
10310,20720,Case Closed,11-07-2022 17:00,
10311,20722,Case Closed,09-06-2022 07:00,
10312,20725,Case Closed,01-08-2022 13:00,
10313,20726,Case Closed,21-06-2022 11:00,
10314,20727,Case Closed,27-05-2022 04:00,
10315,20728,Case Closed,09-07-2022 08:00,
10316,20733,Case Closed,26-05-2022 12:00,
10317,20734,Case Closed,07-07-2022 14:00,
10318,20738,Case Closed,18-05-2022 14:00,
10319,20739,Case Closed,10-06-2022 18:00,
10320,20741,Case Closed,26-07-2022 18:00,
10321,20742,Case Closed,11-06-2022 02:00,
10322,20744,Case Closed,28-05-2022 04:00,
10323,20747,Case Closed,12-06-2022 14:00,
10324,20749,Case Closed,27-06-2022 22:00,
10325,20751,Case Closed,09-06-2022 23:00,
10326,20752,Case Closed,05-08-2022 15:00,
10327,20753,Case Closed,13-06-2022 16:00,
10328,20754,Case Closed,03-06-2022 02:00,
10329,20755,Case Closed,17-07-2022 18:00,
10330,20758,Case Closed,10-06-2022 22:00,
10331,20761,Case Closed,09-08-2022 23:00,
10332,20762,Case Closed,23-06-2022 03:00,
10333,20764,Case Closed,07-07-2022 00:00,
10334,20767,Case Closed,21-06-2022 19:00,
10335,20768,Case Closed,28-07-2022 04:00,
10336,20770,Case Closed,06-08-2022 17:00,
10337,20771,Case Closed,28-07-2022 07:00,
10338,20775,Case Closed,14-07-2022 02:00,
10339,20776,Case Closed,17-07-2022 13:00,
10340,20781,Case Closed,27-07-2022 05:00,
10341,20783,Case Closed,10-06-2022 18:00,
10342,20784,Case Closed,04-07-2022 17:00,
10343,20786,Case Closed,16-06-2022 06:00,
10344,20787,Case Closed,27-11-2022 20:00,
10345,20791,Case Closed,05-03-2024 07:00,
10346,20792,Case Closed,26-06-2022 13:00,
10347,20794,Case Closed,04-06-2022 00:00,
10348,20795,Case Closed,14-06-2022 01:00,
10349,20800,Case Closed,18-06-2022 12:00,
10350,20804,Case Closed,02-07-2022 14:00,
10351,20814,Case Closed,24-07-2022 04:00,
10352,20815,Case Closed,26-06-2022 00:00,
10353,20816,Case Closed,30-06-2022 09:00,
10354,20818,Case Closed,04-08-2022 11:00,
10355,20819,Case Closed,20-02-2024 22:00,
10356,20820,Case Closed,04-06-2022 05:00,
10357,20821,Case Closed,15-08-2022 10:00,
10358,20824,Case Closed,16-06-2022 14:00,
10359,20825,Case Closed,19-06-2022 23:00,
10360,20827,Case Closed,01-07-2022 12:00,
10361,20829,Case Closed,09-07-2022 04:00,
10362,20830,Case Closed,23-07-2022 06:00,
10363,20831,Case Closed,08-06-2022 16:00,
10364,20832,Case Closed,18-06-2022 23:00,
10365,20836,Case Closed,05-09-2022 10:00,
10366,20837,Case Closed,20-06-2022 17:00,
10367,20839,Case Closed,27-06-2022 22:00,
10368,20841,Case Closed,08-08-2022 22:00,
10369,20842,Case Closed,22-07-2022 03:00,
10370,20843,Case Closed,12-08-2022 01:00,
10371,20845,Case Closed,24-06-2022 06:00,
10372,20848,Case Closed,28-02-2023 14:00,
10373,20849,Case Closed,17-06-2022 21:00,
10374,20852,Case Closed,19-10-2022 06:00,
10375,20856,Case Closed,28-06-2022 18:00,
10376,20858,Case Closed,22-06-2022 13:00,
10377,20859,Case Closed,21-09-2022 12:00,
10378,20860,Case Closed,25-06-2022 21:00,
10379,20861,Case Closed,18-10-2022 17:00,
10380,20864,Case Closed,09-06-2022 21:00,
10381,20866,Case Closed,01-08-2022 22:00,
10382,20868,Case Closed,19-08-2022 08:00,
10383,20869,Case Closed,05-11-2022 01:00,
10384,20872,Case Closed,08-06-2022 20:00,
10385,20875,Case Closed,03-06-2022 17:00,
10386,20878,Case Closed,28-06-2022 18:00,
10387,20882,Case Closed,02-07-2022 18:00,
10388,20883,Case Closed,13-08-2022 23:00,
10389,20885,Case Closed,14-06-2022 15:00,
10390,20888,Case Closed,04-06-2022 09:00,
10391,20891,Case Closed,29-08-2023 03:00,
10392,20893,Case Closed,13-06-2022 15:00,
10393,20894,Case Closed,21-06-2022 00:00,
10394,20895,Case Closed,18-08-2022 03:00,
10395,20897,Case Closed,07-06-2022 20:00,
10396,20898,Case Closed,04-07-2022 00:00,
10397,20899,Case Closed,28-07-2022 09:00,
10398,20900,Case Closed,06-07-2022 00:00,
10399,20902,Case Closed,13-08-2022 21:00,
10400,20906,Case Closed,30-07-2022 22:00,
10401,20909,Case Closed,31-10-2022 03:00,
10402,20910,Case Closed,02-06-2022 20:00,
10403,20913,Case Closed,09-08-2022 01:00,
10404,20916,Case Closed,16-07-2022 09:00,
10405,20920,Case Closed,18-08-2022 08:00,
10406,20921,Case Closed,30-05-2022 09:00,
10407,20923,Case Closed,19-07-2022 16:00,
10408,20926,Case Closed,01-06-2022 16:00,
10409,20927,Case Closed,05-11-2022 20:00,
10410,20928,Case Closed,01-08-2022 17:00,
10411,20929,Case Closed,23-06-2022 02:00,
10412,20930,Case Closed,20-06-2022 09:00,
10413,20931,Case Closed,28-10-2022 10:00,
10414,20932,Case Closed,19-08-2022 09:00,
10415,20933,Case Closed,06-07-2022 23:00,
10416,20935,Case Closed,20-08-2022 10:00,
10417,20939,Case Closed,18-08-2022 15:00,
10418,20941,Case Closed,11-09-2022 10:00,
10419,20945,Case Closed,25-06-2022 18:00,
10420,20946,Case Closed,14-08-2022 22:00,
10421,20947,Case Closed,08-06-2022 21:00,
10422,20949,Case Closed,17-09-2022 22:00,
10423,20950,Case Closed,30-06-2022 06:00,
10424,20952,Case Closed,22-06-2022 20:00,
10425,20954,Case Closed,31-07-2022 11:00,
10426,20955,Case Closed,03-08-2022 13:00,
10427,20957,Case Closed,18-06-2022 09:00,
10428,20962,Case Closed,16-08-2022 11:00,
10429,20964,Case Closed,17-06-2022 15:00,
10430,20965,Case Closed,15-06-2022 13:00,
10431,20966,Case Closed,01-08-2022 16:00,
10432,20970,Case Closed,02-08-2022 20:00,
10433,20972,Case Closed,19-12-2023 04:00,
10434,20973,Case Closed,02-06-2022 13:00,
10435,20975,Case Closed,22-08-2022 00:00,
10436,20979,Case Closed,11-06-2022 02:00,
10437,20980,Case Closed,07-06-2022 11:00,
10438,20981,Case Closed,07-06-2022 14:00,
10439,20982,Case Closed,26-05-2022 14:00,
10440,20984,Case Closed,09-06-2022 04:00,
10441,20985,Case Closed,24-06-2022 06:00,
10442,20986,Case Closed,02-09-2023 04:00,
10443,20989,Case Closed,17-08-2022 13:00,
10444,20993,Case Closed,13-06-2022 15:00,
10445,20995,Case Closed,23-06-2022 05:00,
10446,20999,Case Closed,07-06-2022 00:00,
10447,21003,Case Closed,25-10-2023 19:00,
10448,21004,Case Closed,14-09-2022 18:00,
10449,21008,Case Closed,09-07-2022 15:00,
10450,21011,Case Closed,14-07-2022 08:00,
10451,21013,Case Closed,10-07-2022 01:00,
10452,21015,Case Closed,14-06-2022 14:00,
10453,21016,Case Closed,17-07-2022 09:00,
10454,21021,Case Closed,23-08-2022 08:00,
10455,21023,Case Closed,19-08-2022 08:00,
10456,21025,Case Closed,17-07-2022 14:00,
10457,21026,Case Closed,29-10-2022 12:00,
10458,21028,Case Closed,17-08-2022 04:00,
10459,21030,Case Closed,08-06-2022 06:00,
10460,21031,Case Closed,08-08-2022 15:00,
10461,21032,Case Closed,26-08-2022 03:00,
10462,21033,Case Closed,08-06-2022 04:00,
10463,21034,Case Closed,02-06-2022 10:00,
10464,21036,Case Closed,06-07-2022 18:00,
10465,21037,Case Closed,20-07-2022 04:00,
10466,21038,Case Closed,20-10-2022 21:00,
10467,21039,Case Closed,10-08-2022 08:00,
10468,21040,Case Closed,15-07-2022 08:00,
10469,21043,Case Closed,12-08-2022 10:00,
10470,21044,Case Closed,26-09-2022 18:00,
10471,21045,Case Closed,12-06-2022 09:00,
10472,21047,Case Closed,17-07-2022 14:00,
10473,21049,Case Closed,16-07-2022 22:00,
10474,21053,Case Closed,25-08-2022 14:00,
10475,21054,Case Closed,23-07-2022 21:00,
10476,21055,Case Closed,28-10-2022 17:00,
10477,21057,Case Closed,09-08-2022 22:00,
10478,21061,Case Closed,20-08-2022 16:00,
10479,21066,Case Closed,27-06-2022 14:00,
10480,21067,Case Closed,12-06-2022 11:00,
10481,21070,Case Closed,05-07-2022 22:00,
10482,21071,Case Closed,09-08-2022 16:00,
10483,21077,Case Closed,09-06-2022 04:00,
10484,21079,Case Closed,23-08-2022 16:00,
10485,21081,Case Closed,16-06-2022 17:00,
10486,21082,Case Closed,24-09-2022 20:00,
10487,21083,Case Closed,29-04-2024 21:00,
10488,21086,Case Closed,23-06-2022 12:00,
10489,21087,Case Closed,02-08-2022 08:00,
10490,21089,Case Closed,01-06-2022 03:00,
10491,21091,Case Closed,09-06-2022 22:00,
10492,21092,Case Closed,22-07-2022 13:00,
10493,21093,Case Closed,24-08-2022 03:00,
10494,21096,Case Closed,28-07-2022 11:00,
10495,21097,Case Closed,16-06-2022 20:00,
10496,21098,Case Closed,14-06-2022 05:00,
10497,21100,Case Closed,07-03-2023 18:00,
10498,21101,Case Closed,09-08-2022 05:00,
10499,21104,Case Closed,14-10-2023 13:00,
10500,21105,Case Closed,19-06-2022 14:00,
10501,21106,Case Closed,05-07-2022 18:00,
10502,21107,Case Closed,08-06-2022 09:00,
10503,21108,Case Closed,23-07-2022 09:00,
10504,21111,Case Closed,02-09-2022 18:00,
10505,21115,Case Closed,16-08-2022 13:00,
10506,21118,Case Closed,28-06-2022 11:00,
10507,21120,Case Closed,10-08-2022 18:00,
10508,21121,Case Closed,20-06-2022 17:00,
10509,21122,Case Closed,10-07-2022 17:00,
10510,21123,Case Closed,05-06-2022 20:00,
10511,21124,Case Closed,20-03-2024 12:00,
10512,21125,Case Closed,20-06-2022 10:00,
10513,21130,Case Closed,26-07-2022 19:00,
10514,21131,Case Closed,30-09-2022 03:00,
10515,21132,Case Closed,08-06-2022 19:00,
10516,21134,Case Closed,07-08-2022 00:00,
10517,21135,Case Closed,25-08-2022 07:00,
10518,21141,Case Closed,26-06-2022 08:00,
10519,21142,Case Closed,03-05-2023 01:00,
10520,21143,Case Closed,26-08-2022 00:00,
10521,21144,Case Closed,23-06-2022 00:00,
10522,21145,Case Closed,13-08-2022 07:00,
10523,21147,Case Closed,09-08-2022 09:00,
10524,21152,Case Closed,20-06-2022 00:00,
10525,21157,Case Closed,17-06-2022 15:00,
10526,21158,Case Closed,08-02-2023 08:00,
10527,21160,Case Closed,09-07-2022 14:00,
10528,21161,Case Closed,13-07-2022 12:00,
10529,21162,Case Closed,21-08-2022 16:00,
10530,21164,Case Closed,22-07-2022 21:00,
10531,21165,Case Closed,09-07-2022 11:00,
10532,21166,Case Closed,12-06-2022 16:00,
10533,21167,Case Closed,20-07-2022 02:00,
10534,21168,Case Closed,04-07-2022 19:00,
10535,21175,Case Closed,17-08-2022 16:00,
10536,21176,Case Closed,16-06-2022 22:00,
10537,21177,Case Closed,18-08-2022 16:00,
10538,21178,Case Closed,19-06-2022 13:00,
10539,21181,Case Closed,08-08-2022 13:00,
10540,21182,Case Closed,18-08-2022 07:00,
10541,21183,Case Closed,26-07-2022 00:00,
10542,21184,Case Closed,11-08-2022 04:00,
10543,21190,Case Closed,06-07-2022 17:00,
10544,21193,Case Closed,25-06-2022 05:00,
10545,21196,Case Closed,19-08-2022 11:00,
10546,21197,Case Closed,23-07-2022 06:00,
10547,21199,Case Closed,21-06-2022 21:00,
10548,21200,Case Closed,27-06-2022 12:00,
10549,21201,Case Closed,07-06-2022 09:00,
10550,21202,Case Closed,19-10-2022 13:00,
10551,21204,Case Closed,26-06-2022 09:00,
10552,21205,Case Closed,28-08-2022 05:00,
10553,21207,Case Closed,03-08-2022 05:00,
10554,21209,Case Closed,20-08-2022 02:00,
10555,21211,Case Closed,05-08-2022 22:00,
10556,21213,Case Closed,28-08-2022 22:00,
10557,21214,Case Closed,05-07-2022 09:00,
10558,21215,Case Closed,25-07-2022 21:00,
10559,21216,Case Closed,11-08-2022 11:00,
10560,21218,Case Closed,16-06-2022 23:00,
10561,21219,Case Closed,12-07-2022 10:00,
10562,21223,Case Closed,28-06-2022 19:00,
10563,21224,Case Closed,05-08-2022 16:00,
10564,21225,Case Closed,11-07-2022 06:00,
10565,21226,Case Closed,22-08-2022 20:00,
10566,21227,Case Closed,14-07-2022 09:00,
10567,21228,Case Closed,18-06-2022 16:00,
10568,21229,Case Closed,02-07-2022 23:00,
10569,21234,Case Closed,13-10-2022 16:00,
10570,21235,Case Closed,02-08-2022 21:00,
10571,21236,Case Closed,09-07-2022 21:00,
10572,21237,Case Closed,20-08-2022 02:00,
10573,21238,Case Closed,19-05-2023 00:00,
10574,21239,Case Closed,15-08-2022 23:00,
10575,21243,Case Closed,18-06-2023 10:00,
10576,21244,Case Closed,13-08-2022 13:00,
10577,21245,Case Closed,09-07-2022 02:00,
10578,21249,Case Closed,21-07-2022 02:00,
10579,21250,Case Closed,16-08-2022 11:00,
10580,21253,Case Closed,14-07-2022 22:00,
10581,21255,Case Closed,13-08-2022 08:00,
10582,21256,Case Closed,23-06-2022 14:00,
10583,21257,Case Closed,30-06-2022 05:00,
10584,21258,Case Closed,16-06-2022 05:00,
10585,21259,Case Closed,27-08-2022 00:00,
10586,21261,Case Closed,19-06-2022 18:00,
10587,21262,Case Closed,29-06-2022 08:00,
10588,21264,Case Closed,31-07-2022 03:00,
10589,21265,Case Closed,07-08-2022 18:00,
10590,21266,Case Closed,30-06-2022 13:00,
10591,21267,Case Closed,11-11-2023 14:00,
10592,21270,Case Closed,22-06-2022 13:00,
10593,21271,Case Closed,28-07-2022 08:00,
10594,21272,Case Closed,01-07-2022 22:00,
10595,21273,Case Closed,07-09-2022 21:00,
10596,21274,Case Closed,08-03-2024 23:00,
10597,21275,Case Closed,08-08-2022 12:00,
10598,21276,Case Closed,12-08-2022 13:00,
10599,21278,Case Closed,15-06-2022 20:00,
10600,21279,Case Closed,01-07-2022 15:00,
10601,21281,Case Closed,04-07-2022 01:00,
10602,21283,Case Closed,24-08-2022 03:00,
10603,21284,Case Closed,07-08-2022 08:00,
10604,21287,Case Closed,07-07-2022 19:00,
10605,21289,Case Closed,23-07-2022 13:00,
10606,21290,Case Closed,05-11-2022 20:00,
10607,21291,Case Closed,06-07-2022 21:00,
10608,21292,Case Closed,03-07-2022 13:00,
10609,21303,Case Closed,19-07-2022 19:00,
10610,21304,Case Closed,24-07-2022 00:00,
10611,21305,Case Closed,16-07-2022 14:00,
10612,21306,Case Closed,10-08-2022 19:00,
10613,21307,Case Closed,13-07-2022 01:00,
10614,21310,Case Closed,10-06-2022 14:00,
10615,21311,Case Closed,20-06-2022 01:00,
10616,21314,Case Closed,20-06-2022 03:00,
10617,21315,Case Closed,29-07-2022 03:00,
10618,21316,Case Closed,10-07-2022 07:00,
10619,21321,Case Closed,24-01-2024 13:00,
10620,21325,Case Closed,02-07-2022 00:00,
10621,21327,Case Closed,27-08-2022 17:00,
10622,21330,Case Closed,13-08-2022 09:00,
10623,21331,Case Closed,12-11-2022 21:00,
10624,21332,Case Closed,27-07-2022 11:00,
10625,21333,Case Closed,28-06-2022 18:00,
10626,21334,Case Closed,29-06-2022 13:00,
10627,21337,Case Closed,04-12-2022 21:00,
10628,21340,Case Closed,11-05-2023 18:00,
10629,21341,Case Closed,17-07-2022 18:00,
10630,21342,Case Closed,16-06-2022 16:00,
10631,21344,Case Closed,10-07-2022 23:00,
10632,21347,Case Closed,23-06-2022 14:00,
10633,21348,Case Closed,07-07-2022 10:00,
10634,21353,Case Closed,19-06-2022 02:00,
10635,21354,Case Closed,17-07-2022 21:00,
10636,21356,Case Closed,08-11-2022 11:00,
10637,21357,Case Closed,30-08-2022 02:00,
10638,21358,Case Closed,10-07-2022 22:00,
10639,21359,Case Closed,06-05-2023 15:00,
10640,21360,Case Closed,25-07-2022 16:00,
10641,21361,Case Closed,09-08-2022 19:00,
10642,21363,Case Closed,31-07-2022 22:00,
10643,21366,Case Closed,24-08-2022 14:00,
10644,21367,Case Closed,26-06-2022 02:00,
10645,21369,Case Closed,01-09-2022 15:00,
10646,21370,Case Closed,11-06-2022 04:00,
10647,21373,Case Closed,08-07-2022 18:00,
10648,21374,Case Closed,10-08-2022 21:00,
10649,21375,Case Closed,29-06-2022 13:00,
10650,21376,Case Closed,30-08-2022 22:00,
10651,21378,Case Closed,28-06-2022 19:00,
10652,21379,Case Closed,02-09-2022 22:00,
10653,21380,Case Closed,23-08-2022 02:00,
10654,21382,Case Closed,18-07-2022 00:00,
10655,21385,Case Closed,22-10-2022 04:00,
10656,21386,Case Closed,18-08-2022 12:00,
10657,21389,Case Closed,29-08-2022 06:00,
10658,21391,Case Closed,06-07-2023 06:00,
10659,21393,Case Closed,03-12-2022 01:00,
10660,21394,Case Closed,12-08-2022 06:00,
10661,21395,Case Closed,17-08-2022 19:00,
10662,21396,Case Closed,02-08-2022 15:00,
10663,21397,Case Closed,29-06-2022 16:00,
10664,21398,Case Closed,03-08-2022 18:00,
10665,21399,Case Closed,10-08-2022 19:00,
10666,21401,Case Closed,22-08-2022 00:00,
10667,21404,Case Closed,13-11-2022 09:00,
10668,21409,Case Closed,23-06-2022 10:00,
10669,21412,Case Closed,30-06-2022 05:00,
10670,21413,Case Closed,02-07-2022 18:00,
10671,21416,Case Closed,11-07-2022 20:00,
10672,21417,Case Closed,01-03-2024 04:00,
10673,21419,Case Closed,30-08-2022 23:00,
10674,21420,Case Closed,01-07-2022 01:00,
10675,21421,Case Closed,14-07-2022 07:00,
10676,21424,Case Closed,03-07-2022 23:00,
10677,21426,Case Closed,14-07-2022 02:00,
10678,21427,Case Closed,08-07-2022 07:00,
10679,21429,Case Closed,21-06-2022 05:00,
10680,21434,Case Closed,01-07-2022 01:00,
10681,21436,Case Closed,01-08-2022 20:00,
10682,21439,Case Closed,15-07-2022 23:00,
10683,21440,Case Closed,09-08-2022 14:00,
10684,21442,Case Closed,10-07-2022 10:00,
10685,21444,Case Closed,04-12-2022 09:00,
10686,21445,Case Closed,16-06-2022 18:00,
10687,21448,Case Closed,23-08-2022 05:00,
10688,21452,Case Closed,09-07-2022 05:00,
10689,21453,Case Closed,15-07-2022 23:00,
10690,21456,Case Closed,29-06-2022 20:00,
10691,21457,Case Closed,20-07-2022 06:00,
10692,21458,Case Closed,04-07-2022 10:00,
10693,21459,Case Closed,17-08-2022 14:00,
10694,21461,Case Closed,03-07-2022 00:00,
10695,21462,Case Closed,06-07-2022 10:00,
10696,21463,Case Closed,20-07-2022 21:00,
10697,21466,Case Closed,16-07-2022 09:00,
10698,21468,Case Closed,31-07-2022 07:00,
10699,21473,Case Closed,21-06-2022 11:00,
10700,21475,Case Closed,15-08-2022 08:00,
10701,21476,Case Closed,01-07-2022 12:00,
10702,21479,Case Closed,06-07-2022 15:00,
10703,21482,Case Closed,25-06-2022 23:00,
10704,21483,Case Closed,05-07-2022 00:00,
10705,21484,Case Closed,02-07-2022 02:00,
10706,21489,Case Closed,13-08-2022 20:00,
10707,21491,Case Closed,17-08-2022 22:00,
10708,21492,Case Closed,08-07-2022 17:00,
10709,21493,Case Closed,09-07-2022 00:00,
10710,21496,Case Closed,25-06-2022 02:00,
10711,21499,Case Closed,25-12-2023 06:00,
10712,21504,Case Closed,25-07-2022 02:00,
10713,21505,Case Closed,09-09-2022 03:00,
10714,21507,Case Closed,08-09-2022 20:00,
10715,21508,Case Closed,24-07-2022 21:00,
10716,21510,Case Closed,07-09-2022 23:00,
10717,21512,Case Closed,11-12-2023 01:00,
10718,21513,Case Closed,09-09-2022 20:00,
10719,21514,Case Closed,15-08-2022 02:00,
10720,21515,Case Closed,30-06-2022 12:00,
10721,21517,Case Closed,27-10-2022 19:00,
10722,21519,Case Closed,26-06-2022 17:00,
10723,21520,Case Closed,23-06-2022 19:00,
10724,21524,Case Closed,02-07-2022 11:00,
10725,21528,Case Closed,28-08-2022 20:00,
10726,21529,Case Closed,15-08-2022 22:00,
10727,21531,Case Closed,16-07-2022 09:00,
10728,21532,Case Closed,19-06-2022 14:00,
10729,21534,Case Closed,29-06-2022 12:00,
10730,21536,Case Closed,15-09-2022 01:00,
10731,21539,Case Closed,30-06-2022 20:00,
10732,21542,Case Closed,30-06-2022 21:00,
10733,21543,Case Closed,29-10-2022 03:00,
10734,21545,Case Closed,03-09-2022 05:00,
10735,21547,Case Closed,30-06-2022 19:00,
10736,21550,Case Closed,12-04-2024 10:00,
10737,21551,Case Closed,03-08-2022 21:00,
10738,21552,Case Closed,11-07-2022 21:00,
10739,21555,Case Closed,11-09-2022 17:00,
10740,21556,Case Closed,29-09-2022 23:00,
10741,21557,Case Closed,03-07-2022 05:00,
10742,21558,Case Closed,02-09-2022 12:00,
10743,21563,Case Closed,29-06-2022 15:00,
10744,21564,Case Closed,11-07-2022 21:00,
10745,21565,Case Closed,29-06-2022 17:00,
10746,21566,Case Closed,10-07-2022 09:00,
10747,21567,Case Closed,26-06-2022 09:00,
10748,21569,Case Closed,11-08-2022 03:00,
10749,21570,Case Closed,20-09-2022 11:00,
10750,21571,Case Closed,13-07-2022 01:00,
10751,21572,Case Closed,27-07-2022 13:00,
10752,21573,Case Closed,27-07-2022 21:00,
10753,21576,Case Closed,14-07-2022 00:00,
10754,21579,Case Closed,25-08-2022 08:00,
10755,21580,Case Closed,08-12-2022 23:00,
10756,21581,Case Closed,13-07-2022 05:00,
10757,21582,Case Closed,26-08-2022 19:00,
10758,21585,Case Closed,15-07-2022 20:00,
10759,21587,Case Closed,02-07-2022 22:00,
10760,21590,Case Closed,09-09-2022 02:00,
10761,21591,Case Closed,30-08-2022 18:00,
10762,21593,Case Closed,04-07-2022 19:00,
10763,21595,Case Closed,14-09-2022 23:00,
10764,21596,Case Closed,13-08-2022 00:00,
10765,21602,Case Closed,04-08-2022 17:00,
10766,21603,Case Closed,02-07-2022 08:00,
10767,21604,Case Closed,31-07-2022 09:00,
10768,21605,Case Closed,17-07-2022 09:00,
10769,21606,Case Closed,21-07-2022 17:00,
10770,21608,Case Closed,08-12-2022 12:00,
10771,21609,Case Closed,14-09-2023 05:00,
10772,21611,Case Closed,12-07-2022 05:00,
10773,21612,Case Closed,12-07-2022 03:00,
10774,21613,Case Closed,11-01-2023 09:00,
10775,21615,Case Closed,08-08-2022 14:00,
10776,21617,Case Closed,20-08-2022 00:00,
10777,21619,Case Closed,26-07-2023 06:00,
10778,21625,Case Closed,10-09-2022 12:00,
10779,21626,Case Closed,27-06-2022 14:00,
10780,21627,Case Closed,13-08-2022 14:00,
10781,21628,Case Closed,18-08-2022 01:00,
10782,21633,Case Closed,14-08-2022 23:00,
10783,21635,Case Closed,14-09-2022 01:00,
10784,21636,Case Closed,24-08-2022 16:00,
10785,21637,Case Closed,02-09-2022 16:00,
10786,21638,Case Closed,15-08-2022 01:00,
10787,21640,Case Closed,17-07-2022 07:00,
10788,21643,Case Closed,22-07-2022 13:00,
10789,21647,Case Closed,19-07-2022 21:00,
10790,21648,Case Closed,01-07-2022 17:00,
10791,21652,Case Closed,28-07-2022 05:00,
10792,21653,Case Closed,30-07-2022 00:00,
10793,21659,Case Closed,06-07-2022 06:00,
10794,21661,Case Closed,09-07-2022 18:00,
10795,21662,Case Closed,04-07-2022 23:00,
10796,21664,Case Closed,11-09-2022 05:00,
10797,21666,Case Closed,07-12-2022 23:00,
10798,21669,Case Closed,06-08-2022 15:00,
10799,21670,Case Closed,30-09-2022 22:00,
10800,21672,Case Closed,04-07-2022 11:00,
10801,21674,Case Closed,01-07-2022 23:00,
10802,21675,Case Closed,08-08-2022 22:00,
10803,21678,Case Closed,01-07-2022 01:00,
10804,21680,Case Closed,09-08-2022 23:00,
10805,21681,Case Closed,18-09-2022 10:00,
10806,21683,Case Closed,23-07-2022 21:00,
10807,21685,Case Closed,26-07-2022 00:00,
10808,21687,Case Closed,28-05-2023 21:00,
10809,21691,Case Closed,19-09-2022 23:00,
10810,21692,Case Closed,14-12-2022 22:00,
10811,21696,Case Closed,16-07-2022 14:00,
10812,21698,Case Closed,01-09-2022 21:00,
10813,21701,Case Closed,19-09-2022 15:00,
10814,21702,Case Closed,28-07-2022 09:00,
10815,21703,Case Closed,07-07-2022 07:00,
10816,21705,Case Closed,31-08-2022 13:00,
10817,21707,Case Closed,22-09-2022 06:00,
10818,21710,Case Closed,28-07-2022 22:00,
10819,21711,Case Closed,30-07-2022 23:00,
10820,21712,Case Closed,01-07-2022 06:00,
10821,21714,Case Closed,08-07-2022 22:00,
10822,21716,Case Closed,17-07-2022 23:00,
10823,21717,Case Closed,24-08-2022 00:00,
10824,21719,Case Closed,24-05-2023 08:00,
10825,21722,Case Closed,12-07-2022 13:00,
10826,21724,Case Closed,29-08-2022 10:00,
10827,21725,Case Closed,23-08-2022 17:00,
10828,21726,Case Closed,26-10-2022 11:00,
10829,21727,Case Closed,02-09-2022 02:00,
10830,21729,Case Closed,29-07-2022 04:00,
10831,21731,Case Closed,21-07-2022 08:00,
10832,21733,Case Closed,02-09-2022 19:00,
10833,21734,Case Closed,31-08-2022 22:00,
10834,21739,Case Closed,01-08-2022 14:00,
10835,21740,Case Closed,08-09-2022 11:00,
10836,21743,Case Closed,19-09-2022 23:00,
10837,21747,Case Closed,30-06-2022 07:00,
10838,21750,Case Closed,06-09-2022 09:00,
10839,21751,Case Closed,19-07-2022 20:00,
10840,21752,Case Closed,15-08-2022 06:00,
10841,21756,Case Closed,25-09-2022 07:00,
10842,21757,Case Closed,31-08-2022 21:00,
10843,21762,Case Closed,10-07-2022 21:00,
10844,21765,Case Closed,23-08-2022 00:00,
10845,21769,Case Closed,07-08-2022 11:00,
10846,21770,Case Closed,27-08-2023 09:00,
10847,21773,Case Closed,22-09-2022 23:00,
10848,21774,Case Closed,16-07-2022 20:00,
10849,21775,Case Closed,09-09-2022 19:00,
10850,21776,Case Closed,15-07-2022 19:00,
10851,21777,Case Closed,08-07-2022 19:00,
10852,21779,Case Closed,07-09-2022 03:00,
10853,21781,Case Closed,02-09-2022 06:00,
10854,21782,Case Closed,05-08-2022 12:00,
10855,21783,Case Closed,18-07-2022 07:00,
10856,21784,Case Closed,28-07-2022 09:00,
10857,21786,Case Closed,15-09-2022 15:00,
10858,21788,Case Closed,31-08-2022 01:00,
10859,21789,Case Closed,22-08-2022 08:00,
10860,21790,Case Closed,12-07-2022 04:00,
10861,21792,Case Closed,10-09-2022 11:00,
10862,21794,Case Closed,21-08-2022 01:00,
10863,21795,Case Closed,07-07-2022 13:00,
10864,21796,Case Closed,16-07-2022 11:00,
10865,21797,Case Closed,18-06-2023 00:00,
10866,21798,Case Closed,16-12-2022 11:00,
10867,21799,Case Closed,16-09-2022 15:00,
10868,21801,Case Closed,25-11-2022 11:00,
10869,21802,Case Closed,25-08-2022 03:00,
10870,21803,Case Closed,13-09-2022 02:00,
10871,21806,Case Closed,24-08-2022 00:00,
10872,21808,Case Closed,31-07-2022 04:00,
10873,21809,Case Closed,24-07-2022 02:00,
10874,21810,Case Closed,07-07-2022 17:00,
10875,21813,Case Closed,13-09-2022 03:00,
10876,21814,Case Closed,14-04-2024 02:00,
10877,21816,Case Closed,25-08-2022 22:00,
10878,21820,Case Closed,07-09-2022 05:00,
10879,21821,Case Closed,17-09-2022 05:00,
10880,21824,Case Closed,19-09-2022 19:00,
10881,21831,Case Closed,12-04-2023 19:00,
10882,21834,Case Closed,31-07-2022 17:00,
10883,21835,Case Closed,26-08-2022 02:00,
10884,21837,Case Closed,06-06-2024 00:00,
10885,21841,Case Closed,23-07-2022 04:00,
10886,21843,Case Closed,08-09-2022 14:00,
10887,21846,Case Closed,31-08-2023 23:00,
10888,21847,Case Closed,22-07-2022 08:00,
10889,21848,Case Closed,23-08-2022 05:00,
10890,21855,Case Closed,31-07-2022 05:00,
10891,21857,Case Closed,05-07-2022 18:00,
10892,21858,Case Closed,13-07-2022 01:00,
10893,21862,Case Closed,03-09-2022 12:00,
10894,21863,Case Closed,17-07-2023 10:00,
10895,21865,Case Closed,04-08-2022 01:00,
10896,21868,Case Closed,14-08-2022 05:00,
10897,21870,Case Closed,16-12-2023 19:00,
10898,21872,Case Closed,27-07-2022 05:00,
10899,21873,Case Closed,08-08-2022 16:00,
10900,21874,Case Closed,14-07-2022 21:00,
10901,21875,Case Closed,17-08-2022 05:00,
10902,21878,Case Closed,15-09-2022 15:00,
10903,21880,Case Closed,22-08-2022 02:00,
10904,21881,Case Closed,26-12-2022 17:00,
10905,21882,Case Closed,12-07-2022 07:00,
10906,21883,Case Closed,10-01-2023 18:00,
10907,21885,Case Closed,05-08-2022 14:00,
10908,21886,Case Closed,22-07-2022 12:00,
10909,21890,Case Closed,07-12-2022 12:00,
10910,21891,Case Closed,02-08-2022 00:00,
10911,21892,Case Closed,19-07-2022 10:00,
10912,21895,Case Closed,28-07-2022 15:00,
10913,21899,Case Closed,10-08-2022 09:00,
10914,21900,Case Closed,27-09-2022 13:00,
10915,21901,Case Closed,22-07-2022 16:00,
10916,21902,Case Closed,25-08-2022 14:00,
10917,21903,Case Closed,21-09-2022 18:00,
10918,21910,Case Closed,15-07-2023 00:00,
10919,21913,Case Closed,21-12-2022 06:00,
10920,21914,Case Closed,22-07-2022 21:00,
10921,21915,Case Closed,31-08-2022 06:00,
10922,21916,Case Closed,09-07-2022 05:00,
10923,21917,Case Closed,27-09-2022 08:00,
10924,21918,Case Closed,09-07-2022 12:00,
10925,21919,Case Closed,18-11-2022 16:00,
10926,21920,Case Closed,23-08-2022 12:00,
10927,21921,Case Closed,11-09-2022 06:00,
10928,21925,Case Closed,04-06-2023 21:00,
10929,21926,Case Closed,21-07-2022 04:00,
10930,21928,Case Closed,05-10-2022 13:00,
10931,21931,Case Closed,01-12-2022 14:00,
10932,21932,Case Closed,21-11-2022 03:00,
10933,21934,Case Closed,27-07-2022 02:00,
10934,21936,Case Closed,12-09-2022 23:00,
10935,21938,Case Closed,15-01-2023 01:00,
10936,21939,Case Closed,06-09-2022 04:00,
10937,21942,Case Closed,27-08-2022 11:00,
10938,21943,Case Closed,23-08-2022 00:00,
10939,21944,Case Closed,20-08-2022 12:00,
10940,21945,Case Closed,16-09-2022 01:00,
10941,21947,Case Closed,07-10-2023 04:00,
10942,21949,Case Closed,27-01-2024 17:00,
10943,21950,Case Closed,08-08-2022 03:00,
10944,21951,Case Closed,08-08-2022 10:00,
10945,21952,Case Closed,13-07-2022 01:00,
10946,21953,Case Closed,30-08-2022 03:00,
10947,21955,Case Closed,30-07-2022 06:00,
10948,21957,Case Closed,16-09-2022 19:00,
10949,21958,Case Closed,27-12-2022 23:00,
10950,21959,Case Closed,04-08-2022 12:00,
10951,21961,Case Closed,15-07-2022 18:00,
10952,21963,Case Closed,13-08-2022 01:00,
10953,21967,Case Closed,22-09-2022 17:00,
10954,21969,Case Closed,31-07-2022 18:00,
10955,21971,Case Closed,07-08-2022 07:00,
10956,21974,Case Closed,17-07-2022 08:00,
10957,21975,Case Closed,20-08-2022 17:00,
10958,21980,Case Closed,06-08-2022 22:00,
10959,21983,Case Closed,29-09-2022 00:00,
10960,21984,Case Closed,13-04-2023 01:00,
10961,21987,Case Closed,22-08-2022 00:00,
10962,21989,Case Closed,02-08-2022 14:00,
10963,21991,Case Closed,21-09-2022 11:00,
10964,21995,Case Closed,03-08-2022 22:00,
10965,21998,Case Closed,25-10-2022 12:00,
10966,21999,Case Closed,23-07-2022 07:00,
10967,22004,Case Closed,26-09-2022 04:00,
10968,22005,Case Closed,21-08-2022 08:00,
10969,22009,Case Closed,19-09-2022 10:00,
10970,22011,Case Closed,03-08-2022 06:00,
10971,22014,Case Closed,13-08-2022 04:00,
10972,22020,Case Closed,14-07-2022 16:00,
10973,22024,Case Closed,08-08-2022 22:00,
10974,22025,Case Closed,11-07-2022 00:00,
10975,22027,Case Closed,16-07-2022 03:00,
10976,22031,Case Closed,18-09-2022 01:00,
10977,22032,Case Closed,13-08-2022 12:00,
10978,22033,Case Closed,15-07-2022 04:00,
10979,22041,Case Closed,16-08-2022 02:00,
10980,22043,Case Closed,23-09-2022 05:00,
10981,22044,Case Closed,04-10-2022 04:00,
10982,22046,Case Closed,06-09-2022 08:00,
10983,22047,Case Closed,11-06-2023 17:00,
10984,22049,Case Closed,01-09-2022 01:00,
10985,22051,Case Closed,21-07-2022 07:00,
10986,22052,Case Closed,25-08-2022 22:00,
10987,22054,Case Closed,05-08-2022 23:00,
10988,22056,Case Closed,30-07-2022 03:00,
10989,22057,Case Closed,01-09-2022 10:00,
10990,22058,Case Closed,07-08-2022 18:00,
10991,22064,Case Closed,29-09-2022 22:00,
10992,22065,Case Closed,28-07-2022 16:00,
10993,22067,Case Closed,06-09-2022 06:00,
10994,22068,Case Closed,11-08-2022 15:00,
10995,22069,Case Closed,01-08-2022 15:00,
10996,22070,Case Closed,28-09-2022 07:00,
10997,22072,Case Closed,08-08-2022 23:00,
10998,22078,Case Closed,24-07-2022 02:00,
10999,22083,Case Closed,28-09-2022 09:00,
11000,22085,Case Closed,22-07-2022 09:00,
11001,22086,Case Closed,06-10-2022 20:00,
11002,22091,Case Closed,17-09-2022 05:00,
11003,22092,Case Closed,06-10-2022 13:00,
11004,22096,Case Closed,17-07-2022 22:00,
11005,22098,Case Closed,28-09-2022 18:00,
11006,22102,Case Closed,26-12-2022 08:00,
11007,22103,Case Closed,04-10-2022 17:00,
11008,22104,Case Closed,08-09-2022 06:00,
11009,22108,Case Closed,23-07-2022 00:00,
11010,22110,Case Closed,02-09-2022 04:00,
11011,22111,Case Closed,08-08-2022 02:00,
11012,22112,Case Closed,05-08-2022 11:00,
11013,22113,Case Closed,29-12-2022 21:00,
11014,22114,Case Closed,20-09-2022 18:00,
11015,22115,Case Closed,05-10-2022 20:00,
11016,22120,Case Closed,01-08-2022 00:00,
11017,22123,Case Closed,27-09-2022 01:00,
11018,22126,Case Closed,03-10-2022 13:00,
11019,22127,Case Closed,15-09-2022 18:00,
11020,22130,Case Closed,26-09-2022 05:00,
11021,22134,Case Closed,15-07-2022 15:00,
11022,22137,Case Closed,23-07-2022 03:00,
11023,22141,Case Closed,27-09-2022 09:00,
11024,22143,Case Closed,30-09-2022 18:00,
11025,22144,Case Closed,18-11-2022 16:00,
11026,22145,Case Closed,23-09-2022 23:00,
11027,22147,Case Closed,28-07-2022 13:00,
11028,22151,Case Closed,10-08-2022 19:00,
11029,22153,Case Closed,28-09-2022 21:00,
11030,22157,Case Closed,12-08-2022 03:00,
11031,22158,Case Closed,22-07-2022 06:00,
11032,22164,Case Closed,28-08-2022 20:00,
11033,22168,Case Closed,01-09-2022 08:00,
11034,22169,Case Closed,23-07-2022 16:00,
11035,22171,Case Closed,28-07-2022 15:00,
11036,22172,Case Closed,24-09-2022 06:00,
11037,22175,Case Closed,18-09-2022 02:00,
11038,22176,Case Closed,31-08-2022 18:00,
11039,22177,Case Closed,19-12-2022 01:00,
11040,22179,Case Closed,22-07-2022 14:00,
11041,22180,Case Closed,23-07-2022 11:00,
11042,22181,Case Closed,31-07-2022 12:00,
11043,22183,Case Closed,19-09-2022 13:00,
11044,22185,Case Closed,01-11-2022 07:00,
11045,22187,Case Closed,05-08-2022 02:00,
11046,22194,Case Closed,26-09-2022 12:00,
11047,22195,Case Closed,04-10-2022 07:00,
11048,22197,Case Closed,11-10-2023 11:00,
11049,22199,Case Closed,02-08-2022 14:00,
11050,22200,Case Closed,09-10-2022 23:00,
11051,22201,Case Closed,15-08-2022 14:00,
11052,22202,Case Closed,21-09-2022 03:00,
11053,22203,Case Closed,02-12-2022 08:00,
11054,22204,Case Closed,11-09-2022 09:00,
11055,22205,Case Closed,30-05-2024 22:00,
11056,22206,Case Closed,21-07-2022 19:00,
11057,22209,Case Closed,23-07-2022 21:00,
11058,22211,Case Closed,08-12-2023 08:00,
11059,22213,Case Closed,05-08-2022 03:00,
11060,22214,Case Closed,29-09-2022 13:00,
11061,22215,Case Closed,29-08-2022 21:00,
11062,22217,Case Closed,11-09-2022 14:00,
11063,22220,Case Closed,27-07-2022 15:00,
11064,22225,Case Closed,01-11-2023 14:00,
11065,22227,Case Closed,23-09-2022 22:00,
11066,22230,Case Closed,13-09-2022 18:00,
11067,22232,Case Closed,10-06-2024 16:00,
11068,22233,Case Closed,07-08-2022 17:00,
11069,22238,Case Closed,29-08-2022 23:00,
11070,22240,Case Closed,23-09-2022 21:00,
11071,22243,Case Closed,22-01-2023 08:00,
11072,22244,Case Closed,02-08-2022 11:00,
11073,22247,Case Closed,15-08-2022 03:00,
11074,22248,Case Closed,03-10-2022 17:00,
11075,22249,Case Closed,30-07-2022 17:00,
11076,22250,Case Closed,08-10-2022 23:00,
11077,22252,Case Closed,15-09-2022 18:00,
11078,22253,Case Closed,31-07-2022 11:00,
11079,22254,Case Closed,17-08-2022 13:00,
11080,22255,Case Closed,12-09-2022 13:00,
11081,22257,Case Closed,11-09-2023 09:00,
11082,22258,Case Closed,06-09-2022 20:00,
11083,22262,Case Closed,25-08-2022 06:00,
11084,22266,Case Closed,11-09-2022 14:00,
11085,22267,Case Closed,19-08-2022 14:00,
11086,22268,Case Closed,03-03-2024 15:00,
11087,22269,Case Closed,09-08-2022 10:00,
11088,22271,Case Closed,11-09-2022 15:00,
11089,22274,Case Closed,27-08-2022 05:00,
11090,22276,Case Closed,22-08-2022 17:00,
11091,22277,Case Closed,18-08-2022 23:00,
11092,22279,Case Closed,08-10-2022 03:00,
11093,22280,Case Closed,17-09-2022 19:00,
11094,22282,Case Closed,14-03-2023 23:00,
11095,22284,Case Closed,13-08-2022 04:00,
11096,22285,Case Closed,15-12-2022 12:00,
11097,22286,Case Closed,09-08-2022 16:00,
11098,22287,Case Closed,21-09-2022 13:00,
11099,22288,Case Closed,24-08-2022 00:00,
11100,22291,Case Closed,14-09-2022 23:00,
11101,22292,Case Closed,26-08-2022 18:00,
11102,22295,Case Closed,05-01-2023 01:00,
11103,22298,Case Closed,09-09-2022 08:00,
11104,22299,Case Closed,18-09-2022 16:00,
11105,22300,Case Closed,01-11-2023 01:00,
11106,22301,Case Closed,03-09-2022 10:00,
11107,22302,Case Closed,24-07-2022 09:00,
11108,22303,Case Closed,11-01-2023 10:00,
11109,22304,Case Closed,14-10-2022 19:00,
11110,22307,Case Closed,28-08-2022 13:00,
11111,22313,Case Closed,20-08-2022 11:00,
11112,22315,Case Closed,08-08-2022 11:00,
11113,22316,Case Closed,21-08-2022 17:00,
11114,22322,Case Closed,26-07-2022 16:00,
11115,22325,Case Closed,11-09-2022 23:00,
11116,22327,Case Closed,16-08-2022 22:00,
11117,22328,Case Closed,15-08-2022 02:00,
11118,22329,Case Closed,03-08-2022 13:00,
11119,22331,Case Closed,28-09-2022 21:00,
11120,22333,Case Closed,19-09-2022 16:00,
11121,22334,Case Closed,04-08-2022 20:00,
11122,22336,Case Closed,30-09-2022 22:00,
11123,22339,Case Closed,01-08-2022 10:00,
11124,22340,Case Closed,08-08-2022 14:00,
11125,22342,Case Closed,20-09-2022 19:00,
11126,22343,Case Closed,13-08-2022 20:00,
11127,22344,Case Closed,15-10-2022 16:00,
11128,22345,Case Closed,02-09-2022 21:00,
11129,22346,Case Closed,07-08-2022 18:00,
11130,22347,Case Closed,29-12-2022 07:00,
11131,22348,Case Closed,06-10-2022 05:00,
11132,22351,Case Closed,13-08-2022 02:00,
11133,22354,Case Closed,04-10-2022 05:00,
11134,22356,Case Closed,06-08-2022 09:00,
11135,22358,Case Closed,09-08-2022 20:00,
11136,22359,Case Closed,05-08-2022 11:00,
11137,22360,Case Closed,15-10-2022 04:00,
11138,22361,Case Closed,26-09-2022 22:00,
11139,22362,Case Closed,13-10-2022 15:00,
11140,22364,Case Closed,16-09-2022 09:00,
11141,22368,Case Closed,12-09-2022 14:00,
11142,22369,Case Closed,09-10-2022 03:00,
11143,22375,Case Closed,12-10-2022 03:00,
11144,22376,Case Closed,28-08-2022 09:00,
11145,22378,Case Closed,17-09-2022 05:00,
11146,22383,Case Closed,30-07-2022 23:00,
11147,22385,Case Closed,07-08-2022 17:00,
11148,22387,Case Closed,08-09-2022 12:00,
11149,22389,Case Closed,30-08-2022 15:00,
11150,22390,Case Closed,03-08-2022 01:00,
11151,22393,Case Closed,03-10-2022 09:00,
11152,22397,Case Closed,31-08-2022 02:00,
11153,22398,Case Closed,29-07-2022 16:00,
11154,22399,Case Closed,27-09-2022 17:00,
11155,22403,Case Closed,07-04-2023 00:00,
11156,22404,Case Closed,19-08-2022 17:00,
11157,22407,Case Closed,12-08-2022 05:00,
11158,22408,Case Closed,04-07-2024 00:00,
11159,22410,Case Closed,07-08-2022 16:00,
11160,22414,Case Closed,03-12-2022 22:00,
11161,22421,Case Closed,02-08-2022 20:00,
11162,22422,Case Closed,19-11-2023 16:00,
11163,22424,Case Closed,27-11-2023 15:00,
11164,22427,Case Closed,18-10-2022 18:00,
11165,22430,Case Closed,22-09-2022 08:00,
11166,22433,Case Closed,21-09-2022 20:00,
11167,22434,Case Closed,17-08-2022 21:00,
11168,22435,Case Closed,23-08-2022 11:00,
11169,22436,Case Closed,08-09-2022 09:00,
11170,22438,Case Closed,09-09-2022 15:00,
11171,22440,Case Closed,16-08-2022 12:00,
11172,22441,Case Closed,07-08-2022 02:00,
11173,22442,Case Closed,03-08-2022 02:00,
11174,22443,Case Closed,15-10-2022 00:00,
11175,22445,Case Closed,07-10-2022 14:00,
11176,22447,Case Closed,10-08-2022 23:00,
11177,22450,Case Closed,19-08-2022 04:00,
11178,22451,Case Closed,09-09-2022 13:00,
11179,22453,Case Closed,13-09-2022 00:00,
11180,22457,Case Closed,05-09-2022 08:00,
11181,22462,Case Closed,04-08-2022 07:00,
11182,22464,Case Closed,01-09-2022 13:00,
11183,22465,Case Closed,25-08-2022 22:00,
11184,22467,Case Closed,10-10-2022 23:00,
11185,22468,Case Closed,06-06-2024 05:00,
11186,22469,Case Closed,24-08-2022 22:00,
11187,22470,Case Closed,26-09-2022 12:00,
11188,22471,Case Closed,20-10-2022 16:00,
11189,22473,Case Closed,09-08-2022 12:00,
11190,22475,Case Closed,13-09-2022 06:00,
11191,22476,Case Closed,02-10-2022 17:00,
11192,22481,Case Closed,08-10-2022 03:00,
11193,22482,Case Closed,03-09-2022 14:00,
11194,22484,Case Closed,02-09-2022 21:00,
11195,22485,Case Closed,16-10-2022 12:00,
11196,22486,Case Closed,08-09-2022 06:00,
11197,22487,Case Closed,12-09-2022 01:00,
11198,22489,Case Closed,09-09-2022 16:00,
11199,22491,Case Closed,04-07-2023 14:00,
11200,22492,Case Closed,16-08-2022 02:00,
11201,22494,Case Closed,28-11-2022 17:00,
11202,22502,Case Closed,08-08-2022 10:00,
11203,22503,Case Closed,25-09-2022 06:00,
11204,22508,Case Closed,25-08-2022 02:00,
11205,22509,Case Closed,06-08-2022 13:00,
11206,22510,Case Closed,22-08-2022 17:00,
11207,22511,Case Closed,18-11-2022 01:00,
11208,22512,Case Closed,29-04-2024 05:00,
11209,22513,Case Closed,21-05-2024 16:00,
11210,22515,Case Closed,07-10-2022 08:00,
11211,22516,Case Closed,23-10-2022 03:00,
11212,22517,Case Closed,17-02-2023 07:00,
11213,22519,Case Closed,04-12-2022 07:00,
11214,22522,Case Closed,21-09-2022 14:00,
11215,22524,Case Closed,24-10-2022 16:00,
11216,22529,Case Closed,27-10-2022 06:00,
11217,22533,Case Closed,17-10-2022 13:00,
11218,22537,Case Closed,10-10-2022 10:00,
11219,22538,Case Closed,10-11-2022 02:00,
11220,22540,Case Closed,17-08-2022 11:00,
11221,22542,Case Closed,15-04-2024 10:00,
11222,22543,Case Closed,19-09-2022 23:00,
11223,22544,Case Closed,05-01-2023 02:00,
11224,22545,Case Closed,08-08-2022 16:00,
11225,22548,Case Closed,09-01-2023 08:00,
11226,22549,Case Closed,18-08-2022 05:00,
11227,22550,Case Closed,28-10-2022 07:00,
11228,22551,Case Closed,28-11-2023 05:00,
11229,22553,Case Closed,31-08-2022 19:00,
11230,22554,Case Closed,21-09-2022 13:00,
11231,22558,Case Closed,05-09-2023 20:00,
11232,22559,Case Closed,17-10-2022 11:00,
11233,22560,Case Closed,11-10-2022 00:00,
11234,22561,Case Closed,21-02-2023 11:00,
11235,22562,Case Closed,18-10-2022 07:00,
11236,22566,Case Closed,31-08-2022 01:00,
11237,22570,Case Closed,24-09-2022 03:00,
11238,22574,Case Closed,22-09-2022 10:00,
11239,22575,Case Closed,21-09-2022 19:00,
11240,22577,Case Closed,22-10-2022 19:00,
11241,22579,Case Closed,09-09-2022 06:00,
11242,22580,Case Closed,10-10-2022 00:00,
11243,22581,Case Closed,05-09-2022 01:00,
11244,22583,Case Closed,05-08-2022 08:00,
11245,22584,Case Closed,24-11-2022 07:00,
11246,22586,Case Closed,23-01-2023 04:00,
11247,22588,Case Closed,13-09-2022 12:00,
11248,22589,Case Closed,12-08-2022 22:00,
11249,22590,Case Closed,17-10-2022 04:00,
11250,22591,Case Closed,17-09-2022 00:00,
11251,22592,Case Closed,20-10-2022 12:00,
11252,22595,Case Closed,07-08-2022 03:00,
11253,22597,Case Closed,26-05-2024 00:00,
11254,22600,Case Closed,08-10-2023 02:00,
11255,22601,Case Closed,15-08-2022 20:00,
11256,22602,Case Closed,26-10-2022 15:00,
11257,22604,Case Closed,11-10-2022 10:00,
11258,22606,Case Closed,03-09-2022 01:00,
11259,22610,Case Closed,13-03-2023 20:00,
11260,22611,Case Closed,18-10-2022 04:00,
11261,22617,Case Closed,28-10-2022 09:00,
11262,22620,Case Closed,25-08-2022 08:00,
11263,22621,Case Closed,02-10-2022 03:00,
11264,22624,Case Closed,22-09-2022 01:00,
11265,22625,Case Closed,16-09-2022 04:00,
11266,22626,Case Closed,03-09-2022 04:00,
11267,22627,Case Closed,27-08-2022 04:00,
11268,22628,Case Closed,21-08-2022 16:00,
11269,22630,Case Closed,06-09-2022 12:00,
11270,22631,Case Closed,01-09-2022 12:00,
11271,22633,Case Closed,25-09-2022 05:00,
11272,22635,Case Closed,03-10-2022 21:00,
11273,22636,Case Closed,14-09-2022 16:00,
11274,22637,Case Closed,20-10-2022 20:00,
11275,22638,Case Closed,27-08-2022 18:00,
11276,22641,Case Closed,13-08-2022 23:00,
11277,22643,Case Closed,21-08-2022 14:00,
11278,22649,Case Closed,13-09-2022 09:00,
11279,22654,Case Closed,17-10-2022 12:00,
11280,22658,Case Closed,07-09-2022 17:00,
11281,22661,Case Closed,22-08-2022 13:00,
11282,22664,Case Closed,10-09-2022 00:00,
11283,22665,Case Closed,18-08-2022 14:00,
11284,22666,Case Closed,28-09-2022 17:00,
11285,22668,Case Closed,17-08-2023 08:00,
11286,22671,Case Closed,22-06-2024 18:00,
11287,22672,Case Closed,14-10-2022 06:00,
11288,22673,Case Closed,31-08-2022 03:00,
11289,22676,Case Closed,14-08-2022 12:00,
11290,22677,Case Closed,10-09-2022 15:00,
11291,22679,Case Closed,24-09-2022 19:00,
11292,22687,Case Closed,19-09-2022 03:00,
11293,22688,Case Closed,30-08-2022 21:00,
11294,22691,Case Closed,09-10-2022 05:00,
11295,22692,Case Closed,04-09-2022 10:00,
11296,22694,Case Closed,11-01-2023 23:00,
11297,22697,Case Closed,13-10-2022 13:00,
11298,22699,Case Closed,12-08-2022 00:00,
11299,22703,Case Closed,26-10-2022 11:00,
11300,22705,Case Closed,15-09-2022 13:00,
11301,22706,Case Closed,24-08-2022 01:00,
11302,22707,Case Closed,25-10-2022 13:00,
11303,22711,Case Closed,31-10-2022 18:00,
11304,22713,Case Closed,15-10-2022 03:00,
11305,22718,Case Closed,20-08-2022 09:00,
11306,22720,Case Closed,24-12-2022 13:00,
11307,22721,Case Closed,05-09-2022 01:00,
11308,22722,Case Closed,23-09-2022 14:00,
11309,22725,Case Closed,23-08-2022 22:00,
11310,22726,Case Closed,24-04-2024 11:00,
11311,22727,Case Closed,10-09-2022 15:00,
11312,22729,Case Closed,12-08-2022 02:00,
11313,22731,Case Closed,03-11-2022 04:00,
11314,22732,Case Closed,13-04-2024 04:00,
11315,22733,Case Closed,28-04-2023 11:00,
11316,22734,Case Closed,15-10-2022 23:00,
11317,22735,Case Closed,02-09-2022 17:00,
11318,22737,Case Closed,27-09-2022 11:00,
11319,22738,Case Closed,05-10-2022 20:00,
11320,22739,Case Closed,02-11-2022 08:00,
11321,22743,Case Closed,24-02-2024 05:00,
11322,22745,Case Closed,17-10-2022 14:00,
11323,22746,Case Closed,31-08-2022 20:00,
11324,22747,Case Closed,25-10-2022 07:00,
11325,22749,Case Closed,14-10-2022 09:00,
11326,22750,Case Closed,26-08-2022 19:00,
11327,22751,Case Closed,20-09-2022 20:00,
11328,22754,Case Closed,08-09-2022 03:00,
11329,22755,Case Closed,14-10-2022 02:00,
11330,22758,Case Closed,13-04-2024 00:00,
11331,22761,Case Closed,03-09-2022 00:00,
11332,22763,Case Closed,17-08-2022 22:00,
11333,22765,Case Closed,15-08-2022 15:00,
11334,22766,Case Closed,01-10-2022 00:00,
11335,22767,Case Closed,06-07-2024 08:00,
11336,22769,Case Closed,29-11-2022 08:00,
11337,22770,Case Closed,16-09-2022 07:00,
11338,22771,Case Closed,23-09-2022 23:00,
11339,22772,Case Closed,15-10-2022 06:00,
11340,22773,Case Closed,19-09-2022 08:00,
11341,22774,Case Closed,23-04-2024 20:00,
11342,22776,Case Closed,20-09-2022 23:00,
11343,22777,Case Closed,28-08-2022 09:00,
11344,22781,Case Closed,29-09-2022 22:00,
11345,22783,Case Closed,22-09-2022 09:00,
11346,22784,Case Closed,03-11-2022 10:00,
11347,22785,Case Closed,17-09-2022 05:00,
11348,22786,Case Closed,13-09-2022 14:00,
11349,22789,Case Closed,22-08-2022 15:00,
11350,22791,Case Closed,27-09-2022 22:00,
11351,22792,Case Closed,02-09-2022 11:00,
11352,22793,Case Closed,24-10-2022 21:00,
11353,22794,Case Closed,29-10-2022 09:00,
11354,22796,Case Closed,19-10-2022 11:00,
11355,22797,Case Closed,27-08-2022 14:00,
11356,22799,Case Closed,26-08-2022 05:00,
11357,22800,Case Closed,24-10-2022 04:00,
11358,22803,Case Closed,15-08-2022 07:00,
11359,22804,Case Closed,23-06-2023 16:00,
11360,22806,Case Closed,15-09-2022 00:00,
11361,22810,Case Closed,05-10-2022 20:00,
11362,22811,Case Closed,04-10-2022 12:00,
11363,22812,Case Closed,30-10-2022 14:00,
11364,22813,Case Closed,28-08-2022 04:00,
11365,22814,Case Closed,20-08-2022 21:00,
11366,22820,Case Closed,08-10-2022 09:00,
11367,22825,Case Closed,28-08-2022 03:00,
11368,22826,Case Closed,08-10-2022 00:00,
11369,22827,Case Closed,20-08-2022 04:00,
11370,22829,Case Closed,08-09-2022 10:00,
11371,22830,Case Closed,25-10-2022 02:00,
11372,22832,Case Closed,08-11-2022 12:00,
11373,22833,Case Closed,16-08-2022 19:00,
11374,22835,Case Closed,12-08-2022 22:00,
11375,22837,Case Closed,04-11-2022 06:00,
11376,22838,Case Closed,10-10-2022 08:00,
11377,22841,Case Closed,13-08-2022 00:00,
11378,22844,Case Closed,07-09-2022 20:00,
11379,22846,Case Closed,21-06-2023 04:00,
11380,22847,Case Closed,14-08-2022 00:00,
11381,22848,Case Closed,28-09-2022 22:00,
11382,22849,Case Closed,09-11-2022 15:00,
11383,22850,Case Closed,10-10-2022 07:00,
11384,22851,Case Closed,20-11-2022 22:00,
11385,22854,Case Closed,27-09-2022 08:00,
11386,22857,Case Closed,10-09-2022 13:00,
11387,22858,Case Closed,15-09-2022 16:00,
11388,22859,Case Closed,29-07-2023 09:00,
11389,22861,Case Closed,29-09-2022 07:00,
11390,22866,Case Closed,10-10-2022 02:00,
11391,22873,Case Closed,24-09-2022 06:00,
11392,22874,Case Closed,14-05-2024 01:00,
11393,22875,Case Closed,19-10-2022 18:00,
11394,22876,Case Closed,18-09-2022 16:00,
11395,22879,Case Closed,02-09-2022 10:00,
11396,22886,Case Closed,29-08-2022 13:00,
11397,22887,Case Closed,06-09-2022 23:00,
11398,22888,Case Closed,17-10-2022 11:00,
11399,22889,Case Closed,27-08-2022 23:00,
11400,22894,Case Closed,07-11-2022 18:00,
11401,22896,Case Closed,02-10-2022 10:00,
11402,22897,Case Closed,25-09-2022 03:00,
11403,22900,Case Closed,17-11-2023 18:00,
11404,22902,Case Closed,21-08-2022 08:00,
11405,22904,Case Closed,24-08-2023 23:00,
11406,22906,Case Closed,10-05-2023 01:00,
11407,22907,Case Closed,21-10-2022 00:00,
11408,22908,Case Closed,30-08-2022 23:00,
11409,22909,Case Closed,20-09-2022 18:00,
11410,22912,Case Closed,02-10-2022 16:00,
11411,22913,Case Closed,15-10-2022 13:00,
11412,22915,Case Closed,16-08-2022 23:00,
11413,22917,Case Closed,31-10-2022 07:00,
11414,22918,Case Closed,21-10-2022 15:00,
11415,22922,Case Closed,14-10-2022 09:00,
11416,22925,Case Closed,18-09-2022 23:00,
11417,22926,Case Closed,21-09-2022 03:00,
11418,22928,Case Closed,24-10-2022 14:00,
11419,22929,Case Closed,14-08-2023 11:00,
11420,22932,Case Closed,05-09-2022 00:00,
11421,22936,Case Closed,27-10-2022 01:00,
11422,22938,Case Closed,05-09-2022 21:00,
11423,22939,Case Closed,19-09-2022 13:00,
11424,22941,Case Closed,11-10-2022 09:00,
11425,22942,Case Closed,15-10-2022 17:00,
11426,22944,Case Closed,31-08-2022 07:00,
11427,22945,Case Closed,01-05-2024 21:00,
11428,22949,Case Closed,31-10-2022 00:00,
11429,22951,Case Closed,01-11-2022 10:00,
11430,22954,Case Closed,07-05-2023 01:00,
11431,22955,Case Closed,05-11-2022 02:00,
11432,22956,Case Closed,17-09-2022 19:00,
11433,22957,Case Closed,07-10-2022 20:00,
11434,22961,Case Closed,23-09-2022 14:00,
11435,22962,Case Closed,04-09-2022 20:00,
11436,22966,Case Closed,23-08-2022 12:00,
11437,22968,Case Closed,14-10-2022 08:00,
11438,22972,Case Closed,04-01-2023 16:00,
11439,22974,Case Closed,31-10-2022 03:00,
11440,22975,Case Closed,26-11-2023 17:00,
11441,22977,Case Closed,04-10-2022 16:00,
11442,22978,Case Closed,04-01-2023 22:00,
11443,22981,Case Closed,05-09-2022 13:00,
11444,22982,Case Closed,10-10-2022 15:00,
11445,22984,Case Closed,23-08-2022 06:00,
11446,22986,Case Closed,28-09-2022 07:00,
11447,22987,Case Closed,08-10-2022 19:00,
11448,22989,Case Closed,18-10-2022 21:00,
11449,22990,Case Closed,05-09-2022 04:00,
11450,22995,Case Closed,10-09-2022 16:00,
11451,23000,Case Closed,21-10-2022 06:00,
11452,23003,Case Closed,27-03-2024 07:00,
11453,23004,Case Closed,01-09-2022 13:00,
11454,23007,Case Closed,24-10-2022 00:00,
11455,23008,Case Closed,12-07-2024 14:00,
11456,23010,Case Closed,11-09-2022 21:00,
11457,23012,Case Closed,26-10-2022 05:00,
11458,23013,Case Closed,03-09-2022 15:00,
11459,23014,Case Closed,12-09-2022 16:00,
11460,23015,Case Closed,03-11-2022 18:00,
11461,23017,Case Closed,25-09-2022 19:00,
11462,23018,Case Closed,22-08-2022 02:00,
11463,23021,Case Closed,09-10-2022 16:00,
11464,23023,Case Closed,10-09-2022 20:00,
11465,23029,Case Closed,12-11-2022 15:00,
11466,23030,Case Closed,07-11-2022 12:00,
11467,23032,Case Closed,11-09-2022 06:00,
11468,23036,Case Closed,23-08-2022 15:00,
11469,23037,Case Closed,13-12-2023 17:00,
11470,23038,Case Closed,06-10-2022 19:00,
11471,23039,Case Closed,09-11-2022 09:00,
11472,23041,Case Closed,21-10-2022 22:00,
11473,23043,Case Closed,09-09-2022 05:00,
11474,23046,Case Closed,25-10-2022 10:00,
11475,23048,Case Closed,06-09-2022 10:00,
11476,23049,Case Closed,13-02-2023 17:00,
11477,23052,Case Closed,12-09-2022 23:00,
11478,23054,Case Closed,24-09-2022 08:00,
11479,23055,Case Closed,17-10-2022 08:00,
11480,23062,Case Closed,12-11-2022 19:00,
11481,23066,Case Closed,23-10-2023 17:00,
11482,23068,Case Closed,08-10-2022 04:00,
11483,23071,Case Closed,06-10-2022 00:00,
11484,23072,Case Closed,29-08-2022 21:00,
11485,23073,Case Closed,25-10-2022 21:00,
11486,23076,Case Closed,15-11-2022 05:00,
11487,23078,Case Closed,20-10-2022 20:00,
11488,23081,Case Closed,08-07-2024 13:00,
11489,23082,Case Closed,05-09-2022 00:00,
11490,23083,Case Closed,07-11-2022 16:00,
11491,23084,Case Closed,04-03-2023 02:00,
11492,23087,Case Closed,02-10-2022 12:00,
11493,23090,Case Closed,02-10-2022 15:00,
11494,23094,Case Closed,27-09-2022 16:00,
11495,23096,Case Closed,02-09-2022 11:00,
11496,23100,Case Closed,18-09-2022 22:00,
11497,23101,Case Closed,07-10-2022 19:00,
11498,23102,Case Closed,20-08-2024 17:00,
11499,23103,Case Closed,26-10-2022 05:00,
11500,23107,Case Closed,20-10-2022 01:00,
11501,23112,Case Closed,07-11-2022 23:00,
11502,23113,Case Closed,06-10-2022 12:00,
11503,23115,Case Closed,11-11-2022 00:00,
11504,23117,Case Closed,15-10-2022 19:00,
11505,23118,Case Closed,09-10-2022 15:00,
11506,23120,Case Closed,15-10-2022 16:00,
11507,23122,Case Closed,18-02-2023 10:00,
11508,23123,Case Closed,13-11-2022 08:00,
11509,23124,Case Closed,30-08-2022 17:00,
11510,23125,Case Closed,30-08-2022 22:00,
11511,23130,Case Closed,13-09-2022 02:00,
11512,23131,Case Closed,27-08-2022 08:00,
11513,23132,Case Closed,06-09-2022 13:00,
11514,23135,Case Closed,15-10-2022 01:00,
11515,23136,Case Closed,20-10-2022 16:00,
11516,23137,Case Closed,01-11-2022 11:00,
11517,23143,Case Closed,31-07-2024 11:00,
11518,23146,Case Closed,18-09-2022 07:00,
11519,23147,Case Closed,04-11-2022 00:00,
11520,23148,Case Closed,16-10-2022 10:00,
11521,23149,Case Closed,20-12-2022 04:00,
11522,23153,Case Closed,15-02-2024 14:00,
11523,23155,Case Closed,14-09-2022 03:00,
11524,23157,Case Closed,30-08-2022 17:00,
11525,23159,Case Closed,20-09-2022 18:00,
11526,23162,Case Closed,18-11-2022 02:00,
11527,23163,Case Closed,22-10-2022 14:00,
11528,23167,Case Closed,03-01-2024 04:00,
11529,23169,Case Closed,01-10-2022 05:00,
11530,23171,Case Closed,27-10-2022 07:00,
11531,23175,Case Closed,10-10-2022 11:00,
11532,23177,Case Closed,08-11-2022 12:00,
11533,23178,Case Closed,28-09-2022 02:00,
11534,23179,Case Closed,22-11-2022 15:00,
11535,23180,Case Closed,21-11-2022 20:00,
11536,23182,Case Closed,15-03-2024 23:00,
11537,23183,Case Closed,16-10-2022 17:00,
11538,23188,Case Closed,16-11-2022 18:00,
11539,23189,Case Closed,25-09-2022 18:00,
11540,23190,Case Closed,13-02-2023 03:00,
11541,23193,Case Closed,03-09-2022 19:00,
11542,23195,Case Closed,24-09-2022 00:00,
11543,23197,Case Closed,25-12-2023 23:00,
11544,23198,Case Closed,01-10-2022 06:00,
11545,23202,Case Closed,23-09-2022 19:00,
11546,23205,Case Closed,12-11-2022 13:00,
11547,23206,Case Closed,25-09-2022 04:00,
11548,23208,Case Closed,04-10-2022 06:00,
11549,23209,Case Closed,12-11-2022 08:00,
11550,23211,Case Closed,22-10-2022 00:00,
11551,23212,Case Closed,06-11-2022 07:00,
11552,23215,Case Closed,30-09-2023 04:00,
11553,23216,Case Closed,22-10-2022 17:00,
11554,23219,Case Closed,25-11-2022 08:00,
11555,23220,Case Closed,06-10-2022 20:00,
11556,23221,Case Closed,22-01-2023 08:00,
11557,23222,Case Closed,29-05-2023 06:00,
11558,23223,Case Closed,11-11-2022 23:00,
11559,23226,Case Closed,14-09-2022 05:00,
11560,23227,Case Closed,11-10-2022 15:00,
11561,23228,Case Closed,22-10-2022 09:00,
11562,23230,Case Closed,29-09-2022 13:00,
11563,23231,Case Closed,27-09-2022 07:00,
11564,23232,Case Closed,16-09-2022 20:00,
11565,23235,Case Closed,12-11-2022 13:00,
11566,23236,Case Closed,26-10-2022 12:00,
11567,23237,Case Closed,27-10-2022 21:00,
11568,23240,Case Closed,21-09-2022 09:00,
11569,23242,Case Closed,24-11-2022 06:00,
11570,23244,Case Closed,15-10-2022 06:00,
11571,23246,Case Closed,07-10-2022 10:00,
11572,23248,Case Closed,03-09-2022 07:00,
11573,23249,Case Closed,25-09-2022 15:00,
11574,23251,Case Closed,25-10-2022 06:00,
11575,23254,Case Closed,01-11-2022 03:00,
11576,23259,Case Closed,13-09-2022 01:00,
11577,23260,Case Closed,03-10-2022 22:00,
11578,23261,Case Closed,30-10-2022 21:00,
11579,23267,Case Closed,17-11-2023 23:00,
11580,23270,Case Closed,21-10-2022 17:00,
11581,23271,Case Closed,17-11-2022 02:00,
11582,23276,Case Closed,03-02-2023 09:00,
11583,23277,Case Closed,16-11-2022 15:00,
11584,23278,Case Closed,27-11-2022 15:00,
11585,23282,Case Closed,16-09-2022 23:00,
11586,23283,Case Closed,26-11-2022 07:00,
11587,23284,Case Closed,29-09-2022 19:00,
11588,23286,Case Closed,10-11-2022 16:00,
11589,23287,Case Closed,02-09-2022 17:00,
11590,23290,Case Closed,03-02-2023 14:00,
11591,23293,Case Closed,26-10-2022 12:00,
11592,23294,Case Closed,28-04-2024 08:00,
11593,23295,Case Closed,25-10-2022 07:00,
11594,23297,Case Closed,28-04-2024 14:00,
11595,23298,Case Closed,18-11-2022 12:00,
11596,23299,Case Closed,10-08-2024 12:00,
11597,23304,Case Closed,17-11-2022 06:00,
11598,23305,Case Closed,19-09-2022 04:00,
11599,23307,Case Closed,10-09-2022 19:00,
11600,23310,Case Closed,25-03-2023 14:00,
11601,23314,Case Closed,30-09-2022 12:00,
11602,23316,Case Closed,19-01-2023 00:00,
11603,23317,Case Closed,13-09-2022 08:00,
11604,23320,Case Closed,27-09-2022 19:00,
11605,23321,Case Closed,28-09-2022 11:00,
11606,23322,Case Closed,11-09-2022 14:00,
11607,23324,Case Closed,22-11-2022 00:00,
11608,23325,Case Closed,18-12-2023 07:00,
11609,23327,Case Closed,18-10-2022 21:00,
11610,23330,Case Closed,30-10-2022 20:00,
11611,23332,Case Closed,12-09-2022 18:00,
11612,23335,Case Closed,09-09-2022 15:00,
11613,23340,Case Closed,31-10-2022 22:00,
11614,23341,Case Closed,21-07-2024 08:00,
11615,23346,Case Closed,18-11-2022 19:00,
11616,23347,Case Closed,16-07-2023 17:00,
11617,23348,Case Closed,02-10-2022 13:00,
11618,23355,Case Closed,14-09-2022 04:00,
11619,23360,Case Closed,15-08-2024 11:00,
11620,23363,Case Closed,21-11-2022 21:00,
11621,23367,Case Closed,22-10-2022 20:00,
11622,23368,Case Closed,04-11-2022 16:00,
11623,23369,Case Closed,08-11-2022 10:00,
11624,23370,Case Closed,02-11-2022 08:00,
11625,23371,Case Closed,03-06-2023 20:00,
11626,23376,Case Closed,10-09-2022 03:00,
11627,23379,Case Closed,14-09-2022 03:00,
11628,23381,Case Closed,04-11-2022 02:00,
11629,23383,Case Closed,01-10-2022 01:00,
11630,23385,Case Closed,25-10-2022 21:00,
11631,23387,Case Closed,04-11-2022 09:00,
11632,23391,Case Closed,30-08-2023 06:00,
11633,23393,Case Closed,22-09-2022 03:00,
11634,23394,Case Closed,06-10-2023 19:00,
11635,23395,Case Closed,07-11-2022 09:00,
11636,23397,Case Closed,21-09-2022 04:00,
11637,23400,Case Closed,16-02-2023 21:00,
11638,23401,Case Closed,02-11-2022 14:00,
11639,23402,Case Closed,15-10-2022 06:00,
11640,23404,Case Closed,28-11-2022 18:00,
11641,23409,Case Closed,21-10-2022 00:00,
11642,23410,Case Closed,11-09-2022 04:00,
11643,23411,Case Closed,15-10-2022 04:00,
11644,23412,Case Closed,19-11-2022 00:00,
11645,23415,Case Closed,03-11-2022 09:00,
11646,23417,Case Closed,18-11-2022 02:00,
11647,23419,Case Closed,14-10-2022 13:00,
11648,23420,Case Closed,26-10-2022 17:00,
11649,23421,Case Closed,16-09-2022 12:00,
11650,23422,Case Closed,21-11-2022 11:00,
11651,23424,Case Closed,02-11-2022 17:00,
11652,23425,Case Closed,23-10-2022 18:00,
11653,23426,Case Closed,28-09-2022 08:00,
11654,23427,Case Closed,01-10-2022 20:00,
11655,23428,Case Closed,14-09-2022 20:00,
11656,23429,Case Closed,14-11-2022 11:00,
11657,23431,Case Closed,05-10-2022 12:00,
11658,23432,Case Closed,23-12-2023 19:00,
11659,23433,Case Closed,24-11-2022 23:00,
11660,23437,Case Closed,12-01-2023 17:00,
11661,23442,Case Closed,08-10-2022 09:00,
11662,23443,Case Closed,16-11-2022 14:00,
11663,23444,Case Closed,17-10-2022 09:00,
11664,23446,Case Closed,17-10-2022 18:00,
11665,23447,Case Closed,09-10-2022 09:00,
11666,23449,Case Closed,03-11-2022 15:00,
11667,23450,Case Closed,03-08-2024 14:00,
11668,23451,Case Closed,24-01-2023 18:00,
11669,23454,Case Closed,27-11-2022 07:00,
11670,23455,Case Closed,24-09-2022 06:00,
11671,23457,Case Closed,03-01-2024 11:00,
11672,23459,Case Closed,25-09-2022 23:00,
11673,23463,Case Closed,17-11-2022 12:00,
11674,23467,Case Closed,10-06-2024 03:00,
11675,23470,Case Closed,21-04-2024 00:00,
11676,23471,Case Closed,08-10-2022 14:00,
11677,23472,Case Closed,05-10-2022 04:00,
11678,23473,Case Closed,03-12-2022 21:00,
11679,23475,Case Closed,14-10-2022 17:00,
11680,23478,Case Closed,18-09-2022 23:00,
11681,23479,Case Closed,27-11-2022 23:00,
11682,23480,Case Closed,23-09-2022 07:00,
11683,23483,Case Closed,03-11-2022 02:00,
11684,23484,Case Closed,10-11-2022 16:00,
11685,23487,Case Closed,08-07-2024 02:00,
11686,23488,Case Closed,28-11-2022 05:00,
11687,23489,Case Closed,18-11-2022 00:00,
11688,23491,Case Closed,19-11-2022 02:00,
11689,23496,Case Closed,30-12-2022 21:00,
11690,23497,Case Closed,30-11-2022 11:00,
11691,23498,Case Closed,24-01-2023 16:00,
11692,23502,Case Closed,14-09-2022 16:00,
11693,23504,Case Closed,21-11-2022 23:00,
11694,23506,Case Closed,26-11-2022 22:00,
11695,23507,Case Closed,01-06-2023 23:00,
11696,23512,Case Closed,27-11-2022 02:00,
11697,23513,Case Closed,09-10-2022 04:00,
11698,23515,Case Closed,18-09-2022 04:00,
11699,23517,Case Closed,03-10-2022 02:00,
11700,23518,Case Closed,05-02-2023 20:00,
11701,23519,Case Closed,30-09-2022 16:00,
11702,23520,Case Closed,03-10-2022 21:00,
11703,23523,Case Closed,03-12-2022 19:00,
11704,23526,Case Closed,04-11-2022 15:00,
11705,23527,Case Closed,26-09-2022 08:00,
11706,23528,Case Closed,01-10-2022 13:00,
11707,23529,Case Closed,07-12-2022 23:00,
11708,23530,Case Closed,16-07-2023 21:00,
11709,23531,Case Closed,09-10-2022 13:00,
11710,23533,Case Closed,19-10-2022 04:00,
11711,23534,Case Closed,14-02-2023 09:00,
11712,23535,Case Closed,06-12-2022 08:00,
11713,23536,Case Closed,03-11-2022 08:00,
11714,23538,Case Closed,11-09-2022 14:00,
11715,23539,Case Closed,29-10-2022 22:00,
11716,23540,Case Closed,16-09-2022 20:00,
11717,23541,Case Closed,05-10-2022 22:00,
11718,23542,Case Closed,20-09-2022 06:00,
11719,23543,Case Closed,13-10-2023 00:00,
11720,23545,Case Closed,15-04-2023 21:00,
11721,23549,Case Closed,01-10-2022 03:00,
11722,23551,Case Closed,25-09-2022 11:00,
11723,23552,Case Closed,26-11-2022 02:00,
11724,23553,Case Closed,01-11-2022 13:00,
11725,23556,Case Closed,03-10-2022 16:00,
11726,23557,Case Closed,13-10-2022 13:00,
11727,23558,Case Closed,06-10-2022 11:00,
11728,23560,Case Closed,02-10-2022 10:00,
11729,23561,Case Closed,18-11-2022 07:00,
11730,23562,Case Closed,25-07-2024 12:00,
11731,23564,Case Closed,25-11-2022 17:00,
11732,23565,Case Closed,24-09-2022 10:00,
11733,23566,Case Closed,13-10-2022 13:00,
11734,23568,Case Closed,11-11-2022 18:00,
11735,23570,Case Closed,14-09-2022 05:00,
11736,23571,Case Closed,13-10-2022 20:00,
11737,23572,Case Closed,10-10-2022 22:00,
11738,23574,Case Closed,06-02-2023 20:00,
11739,23575,Case Closed,01-11-2022 21:00,
11740,23576,Case Closed,27-10-2022 10:00,
11741,23577,Case Closed,24-10-2022 02:00,
11742,23578,Case Closed,21-11-2022 21:00,
11743,23579,Case Closed,10-10-2023 18:00,
11744,23581,Case Closed,01-10-2022 21:00,
11745,23582,Case Closed,09-12-2022 02:00,
11746,23584,Case Closed,10-10-2022 01:00,
11747,23586,Case Closed,29-09-2022 05:00,
11748,23588,Case Closed,28-10-2022 18:00,
11749,23589,Case Closed,21-09-2022 17:00,
11750,23591,Case Closed,20-11-2022 08:00,
11751,23592,Case Closed,14-02-2023 04:00,
11752,23596,Case Closed,20-10-2022 02:00,
11753,23597,Case Closed,22-11-2022 06:00,
11754,23600,Case Closed,29-09-2022 16:00,
11755,23602,Case Closed,09-02-2023 15:00,
11756,23603,Case Closed,18-12-2022 03:00,
11757,23607,Case Closed,28-09-2023 15:00,
11758,23611,Case Closed,09-12-2022 01:00,
11759,23612,Case Closed,27-10-2022 12:00,
11760,23613,Case Closed,19-09-2022 14:00,
11761,23614,Case Closed,26-12-2022 06:00,
11762,23615,Case Closed,04-10-2022 18:00,
11763,23616,Case Closed,25-09-2022 16:00,
11764,23617,Case Closed,14-11-2022 07:00,
11765,23618,Case Closed,11-10-2022 03:00,
11766,23621,Case Closed,11-10-2022 21:00,
11767,23623,Case Closed,01-03-2023 19:00,
11768,23624,Case Closed,09-10-2022 16:00,
11769,23625,Case Closed,23-09-2022 22:00,
11770,23627,Case Closed,22-11-2022 16:00,
11771,23628,Case Closed,20-11-2022 23:00,
11772,23629,Case Closed,22-09-2022 05:00,
11773,23633,Case Closed,09-11-2022 03:00,
11774,23634,Case Closed,25-09-2022 15:00,
11775,23640,Case Closed,24-11-2022 09:00,
11776,23641,Case Closed,26-10-2022 06:00,
11777,23642,Case Closed,09-11-2022 00:00,
11778,23646,Case Closed,11-11-2022 23:00,
11779,23649,Case Closed,27-11-2022 17:00,
11780,23650,Case Closed,11-12-2022 05:00,
11781,23654,Case Closed,03-11-2022 14:00,
11782,23655,Case Closed,18-11-2022 08:00,
11783,23658,Case Closed,29-09-2022 07:00,
11784,23660,Case Closed,31-10-2022 22:00,
11785,23661,Case Closed,26-12-2023 05:00,
11786,23663,Case Closed,25-09-2022 05:00,
11787,23664,Case Closed,04-11-2022 07:00,
11788,23665,Case Closed,10-11-2022 09:00,
11789,23669,Case Closed,04-12-2022 10:00,
11790,23670,Case Closed,17-11-2022 16:00,
11791,23672,Case Closed,02-11-2022 15:00,
11792,23673,Case Closed,23-10-2022 12:00,
11793,23674,Case Closed,22-09-2022 07:00,
11794,23676,Case Closed,09-12-2022 12:00,
11795,23677,Case Closed,26-11-2022 16:00,
11796,23678,Case Closed,25-11-2022 10:00,
11797,23683,Case Closed,04-11-2022 01:00,
11798,23684,Case Closed,20-09-2022 04:00,
11799,23687,Case Closed,19-11-2022 07:00,
11800,23688,Case Closed,30-11-2022 21:00,
11801,23690,Case Closed,04-10-2022 14:00,
11802,23695,Case Closed,25-11-2022 16:00,
11803,23696,Case Closed,04-10-2022 01:00,
11804,23697,Case Closed,19-07-2023 20:00,
11805,23698,Case Closed,20-10-2022 05:00,
11806,23699,Case Closed,30-09-2022 11:00,
11807,23701,Case Closed,30-11-2022 16:00,
11808,23702,Case Closed,18-10-2022 06:00,
11809,23704,Case Closed,29-11-2022 16:00,
11810,23706,Case Closed,28-09-2022 08:00,
11811,23707,Case Closed,18-11-2022 09:00,
11812,23708,Case Closed,14-12-2022 07:00,
11813,23710,Case Closed,02-10-2022 22:00,
11814,23712,Case Closed,18-10-2022 12:00,
11815,23713,Case Closed,05-10-2022 07:00,
11816,23717,Case Closed,22-10-2022 05:00,
11817,23719,Case Closed,02-11-2022 17:00,
11818,23724,Case Closed,23-09-2023 15:00,
11819,23725,Case Closed,28-11-2022 15:00,
11820,23726,Case Closed,28-09-2022 12:00,
11821,23728,Case Closed,07-12-2022 02:00,
11822,23731,Case Closed,24-03-2024 18:00,
11823,23733,Case Closed,07-11-2022 06:00,
11824,23734,Case Closed,18-10-2022 16:00,
11825,23737,Case Closed,25-10-2022 00:00,
11826,23743,Case Closed,04-12-2022 03:00,
11827,23744,Case Closed,14-11-2022 08:00,
11828,23745,Case Closed,23-11-2022 02:00,
11829,23746,Case Closed,08-12-2022 23:00,
11830,23748,Case Closed,17-10-2022 22:00,
11831,23749,Case Closed,15-10-2022 04:00,
11832,23750,Case Closed,19-10-2022 16:00,
11833,23752,Case Closed,20-12-2022 13:00,
11834,23753,Case Closed,04-11-2022 20:00,
11835,23756,Case Closed,28-10-2022 00:00,
11836,23762,Case Closed,21-10-2022 03:00,
11837,23764,Case Closed,13-12-2022 14:00,
11838,23766,Case Closed,15-12-2022 04:00,
11839,23768,Case Closed,15-12-2022 09:00,
11840,23774,Case Closed,27-09-2022 02:00,
11841,23776,Case Closed,11-03-2023 19:00,
11842,23778,Case Closed,05-11-2022 12:00,
11843,23780,Case Closed,15-08-2024 11:00,
11844,23781,Case Closed,02-10-2022 04:00,
11845,23782,Case Closed,13-11-2022 18:00,
11846,23783,Case Closed,16-11-2022 18:00,
11847,23784,Case Closed,27-10-2022 02:00,
11848,23786,Case Closed,13-10-2022 08:00,
11849,23787,Case Closed,12-10-2022 09:00,
11850,23789,Case Closed,12-10-2022 18:00,
11851,23793,Case Closed,27-09-2022 02:00,
11852,23794,Case Closed,28-11-2022 12:00,
11853,23799,Case Closed,29-11-2022 22:00,
11854,23800,Case Closed,05-11-2022 16:00,
11855,23802,Case Closed,21-09-2022 15:00,
11856,23804,Case Closed,23-11-2022 07:00,
11857,23810,Case Closed,08-12-2022 14:00,
11858,23811,Case Closed,03-10-2022 09:00,
11859,23815,Case Closed,04-11-2022 07:00,
11860,23816,Case Closed,06-12-2022 08:00,
11861,23817,Case Closed,29-11-2022 11:00,
11862,23818,Case Closed,08-12-2022 22:00,
11863,23819,Case Closed,22-10-2022 01:00,
11864,23823,Case Closed,08-10-2022 19:00,
11865,23824,Case Closed,06-10-2022 23:00,
11866,23827,Case Closed,17-11-2022 13:00,
11867,23828,Case Closed,03-11-2022 02:00,
11868,23829,Case Closed,02-12-2022 07:00,
11869,23830,Case Closed,16-06-2023 09:00,
11870,23831,Case Closed,02-12-2022 11:00,
11871,23834,Case Closed,08-11-2022 21:00,
11872,23835,Case Closed,15-10-2022 23:00,
11873,23836,Case Closed,24-06-2024 13:00,
11874,23837,Case Closed,19-11-2022 11:00,
11875,23838,Case Closed,24-11-2022 19:00,
11876,23840,Case Closed,13-12-2022 09:00,
11877,23842,Case Closed,28-11-2022 15:00,
11878,23843,Case Closed,14-11-2022 16:00,
11879,23844,Case Closed,18-11-2022 16:00,
11880,23845,Case Closed,19-11-2022 04:00,
11881,23846,Case Closed,14-12-2022 07:00,
11882,23848,Case Closed,01-12-2022 07:00,
11883,23850,Case Closed,24-11-2022 07:00,
11884,23852,Case Closed,15-10-2022 03:00,
11885,23853,Case Closed,12-11-2022 18:00,
11886,23858,Case Closed,27-10-2022 05:00,
11887,23859,Case Closed,16-02-2024 12:00,
11888,23860,Case Closed,23-10-2022 14:00,
11889,23861,Case Closed,12-10-2022 21:00,
11890,23862,Case Closed,22-02-2023 17:00,
11891,23864,Case Closed,29-11-2022 12:00,
11892,23865,Case Closed,18-12-2022 05:00,
11893,23866,Case Closed,11-10-2022 13:00,
11894,23867,Case Closed,27-11-2022 19:00,
11895,23871,Case Closed,15-12-2022 18:00,
11896,23873,Case Closed,21-10-2022 21:00,
11897,23874,Case Closed,28-10-2022 12:00,
11898,23877,Case Closed,22-11-2022 09:00,
11899,23882,Case Closed,27-12-2022 23:00,
11900,23884,Case Closed,19-03-2023 11:00,
11901,23886,Case Closed,07-11-2022 19:00,
11902,23887,Case Closed,03-10-2022 02:00,
11903,23889,Case Closed,26-11-2022 04:00,
11904,23890,Case Closed,04-12-2022 15:00,
11905,23891,Case Closed,31-01-2023 20:00,
11906,23892,Case Closed,22-11-2022 02:00,
11907,23893,Case Closed,06-12-2022 03:00,
11908,23895,Case Closed,13-12-2022 20:00,
11909,23897,Case Closed,22-12-2022 19:00,
11910,23898,Case Closed,17-11-2022 20:00,
11911,23901,Case Closed,22-11-2022 15:00,
11912,23906,Case Closed,29-07-2023 05:00,
11913,23908,Case Closed,08-07-2024 23:00,
11914,23910,Case Closed,19-11-2022 18:00,
11915,23911,Case Closed,03-10-2022 13:00,
11916,23912,Case Closed,10-10-2022 19:00,
11917,23917,Case Closed,14-12-2022 00:00,
11918,23922,Case Closed,14-12-2022 01:00,
11919,23923,Case Closed,13-11-2022 07:00,
11920,23924,Case Closed,03-10-2022 13:00,
11921,23925,Case Closed,24-11-2022 17:00,
11922,23926,Case Closed,11-10-2022 12:00,
11923,23928,Case Closed,25-05-2024 22:00,
11924,23929,Case Closed,13-11-2022 04:00,
11925,23933,Case Closed,13-09-2023 07:00,
11926,23934,Case Closed,29-10-2022 13:00,
11927,23935,Case Closed,14-03-2024 21:00,
11928,23936,Case Closed,14-10-2022 18:00,
11929,23943,Case Closed,17-11-2022 09:00,
11930,23946,Case Closed,17-10-2022 06:00,
11931,23949,Case Closed,22-11-2022 11:00,
11932,23950,Case Closed,25-11-2022 17:00,
11933,23951,Case Closed,29-11-2022 14:00,
11934,23952,Case Closed,27-11-2022 13:00,
11935,23954,Case Closed,10-10-2022 20:00,
11936,23959,Case Closed,08-02-2023 10:00,
11937,23960,Case Closed,29-09-2022 04:00,
11938,23963,Case Closed,23-11-2022 22:00,
11939,23965,Case Closed,19-10-2022 18:00,
11940,23967,Case Closed,10-12-2022 07:00,
11941,23969,Case Closed,09-04-2023 15:00,
11942,23970,Case Closed,15-10-2022 03:00,
11943,23972,Case Closed,07-11-2022 07:00,
11944,23973,Case Closed,20-10-2022 17:00,
11945,23976,Case Closed,15-11-2022 06:00,
11946,23977,Case Closed,31-10-2022 16:00,
11947,23978,Case Closed,15-11-2022 17:00,
11948,23981,Case Closed,11-10-2022 02:00,
11949,23984,Case Closed,25-10-2022 01:00,
11950,23987,Case Closed,11-10-2022 13:00,
11951,23988,Case Closed,08-12-2022 14:00,
11952,23990,Case Closed,24-10-2022 20:00,
11953,23995,Case Closed,25-10-2022 20:00,
11954,23996,Case Closed,15-10-2022 21:00,
11955,23997,Case Closed,29-10-2022 09:00,
11956,23998,Case Closed,05-11-2022 12:00,
11957,23999,Case Closed,11-11-2022 15:00,
11958,24001,Case Closed,06-04-2024 18:00,
11959,24005,Case Closed,30-11-2022 20:00,
11960,24009,Case Closed,17-12-2022 16:00,
11961,24010,Case Closed,13-12-2022 20:00,
11962,24013,Case Closed,11-10-2022 18:00,
11963,24015,Case Closed,12-07-2023 04:00,
11964,24020,Case Closed,24-12-2022 14:00,
11965,24021,Case Closed,24-10-2022 14:00,
11966,24024,Case Closed,07-12-2023 04:00,
11967,24025,Case Closed,29-10-2022 21:00,
11968,24031,Case Closed,08-10-2022 02:00,
11969,24032,Case Closed,27-11-2022 15:00,
11970,24035,Case Closed,26-10-2022 20:00,
11971,24036,Case Closed,17-12-2022 12:00,
11972,24038,Case Closed,21-10-2022 01:00,
11973,24042,Case Closed,22-12-2022 23:00,
11974,24043,Case Closed,23-11-2022 01:00,
11975,24045,Case Closed,14-10-2022 21:00,
11976,24046,Case Closed,19-10-2022 11:00,
11977,24049,Case Closed,11-12-2022 17:00,
11978,24050,Case Closed,07-12-2022 05:00,
11979,24054,Case Closed,08-10-2022 10:00,
11980,24055,Case Closed,25-10-2022 21:00,
11981,24056,Case Closed,22-12-2022 08:00,
11982,24058,Case Closed,16-11-2022 18:00,
11983,24061,Case Closed,09-11-2022 14:00,
11984,24063,Case Closed,01-12-2022 08:00,
11985,24064,Case Closed,08-11-2022 07:00,
11986,24069,Case Closed,19-12-2022 06:00,
11987,24071,Case Closed,16-03-2023 11:00,
11988,24072,Case Closed,22-10-2022 16:00,
11989,24075,Case Closed,06-11-2022 10:00,
11990,24076,Case Closed,26-10-2022 07:00,
11991,24077,Case Closed,16-05-2024 13:00,
11992,24078,Case Closed,28-10-2022 13:00,
11993,24083,Case Closed,23-12-2022 00:00,
11994,24085,Case Closed,14-12-2022 16:00,
11995,24086,Case Closed,31-08-2024 20:00,
11996,24088,Case Closed,04-05-2024 21:00,
11997,24090,Case Closed,21-11-2022 02:00,
11998,24092,Case Closed,29-10-2022 21:00,
11999,24093,Case Closed,29-11-2022 11:00,
12000,24097,Case Closed,03-11-2022 03:00,
12001,24101,Case Closed,27-10-2022 10:00,
12002,24103,Case Closed,16-06-2023 01:00,
12003,24104,Case Closed,01-11-2022 10:00,
12004,24106,Case Closed,13-07-2024 02:00,
12005,24107,Case Closed,31-10-2022 19:00,
12006,24108,Case Closed,13-10-2022 10:00,
12007,24111,Case Closed,16-12-2022 05:00,
12008,24112,Case Closed,10-11-2022 09:00,
12009,24113,Case Closed,15-10-2022 09:00,
12010,24114,Case Closed,01-01-2023 05:00,
12011,24116,Case Closed,04-11-2022 16:00,
12012,24118,Case Closed,07-12-2022 18:00,
12013,24121,Case Closed,20-11-2022 14:00,
12014,24122,Case Closed,01-11-2022 06:00,
12015,24123,Case Closed,30-11-2022 00:00,
12016,24125,Case Closed,08-10-2022 21:00,
12017,24126,Case Closed,18-10-2022 19:00,
12018,24135,Case Closed,27-11-2022 04:00,
12019,24136,Case Closed,08-11-2022 01:00,
12020,24137,Case Closed,13-10-2022 16:00,
12021,24138,Case Closed,22-12-2022 17:00,
12022,24141,Case Closed,20-11-2022 04:00,
12023,24144,Case Closed,08-08-2023 14:00,
12024,24146,Case Closed,06-11-2022 20:00,
12025,24147,Case Closed,10-12-2022 00:00,
12026,24151,Case Closed,16-11-2022 02:00,
12027,24152,Case Closed,19-12-2022 16:00,
12028,24153,Case Closed,15-10-2022 04:00,
12029,24154,Case Closed,14-10-2022 19:00,
12030,24157,Case Closed,07-10-2022 08:00,
12031,24159,Case Closed,16-12-2022 15:00,
12032,24161,Case Closed,27-10-2022 17:00,
12033,24164,Case Closed,05-11-2022 18:00,
12034,24165,Case Closed,03-12-2022 15:00,
12035,24166,Case Closed,22-12-2022 18:00,
12036,24167,Case Closed,23-12-2022 14:00,
12037,24169,Case Closed,15-12-2022 03:00,
12038,24170,Case Closed,23-12-2022 23:00,
12039,24171,Case Closed,07-11-2022 17:00,
12040,24173,Case Closed,19-10-2022 13:00,
12041,24175,Case Closed,09-11-2022 18:00,
12042,24176,Case Closed,10-03-2023 08:00,
12043,24178,Case Closed,29-10-2022 10:00,
12044,24180,Case Closed,20-12-2022 02:00,
12045,24181,Case Closed,28-10-2022 04:00,
12046,24184,Case Closed,14-10-2022 21:00,
12047,24187,Case Closed,04-11-2022 04:00,
12048,24188,Case Closed,30-10-2022 00:00,
12049,24190,Case Closed,02-01-2023 10:00,
12050,24191,Case Closed,29-12-2022 12:00,
12051,24192,Case Closed,24-10-2022 04:00,
12052,24199,Case Closed,03-11-2022 16:00,
12053,24200,Case Closed,30-10-2022 23:00,
12054,24201,Case Closed,24-11-2022 15:00,
12055,24202,Case Closed,26-11-2022 02:00,
12056,24204,Case Closed,28-10-2022 22:00,
12057,24206,Case Closed,15-12-2022 22:00,
12058,24208,Case Closed,08-11-2022 11:00,
12059,24210,Case Closed,15-10-2022 23:00,
12060,24213,Case Closed,09-10-2022 05:00,
12061,24215,Case Closed,16-12-2022 00:00,
12062,24216,Case Closed,15-11-2022 10:00,
12063,24219,Case Closed,14-12-2022 14:00,
12064,24221,Case Closed,19-10-2022 02:00,
12065,24229,Case Closed,16-11-2022 02:00,
12066,24231,Case Closed,30-03-2024 00:00,
12067,24232,Case Closed,28-12-2022 07:00,
12068,24233,Case Closed,01-12-2022 21:00,
12069,24234,Case Closed,04-11-2022 07:00,
12070,24236,Case Closed,31-10-2022 08:00,
12071,24238,Case Closed,21-10-2022 07:00,
12072,24239,Case Closed,15-10-2022 03:00,
12073,24243,Case Closed,31-10-2022 04:00,
12074,24244,Case Closed,22-10-2022 16:00,
12075,24246,Case Closed,01-02-2023 12:00,
12076,24249,Case Closed,06-12-2022 22:00,
12077,24250,Case Closed,18-02-2023 23:00,
12078,24252,Case Closed,04-10-2024 01:00,
12079,24253,Case Closed,15-01-2023 15:00,
12080,24254,Case Closed,23-11-2022 16:00,
12081,24257,Case Closed,02-11-2022 10:00,
12082,24258,Case Closed,28-11-2022 19:00,
12083,24259,Case Closed,17-12-2022 00:00,
12084,24260,Case Closed,28-11-2022 18:00,
12085,24264,Case Closed,19-03-2023 02:00,
12086,24265,Case Closed,05-12-2022 08:00,
12087,24269,Case Closed,12-03-2024 08:00,
12088,24271,Case Closed,29-11-2022 16:00,
12089,24272,Case Closed,12-12-2022 01:00,
12090,24274,Case Closed,19-10-2022 07:00,
12091,24278,Case Closed,26-10-2022 00:00,
12092,24279,Case Closed,13-12-2022 13:00,
12093,24280,Case Closed,08-11-2022 04:00,
12094,24287,Case Closed,13-10-2022 16:00,
12095,24289,Case Closed,09-11-2022 09:00,
12096,24290,Case Closed,19-02-2023 19:00,
12097,24291,Case Closed,06-01-2023 20:00,
12098,24294,Case Closed,19-12-2022 15:00,
12099,24295,Case Closed,01-12-2022 01:00,
12100,24296,Case Closed,29-12-2022 20:00,
12101,24297,Case Closed,18-02-2023 10:00,
12102,24299,Case Closed,28-04-2024 23:00,
12103,24300,Case Closed,13-12-2022 18:00,
12104,24302,Case Closed,11-11-2022 20:00,
12105,24303,Case Closed,04-11-2022 02:00,
12106,24304,Case Closed,02-01-2023 01:00,
12107,24306,Case Closed,30-11-2022 11:00,
12108,24307,Case Closed,19-11-2022 09:00,
12109,24311,Case Closed,28-12-2022 05:00,
12110,24312,Case Closed,22-01-2023 12:00,
12111,24315,Case Closed,03-11-2022 18:00,
12112,24319,Case Closed,15-11-2022 10:00,
12113,24323,Case Closed,21-12-2022 09:00,
12114,24324,Case Closed,27-10-2022 14:00,
12115,24325,Case Closed,11-12-2022 08:00,
12116,24328,Case Closed,30-10-2022 21:00,
12117,24331,Case Closed,02-12-2022 15:00,
12118,24332,Case Closed,19-12-2022 18:00,
12119,24333,Case Closed,04-04-2023 18:00,
12120,24335,Case Closed,12-11-2022 12:00,
12121,24336,Case Closed,01-11-2022 17:00,
12122,24351,Case Closed,26-12-2022 22:00,
12123,24352,Case Closed,20-11-2022 08:00,
12124,24353,Case Closed,17-11-2022 06:00,
12125,24358,Case Closed,30-11-2022 07:00,
12126,24359,Case Closed,22-10-2022 05:00,
12127,24364,Case Closed,24-10-2022 12:00,
12128,24365,Case Closed,29-12-2022 06:00,
12129,24366,Case Closed,18-09-2024 15:00,
12130,24367,Case Closed,16-10-2022 07:00,
12131,24370,Case Closed,01-12-2022 06:00,
12132,24371,Case Closed,26-10-2022 01:00,
12133,24373,Case Closed,14-11-2022 03:00,
12134,24376,Case Closed,19-11-2022 04:00,
12135,24377,Case Closed,04-11-2022 02:00,
12136,24378,Case Closed,11-11-2022 15:00,
12137,24379,Case Closed,17-12-2023 14:00,
12138,24380,Case Closed,18-12-2022 00:00,
12139,24382,Case Closed,10-11-2022 11:00,
12140,24383,Case Closed,15-12-2022 01:00,
12141,24385,Case Closed,15-12-2022 03:00,
12142,24386,Case Closed,05-01-2023 20:00,
12143,24387,Case Closed,25-03-2023 19:00,
12144,24390,Case Closed,18-02-2023 08:00,
12145,24394,Case Closed,27-01-2023 05:00,
12146,24396,Case Closed,28-05-2024 04:00,
12147,24398,Case Closed,04-12-2022 05:00,
12148,24400,Case Closed,02-01-2023 01:00,
12149,24401,Case Closed,25-10-2022 15:00,
12150,24402,Case Closed,05-11-2022 20:00,
12151,24403,Case Closed,25-12-2022 15:00,
12152,24404,Case Closed,06-01-2023 18:00,
12153,24405,Case Closed,12-11-2022 10:00,
12154,24406,Case Closed,04-11-2022 04:00,
12155,24408,Case Closed,23-10-2022 06:00,
12156,24409,Case Closed,20-10-2022 15:00,
12157,24410,Case Closed,11-01-2023 19:00,
12158,24413,Case Closed,12-01-2023 01:00,
12159,24415,Case Closed,26-12-2022 13:00,
12160,24416,Case Closed,29-11-2022 05:00,
12161,24417,Case Closed,06-11-2022 02:00,
12162,24418,Case Closed,04-12-2022 07:00,
12163,24419,Case Closed,26-11-2022 21:00,
12164,24420,Case Closed,02-01-2023 18:00,
12165,24421,Case Closed,29-10-2022 01:00,
12166,24423,Case Closed,25-11-2022 07:00,
12167,24424,Case Closed,01-01-2023 08:00,
12168,24427,Case Closed,27-10-2022 13:00,
12169,24429,Case Closed,06-03-2023 17:00,
12170,24431,Case Closed,04-12-2022 18:00,
12171,24434,Case Closed,27-10-2022 09:00,
12172,24438,Case Closed,03-06-2023 02:00,
12173,24439,Case Closed,01-11-2022 13:00,
12174,24440,Case Closed,30-11-2022 08:00,
12175,24443,Case Closed,26-11-2022 13:00,
12176,24444,Case Closed,09-01-2023 15:00,
12177,24445,Case Closed,03-12-2022 01:00,
12178,24454,Case Closed,27-11-2022 10:00,
12179,24457,Case Closed,16-12-2023 10:00,
12180,24458,Case Closed,08-11-2022 14:00,
12181,24459,Case Closed,09-01-2023 15:00,
12182,24465,Case Closed,14-11-2022 22:00,
12183,24466,Case Closed,10-04-2023 06:00,
12184,24467,Case Closed,13-12-2022 01:00,
12185,24468,Case Closed,12-01-2023 16:00,
12186,24469,Case Closed,02-06-2023 07:00,
12187,24472,Case Closed,31-12-2022 08:00,
12188,24473,Case Closed,07-01-2023 03:00,
12189,24474,Case Closed,06-12-2022 22:00,
12190,24476,Case Closed,09-12-2022 14:00,
12191,24477,Case Closed,11-01-2023 05:00,
12192,24478,Case Closed,06-01-2023 17:00,
12193,24479,Case Closed,10-01-2023 10:00,
12194,24481,Case Closed,02-11-2022 06:00,
12195,24483,Case Closed,15-11-2022 13:00,
12196,24484,Case Closed,30-12-2022 12:00,
12197,24486,Case Closed,07-02-2024 10:00,
12198,24487,Case Closed,08-04-2023 22:00,
12199,24488,Case Closed,03-11-2022 07:00,
12200,24493,Case Closed,12-12-2022 08:00,
12201,24497,Case Closed,19-12-2022 09:00,
12202,24498,Case Closed,31-12-2022 20:00,
12203,24499,Case Closed,28-11-2022 06:00,
12204,24500,Case Closed,12-12-2022 23:00,
12205,24501,Case Closed,05-11-2022 23:00,
12206,24502,Case Closed,14-12-2022 20:00,
12207,24503,Case Closed,22-12-2022 21:00,
12208,24505,Case Closed,11-01-2023 16:00,
12209,24506,Case Closed,06-12-2022 01:00,
12210,24508,Case Closed,29-10-2022 19:00,
12211,24509,Case Closed,30-11-2022 17:00,
12212,24511,Case Closed,10-12-2022 18:00,
12213,24513,Case Closed,20-11-2022 21:00,
12214,24514,Case Closed,08-01-2023 10:00,
12215,24516,Case Closed,24-10-2022 22:00,
12216,24517,Case Closed,05-11-2022 09:00,
12217,24520,Case Closed,09-02-2024 01:00,
12218,24521,Case Closed,10-04-2023 08:00,
12219,24522,Case Closed,09-01-2023 17:00,
12220,24524,Case Closed,31-12-2022 12:00,
12221,24526,Case Closed,04-11-2022 05:00,
12222,24528,Case Closed,23-11-2022 10:00,
12223,24532,Case Closed,26-10-2022 11:00,
12224,24535,Case Closed,08-02-2024 19:00,
12225,24539,Case Closed,14-12-2022 08:00,
12226,24540,Case Closed,07-01-2023 02:00,
12227,24541,Case Closed,30-11-2022 07:00,
12228,24543,Case Closed,05-11-2022 19:00,
12229,24544,Case Closed,31-12-2022 06:00,
12230,24545,Case Closed,12-12-2022 20:00,
12231,24546,Case Closed,18-11-2022 00:00,
12232,24547,Case Closed,12-03-2023 09:00,
12233,24548,Case Closed,27-11-2022 19:00,
12234,24549,Case Closed,15-11-2022 06:00,
12235,24550,Case Closed,10-01-2023 12:00,
12236,24551,Case Closed,28-12-2022 02:00,
12237,24552,Case Closed,25-10-2022 23:00,
12238,24554,Case Closed,29-12-2022 23:00,
12239,24555,Case Closed,10-12-2022 03:00,
12240,24556,Case Closed,22-01-2023 02:00,
12241,24558,Case Closed,03-11-2022 16:00,
12242,24559,Case Closed,30-10-2022 10:00,
12243,24562,Case Closed,16-12-2022 03:00,
12244,24563,Case Closed,15-01-2023 08:00,
12245,24564,Case Closed,15-01-2023 21:00,
12246,24566,Case Closed,14-01-2023 22:00,
12247,24567,Case Closed,12-11-2023 06:00,
12248,24568,Case Closed,09-11-2022 11:00,
12249,24570,Case Closed,30-01-2023 06:00,
12250,24572,Case Closed,05-11-2022 07:00,
12251,24573,Case Closed,07-11-2022 17:00,
12252,24578,Case Closed,24-12-2022 20:00,
12253,24581,Case Closed,27-12-2022 14:00,
12254,24586,Case Closed,10-01-2023 06:00,
12255,24588,Case Closed,17-11-2022 06:00,
12256,24589,Case Closed,03-01-2023 08:00,
12257,24591,Case Closed,11-12-2022 17:00,
12258,24593,Case Closed,07-11-2022 16:00,
12259,24595,Case Closed,12-11-2022 15:00,
12260,24597,Case Closed,08-01-2023 11:00,
12261,24598,Case Closed,17-11-2022 00:00,
12262,24601,Case Closed,21-11-2022 18:00,
12263,24603,Case Closed,06-08-2023 07:00,
12264,24605,Case Closed,13-01-2023 22:00,
12265,24612,Case Closed,25-10-2022 18:00,
12266,24622,Case Closed,08-01-2023 22:00,
12267,24628,Case Closed,10-11-2022 17:00,
12268,24630,Case Closed,31-10-2022 05:00,
12269,24631,Case Closed,27-12-2022 19:00,
12270,24632,Case Closed,21-11-2022 22:00,
12271,24634,Case Closed,11-12-2022 13:00,
12272,24635,Case Closed,13-11-2022 09:00,
12273,24637,Case Closed,20-11-2022 11:00,
12274,24640,Case Closed,25-12-2022 19:00,
12275,24641,Case Closed,17-12-2022 07:00,
12276,24642,Case Closed,01-02-2023 21:00,
12277,24644,Case Closed,22-12-2022 23:00,
12278,24646,Case Closed,06-04-2023 15:00,
12279,24647,Case Closed,06-11-2022 15:00,
12280,24649,Case Closed,25-10-2022 05:00,
12281,24650,Case Closed,02-01-2023 05:00,
12282,24652,Case Closed,03-10-2024 11:00,
12283,24653,Case Closed,16-01-2023 14:00,
12284,24654,Case Closed,09-11-2022 12:00,
12285,24656,Case Closed,09-04-2024 09:00,
12286,24658,Case Closed,28-12-2022 04:00,
12287,24660,Case Closed,13-11-2022 19:00,
12288,24661,Case Closed,25-12-2022 09:00,
12289,24663,Case Closed,08-08-2024 14:00,
12290,24666,Case Closed,07-11-2022 13:00,
12291,24667,Case Closed,13-11-2022 01:00,
12292,24668,Case Closed,19-11-2022 18:00,
12293,24670,Case Closed,12-01-2023 08:00,
12294,24674,Case Closed,11-01-2023 03:00,
12295,24675,Case Closed,04-01-2023 02:00,
12296,24680,Case Closed,07-01-2023 03:00,
12297,24681,Case Closed,02-12-2022 01:00,
12298,24682,Case Closed,10-01-2023 14:00,
12299,24684,Case Closed,31-03-2023 00:00,
12300,24688,Case Closed,18-01-2023 09:00,
12301,24689,Case Closed,16-12-2022 01:00,
12302,24690,Case Closed,09-11-2022 22:00,
12303,24691,Case Closed,22-11-2022 08:00,
12304,24695,Case Closed,10-11-2022 14:00,
12305,24697,Case Closed,06-11-2022 08:00,
12306,24699,Case Closed,10-01-2023 16:00,
12307,24700,Case Closed,09-11-2022 14:00,
12308,24701,Case Closed,03-03-2023 02:00,
12309,24702,Case Closed,16-01-2023 16:00,
12310,24703,Case Closed,09-12-2022 02:00,
12311,24704,Case Closed,26-11-2022 16:00,
12312,24706,Case Closed,07-11-2022 03:00,
12313,24707,Case Closed,14-11-2022 04:00,
12314,24709,Case Closed,12-11-2022 01:00,
12315,24710,Case Closed,11-01-2023 00:00,
12316,24713,Case Closed,15-01-2023 09:00,
12317,24715,Case Closed,08-11-2022 11:00,
12318,24717,Case Closed,22-04-2023 04:00,
12319,24723,Case Closed,12-01-2023 02:00,
12320,24726,Case Closed,09-06-2024 03:00,
12321,24728,Case Closed,15-06-2024 09:00,
12322,24729,Case Closed,03-12-2022 23:00,
12323,24730,Case Closed,28-11-2022 05:00,
12324,24732,Case Closed,09-11-2022 09:00,
12325,24733,Case Closed,15-01-2023 10:00,
12326,24735,Case Closed,18-12-2022 07:00,
12327,24736,Case Closed,04-01-2023 11:00,
12328,24737,Case Closed,26-12-2022 10:00,
12329,24738,Case Closed,05-01-2023 06:00,
12330,24739,Case Closed,28-12-2022 07:00,
12331,24741,Case Closed,27-01-2023 08:00,
12332,24746,Case Closed,25-01-2023 20:00,
12333,24747,Case Closed,05-01-2023 17:00,
12334,24750,Case Closed,20-01-2023 03:00,
12335,24754,Case Closed,06-03-2023 15:00,
12336,24755,Case Closed,15-01-2023 00:00,
12337,24758,Case Closed,14-11-2022 00:00,
12338,24761,Case Closed,18-12-2022 09:00,
12339,24762,Case Closed,17-12-2022 13:00,
12340,24764,Case Closed,08-12-2022 02:00,
12341,24769,Case Closed,21-11-2022 08:00,
12342,24770,Case Closed,03-01-2023 09:00,
12343,24771,Case Closed,24-12-2022 01:00,
12344,24776,Case Closed,21-12-2022 02:00,
12345,24780,Case Closed,06-02-2023 05:00,
12346,24783,Case Closed,23-11-2022 16:00,
12347,24784,Case Closed,29-12-2022 19:00,
12348,24787,Case Closed,30-05-2023 06:00,
12349,24789,Case Closed,07-11-2023 03:00,
12350,24790,Case Closed,18-06-2023 17:00,
12351,24791,Case Closed,08-12-2022 03:00,
12352,24792,Case Closed,27-11-2022 15:00,
12353,24794,Case Closed,08-03-2023 05:00,
12354,24798,Case Closed,22-01-2023 00:00,
12355,24803,Case Closed,10-12-2022 11:00,
12356,24805,Case Closed,14-01-2023 04:00,
12357,24806,Case Closed,18-11-2022 16:00,
12358,24810,Case Closed,05-01-2023 00:00,
12359,24811,Case Closed,03-01-2023 18:00,
12360,24814,Case Closed,14-01-2023 13:00,
12361,24816,Case Closed,20-11-2022 01:00,
12362,24817,Case Closed,24-12-2022 02:00,
12363,24819,Case Closed,02-01-2023 07:00,
12364,24822,Case Closed,24-02-2023 08:00,
12365,24823,Case Closed,10-07-2023 19:00,
12366,24824,Case Closed,10-11-2022 16:00,
12367,24825,Case Closed,28-11-2022 11:00,
12368,24826,Case Closed,24-11-2022 19:00,
12369,24827,Case Closed,27-12-2022 06:00,
12370,24829,Case Closed,12-11-2023 04:00,
12371,24831,Case Closed,20-11-2022 09:00,
12372,24832,Case Closed,30-06-2023 04:00,
12373,24834,Case Closed,13-11-2022 06:00,
12374,24835,Case Closed,09-11-2022 10:00,
12375,24837,Case Closed,20-01-2023 21:00,
12376,24838,Case Closed,12-12-2022 06:00,
12377,24840,Case Closed,29-01-2023 11:00,
12378,24841,Case Closed,09-11-2022 16:00,
12379,24842,Case Closed,23-11-2022 08:00,
12380,24843,Case Closed,27-01-2023 04:00,
12381,24844,Case Closed,23-11-2022 13:00,
12382,24845,Case Closed,18-11-2022 11:00,
12383,24846,Case Closed,30-11-2022 02:00,
12384,24848,Case Closed,01-12-2022 12:00,
12385,24850,Case Closed,15-01-2023 07:00,
12386,24852,Case Closed,14-12-2022 09:00,
12387,24854,Case Closed,21-11-2022 07:00,
12388,24855,Case Closed,20-11-2023 07:00,
12389,24856,Case Closed,07-01-2023 19:00,
12390,24864,Case Closed,28-04-2023 15:00,
12391,24865,Case Closed,21-11-2022 03:00,
12392,24866,Case Closed,30-01-2023 20:00,
12393,24867,Case Closed,31-01-2023 19:00,
12394,24869,Case Closed,08-02-2024 11:00,
12395,24879,Case Closed,23-12-2022 08:00,
12396,24880,Case Closed,23-12-2022 18:00,
12397,24881,Case Closed,16-12-2022 04:00,
12398,24883,Case Closed,19-11-2022 14:00,
12399,24887,Case Closed,16-12-2022 15:00,
12400,24889,Case Closed,31-01-2023 20:00,
12401,24893,Case Closed,10-01-2023 12:00,
12402,24894,Case Closed,01-01-2023 09:00,
12403,24895,Case Closed,18-11-2022 06:00,
12404,24897,Case Closed,15-12-2022 23:00,
12405,24898,Case Closed,10-01-2023 09:00,
12406,24900,Case Closed,19-12-2022 04:00,
12407,24905,Case Closed,26-01-2023 06:00,
12408,24906,Case Closed,19-12-2022 01:00,
12409,24914,Case Closed,25-01-2023 14:00,
12410,24917,Case Closed,07-10-2023 14:00,
12411,24919,Case Closed,07-01-2023 14:00,
12412,24921,Case Closed,06-01-2023 04:00,
12413,24923,Case Closed,13-01-2023 04:00,
12414,24925,Case Closed,16-12-2022 05:00,
12415,24926,Case Closed,14-12-2022 00:00,
12416,24928,Case Closed,31-01-2023 14:00,
12417,24930,Case Closed,23-12-2022 12:00,
12418,24932,Case Closed,18-01-2023 08:00,
12419,24935,Case Closed,10-02-2023 20:00,
12420,24936,Case Closed,01-02-2023 15:00,
12421,24938,Case Closed,22-11-2022 20:00,
12422,24941,Case Closed,17-01-2023 01:00,
12423,24942,Case Closed,24-12-2022 18:00,
12424,24943,Case Closed,06-01-2023 12:00,
12425,24945,Case Closed,01-02-2023 19:00,
12426,24947,Case Closed,23-11-2022 07:00,
12427,24948,Case Closed,20-12-2022 18:00,
12428,24949,Case Closed,29-12-2022 02:00,
12429,24956,Case Closed,14-01-2023 16:00,
12430,24960,Case Closed,29-01-2023 20:00,
12431,24962,Case Closed,11-12-2022 16:00,
12432,24963,Case Closed,03-12-2022 16:00,
12433,24964,Case Closed,31-12-2022 04:00,
12434,24965,Case Closed,28-01-2023 06:00,
12435,24967,Case Closed,27-12-2022 02:00,
12436,24968,Case Closed,03-05-2024 18:00,
12437,24969,Case Closed,03-12-2022 16:00,
12438,24970,Case Closed,01-04-2023 22:00,
12439,24971,Case Closed,15-12-2022 07:00,
12440,24972,Case Closed,21-12-2022 17:00,
12441,24973,Case Closed,07-12-2022 03:00,
12442,24974,Case Closed,10-11-2022 17:00,
12443,24977,Case Closed,19-12-2022 19:00,
12444,24980,Case Closed,31-01-2023 04:00,
12445,24982,Case Closed,11-12-2022 21:00,
12446,24983,Case Closed,07-02-2023 05:00,
12447,24984,Case Closed,25-03-2023 23:00,
12448,24985,Case Closed,07-01-2023 05:00,
12449,24986,Case Closed,22-12-2022 01:00,
12450,24988,Case Closed,26-03-2023 11:00,
12451,24996,Case Closed,15-01-2023 09:00,
12452,24997,Case Closed,23-11-2022 00:00,
12453,24999,Case Closed,24-12-2022 09:00,
12454,25001,Case Closed,01-12-2022 13:00,
12455,25002,Case Closed,27-01-2023 08:00,
12456,25004,Case Closed,06-01-2023 16:00,
12457,25006,Case Closed,17-06-2024 18:00,
12458,25007,Case Closed,17-11-2022 19:00,
12459,25008,Case Closed,03-02-2023 13:00,
12460,25009,Case Closed,07-01-2023 15:00,
12461,25011,Case Closed,05-05-2023 17:00,
12462,25013,Case Closed,20-12-2022 06:00,
12463,25014,Case Closed,23-12-2022 07:00,
12464,25017,Case Closed,31-01-2023 16:00,
12465,25020,Case Closed,11-01-2023 10:00,
12466,25021,Case Closed,08-12-2022 05:00,
12467,25023,Case Closed,22-11-2022 19:00,
12468,25025,Case Closed,14-12-2022 18:00,
12469,25031,Case Closed,19-01-2023 17:00,
12470,25032,Case Closed,28-11-2022 17:00,
12471,25033,Case Closed,01-01-2023 10:00,
12472,25036,Case Closed,22-11-2022 15:00,
12473,25037,Case Closed,08-12-2022 10:00,
12474,25044,Case Closed,14-12-2022 23:00,
12475,25045,Case Closed,27-12-2022 15:00,
12476,25047,Case Closed,16-01-2023 10:00,
12477,25049,Case Closed,06-01-2023 13:00,
12478,25050,Case Closed,12-01-2023 01:00,
12479,25051,Case Closed,19-11-2022 01:00,
12480,25052,Case Closed,23-11-2022 14:00,
12481,25054,Case Closed,21-11-2022 17:00,
12482,25058,Case Closed,18-01-2023 19:00,
12483,25061,Case Closed,29-02-2024 23:00,
12484,25063,Case Closed,16-12-2022 00:00,
12485,25065,Case Closed,09-02-2023 13:00,
12486,25066,Case Closed,19-09-2023 21:00,
12487,25067,Case Closed,21-11-2022 20:00,
12488,25068,Case Closed,08-01-2023 00:00,
12489,25069,Case Closed,12-12-2022 20:00,
12490,25070,Case Closed,11-01-2023 21:00,
12491,25071,Case Closed,16-01-2023 11:00,
12492,25072,Case Closed,02-11-2024 16:00,
12493,25074,Case Closed,03-12-2022 12:00,
12494,25076,Case Closed,31-03-2024 11:00,
12495,25080,Case Closed,01-12-2022 22:00,
12496,25083,Case Closed,26-11-2022 04:00,
12497,25084,Case Closed,13-01-2023 12:00,
12498,25085,Case Closed,20-01-2023 14:00,
12499,25086,Case Closed,27-11-2022 08:00,
12500,25094,Case Closed,19-11-2022 16:00,
12501,25096,Case Closed,23-01-2023 09:00,
12502,25099,Case Closed,24-11-2022 09:00,
12503,25100,Case Closed,20-12-2022 08:00,
12504,25101,Case Closed,08-12-2022 22:00,
12505,25109,Case Closed,02-01-2023 08:00,
12506,25110,Case Closed,18-11-2023 08:00,
12507,25112,Case Closed,25-11-2022 10:00,
12508,25114,Case Closed,30-12-2022 10:00,
12509,25115,Case Closed,26-12-2022 23:00,
12510,25117,Case Closed,02-02-2023 08:00,
12511,25118,Case Closed,26-11-2022 21:00,
12512,25121,Case Closed,11-01-2023 18:00,
12513,25122,Case Closed,02-02-2023 00:00,
12514,25123,Case Closed,04-05-2023 03:00,
12515,25128,Case Closed,21-12-2022 11:00,
12516,25130,Case Closed,27-01-2023 20:00,
12517,25131,Case Closed,07-02-2023 17:00,
12518,25132,Case Closed,04-05-2024 12:00,
12519,25140,Case Closed,18-01-2023 06:00,
12520,25141,Case Closed,08-02-2024 09:00,
12521,25143,Case Closed,31-01-2023 22:00,
12522,25144,Case Closed,09-04-2023 23:00,
12523,25146,Case Closed,16-01-2023 09:00,
12524,25147,Case Closed,01-12-2022 03:00,
12525,25150,Case Closed,28-11-2022 03:00,
12526,25151,Case Closed,28-11-2022 13:00,
12527,25152,Case Closed,23-12-2022 23:00,
12528,25153,Case Closed,02-12-2022 11:00,
12529,25157,Case Closed,21-11-2022 15:00,
12530,25158,Case Closed,11-02-2023 12:00,
12531,25159,Case Closed,29-11-2022 09:00,
12532,25162,Case Closed,20-02-2024 15:00,
12533,25165,Case Closed,28-01-2023 14:00,
12534,25167,Case Closed,03-02-2023 08:00,
12535,25168,Case Closed,10-10-2024 17:00,
12536,25169,Case Closed,04-03-2023 11:00,
12537,25171,Case Closed,28-11-2022 22:00,
12538,25172,Case Closed,26-04-2023 00:00,
12539,25174,Case Closed,09-12-2022 20:00,
12540,25178,Case Closed,09-02-2023 22:00,
12541,25180,Case Closed,04-02-2023 20:00,
12542,25182,Case Closed,07-12-2022 20:00,
12543,25183,Case Closed,13-09-2024 12:00,
12544,25185,Case Closed,27-12-2022 15:00,
12545,25187,Case Closed,04-04-2023 03:00,
12546,25188,Case Closed,18-01-2023 14:00,
12547,25192,Case Closed,05-01-2023 03:00,
12548,25195,Case Closed,05-01-2023 11:00,
12549,25196,Case Closed,02-12-2022 22:00,
12550,25202,Case Closed,20-12-2023 15:00,
12551,25203,Case Closed,15-05-2023 12:00,
12552,25207,Case Closed,21-01-2023 00:00,
12553,25209,Case Closed,03-12-2022 13:00,
12554,25212,Case Closed,18-12-2022 06:00,
12555,25213,Case Closed,09-12-2022 13:00,
12556,25214,Case Closed,14-01-2023 04:00,
12557,25216,Case Closed,29-01-2023 02:00,
12558,25217,Case Closed,25-01-2023 18:00,
12559,25219,Case Closed,30-11-2022 19:00,
12560,25221,Case Closed,18-12-2022 19:00,
12561,25223,Case Closed,02-12-2022 05:00,
12562,25224,Case Closed,26-11-2022 05:00,
12563,25226,Case Closed,07-01-2023 06:00,
12564,25228,Case Closed,01-01-2023 18:00,
12565,25229,Case Closed,16-03-2023 04:00,
12566,25231,Case Closed,25-01-2023 10:00,
12567,25234,Case Closed,11-02-2023 10:00,
12568,25238,Case Closed,14-01-2023 19:00,
12569,25239,Case Closed,05-04-2024 21:00,
12570,25241,Case Closed,25-12-2022 11:00,
12571,25242,Case Closed,14-12-2022 07:00,
12572,25243,Case Closed,11-12-2022 22:00,
12573,25244,Case Closed,05-12-2022 21:00,
12574,25248,Case Closed,08-01-2023 08:00,
12575,25249,Case Closed,24-04-2023 19:00,
12576,25251,Case Closed,23-11-2022 16:00,
12577,25252,Case Closed,22-03-2023 00:00,
12578,25253,Case Closed,09-03-2024 00:00,
12579,25254,Case Closed,31-01-2023 08:00,
12580,25255,Case Closed,23-12-2022 11:00,
12581,25257,Case Closed,01-01-2023 01:00,
12582,25260,Case Closed,22-12-2022 04:00,
12583,25261,Case Closed,17-12-2022 19:00,
12584,25263,Case Closed,12-01-2023 19:00,
12585,25267,Case Closed,02-01-2023 17:00,
12586,25269,Case Closed,01-02-2023 16:00,
12587,25270,Case Closed,01-12-2022 02:00,
12588,25274,Case Closed,29-01-2023 17:00,
12589,25280,Case Closed,20-01-2023 20:00,
12590,25281,Case Closed,30-12-2022 01:00,
12591,25282,Case Closed,05-01-2023 03:00,
12592,25290,Case Closed,28-11-2022 20:00,
12593,25291,Case Closed,06-02-2023 21:00,
12594,25293,Case Closed,09-02-2023 08:00,
12595,25294,Case Closed,13-02-2023 11:00,
12596,25298,Case Closed,21-12-2022 15:00,
12597,25299,Case Closed,02-12-2022 05:00,
12598,25300,Case Closed,05-02-2023 11:00,
12599,25304,Case Closed,01-02-2023 14:00,
12600,25305,Case Closed,19-01-2023 11:00,
12601,25306,Case Closed,22-01-2023 16:00,
12602,25308,Case Closed,09-12-2022 09:00,
12603,25309,Case Closed,26-12-2022 02:00,
12604,25312,Case Closed,03-12-2022 22:00,
12605,25315,Case Closed,12-12-2022 16:00,
12606,25318,Case Closed,20-08-2023 13:00,
12607,25320,Case Closed,09-05-2023 19:00,
12608,25325,Case Closed,04-04-2023 19:00,
12609,25330,Case Closed,15-01-2023 17:00,
12610,25331,Case Closed,27-01-2023 07:00,
12611,25332,Case Closed,04-02-2023 05:00,
12612,25333,Case Closed,16-05-2023 03:00,
12613,25335,Case Closed,17-01-2023 22:00,
12614,25340,Case Closed,17-02-2023 12:00,
12615,25341,Case Closed,07-01-2023 09:00,
12616,25344,Case Closed,12-02-2023 03:00,
12617,25345,Case Closed,30-11-2022 21:00,
12618,25347,Case Closed,03-01-2023 03:00,
12619,25350,Case Closed,26-12-2022 06:00,
12620,25353,Case Closed,23-12-2022 06:00,
12621,25354,Case Closed,28-01-2023 18:00,
12622,25358,Case Closed,23-11-2023 07:00,
12623,25359,Case Closed,10-09-2024 02:00,
12624,25361,Case Closed,20-01-2023 21:00,
12625,25363,Case Closed,17-02-2023 07:00,
12626,25365,Case Closed,08-01-2023 05:00,
12627,25366,Case Closed,02-12-2022 19:00,
12628,25367,Case Closed,14-06-2024 21:00,
12629,25368,Case Closed,07-02-2023 13:00,
12630,25369,Case Closed,18-02-2023 22:00,
12631,25376,Case Closed,14-01-2023 08:00,
12632,25381,Case Closed,09-04-2023 14:00,
12633,25384,Case Closed,25-12-2022 00:00,
12634,25385,Case Closed,27-12-2022 11:00,
12635,25386,Case Closed,17-02-2023 20:00,
12636,25391,Case Closed,18-12-2022 06:00,
12637,25394,Case Closed,21-03-2023 10:00,
12638,25398,Case Closed,07-05-2023 18:00,
12639,25399,Case Closed,11-02-2023 06:00,
12640,25401,Case Closed,07-12-2022 06:00,
12641,25402,Case Closed,12-01-2023 19:00,
12642,25403,Case Closed,15-01-2023 18:00,
12643,25404,Case Closed,05-12-2022 00:00,
12644,25405,Case Closed,21-04-2023 22:00,
12645,25409,Case Closed,31-01-2023 22:00,
12646,25412,Case Closed,04-01-2023 03:00,
12647,25413,Case Closed,31-12-2022 05:00,
12648,25416,Case Closed,18-12-2022 18:00,
12649,25418,Case Closed,09-01-2023 08:00,
12650,25419,Case Closed,07-12-2022 10:00,
12651,25420,Case Closed,24-12-2022 21:00,
12652,25421,Case Closed,18-12-2022 22:00,
12653,25422,Case Closed,27-12-2022 14:00,
12654,25423,Case Closed,08-01-2023 23:00,
12655,25425,Case Closed,24-12-2022 03:00,
12656,25426,Case Closed,03-01-2023 02:00,
12657,25428,Case Closed,20-01-2023 18:00,
12658,25442,Case Closed,30-01-2023 19:00,
12659,25444,Case Closed,02-08-2023 02:00,
12660,25446,Case Closed,20-01-2024 22:00,
12661,25449,Case Closed,27-01-2023 02:00,
12662,25458,Case Closed,20-04-2023 21:00,
12663,25459,Case Closed,25-12-2022 09:00,
12664,25460,Case Closed,11-12-2022 05:00,
12665,25463,Case Closed,12-12-2022 04:00,
12666,25464,Case Closed,02-08-2023 08:00,
12667,25465,Case Closed,22-12-2022 17:00,
12668,25471,Case Closed,23-12-2022 17:00,
12669,25473,Case Closed,08-01-2023 23:00,
12670,25478,Case Closed,22-12-2022 04:00,
12671,25481,Case Closed,03-04-2024 10:00,
12672,25482,Case Closed,09-12-2022 13:00,
12673,25483,Case Closed,08-12-2022 23:00,
12674,25488,Case Closed,17-01-2023 17:00,
12675,25489,Case Closed,24-01-2023 00:00,
12676,25491,Case Closed,07-12-2022 02:00,
12677,25493,Case Closed,04-02-2023 16:00,
12678,25494,Case Closed,19-12-2022 03:00,
12679,25496,Case Closed,10-04-2023 17:00,
12680,25499,Case Closed,17-06-2023 18:00,
12681,25501,Case Closed,05-02-2024 19:00,
12682,25502,Case Closed,13-11-2024 02:00,
12683,25503,Case Closed,08-06-2023 07:00,
12684,25504,Case Closed,01-01-2023 05:00,
12685,25507,Case Closed,04-02-2023 15:00,
12686,25509,Case Closed,29-01-2023 04:00,
12687,25510,Case Closed,05-01-2023 12:00,
12688,25511,Case Closed,13-02-2023 21:00,
12689,25514,Case Closed,24-01-2023 14:00,
12690,25516,Case Closed,28-02-2023 22:00,
12691,25518,Case Closed,26-12-2022 15:00,
12692,25519,Case Closed,24-12-2022 08:00,
12693,25521,Case Closed,19-12-2022 17:00,
12694,25522,Case Closed,29-12-2022 05:00,
12695,25525,Case Closed,22-02-2023 09:00,
12696,25528,Case Closed,01-01-2023 19:00,
12697,25530,Case Closed,14-01-2023 04:00,
12698,25533,Case Closed,27-02-2023 11:00,
12699,25534,Case Closed,01-11-2023 11:00,
12700,25535,Case Closed,15-01-2023 08:00,
12701,25537,Case Closed,27-01-2023 16:00,
12702,25538,Case Closed,13-02-2023 06:00,
12703,25542,Case Closed,25-02-2023 00:00,
12704,25544,Case Closed,22-01-2023 02:00,
12705,25548,Case Closed,06-01-2023 23:00,
12706,25549,Case Closed,18-01-2023 10:00,
12707,25551,Case Closed,11-01-2023 02:00,
12708,25554,Case Closed,25-12-2022 18:00,
12709,25555,Case Closed,08-07-2024 07:00,
12710,25556,Case Closed,31-01-2023 01:00,
12711,25560,Case Closed,08-01-2023 10:00,
12712,25561,Case Closed,28-12-2022 13:00,
12713,25563,Case Closed,09-01-2023 14:00,
12714,25565,Case Closed,23-01-2023 23:00,
12715,25566,Case Closed,13-12-2022 02:00,
12716,25567,Case Closed,22-12-2022 09:00,
12717,25568,Case Closed,02-02-2024 12:00,
12718,25570,Case Closed,28-01-2023 10:00,
12719,25573,Case Closed,17-02-2023 02:00,
12720,25574,Case Closed,02-01-2023 11:00,
12721,25579,Case Closed,25-07-2023 02:00,
12722,25580,Case Closed,27-12-2022 03:00,
12723,25583,Case Closed,01-01-2023 14:00,
12724,25585,Case Closed,08-02-2023 22:00,
12725,25596,Case Closed,02-02-2023 08:00,
12726,25597,Case Closed,18-04-2023 21:00,
12727,25600,Case Closed,03-03-2023 10:00,
12728,25602,Case Closed,26-12-2022 19:00,
12729,25603,Case Closed,27-01-2023 10:00,
12730,25605,Case Closed,13-02-2023 19:00,
12731,25606,Case Closed,05-07-2023 05:00,
12732,25607,Case Closed,28-12-2023 17:00,
12733,25608,Case Closed,16-01-2023 19:00,
12734,25614,Case Closed,31-12-2022 12:00,
12735,25615,Case Closed,02-02-2023 12:00,
12736,25618,Case Closed,20-03-2024 21:00,
12737,25619,Case Closed,02-01-2023 12:00,
12738,25620,Case Closed,13-12-2022 10:00,
12739,25623,Case Closed,16-01-2023 10:00,
12740,25626,Case Closed,02-06-2023 16:00,
12741,25627,Case Closed,19-12-2022 01:00,
12742,25629,Case Closed,16-12-2022 19:00,
12743,25630,Case Closed,17-12-2022 00:00,
12744,25633,Case Closed,19-02-2023 02:00,
12745,25636,Case Closed,14-02-2023 10:00,
12746,25639,Case Closed,24-01-2023 09:00,
12747,25640,Case Closed,19-02-2023 06:00,
12748,25641,Case Closed,27-12-2022 08:00,
12749,25642,Case Closed,23-02-2023 17:00,
12750,25645,Case Closed,15-12-2022 01:00,
12751,25646,Case Closed,12-01-2023 12:00,
12752,25648,Case Closed,22-12-2022 19:00,
12753,25649,Case Closed,11-01-2023 13:00,
12754,25653,Case Closed,09-02-2023 18:00,
12755,25656,Case Closed,10-12-2022 08:00,
12756,25657,Case Closed,18-12-2022 12:00,
12757,25658,Case Closed,19-12-2022 15:00,
12758,25659,Case Closed,07-05-2023 08:00,
12759,25661,Case Closed,12-12-2022 23:00,
12760,25662,Case Closed,06-01-2023 22:00,
12761,25665,Case Closed,17-12-2022 11:00,
12762,25667,Case Closed,15-02-2023 23:00,
12763,25669,Case Closed,07-02-2023 23:00,
12764,25674,Case Closed,20-12-2022 03:00,
12765,25675,Case Closed,28-12-2022 14:00,
12766,25676,Case Closed,01-02-2023 22:00,
12767,25677,Case Closed,21-04-2023 08:00,
12768,25678,Case Closed,15-12-2022 22:00,
12769,25679,Case Closed,21-01-2023 21:00,
12770,25685,Case Closed,25-01-2023 12:00,
12771,25686,Case Closed,28-02-2023 19:00,
12772,25687,Case Closed,12-02-2023 17:00,
12773,25690,Case Closed,29-12-2022 12:00,
12774,25691,Case Closed,30-01-2023 07:00,
12775,25697,Case Closed,21-02-2023 10:00,
12776,25699,Case Closed,20-12-2022 05:00,
12777,25701,Case Closed,23-02-2023 09:00,
12778,25703,Case Closed,14-11-2024 19:00,
12779,25707,Case Closed,05-05-2023 23:00,
12780,25710,Case Closed,12-01-2023 22:00,
12781,25715,Case Closed,13-01-2023 14:00,
12782,25716,Case Closed,21-03-2024 04:00,
12783,25722,Case Closed,07-02-2023 09:00,
12784,25724,Case Closed,23-01-2023 15:00,
12785,25728,Case Closed,14-02-2023 07:00,
12786,25730,Case Closed,24-12-2022 11:00,
12787,25732,Case Closed,07-01-2023 05:00,
12788,25737,Case Closed,14-03-2023 03:00,
12789,25738,Case Closed,27-12-2022 17:00,
12790,25739,Case Closed,01-01-2023 14:00,
12791,25742,Case Closed,17-01-2023 00:00,
12792,25745,Case Closed,25-02-2023 07:00,
12793,25746,Case Closed,30-12-2022 06:00,
12794,25752,Case Closed,15-02-2023 07:00,
12795,25753,Case Closed,09-03-2023 03:00,
12796,25754,Case Closed,28-12-2022 02:00,
12797,25755,Case Closed,27-01-2023 22:00,
12798,25756,Case Closed,14-02-2023 11:00,
12799,25760,Case Closed,23-02-2023 00:00,
12800,25761,Case Closed,23-09-2024 21:00,
12801,25765,Case Closed,17-02-2023 17:00,
12802,25766,Case Closed,01-02-2023 19:00,
12803,25769,Case Closed,01-03-2023 18:00,
12804,25770,Case Closed,30-04-2023 14:00,
12805,25771,Case Closed,23-02-2023 13:00,
12806,25776,Case Closed,20-02-2023 12:00,
12807,25777,Case Closed,23-01-2023 21:00,
12808,25779,Case Closed,24-01-2023 12:00,
12809,25780,Case Closed,21-03-2024 20:00,
12810,25798,Case Closed,25-01-2023 05:00,
12811,25799,Case Closed,30-04-2023 08:00,
12812,25800,Case Closed,09-01-2023 20:00,
12813,25801,Case Closed,08-01-2023 01:00,
12814,25802,Case Closed,24-02-2023 08:00,
12815,25803,Case Closed,18-12-2022 13:00,
12816,25804,Case Closed,15-02-2023 04:00,
12817,25807,Case Closed,16-01-2023 12:00,
12818,25808,Case Closed,12-02-2023 19:00,
12819,25809,Case Closed,09-03-2023 05:00,
12820,25814,Case Closed,13-03-2023 07:00,
12821,25815,Case Closed,08-03-2023 06:00,
12822,25816,Case Closed,12-02-2023 21:00,
12823,25817,Case Closed,21-02-2023 18:00,
12824,25820,Case Closed,07-06-2023 18:00,
12825,25822,Case Closed,30-12-2022 00:00,
12826,25825,Case Closed,09-01-2023 03:00,
12827,25828,Case Closed,06-01-2023 22:00,
12828,25830,Case Closed,22-01-2023 20:00,
12829,25831,Case Closed,06-04-2023 08:00,
12830,25834,Case Closed,13-02-2023 08:00,
12831,25837,Case Closed,27-02-2023 19:00,
12832,25838,Case Closed,07-08-2024 23:00,
12833,25841,Case Closed,28-02-2023 09:00,
12834,25842,Case Closed,12-01-2023 03:00,
12835,25843,Case Closed,17-06-2024 11:00,
12836,25844,Case Closed,28-12-2022 10:00,
12837,25853,Case Closed,19-02-2023 04:00,
12838,25855,Case Closed,23-01-2024 04:00,
12839,25862,Case Closed,29-01-2023 21:00,
12840,25863,Case Closed,17-10-2023 14:00,
12841,25866,Case Closed,18-02-2023 23:00,
12842,25867,Case Closed,08-02-2023 15:00,
12843,25870,Case Closed,03-02-2023 11:00,
12844,25873,Case Closed,13-02-2023 22:00,
12845,25878,Case Closed,09-01-2023 22:00,
12846,25879,Case Closed,15-01-2024 02:00,
12847,25880,Case Closed,12-01-2023 21:00,
12848,25881,Case Closed,06-03-2023 20:00,
12849,25882,Case Closed,30-01-2023 13:00,
12850,25884,Case Closed,10-03-2023 12:00,
12851,25885,Case Closed,01-02-2023 11:00,
12852,25890,Case Closed,19-01-2023 16:00,
12853,25894,Case Closed,03-03-2023 06:00,
12854,25898,Case Closed,06-06-2024 13:00,
12855,25899,Case Closed,27-02-2023 10:00,
12856,25901,Case Closed,06-02-2023 13:00,
12857,25902,Case Closed,25-01-2023 01:00,
12858,25903,Case Closed,08-01-2023 17:00,
12859,25908,Case Closed,06-12-2023 03:00,
12860,25910,Case Closed,31-12-2022 11:00,
12861,25911,Case Closed,25-01-2023 00:00,
12862,25913,Case Closed,07-06-2023 04:00,
12863,25914,Case Closed,25-12-2022 02:00,
12864,25915,Case Closed,11-02-2023 19:00,
12865,25916,Case Closed,16-01-2023 02:00,
12866,25918,Case Closed,30-05-2023 05:00,
12867,25921,Case Closed,20-01-2023 04:00,
12868,25925,Case Closed,01-03-2023 05:00,
12869,25926,Case Closed,18-01-2023 05:00,
12870,25929,Case Closed,20-02-2023 11:00,
12871,25930,Case Closed,17-01-2023 15:00,
12872,25934,Case Closed,22-01-2023 03:00,
12873,25938,Case Closed,11-03-2023 19:00,
12874,25939,Case Closed,27-12-2022 10:00,
12875,25940,Case Closed,09-01-2023 15:00,
12876,25944,Case Closed,08-02-2023 22:00,
12877,25945,Case Closed,18-02-2023 03:00,
12878,25946,Case Closed,29-12-2022 17:00,
12879,25947,Case Closed,02-01-2023 00:00,
12880,25948,Case Closed,15-01-2023 12:00,
12881,25950,Case Closed,14-01-2024 02:00,
12882,25951,Case Closed,12-03-2023 23:00,
12883,25954,Case Closed,01-03-2023 08:00,
12884,25955,Case Closed,04-03-2023 06:00,
12885,25956,Case Closed,02-01-2023 21:00,
12886,25961,Case Closed,25-12-2022 18:00,
12887,25962,Case Closed,24-01-2023 18:00,
12888,25963,Case Closed,22-01-2023 13:00,
12889,25966,Case Closed,22-12-2022 17:00,
12890,25967,Case Closed,16-02-2023 20:00,
12891,25971,Case Closed,05-02-2023 03:00,
12892,25972,Case Closed,28-12-2022 22:00,
12893,25973,Case Closed,20-12-2022 06:00,
12894,25974,Case Closed,31-01-2023 03:00,
12895,25975,Case Closed,14-03-2023 22:00,
12896,25976,Case Closed,12-03-2023 05:00,
12897,25977,Case Closed,23-01-2023 12:00,
12898,25978,Case Closed,23-01-2023 02:00,
12899,25979,Case Closed,17-03-2023 18:00,
12900,25981,Case Closed,24-01-2023 11:00,
12901,25987,Case Closed,28-12-2022 20:00,
12902,25988,Case Closed,17-03-2023 09:00,
12903,25994,Case Closed,21-01-2023 08:00,
12904,25995,Case Closed,04-01-2023 23:00,
12905,25997,Case Closed,30-01-2023 15:00,
12906,25999,Case Closed,28-11-2023 09:00,
12907,26000,Case Closed,12-03-2023 03:00,
12908,26001,Case Closed,13-03-2023 14:00,
12909,26002,Case Closed,13-03-2023 01:00,
12910,26004,Case Closed,23-02-2023 15:00,
12911,26005,Case Closed,01-01-2024 07:00,
12912,26006,Case Closed,19-03-2023 09:00,
12913,26007,Case Closed,06-11-2024 02:00,
12914,26008,Case Closed,26-02-2023 06:00,
12915,26009,Case Closed,09-10-2024 04:00,
12916,26011,Case Closed,05-02-2023 04:00,
12917,26012,Case Closed,09-02-2023 20:00,
12918,26013,Case Closed,03-04-2023 13:00,
12919,26015,Case Closed,21-02-2023 09:00,
12920,26016,Case Closed,25-01-2023 03:00,
12921,26017,Case Closed,17-01-2023 14:00,
12922,26018,Case Closed,03-03-2023 09:00,
12923,26019,Case Closed,14-02-2023 19:00,
12924,26020,Case Closed,17-04-2023 17:00,
12925,26021,Case Closed,10-12-2024 20:00,
12926,26023,Case Closed,28-12-2022 21:00,
12927,26025,Case Closed,09-03-2023 13:00,
12928,26026,Case Closed,28-12-2022 02:00,
12929,26028,Case Closed,21-03-2023 02:00,
12930,26030,Case Closed,16-01-2023 02:00,
12931,26031,Case Closed,24-01-2023 17:00,
12932,26033,Case Closed,20-02-2023 11:00,
12933,26034,Case Closed,08-01-2023 10:00,
12934,26037,Case Closed,21-01-2023 21:00,
12935,26039,Case Closed,18-02-2023 20:00,
12936,26040,Case Closed,09-02-2023 20:00,
12937,26041,Case Closed,06-01-2023 20:00,
12938,26042,Case Closed,10-03-2023 11:00,
12939,26048,Case Closed,08-03-2023 23:00,
12940,26049,Case Closed,07-03-2023 02:00,
12941,26051,Case Closed,18-02-2023 17:00,
12942,26059,Case Closed,12-03-2023 15:00,
12943,26060,Case Closed,18-03-2023 09:00,
12944,26061,Case Closed,09-01-2023 16:00,
12945,26062,Case Closed,23-03-2023 09:00,
12946,26063,Case Closed,23-01-2023 13:00,
12947,26064,Case Closed,02-01-2023 23:00,
12948,26066,Case Closed,01-02-2023 22:00,
12949,26067,Case Closed,13-07-2023 05:00,
12950,26071,Case Closed,02-02-2023 08:00,
12951,26074,Case Closed,23-01-2023 10:00,
12952,26076,Case Closed,05-02-2023 00:00,
12953,26082,Case Closed,14-03-2023 17:00,
12954,26083,Case Closed,07-10-2023 14:00,
12955,26084,Case Closed,18-02-2023 23:00,
12956,26086,Case Closed,06-02-2023 10:00,
12957,26087,Case Closed,16-01-2023 06:00,
12958,26088,Case Closed,29-01-2023 06:00,
12959,26091,Case Closed,12-02-2023 00:00,
12960,26092,Case Closed,14-01-2023 15:00,
12961,26095,Case Closed,27-01-2023 09:00,
12962,26096,Case Closed,27-01-2023 06:00,
12963,26098,Case Closed,29-01-2023 06:00,
12964,26101,Case Closed,09-01-2023 10:00,
12965,26108,Case Closed,04-01-2023 21:00,
12966,26110,Case Closed,24-01-2023 05:00,
12967,26111,Case Closed,13-03-2023 21:00,
12968,26113,Case Closed,14-02-2023 19:00,
12969,26114,Case Closed,27-01-2023 05:00,
12970,26115,Case Closed,13-12-2023 16:00,
12971,26116,Case Closed,19-01-2024 15:00,
12972,26117,Case Closed,24-11-2023 10:00,
12973,26119,Case Closed,14-03-2023 07:00,
12974,26120,Case Closed,17-02-2023 09:00,
12975,26121,Case Closed,24-03-2023 06:00,
12976,26122,Case Closed,11-02-2023 00:00,
12977,26128,Case Closed,26-02-2023 09:00,
12978,26130,Case Closed,02-02-2023 14:00,
12979,26133,Case Closed,23-03-2023 10:00,
12980,26135,Case Closed,04-03-2023 15:00,
12981,26136,Case Closed,15-02-2023 14:00,
12982,26140,Case Closed,27-01-2023 11:00,
12983,26142,Case Closed,08-03-2023 20:00,
12984,26143,Case Closed,07-02-2023 23:00,
12985,26146,Case Closed,17-02-2023 09:00,
12986,26147,Case Closed,29-12-2022 08:00,
12987,26150,Case Closed,20-02-2023 03:00,
12988,26155,Case Closed,12-01-2023 06:00,
12989,26156,Case Closed,03-03-2023 23:00,
12990,26157,Case Closed,17-01-2024 10:00,
12991,26158,Case Closed,01-03-2023 22:00,
12992,26159,Case Closed,10-03-2023 02:00,
12993,26161,Case Closed,05-01-2023 22:00,
12994,26163,Case Closed,18-01-2023 08:00,
12995,26165,Case Closed,07-03-2023 05:00,
12996,26167,Case Closed,24-01-2023 03:00,
12997,26170,Case Closed,29-01-2023 13:00,
12998,26174,Case Closed,15-01-2023 15:00,
12999,26175,Case Closed,02-03-2023 11:00,
13000,26176,Case Closed,19-03-2023 12:00,
13001,26177,Case Closed,13-03-2023 23:00,
13002,26179,Case Closed,26-02-2023 22:00,
13003,26181,Case Closed,06-02-2023 19:00,
13004,26183,Case Closed,19-02-2023 05:00,
13005,26184,Case Closed,22-01-2023 17:00,
13006,26187,Case Closed,23-09-2024 11:00,
13007,26190,Case Closed,24-03-2023 07:00,
13008,26191,Case Closed,31-12-2023 12:00,
13009,26192,Case Closed,24-02-2023 21:00,
13010,26194,Case Closed,07-02-2023 16:00,
13011,26196,Case Closed,22-01-2023 12:00,
13012,26197,Case Closed,29-01-2023 00:00,
13013,26200,Case Closed,14-02-2023 15:00,
13014,26201,Case Closed,12-03-2023 22:00,
13015,26202,Case Closed,04-02-2023 15:00,
13016,26203,Case Closed,04-01-2023 04:00,
13017,26205,Case Closed,20-02-2023 18:00,
13018,26206,Case Closed,15-03-2023 05:00,
13019,26207,Case Closed,07-02-2023 11:00,
13020,26208,Case Closed,16-12-2024 03:00,
13021,26209,Case Closed,27-01-2023 06:00,
13022,26211,Case Closed,16-02-2023 06:00,
13023,26213,Case Closed,09-01-2023 06:00,
13024,26214,Case Closed,08-01-2023 17:00,
13025,26215,Case Closed,21-03-2023 04:00,
13026,26216,Case Closed,16-03-2023 20:00,
13027,26217,Case Closed,28-03-2023 01:00,
13028,26220,Case Closed,10-03-2023 15:00,
13029,26221,Case Closed,08-02-2023 04:00,
13030,26222,Case Closed,11-03-2023 11:00,
13031,26224,Case Closed,03-01-2023 11:00,
13032,26225,Case Closed,07-01-2023 14:00,
13033,26226,Case Closed,21-01-2023 19:00,
13034,26230,Case Closed,23-03-2023 03:00,
13035,26237,Case Closed,16-01-2023 05:00,
13036,26239,Case Closed,05-02-2023 17:00,
13037,26243,Case Closed,11-04-2024 21:00,
13038,26244,Case Closed,13-03-2023 00:00,
13039,26245,Case Closed,19-01-2023 04:00,
13040,26246,Case Closed,13-03-2023 14:00,
13041,26248,Case Closed,18-01-2023 17:00,
13042,26249,Case Closed,12-02-2023 14:00,
13043,26250,Case Closed,01-02-2023 12:00,
13044,26251,Case Closed,03-02-2023 22:00,
13045,26253,Case Closed,21-01-2023 18:00,
13046,26254,Case Closed,14-04-2024 05:00,
13047,26255,Case Closed,13-09-2023 01:00,
13048,26256,Case Closed,29-01-2023 14:00,
13049,26258,Case Closed,21-03-2023 09:00,
13050,26260,Case Closed,27-01-2023 04:00,
13051,26262,Case Closed,17-02-2023 10:00,
13052,26265,Case Closed,30-01-2023 07:00,
13053,26266,Case Closed,24-03-2023 04:00,
13054,26269,Case Closed,08-02-2023 04:00,
13055,26271,Case Closed,19-02-2023 19:00,
13056,26272,Case Closed,28-03-2023 12:00,
13057,26274,Case Closed,01-05-2023 05:00,
13058,26276,Case Closed,03-02-2023 21:00,
13059,26277,Case Closed,08-03-2023 12:00,
13060,26278,Case Closed,24-03-2023 02:00,
13061,26281,Case Closed,05-08-2023 06:00,
13062,26282,Case Closed,03-07-2024 01:00,
13063,26283,Case Closed,17-01-2023 04:00,
13064,26285,Case Closed,20-01-2023 21:00,
13065,26287,Case Closed,28-03-2023 03:00,
13066,26292,Case Closed,08-05-2023 05:00,
13067,26293,Case Closed,07-03-2023 02:00,
13068,26294,Case Closed,18-02-2023 23:00,
13069,26295,Case Closed,03-01-2023 09:00,
13070,26299,Case Closed,13-02-2023 00:00,
13071,26300,Case Closed,15-03-2023 00:00,
13072,26301,Case Closed,01-02-2023 17:00,
13073,26302,Case Closed,25-03-2023 19:00,
13074,26305,Case Closed,12-03-2023 21:00,
13075,26306,Case Closed,19-02-2023 22:00,
13076,26310,Case Closed,13-01-2023 00:00,
13077,26311,Case Closed,10-03-2023 03:00,
13078,26312,Case Closed,27-02-2023 19:00,
13079,26313,Case Closed,01-04-2023 11:00,
13080,26314,Case Closed,02-04-2023 07:00,
13081,26319,Case Closed,30-03-2023 01:00,
13082,26321,Case Closed,22-01-2023 17:00,
13083,26322,Case Closed,06-08-2024 14:00,
13084,26323,Case Closed,14-03-2023 09:00,
13085,26327,Case Closed,26-03-2023 14:00,
13086,26328,Case Closed,30-01-2023 20:00,
13087,26329,Case Closed,01-02-2023 23:00,
13088,26330,Case Closed,10-01-2023 06:00,
13089,26331,Case Closed,18-01-2023 20:00,
13090,26334,Case Closed,09-07-2024 22:00,
13091,26336,Case Closed,10-01-2023 06:00,
13092,26337,Case Closed,30-01-2023 16:00,
13093,26338,Case Closed,18-03-2023 01:00,
13094,26341,Case Closed,21-03-2023 22:00,
13095,26344,Case Closed,04-02-2023 09:00,
13096,26348,Case Closed,22-03-2023 22:00,
13097,26354,Case Closed,09-02-2023 05:00,
13098,26357,Case Closed,12-01-2023 21:00,
13099,26358,Case Closed,01-04-2023 11:00,
13100,26359,Case Closed,05-06-2024 00:00,
13101,26360,Case Closed,24-03-2023 12:00,
13102,26362,Case Closed,27-01-2023 07:00,
13103,26364,Case Closed,30-03-2023 20:00,
13104,26366,Case Closed,16-01-2023 14:00,
13105,26367,Case Closed,25-02-2023 11:00,
13106,26374,Case Closed,07-02-2023 17:00,
13107,26375,Case Closed,18-01-2023 15:00,
13108,26377,Case Closed,08-01-2023 19:00,
13109,26381,Case Closed,30-03-2023 18:00,
13110,26382,Case Closed,21-02-2024 18:00,
13111,26383,Case Closed,01-02-2023 08:00,
13112,26384,Case Closed,16-02-2023 08:00,
13113,26385,Case Closed,18-12-2024 02:00,
13114,26388,Case Closed,14-03-2023 14:00,
13115,26389,Case Closed,26-03-2023 22:00,
13116,26391,Case Closed,02-03-2023 02:00,
13117,26392,Case Closed,27-06-2023 19:00,
13118,26394,Case Closed,30-06-2023 20:00,
13119,26395,Case Closed,02-03-2023 17:00,
13120,26397,Case Closed,01-02-2023 11:00,
13121,26400,Case Closed,28-03-2023 04:00,
13122,26401,Case Closed,26-07-2024 14:00,
13123,26402,Case Closed,23-01-2023 03:00,
13124,26403,Case Closed,25-02-2023 21:00,
13125,26404,Case Closed,18-04-2023 21:00,
13126,26405,Case Closed,08-02-2023 17:00,
13127,26407,Case Closed,04-03-2023 08:00,
13128,26410,Case Closed,16-02-2023 16:00,
13129,26411,Case Closed,14-02-2023 04:00,
13130,26412,Case Closed,11-01-2024 10:00,
13131,26414,Case Closed,26-03-2023 02:00,
13132,26415,Case Closed,06-03-2023 05:00,
13133,26416,Case Closed,15-05-2023 07:00,
13134,26419,Case Closed,03-02-2023 06:00,
13135,26422,Case Closed,02-02-2023 13:00,
13136,26423,Case Closed,27-01-2023 12:00,
13137,26425,Case Closed,17-01-2023 13:00,
13138,26427,Case Closed,21-03-2023 23:00,
13139,26430,Case Closed,01-03-2023 17:00,
13140,26431,Case Closed,18-10-2024 07:00,
13141,26432,Case Closed,05-04-2023 03:00,
13142,26434,Case Closed,10-01-2023 06:00,
13143,26435,Case Closed,29-04-2023 09:00,
13144,26436,Case Closed,06-02-2023 00:00,
13145,26439,Case Closed,29-03-2023 17:00,
13146,26440,Case Closed,11-02-2023 20:00,
13147,26444,Case Closed,17-08-2024 13:00,
13148,26446,Case Closed,29-09-2024 15:00,
13149,26448,Case Closed,02-04-2023 21:00,
13150,26450,Case Closed,03-10-2024 14:00,
13151,26452,Case Closed,16-01-2023 02:00,
13152,26453,Case Closed,05-03-2023 11:00,
13153,26454,Case Closed,10-05-2024 06:00,
13154,26456,Case Closed,20-03-2023 12:00,
13155,26457,Case Closed,16-12-2024 02:00,
13156,26458,Case Closed,14-03-2023 02:00,
13157,26461,Case Closed,17-01-2023 05:00,
13158,26466,Case Closed,05-04-2023 16:00,
13159,26468,Case Closed,16-01-2023 09:00,
13160,26469,Case Closed,09-02-2023 05:00,
13161,26470,Case Closed,04-02-2023 22:00,
13162,26474,Case Closed,27-02-2023 12:00,
13163,26475,Case Closed,26-03-2023 09:00,
13164,26477,Case Closed,11-04-2023 01:00,
13165,26479,Case Closed,09-06-2023 22:00,
13166,26480,Case Closed,30-01-2023 06:00,
13167,26482,Case Closed,21-01-2023 10:00,
13168,26484,Case Closed,02-04-2023 05:00,
13169,26486,Case Closed,26-01-2023 02:00,
13170,26489,Case Closed,10-03-2023 11:00,
13171,26491,Case Closed,02-03-2023 07:00,
13172,26492,Case Closed,14-02-2023 18:00,
13173,26494,Case Closed,05-03-2023 05:00,
13174,26496,Case Closed,09-02-2023 04:00,
13175,26500,Case Closed,13-03-2023 22:00,
13176,26501,Case Closed,24-01-2023 07:00,
13177,26506,Case Closed,21-02-2023 22:00,
13178,26509,Case Closed,30-03-2023 05:00,
13179,26512,Case Closed,18-03-2023 06:00,
13180,26513,Case Closed,01-04-2023 15:00,
13181,26515,Case Closed,20-02-2023 16:00,
13182,26518,Case Closed,24-03-2023 18:00,
13183,26523,Case Closed,29-01-2023 07:00,
13184,26524,Case Closed,26-03-2023 08:00,
13185,26525,Case Closed,22-01-2023 17:00,
13186,26526,Case Closed,16-01-2023 17:00,
13187,26527,Case Closed,27-03-2023 04:00,
13188,26529,Case Closed,30-11-2023 16:00,
13189,26530,Case Closed,23-01-2023 09:00,
13190,26533,Case Closed,27-03-2023 21:00,
13191,26534,Case Closed,27-02-2023 23:00,
13192,26536,Case Closed,14-03-2023 10:00,
13193,26537,Case Closed,09-03-2023 10:00,
13194,26539,Case Closed,21-01-2023 02:00,
13195,26542,Case Closed,15-03-2023 12:00,
13196,26543,Case Closed,15-03-2023 15:00,
13197,26544,Case Closed,24-02-2023 18:00,
13198,26545,Case Closed,09-02-2023 14:00,
13199,26547,Case Closed,11-04-2023 10:00,
13200,26548,Case Closed,23-01-2023 19:00,
13201,26549,Case Closed,30-01-2023 11:00,
13202,26550,Case Closed,06-02-2023 13:00,
13203,26552,Case Closed,25-02-2023 16:00,
13204,26555,Case Closed,19-02-2023 03:00,
13205,26557,Case Closed,15-02-2023 02:00,
13206,26558,Case Closed,08-07-2024 08:00,
13207,26560,Case Closed,05-03-2023 17:00,
13208,26562,Case Closed,03-02-2023 13:00,
13209,26565,Case Closed,16-01-2023 08:00,
13210,26567,Case Closed,31-03-2023 04:00,
13211,26570,Case Closed,20-03-2023 00:00,
13212,26572,Case Closed,19-02-2023 17:00,
13213,26573,Case Closed,28-02-2023 09:00,
13214,26578,Case Closed,25-02-2023 03:00,
13215,26582,Case Closed,29-12-2023 19:00,
13216,26583,Case Closed,17-02-2023 07:00,
13217,26584,Case Closed,16-03-2023 08:00,
13218,26586,Case Closed,14-04-2023 01:00,
13219,26589,Case Closed,18-02-2023 00:00,
13220,26592,Case Closed,12-03-2023 18:00,
13221,26595,Case Closed,12-03-2023 12:00,
13222,26598,Case Closed,15-01-2023 01:00,
13223,26599,Case Closed,14-03-2023 11:00,
13224,26600,Case Closed,27-03-2023 14:00,
13225,26603,Case Closed,09-03-2023 02:00,
13226,26604,Case Closed,22-01-2023 18:00,
13227,26605,Case Closed,07-04-2023 06:00,
13228,26606,Case Closed,28-02-2023 23:00,
13229,26608,Case Closed,25-01-2023 04:00,
13230,26609,Case Closed,05-03-2023 21:00,
13231,26614,Case Closed,23-03-2023 07:00,
13232,26617,Case Closed,09-04-2023 02:00,
13233,26618,Case Closed,21-02-2023 15:00,
13234,26619,Case Closed,20-09-2024 19:00,
13235,26623,Case Closed,10-03-2023 17:00,
13236,26625,Case Closed,17-03-2023 02:00,
13237,26626,Case Closed,02-04-2023 17:00,
13238,26627,Case Closed,25-01-2023 05:00,
13239,26628,Case Closed,21-03-2023 11:00,
13240,26629,Case Closed,19-07-2023 03:00,
13241,26630,Case Closed,18-02-2023 08:00,
13242,26631,Case Closed,09-04-2023 05:00,
13243,26633,Case Closed,04-08-2024 14:00,
13244,26635,Case Closed,03-04-2023 00:00,
13245,26636,Case Closed,05-02-2023 14:00,
13246,26637,Case Closed,07-04-2023 19:00,
13247,26638,Case Closed,04-02-2023 22:00,
13248,26644,Case Closed,18-03-2023 19:00,
13249,26647,Case Closed,03-11-2023 20:00,
13250,26648,Case Closed,17-03-2023 04:00,
13251,26649,Case Closed,29-03-2023 06:00,
13252,26650,Case Closed,21-07-2023 05:00,
13253,26652,Case Closed,06-02-2023 03:00,
13254,26654,Case Closed,26-01-2023 01:00,
13255,26658,Case Closed,30-05-2024 19:00,
13256,26661,Case Closed,03-02-2023 06:00,
13257,26662,Case Closed,16-02-2023 04:00,
13258,26665,Case Closed,19-03-2023 19:00,
13259,26666,Case Closed,02-04-2023 10:00,
13260,26667,Case Closed,23-01-2023 10:00,
13261,26669,Case Closed,24-03-2023 15:00,
13262,26671,Case Closed,19-03-2023 19:00,
13263,26672,Case Closed,02-03-2023 04:00,
13264,26677,Case Closed,27-10-2023 06:00,
13265,26682,Case Closed,15-04-2023 07:00,
13266,26684,Case Closed,26-01-2023 20:00,
13267,26685,Case Closed,26-02-2023 22:00,
13268,26686,Case Closed,16-02-2023 09:00,
13269,26687,Case Closed,03-03-2023 05:00,
13270,26695,Case Closed,10-02-2023 11:00,
13271,26696,Case Closed,12-11-2023 18:00,
13272,26701,Case Closed,24-02-2023 04:00,
13273,26705,Case Closed,14-04-2023 14:00,
13274,26709,Case Closed,03-02-2024 14:00,
13275,26711,Case Closed,28-11-2024 19:00,
13276,26713,Case Closed,13-03-2023 12:00,
13277,26716,Case Closed,16-04-2023 15:00,
13278,26717,Case Closed,09-07-2023 02:00,
13279,26718,Case Closed,04-06-2023 18:00,
13280,26720,Case Closed,05-03-2023 12:00,
13281,26722,Case Closed,11-02-2023 16:00,
13282,26723,Case Closed,27-03-2023 15:00,
13283,26725,Case Closed,13-03-2023 23:00,
13284,26727,Case Closed,11-02-2023 21:00,
13285,26728,Case Closed,27-02-2023 10:00,
13286,26729,Case Closed,24-06-2023 06:00,
13287,26732,Case Closed,30-07-2023 22:00,
13288,26733,Case Closed,20-03-2023 16:00,
13289,26734,Case Closed,14-03-2023 11:00,
13290,26735,Case Closed,13-02-2023 04:00,
13291,26736,Case Closed,29-03-2023 19:00,
13292,26739,Case Closed,09-02-2023 16:00,
13293,26742,Case Closed,28-02-2023 07:00,
13294,26745,Case Closed,28-03-2023 10:00,
13295,26747,Case Closed,15-04-2023 02:00,
13296,26750,Case Closed,18-02-2023 21:00,
13297,26751,Case Closed,16-02-2023 22:00,
13298,26753,Case Closed,03-04-2023 03:00,
13299,26755,Case Closed,16-04-2023 15:00,
13300,26757,Case Closed,17-04-2023 16:00,
13301,26759,Case Closed,09-03-2023 01:00,
13302,26760,Case Closed,04-02-2023 15:00,
13303,26768,Case Closed,21-02-2023 19:00,
13304,26771,Case Closed,25-01-2023 19:00,
13305,26773,Case Closed,04-04-2023 15:00,
13306,26777,Case Closed,25-02-2023 21:00,
13307,26781,Case Closed,01-04-2023 23:00,
13308,26783,Case Closed,06-04-2023 07:00,
13309,26784,Case Closed,19-02-2023 12:00,
13310,26785,Case Closed,25-02-2023 06:00,
13311,26789,Case Closed,05-02-2023 19:00,
13312,26790,Case Closed,19-04-2023 02:00,
13313,26796,Case Closed,24-05-2024 00:00,
13314,26798,Case Closed,20-06-2023 00:00,
13315,26802,Case Closed,06-04-2023 21:00,
13316,26803,Case Closed,05-03-2023 23:00,
13317,26804,Case Closed,10-02-2023 12:00,
13318,26805,Case Closed,28-01-2023 22:00,
13319,26806,Case Closed,17-04-2023 14:00,
13320,26807,Case Closed,24-02-2023 00:00,
13321,26808,Case Closed,07-03-2023 02:00,
13322,26814,Case Closed,24-02-2023 16:00,
13323,26815,Case Closed,14-03-2023 10:00,
13324,26818,Case Closed,22-02-2023 09:00,
13325,26819,Case Closed,01-03-2023 23:00,
13326,26821,Case Closed,20-04-2023 17:00,
13327,26823,Case Closed,04-04-2023 03:00,
13328,26824,Case Closed,01-03-2023 13:00,
13329,26828,Case Closed,24-03-2023 05:00,
13330,26829,Case Closed,20-04-2023 09:00,
13331,26836,Case Closed,04-02-2023 20:00,
13332,26837,Case Closed,16-02-2023 21:00,
13333,26838,Case Closed,06-03-2023 00:00,
13334,26839,Case Closed,24-02-2023 22:00,
13335,26840,Case Closed,30-03-2023 12:00,
13336,26841,Case Closed,06-03-2023 15:00,
13337,26843,Case Closed,19-02-2023 03:00,
13338,26844,Case Closed,27-02-2023 11:00,
13339,26845,Case Closed,19-03-2024 20:00,
13340,26850,Case Closed,08-03-2023 03:00,
13341,26853,Case Closed,24-03-2023 10:00,
13342,26854,Case Closed,01-02-2023 22:00,
13343,26856,Case Closed,27-02-2023 15:00,
13344,26859,Case Closed,20-02-2023 21:00,
13345,26863,Case Closed,26-03-2023 01:00,
13346,26867,Case Closed,03-08-2023 09:00,
13347,26869,Case Closed,16-02-2023 07:00,
13348,26871,Case Closed,02-02-2023 20:00,
13349,26872,Case Closed,12-01-2025 08:00,
13350,26873,Case Closed,27-06-2023 06:00,
13351,26874,Case Closed,02-02-2023 10:00,
13352,26876,Case Closed,04-02-2023 20:00,
13353,26878,Case Closed,24-02-2023 05:00,
13354,26881,Case Closed,23-02-2023 14:00,
13355,26886,Case Closed,09-02-2023 20:00,
13356,26888,Case Closed,16-07-2023 22:00,
13357,26889,Case Closed,07-03-2023 10:00,
13358,26890,Case Closed,03-06-2023 02:00,
13359,26896,Case Closed,22-02-2023 18:00,
13360,26898,Case Closed,01-04-2023 23:00,
13361,26902,Case Closed,26-02-2023 18:00,
13362,26903,Case Closed,06-02-2023 13:00,
13363,26906,Case Closed,29-03-2023 05:00,
13364,26908,Case Closed,12-04-2023 13:00,
13365,26910,Case Closed,27-04-2023 12:00,
13366,26911,Case Closed,02-05-2023 03:00,
13367,26914,Case Closed,24-02-2023 06:00,
13368,26915,Case Closed,05-03-2023 20:00,
13369,26916,Case Closed,14-02-2023 06:00,
13370,26918,Case Closed,06-02-2023 05:00,
13371,26919,Case Closed,17-02-2023 10:00,
13372,26921,Case Closed,21-04-2023 11:00,
13373,26926,Case Closed,14-05-2023 08:00,
13374,26927,Case Closed,03-02-2023 06:00,
13375,26928,Case Closed,05-04-2023 04:00,
13376,26930,Case Closed,12-03-2023 13:00,
13377,26932,Case Closed,23-02-2023 23:00,
13378,26935,Case Closed,11-03-2023 17:00,
13379,26937,Case Closed,05-12-2024 23:00,
13380,26938,Case Closed,08-07-2023 12:00,
13381,26939,Case Closed,18-02-2023 00:00,
13382,26940,Case Closed,05-04-2023 04:00,
13383,26942,Case Closed,11-06-2023 16:00,
13384,26943,Case Closed,09-04-2023 22:00,
13385,26945,Case Closed,05-04-2023 11:00,
13386,26946,Case Closed,16-03-2023 13:00,
13387,26948,Case Closed,16-03-2023 22:00,
13388,26949,Case Closed,02-04-2023 05:00,
13389,26951,Case Closed,07-04-2023 10:00,
13390,26956,Case Closed,07-04-2023 12:00,
13391,26957,Case Closed,20-06-2023 08:00,
13392,26961,Case Closed,05-04-2023 07:00,
13393,26963,Case Closed,26-03-2023 11:00,
13394,26964,Case Closed,16-06-2023 07:00,
13395,26966,Case Closed,01-10-2023 22:00,
13396,26967,Case Closed,04-02-2023 18:00,
13397,26968,Case Closed,31-03-2023 03:00,
13398,26969,Case Closed,14-02-2023 17:00,
13399,26970,Case Closed,03-04-2024 04:00,
13400,26971,Case Closed,07-02-2023 02:00,
13401,26972,Case Closed,29-04-2023 23:00,
13402,26973,Case Closed,28-02-2023 14:00,
13403,26975,Case Closed,05-02-2023 10:00,
13404,26978,Case Closed,01-04-2023 18:00,
13405,26979,Case Closed,26-02-2023 18:00,
13406,26981,Case Closed,31-03-2023 09:00,
13407,26983,Case Closed,15-02-2023 01:00,
13408,26984,Case Closed,17-04-2023 06:00,
13409,26985,Case Closed,06-02-2023 01:00,
13410,26987,Case Closed,12-07-2024 05:00,
13411,26988,Case Closed,13-04-2023 04:00,
13412,26989,Case Closed,07-02-2023 02:00,
13413,26991,Case Closed,07-03-2023 12:00,
13414,26992,Case Closed,09-05-2023 13:00,
13415,26993,Case Closed,11-03-2023 20:00,
13416,26997,Case Closed,28-03-2023 03:00,
13417,26998,Case Closed,14-04-2023 14:00,
13418,26999,Case Closed,08-04-2023 00:00,
13419,27001,Case Closed,22-02-2023 04:00,
13420,27003,Case Closed,14-12-2023 06:00,
13421,27007,Case Closed,31-03-2023 12:00,
13422,27011,Case Closed,09-02-2023 21:00,
13423,27012,Case Closed,16-04-2023 17:00,
13424,27013,Case Closed,25-04-2023 05:00,
13425,27014,Case Closed,16-10-2023 14:00,
13426,27016,Case Closed,05-12-2023 08:00,
13427,27018,Case Closed,17-03-2023 23:00,
13428,27019,Case Closed,09-03-2023 02:00,
13429,27020,Case Closed,10-03-2023 16:00,
13430,27024,Case Closed,02-03-2023 15:00,
13431,27029,Case Closed,27-02-2023 14:00,
13432,27030,Case Closed,09-04-2023 04:00,
13433,27031,Case Closed,24-02-2023 19:00,
13434,27032,Case Closed,14-02-2023 10:00,
13435,27033,Case Closed,25-02-2023 11:00,
13436,27034,Case Closed,31-03-2023 02:00,
13437,27036,Case Closed,25-04-2023 13:00,
13438,27037,Case Closed,05-03-2023 03:00,
13439,27038,Case Closed,21-02-2023 03:00,
13440,27039,Case Closed,29-04-2023 07:00,
13441,27040,Case Closed,02-05-2023 00:00,
13442,27041,Case Closed,18-02-2023 10:00,
13443,27042,Case Closed,18-09-2024 03:00,
13444,27043,Case Closed,24-04-2023 22:00,
13445,27045,Case Closed,16-03-2023 07:00,
13446,27046,Case Closed,11-03-2023 04:00,
13447,27047,Case Closed,15-07-2023 23:00,
13448,27048,Case Closed,22-02-2023 01:00,
13449,27049,Case Closed,14-03-2023 20:00,
13450,27051,Case Closed,02-04-2023 19:00,
13451,27053,Case Closed,23-03-2023 21:00,
13452,27054,Case Closed,03-02-2023 19:00,
13453,27055,Case Closed,20-03-2023 02:00,
13454,27059,Case Closed,14-02-2023 00:00,
13455,27064,Case Closed,13-02-2024 08:00,
13456,27065,Case Closed,24-04-2023 07:00,
13457,27066,Case Closed,25-06-2023 01:00,
13458,27069,Case Closed,29-04-2023 10:00,
13459,27071,Case Closed,17-03-2023 08:00,
13460,27073,Case Closed,10-02-2023 21:00,
13461,27075,Case Closed,08-06-2024 16:00,
13462,27076,Case Closed,11-02-2023 05:00,
13463,27077,Case Closed,15-02-2023 22:00,
13464,27078,Case Closed,19-04-2023 23:00,
13465,27079,Case Closed,26-02-2023 05:00,
13466,27080,Case Closed,27-02-2023 16:00,
13467,27081,Case Closed,31-03-2023 06:00,
13468,27082,Case Closed,02-05-2023 06:00,
13469,27083,Case Closed,11-04-2023 09:00,
13470,27084,Case Closed,04-05-2023 13:00,
13471,27087,Case Closed,29-03-2023 07:00,
13472,27088,Case Closed,17-03-2023 23:00,
13473,27090,Case Closed,18-02-2023 03:00,
13474,27092,Case Closed,26-03-2023 21:00,
13475,27093,Case Closed,19-04-2023 04:00,
13476,27094,Case Closed,10-02-2023 10:00,
13477,27095,Case Closed,04-03-2023 19:00,
13478,27098,Case Closed,26-02-2023 23:00,
13479,27099,Case Closed,14-11-2023 14:00,
13480,27101,Case Closed,10-03-2023 02:00,
13481,27102,Case Closed,16-02-2023 07:00,
13482,27103,Case Closed,25-04-2023 04:00,
13483,27105,Case Closed,06-03-2023 21:00,
13484,27106,Case Closed,31-12-2023 10:00,
13485,27107,Case Closed,24-02-2023 14:00,
13486,27108,Case Closed,27-03-2023 08:00,
13487,27110,Case Closed,12-03-2023 14:00,
13488,27114,Case Closed,16-05-2023 16:00,
13489,27115,Case Closed,13-04-2023 20:00,
13490,27116,Case Closed,12-03-2023 00:00,
13491,27117,Case Closed,20-04-2023 21:00,
13492,27118,Case Closed,15-02-2023 15:00,
13493,27119,Case Closed,05-03-2023 05:00,
13494,27120,Case Closed,23-02-2023 22:00,
13495,27121,Case Closed,26-04-2023 23:00,
13496,27122,Case Closed,13-02-2023 07:00,
13497,27129,Case Closed,14-03-2023 15:00,
13498,27130,Case Closed,09-03-2023 09:00,
13499,27131,Case Closed,05-04-2023 13:00,
13500,27134,Case Closed,18-03-2023 23:00,
13501,27136,Case Closed,14-05-2023 02:00,
13502,27141,Case Closed,09-03-2023 07:00,
13503,27143,Case Closed,03-03-2023 22:00,
13504,27144,Case Closed,22-02-2023 08:00,
13505,27145,Case Closed,20-02-2023 18:00,
13506,27146,Case Closed,28-03-2023 05:00,
13507,27148,Case Closed,19-04-2023 09:00,
13508,27149,Case Closed,19-04-2023 18:00,
13509,27152,Case Closed,16-02-2023 14:00,
13510,27156,Case Closed,06-05-2023 21:00,
13511,27157,Case Closed,23-01-2025 16:00,
13512,27158,Case Closed,04-03-2023 20:00,
13513,27159,Case Closed,29-04-2023 09:00,
13514,27165,Case Closed,28-02-2023 00:00,
13515,27167,Case Closed,01-03-2023 19:00,
13516,27169,Case Closed,01-05-2023 22:00,
13517,27170,Case Closed,28-05-2023 06:00,
13518,27172,Case Closed,08-01-2024 08:00,
13519,27173,Case Closed,28-02-2023 20:00,
13520,27176,Case Closed,27-04-2023 13:00,
13521,27178,Case Closed,14-02-2023 13:00,
13522,27179,Case Closed,19-03-2023 23:00,
13523,27180,Case Closed,20-03-2023 09:00,
13524,27182,Case Closed,04-05-2023 23:00,
13525,27185,Case Closed,09-02-2023 16:00,
13526,27186,Case Closed,03-04-2023 12:00,
13527,27189,Case Closed,10-04-2023 20:00,
13528,27190,Case Closed,13-04-2023 03:00,
13529,27191,Case Closed,20-06-2024 11:00,
13530,27192,Case Closed,22-02-2023 07:00,
13531,27193,Case Closed,05-04-2023 07:00,
13532,27194,Case Closed,14-02-2023 15:00,
13533,27198,Case Closed,24-03-2023 20:00,
13534,27199,Case Closed,29-04-2023 21:00,
13535,27200,Case Closed,01-04-2023 20:00,
13536,27201,Case Closed,21-03-2023 00:00,
13537,27208,Case Closed,22-02-2023 23:00,
13538,27209,Case Closed,23-09-2024 07:00,
13539,27211,Case Closed,25-04-2023 03:00,
13540,27212,Case Closed,30-03-2023 19:00,
13541,27214,Case Closed,21-03-2023 08:00,
13542,27220,Case Closed,04-05-2023 18:00,
13543,27221,Case Closed,12-03-2023 08:00,
13544,27224,Case Closed,20-03-2023 17:00,
13545,27227,Case Closed,30-04-2023 09:00,
13546,27228,Case Closed,23-02-2023 18:00,
13547,27229,Case Closed,24-02-2023 09:00,
13548,27230,Case Closed,17-04-2023 05:00,
13549,27231,Case Closed,23-02-2023 15:00,
13550,27232,Case Closed,15-11-2023 19:00,
13551,27236,Case Closed,02-04-2023 23:00,
13552,27238,Case Closed,27-02-2023 19:00,
13553,27239,Case Closed,09-07-2023 18:00,
13554,27242,Case Closed,07-04-2023 14:00,
13555,27243,Case Closed,24-02-2023 04:00,
13556,27244,Case Closed,03-03-2023 01:00,
13557,27248,Case Closed,29-04-2023 23:00,
13558,27249,Case Closed,25-04-2023 16:00,
13559,27251,Case Closed,17-04-2023 15:00,
13560,27252,Case Closed,05-04-2023 06:00,
13561,27255,Case Closed,20-02-2023 16:00,
13562,27256,Case Closed,17-07-2024 02:00,
13563,27257,Case Closed,31-07-2023 14:00,
13564,27260,Case Closed,06-03-2023 15:00,
13565,27261,Case Closed,10-03-2023 13:00,
13566,27266,Case Closed,22-06-2023 20:00,
13567,27267,Case Closed,02-03-2023 01:00,
13568,27271,Case Closed,02-08-2023 19:00,
13569,27274,Case Closed,16-04-2023 07:00,
13570,27276,Case Closed,16-04-2023 01:00,
13571,27281,Case Closed,19-04-2023 06:00,
13572,27284,Case Closed,26-02-2023 21:00,
13573,27289,Case Closed,08-05-2023 23:00,
13574,27292,Case Closed,09-03-2023 12:00,
13575,27294,Case Closed,07-03-2023 02:00,
13576,27295,Case Closed,17-09-2023 19:00,
13577,27296,Case Closed,19-04-2023 11:00,
13578,27297,Case Closed,15-04-2023 20:00,
13579,27301,Case Closed,28-02-2023 18:00,
13580,27306,Case Closed,10-03-2023 20:00,
13581,27312,Case Closed,22-02-2023 21:00,
13582,27313,Case Closed,15-02-2023 19:00,
13583,27315,Case Closed,04-02-2024 00:00,
13584,27316,Case Closed,14-03-2023 13:00,
13585,27318,Case Closed,16-04-2023 17:00,
13586,27320,Case Closed,16-03-2023 17:00,
13587,27322,Case Closed,09-05-2023 00:00,
13588,27324,Case Closed,28-03-2023 03:00,
13589,27326,Case Closed,05-03-2023 22:00,
13590,27332,Case Closed,06-03-2023 11:00,
13591,27333,Case Closed,19-04-2023 18:00,
13592,27334,Case Closed,21-03-2023 03:00,
13593,27337,Case Closed,06-04-2023 14:00,
13594,27338,Case Closed,09-03-2023 10:00,
13595,27339,Case Closed,01-03-2023 12:00,
13596,27342,Case Closed,02-04-2024 00:00,
13597,27343,Case Closed,08-03-2023 19:00,
13598,27344,Case Closed,01-04-2023 00:00,
13599,27345,Case Closed,21-03-2023 14:00,
13600,27348,Case Closed,04-05-2023 16:00,
13601,27350,Case Closed,22-04-2024 08:00,
13602,27353,Case Closed,23-02-2023 23:00,
13603,27354,Case Closed,21-04-2023 18:00,
13604,27355,Case Closed,16-04-2023 11:00,
13605,27356,Case Closed,28-02-2023 08:00,
13606,27357,Case Closed,20-03-2023 13:00,
13607,27359,Case Closed,20-03-2023 23:00,
13608,27361,Case Closed,11-05-2023 22:00,
13609,27365,Case Closed,12-03-2023 00:00,
13610,27368,Case Closed,21-04-2023 14:00,
13611,27370,Case Closed,20-03-2023 17:00,
13612,27371,Case Closed,04-04-2023 22:00,
13613,27372,Case Closed,28-03-2023 17:00,
13614,27375,Case Closed,04-04-2023 00:00,
13615,27377,Case Closed,08-01-2024 15:00,
13616,27383,Case Closed,23-03-2023 08:00,
13617,27384,Case Closed,04-03-2023 13:00,
13618,27386,Case Closed,08-04-2023 12:00,
13619,27390,Case Closed,18-12-2024 19:00,
13620,27391,Case Closed,13-05-2023 00:00,
13621,27395,Case Closed,04-01-2025 08:00,
13622,27399,Case Closed,09-03-2023 07:00,
13623,27403,Case Closed,29-05-2024 19:00,
13624,27410,Case Closed,06-04-2023 15:00,
13625,27413,Case Closed,08-05-2023 23:00,
13626,27414,Case Closed,22-03-2023 03:00,
13627,27415,Case Closed,19-03-2023 02:00,
13628,27416,Case Closed,12-04-2023 17:00,
13629,27417,Case Closed,16-04-2023 16:00,
13630,27420,Case Closed,23-04-2023 01:00,
13631,27421,Case Closed,23-04-2023 11:00,
13632,27423,Case Closed,27-02-2023 13:00,
13633,27424,Case Closed,07-05-2023 00:00,
13634,27426,Case Closed,14-05-2023 19:00,
13635,27427,Case Closed,14-04-2023 14:00,
13636,27429,Case Closed,26-02-2023 17:00,
13637,27431,Case Closed,07-04-2023 23:00,
13638,27434,Case Closed,03-03-2023 16:00,
13639,27435,Case Closed,14-04-2023 10:00,
13640,27437,Case Closed,03-03-2023 11:00,
13641,27438,Case Closed,10-04-2023 02:00,
13642,27441,Case Closed,12-04-2023 21:00,
13643,27442,Case Closed,17-08-2023 23:00,
13644,27446,Case Closed,24-04-2023 13:00,
13645,27447,Case Closed,17-04-2023 00:00,
13646,27450,Case Closed,30-03-2023 07:00,
13647,27451,Case Closed,03-05-2023 09:00,
13648,27452,Case Closed,06-03-2023 14:00,
13649,27453,Case Closed,02-04-2023 21:00,
13650,27455,Case Closed,30-11-2024 08:00,
13651,27456,Case Closed,01-03-2023 18:00,
13652,27460,Case Closed,23-03-2023 04:00,
13653,27462,Case Closed,07-05-2023 00:00,
13654,27463,Case Closed,11-04-2023 18:00,
13655,27464,Case Closed,14-03-2023 16:00,
13656,27470,Case Closed,21-03-2023 08:00,
13657,27471,Case Closed,27-03-2023 00:00,
13658,27473,Case Closed,28-02-2023 03:00,
13659,27474,Case Closed,28-04-2023 09:00,
13660,27481,Case Closed,14-05-2023 02:00,
13661,27482,Case Closed,20-02-2024 11:00,
13662,27487,Case Closed,19-03-2023 18:00,
13663,27490,Case Closed,03-04-2023 05:00,
13664,27491,Case Closed,05-03-2023 11:00,
13665,27494,Case Closed,26-04-2023 20:00,
13666,27495,Case Closed,15-03-2023 05:00,
13667,27496,Case Closed,28-03-2023 19:00,
13668,27497,Case Closed,07-03-2023 07:00,
13669,27498,Case Closed,03-04-2023 10:00,
13670,27500,Case Closed,22-02-2023 06:00,
13671,27503,Case Closed,11-05-2023 03:00,
13672,27504,Case Closed,30-03-2024 16:00,
13673,27506,Case Closed,11-06-2024 23:00,
13674,27509,Case Closed,20-04-2023 10:00,
13675,27511,Case Closed,06-05-2023 22:00,
13676,27512,Case Closed,12-05-2023 14:00,
13677,27514,Case Closed,03-04-2023 01:00,
13678,27515,Case Closed,11-03-2023 19:00,
13679,27516,Case Closed,15-04-2023 18:00,
13680,27518,Case Closed,17-04-2023 05:00,
13681,27519,Case Closed,29-12-2024 20:00,
13682,27520,Case Closed,10-03-2023 16:00,
13683,27521,Case Closed,03-03-2023 06:00,
13684,27522,Case Closed,24-04-2023 13:00,
13685,27524,Case Closed,12-05-2023 13:00,
13686,27532,Case Closed,03-09-2024 17:00,
13687,27536,Case Closed,30-04-2023 01:00,
13688,27538,Case Closed,15-05-2023 16:00,
13689,27539,Case Closed,30-03-2023 21:00,
13690,27540,Case Closed,29-03-2023 04:00,
13691,27541,Case Closed,26-03-2023 09:00,
13692,27545,Case Closed,16-05-2023 05:00,
13693,27546,Case Closed,05-03-2023 00:00,
13694,27552,Case Closed,10-05-2023 11:00,
13695,27556,Case Closed,09-03-2023 00:00,
13696,27560,Case Closed,30-03-2024 00:00,
13697,27561,Case Closed,09-04-2023 23:00,
13698,27564,Case Closed,26-04-2023 09:00,
13699,27566,Case Closed,02-08-2023 20:00,
13700,27568,Case Closed,28-03-2023 03:00,
13701,27569,Case Closed,14-03-2023 17:00,
13702,27570,Case Closed,01-12-2024 14:00,
13703,27576,Case Closed,18-03-2023 07:00,
13704,27578,Case Closed,22-03-2023 00:00,
13705,27581,Case Closed,19-03-2023 04:00,
13706,27582,Case Closed,26-03-2023 05:00,
13707,27583,Case Closed,08-05-2023 09:00,
13708,27584,Case Closed,22-05-2023 04:00,
13709,27585,Case Closed,29-03-2023 02:00,
13710,27590,Case Closed,09-03-2023 11:00,
13711,27593,Case Closed,22-03-2023 18:00,
13712,27601,Case Closed,03-03-2023 21:00,
13713,27602,Case Closed,17-04-2023 22:00,
13714,27605,Case Closed,20-07-2023 03:00,
13715,27606,Case Closed,01-04-2023 06:00,
13716,27607,Case Closed,10-04-2023 12:00,
13717,27608,Case Closed,24-04-2023 00:00,
13718,27612,Case Closed,12-05-2023 01:00,
13719,27613,Case Closed,24-02-2024 05:00,
13720,27615,Case Closed,04-04-2023 15:00,
13721,27616,Case Closed,10-03-2023 18:00,
13722,27618,Case Closed,11-04-2023 12:00,
13723,27620,Case Closed,16-03-2024 00:00,
13724,27621,Case Closed,15-04-2023 07:00,
13725,27622,Case Closed,18-03-2023 13:00,
13726,27623,Case Closed,25-05-2023 15:00,
13727,27626,Case Closed,29-03-2023 04:00,
13728,27631,Case Closed,20-03-2023 06:00,
13729,27632,Case Closed,31-03-2023 21:00,
13730,27635,Case Closed,12-05-2023 01:00,
13731,27638,Case Closed,25-04-2023 04:00,
13732,27639,Case Closed,31-07-2023 14:00,
13733,27641,Case Closed,29-03-2023 23:00,
13734,27643,Case Closed,20-10-2024 19:00,
13735,27644,Case Closed,14-04-2023 06:00,
13736,27645,Case Closed,06-05-2023 15:00,
13737,27646,Case Closed,18-05-2023 09:00,
13738,27649,Case Closed,14-03-2023 04:00,
13739,27651,Case Closed,02-04-2023 06:00,
13740,27652,Case Closed,15-05-2023 14:00,
13741,27657,Case Closed,16-04-2023 19:00,
13742,27658,Case Closed,24-04-2023 18:00,
13743,27659,Case Closed,25-04-2023 23:00,
13744,27661,Case Closed,22-04-2023 21:00,
13745,27662,Case Closed,31-03-2023 21:00,
13746,27665,Case Closed,25-03-2023 10:00,
13747,27666,Case Closed,06-05-2023 16:00,
13748,27667,Case Closed,21-07-2023 20:00,
13749,27668,Case Closed,10-05-2023 11:00,
13750,27669,Case Closed,15-03-2023 07:00,
13751,27670,Case Closed,09-03-2023 23:00,
13752,27674,Case Closed,09-03-2023 21:00,
13753,27678,Case Closed,27-05-2023 13:00,
13754,27679,Case Closed,19-01-2024 14:00,
13755,27681,Case Closed,23-03-2023 22:00,
13756,27683,Case Closed,15-03-2023 13:00,
13757,27685,Case Closed,09-04-2024 07:00,
13758,27686,Case Closed,21-03-2023 12:00,
13759,27687,Case Closed,05-05-2023 18:00,
13760,27688,Case Closed,28-05-2023 08:00,
13761,27689,Case Closed,23-04-2023 20:00,
13762,27690,Case Closed,27-05-2023 18:00,
13763,27693,Case Closed,23-05-2023 23:00,
13764,27694,Case Closed,06-04-2023 01:00,
13765,27696,Case Closed,08-05-2023 10:00,
13766,27697,Case Closed,20-06-2023 01:00,
13767,27698,Case Closed,28-08-2024 03:00,
13768,27700,Case Closed,26-04-2023 18:00,
13769,27701,Case Closed,07-06-2024 14:00,
13770,27702,Case Closed,19-03-2023 11:00,
13771,27703,Case Closed,24-04-2023 06:00,
13772,27707,Case Closed,12-04-2023 10:00,
13773,27710,Case Closed,31-10-2023 15:00,
13774,27711,Case Closed,19-04-2023 06:00,
13775,27712,Case Closed,01-04-2023 13:00,
13776,27714,Case Closed,27-04-2023 03:00,
13777,27715,Case Closed,05-08-2023 04:00,
13778,27716,Case Closed,19-04-2023 00:00,
13779,27718,Case Closed,17-03-2023 09:00,
13780,27719,Case Closed,24-04-2023 09:00,
13781,27721,Case Closed,05-04-2023 12:00,
13782,27731,Case Closed,15-04-2023 14:00,
13783,27735,Case Closed,21-03-2023 08:00,
13784,27736,Case Closed,22-03-2023 01:00,
13785,27737,Case Closed,19-05-2023 01:00,
13786,27738,Case Closed,17-05-2023 14:00,
13787,27740,Case Closed,18-05-2023 11:00,
13788,27741,Case Closed,13-04-2023 07:00,
13789,27743,Case Closed,12-04-2023 01:00,
13790,27745,Case Closed,25-03-2023 20:00,
13791,27746,Case Closed,29-04-2023 14:00,
13792,27747,Case Closed,21-05-2023 02:00,
13793,27750,Case Closed,04-04-2023 20:00,
13794,27751,Case Closed,02-04-2023 12:00,
13795,27753,Case Closed,21-05-2023 08:00,
13796,27754,Case Closed,21-05-2023 04:00,
13797,27755,Case Closed,24-03-2023 08:00,
13798,27756,Case Closed,24-05-2023 11:00,
13799,27759,Case Closed,19-03-2023 09:00,
13800,27760,Case Closed,07-05-2023 17:00,
13801,27762,Case Closed,26-04-2023 03:00,
13802,27764,Case Closed,03-04-2023 05:00,
13803,27765,Case Closed,29-03-2023 02:00,
13804,27767,Case Closed,09-05-2023 07:00,
13805,27768,Case Closed,27-05-2023 13:00,
13806,27770,Case Closed,13-04-2023 08:00,
13807,27771,Case Closed,07-05-2023 08:00,
13808,27775,Case Closed,13-03-2023 15:00,
13809,27776,Case Closed,08-05-2023 19:00,
13810,27777,Case Closed,17-05-2023 05:00,
13811,27779,Case Closed,03-04-2023 13:00,
13812,27781,Case Closed,20-03-2023 12:00,
13813,27783,Case Closed,31-03-2023 02:00,
13814,27784,Case Closed,14-03-2023 11:00,
13815,27786,Case Closed,29-03-2023 23:00,
13816,27788,Case Closed,07-05-2023 20:00,
13817,27790,Case Closed,27-04-2023 17:00,
13818,27791,Case Closed,23-03-2023 11:00,
13819,27792,Case Closed,31-03-2023 17:00,
13820,27795,Case Closed,02-06-2023 23:00,
13821,27796,Case Closed,18-04-2023 23:00,
13822,27798,Case Closed,05-05-2023 06:00,
13823,27799,Case Closed,19-03-2023 19:00,
13824,27800,Case Closed,09-04-2023 14:00,
13825,27801,Case Closed,11-05-2023 22:00,
13826,27802,Case Closed,09-09-2024 14:00,
13827,27806,Case Closed,10-04-2023 02:00,
13828,27808,Case Closed,21-03-2023 20:00,
13829,27809,Case Closed,03-08-2023 06:00,
13830,27810,Case Closed,27-02-2025 20:00,
13831,27811,Case Closed,13-05-2023 19:00,
13832,27813,Case Closed,03-05-2024 11:00,
13833,27814,Case Closed,01-04-2023 19:00,
13834,27819,Case Closed,04-05-2023 07:00,
13835,27829,Case Closed,01-06-2023 03:00,
13836,27830,Case Closed,28-03-2023 23:00,
13837,27833,Case Closed,21-04-2023 18:00,
13838,27834,Case Closed,19-05-2023 10:00,
13839,27836,Case Closed,03-04-2023 23:00,
13840,27841,Case Closed,04-05-2023 13:00,
13841,27846,Case Closed,13-04-2023 00:00,
13842,27848,Case Closed,15-05-2023 02:00,
13843,27849,Case Closed,28-09-2024 04:00,
13844,27851,Case Closed,21-04-2023 01:00,
13845,27852,Case Closed,20-04-2023 06:00,
13846,27854,Case Closed,30-03-2023 03:00,
13847,27856,Case Closed,01-04-2023 02:00,
13848,27859,Case Closed,31-03-2023 03:00,
13849,27861,Case Closed,06-05-2023 00:00,
13850,27862,Case Closed,12-03-2023 15:00,
13851,27863,Case Closed,15-04-2023 08:00,
13852,27865,Case Closed,08-04-2023 07:00,
13853,27866,Case Closed,22-06-2023 23:00,
13854,27868,Case Closed,08-04-2023 13:00,
13855,27869,Case Closed,06-09-2024 14:00,
13856,27872,Case Closed,06-04-2023 16:00,
13857,27873,Case Closed,21-04-2023 17:00,
13858,27875,Case Closed,26-04-2023 07:00,
13859,27878,Case Closed,24-04-2023 23:00,
13860,27881,Case Closed,22-03-2023 05:00,
13861,27883,Case Closed,20-03-2023 20:00,
13862,27884,Case Closed,27-05-2023 10:00,
13863,27886,Case Closed,14-05-2023 13:00,
13864,27887,Case Closed,25-10-2023 05:00,
13865,27893,Case Closed,26-04-2023 11:00,
13866,27896,Case Closed,19-04-2023 17:00,
13867,27898,Case Closed,26-05-2023 03:00,
13868,27899,Case Closed,25-05-2023 12:00,
13869,27900,Case Closed,09-04-2023 11:00,
13870,27907,Case Closed,07-09-2024 14:00,
13871,27908,Case Closed,22-06-2023 04:00,
13872,27910,Case Closed,08-05-2023 12:00,
13873,27911,Case Closed,30-08-2023 10:00,
13874,27912,Case Closed,15-07-2023 05:00,
13875,27914,Case Closed,20-05-2023 03:00,
13876,27916,Case Closed,08-12-2024 21:00,
13877,27917,Case Closed,04-06-2023 02:00,
13878,27918,Case Closed,21-04-2023 08:00,
13879,27919,Case Closed,17-05-2023 12:00,
13880,27920,Case Closed,25-06-2023 16:00,
13881,27925,Case Closed,06-05-2023 23:00,
13882,27926,Case Closed,23-05-2023 12:00,
13883,27928,Case Closed,23-03-2023 06:00,
13884,27930,Case Closed,04-05-2023 21:00,
13885,27931,Case Closed,25-04-2023 04:00,
13886,27932,Case Closed,10-06-2023 06:00,
13887,27935,Case Closed,26-05-2023 20:00,
13888,27936,Case Closed,01-06-2023 11:00,
13889,27937,Case Closed,26-04-2023 18:00,
13890,27938,Case Closed,12-06-2023 10:00,
13891,27941,Case Closed,18-03-2023 05:00,
13892,27942,Case Closed,24-05-2023 11:00,
13893,27943,Case Closed,25-03-2023 14:00,
13894,27944,Case Closed,05-05-2023 19:00,
13895,27945,Case Closed,30-03-2023 04:00,
13896,27947,Case Closed,19-11-2023 12:00,
13897,27948,Case Closed,17-04-2023 15:00,
13898,27950,Case Closed,01-04-2023 19:00,
13899,27951,Case Closed,10-04-2023 01:00,
13900,27953,Case Closed,22-03-2023 22:00,
13901,27954,Case Closed,06-05-2023 02:00,
13902,27956,Case Closed,08-05-2023 22:00,
13903,27959,Case Closed,17-09-2023 17:00,
13904,27962,Case Closed,10-05-2023 16:00,
13905,27963,Case Closed,12-04-2023 01:00,
13906,27967,Case Closed,22-03-2023 10:00,
13907,27969,Case Closed,01-06-2023 13:00,
13908,27970,Case Closed,03-04-2023 02:00,
13909,27972,Case Closed,15-04-2023 16:00,
13910,27973,Case Closed,13-06-2023 17:00,
13911,27976,Case Closed,24-04-2023 06:00,
13912,27977,Case Closed,22-12-2023 03:00,
13913,27979,Case Closed,16-05-2023 07:00,
13914,27982,Case Closed,24-03-2023 22:00,
13915,27983,Case Closed,07-05-2023 10:00,
13916,27985,Case Closed,16-05-2023 11:00,
13917,27992,Case Closed,01-06-2023 22:00,
13918,27994,Case Closed,10-04-2023 04:00,
13919,27997,Case Closed,28-03-2023 12:00,
13920,27998,Case Closed,16-07-2023 15:00,
13921,28004,Case Closed,24-05-2023 19:00,
13922,28006,Case Closed,02-07-2023 21:00,
13923,28017,Case Closed,22-04-2023 00:00,
13924,28018,Case Closed,30-03-2023 13:00,
13925,28021,Case Closed,10-05-2023 03:00,
13926,28023,Case Closed,08-06-2023 19:00,
13927,28024,Case Closed,26-03-2023 10:00,
13928,28026,Case Closed,23-04-2023 14:00,
13929,28028,Case Closed,11-07-2023 20:00,
13930,28029,Case Closed,06-05-2023 02:00,
13931,28030,Case Closed,12-04-2023 17:00,
13932,28032,Case Closed,25-11-2023 09:00,
13933,28033,Case Closed,28-03-2023 09:00,
13934,28034,Case Closed,05-05-2023 23:00,
13935,28035,Case Closed,01-05-2023 06:00,
13936,28036,Case Closed,23-03-2023 13:00,
13937,28037,Case Closed,28-04-2023 21:00,
13938,28039,Case Closed,31-05-2023 07:00,
13939,28042,Case Closed,01-04-2023 10:00,
13940,28043,Case Closed,07-04-2023 21:00,
13941,28044,Case Closed,28-05-2023 07:00,
13942,28045,Case Closed,19-05-2023 09:00,
13943,28046,Case Closed,30-05-2023 02:00,
13944,28047,Case Closed,24-05-2023 06:00,
13945,28048,Case Closed,12-04-2023 04:00,
13946,28049,Case Closed,24-01-2025 17:00,
13947,28052,Case Closed,20-03-2023 06:00,
13948,28053,Case Closed,09-05-2023 06:00,
13949,28056,Case Closed,05-04-2023 09:00,
13950,28057,Case Closed,27-07-2023 09:00,
13951,28058,Case Closed,29-06-2024 09:00,
13952,28062,Case Closed,23-03-2023 21:00,
13953,28063,Case Closed,07-06-2023 14:00,
13954,28064,Case Closed,17-05-2023 19:00,
13955,28067,Case Closed,22-02-2024 15:00,
13956,28070,Case Closed,28-08-2023 18:00,
13957,28073,Case Closed,15-06-2023 13:00,
13958,28075,Case Closed,22-02-2024 21:00,
13959,28077,Case Closed,20-07-2023 13:00,
13960,28079,Case Closed,17-05-2023 09:00,
13961,28082,Case Closed,31-05-2023 14:00,
13962,28084,Case Closed,26-03-2023 19:00,
13963,28090,Case Closed,31-05-2023 22:00,
13964,28091,Case Closed,06-04-2023 10:00,
13965,28094,Case Closed,29-11-2023 04:00,
13966,28095,Case Closed,25-05-2023 11:00,
13967,28097,Case Closed,28-04-2023 05:00,
13968,28098,Case Closed,14-05-2023 09:00,
13969,28099,Case Closed,26-04-2023 13:00,
13970,28100,Case Closed,20-04-2023 09:00,
13971,28104,Case Closed,24-04-2023 14:00,
13972,28106,Case Closed,26-04-2023 00:00,
13973,28107,Case Closed,21-04-2023 16:00,
13974,28110,Case Closed,29-05-2023 00:00,
13975,28112,Case Closed,30-04-2023 00:00,
13976,28113,Case Closed,03-05-2023 06:00,
13977,28115,Case Closed,09-04-2023 20:00,
13978,28117,Case Closed,16-04-2023 01:00,
13979,28118,Case Closed,28-06-2023 00:00,
13980,28119,Case Closed,26-03-2023 15:00,
13981,28120,Case Closed,27-04-2023 18:00,
13982,28121,Case Closed,08-05-2023 04:00,
13983,28122,Case Closed,26-05-2023 17:00,
13984,28123,Case Closed,24-05-2023 01:00,
13985,28125,Case Closed,02-12-2024 16:00,
13986,28126,Case Closed,09-05-2023 09:00,
13987,28127,Case Closed,03-08-2023 16:00,
13988,28129,Case Closed,16-04-2023 10:00,
13989,28132,Case Closed,24-02-2024 14:00,
13990,28133,Case Closed,03-05-2023 07:00,
13991,28134,Case Closed,02-06-2023 12:00,
13992,28135,Case Closed,05-04-2023 22:00,
13993,28139,Case Closed,15-06-2023 05:00,
13994,28140,Case Closed,10-06-2024 15:00,
13995,28143,Case Closed,11-05-2023 17:00,
13996,28144,Case Closed,30-03-2023 17:00,
13997,28146,Case Closed,16-05-2023 04:00,
13998,28151,Case Closed,09-02-2025 11:00,
13999,28152,Case Closed,09-05-2023 20:00,
14000,28154,Case Closed,16-06-2023 12:00,
14001,28156,Case Closed,13-05-2023 12:00,
14002,28162,Case Closed,17-05-2023 22:00,
14003,28163,Case Closed,26-04-2023 20:00,
14004,28167,Case Closed,20-04-2023 05:00,
14005,28168,Case Closed,19-05-2023 17:00,
14006,28172,Case Closed,11-06-2023 21:00,
14007,28177,Case Closed,20-04-2023 23:00,
14008,28178,Case Closed,13-05-2023 00:00,
14009,28179,Case Closed,10-04-2023 05:00,
14010,28183,Case Closed,18-03-2025 19:00,
14011,28185,Case Closed,15-04-2023 19:00,
14012,28188,Case Closed,01-06-2023 10:00,
14013,28189,Case Closed,09-04-2023 21:00,
14014,28192,Case Closed,31-03-2023 22:00,
14015,28193,Case Closed,25-05-2023 10:00,
14016,28194,Case Closed,03-08-2023 13:00,
14017,28195,Case Closed,08-05-2023 23:00,
14018,28196,Case Closed,12-05-2023 21:00,
14019,28197,Case Closed,08-09-2023 16:00,
14020,28198,Case Closed,24-04-2023 15:00,
14021,28199,Case Closed,03-11-2023 14:00,
14022,28203,Case Closed,05-05-2023 14:00,
14023,28204,Case Closed,08-06-2023 19:00,
14024,28205,Case Closed,07-04-2023 11:00,
14025,28207,Case Closed,26-04-2023 06:00,
14026,28208,Case Closed,23-05-2023 07:00,
14027,28210,Case Closed,05-10-2024 16:00,
14028,28213,Case Closed,25-05-2023 08:00,
14029,28214,Case Closed,09-04-2023 06:00,
14030,28215,Case Closed,24-05-2023 06:00,
14031,28221,Case Closed,07-08-2023 10:00,
14032,28222,Case Closed,02-06-2023 07:00,
14033,28224,Case Closed,25-05-2023 01:00,
14034,28225,Case Closed,09-06-2023 01:00,
14035,28227,Case Closed,02-09-2023 12:00,
14036,28229,Case Closed,01-11-2023 14:00,
14037,28230,Case Closed,17-04-2023 12:00,
14038,28232,Case Closed,29-05-2023 01:00,
14039,28233,Case Closed,06-07-2024 01:00,
14040,28234,Case Closed,15-12-2023 09:00,
14041,28236,Case Closed,21-05-2023 10:00,
14042,28239,Case Closed,03-04-2023 11:00,
14043,28240,Case Closed,04-04-2023 05:00,
14044,28243,Case Closed,11-04-2023 17:00,
14045,28244,Case Closed,04-05-2023 11:00,
14046,28245,Case Closed,01-05-2023 00:00,
14047,28246,Case Closed,06-04-2023 19:00,
14048,28247,Case Closed,07-05-2023 02:00,
14049,28248,Case Closed,29-07-2024 00:00,
14050,28249,Case Closed,03-05-2023 16:00,
14051,28251,Case Closed,08-04-2023 05:00,
14052,28252,Case Closed,19-04-2023 05:00,
14053,28254,Case Closed,14-05-2023 03:00,
14054,28255,Case Closed,24-11-2024 09:00,
14055,28257,Case Closed,03-04-2023 17:00,
14056,28258,Case Closed,17-07-2023 04:00,
14057,28259,Case Closed,27-05-2023 15:00,
14058,28262,Case Closed,22-05-2023 14:00,
14059,28264,Case Closed,13-05-2023 03:00,
14060,28265,Case Closed,10-04-2023 13:00,
14061,28267,Case Closed,20-04-2023 00:00,
14062,28268,Case Closed,11-05-2023 02:00,
14063,28271,Case Closed,30-04-2023 05:00,
14064,28272,Case Closed,18-04-2023 01:00,
14065,28273,Case Closed,17-04-2023 12:00,
14066,28275,Case Closed,20-05-2023 12:00,
14067,28276,Case Closed,03-05-2023 18:00,
14068,28279,Case Closed,26-04-2023 19:00,
14069,28281,Case Closed,26-05-2023 20:00,
14070,28284,Case Closed,03-05-2023 10:00,
14071,28286,Case Closed,29-05-2023 07:00,
14072,28287,Case Closed,08-04-2023 13:00,
14073,28288,Case Closed,19-11-2024 03:00,
14074,28289,Case Closed,26-04-2023 12:00,
14075,28291,Case Closed,01-01-2024 07:00,
14076,28294,Case Closed,17-05-2023 18:00,
14077,28297,Case Closed,02-04-2023 06:00,
14078,28298,Case Closed,01-05-2023 19:00,
14079,28303,Case Closed,04-04-2023 06:00,
14080,28306,Case Closed,10-04-2023 08:00,
14081,28307,Case Closed,14-05-2023 11:00,
14082,28308,Case Closed,01-06-2023 03:00,
14083,28310,Case Closed,21-05-2023 22:00,
14084,28312,Case Closed,13-05-2023 11:00,
14085,28314,Case Closed,04-04-2023 14:00,
14086,28318,Case Closed,24-04-2023 22:00,
14087,28319,Case Closed,10-03-2024 21:00,
14088,28321,Case Closed,17-04-2023 11:00,
14089,28323,Case Closed,22-07-2023 21:00,
14090,28324,Case Closed,18-04-2023 00:00,
14091,28325,Case Closed,11-04-2023 17:00,
14092,28326,Case Closed,21-04-2023 19:00,
14093,28329,Case Closed,25-04-2023 20:00,
14094,28331,Case Closed,08-04-2023 08:00,
14095,28332,Case Closed,19-04-2023 03:00,
14096,28333,Case Closed,07-05-2023 16:00,
14097,28334,Case Closed,08-04-2023 18:00,
14098,28339,Case Closed,26-06-2023 00:00,
14099,28341,Case Closed,31-05-2023 01:00,
14100,28342,Case Closed,23-05-2023 20:00,
14101,28343,Case Closed,08-05-2023 16:00,
14102,28344,Case Closed,25-04-2023 20:00,
14103,28345,Case Closed,25-06-2023 05:00,
14104,28350,Case Closed,06-06-2023 20:00,
14105,28352,Case Closed,02-06-2023 21:00,
14106,28354,Case Closed,07-05-2023 23:00,
14107,28355,Case Closed,04-05-2023 10:00,
14108,28356,Case Closed,27-06-2023 04:00,
14109,28359,Case Closed,31-03-2023 14:00,
14110,28361,Case Closed,30-05-2023 17:00,
14111,28362,Case Closed,28-04-2023 18:00,
14112,28363,Case Closed,31-05-2023 05:00,
14113,28364,Case Closed,23-06-2023 20:00,
14114,28366,Case Closed,26-05-2023 18:00,
14115,28368,Case Closed,19-04-2023 22:00,
14116,28377,Case Closed,21-05-2023 09:00,
14117,28378,Case Closed,20-05-2023 17:00,
14118,28380,Case Closed,30-05-2023 13:00,
14119,28381,Case Closed,04-06-2023 01:00,
14120,28383,Case Closed,24-05-2023 20:00,
14121,28384,Case Closed,18-02-2025 06:00,
14122,28385,Case Closed,26-06-2023 03:00,
14123,28386,Case Closed,15-04-2023 01:00,
14124,28388,Case Closed,21-04-2023 14:00,
14125,28390,Case Closed,15-05-2023 15:00,
14126,28391,Case Closed,17-04-2023 19:00,
14127,28395,Case Closed,17-06-2023 19:00,
14128,28396,Case Closed,29-04-2023 02:00,
14129,28397,Case Closed,27-04-2023 13:00,
14130,28399,Case Closed,31-05-2023 10:00,
14131,28401,Case Closed,21-05-2023 01:00,
14132,28403,Case Closed,04-06-2023 06:00,
14133,28404,Case Closed,19-06-2023 23:00,
14134,28406,Case Closed,14-05-2023 18:00,
14135,28410,Case Closed,17-05-2023 09:00,
14136,28412,Case Closed,24-06-2023 03:00,
14137,28414,Case Closed,11-06-2023 10:00,
14138,28415,Case Closed,16-07-2023 07:00,
14139,28416,Case Closed,01-06-2023 20:00,
14140,28421,Case Closed,07-06-2023 22:00,
14141,28422,Case Closed,21-04-2023 23:00,
14142,28425,Case Closed,14-04-2023 23:00,
14143,28426,Case Closed,05-05-2023 05:00,
14144,28427,Case Closed,31-05-2023 09:00,
14145,28428,Case Closed,05-06-2023 13:00,
14146,28429,Case Closed,29-04-2023 14:00,
14147,28431,Case Closed,15-06-2023 17:00,
14148,28432,Case Closed,19-05-2023 12:00,
14149,28433,Case Closed,17-06-2023 00:00,
14150,28436,Case Closed,11-06-2023 06:00,
14151,28438,Case Closed,23-04-2023 12:00,
14152,28442,Case Closed,21-05-2023 00:00,
14153,28445,Case Closed,12-06-2023 22:00,
14154,28446,Case Closed,20-05-2023 03:00,
14155,28448,Case Closed,04-07-2023 23:00,
14156,28452,Case Closed,16-04-2023 11:00,
14157,28453,Case Closed,18-04-2023 04:00,
14158,28454,Case Closed,17-04-2023 02:00,
14159,28456,Case Closed,17-05-2023 21:00,
14160,28462,Case Closed,22-05-2023 06:00,
14161,28463,Case Closed,19-05-2023 14:00,
14162,28466,Case Closed,31-05-2023 23:00,
14163,28470,Case Closed,17-04-2023 18:00,
14164,28471,Case Closed,24-03-2024 16:00,
14165,28473,Case Closed,30-04-2023 18:00,
14166,28475,Case Closed,23-05-2023 12:00,
14167,28478,Case Closed,29-06-2023 00:00,
14168,28479,Case Closed,27-05-2023 01:00,
14169,28481,Case Closed,20-05-2023 20:00,
14170,28482,Case Closed,15-06-2023 12:00,
14171,28485,Case Closed,03-06-2024 20:00,
14172,28487,Case Closed,07-09-2023 15:00,
14173,28491,Case Closed,22-09-2023 02:00,
14174,28492,Case Closed,27-06-2023 02:00,
14175,28493,Case Closed,27-04-2023 17:00,
14176,28494,Case Closed,01-07-2023 01:00,
14177,28496,Case Closed,23-05-2023 15:00,
14178,28499,Case Closed,18-06-2023 13:00,
14179,28500,Case Closed,31-01-2024 14:00,
14180,28501,Case Closed,10-08-2023 17:00,
14181,28502,Case Closed,29-05-2023 10:00,
14182,28504,Case Closed,14-07-2024 03:00,
14183,28505,Case Closed,22-04-2023 06:00,
14184,28506,Case Closed,12-04-2023 05:00,
14185,28507,Case Closed,04-05-2023 23:00,
14186,28509,Case Closed,21-05-2023 13:00,
14187,28510,Case Closed,16-05-2023 02:00,
14188,28511,Case Closed,23-06-2023 03:00,
14189,28512,Case Closed,27-04-2023 19:00,
14190,28515,Case Closed,24-04-2023 20:00,
14191,28518,Case Closed,10-06-2023 17:00,
14192,28519,Case Closed,08-05-2023 21:00,
14193,28520,Case Closed,22-01-2025 01:00,
14194,28521,Case Closed,17-04-2023 13:00,
14195,28522,Case Closed,06-05-2023 19:00,
14196,28523,Case Closed,18-05-2023 18:00,
14197,28524,Case Closed,11-06-2023 05:00,
14198,28525,Case Closed,19-09-2023 23:00,
14199,28526,Case Closed,10-04-2023 15:00,
14200,28527,Case Closed,29-05-2023 01:00,
14201,28528,Case Closed,23-06-2023 06:00,
14202,28530,Case Closed,18-04-2023 22:00,
14203,28534,Case Closed,06-05-2023 21:00,
14204,28536,Case Closed,30-06-2023 10:00,
14205,28537,Case Closed,09-05-2023 20:00,
14206,28539,Case Closed,22-05-2023 19:00,
14207,28541,Case Closed,30-06-2023 03:00,
14208,28543,Case Closed,26-06-2023 20:00,
14209,28544,Case Closed,26-06-2023 23:00,
14210,28545,Case Closed,28-04-2023 21:00,
14211,28546,Case Closed,26-06-2023 01:00,
14212,28549,Case Closed,25-07-2023 13:00,
14213,28550,Case Closed,29-04-2023 22:00,
14214,28553,Case Closed,20-05-2023 11:00,
14215,28555,Case Closed,22-04-2023 07:00,
14216,28559,Case Closed,06-06-2023 04:00,
14217,28560,Case Closed,08-05-2023 03:00,
14218,28561,Case Closed,08-06-2023 06:00,
14219,28565,Case Closed,09-06-2023 11:00,
14220,28566,Case Closed,17-04-2023 05:00,
14221,28569,Case Closed,28-09-2024 07:00,
14222,28573,Case Closed,27-05-2023 08:00,
14223,28578,Case Closed,05-07-2023 10:00,
14224,28579,Case Closed,23-05-2023 13:00,
14225,28586,Case Closed,10-06-2023 14:00,
14226,28587,Case Closed,17-04-2023 14:00,
14227,28588,Case Closed,01-05-2023 16:00,
14228,28590,Case Closed,15-06-2023 12:00,
14229,28591,Case Closed,31-05-2023 17:00,
14230,28592,Case Closed,31-12-2024 22:00,
14231,28595,Case Closed,24-04-2023 22:00,
14232,28598,Case Closed,14-05-2023 16:00,
14233,28599,Case Closed,15-05-2023 10:00,
14234,28603,Case Closed,03-05-2023 06:00,
14235,28604,Case Closed,12-05-2023 09:00,
14236,28606,Case Closed,05-06-2023 13:00,
14237,28608,Case Closed,23-06-2023 15:00,
14238,28611,Case Closed,01-05-2023 10:00,
14239,28612,Case Closed,08-05-2023 09:00,
14240,28613,Case Closed,30-04-2023 07:00,
14241,28614,Case Closed,06-05-2023 09:00,
14242,28616,Case Closed,03-07-2023 19:00,
14243,28617,Case Closed,24-06-2023 13:00,
14244,28619,Case Closed,31-07-2024 14:00,
14245,28620,Case Closed,07-05-2023 03:00,
14246,28621,Case Closed,18-04-2023 05:00,
14247,28629,Case Closed,04-06-2023 11:00,
14248,28630,Case Closed,20-04-2023 15:00,
14249,28633,Case Closed,05-05-2023 14:00,
14250,28634,Case Closed,24-07-2023 04:00,
14251,28636,Case Closed,17-06-2023 09:00,
14252,28641,Case Closed,12-05-2023 00:00,
14253,28643,Case Closed,30-04-2023 22:00,
14254,28645,Case Closed,01-06-2023 18:00,
14255,28650,Case Closed,01-06-2023 08:00,
14256,28651,Case Closed,22-06-2023 00:00,
14257,28652,Case Closed,23-03-2024 17:00,
14258,28656,Case Closed,18-06-2023 22:00,
14259,28658,Case Closed,16-05-2023 21:00,
14260,28660,Case Closed,27-06-2023 17:00,
14261,28661,Case Closed,31-05-2023 02:00,
14262,28664,Case Closed,13-06-2024 11:00,
14263,28665,Case Closed,29-01-2025 00:00,
14264,28667,Case Closed,16-05-2023 14:00,
14265,28675,Case Closed,23-06-2023 01:00,
14266,28679,Case Closed,09-06-2023 13:00,
14267,28680,Case Closed,30-05-2023 15:00,
14268,28683,Case Closed,05-06-2023 02:00,
14269,28685,Case Closed,22-05-2023 11:00,
14270,28688,Case Closed,28-06-2023 00:00,
14271,28689,Case Closed,28-04-2023 16:00,
14272,28692,Case Closed,04-07-2023 09:00,
14273,28693,Case Closed,06-07-2023 07:00,
14274,28696,Case Closed,29-04-2023 14:00,
14275,28701,Case Closed,09-07-2023 01:00,
14276,28703,Case Closed,08-06-2023 12:00,
14277,28711,Case Closed,27-06-2023 09:00,
14278,28714,Case Closed,25-04-2023 18:00,
14279,28718,Case Closed,10-05-2023 03:00,
14280,28719,Case Closed,15-04-2023 08:00,
14281,28720,Case Closed,20-05-2023 08:00,
14282,28723,Case Closed,28-06-2023 22:00,
14283,28725,Case Closed,02-05-2023 02:00,
14284,28726,Case Closed,18-05-2023 14:00,
14285,28727,Case Closed,13-05-2023 14:00,
14286,28728,Case Closed,23-04-2024 03:00,
14287,28730,Case Closed,19-05-2023 10:00,
14288,28732,Case Closed,18-05-2023 01:00,
14289,28734,Case Closed,13-06-2023 04:00,
14290,28736,Case Closed,05-07-2023 18:00,
14291,28737,Case Closed,09-07-2023 23:00,
14292,28747,Case Closed,19-04-2023 21:00,
14293,28748,Case Closed,14-05-2023 20:00,
14294,28750,Case Closed,12-05-2023 12:00,
14295,28751,Case Closed,30-12-2024 09:00,
14296,28754,Case Closed,05-06-2023 21:00,
14297,28756,Case Closed,08-12-2024 13:00,
14298,28757,Case Closed,28-04-2023 09:00,
14299,28758,Case Closed,27-04-2023 23:00,
14300,28759,Case Closed,12-07-2023 00:00,
14301,28760,Case Closed,10-09-2023 22:00,
14302,28761,Case Closed,25-09-2023 11:00,
14303,28762,Case Closed,20-04-2023 12:00,
14304,28763,Case Closed,17-06-2023 04:00,
14305,28764,Case Closed,26-06-2023 08:00,
14306,28765,Case Closed,07-05-2023 18:00,
14307,28769,Case Closed,20-06-2023 19:00,
14308,28771,Case Closed,27-06-2023 13:00,
14309,28779,Case Closed,05-07-2023 10:00,
14310,28780,Case Closed,26-06-2023 19:00,
14311,28783,Case Closed,20-04-2023 10:00,
14312,28784,Case Closed,01-05-2023 13:00,
14313,28786,Case Closed,16-05-2023 03:00,
14314,28787,Case Closed,12-06-2024 01:00,
14315,28789,Case Closed,22-12-2024 17:00,
14316,28790,Case Closed,27-04-2023 00:00,
14317,28793,Case Closed,08-06-2023 04:00,
14318,28795,Case Closed,26-06-2023 17:00,
14319,28797,Case Closed,20-08-2023 05:00,
14320,28798,Case Closed,19-06-2023 09:00,
14321,28800,Case Closed,25-07-2023 02:00,
14322,28801,Case Closed,09-06-2023 10:00,
14323,28802,Case Closed,12-05-2023 20:00,
14324,28803,Case Closed,21-11-2023 13:00,
14325,28805,Case Closed,25-04-2023 03:00,
14326,28807,Case Closed,11-07-2023 21:00,
14327,28810,Case Closed,10-05-2023 01:00,
14328,28811,Case Closed,13-06-2023 08:00,
14329,28812,Case Closed,28-04-2023 19:00,
14330,28817,Case Closed,15-05-2023 05:00,
14331,28819,Case Closed,01-08-2023 23:00,
14332,28820,Case Closed,15-05-2023 03:00,
14333,28821,Case Closed,05-05-2023 00:00,
14334,28822,Case Closed,11-05-2023 19:00,
14335,28823,Case Closed,26-05-2023 13:00,
14336,28824,Case Closed,20-05-2023 11:00,
14337,28826,Case Closed,18-05-2023 04:00,
14338,28829,Case Closed,05-07-2023 19:00,
14339,28831,Case Closed,12-07-2023 13:00,
14340,28832,Case Closed,04-07-2023 18:00,
14341,28833,Case Closed,13-06-2023 17:00,
14342,28834,Case Closed,27-06-2023 23:00,
14343,28835,Case Closed,27-04-2023 17:00,
14344,28836,Case Closed,18-06-2023 08:00,
14345,28837,Case Closed,03-05-2023 18:00,
14346,28838,Case Closed,16-05-2023 14:00,
14347,28843,Case Closed,27-05-2023 15:00,
14348,28844,Case Closed,16-06-2023 10:00,
14349,28846,Case Closed,24-06-2023 14:00,
14350,28849,Case Closed,13-07-2023 15:00,
14351,28851,Case Closed,03-05-2023 04:00,
14352,28853,Case Closed,22-06-2023 02:00,
14353,28854,Case Closed,30-04-2023 08:00,
14354,28857,Case Closed,07-06-2023 05:00,
14355,28858,Case Closed,27-05-2023 04:00,
14356,28861,Case Closed,21-03-2024 18:00,
14357,28862,Case Closed,19-06-2023 08:00,
14358,28865,Case Closed,22-10-2024 04:00,
14359,28866,Case Closed,20-06-2023 22:00,
14360,28867,Case Closed,11-12-2024 11:00,
14361,28869,Case Closed,30-05-2023 23:00,
14362,28870,Case Closed,28-04-2023 15:00,
14363,28871,Case Closed,05-06-2023 04:00,
14364,28872,Case Closed,06-07-2023 18:00,
14365,28876,Case Closed,14-07-2023 14:00,
14366,28877,Case Closed,27-02-2024 12:00,
14367,28879,Case Closed,09-05-2023 10:00,
14368,28880,Case Closed,24-05-2023 11:00,
14369,28882,Case Closed,11-07-2023 22:00,
14370,28884,Case Closed,27-06-2023 11:00,
14371,28885,Case Closed,07-07-2023 16:00,
14372,28886,Case Closed,15-05-2023 06:00,
14373,28888,Case Closed,28-05-2023 06:00,
14374,28889,Case Closed,07-05-2023 12:00,
14375,28890,Case Closed,09-05-2023 01:00,
14376,28892,Case Closed,23-05-2023 12:00,
14377,28894,Case Closed,16-05-2023 08:00,
14378,28896,Case Closed,02-06-2023 12:00,
14379,28898,Case Closed,20-06-2023 08:00,
14380,28899,Case Closed,12-10-2023 03:00,
14381,28903,Case Closed,04-06-2023 04:00,
14382,28904,Case Closed,20-05-2023 17:00,
14383,28905,Case Closed,19-06-2023 13:00,
14384,28908,Case Closed,28-05-2023 08:00,
14385,28909,Case Closed,15-05-2023 11:00,
14386,28915,Case Closed,06-07-2023 21:00,
14387,28917,Case Closed,13-07-2023 15:00,
14388,28919,Case Closed,23-06-2023 19:00,
14389,28920,Case Closed,25-04-2023 11:00,
14390,28922,Case Closed,08-07-2023 07:00,
14391,28926,Case Closed,18-09-2023 11:00,
14392,28929,Case Closed,28-04-2023 11:00,
14393,28933,Case Closed,11-06-2023 22:00,
14394,28934,Case Closed,04-07-2023 14:00,
14395,28935,Case Closed,27-05-2023 22:00,
14396,28937,Case Closed,22-06-2023 17:00,
14397,28939,Case Closed,07-07-2023 06:00,
14398,28942,Case Closed,15-05-2023 15:00,
14399,28943,Case Closed,29-06-2023 13:00,
14400,28946,Case Closed,05-07-2023 14:00,
14401,28951,Case Closed,06-10-2023 22:00,
14402,28953,Case Closed,23-05-2023 06:00,
14403,28955,Case Closed,08-06-2023 00:00,
14404,28956,Case Closed,16-05-2023 00:00,
14405,28957,Case Closed,14-10-2023 00:00,
14406,28958,Case Closed,05-05-2023 21:00,
14407,28962,Case Closed,06-07-2023 23:00,
14408,28963,Case Closed,06-07-2023 03:00,
14409,28969,Case Closed,22-05-2023 04:00,
14410,28971,Case Closed,02-07-2023 03:00,
14411,28973,Case Closed,15-07-2023 19:00,
14412,28974,Case Closed,12-05-2023 08:00,
14413,28976,Case Closed,06-10-2023 13:00,
14414,28977,Case Closed,08-07-2023 18:00,
14415,28981,Case Closed,05-06-2023 21:00,
14416,28982,Case Closed,10-01-2025 02:00,
14417,28983,Case Closed,22-05-2023 16:00,
14418,28984,Case Closed,30-05-2023 22:00,
14419,28986,Case Closed,21-05-2023 08:00,
14420,28987,Case Closed,18-05-2023 01:00,
14421,28988,Case Closed,08-07-2023 22:00,
14422,28989,Case Closed,17-05-2023 15:00,
14423,28990,Case Closed,24-08-2023 15:00,
14424,28992,Case Closed,22-05-2023 01:00,
14425,28993,Case Closed,01-05-2023 17:00,
14426,28994,Case Closed,20-05-2023 07:00,
14427,28996,Case Closed,12-05-2023 14:00,
14428,28998,Case Closed,20-05-2023 09:00,
14429,29000,Case Closed,04-05-2023 07:00,
14430,29004,Case Closed,20-10-2023 01:00,
14431,29006,Case Closed,01-07-2023 02:00,
14432,29007,Case Closed,16-06-2023 07:00,
14433,29008,Case Closed,18-05-2023 10:00,
14434,29009,Case Closed,28-05-2023 03:00,
14435,29014,Case Closed,27-06-2023 20:00,
14436,29017,Case Closed,05-05-2023 14:00,
14437,29019,Case Closed,20-10-2023 21:00,
14438,29020,Case Closed,11-09-2023 04:00,
14439,29022,Case Closed,14-07-2023 19:00,
14440,29023,Case Closed,05-06-2023 02:00,
14441,29025,Case Closed,11-06-2023 22:00,
14442,29026,Case Closed,16-05-2023 07:00,
14443,29028,Case Closed,15-07-2023 00:00,
14444,29029,Case Closed,26-05-2023 02:00,
14445,29035,Case Closed,05-07-2023 03:00,
14446,29038,Case Closed,30-06-2023 05:00,
14447,29039,Case Closed,07-10-2023 19:00,
14448,29041,Case Closed,05-06-2023 06:00,
14449,29044,Case Closed,12-05-2023 12:00,
14450,29045,Case Closed,02-07-2023 06:00,
14451,29047,Case Closed,10-12-2023 04:00,
14452,29048,Case Closed,10-05-2023 19:00,
14453,29051,Case Closed,19-06-2023 21:00,
14454,29054,Case Closed,01-07-2023 08:00,
14455,29055,Case Closed,23-06-2023 00:00,
14456,29056,Case Closed,11-05-2023 12:00,
14457,29057,Case Closed,30-04-2023 20:00,
14458,29058,Case Closed,22-05-2023 15:00,
14459,29061,Case Closed,08-05-2023 11:00,
14460,29062,Case Closed,19-07-2023 03:00,
14461,29066,Case Closed,13-07-2023 11:00,
14462,29069,Case Closed,24-04-2025 21:00,
14463,29070,Case Closed,16-05-2023 06:00,
14464,29072,Case Closed,16-07-2023 04:00,
14465,29074,Case Closed,16-07-2023 03:00,
14466,29075,Case Closed,03-09-2023 17:00,
14467,29076,Case Closed,27-07-2023 10:00,
14468,29077,Case Closed,02-05-2023 04:00,
14469,29078,Case Closed,18-05-2023 22:00,
14470,29079,Case Closed,20-07-2023 06:00,
14471,29083,Case Closed,17-05-2023 22:00,
14472,29087,Case Closed,20-06-2024 05:00,
14473,29090,Case Closed,23-06-2023 22:00,
14474,29091,Case Closed,20-06-2023 01:00,
14475,29096,Case Closed,01-07-2023 10:00,
14476,29098,Case Closed,02-10-2023 23:00,
14477,29103,Case Closed,07-10-2023 18:00,
14478,29105,Case Closed,23-07-2023 00:00,
14479,29106,Case Closed,13-05-2023 19:00,
14480,29107,Case Closed,14-10-2023 08:00,
14481,29109,Case Closed,27-05-2023 23:00,
14482,29110,Case Closed,14-07-2023 06:00,
14483,29111,Case Closed,28-01-2025 08:00,
14484,29112,Case Closed,06-05-2023 01:00,
14485,29113,Case Closed,25-10-2023 23:00,
14486,29116,Case Closed,11-07-2023 19:00,
14487,29117,Case Closed,30-06-2023 19:00,
14488,29120,Case Closed,07-06-2023 01:00,
14489,29122,Case Closed,01-07-2023 23:00,
14490,29125,Case Closed,19-05-2023 20:00,
14491,29126,Case Closed,14-06-2023 09:00,
14492,29127,Case Closed,10-07-2023 15:00,
14493,29128,Case Closed,31-05-2023 23:00,
14494,29130,Case Closed,15-06-2023 14:00,
14495,29132,Case Closed,23-05-2023 10:00,
14496,29133,Case Closed,20-06-2023 00:00,
14497,29134,Case Closed,14-07-2023 17:00,
14498,29135,Case Closed,28-12-2024 19:00,
14499,29137,Case Closed,17-07-2023 06:00,
14500,29140,Case Closed,27-05-2023 18:00,
14501,29141,Case Closed,26-07-2023 23:00,
14502,29144,Case Closed,13-07-2023 09:00,
14503,29147,Case Closed,18-07-2023 17:00,
14504,29150,Case Closed,09-08-2024 03:00,
14505,29151,Case Closed,05-06-2023 10:00,
14506,29152,Case Closed,05-06-2023 04:00,
14507,29153,Case Closed,17-07-2023 06:00,
14508,29156,Case Closed,28-05-2023 05:00,
14509,29157,Case Closed,06-07-2023 15:00,
14510,29161,Case Closed,28-06-2023 04:00,
14511,29162,Case Closed,21-10-2023 04:00,
14512,29164,Case Closed,13-07-2023 19:00,
14513,29167,Case Closed,06-06-2023 01:00,
14514,29171,Case Closed,09-06-2023 14:00,
14515,29173,Case Closed,17-09-2023 09:00,
14516,29174,Case Closed,26-05-2024 00:00,
14517,29175,Case Closed,27-05-2023 21:00,
14518,29176,Case Closed,08-07-2023 21:00,
14519,29177,Case Closed,19-05-2023 16:00,
14520,29179,Case Closed,27-05-2023 01:00,
14521,29181,Case Closed,19-07-2023 03:00,
14522,29183,Case Closed,31-05-2023 10:00,
14523,29185,Case Closed,31-07-2023 23:00,
14524,29188,Case Closed,09-06-2023 09:00,
14525,29189,Case Closed,11-07-2023 14:00,
14526,29190,Case Closed,13-07-2023 13:00,
14527,29191,Case Closed,04-05-2023 12:00,
14528,29192,Case Closed,24-07-2023 08:00,
14529,29197,Case Closed,13-06-2023 00:00,
14530,29202,Case Closed,22-06-2023 08:00,
14531,29203,Case Closed,26-06-2023 08:00,
14532,29204,Case Closed,21-07-2023 07:00,
14533,29209,Case Closed,24-05-2023 14:00,
14534,29210,Case Closed,10-05-2023 12:00,
14535,29211,Case Closed,21-06-2023 12:00,
14536,29212,Case Closed,28-07-2023 19:00,
14537,29214,Case Closed,11-07-2023 07:00,
14538,29216,Case Closed,26-07-2023 01:00,
14539,29217,Case Closed,14-07-2023 03:00,
14540,29218,Case Closed,19-07-2023 20:00,
14541,29219,Case Closed,07-06-2023 00:00,
14542,29222,Case Closed,01-06-2023 06:00,
14543,29229,Case Closed,21-06-2023 02:00,
14544,29230,Case Closed,06-06-2023 18:00,
14545,29232,Case Closed,18-05-2023 21:00,
14546,29234,Case Closed,15-05-2023 05:00,
14547,29236,Case Closed,16-06-2023 00:00,
14548,29238,Case Closed,04-02-2024 04:00,
14549,29239,Case Closed,18-05-2023 14:00,
14550,29240,Case Closed,18-07-2023 01:00,
14551,29243,Case Closed,26-05-2023 07:00,
14552,29244,Case Closed,27-07-2023 19:00,
14553,29247,Case Closed,19-09-2023 15:00,
14554,29249,Case Closed,23-06-2023 13:00,
14555,29250,Case Closed,03-07-2023 05:00,
14556,29251,Case Closed,02-07-2023 16:00,
14557,29252,Case Closed,03-07-2023 16:00,
14558,29254,Case Closed,17-06-2023 12:00,
14559,29255,Case Closed,28-07-2023 01:00,
14560,29257,Case Closed,02-06-2023 12:00,
14561,29258,Case Closed,28-07-2023 06:00,
14562,29259,Case Closed,12-05-2023 01:00,
14563,29260,Case Closed,04-11-2024 23:00,
14564,29261,Case Closed,11-07-2023 03:00,
14565,29263,Case Closed,06-05-2023 14:00,
14566,29268,Case Closed,17-07-2023 03:00,
14567,29269,Case Closed,22-07-2023 14:00,
14568,29271,Case Closed,13-05-2023 09:00,
14569,29272,Case Closed,24-07-2023 17:00,
14570,29273,Case Closed,01-06-2023 04:00,
14571,29274,Case Closed,27-05-2023 23:00,
14572,29275,Case Closed,04-08-2023 11:00,
14573,29276,Case Closed,26-07-2023 04:00,
14574,29282,Case Closed,26-07-2023 17:00,
14575,29283,Case Closed,26-07-2023 10:00,
14576,29284,Case Closed,09-05-2023 12:00,
14577,29285,Case Closed,26-07-2023 12:00,
14578,29286,Case Closed,22-04-2025 03:00,
14579,29288,Case Closed,27-06-2023 23:00,
14580,29289,Case Closed,14-07-2023 09:00,
14581,29292,Case Closed,27-06-2023 19:00,
14582,29294,Case Closed,07-07-2023 20:00,
14583,29295,Case Closed,27-05-2023 17:00,
14584,29297,Case Closed,12-07-2023 03:00,
14585,29298,Case Closed,07-06-2023 19:00,
14586,29301,Case Closed,05-07-2023 17:00,
14587,29306,Case Closed,31-07-2023 09:00,
14588,29308,Case Closed,24-07-2023 21:00,
14589,29312,Case Closed,20-05-2023 13:00,
14590,29313,Case Closed,25-06-2023 13:00,
14591,29314,Case Closed,31-08-2023 14:00,
14592,29315,Case Closed,08-06-2023 22:00,
14593,29316,Case Closed,19-05-2023 04:00,
14594,29318,Case Closed,18-05-2023 23:00,
14595,29319,Case Closed,12-06-2023 21:00,
14596,29320,Case Closed,06-07-2023 03:00,
14597,29321,Case Closed,15-05-2023 03:00,
14598,29322,Case Closed,31-07-2023 13:00,
14599,29323,Case Closed,19-07-2023 02:00,
14600,29324,Case Closed,18-06-2023 11:00,
14601,29326,Case Closed,01-06-2023 22:00,
14602,29327,Case Closed,04-08-2023 01:00,
14603,29329,Case Closed,02-06-2023 17:00,
14604,29330,Case Closed,03-06-2023 02:00,
14605,29332,Case Closed,11-08-2023 23:00,
14606,29333,Case Closed,08-06-2023 17:00,
14607,29334,Case Closed,02-07-2023 04:00,
14608,29335,Case Closed,05-06-2023 10:00,
14609,29342,Case Closed,12-06-2023 18:00,
14610,29348,Case Closed,12-06-2023 00:00,
14611,29350,Case Closed,20-05-2023 14:00,
14612,29351,Case Closed,20-07-2023 14:00,
14613,29353,Case Closed,05-07-2023 10:00,
14614,29356,Case Closed,18-05-2023 18:00,
14615,29358,Case Closed,19-07-2023 22:00,
14616,29360,Case Closed,24-07-2023 23:00,
14617,29361,Case Closed,09-03-2025 20:00,
14618,29363,Case Closed,11-05-2024 12:00,
14619,29364,Case Closed,15-07-2023 00:00,
14620,29367,Case Closed,03-06-2023 12:00,
14621,29371,Case Closed,03-08-2023 15:00,
14622,29372,Case Closed,09-12-2024 17:00,
14623,29373,Case Closed,20-06-2023 15:00,
14624,29377,Case Closed,29-05-2023 11:00,
14625,29380,Case Closed,30-05-2023 12:00,
14626,29381,Case Closed,10-06-2023 10:00,
14627,29383,Case Closed,25-06-2023 23:00,
14628,29384,Case Closed,03-06-2023 16:00,
14629,29385,Case Closed,03-07-2023 17:00,
14630,29386,Case Closed,30-05-2023 15:00,
14631,29389,Case Closed,18-07-2023 23:00,
14632,29392,Case Closed,05-08-2023 10:00,
14633,29393,Case Closed,07-07-2023 13:00,
14634,29394,Case Closed,25-06-2023 14:00,
14635,29395,Case Closed,19-05-2023 06:00,
14636,29396,Case Closed,24-05-2023 03:00,
14637,29399,Case Closed,16-06-2023 07:00,
14638,29400,Case Closed,08-06-2023 04:00,
14639,29401,Case Closed,28-05-2023 10:00,
14640,29407,Case Closed,09-06-2023 21:00,
14641,29412,Case Closed,23-07-2023 11:00,
14642,29416,Case Closed,27-07-2023 09:00,
14643,29419,Case Closed,16-06-2023 16:00,
14644,29420,Case Closed,30-05-2023 08:00,
14645,29421,Case Closed,07-09-2023 08:00,
14646,29427,Case Closed,09-08-2023 06:00,
14647,29428,Case Closed,21-07-2023 15:00,
14648,29430,Case Closed,19-07-2023 13:00,
14649,29433,Case Closed,14-05-2023 23:00,
14650,29436,Case Closed,26-06-2023 17:00,
14651,29438,Case Closed,08-07-2023 12:00,
14652,29442,Case Closed,06-08-2023 11:00,
14653,29445,Case Closed,07-04-2025 23:00,
14654,29447,Case Closed,03-07-2023 00:00,
14655,29451,Case Closed,25-02-2025 01:00,
14656,29452,Case Closed,18-01-2024 09:00,
14657,29454,Case Closed,27-05-2023 01:00,
14658,29455,Case Closed,03-10-2024 23:00,
14659,29457,Case Closed,27-06-2023 01:00,
14660,29459,Case Closed,13-06-2023 22:00,
14661,29460,Case Closed,07-08-2023 18:00,
14662,29461,Case Closed,16-11-2023 18:00,
14663,29464,Case Closed,16-05-2024 12:00,
14664,29466,Case Closed,13-07-2023 19:00,
14665,29467,Case Closed,27-07-2023 10:00,
14666,29472,Case Closed,10-08-2023 00:00,
14667,29473,Case Closed,21-05-2023 23:00,
14668,29474,Case Closed,02-06-2023 16:00,
14669,29477,Case Closed,08-08-2023 11:00,
14670,29478,Case Closed,27-05-2023 12:00,
14671,29480,Case Closed,31-05-2023 06:00,
14672,29481,Case Closed,02-06-2023 22:00,
14673,29483,Case Closed,06-06-2023 22:00,
14674,29485,Case Closed,13-08-2023 03:00,
14675,29487,Case Closed,05-06-2023 04:00,
14676,29492,Case Closed,03-07-2023 19:00,
14677,29493,Case Closed,06-07-2023 09:00,
14678,29494,Case Closed,21-06-2023 09:00,
14679,29495,Case Closed,05-08-2023 12:00,
14680,29496,Case Closed,06-12-2024 05:00,
14681,29497,Case Closed,25-05-2023 12:00,
14682,29498,Case Closed,23-06-2023 04:00,
14683,29500,Case Closed,31-05-2023 12:00,
14684,29502,Case Closed,23-07-2023 20:00,
14685,29503,Case Closed,07-08-2023 18:00,
14686,29504,Case Closed,26-07-2023 13:00,
14687,29506,Case Closed,05-10-2024 07:00,
14688,29507,Case Closed,19-06-2023 11:00,
14689,29508,Case Closed,15-06-2023 12:00,
14690,29509,Case Closed,01-06-2023 20:00,
14691,29513,Case Closed,07-08-2023 19:00,
14692,29514,Case Closed,19-02-2025 10:00,
14693,29515,Case Closed,10-06-2023 17:00,
14694,29518,Case Closed,09-06-2023 01:00,
14695,29519,Case Closed,04-06-2023 06:00,
14696,29523,Case Closed,26-05-2023 15:00,
14697,29524,Case Closed,04-06-2023 12:00,
14698,29528,Case Closed,19-10-2023 20:00,
14699,29529,Case Closed,15-06-2023 03:00,
14700,29531,Case Closed,15-06-2023 23:00,
14701,29536,Case Closed,18-07-2023 07:00,
14702,29537,Case Closed,14-06-2023 21:00,
14703,29538,Case Closed,04-07-2023 17:00,
14704,29540,Case Closed,06-07-2023 16:00,
14705,29544,Case Closed,16-06-2023 05:00,
14706,29546,Case Closed,19-06-2023 11:00,
14707,29549,Case Closed,02-07-2023 01:00,
14708,29550,Case Closed,28-05-2023 17:00,
14709,29551,Case Closed,24-05-2023 08:00,
14710,29554,Case Closed,12-08-2023 13:00,
14711,29557,Case Closed,03-06-2023 05:00,
14712,29560,Case Closed,10-08-2023 20:00,
14713,29561,Case Closed,14-07-2023 15:00,
14714,29562,Case Closed,15-08-2023 10:00,
14715,29563,Case Closed,30-05-2024 09:00,
14716,29564,Case Closed,22-10-2023 23:00,
14717,29566,Case Closed,12-05-2025 22:00,
14718,29571,Case Closed,06-07-2023 07:00,
14719,29572,Case Closed,26-11-2024 13:00,
14720,29574,Case Closed,13-09-2023 06:00,
14721,29578,Case Closed,19-06-2023 08:00,
14722,29581,Case Closed,29-05-2023 07:00,
14723,29582,Case Closed,10-06-2023 15:00,
14724,29584,Case Closed,30-07-2023 08:00,
14725,29585,Case Closed,09-06-2023 14:00,
14726,29586,Case Closed,04-08-2023 12:00,
14727,29587,Case Closed,28-07-2023 21:00,
14728,29591,Case Closed,13-11-2023 01:00,
14729,29595,Case Closed,07-09-2023 23:00,
14730,29596,Case Closed,16-06-2023 10:00,
14731,29599,Case Closed,21-06-2023 13:00,
14732,29600,Case Closed,10-08-2023 10:00,
14733,29602,Case Closed,18-07-2023 01:00,
14734,29604,Case Closed,29-06-2023 01:00,
14735,29605,Case Closed,14-06-2023 08:00,
14736,29607,Case Closed,20-07-2023 09:00,
14737,29609,Case Closed,15-12-2024 19:00,
14738,29611,Case Closed,21-07-2023 22:00,
14739,29612,Case Closed,05-06-2023 18:00,
14740,29613,Case Closed,17-07-2023 08:00,
14741,29615,Case Closed,28-05-2023 04:00,
14742,29616,Case Closed,05-11-2023 18:00,
14743,29617,Case Closed,15-06-2023 16:00,
14744,29618,Case Closed,14-08-2023 10:00,
14745,29619,Case Closed,02-08-2023 09:00,
14746,29621,Case Closed,12-06-2023 16:00,
14747,29622,Case Closed,14-08-2023 16:00,
14748,29624,Case Closed,01-11-2023 10:00,
14749,29626,Case Closed,03-06-2023 04:00,
14750,29627,Case Closed,12-11-2023 03:00,
14751,29629,Case Closed,06-08-2024 05:00,
14752,29632,Case Closed,10-06-2023 21:00,
14753,29634,Case Closed,05-08-2023 18:00,
14754,29636,Case Closed,28-06-2023 04:00,
14755,29637,Case Closed,04-04-2025 01:00,
14756,29638,Case Closed,01-07-2023 17:00,
14757,29640,Case Closed,12-07-2023 03:00,
14758,29643,Case Closed,05-07-2023 03:00,
14759,29644,Case Closed,11-07-2023 07:00,
14760,29647,Case Closed,14-08-2023 10:00,
14761,29649,Case Closed,06-06-2023 18:00,
14762,29652,Case Closed,03-07-2023 22:00,
14763,29654,Case Closed,05-08-2023 20:00,
14764,29655,Case Closed,17-06-2023 08:00,
14765,29660,Case Closed,21-06-2023 09:00,
14766,29661,Case Closed,27-06-2023 06:00,
14767,29664,Case Closed,02-08-2023 21:00,
14768,29665,Case Closed,08-06-2023 20:00,
14769,29666,Case Closed,27-07-2023 04:00,
14770,29668,Case Closed,26-07-2023 18:00,
14771,29671,Case Closed,31-07-2023 16:00,
14772,29673,Case Closed,30-06-2023 07:00,
14773,29674,Case Closed,04-07-2023 09:00,
14774,29680,Case Closed,11-11-2023 12:00,
14775,29681,Case Closed,31-05-2023 05:00,
14776,29682,Case Closed,13-07-2023 07:00,
14777,29685,Case Closed,19-06-2023 08:00,
14778,29686,Case Closed,03-08-2023 10:00,
14779,29688,Case Closed,30-05-2023 10:00,
14780,29690,Case Closed,30-07-2023 12:00,
14781,29691,Case Closed,26-01-2024 22:00,
14782,29693,Case Closed,13-08-2023 11:00,
14783,29694,Case Closed,29-05-2023 12:00,
14784,29695,Case Closed,05-06-2023 14:00,
14785,29696,Case Closed,30-06-2023 05:00,
14786,29697,Case Closed,04-08-2023 22:00,
14787,29698,Case Closed,21-06-2023 22:00,
14788,29700,Case Closed,25-06-2023 16:00,
14789,29707,Case Closed,12-06-2023 15:00,
14790,29709,Case Closed,25-06-2023 21:00,
14791,29710,Case Closed,15-07-2023 20:00,
14792,29712,Case Closed,20-06-2023 08:00,
14793,29713,Case Closed,29-07-2023 08:00,
14794,29716,Case Closed,30-06-2023 23:00,
14795,29719,Case Closed,16-06-2023 02:00,
14796,29720,Case Closed,21-07-2023 05:00,
14797,29722,Case Closed,30-07-2023 13:00,
14798,29723,Case Closed,28-07-2023 13:00,
14799,29725,Case Closed,15-05-2025 00:00,
14800,29726,Case Closed,14-08-2023 00:00,
14801,29731,Case Closed,24-07-2023 11:00,
14802,29733,Case Closed,14-06-2023 22:00,
14803,29737,Case Closed,16-06-2023 22:00,
14804,29738,Case Closed,11-06-2023 14:00,
14805,29739,Case Closed,08-08-2023 09:00,
14806,29740,Case Closed,23-08-2023 22:00,
14807,29745,Case Closed,02-08-2023 19:00,
14808,29746,Case Closed,24-06-2023 15:00,
14809,29747,Case Closed,06-08-2023 02:00,
14810,29751,Case Closed,22-06-2023 16:00,
14811,29752,Case Closed,11-09-2023 01:00,
14812,29754,Case Closed,15-06-2023 06:00,
14813,29756,Case Closed,25-07-2023 09:00,
14814,29757,Case Closed,16-07-2023 04:00,
14815,29758,Case Closed,23-07-2023 01:00,
14816,29759,Case Closed,22-07-2023 20:00,
14817,29761,Case Closed,24-02-2025 06:00,
14818,29763,Case Closed,14-07-2023 09:00,
14819,29765,Case Closed,24-07-2023 16:00,
14820,29767,Case Closed,06-06-2023 17:00,
14821,29768,Case Closed,04-06-2023 02:00,
14822,29771,Case Closed,10-06-2023 10:00,
14823,29772,Case Closed,24-07-2023 00:00,
14824,29773,Case Closed,12-06-2023 06:00,
14825,29777,Case Closed,11-06-2023 02:00,
14826,29778,Case Closed,05-08-2023 06:00,
14827,29785,Case Closed,20-07-2023 06:00,
14828,29786,Case Closed,09-06-2023 14:00,
14829,29787,Case Closed,11-07-2023 13:00,
14830,29788,Case Closed,27-07-2023 02:00,
14831,29789,Case Closed,23-07-2023 06:00,
14832,29791,Case Closed,30-06-2023 02:00,
14833,29792,Case Closed,17-06-2023 06:00,
14834,29794,Case Closed,18-04-2025 11:00,
14835,29796,Case Closed,17-06-2023 10:00,
14836,29798,Case Closed,23-06-2023 21:00,
14837,29799,Case Closed,18-06-2023 23:00,
14838,29804,Case Closed,06-06-2023 16:00,
14839,29805,Case Closed,30-06-2023 23:00,
14840,29806,Case Closed,14-08-2023 14:00,
14841,29810,Case Closed,28-07-2024 02:00,
14842,29813,Case Closed,29-07-2023 03:00,
14843,29814,Case Closed,14-06-2023 10:00,
14844,29818,Case Closed,11-06-2023 11:00,
14845,29819,Case Closed,17-08-2023 11:00,
14846,29821,Case Closed,05-08-2023 02:00,
14847,29826,Case Closed,06-07-2023 13:00,
14848,29831,Case Closed,14-08-2023 17:00,
14849,29833,Case Closed,19-07-2023 02:00,
14850,29835,Case Closed,27-06-2023 01:00,
14851,29836,Case Closed,19-07-2023 07:00,
14852,29837,Case Closed,16-06-2023 13:00,
14853,29838,Case Closed,11-06-2023 18:00,
14854,29840,Case Closed,16-07-2023 17:00,
14855,29841,Case Closed,21-07-2023 14:00,
14856,29843,Case Closed,10-07-2023 00:00,
14857,29844,Case Closed,10-08-2023 03:00,
14858,29846,Case Closed,24-07-2023 23:00,
14859,29851,Case Closed,18-07-2023 06:00,
14860,29853,Case Closed,01-08-2023 16:00,
14861,29854,Case Closed,20-08-2023 15:00,
14862,29857,Case Closed,11-10-2023 09:00,
14863,29861,Case Closed,20-08-2023 08:00,
14864,29863,Case Closed,03-07-2023 00:00,
14865,29864,Case Closed,11-11-2023 21:00,
14866,29865,Case Closed,16-06-2023 13:00,
14867,29867,Case Closed,23-07-2023 22:00,
14868,29868,Case Closed,30-06-2023 06:00,
14869,29870,Case Closed,12-07-2023 01:00,
14870,29875,Case Closed,24-08-2023 21:00,
14871,29877,Case Closed,23-08-2023 04:00,
14872,29883,Case Closed,30-07-2023 17:00,
14873,29887,Case Closed,06-08-2023 06:00,
14874,29889,Case Closed,09-06-2023 02:00,
14875,29890,Case Closed,26-07-2023 05:00,
14876,29892,Case Closed,26-08-2023 12:00,
14877,29893,Case Closed,09-11-2024 13:00,
14878,29894,Case Closed,20-06-2023 09:00,
14879,29895,Case Closed,09-08-2023 10:00,
14880,29897,Case Closed,09-08-2023 22:00,
14881,29900,Case Closed,27-07-2023 01:00,
14882,29901,Case Closed,30-08-2023 11:00,
14883,29904,Case Closed,04-07-2023 12:00,
14884,29905,Case Closed,15-07-2023 09:00,
14885,29906,Case Closed,09-06-2023 21:00,
14886,29908,Case Closed,04-08-2023 07:00,
14887,29910,Case Closed,12-06-2023 15:00,
14888,29911,Case Closed,16-07-2023 11:00,
14889,29913,Case Closed,18-08-2023 20:00,
14890,29917,Case Closed,03-07-2023 14:00,
14891,29918,Case Closed,01-07-2023 15:00,
14892,29919,Case Closed,04-07-2023 20:00,
14893,29921,Case Closed,04-07-2023 14:00,
14894,29922,Case Closed,30-07-2023 16:00,
14895,29924,Case Closed,11-08-2023 13:00,
14896,29925,Case Closed,03-06-2023 23:00,
14897,29926,Case Closed,29-06-2023 05:00,
14898,29930,Case Closed,10-06-2023 05:00,
14899,29931,Case Closed,11-05-2025 17:00,
14900,29932,Case Closed,18-06-2023 18:00,
14901,29935,Case Closed,19-06-2023 00:00,
14902,29937,Case Closed,13-06-2023 12:00,
14903,29939,Case Closed,31-07-2023 21:00,
14904,29940,Case Closed,16-07-2023 05:00,
14905,29941,Case Closed,06-08-2023 21:00,
14906,29945,Case Closed,14-06-2024 02:00,
14907,29946,Case Closed,09-08-2023 22:00,
14908,29948,Case Closed,27-08-2023 20:00,
14909,29949,Case Closed,09-06-2023 19:00,
14910,29951,Case Closed,05-10-2023 14:00,
14911,29953,Case Closed,06-08-2023 23:00,
14912,29954,Case Closed,27-06-2023 17:00,
14913,29955,Case Closed,03-11-2023 06:00,
14914,29956,Case Closed,17-07-2023 19:00,
14915,29957,Case Closed,26-06-2023 16:00,
14916,29959,Case Closed,21-11-2023 08:00,
14917,29961,Case Closed,13-08-2023 10:00,
14918,29964,Case Closed,16-08-2023 08:00,
14919,29966,Case Closed,18-06-2023 11:00,
14920,29968,Case Closed,23-07-2023 06:00,
14921,29969,Case Closed,18-01-2024 10:00,
14922,29971,Case Closed,31-07-2023 08:00,
14923,29973,Case Closed,12-06-2023 00:00,
14924,29974,Case Closed,03-08-2023 00:00,
14925,29975,Case Closed,23-06-2023 07:00,
14926,29976,Case Closed,08-07-2023 15:00,
14927,29977,Case Closed,24-06-2023 18:00,
14928,29978,Case Closed,11-07-2023 09:00,
14929,29979,Case Closed,30-06-2023 09:00,
14930,29982,Case Closed,24-06-2023 10:00,
14931,29983,Case Closed,22-07-2023 01:00,
14932,29984,Case Closed,24-07-2023 02:00,
14933,29985,Case Closed,12-06-2023 02:00,
14934,29986,Case Closed,30-08-2023 17:00,
14935,29987,Case Closed,24-07-2023 22:00,
14936,29988,Case Closed,23-04-2024 16:00,
14937,29991,Case Closed,17-08-2023 02:00,
14938,29995,Case Closed,27-06-2023 20:00,
14939,29996,Case Closed,23-06-2023 08:00,
14940,29997,Case Closed,19-08-2023 01:00,
14941,29998,Case Closed,22-08-2023 16:00,
14942,29999,Case Closed,25-10-2023 09:00,
14943,30000,Case Closed,23-07-2023 23:00,
14944,30001,Case Closed,15-11-2024 00:00,
14945,30002,Case Closed,26-07-2023 14:00,
14946,30004,Case Closed,26-06-2023 02:00,
14947,30005,Case Closed,06-07-2023 16:00,
14948,30006,Case Closed,18-01-2025 04:00,
14949,30007,Case Closed,03-07-2023 12:00,
14950,30008,Case Closed,28-07-2023 13:00,
14951,30010,Case Closed,24-06-2023 15:00,
14952,30011,Case Closed,06-10-2023 23:00,
14953,30012,Case Closed,29-06-2023 15:00,
14954,30013,Case Closed,05-07-2023 23:00,
14955,30015,Case Closed,26-06-2023 11:00,
14956,30016,Case Closed,14-06-2023 03:00,
14957,30017,Case Closed,05-08-2023 18:00,
14958,30019,Case Closed,05-08-2023 05:00,
14959,30020,Case Closed,08-07-2023 20:00,
14960,30021,Case Closed,02-09-2023 16:00,
14961,30023,Case Closed,20-08-2023 23:00,
14962,30025,Case Closed,16-08-2023 23:00,
14963,30027,Case Closed,21-06-2023 11:00,
14964,30028,Case Closed,09-06-2023 15:00,
14965,30038,Case Closed,17-10-2023 23:00,
14966,30039,Case Closed,14-08-2023 20:00,
14967,30041,Case Closed,19-06-2023 07:00,
14968,30045,Case Closed,28-06-2023 20:00,
14969,30046,Case Closed,21-07-2023 02:00,
14970,30047,Case Closed,31-07-2023 01:00,
14971,30050,Case Closed,01-07-2023 19:00,
14972,30052,Case Closed,24-08-2023 04:00,
14973,30054,Case Closed,21-06-2023 17:00,
14974,30057,Case Closed,15-06-2024 20:00,
14975,30058,Case Closed,30-06-2023 12:00,
14976,30061,Case Closed,23-07-2023 19:00,
14977,30062,Case Closed,19-06-2023 11:00,
14978,30064,Case Closed,24-06-2023 02:00,
14979,30065,Case Closed,31-07-2023 15:00,
14980,30067,Case Closed,23-07-2023 00:00,
14981,30068,Case Closed,28-06-2023 08:00,
14982,30069,Case Closed,25-09-2023 10:00,
14983,30070,Case Closed,28-09-2024 12:00,
14984,30071,Case Closed,26-08-2023 21:00,
14985,30072,Case Closed,16-06-2023 01:00,
14986,30074,Case Closed,24-08-2023 09:00,
14987,30078,Case Closed,02-09-2023 22:00,
14988,30080,Case Closed,04-08-2023 19:00,
14989,30081,Case Closed,10-08-2023 20:00,
14990,30083,Case Closed,29-07-2023 14:00,
14991,30086,Case Closed,22-07-2023 09:00,
14992,30087,Case Closed,22-06-2023 07:00,
14993,30090,Case Closed,20-06-2023 02:00,
14994,30093,Case Closed,06-09-2023 16:00,
14995,30095,Case Closed,06-09-2023 06:00,
14996,30100,Case Closed,24-06-2023 18:00,
14997,30101,Case Closed,04-09-2023 17:00,
14998,30102,Case Closed,02-07-2023 22:00,
14999,30104,Case Closed,22-07-2023 21:00,
15000,30105,Case Closed,10-07-2023 02:00,
15001,30106,Case Closed,06-08-2023 02:00,
15002,30108,Case Closed,23-03-2024 13:00,
15003,30110,Case Closed,16-09-2024 16:00,
15004,30111,Case Closed,13-07-2023 23:00,
15005,30114,Case Closed,31-08-2023 15:00,
15006,30118,Case Closed,25-06-2023 05:00,
15007,30121,Case Closed,09-08-2023 22:00,
15008,30123,Case Closed,23-07-2023 21:00,
15009,30124,Case Closed,21-08-2023 12:00,
15010,30125,Case Closed,16-07-2023 13:00,
15011,30127,Case Closed,28-09-2023 02:00,
15012,30131,Case Closed,04-07-2023 19:00,
15013,30138,Case Closed,04-07-2023 20:00,
15014,30139,Case Closed,30-09-2023 19:00,
15015,30140,Case Closed,15-10-2023 22:00,
15016,30143,Case Closed,28-06-2023 07:00,
15017,30144,Case Closed,11-07-2023 22:00,
15018,30147,Case Closed,27-07-2023 10:00,
15019,30149,Case Closed,05-08-2023 18:00,
15020,30150,Case Closed,21-08-2023 21:00,
15021,30152,Case Closed,25-06-2023 18:00,
15022,30153,Case Closed,06-07-2023 02:00,
15023,30154,Case Closed,04-09-2023 14:00,
15024,30155,Case Closed,21-07-2023 13:00,
15025,30156,Case Closed,31-07-2023 17:00,
15026,30158,Case Closed,08-07-2023 09:00,
15027,30160,Case Closed,24-08-2023 20:00,
15028,30161,Case Closed,28-07-2023 20:00,
15029,30162,Case Closed,25-07-2023 01:00,
15030,30164,Case Closed,02-07-2023 23:00,
15031,30165,Case Closed,10-07-2023 21:00,
15032,30166,Case Closed,05-07-2023 04:00,
15033,30167,Case Closed,13-07-2023 04:00,
15034,30168,Case Closed,09-08-2023 00:00,
15035,30169,Case Closed,12-06-2023 05:00,
15036,30172,Case Closed,16-07-2023 21:00,
15037,30173,Case Closed,05-07-2023 11:00,
15038,30176,Case Closed,02-09-2023 15:00,
15039,30177,Case Closed,04-08-2023 18:00,
15040,30179,Case Closed,26-06-2023 17:00,
15041,30182,Case Closed,21-06-2023 03:00,
15042,30183,Case Closed,20-07-2023 18:00,
15043,30184,Case Closed,12-04-2024 22:00,
15044,30185,Case Closed,20-07-2023 06:00,
15045,30187,Case Closed,29-06-2024 17:00,
15046,30188,Case Closed,23-08-2023 03:00,
15047,30189,Case Closed,27-08-2023 06:00,
15048,30191,Case Closed,30-08-2023 18:00,
15049,30193,Case Closed,21-08-2023 09:00,
15050,30196,Case Closed,16-07-2023 14:00,
15051,30197,Case Closed,21-08-2023 20:00,
15052,30198,Case Closed,29-06-2023 22:00,
15053,30199,Case Closed,15-07-2023 19:00,
15054,30201,Case Closed,11-08-2023 21:00,
15055,30202,Case Closed,19-08-2023 15:00,
15056,30203,Case Closed,23-07-2023 18:00,
15057,30206,Case Closed,19-06-2023 22:00,
15058,30210,Case Closed,07-07-2023 04:00,
15059,30211,Case Closed,17-07-2023 03:00,
15060,30212,Case Closed,14-07-2023 17:00,
15061,30214,Case Closed,09-07-2023 02:00,
15062,30218,Case Closed,11-07-2023 16:00,
15063,30220,Case Closed,04-10-2023 21:00,
15064,30223,Case Closed,01-07-2023 04:00,
15065,30224,Case Closed,07-07-2023 23:00,
15066,30225,Case Closed,27-07-2023 15:00,
15067,30226,Case Closed,21-10-2023 15:00,
15068,30227,Case Closed,05-09-2023 18:00,
15069,30233,Case Closed,31-07-2023 22:00,
15070,30236,Case Closed,11-07-2023 16:00,
15071,30238,Case Closed,04-07-2023 10:00,
15072,30239,Case Closed,30-07-2023 05:00,
15073,30242,Case Closed,25-06-2023 00:00,
15074,30243,Case Closed,06-06-2024 04:00,
15075,30251,Case Closed,03-02-2024 07:00,
15076,30253,Case Closed,30-07-2023 07:00,
15077,30260,Case Closed,31-07-2023 03:00,
15078,30261,Case Closed,06-08-2023 22:00,
15079,30262,Case Closed,01-08-2023 05:00,
15080,30265,Case Closed,01-07-2023 04:00,
15081,30266,Case Closed,05-07-2023 13:00,
15082,30267,Case Closed,12-12-2023 23:00,
15083,30268,Case Closed,29-07-2023 21:00,
15084,30269,Case Closed,27-08-2023 23:00,
15085,30272,Case Closed,16-08-2023 08:00,
15086,30275,Case Closed,28-06-2023 22:00,
15087,30278,Case Closed,29-06-2023 23:00,
15088,30279,Case Closed,15-08-2023 14:00,
15089,30280,Case Closed,17-08-2023 17:00,
15090,30281,Case Closed,24-06-2023 22:00,
15091,30284,Case Closed,08-07-2023 06:00,
15092,30287,Case Closed,28-06-2023 23:00,
15093,30288,Case Closed,26-10-2023 23:00,
15094,30290,Case Closed,30-08-2023 13:00,
15095,30291,Case Closed,26-08-2023 15:00,
15096,30294,Case Closed,06-07-2023 10:00,
15097,30297,Case Closed,10-09-2023 14:00,
15098,30298,Case Closed,29-08-2023 15:00,
15099,30301,Case Closed,04-07-2023 15:00,
15100,30302,Case Closed,12-08-2023 23:00,
15101,30303,Case Closed,08-08-2023 15:00,
15102,30305,Case Closed,05-08-2023 04:00,
15103,30308,Case Closed,18-08-2023 11:00,
15104,30313,Case Closed,29-07-2023 05:00,
15105,30317,Case Closed,20-07-2023 05:00,
15106,30320,Case Closed,09-07-2023 06:00,
15107,30323,Case Closed,20-06-2023 17:00,
15108,30326,Case Closed,26-04-2024 19:00,
15109,30337,Case Closed,12-09-2023 16:00,
15110,30338,Case Closed,21-07-2023 23:00,
15111,30340,Case Closed,03-09-2023 22:00,
15112,30341,Case Closed,10-09-2023 04:00,
15113,30342,Case Closed,27-06-2023 13:00,
15114,30343,Case Closed,29-08-2023 23:00,
15115,30344,Case Closed,29-06-2023 10:00,
15116,30347,Case Closed,14-12-2023 00:00,
15117,30349,Case Closed,29-06-2023 22:00,
15118,30350,Case Closed,17-07-2023 11:00,
15119,30351,Case Closed,09-08-2023 08:00,
15120,30353,Case Closed,30-08-2023 06:00,
15121,30354,Case Closed,21-07-2023 09:00,
15122,30355,Case Closed,13-07-2023 16:00,
15123,30356,Case Closed,03-09-2023 19:00,
15124,30357,Case Closed,12-07-2023 17:00,
15125,30359,Case Closed,07-09-2023 09:00,
15126,30361,Case Closed,01-09-2023 01:00,
15127,30362,Case Closed,17-09-2023 02:00,
15128,30363,Case Closed,22-01-2024 03:00,
15129,30364,Case Closed,07-07-2023 23:00,
15130,30366,Case Closed,03-08-2023 12:00,
15131,30367,Case Closed,27-07-2023 06:00,
15132,30368,Case Closed,14-09-2023 00:00,
15133,30369,Case Closed,03-08-2023 00:00,
15134,30370,Case Closed,22-07-2023 21:00,
15135,30374,Case Closed,08-07-2023 09:00,
15136,30378,Case Closed,05-07-2023 08:00,
15137,30379,Case Closed,31-07-2023 15:00,
15138,30381,Case Closed,13-09-2023 12:00,
15139,30382,Case Closed,24-08-2023 05:00,
15140,30383,Case Closed,10-09-2023 18:00,
15141,30388,Case Closed,29-06-2023 06:00,
15142,30391,Case Closed,30-08-2023 03:00,
15143,30392,Case Closed,25-07-2023 10:00,
15144,30393,Case Closed,22-07-2023 16:00,
15145,30394,Case Closed,28-08-2023 20:00,
15146,30397,Case Closed,23-08-2023 15:00,
15147,30398,Case Closed,17-08-2023 21:00,
15148,30400,Case Closed,06-08-2023 01:00,
15149,30401,Case Closed,04-08-2023 10:00,
15150,30402,Case Closed,19-09-2023 01:00,
15151,30403,Case Closed,16-07-2023 19:00,
15152,30404,Case Closed,14-09-2023 16:00,
15153,30408,Case Closed,21-08-2023 16:00,
15154,30409,Case Closed,21-08-2023 17:00,
15155,30413,Case Closed,03-07-2023 09:00,
15156,30415,Case Closed,04-09-2023 07:00,
15157,30420,Case Closed,08-08-2023 13:00,
15158,30421,Case Closed,18-07-2023 19:00,
15159,30423,Case Closed,22-08-2023 11:00,
15160,30426,Case Closed,04-08-2023 11:00,
15161,30427,Case Closed,08-07-2023 15:00,
15162,30428,Case Closed,14-07-2023 11:00,
15163,30429,Case Closed,28-07-2023 16:00,
15164,30430,Case Closed,08-09-2023 13:00,
15165,30431,Case Closed,05-07-2023 10:00,
15166,30433,Case Closed,10-08-2023 10:00,
15167,30434,Case Closed,21-08-2023 07:00,
15168,30435,Case Closed,09-07-2023 02:00,
15169,30436,Case Closed,26-12-2024 14:00,
15170,30437,Case Closed,12-08-2023 14:00,
15171,30438,Case Closed,06-07-2023 21:00,
15172,30440,Case Closed,16-07-2023 22:00,
15173,30441,Case Closed,05-08-2023 12:00,
15174,30442,Case Closed,02-09-2023 11:00,
15175,30443,Case Closed,25-08-2023 07:00,
15176,30445,Case Closed,11-07-2023 10:00,
15177,30446,Case Closed,25-09-2024 18:00,
15178,30448,Case Closed,27-07-2023 06:00,
15179,30449,Case Closed,18-08-2023 19:00,
15180,30451,Case Closed,30-08-2023 02:00,
15181,30452,Case Closed,15-09-2023 14:00,
15182,30454,Case Closed,07-07-2023 07:00,
15183,30459,Case Closed,08-09-2023 23:00,
15184,30461,Case Closed,13-09-2023 01:00,
15185,30462,Case Closed,31-07-2023 07:00,
15186,30463,Case Closed,19-07-2023 23:00,
15187,30464,Case Closed,28-07-2023 19:00,
15188,30469,Case Closed,16-08-2023 02:00,
15189,30474,Case Closed,29-07-2023 14:00,
15190,30476,Case Closed,10-09-2023 13:00,
15191,30477,Case Closed,10-07-2023 06:00,
15192,30478,Case Closed,25-01-2024 18:00,
15193,30480,Case Closed,13-07-2023 06:00,
15194,30482,Case Closed,30-06-2023 11:00,
15195,30483,Case Closed,18-09-2023 20:00,
15196,30485,Case Closed,31-08-2023 14:00,
15197,30486,Case Closed,25-08-2023 07:00,
15198,30488,Case Closed,04-08-2023 04:00,
15199,30490,Case Closed,09-07-2023 08:00,
15200,30495,Case Closed,11-09-2023 19:00,
15201,30499,Case Closed,30-07-2023 14:00,
15202,30500,Case Closed,24-07-2023 18:00,
15203,30501,Case Closed,10-09-2023 00:00,
15204,30502,Case Closed,11-09-2023 15:00,
15205,30505,Case Closed,23-07-2023 19:00,
15206,30507,Case Closed,19-07-2023 04:00,
15207,30508,Case Closed,30-07-2023 00:00,
15208,30511,Case Closed,26-08-2023 12:00,
15209,30513,Case Closed,22-08-2023 10:00,
15210,30516,Case Closed,10-07-2023 04:00,
15211,30518,Case Closed,07-09-2023 20:00,
15212,30521,Case Closed,22-08-2023 23:00,
15213,30523,Case Closed,07-07-2023 11:00,
15214,30524,Case Closed,16-09-2023 17:00,
15215,30526,Case Closed,14-12-2023 09:00,
15216,30527,Case Closed,23-01-2024 17:00,
15217,30528,Case Closed,20-07-2023 22:00,
15218,30529,Case Closed,04-07-2023 23:00,
15219,30530,Case Closed,12-07-2023 21:00,
15220,30532,Case Closed,21-09-2023 21:00,
15221,30534,Case Closed,19-09-2023 03:00,
15222,30535,Case Closed,13-09-2023 08:00,
15223,30536,Case Closed,27-08-2023 11:00,
15224,30537,Case Closed,30-08-2023 18:00,
15225,30541,Case Closed,05-07-2023 18:00,
15226,30544,Case Closed,17-09-2023 07:00,
15227,30545,Case Closed,09-07-2023 11:00,
15228,30547,Case Closed,04-09-2023 13:00,
15229,30548,Case Closed,22-09-2023 10:00,
15230,30550,Case Closed,25-07-2023 14:00,
15231,30552,Case Closed,20-09-2023 03:00,
15232,30555,Case Closed,09-08-2023 13:00,
15233,30556,Case Closed,09-09-2023 07:00,
15234,30558,Case Closed,14-07-2023 15:00,
15235,30559,Case Closed,31-10-2023 07:00,
15236,30560,Case Closed,26-09-2023 23:00,
15237,30561,Case Closed,27-07-2023 12:00,
15238,30562,Case Closed,07-07-2023 04:00,
15239,30563,Case Closed,02-07-2023 04:00,
15240,30565,Case Closed,12-07-2023 03:00,
15241,30567,Case Closed,12-09-2023 14:00,
15242,30576,Case Closed,10-07-2023 05:00,
15243,30578,Case Closed,13-07-2023 17:00,
15244,30581,Case Closed,15-09-2023 19:00,
15245,30585,Case Closed,16-03-2025 05:00,
15246,30587,Case Closed,29-07-2023 18:00,
15247,30588,Case Closed,27-08-2023 07:00,
15248,30590,Case Closed,20-05-2025 21:00,
15249,30594,Case Closed,11-09-2023 20:00,
15250,30595,Case Closed,16-08-2023 02:00,
15251,30597,Case Closed,21-12-2024 17:00,
15252,30598,Case Closed,05-09-2023 14:00,
15253,30599,Case Closed,30-07-2023 20:00,
15254,30600,Case Closed,31-07-2023 02:00,
15255,30601,Case Closed,12-09-2023 03:00,
15256,30602,Case Closed,10-08-2023 10:00,
15257,30603,Case Closed,20-09-2023 13:00,
15258,30605,Case Closed,08-07-2023 12:00,
15259,30610,Case Closed,26-08-2023 10:00,
15260,30611,Case Closed,16-12-2024 20:00,
15261,30612,Case Closed,30-08-2023 16:00,
15262,30613,Case Closed,07-07-2023 20:00,
15263,30614,Case Closed,17-08-2023 01:00,
15264,30616,Case Closed,21-07-2023 19:00,
15265,30617,Case Closed,16-07-2023 17:00,
15266,30618,Case Closed,24-05-2025 00:00,
15267,30619,Case Closed,16-09-2023 08:00,
15268,30620,Case Closed,06-07-2023 23:00,
15269,30621,Case Closed,29-09-2023 18:00,
15270,30622,Case Closed,11-08-2023 07:00,
15271,30625,Case Closed,19-09-2023 04:00,
15272,30629,Case Closed,31-07-2023 22:00,
15273,30630,Case Closed,30-09-2023 03:00,
15274,30632,Case Closed,10-09-2023 09:00,
15275,30633,Case Closed,25-01-2024 17:00,
15276,30635,Case Closed,29-07-2023 20:00,
15277,30636,Case Closed,01-09-2023 19:00,
15278,30638,Case Closed,13-09-2023 12:00,
15279,30642,Case Closed,14-08-2023 15:00,
15280,30644,Case Closed,18-08-2023 01:00,
15281,30646,Case Closed,27-07-2023 10:00,
15282,30647,Case Closed,15-07-2023 05:00,
15283,30649,Case Closed,24-07-2023 09:00,
15284,30650,Case Closed,17-02-2025 15:00,
15285,30651,Case Closed,12-09-2023 13:00,
15286,30652,Case Closed,22-04-2024 21:00,
15287,30654,Case Closed,25-07-2023 16:00,
15288,30655,Case Closed,23-09-2023 06:00,
15289,30659,Case Closed,09-07-2023 23:00,
15290,30661,Case Closed,29-11-2023 23:00,
15291,30663,Case Closed,11-09-2023 03:00,
15292,30664,Case Closed,30-08-2023 00:00,
15293,30665,Case Closed,28-07-2023 03:00,
15294,30666,Case Closed,31-07-2023 13:00,
15295,30669,Case Closed,25-07-2023 04:00,
15296,30672,Case Closed,21-09-2024 15:00,
15297,30675,Case Closed,09-08-2023 20:00,
15298,30676,Case Closed,10-08-2023 00:00,
15299,30679,Case Closed,16-07-2023 06:00,
15300,30680,Case Closed,05-08-2023 04:00,
15301,30682,Case Closed,13-08-2023 14:00,
15302,30687,Case Closed,18-09-2023 22:00,
15303,30693,Case Closed,16-07-2023 02:00,
15304,30694,Case Closed,25-09-2023 00:00,
15305,30695,Case Closed,12-07-2023 20:00,
15306,30698,Case Closed,11-07-2023 05:00,
15307,30699,Case Closed,28-07-2023 06:00,
15308,30701,Case Closed,06-09-2023 18:00,
15309,30702,Case Closed,20-12-2023 01:00,
15310,30704,Case Closed,09-09-2023 04:00,
15311,30711,Case Closed,28-06-2024 06:00,
15312,30712,Case Closed,13-08-2023 11:00,
15313,30714,Case Closed,30-07-2023 16:00,
15314,30717,Case Closed,08-10-2023 07:00,
15315,30718,Case Closed,30-05-2024 00:00,
15316,30720,Case Closed,08-08-2023 21:00,
15317,30721,Case Closed,24-07-2023 18:00,
15318,30724,Case Closed,07-09-2023 05:00,
15319,30725,Case Closed,01-10-2023 11:00,
15320,30726,Case Closed,29-08-2023 19:00,
15321,30727,Case Closed,06-09-2023 21:00,
15322,30728,Case Closed,27-11-2023 01:00,
15323,30736,Case Closed,15-08-2023 06:00,
15324,30738,Case Closed,20-07-2023 23:00,
15325,30740,Case Closed,27-07-2023 13:00,
15326,30742,Case Closed,15-09-2023 20:00,
15327,30747,Case Closed,22-07-2023 14:00,
15328,30748,Case Closed,02-10-2023 07:00,
15329,30749,Case Closed,02-09-2023 01:00,
15330,30752,Case Closed,15-07-2023 12:00,
15331,30753,Case Closed,31-08-2023 11:00,
15332,30756,Case Closed,13-08-2023 19:00,
15333,30757,Case Closed,30-07-2023 09:00,
15334,30758,Case Closed,12-08-2023 11:00,
15335,30759,Case Closed,03-04-2025 09:00,
15336,30760,Case Closed,21-09-2023 14:00,
15337,30763,Case Closed,31-12-2024 12:00,
15338,30764,Case Closed,21-08-2023 20:00,
15339,30765,Case Closed,16-10-2023 06:00,
15340,30768,Case Closed,27-09-2023 19:00,
15341,30770,Case Closed,27-08-2023 05:00,
15342,30771,Case Closed,28-08-2023 06:00,
15343,30778,Case Closed,22-08-2023 06:00,
15344,30779,Case Closed,14-08-2023 06:00,
15345,30780,Case Closed,01-08-2023 12:00,
15346,30781,Case Closed,14-08-2023 12:00,
15347,30784,Case Closed,29-10-2023 16:00,
15348,30785,Case Closed,05-08-2023 19:00,
15349,30787,Case Closed,31-08-2023 17:00,
15350,30788,Case Closed,11-08-2023 11:00,
15351,30790,Case Closed,01-10-2023 21:00,
15352,30791,Case Closed,18-07-2023 09:00,
15353,30796,Case Closed,18-08-2023 17:00,
15354,30800,Case Closed,21-09-2023 03:00,
15355,30801,Case Closed,23-08-2023 19:00,
15356,30803,Case Closed,04-10-2023 04:00,
15357,30805,Case Closed,23-08-2023 01:00,
15358,30809,Case Closed,04-10-2023 03:00,
15359,30810,Case Closed,26-09-2023 15:00,
15360,30811,Case Closed,16-09-2023 08:00,
15361,30815,Case Closed,08-08-2023 17:00,
15362,30820,Case Closed,27-09-2023 02:00,
15363,30821,Case Closed,29-07-2023 03:00,
15364,30823,Case Closed,24-05-2024 21:00,
15365,30825,Case Closed,22-08-2023 03:00,
15366,30829,Case Closed,22-08-2023 11:00,
15367,30832,Case Closed,12-08-2023 17:00,
15368,30837,Case Closed,14-09-2023 11:00,
15369,30839,Case Closed,06-08-2023 11:00,
15370,30840,Case Closed,24-07-2023 14:00,
15371,30843,Case Closed,19-07-2023 13:00,
15372,30847,Case Closed,06-09-2023 20:00,
15373,30848,Case Closed,25-07-2023 17:00,
15374,30849,Case Closed,03-08-2023 01:00,
15375,30855,Case Closed,28-09-2023 20:00,
15376,30858,Case Closed,25-09-2023 05:00,
15377,30859,Case Closed,25-07-2023 19:00,
15378,30866,Case Closed,16-07-2023 05:00,
15379,30868,Case Closed,17-09-2023 21:00,
15380,30869,Case Closed,23-08-2023 03:00,
15381,30870,Case Closed,16-08-2023 14:00,
15382,30872,Case Closed,28-08-2024 01:00,
15383,30873,Case Closed,10-08-2023 16:00,
15384,30874,Case Closed,23-07-2023 19:00,
15385,30875,Case Closed,07-10-2023 13:00,
15386,30876,Case Closed,18-07-2023 18:00,
15387,30877,Case Closed,29-07-2023 02:00,
15388,30878,Case Closed,07-10-2023 12:00,
15389,30879,Case Closed,17-07-2023 16:00,
15390,30884,Case Closed,08-10-2023 00:00,
15391,30887,Case Closed,05-08-2023 08:00,
15392,30889,Case Closed,06-08-2023 09:00,
15393,30890,Case Closed,31-08-2023 07:00,
15394,30892,Case Closed,23-07-2023 18:00,
15395,30894,Case Closed,07-08-2023 07:00,
15396,30896,Case Closed,08-10-2023 13:00,
15397,30898,Case Closed,31-07-2023 10:00,
15398,30899,Case Closed,26-09-2023 10:00,
15399,30903,Case Closed,21-07-2023 08:00,
15400,30905,Case Closed,11-08-2023 05:00,
15401,30906,Case Closed,27-07-2023 19:00,
15402,30907,Case Closed,22-08-2023 01:00,
15403,30908,Case Closed,28-08-2023 20:00,
15404,30911,Case Closed,04-08-2023 17:00,
15405,30915,Case Closed,22-08-2024 06:00,
15406,30916,Case Closed,24-07-2023 15:00,
15407,30918,Case Closed,25-10-2023 02:00,
15408,30919,Case Closed,01-10-2023 19:00,
15409,30921,Case Closed,24-03-2025 19:00,
15410,30922,Case Closed,19-09-2023 21:00,
15411,30924,Case Closed,11-10-2023 22:00,
15412,30925,Case Closed,25-07-2023 01:00,
15413,30926,Case Closed,07-09-2023 23:00,
15414,30927,Case Closed,13-08-2023 11:00,
15415,30928,Case Closed,28-08-2023 17:00,
15416,30929,Case Closed,19-08-2023 15:00,
15417,30933,Case Closed,03-12-2023 15:00,
15418,30937,Case Closed,28-07-2023 14:00,
15419,30940,Case Closed,03-10-2023 13:00,
15420,30943,Case Closed,02-11-2024 16:00,
15421,30947,Case Closed,12-04-2024 08:00,
15422,30949,Case Closed,22-08-2023 04:00,
15423,30953,Case Closed,21-09-2023 05:00,
15424,30954,Case Closed,03-08-2023 20:00,
15425,30957,Case Closed,26-08-2023 23:00,
15426,30958,Case Closed,04-10-2023 12:00,
15427,30962,Case Closed,03-10-2023 09:00,
15428,30963,Case Closed,26-09-2023 07:00,
15429,30965,Case Closed,24-08-2023 18:00,
15430,30966,Case Closed,21-07-2023 03:00,
15431,30968,Case Closed,29-07-2023 21:00,
15432,30969,Case Closed,12-10-2023 11:00,
15433,30977,Case Closed,29-08-2023 07:00,
15434,30978,Case Closed,11-08-2023 00:00,
15435,30979,Case Closed,20-07-2023 16:00,
15436,30980,Case Closed,07-08-2023 03:00,
15437,30982,Case Closed,05-08-2023 00:00,
15438,30984,Case Closed,19-09-2023 11:00,
15439,30985,Case Closed,19-07-2023 17:00,
15440,30988,Case Closed,02-08-2023 17:00,
15441,30990,Case Closed,11-08-2023 07:00,
15442,30991,Case Closed,19-08-2023 14:00,
15443,30996,Case Closed,08-11-2024 19:00,
15444,30998,Case Closed,20-08-2023 01:00,
15445,30999,Case Closed,11-08-2023 15:00,
15446,31000,Case Closed,07-09-2023 14:00,
15447,31002,Case Closed,11-10-2023 06:00,
15448,31003,Case Closed,06-10-2023 09:00,
15449,31004,Case Closed,01-10-2023 06:00,
15450,31006,Case Closed,29-07-2023 13:00,
15451,31007,Case Closed,18-08-2023 06:00,
15452,31008,Case Closed,14-12-2023 06:00,
15453,31010,Case Closed,16-09-2023 14:00,
15454,31011,Case Closed,14-07-2024 03:00,
15455,31012,Case Closed,23-07-2023 22:00,
15456,31014,Case Closed,19-08-2023 09:00,
15457,31015,Case Closed,09-08-2023 21:00,
15458,31016,Case Closed,02-09-2023 13:00,
15459,31017,Case Closed,07-09-2023 01:00,
15460,31023,Case Closed,25-08-2024 06:00,
15461,31027,Case Closed,02-10-2023 04:00,
15462,31031,Case Closed,06-10-2023 07:00,
15463,31032,Case Closed,16-11-2023 04:00,
15464,31033,Case Closed,10-07-2025 22:00,
15465,31035,Case Closed,28-09-2023 16:00,
15466,31037,Case Closed,02-01-2024 23:00,
15467,31038,Case Closed,14-08-2023 04:00,
15468,31041,Case Closed,05-10-2023 02:00,
15469,31043,Case Closed,06-08-2023 01:00,
15470,31045,Case Closed,22-08-2023 16:00,
15471,31046,Case Closed,12-08-2023 13:00,
15472,31047,Case Closed,12-08-2023 02:00,
15473,31049,Case Closed,07-08-2023 09:00,
15474,31052,Case Closed,11-09-2023 23:00,
15475,31054,Case Closed,01-09-2023 14:00,
15476,31056,Case Closed,20-08-2023 20:00,
15477,31058,Case Closed,08-09-2023 02:00,
15478,31064,Case Closed,13-08-2023 07:00,
15479,31065,Case Closed,16-08-2023 06:00,
15480,31066,Case Closed,26-08-2023 11:00,
15481,31067,Case Closed,24-09-2023 18:00,
15482,31068,Case Closed,08-09-2023 23:00,
15483,31069,Case Closed,15-08-2023 04:00,
15484,31070,Case Closed,16-05-2025 05:00,
15485,31073,Case Closed,16-08-2023 06:00,
15486,31074,Case Closed,09-10-2023 08:00,
15487,31077,Case Closed,02-09-2023 04:00,
15488,31078,Case Closed,19-10-2024 15:00,
15489,31079,Case Closed,21-08-2023 22:00,
15490,31081,Case Closed,30-07-2023 08:00,
15491,31083,Case Closed,11-08-2023 13:00,
15492,31085,Case Closed,05-09-2023 04:00,
15493,31087,Case Closed,26-07-2023 10:00,
15494,31088,Case Closed,02-01-2024 21:00,
15495,31089,Case Closed,29-08-2023 20:00,
15496,31092,Case Closed,04-10-2023 08:00,
15497,31094,Case Closed,04-10-2023 15:00,
15498,31095,Case Closed,02-08-2024 09:00,
15499,31097,Case Closed,24-12-2023 09:00,
15500,31107,Case Closed,09-10-2023 16:00,
15501,31108,Case Closed,24-08-2023 04:00,
15502,31110,Case Closed,12-09-2023 06:00,
15503,31111,Case Closed,11-10-2023 00:00,
15504,31112,Case Closed,03-08-2023 01:00,
15505,31113,Case Closed,16-10-2023 22:00,
15506,31116,Case Closed,26-09-2023 05:00,
15507,31117,Case Closed,04-08-2023 08:00,
15508,31118,Case Closed,14-09-2023 08:00,
15509,31120,Case Closed,11-08-2023 22:00,
15510,31121,Case Closed,26-08-2023 06:00,
15511,31123,Case Closed,17-10-2023 23:00,
15512,31124,Case Closed,07-08-2023 07:00,
15513,31125,Case Closed,18-09-2023 14:00,
15514,31126,Case Closed,01-08-2023 07:00,
15515,31127,Case Closed,12-09-2023 18:00,
15516,31129,Case Closed,24-07-2023 18:00,
15517,31132,Case Closed,20-08-2023 12:00,
15518,31133,Case Closed,13-09-2023 20:00,
15519,31135,Case Closed,17-12-2023 11:00,
15520,31136,Case Closed,12-12-2023 21:00,
15521,31137,Case Closed,07-10-2023 01:00,
15522,31138,Case Closed,02-10-2023 14:00,
15523,31139,Case Closed,24-08-2023 22:00,
15524,31142,Case Closed,03-08-2023 12:00,
15525,31147,Case Closed,30-09-2023 15:00,
15526,31149,Case Closed,31-08-2023 21:00,
15527,31150,Case Closed,29-09-2023 13:00,
15528,31151,Case Closed,28-08-2023 16:00,
15529,31153,Case Closed,31-07-2024 06:00,
15530,31156,Case Closed,20-10-2023 10:00,
15531,31157,Case Closed,03-09-2023 08:00,
15532,31159,Case Closed,29-10-2023 11:00,
15533,31160,Case Closed,28-08-2023 15:00,
15534,31163,Case Closed,07-08-2023 12:00,
15535,31164,Case Closed,12-08-2023 07:00,
15536,31165,Case Closed,03-08-2023 06:00,
15537,31167,Case Closed,13-09-2023 01:00,
15538,31168,Case Closed,04-09-2023 22:00,
15539,31169,Case Closed,11-10-2023 01:00,
15540,31171,Case Closed,30-09-2023 08:00,
15541,31175,Case Closed,11-09-2023 06:00,
15542,31180,Case Closed,13-08-2023 00:00,
15543,31181,Case Closed,01-06-2024 04:00,
15544,31188,Case Closed,09-08-2023 02:00,
15545,31189,Case Closed,29-09-2023 03:00,
15546,31190,Case Closed,17-09-2024 16:00,
15547,31191,Case Closed,23-09-2023 00:00,
15548,31192,Case Closed,13-08-2023 02:00,
15549,31197,Case Closed,22-09-2023 10:00,
15550,31198,Case Closed,02-10-2023 06:00,
15551,31199,Case Closed,03-09-2023 02:00,
15552,31200,Case Closed,20-06-2024 20:00,
15553,31201,Case Closed,13-09-2023 01:00,
15554,31203,Case Closed,22-10-2023 05:00,
15555,31204,Case Closed,03-09-2023 11:00,
15556,31208,Case Closed,01-09-2023 20:00,
15557,31209,Case Closed,13-08-2023 01:00,
15558,31212,Case Closed,15-09-2023 16:00,
15559,31214,Case Closed,03-08-2023 14:00,
15560,31215,Case Closed,28-08-2023 03:00,
15561,31216,Case Closed,16-08-2024 04:00,
15562,31220,Case Closed,29-07-2023 01:00,
15563,31223,Case Closed,18-10-2023 07:00,
15564,31225,Case Closed,20-10-2023 02:00,
15565,31227,Case Closed,06-09-2023 07:00,
15566,31228,Case Closed,12-07-2024 11:00,
15567,31229,Case Closed,12-10-2023 19:00,
15568,31233,Case Closed,11-08-2023 12:00,
15569,31234,Case Closed,01-09-2023 04:00,
15570,31236,Case Closed,07-10-2023 08:00,
15571,31237,Case Closed,16-10-2023 23:00,
15572,31240,Case Closed,25-08-2023 03:00,
15573,31244,Case Closed,11-09-2023 21:00,
15574,31246,Case Closed,28-09-2023 07:00,
15575,31248,Case Closed,08-02-2024 13:00,
15576,31250,Case Closed,15-12-2023 16:00,
15577,31251,Case Closed,26-08-2023 00:00,
15578,31252,Case Closed,20-09-2023 19:00,
15579,31253,Case Closed,23-10-2023 13:00,
15580,31254,Case Closed,31-07-2023 19:00,
15581,31255,Case Closed,17-08-2023 00:00,
15582,31256,Case Closed,23-10-2023 17:00,
15583,31258,Case Closed,07-11-2023 00:00,
15584,31260,Case Closed,15-08-2023 11:00,
15585,31261,Case Closed,25-08-2023 14:00,
15586,31266,Case Closed,01-10-2023 08:00,
15587,31268,Case Closed,15-10-2023 04:00,
15588,31271,Case Closed,03-10-2023 00:00,
15589,31272,Case Closed,15-08-2023 18:00,
15590,31274,Case Closed,22-08-2023 09:00,
15591,31277,Case Closed,30-09-2023 08:00,
15592,31281,Case Closed,15-09-2023 10:00,
15593,31282,Case Closed,22-08-2023 12:00,
15594,31284,Case Closed,01-10-2023 01:00,
15595,31287,Case Closed,18-08-2023 20:00,
15596,31291,Case Closed,13-09-2023 12:00,
15597,31292,Case Closed,14-08-2023 17:00,
15598,31293,Case Closed,09-08-2023 03:00,
15599,31294,Case Closed,24-09-2023 13:00,
15600,31298,Case Closed,04-10-2023 16:00,
15601,31299,Case Closed,21-08-2023 16:00,
15602,31301,Case Closed,06-08-2023 21:00,
15603,31303,Case Closed,03-10-2023 18:00,
15604,31306,Case Closed,02-09-2023 23:00,
15605,31311,Case Closed,05-10-2023 09:00,
15606,31312,Case Closed,14-01-2024 16:00,
15607,31316,Case Closed,23-10-2023 13:00,
15608,31317,Case Closed,20-09-2023 03:00,
15609,31318,Case Closed,21-08-2023 23:00,
15610,31319,Case Closed,31-12-2024 14:00,
15611,31320,Case Closed,23-11-2023 10:00,
15612,31321,Case Closed,02-08-2023 05:00,
15613,31324,Case Closed,23-09-2023 09:00,
15614,31325,Case Closed,28-07-2024 21:00,
15615,31327,Case Closed,02-09-2023 22:00,
15616,31328,Case Closed,17-10-2023 08:00,
15617,31330,Case Closed,10-10-2023 22:00,
15618,31336,Case Closed,14-08-2023 12:00,
15619,31339,Case Closed,10-10-2023 09:00,
15620,31341,Case Closed,05-10-2023 00:00,
15621,31343,Case Closed,27-09-2023 18:00,
15622,31348,Case Closed,14-09-2024 11:00,
15623,31349,Case Closed,10-10-2023 15:00,
15624,31350,Case Closed,14-08-2023 08:00,
15625,31352,Case Closed,22-10-2023 14:00,
15626,31353,Case Closed,03-09-2023 15:00,
15627,31354,Case Closed,07-01-2024 21:00,
15628,31355,Case Closed,29-09-2023 08:00,
15629,31357,Case Closed,08-08-2023 13:00,
15630,31359,Case Closed,22-08-2023 22:00,
15631,31362,Case Closed,01-09-2023 17:00,
15632,31366,Case Closed,11-10-2023 23:00,
15633,31368,Case Closed,15-08-2023 09:00,
15634,31369,Case Closed,04-09-2024 08:00,
15635,31370,Case Closed,18-12-2023 17:00,
15636,31371,Case Closed,05-08-2023 07:00,
15637,31373,Case Closed,25-01-2024 12:00,
15638,31374,Case Closed,02-10-2023 04:00,
15639,31375,Case Closed,30-10-2023 01:00,
15640,31377,Case Closed,16-09-2023 16:00,
15641,31378,Case Closed,15-09-2023 20:00,
15642,31379,Case Closed,13-09-2023 06:00,
15643,31381,Case Closed,28-02-2024 18:00,
15644,31382,Case Closed,10-08-2023 19:00,
15645,31384,Case Closed,23-10-2023 08:00,
15646,31389,Case Closed,12-10-2023 22:00,
15647,31390,Case Closed,25-10-2023 12:00,
15648,31391,Case Closed,11-01-2024 02:00,
15649,31392,Case Closed,20-05-2025 15:00,
15650,31396,Case Closed,23-08-2023 09:00,
15651,31400,Case Closed,08-10-2023 17:00,
15652,31401,Case Closed,08-10-2023 15:00,
15653,31402,Case Closed,08-10-2023 14:00,
15654,31403,Case Closed,26-08-2023 14:00,
15655,31404,Case Closed,13-08-2023 08:00,
15656,31405,Case Closed,29-08-2023 09:00,
15657,31406,Case Closed,13-08-2023 12:00,
15658,31407,Case Closed,14-08-2023 03:00,
15659,31409,Case Closed,11-08-2023 18:00,
15660,31410,Case Closed,21-08-2023 13:00,
15661,31412,Case Closed,25-08-2023 14:00,
15662,31413,Case Closed,30-10-2023 20:00,
15663,31415,Case Closed,15-09-2023 02:00,
15664,31417,Case Closed,08-10-2023 07:00,
15665,31419,Case Closed,20-09-2023 05:00,
15666,31420,Case Closed,11-09-2023 09:00,
15667,31421,Case Closed,31-08-2023 18:00,
15668,31422,Case Closed,13-09-2023 08:00,
15669,31426,Case Closed,22-09-2023 17:00,
15670,31428,Case Closed,03-09-2023 05:00,
15671,31429,Case Closed,31-08-2023 10:00,
15672,31430,Case Closed,28-08-2023 11:00,
15673,31432,Case Closed,21-10-2023 15:00,
15674,31433,Case Closed,21-12-2023 11:00,
15675,31436,Case Closed,10-10-2023 11:00,
15676,31441,Case Closed,29-08-2023 15:00,
15677,31442,Case Closed,01-09-2023 23:00,
15678,31444,Case Closed,24-09-2023 14:00,
15679,31445,Case Closed,11-09-2023 07:00,
15680,31447,Case Closed,10-10-2023 05:00,
15681,31449,Case Closed,29-09-2023 13:00,
15682,31453,Case Closed,17-08-2023 12:00,
15683,31454,Case Closed,11-04-2024 23:00,
15684,31455,Case Closed,17-10-2023 07:00,
15685,31458,Case Closed,01-11-2023 03:00,
15686,31459,Case Closed,02-10-2023 07:00,
15687,31462,Case Closed,25-10-2023 01:00,
15688,31463,Case Closed,09-10-2024 22:00,
15689,31465,Case Closed,06-09-2023 16:00,
15690,31467,Case Closed,03-12-2023 22:00,
15691,31468,Case Closed,25-08-2023 08:00,
15692,31469,Case Closed,03-11-2023 18:00,
15693,31473,Case Closed,15-10-2023 08:00,
15694,31474,Case Closed,16-10-2023 09:00,
15695,31475,Case Closed,16-08-2023 18:00,
15696,31476,Case Closed,01-10-2023 15:00,
15697,31478,Case Closed,01-10-2023 11:00,
15698,31479,Case Closed,03-10-2023 12:00,
15699,31484,Case Closed,23-10-2024 18:00,
15700,31487,Case Closed,25-08-2023 23:00,
15701,31489,Case Closed,26-10-2024 23:00,
15702,31490,Case Closed,07-10-2023 07:00,
15703,31491,Case Closed,29-10-2023 19:00,
15704,31494,Case Closed,18-10-2023 18:00,
15705,31496,Case Closed,26-08-2023 00:00,
15706,31503,Case Closed,24-09-2023 04:00,
15707,31505,Case Closed,11-09-2023 00:00,
15708,31508,Case Closed,08-09-2023 21:00,
15709,31510,Case Closed,19-09-2023 19:00,
15710,31511,Case Closed,18-09-2023 13:00,
15711,31512,Case Closed,21-08-2023 21:00,
15712,31513,Case Closed,24-08-2023 14:00,
15713,31515,Case Closed,20-09-2023 15:00,
15714,31516,Case Closed,31-10-2023 09:00,
15715,31518,Case Closed,22-09-2023 13:00,
15716,31519,Case Closed,07-09-2023 07:00,
15717,31520,Case Closed,16-08-2023 19:00,
15718,31522,Case Closed,15-08-2023 01:00,
15719,31524,Case Closed,14-09-2023 04:00,
15720,31526,Case Closed,07-10-2023 20:00,
15721,31527,Case Closed,24-02-2024 04:00,
15722,31528,Case Closed,25-10-2023 14:00,
15723,31531,Case Closed,08-10-2023 19:00,
15724,31535,Case Closed,05-11-2023 05:00,
15725,31536,Case Closed,21-09-2023 17:00,
15726,31539,Case Closed,11-09-2023 12:00,
15727,31541,Case Closed,27-09-2023 08:00,
15728,31542,Case Closed,19-09-2023 05:00,
15729,31543,Case Closed,06-01-2024 04:00,
15730,31545,Case Closed,29-09-2023 18:00,
15731,31546,Case Closed,24-09-2023 21:00,
15732,31547,Case Closed,28-08-2023 19:00,
15733,31548,Case Closed,10-11-2023 03:00,
15734,31549,Case Closed,29-08-2023 09:00,
15735,31550,Case Closed,16-05-2024 01:00,
15736,31551,Case Closed,20-09-2023 07:00,
15737,31552,Case Closed,21-10-2023 23:00,
15738,31553,Case Closed,18-08-2023 10:00,
15739,31557,Case Closed,14-09-2023 20:00,
15740,31559,Case Closed,15-10-2023 17:00,
15741,31561,Case Closed,17-10-2023 04:00,
15742,31562,Case Closed,03-09-2023 08:00,
15743,31563,Case Closed,26-10-2023 14:00,
15744,31564,Case Closed,06-11-2023 04:00,
15745,31565,Case Closed,14-10-2023 03:00,
15746,31566,Case Closed,09-10-2023 00:00,
15747,31568,Case Closed,22-10-2023 07:00,
15748,31571,Case Closed,07-11-2023 19:00,
15749,31572,Case Closed,27-08-2023 16:00,
15750,31573,Case Closed,08-10-2023 21:00,
15751,31576,Case Closed,30-08-2023 16:00,
15752,31577,Case Closed,29-10-2023 00:00,
15753,31580,Case Closed,23-10-2023 23:00,
15754,31583,Case Closed,22-10-2023 14:00,
15755,31588,Case Closed,03-08-2025 10:00,
15756,31589,Case Closed,21-10-2023 23:00,
15757,31590,Case Closed,27-09-2023 16:00,
15758,31592,Case Closed,22-09-2023 13:00,
15759,31595,Case Closed,31-10-2023 08:00,
15760,31596,Case Closed,22-03-2025 04:00,
15761,31597,Case Closed,06-10-2023 18:00,
15762,31598,Case Closed,26-09-2023 08:00,
15763,31600,Case Closed,25-10-2023 05:00,
15764,31609,Case Closed,15-10-2023 23:00,
15765,31611,Case Closed,23-08-2023 15:00,
15766,31613,Case Closed,24-09-2023 23:00,
15767,31614,Case Closed,27-10-2023 02:00,
15768,31615,Case Closed,21-09-2023 17:00,
15769,31617,Case Closed,02-09-2023 01:00,
15770,31618,Case Closed,14-02-2025 01:00,
15771,31621,Case Closed,24-09-2023 07:00,
15772,31622,Case Closed,04-10-2023 06:00,
15773,31624,Case Closed,18-09-2023 23:00,
15774,31625,Case Closed,08-09-2023 14:00,
15775,31626,Case Closed,18-09-2023 11:00,
15776,31627,Case Closed,18-10-2023 16:00,
15777,31628,Case Closed,25-10-2023 16:00,
15778,31629,Case Closed,14-09-2023 14:00,
15779,31631,Case Closed,28-10-2023 19:00,
15780,31632,Case Closed,08-09-2023 11:00,
15781,31633,Case Closed,12-10-2023 12:00,
15782,31634,Case Closed,16-09-2023 05:00,
15783,31636,Case Closed,13-08-2023 23:00,
15784,31638,Case Closed,30-08-2023 06:00,
15785,31639,Case Closed,29-08-2023 04:00,
15786,31642,Case Closed,28-08-2023 21:00,
15787,31643,Case Closed,10-09-2023 02:00,
15788,31644,Case Closed,09-06-2024 14:00,
15789,31646,Case Closed,13-10-2023 04:00,
15790,31648,Case Closed,29-08-2023 02:00,
15791,31649,Case Closed,08-09-2023 16:00,
15792,31650,Case Closed,01-09-2023 18:00,
15793,31651,Case Closed,03-11-2023 07:00,
15794,31652,Case Closed,21-12-2023 17:00,
15795,31654,Case Closed,07-10-2023 23:00,
15796,31655,Case Closed,29-10-2023 22:00,
15797,31658,Case Closed,18-08-2023 01:00,
15798,31660,Case Closed,05-11-2023 13:00,
15799,31661,Case Closed,24-01-2024 20:00,
15800,31663,Case Closed,30-08-2023 15:00,
15801,31664,Case Closed,29-10-2023 03:00,
15802,31666,Case Closed,24-03-2024 10:00,
15803,31667,Case Closed,30-08-2023 22:00,
15804,31672,Case Closed,07-11-2023 03:00,
15805,31673,Case Closed,21-11-2023 15:00,
15806,31676,Case Closed,24-08-2023 10:00,
15807,31677,Case Closed,16-02-2024 09:00,
15808,31679,Case Closed,04-09-2023 08:00,
15809,31681,Case Closed,06-09-2023 12:00,
15810,31682,Case Closed,01-11-2023 15:00,
15811,31683,Case Closed,21-09-2023 12:00,
15812,31684,Case Closed,28-09-2023 20:00,
15813,31685,Case Closed,12-05-2025 06:00,
15814,31687,Case Closed,28-09-2023 17:00,
15815,31690,Case Closed,12-11-2023 12:00,
15816,31693,Case Closed,29-08-2023 08:00,
15817,31697,Case Closed,05-09-2023 15:00,
15818,31701,Case Closed,25-10-2023 13:00,
15819,31702,Case Closed,06-09-2023 06:00,
15820,31704,Case Closed,13-09-2024 16:00,
15821,31705,Case Closed,04-09-2023 16:00,
15822,31706,Case Closed,17-10-2023 03:00,
15823,31707,Case Closed,21-09-2023 20:00,
15824,31709,Case Closed,31-08-2023 00:00,
15825,31711,Case Closed,28-10-2023 14:00,
15826,31713,Case Closed,31-10-2023 23:00,
15827,31717,Case Closed,17-10-2023 20:00,
15828,31720,Case Closed,25-10-2023 02:00,
15829,31722,Case Closed,07-11-2023 16:00,
15830,31723,Case Closed,14-11-2023 03:00,
15831,31725,Case Closed,11-09-2023 04:00,
15832,31726,Case Closed,19-09-2023 19:00,
15833,31727,Case Closed,03-11-2023 15:00,
15834,31728,Case Closed,02-09-2023 22:00,
15835,31730,Case Closed,03-04-2024 10:00,
15836,31736,Case Closed,17-10-2023 11:00,
15837,31737,Case Closed,27-08-2023 00:00,
15838,31738,Case Closed,11-10-2023 01:00,
15839,31739,Case Closed,02-04-2025 19:00,
15840,31740,Case Closed,06-10-2023 16:00,
15841,31741,Case Closed,03-09-2023 08:00,
15842,31746,Case Closed,16-09-2023 11:00,
15843,31748,Case Closed,20-10-2023 11:00,
15844,31749,Case Closed,23-09-2023 02:00,
15845,31750,Case Closed,01-09-2023 16:00,
15846,31752,Case Closed,17-10-2023 05:00,
15847,31754,Case Closed,29-08-2023 23:00,
15848,31755,Case Closed,02-11-2023 20:00,
15849,31756,Case Closed,01-10-2023 21:00,
15850,31757,Case Closed,15-10-2023 03:00,
15851,31759,Case Closed,07-11-2023 13:00,
15852,31761,Case Closed,26-10-2023 12:00,
15853,31762,Case Closed,26-08-2023 14:00,
15854,31763,Case Closed,17-09-2023 00:00,
15855,31764,Case Closed,16-01-2025 09:00,
15856,31765,Case Closed,11-10-2023 06:00,
15857,31767,Case Closed,28-10-2023 13:00,
15858,31770,Case Closed,23-09-2023 19:00,
15859,31774,Case Closed,13-11-2023 20:00,
15860,31775,Case Closed,30-08-2023 10:00,
15861,31776,Case Closed,12-10-2023 15:00,
15862,31777,Case Closed,03-09-2023 00:00,
15863,31778,Case Closed,06-11-2023 04:00,
15864,31783,Case Closed,12-10-2023 14:00,
15865,31784,Case Closed,18-10-2023 12:00,
15866,31785,Case Closed,12-09-2023 06:00,
15867,31788,Case Closed,09-12-2023 11:00,
15868,31792,Case Closed,23-09-2023 16:00,
15869,31793,Case Closed,24-09-2023 11:00,
15870,31798,Case Closed,30-10-2023 19:00,
15871,31799,Case Closed,14-09-2023 04:00,
15872,31800,Case Closed,22-09-2023 11:00,
15873,31805,Case Closed,06-10-2023 16:00,
15874,31806,Case Closed,07-09-2023 15:00,
15875,31807,Case Closed,26-09-2023 18:00,
15876,31808,Case Closed,25-10-2023 19:00,
15877,31809,Case Closed,08-09-2023 02:00,
15878,31810,Case Closed,12-10-2023 22:00,
15879,31811,Case Closed,23-08-2023 12:00,
15880,31813,Case Closed,23-10-2023 12:00,
15881,31814,Case Closed,29-08-2023 05:00,
15882,31815,Case Closed,30-08-2023 00:00,
15883,31818,Case Closed,30-09-2023 11:00,
15884,31821,Case Closed,13-09-2023 12:00,
15885,31822,Case Closed,17-10-2023 06:00,
15886,31823,Case Closed,03-11-2023 00:00,
15887,31825,Case Closed,03-10-2023 15:00,
15888,31827,Case Closed,01-11-2023 23:00,
15889,31836,Case Closed,15-09-2023 11:00,
15890,31838,Case Closed,18-11-2024 09:00,
15891,31840,Case Closed,01-09-2023 16:00,
15892,31841,Case Closed,03-09-2023 22:00,
15893,31842,Case Closed,08-11-2023 05:00,
15894,31843,Case Closed,24-10-2023 01:00,
15895,31845,Case Closed,29-06-2024 04:00,
15896,31846,Case Closed,01-11-2023 06:00,
15897,31847,Case Closed,12-11-2023 23:00,
15898,31849,Case Closed,22-09-2023 10:00,
15899,31850,Case Closed,11-01-2024 23:00,
15900,31851,Case Closed,07-09-2023 20:00,
15901,31853,Case Closed,01-11-2023 17:00,
15902,31855,Case Closed,12-09-2024 12:00,
15903,31856,Case Closed,30-09-2023 12:00,
15904,31858,Case Closed,10-11-2023 23:00,
15905,31860,Case Closed,14-09-2023 15:00,
15906,31861,Case Closed,02-07-2024 01:00,
15907,31862,Case Closed,13-03-2025 08:00,
15908,31863,Case Closed,05-09-2023 17:00,
15909,31864,Case Closed,12-10-2023 02:00,
15910,31867,Case Closed,17-11-2023 22:00,
15911,31870,Case Closed,26-10-2023 22:00,
15912,31872,Case Closed,07-10-2023 05:00,
15913,31873,Case Closed,06-11-2023 02:00,
15914,31874,Case Closed,05-10-2023 15:00,
15915,31876,Case Closed,25-12-2023 08:00,
15916,31878,Case Closed,28-08-2023 19:00,
15917,31879,Case Closed,30-09-2023 13:00,
15918,31880,Case Closed,15-10-2023 17:00,
15919,31881,Case Closed,03-11-2023 20:00,
15920,31888,Case Closed,12-09-2023 06:00,
15921,31893,Case Closed,11-10-2023 11:00,
15922,31894,Case Closed,21-10-2023 14:00,
15923,31895,Case Closed,08-10-2023 03:00,
15924,31897,Case Closed,09-09-2023 23:00,
15925,31899,Case Closed,23-09-2023 04:00,
15926,31900,Case Closed,09-11-2023 09:00,
15927,31901,Case Closed,18-09-2023 08:00,
15928,31903,Case Closed,17-09-2023 17:00,
15929,31904,Case Closed,11-09-2023 23:00,
15930,31905,Case Closed,03-10-2023 14:00,
15931,31910,Case Closed,06-09-2023 13:00,
15932,31911,Case Closed,29-08-2023 16:00,
15933,31914,Case Closed,19-11-2023 12:00,
15934,31917,Case Closed,16-09-2023 13:00,
15935,31920,Case Closed,04-10-2023 00:00,
15936,31922,Case Closed,01-10-2023 12:00,
15937,31923,Case Closed,15-09-2023 10:00,
15938,31928,Case Closed,19-11-2023 07:00,
15939,31929,Case Closed,30-10-2023 21:00,
15940,31930,Case Closed,13-11-2023 23:00,
15941,31934,Case Closed,30-09-2023 08:00,
15942,31937,Case Closed,20-09-2023 11:00,
15943,31942,Case Closed,14-11-2023 06:00,
15944,31945,Case Closed,11-10-2023 05:00,
15945,31947,Case Closed,15-09-2023 20:00,
15946,31949,Case Closed,09-11-2023 07:00,
15947,31950,Case Closed,04-10-2023 20:00,
15948,31954,Case Closed,02-01-2025 18:00,
15949,31956,Case Closed,18-09-2023 17:00,
15950,31957,Case Closed,05-09-2023 20:00,
15951,31963,Case Closed,12-11-2023 23:00,
15952,31964,Case Closed,28-08-2024 03:00,
15953,31965,Case Closed,08-10-2023 22:00,
15954,31966,Case Closed,30-09-2023 17:00,
15955,31968,Case Closed,05-10-2023 03:00,
15956,31969,Case Closed,21-11-2023 18:00,
15957,31970,Case Closed,08-10-2023 05:00,
15958,31972,Case Closed,04-11-2023 18:00,
15959,31973,Case Closed,11-11-2023 14:00,
15960,31974,Case Closed,22-11-2023 16:00,
15961,31975,Case Closed,16-02-2024 16:00,
15962,31979,Case Closed,23-10-2023 00:00,
15963,31981,Case Closed,09-10-2023 15:00,
15964,31985,Case Closed,11-11-2023 06:00,
15965,31988,Case Closed,21-10-2023 23:00,
15966,31990,Case Closed,09-10-2023 06:00,
15967,31992,Case Closed,04-11-2023 19:00,
15968,31994,Case Closed,07-11-2023 12:00,
15969,31996,Case Closed,22-09-2023 20:00,
15970,31997,Case Closed,10-09-2023 22:00,
15971,31998,Case Closed,10-09-2023 19:00,
15972,31999,Case Closed,05-09-2023 04:00,
15973,32001,Case Closed,18-09-2023 17:00,
15974,32003,Case Closed,13-09-2023 21:00,
15975,32006,Case Closed,18-10-2023 22:00,
15976,32007,Case Closed,14-11-2023 03:00,
15977,32010,Case Closed,27-10-2023 07:00,
15978,32013,Case Closed,20-09-2023 06:00,
15979,32014,Case Closed,19-03-2025 22:00,
15980,32015,Case Closed,05-09-2023 07:00,
15981,32016,Case Closed,24-10-2023 03:00,
15982,32020,Case Closed,16-01-2025 19:00,
15983,32022,Case Closed,21-10-2023 00:00,
15984,32023,Case Closed,18-05-2025 15:00,
15985,32028,Case Closed,27-02-2025 09:00,
15986,32029,Case Closed,30-10-2023 22:00,
15987,32031,Case Closed,15-11-2023 16:00,
15988,32034,Case Closed,01-10-2023 09:00,
15989,32036,Case Closed,19-09-2023 08:00,
15990,32038,Case Closed,17-11-2023 05:00,
15991,32039,Case Closed,20-09-2023 15:00,
15992,32040,Case Closed,30-10-2023 20:00,
15993,32041,Case Closed,22-10-2023 08:00,
15994,32044,Case Closed,25-09-2023 03:00,
15995,32045,Case Closed,07-10-2023 23:00,
15996,32046,Case Closed,14-02-2024 20:00,
15997,32047,Case Closed,24-05-2025 03:00,
15998,32049,Case Closed,11-09-2023 16:00,
15999,32051,Case Closed,28-10-2023 07:00,
16000,32053,Case Closed,23-08-2024 20:00,
16001,32054,Case Closed,02-10-2023 17:00,
16002,32055,Case Closed,04-09-2023 19:00,
16003,32056,Case Closed,11-10-2023 23:00,
16004,32059,Case Closed,30-09-2023 06:00,
16005,32060,Case Closed,01-10-2023 17:00,
16006,32063,Case Closed,22-09-2023 23:00,
16007,32065,Case Closed,14-02-2024 01:00,
16008,32066,Case Closed,19-11-2023 10:00,
16009,32067,Case Closed,11-11-2023 13:00,
16010,32069,Case Closed,03-11-2023 14:00,
16011,32071,Case Closed,12-10-2023 01:00,
16012,32075,Case Closed,24-10-2023 22:00,
16013,32076,Case Closed,19-10-2023 11:00,
16014,32077,Case Closed,02-08-2024 00:00,
16015,32080,Case Closed,06-10-2023 05:00,
16016,32082,Case Closed,10-08-2025 23:00,
16017,32091,Case Closed,08-11-2024 17:00,
16018,32093,Case Closed,08-10-2023 20:00,
16019,32094,Case Closed,08-10-2023 09:00,
16020,32095,Case Closed,22-11-2023 11:00,
16021,32096,Case Closed,15-02-2025 07:00,
16022,32100,Case Closed,30-03-2025 14:00,
16023,32102,Case Closed,03-10-2023 01:00,
16024,32103,Case Closed,18-01-2024 06:00,
16025,32105,Case Closed,19-09-2023 03:00,
16026,32106,Case Closed,23-09-2023 11:00,
16027,32107,Case Closed,27-11-2023 21:00,
16028,32108,Case Closed,21-10-2023 17:00,
16029,32110,Case Closed,28-09-2023 14:00,
16030,32111,Case Closed,24-11-2023 06:00,
16031,32116,Case Closed,03-11-2023 14:00,
16032,32119,Case Closed,20-11-2023 14:00,
16033,32123,Case Closed,09-10-2023 18:00,
16034,32125,Case Closed,04-11-2023 01:00,
16035,32127,Case Closed,27-10-2023 21:00,
16036,32130,Case Closed,03-12-2023 20:00,
16037,32133,Case Closed,02-11-2023 08:00,
16038,32138,Case Closed,11-09-2023 03:00,
16039,32143,Case Closed,02-09-2023 10:00,
16040,32144,Case Closed,09-10-2023 12:00,
16041,32146,Case Closed,04-07-2024 16:00,
16042,32149,Case Closed,10-11-2023 06:00,
16043,32153,Case Closed,19-10-2023 08:00,
16044,32154,Case Closed,23-09-2023 18:00,
16045,32155,Case Closed,09-09-2023 21:00,
16046,32156,Case Closed,07-12-2023 20:00,
16047,32157,Case Closed,14-05-2025 12:00,
16048,32158,Case Closed,10-10-2023 23:00,
16049,32160,Case Closed,20-11-2023 01:00,
16050,32161,Case Closed,11-11-2023 19:00,
16051,32165,Case Closed,07-11-2023 00:00,
16052,32166,Case Closed,16-11-2023 11:00,
16053,32167,Case Closed,07-09-2023 20:00,
16054,32170,Case Closed,24-10-2023 16:00,
16055,32174,Case Closed,25-10-2023 01:00,
16056,32176,Case Closed,13-10-2023 00:00,
16057,32177,Case Closed,01-10-2023 01:00,
16058,32178,Case Closed,25-11-2023 06:00,
16059,32180,Case Closed,19-11-2023 13:00,
16060,32181,Case Closed,20-09-2023 15:00,
16061,32182,Case Closed,18-09-2023 05:00,
16062,32183,Case Closed,27-10-2023 18:00,
16063,32184,Case Closed,24-10-2023 19:00,
16064,32186,Case Closed,09-11-2023 21:00,
16065,32187,Case Closed,20-10-2023 03:00,
16066,32188,Case Closed,22-10-2023 19:00,
16067,32189,Case Closed,17-10-2023 18:00,
16068,32190,Case Closed,30-10-2023 19:00,
16069,32193,Case Closed,19-09-2023 05:00,
16070,32194,Case Closed,15-09-2023 07:00,
16071,32196,Case Closed,12-12-2023 02:00,
16072,32197,Case Closed,08-09-2023 16:00,
16073,32201,Case Closed,29-10-2023 08:00,
16074,32205,Case Closed,22-09-2023 00:00,
16075,32206,Case Closed,24-06-2024 08:00,
16076,32207,Case Closed,22-09-2023 11:00,
16077,32208,Case Closed,12-01-2025 02:00,
16078,32210,Case Closed,23-11-2023 20:00,
16079,32213,Case Closed,23-09-2023 14:00,
16080,32216,Case Closed,09-10-2023 17:00,
16081,32219,Case Closed,22-11-2023 09:00,
16082,32220,Case Closed,09-10-2023 12:00,
16083,32221,Case Closed,26-10-2023 20:00,
16084,32223,Case Closed,22-09-2023 10:00,
16085,32224,Case Closed,16-09-2023 21:00,
16086,32226,Case Closed,20-10-2023 13:00,
16087,32229,Case Closed,23-12-2023 11:00,
16088,32230,Case Closed,24-12-2023 21:00,
16089,32231,Case Closed,09-10-2023 21:00,
16090,32232,Case Closed,12-11-2023 15:00,
16091,32233,Case Closed,18-11-2023 13:00,
16092,32234,Case Closed,01-03-2024 03:00,
16093,32236,Case Closed,09-10-2023 18:00,
16094,32237,Case Closed,23-09-2023 19:00,
16095,32238,Case Closed,24-09-2023 02:00,
16096,32239,Case Closed,13-09-2023 09:00,
16097,32240,Case Closed,10-10-2023 14:00,
16098,32241,Case Closed,12-11-2023 11:00,
16099,32242,Case Closed,24-09-2023 08:00,
16100,32244,Case Closed,18-11-2023 19:00,
16101,32245,Case Closed,15-01-2024 11:00,
16102,32246,Case Closed,15-10-2023 03:00,
16103,32247,Case Closed,22-09-2023 22:00,
16104,32251,Case Closed,01-10-2023 10:00,
16105,32255,Case Closed,11-09-2023 05:00,
16106,32259,Case Closed,15-09-2023 11:00,
16107,32260,Case Closed,08-10-2023 13:00,
16108,32262,Case Closed,18-10-2023 16:00,
16109,32263,Case Closed,09-10-2023 14:00,
16110,32264,Case Closed,06-11-2023 16:00,
16111,32265,Case Closed,09-10-2023 11:00,
16112,32267,Case Closed,01-11-2023 04:00,
16113,32270,Case Closed,03-12-2023 14:00,
16114,32271,Case Closed,12-10-2023 11:00,
16115,32272,Case Closed,23-01-2024 16:00,
16116,32274,Case Closed,23-09-2023 12:00,
16117,32275,Case Closed,16-09-2023 12:00,
16118,32276,Case Closed,20-11-2023 23:00,
16119,32281,Case Closed,29-09-2023 04:00,
16120,32284,Case Closed,26-09-2023 09:00,
16121,32285,Case Closed,23-09-2023 21:00,
16122,32289,Case Closed,17-11-2023 22:00,
16123,32290,Case Closed,18-09-2023 10:00,
16124,32291,Case Closed,27-11-2023 23:00,
16125,32292,Case Closed,24-10-2023 02:00,
16126,32293,Case Closed,23-10-2023 18:00,
16127,32297,Case Closed,01-12-2023 23:00,
16128,32299,Case Closed,14-09-2023 20:00,
16129,32300,Case Closed,23-11-2023 09:00,
16130,32301,Case Closed,03-07-2025 01:00,
16131,32306,Case Closed,23-10-2023 00:00,
16132,32308,Case Closed,03-10-2023 09:00,
16133,32309,Case Closed,06-12-2023 21:00,
16134,32311,Case Closed,21-10-2023 03:00,
16135,32316,Case Closed,02-12-2023 19:00,
16136,32317,Case Closed,24-03-2025 18:00,
16137,32318,Case Closed,28-02-2024 06:00,
16138,32322,Case Closed,28-11-2023 01:00,
16139,32323,Case Closed,17-11-2023 17:00,
16140,32324,Case Closed,20-09-2023 03:00,
16141,32326,Case Closed,18-09-2023 18:00,
16142,32327,Case Closed,09-12-2023 17:00,
16143,32330,Case Closed,09-07-2024 19:00,
16144,32331,Case Closed,02-10-2023 07:00,
16145,32333,Case Closed,07-10-2023 22:00,
16146,32337,Case Closed,17-09-2023 11:00,
16147,32338,Case Closed,08-10-2023 16:00,
16148,32339,Case Closed,29-09-2023 04:00,
16149,32341,Case Closed,30-11-2023 19:00,
16150,32343,Case Closed,06-10-2023 04:00,
16151,32350,Case Closed,29-12-2023 01:00,
16152,32351,Case Closed,25-08-2024 23:00,
16153,32353,Case Closed,05-10-2023 06:00,
16154,32354,Case Closed,29-03-2025 03:00,
16155,32356,Case Closed,28-09-2023 03:00,
16156,32357,Case Closed,08-12-2023 20:00,
16157,32358,Case Closed,24-11-2023 03:00,
16158,32361,Case Closed,19-09-2023 22:00,
16159,32362,Case Closed,29-09-2023 16:00,
16160,32364,Case Closed,09-10-2023 14:00,
16161,32365,Case Closed,28-11-2023 14:00,
16162,32366,Case Closed,23-09-2023 17:00,
16163,32367,Case Closed,13-11-2023 06:00,
16164,32369,Case Closed,02-11-2023 10:00,
16165,32371,Case Closed,21-09-2024 10:00,
16166,32372,Case Closed,06-10-2023 08:00,
16167,32373,Case Closed,26-10-2023 19:00,
16168,32376,Case Closed,19-10-2023 07:00,
16169,32378,Case Closed,04-10-2024 20:00,
16170,32379,Case Closed,22-10-2023 06:00,
16171,32384,Case Closed,21-10-2023 15:00,
16172,32387,Case Closed,15-11-2023 23:00,
16173,32389,Case Closed,02-12-2023 00:00,
16174,32390,Case Closed,25-11-2023 04:00,
16175,32391,Case Closed,06-12-2023 23:00,
16176,32394,Case Closed,20-04-2024 18:00,
16177,32399,Case Closed,14-11-2023 20:00,
16178,32403,Case Closed,15-05-2025 17:00,
16179,32405,Case Closed,14-11-2023 09:00,
16180,32406,Case Closed,16-10-2023 11:00,
16181,32410,Case Closed,07-11-2023 16:00,
16182,32412,Case Closed,20-11-2023 14:00,
16183,32417,Case Closed,29-11-2023 14:00,
16184,32418,Case Closed,24-10-2023 05:00,
16185,32420,Case Closed,07-12-2023 08:00,
16186,32421,Case Closed,24-09-2023 06:00,
16187,32422,Case Closed,15-10-2023 03:00,
16188,32423,Case Closed,06-08-2025 04:00,
16189,32424,Case Closed,28-09-2023 11:00,
16190,32427,Case Closed,30-01-2024 01:00,
16191,32428,Case Closed,20-11-2023 07:00,
16192,32429,Case Closed,03-07-2024 09:00,
16193,32430,Case Closed,03-10-2023 00:00,
16194,32434,Case Closed,20-09-2023 16:00,
16195,32435,Case Closed,24-10-2023 12:00,
16196,32438,Case Closed,18-10-2023 21:00,
16197,32439,Case Closed,04-10-2023 06:00,
16198,32441,Case Closed,30-09-2023 03:00,
16199,32444,Case Closed,13-10-2023 20:00,
16200,32446,Case Closed,24-11-2023 16:00,
16201,32447,Case Closed,02-11-2023 11:00,
16202,32449,Case Closed,11-11-2023 19:00,
16203,32450,Case Closed,15-10-2023 19:00,
16204,32453,Case Closed,28-10-2023 12:00,
16205,32457,Case Closed,01-10-2023 22:00,
16206,32459,Case Closed,15-12-2023 00:00,
16207,32460,Case Closed,10-10-2023 05:00,
16208,32464,Case Closed,22-09-2023 07:00,
16209,32467,Case Closed,16-10-2023 22:00,
16210,32469,Case Closed,11-08-2025 11:00,
16211,32471,Case Closed,05-10-2023 17:00,
16212,32472,Case Closed,01-12-2023 23:00,
16213,32477,Case Closed,09-12-2023 12:00,
16214,32478,Case Closed,03-10-2023 10:00,
16215,32479,Case Closed,01-10-2023 17:00,
16216,32480,Case Closed,11-11-2023 13:00,
16217,32481,Case Closed,05-11-2023 13:00,
16218,32482,Case Closed,14-12-2023 23:00,
16219,32484,Case Closed,17-11-2023 13:00,
16220,32486,Case Closed,28-10-2023 22:00,
16221,32488,Case Closed,26-09-2023 04:00,
16222,32489,Case Closed,10-10-2023 04:00,
16223,32490,Case Closed,05-05-2024 07:00,
16224,32493,Case Closed,12-11-2023 00:00,
16225,32494,Case Closed,30-11-2023 19:00,
16226,32495,Case Closed,05-10-2023 17:00,
16227,32496,Case Closed,05-10-2023 20:00,
16228,32497,Case Closed,01-11-2023 03:00,
16229,32498,Case Closed,06-10-2023 13:00,
16230,32500,Case Closed,06-12-2023 06:00,
16231,32501,Case Closed,02-12-2023 02:00,
16232,32504,Case Closed,10-11-2023 01:00,
16233,32507,Case Closed,10-12-2024 13:00,
16234,32508,Case Closed,04-11-2023 13:00,
16235,32509,Case Closed,03-02-2024 20:00,
16236,32510,Case Closed,20-09-2023 19:00,
16237,32511,Case Closed,05-12-2023 14:00,
16238,32512,Case Closed,02-12-2023 11:00,
16239,32513,Case Closed,31-10-2023 19:00,
16240,32519,Case Closed,14-12-2023 02:00,
16241,32520,Case Closed,09-10-2023 00:00,
16242,32523,Case Closed,07-11-2023 10:00,
16243,32525,Case Closed,13-11-2023 02:00,
16244,32527,Case Closed,21-10-2023 08:00,
16245,32528,Case Closed,31-08-2024 16:00,
16246,32529,Case Closed,30-10-2023 16:00,
16247,32531,Case Closed,04-07-2025 16:00,
16248,32532,Case Closed,16-10-2023 04:00,
16249,32534,Case Closed,03-12-2023 01:00,
16250,32535,Case Closed,28-11-2023 20:00,
16251,32537,Case Closed,24-11-2023 03:00,
16252,32538,Case Closed,14-10-2023 09:00,
16253,32539,Case Closed,04-11-2023 06:00,
16254,32540,Case Closed,11-10-2023 21:00,
16255,32541,Case Closed,02-10-2023 11:00,
16256,32543,Case Closed,20-10-2023 21:00,
16257,32544,Case Closed,04-10-2023 17:00,
16258,32545,Case Closed,09-10-2023 12:00,
16259,32546,Case Closed,03-02-2024 10:00,
16260,32547,Case Closed,15-12-2023 17:00,
16261,32549,Case Closed,28-09-2023 08:00,
16262,32550,Case Closed,13-12-2023 07:00,
16263,32552,Case Closed,18-01-2024 21:00,
16264,32555,Case Closed,07-10-2023 11:00,
16265,32556,Case Closed,16-11-2023 03:00,
16266,32558,Case Closed,18-11-2023 02:00,
16267,32559,Case Closed,17-10-2023 23:00,
16268,32561,Case Closed,07-10-2023 11:00,
16269,32564,Case Closed,04-10-2023 05:00,
16270,32565,Case Closed,07-11-2023 08:00,
16271,32566,Case Closed,31-03-2025 11:00,
16272,32568,Case Closed,23-11-2023 12:00,
16273,32571,Case Closed,30-10-2023 00:00,
16274,32572,Case Closed,26-10-2024 19:00,
16275,32576,Case Closed,02-11-2023 21:00,
16276,32577,Case Closed,14-10-2023 17:00,
16277,32578,Case Closed,12-10-2023 19:00,
16278,32579,Case Closed,03-10-2023 22:00,
16279,32580,Case Closed,20-10-2023 20:00,
16280,32581,Case Closed,04-12-2023 10:00,
16281,32583,Case Closed,27-11-2023 09:00,
16282,32584,Case Closed,06-10-2023 06:00,
16283,32587,Case Closed,24-10-2023 04:00,
16284,32589,Case Closed,03-11-2023 11:00,
16285,32591,Case Closed,29-11-2023 16:00,
16286,32592,Case Closed,01-01-2025 04:00,
16287,32594,Case Closed,07-11-2023 18:00,
16288,32595,Case Closed,17-10-2023 20:00,
16289,32596,Case Closed,20-10-2023 13:00,
16290,32597,Case Closed,16-11-2023 20:00,
16291,32598,Case Closed,09-10-2023 14:00,
16292,32601,Case Closed,01-10-2023 15:00,
16293,32603,Case Closed,02-10-2023 14:00,
16294,32608,Case Closed,14-10-2023 17:00,
16295,32609,Case Closed,22-03-2025 00:00,
16296,32611,Case Closed,13-11-2023 16:00,
16297,32612,Case Closed,02-01-2024 14:00,
16298,32613,Case Closed,12-12-2023 20:00,
16299,32616,Case Closed,07-10-2023 09:00,
16300,32617,Case Closed,29-11-2023 03:00,
16301,32619,Case Closed,29-10-2023 22:00,
16302,32622,Case Closed,07-10-2023 20:00,
16303,32623,Case Closed,27-10-2023 21:00,
16304,32625,Case Closed,10-09-2025 20:00,
16305,32631,Case Closed,14-10-2023 06:00,
16306,32632,Case Closed,09-02-2024 07:00,
16307,32635,Case Closed,08-10-2023 09:00,
16308,32636,Case Closed,23-10-2023 06:00,
16309,32641,Case Closed,26-11-2023 06:00,
16310,32645,Case Closed,18-12-2023 05:00,
16311,32646,Case Closed,23-06-2024 19:00,
16312,32647,Case Closed,12-01-2024 15:00,
16313,32649,Case Closed,27-09-2023 10:00,
16314,32650,Case Closed,28-10-2023 13:00,
16315,32652,Case Closed,25-10-2023 12:00,
16316,32654,Case Closed,02-10-2023 23:00,
16317,32657,Case Closed,07-10-2023 23:00,
16318,32658,Case Closed,12-10-2023 03:00,
16319,32659,Case Closed,21-12-2023 21:00,
16320,32660,Case Closed,01-11-2023 11:00,
16321,32662,Case Closed,21-11-2023 03:00,
16322,32663,Case Closed,14-10-2023 18:00,
16323,32665,Case Closed,17-11-2023 03:00,
16324,32670,Case Closed,28-09-2023 13:00,
16325,32671,Case Closed,01-10-2023 18:00,
16326,32672,Case Closed,10-10-2023 22:00,
16327,32673,Case Closed,31-10-2023 23:00,
16328,32675,Case Closed,08-10-2023 18:00,
16329,32676,Case Closed,30-10-2023 23:00,
16330,32678,Case Closed,10-11-2023 03:00,
16331,32680,Case Closed,19-11-2023 14:00,
16332,32682,Case Closed,18-03-2025 15:00,
16333,32687,Case Closed,24-11-2023 13:00,
16334,32688,Case Closed,29-11-2023 21:00,
16335,32689,Case Closed,24-10-2023 02:00,
16336,32690,Case Closed,10-11-2023 13:00,
16337,32693,Case Closed,29-10-2023 05:00,
16338,32694,Case Closed,24-11-2023 16:00,
16339,32700,Case Closed,20-10-2023 19:00,
16340,32701,Case Closed,07-05-2024 14:00,
16341,32705,Case Closed,26-11-2023 02:00,
16342,32706,Case Closed,16-11-2023 21:00,
16343,32708,Case Closed,21-10-2023 11:00,
16344,32709,Case Closed,27-11-2023 00:00,
16345,32710,Case Closed,08-12-2023 18:00,
16346,32711,Case Closed,30-11-2023 13:00,
16347,32712,Case Closed,02-10-2023 04:00,
16348,32713,Case Closed,14-12-2023 15:00,
16349,32714,Case Closed,29-11-2023 05:00,
16350,32715,Case Closed,13-12-2023 05:00,
16351,32719,Case Closed,18-03-2025 14:00,
16352,32723,Case Closed,27-11-2023 22:00,
16353,32724,Case Closed,11-10-2023 17:00,
16354,32727,Case Closed,29-05-2025 08:00,
16355,32728,Case Closed,11-11-2023 06:00,
16356,32731,Case Closed,18-11-2023 00:00,
16357,32732,Case Closed,12-10-2023 06:00,
16358,32733,Case Closed,20-11-2024 19:00,
16359,32736,Case Closed,22-07-2025 10:00,
16360,32737,Case Closed,06-12-2023 15:00,
16361,32739,Case Closed,21-01-2025 10:00,
16362,32742,Case Closed,24-12-2023 03:00,
16363,32743,Case Closed,10-11-2023 08:00,
16364,32749,Case Closed,22-11-2023 14:00,
16365,32750,Case Closed,06-10-2023 22:00,
16366,32753,Case Closed,09-11-2023 15:00,
16367,32754,Case Closed,20-07-2025 22:00,
16368,32755,Case Closed,14-11-2023 03:00,
16369,32760,Case Closed,20-11-2023 06:00,
16370,32761,Case Closed,09-12-2023 06:00,
16371,32762,Case Closed,26-11-2023 07:00,
16372,32765,Case Closed,18-11-2023 01:00,
16373,32768,Case Closed,04-11-2023 11:00,
16374,32769,Case Closed,08-10-2023 22:00,
16375,32773,Case Closed,12-11-2023 10:00,
16376,32774,Case Closed,11-11-2023 12:00,
16377,32775,Case Closed,01-11-2023 16:00,
16378,32777,Case Closed,07-10-2023 13:00,
16379,32778,Case Closed,29-10-2023 16:00,
16380,32780,Case Closed,18-11-2024 07:00,
16381,32782,Case Closed,19-12-2023 22:00,
16382,32784,Case Closed,21-10-2023 07:00,
16383,32788,Case Closed,05-01-2025 05:00,
16384,32789,Case Closed,13-10-2023 07:00,
16385,32791,Case Closed,12-12-2023 22:00,
16386,32796,Case Closed,25-11-2023 07:00,
16387,32797,Case Closed,03-11-2023 16:00,
16388,32799,Case Closed,10-10-2023 15:00,
16389,32803,Case Closed,17-10-2023 16:00,
16390,32804,Case Closed,20-11-2023 16:00,
16391,32806,Case Closed,16-11-2023 09:00,
16392,32807,Case Closed,30-11-2023 17:00,
16393,32809,Case Closed,29-12-2023 12:00,
16394,32810,Case Closed,28-10-2023 00:00,
16395,32814,Case Closed,20-12-2023 04:00,
16396,32815,Case Closed,23-10-2023 04:00,
16397,32816,Case Closed,07-04-2025 03:00,
16398,32818,Case Closed,18-10-2023 02:00,
16399,32819,Case Closed,22-11-2023 20:00,
16400,32823,Case Closed,18-11-2023 10:00,
16401,32825,Case Closed,25-10-2023 08:00,
16402,32827,Case Closed,28-02-2025 14:00,
16403,32835,Case Closed,20-12-2023 20:00,
16404,32836,Case Closed,11-10-2023 12:00,
16405,32837,Case Closed,17-12-2023 23:00,
16406,32840,Case Closed,13-11-2023 09:00,
16407,32842,Case Closed,25-12-2023 11:00,
16408,32846,Case Closed,28-04-2025 12:00,
16409,32847,Case Closed,01-11-2024 18:00,
16410,32849,Case Closed,19-12-2023 08:00,
16411,32853,Case Closed,03-04-2024 15:00,
16412,32856,Case Closed,13-12-2023 13:00,
16413,32859,Case Closed,24-11-2023 05:00,
16414,32861,Case Closed,13-02-2024 10:00,
16415,32862,Case Closed,28-11-2023 16:00,
16416,32864,Case Closed,31-12-2023 00:00,
16417,32867,Case Closed,06-10-2023 01:00,
16418,32868,Case Closed,20-01-2024 20:00,
16419,32874,Case Closed,10-11-2023 16:00,
16420,32875,Case Closed,16-10-2023 06:00,
16421,32876,Case Closed,08-11-2023 15:00,
16422,32880,Case Closed,09-12-2023 08:00,
16423,32881,Case Closed,30-12-2023 15:00,
16424,32882,Case Closed,24-11-2023 10:00,
16425,32885,Case Closed,07-10-2023 12:00,
16426,32886,Case Closed,16-12-2023 14:00,
16427,32887,Case Closed,11-12-2023 10:00,
16428,32889,Case Closed,24-12-2023 14:00,
16429,32892,Case Closed,17-11-2023 12:00,
16430,32893,Case Closed,20-10-2023 08:00,
16431,32894,Case Closed,10-12-2023 07:00,
16432,32897,Case Closed,12-10-2023 00:00,
16433,32899,Case Closed,20-11-2023 07:00,
16434,32905,Case Closed,21-11-2023 21:00,
16435,32906,Case Closed,10-11-2023 09:00,
16436,32909,Case Closed,09-12-2023 04:00,
16437,32910,Case Closed,11-11-2023 17:00,
16438,32914,Case Closed,23-10-2023 11:00,
16439,32915,Case Closed,23-11-2023 00:00,
16440,32920,Case Closed,16-10-2023 12:00,
16441,32922,Case Closed,11-11-2023 01:00,
16442,32924,Case Closed,20-12-2023 20:00,
16443,32930,Case Closed,28-12-2023 19:00,
16444,32931,Case Closed,24-11-2023 20:00,
16445,32932,Case Closed,05-11-2023 15:00,
16446,32934,Case Closed,04-12-2023 16:00,
16447,32937,Case Closed,28-10-2023 01:00,
16448,32943,Case Closed,01-04-2024 00:00,
16449,32944,Case Closed,01-11-2023 23:00,
16450,32945,Case Closed,06-11-2023 21:00,
16451,32947,Case Closed,14-10-2023 13:00,
16452,32949,Case Closed,27-11-2023 13:00,
16453,32950,Case Closed,17-12-2023 07:00,
16454,32951,Case Closed,01-01-2024 21:00,
16455,32952,Case Closed,13-12-2023 16:00,
16456,32957,Case Closed,15-02-2024 13:00,
16457,32963,Case Closed,23-05-2025 02:00,
16458,32964,Case Closed,28-10-2023 15:00,
16459,32966,Case Closed,02-11-2023 01:00,
16460,32967,Case Closed,15-01-2024 16:00,
16461,32969,Case Closed,14-10-2023 14:00,
16462,32970,Case Closed,21-10-2023 12:00,
16463,32972,Case Closed,04-11-2023 12:00,
16464,32973,Case Closed,09-12-2023 14:00,
16465,32975,Case Closed,24-10-2023 18:00,
16466,32985,Case Closed,13-12-2023 20:00,
16467,32988,Case Closed,21-10-2023 18:00,
16468,32989,Case Closed,17-10-2023 09:00,
16469,32990,Case Closed,27-12-2023 09:00,
16470,32992,Case Closed,16-11-2023 20:00,
16471,32993,Case Closed,24-11-2023 03:00,
16472,32994,Case Closed,23-02-2024 06:00,
16473,32997,Case Closed,03-12-2023 11:00,
16474,32998,Case Closed,18-12-2023 05:00,
16475,32999,Case Closed,01-01-2024 11:00,
16476,33000,Case Closed,05-01-2024 19:00,
16477,33003,Case Closed,02-01-2024 11:00,
16478,33009,Case Closed,19-01-2025 18:00,
16479,33012,Case Closed,09-11-2023 00:00,
16480,33013,Case Closed,20-12-2023 01:00,
16481,33014,Case Closed,01-12-2023 02:00,
16482,33016,Case Closed,18-11-2023 08:00,
16483,33019,Case Closed,25-10-2023 19:00,
16484,33020,Case Closed,24-09-2025 01:00,
16485,33021,Case Closed,05-03-2025 02:00,
16486,33023,Case Closed,26-11-2023 06:00,
16487,33024,Case Closed,08-11-2023 11:00,
16488,33025,Case Closed,09-12-2023 20:00,
16489,33027,Case Closed,26-11-2023 15:00,
16490,33028,Case Closed,03-11-2023 04:00,
16491,33032,Case Closed,15-11-2023 11:00,
16492,33033,Case Closed,01-01-2024 14:00,
16493,33034,Case Closed,12-11-2023 23:00,
16494,33039,Case Closed,04-04-2024 17:00,
16495,33041,Case Closed,28-12-2023 18:00,
16496,33042,Case Closed,01-01-2024 23:00,
16497,33043,Case Closed,18-11-2023 00:00,
16498,33044,Case Closed,22-11-2023 15:00,
16499,33046,Case Closed,03-11-2023 10:00,
16500,33048,Case Closed,23-10-2023 03:00,
16501,33050,Case Closed,21-11-2023 18:00,
16502,33051,Case Closed,16-11-2023 08:00,
16503,33053,Case Closed,19-10-2023 06:00,
16504,33057,Case Closed,21-10-2023 07:00,
16505,33059,Case Closed,19-12-2023 07:00,
16506,33060,Case Closed,14-12-2023 00:00,
16507,33064,Case Closed,05-01-2024 12:00,
16508,33067,Case Closed,06-03-2024 21:00,
16509,33071,Case Closed,10-11-2023 01:00,
16510,33072,Case Closed,03-12-2023 05:00,
16511,33075,Case Closed,30-12-2023 01:00,
16512,33076,Case Closed,08-11-2023 11:00,
16513,33083,Case Closed,27-12-2023 17:00,
16514,33089,Case Closed,05-01-2024 01:00,
16515,33091,Case Closed,21-12-2023 08:00,
16516,33096,Case Closed,15-04-2025 03:00,
16517,33097,Case Closed,25-10-2023 17:00,
16518,33099,Case Closed,08-11-2023 05:00,
16519,33101,Case Closed,03-03-2025 20:00,
16520,33102,Case Closed,30-12-2024 10:00,
16521,33105,Case Closed,25-12-2023 22:00,
16522,33107,Case Closed,09-12-2023 10:00,
16523,33110,Case Closed,27-10-2023 06:00,
16524,33111,Case Closed,21-03-2024 07:00,
16525,33112,Case Closed,24-10-2023 10:00,
16526,33115,Case Closed,12-12-2023 21:00,
16527,33116,Case Closed,18-12-2023 11:00,
16528,33117,Case Closed,03-12-2023 13:00,
16529,33119,Case Closed,28-10-2023 23:00,
16530,33122,Case Closed,04-12-2023 23:00,
16531,33124,Case Closed,17-12-2023 02:00,
16532,33125,Case Closed,19-12-2023 10:00,
16533,33128,Case Closed,05-04-2024 10:00,
16534,33129,Case Closed,29-12-2023 05:00,
16535,33130,Case Closed,06-01-2024 21:00,
16536,33133,Case Closed,01-11-2023 09:00,
16537,33134,Case Closed,25-11-2023 12:00,
16538,33136,Case Closed,20-10-2023 15:00,
16539,33139,Case Closed,28-10-2024 04:00,
16540,33141,Case Closed,13-12-2023 12:00,
16541,33142,Case Closed,13-11-2023 16:00,
16542,33143,Case Closed,13-11-2023 10:00,
16543,33147,Case Closed,13-12-2023 01:00,
16544,33148,Case Closed,01-11-2023 04:00,
16545,33149,Case Closed,10-11-2023 18:00,
16546,33150,Case Closed,30-10-2023 06:00,
16547,33151,Case Closed,07-12-2023 17:00,
16548,33157,Case Closed,22-11-2023 11:00,
16549,33158,Case Closed,01-01-2024 20:00,
16550,33159,Case Closed,23-12-2023 16:00,
16551,33160,Case Closed,07-12-2023 17:00,
16552,33163,Case Closed,23-11-2023 15:00,
16553,33164,Case Closed,24-12-2023 04:00,
16554,33165,Case Closed,04-01-2024 23:00,
16555,33166,Case Closed,20-12-2023 11:00,
16556,33167,Case Closed,02-12-2023 04:00,
16557,33168,Case Closed,26-12-2023 15:00,
16558,33169,Case Closed,30-12-2023 03:00,
16559,33170,Case Closed,13-12-2023 08:00,
16560,33176,Case Closed,12-01-2024 05:00,
16561,33178,Case Closed,23-11-2023 17:00,
16562,33180,Case Closed,07-12-2023 15:00,
16563,33182,Case Closed,26-10-2023 16:00,
16564,33183,Case Closed,03-11-2023 15:00,
16565,33186,Case Closed,28-10-2023 09:00,
16566,33187,Case Closed,29-10-2023 22:00,
16567,33189,Case Closed,26-10-2023 16:00,
16568,33190,Case Closed,09-01-2024 14:00,
16569,33191,Case Closed,06-02-2024 11:00,
16570,33193,Case Closed,23-10-2023 10:00,
16571,33194,Case Closed,04-12-2023 20:00,
16572,33195,Case Closed,01-11-2023 02:00,
16573,33196,Case Closed,04-01-2024 15:00,
16574,33197,Case Closed,26-10-2023 07:00,
16575,33198,Case Closed,28-10-2023 17:00,
16576,33199,Case Closed,12-01-2024 05:00,
16577,33201,Case Closed,02-01-2024 15:00,
16578,33202,Case Closed,12-01-2024 00:00,
16579,33204,Case Closed,02-11-2023 22:00,
16580,33205,Case Closed,10-12-2023 03:00,
16581,33206,Case Closed,25-11-2023 11:00,
16582,33207,Case Closed,15-01-2024 04:00,
16583,33208,Case Closed,24-01-2025 11:00,
16584,33212,Case Closed,22-12-2023 11:00,
16585,33213,Case Closed,18-11-2023 14:00,
16586,33216,Case Closed,06-01-2024 22:00,
16587,33218,Case Closed,29-12-2023 07:00,
16588,33219,Case Closed,03-07-2025 05:00,
16589,33220,Case Closed,27-10-2023 20:00,
16590,33221,Case Closed,17-12-2023 15:00,
16591,33222,Case Closed,15-12-2023 21:00,
16592,33223,Case Closed,07-12-2023 15:00,
16593,33224,Case Closed,26-12-2023 15:00,
16594,33225,Case Closed,13-12-2023 22:00,
16595,33232,Case Closed,28-12-2023 15:00,
16596,33234,Case Closed,21-11-2023 20:00,
16597,33237,Case Closed,16-03-2024 06:00,
16598,33239,Case Closed,25-11-2023 01:00,
16599,33242,Case Closed,04-01-2024 18:00,
16600,33243,Case Closed,03-11-2023 11:00,
16601,33246,Case Closed,31-10-2023 17:00,
16602,33247,Case Closed,01-11-2023 21:00,
16603,33251,Case Closed,29-12-2023 14:00,
16604,33252,Case Closed,04-01-2024 18:00,
16605,33254,Case Closed,06-11-2023 04:00,
16606,33255,Case Closed,19-12-2023 10:00,
16607,33259,Case Closed,09-01-2024 22:00,
16608,33260,Case Closed,24-10-2023 20:00,
16609,33262,Case Closed,05-11-2023 08:00,
16610,33263,Case Closed,18-12-2023 00:00,
16611,33265,Case Closed,02-12-2023 04:00,
16612,33266,Case Closed,02-12-2023 14:00,
16613,33267,Case Closed,05-12-2023 22:00,
16614,33269,Case Closed,27-10-2023 17:00,
16615,33270,Case Closed,05-02-2024 12:00,
16616,33271,Case Closed,28-10-2023 02:00,
16617,33274,Case Closed,15-11-2023 04:00,
16618,33276,Case Closed,05-11-2023 10:00,
16619,33278,Case Closed,09-02-2025 00:00,
16620,33282,Case Closed,11-02-2024 21:00,
16621,33287,Case Closed,14-11-2023 00:00,
16622,33288,Case Closed,12-01-2024 07:00,
16623,33289,Case Closed,16-11-2023 14:00,
16624,33290,Case Closed,30-12-2023 00:00,
16625,33291,Case Closed,15-12-2023 02:00,
16626,33296,Case Closed,13-11-2023 19:00,
16627,33297,Case Closed,25-12-2023 20:00,
16628,33298,Case Closed,24-11-2023 06:00,
16629,33299,Case Closed,02-12-2023 23:00,
16630,33301,Case Closed,18-12-2023 06:00,
16631,33302,Case Closed,17-11-2023 17:00,
16632,33305,Case Closed,12-07-2024 06:00,
16633,33307,Case Closed,16-01-2024 09:00,
16634,33310,Case Closed,16-01-2024 00:00,
16635,33314,Case Closed,19-12-2023 21:00,
16636,33315,Case Closed,06-12-2023 14:00,
16637,33316,Case Closed,01-11-2023 20:00,
16638,33320,Case Closed,29-11-2023 07:00,
16639,33321,Case Closed,22-11-2023 10:00,
16640,33322,Case Closed,08-01-2024 05:00,
16641,33323,Case Closed,17-01-2024 13:00,
16642,33327,Case Closed,04-11-2023 08:00,
16643,33328,Case Closed,17-01-2024 10:00,
16644,33336,Case Closed,07-11-2023 01:00,
16645,33338,Case Closed,28-10-2023 04:00,
16646,33340,Case Closed,10-07-2024 09:00,
16647,33341,Case Closed,06-01-2024 16:00,
16648,33342,Case Closed,17-11-2023 17:00,
16649,33345,Case Closed,05-12-2024 09:00,
16650,33346,Case Closed,24-10-2023 18:00,
16651,33347,Case Closed,08-09-2024 05:00,
16652,33350,Case Closed,17-11-2023 12:00,
16653,33352,Case Closed,06-11-2023 16:00,
16654,33354,Case Closed,01-01-2024 01:00,
16655,33355,Case Closed,30-11-2023 03:00,
16656,33356,Case Closed,01-11-2023 22:00,
16657,33357,Case Closed,01-11-2023 00:00,
16658,33359,Case Closed,20-12-2023 21:00,
16659,33364,Case Closed,29-10-2024 14:00,
16660,33365,Case Closed,15-01-2024 21:00,
16661,33367,Case Closed,13-11-2023 15:00,
16662,33370,Case Closed,03-12-2023 05:00,
16663,33373,Case Closed,06-11-2023 15:00,
16664,33374,Case Closed,24-12-2023 08:00,
16665,33376,Case Closed,17-12-2024 14:00,
16666,33380,Case Closed,22-11-2023 01:00,
16667,33383,Case Closed,22-11-2023 03:00,
16668,33389,Case Closed,13-12-2023 00:00,
16669,33391,Case Closed,27-11-2023 20:00,
16670,33392,Case Closed,20-04-2024 18:00,
16671,33394,Case Closed,01-11-2023 19:00,
16672,33395,Case Closed,24-11-2023 13:00,
16673,33396,Case Closed,31-12-2023 07:00,
16674,33398,Case Closed,14-01-2024 04:00,
16675,33400,Case Closed,07-12-2023 20:00,
16676,33404,Case Closed,20-01-2024 11:00,
16677,33406,Case Closed,13-11-2023 07:00,
16678,33407,Case Closed,01-01-2024 16:00,
16679,33408,Case Closed,08-11-2023 09:00,
16680,33413,Case Closed,16-04-2025 12:00,
16681,33414,Case Closed,02-01-2024 12:00,
16682,33415,Case Closed,30-10-2023 02:00,
16683,33417,Case Closed,17-01-2024 21:00,
16684,33421,Case Closed,09-01-2024 06:00,
16685,33422,Case Closed,11-12-2024 02:00,
16686,33423,Case Closed,26-11-2023 00:00,
16687,33425,Case Closed,19-01-2024 13:00,
16688,33426,Case Closed,06-12-2023 20:00,
16689,33428,Case Closed,23-08-2024 05:00,
16690,33431,Case Closed,19-11-2023 12:00,
16691,33432,Case Closed,08-04-2024 03:00,
16692,33433,Case Closed,20-01-2024 11:00,
16693,33435,Case Closed,18-01-2024 02:00,
16694,33436,Case Closed,04-12-2023 19:00,
16695,33437,Case Closed,11-11-2023 21:00,
16696,33438,Case Closed,15-11-2023 04:00,
16697,33440,Case Closed,16-12-2023 19:00,
16698,33442,Case Closed,08-01-2024 11:00,
16699,33443,Case Closed,05-12-2023 16:00,
16700,33447,Case Closed,07-01-2024 05:00,
16701,33448,Case Closed,17-11-2023 01:00,
16702,33453,Case Closed,13-09-2025 15:00,
16703,33455,Case Closed,24-11-2023 11:00,
16704,33457,Case Closed,28-12-2023 09:00,
16705,33458,Case Closed,11-12-2023 16:00,
16706,33459,Case Closed,14-01-2024 05:00,
16707,33462,Case Closed,09-12-2023 02:00,
16708,33467,Case Closed,17-01-2024 21:00,
16709,33469,Case Closed,10-02-2024 18:00,
16710,33471,Case Closed,02-02-2024 09:00,
16711,33473,Case Closed,08-09-2025 17:00,
16712,33474,Case Closed,19-12-2023 20:00,
16713,33475,Case Closed,29-11-2023 01:00,
16714,33478,Case Closed,24-11-2023 21:00,
16715,33480,Case Closed,10-11-2023 07:00,
16716,33481,Case Closed,05-11-2023 00:00,
16717,33483,Case Closed,08-12-2023 15:00,
16718,33484,Case Closed,26-11-2023 03:00,
16719,33486,Case Closed,12-11-2023 14:00,
16720,33487,Case Closed,05-11-2023 22:00,
16721,33488,Case Closed,06-10-2024 11:00,
16722,33493,Case Closed,22-11-2023 02:00,
16723,33494,Case Closed,25-12-2023 19:00,
16724,33495,Case Closed,02-12-2023 09:00,
16725,33496,Case Closed,26-12-2023 16:00,
16726,33498,Case Closed,30-12-2023 06:00,
16727,33499,Case Closed,24-01-2024 13:00,
16728,33501,Case Closed,04-01-2024 04:00,
16729,33502,Case Closed,30-11-2023 14:00,
16730,33503,Case Closed,07-01-2024 08:00,
16731,33504,Case Closed,08-11-2023 22:00,
16732,33507,Case Closed,25-11-2023 18:00,
16733,33508,Case Closed,14-10-2025 14:00,
16734,33514,Case Closed,01-11-2023 22:00,
16735,33517,Case Closed,20-11-2023 09:00,
16736,33518,Case Closed,11-11-2023 14:00,
16737,33521,Case Closed,14-12-2023 22:00,
16738,33524,Case Closed,04-12-2023 11:00,
16739,33525,Case Closed,04-03-2025 11:00,
16740,33526,Case Closed,28-12-2023 01:00,
16741,33527,Case Closed,25-05-2024 01:00,
16742,33528,Case Closed,24-12-2023 08:00,
16743,33530,Case Closed,08-12-2023 14:00,
16744,33533,Case Closed,09-01-2024 03:00,
16745,33534,Case Closed,03-12-2023 06:00,
16746,33535,Case Closed,14-01-2024 21:00,
16747,33536,Case Closed,05-01-2024 16:00,
16748,33537,Case Closed,18-12-2023 22:00,
16749,33538,Case Closed,15-01-2024 05:00,
16750,33539,Case Closed,29-12-2023 00:00,
16751,33541,Case Closed,24-12-2023 03:00,
16752,33542,Case Closed,05-12-2024 21:00,
16753,33543,Case Closed,26-11-2023 06:00,
16754,33545,Case Closed,18-11-2023 23:00,
16755,33547,Case Closed,19-01-2024 07:00,
16756,33549,Case Closed,18-01-2024 14:00,
16757,33550,Case Closed,13-01-2024 07:00,
16758,33552,Case Closed,19-02-2024 07:00,
16759,33553,Case Closed,05-01-2024 16:00,
16760,33556,Case Closed,17-12-2023 06:00,
16761,33557,Case Closed,09-01-2024 20:00,
16762,33559,Case Closed,14-11-2023 04:00,
16763,33560,Case Closed,24-11-2023 08:00,
16764,33561,Case Closed,09-11-2023 17:00,
16765,33562,Case Closed,29-11-2023 05:00,
16766,33565,Case Closed,19-01-2024 12:00,
16767,33566,Case Closed,26-12-2023 14:00,
16768,33568,Case Closed,24-11-2023 01:00,
16769,33573,Case Closed,13-11-2023 18:00,
16770,33574,Case Closed,22-11-2023 12:00,
16771,33575,Case Closed,11-11-2023 10:00,
16772,33577,Case Closed,28-01-2024 15:00,
16773,33578,Case Closed,11-01-2024 13:00,
16774,33579,Case Closed,18-12-2023 12:00,
16775,33581,Case Closed,08-12-2023 20:00,
16776,33582,Case Closed,06-12-2023 16:00,
16777,33583,Case Closed,18-01-2024 23:00,
16778,33584,Case Closed,22-12-2023 04:00,
16779,33585,Case Closed,11-12-2023 05:00,
16780,33586,Case Closed,16-11-2023 01:00,
16781,33587,Case Closed,26-11-2023 23:00,
16782,33588,Case Closed,29-01-2024 23:00,
16783,33589,Case Closed,13-01-2024 17:00,
16784,33591,Case Closed,16-11-2023 03:00,
16785,33594,Case Closed,09-12-2023 03:00,
16786,33595,Case Closed,14-11-2023 14:00,
16787,33600,Case Closed,30-01-2024 20:00,
16788,33602,Case Closed,11-11-2023 19:00,
16789,33605,Case Closed,11-12-2023 20:00,
16790,33607,Case Closed,23-11-2023 21:00,
16791,33612,Case Closed,04-01-2024 08:00,
16792,33613,Case Closed,25-11-2023 07:00,
16793,33615,Case Closed,13-10-2024 13:00,
16794,33616,Case Closed,15-01-2024 11:00,
16795,33618,Case Closed,12-12-2023 02:00,
16796,33621,Case Closed,27-12-2023 15:00,
16797,33622,Case Closed,31-12-2023 08:00,
16798,33623,Case Closed,11-11-2023 11:00,
16799,33627,Case Closed,06-11-2023 01:00,
16800,33630,Case Closed,30-11-2023 19:00,
16801,33632,Case Closed,02-01-2024 23:00,
16802,33637,Case Closed,10-01-2024 10:00,
16803,33638,Case Closed,19-12-2023 07:00,
16804,33639,Case Closed,26-01-2024 11:00,
16805,33640,Case Closed,26-11-2023 18:00,
16806,33642,Case Closed,11-01-2024 02:00,
16807,33646,Case Closed,20-12-2023 07:00,
16808,33648,Case Closed,14-01-2024 11:00,
16809,33649,Case Closed,14-12-2023 18:00,
16810,33650,Case Closed,29-01-2024 09:00,
16811,33651,Case Closed,27-11-2023 07:00,
16812,33652,Case Closed,02-03-2024 00:00,
16813,33653,Case Closed,23-01-2024 00:00,
16814,33656,Case Closed,27-04-2025 16:00,
16815,33657,Case Closed,27-11-2023 21:00,
16816,33658,Case Closed,03-02-2024 00:00,
16817,33659,Case Closed,12-06-2025 00:00,
16818,33661,Case Closed,30-01-2024 20:00,
16819,33662,Case Closed,05-12-2023 14:00,
16820,33663,Case Closed,20-02-2024 04:00,
16821,33665,Case Closed,09-02-2024 16:00,
16822,33666,Case Closed,22-12-2023 20:00,
16823,33668,Case Closed,03-04-2024 16:00,
16824,33669,Case Closed,15-11-2023 01:00,
16825,33670,Case Closed,31-01-2024 20:00,
16826,33672,Case Closed,06-12-2023 13:00,
16827,33673,Case Closed,24-11-2023 14:00,
16828,33674,Case Closed,06-12-2023 06:00,
16829,33675,Case Closed,23-11-2023 10:00,
16830,33677,Case Closed,03-03-2024 14:00,
16831,33678,Case Closed,28-12-2023 10:00,
16832,33679,Case Closed,18-11-2023 23:00,
16833,33680,Case Closed,24-12-2023 10:00,
16834,33683,Case Closed,25-01-2024 19:00,
16835,33684,Case Closed,11-01-2024 07:00,
16836,33686,Case Closed,16-11-2023 06:00,
16837,33690,Case Closed,02-02-2024 15:00,
16838,33691,Case Closed,03-12-2023 12:00,
16839,33692,Case Closed,11-12-2023 14:00,
16840,33695,Case Closed,27-11-2023 04:00,
16841,33697,Case Closed,29-11-2023 06:00,
16842,33698,Case Closed,13-12-2024 01:00,
16843,33699,Case Closed,04-12-2023 19:00,
16844,33700,Case Closed,17-12-2023 07:00,
16845,33702,Case Closed,15-01-2024 14:00,
16846,33703,Case Closed,21-01-2024 14:00,
16847,33705,Case Closed,08-01-2024 09:00,
16848,33707,Case Closed,17-06-2025 00:00,
16849,33708,Case Closed,18-12-2023 04:00,
16850,33710,Case Closed,13-02-2024 06:00,
16851,33712,Case Closed,28-04-2024 09:00,
16852,33713,Case Closed,22-11-2023 06:00,
16853,33715,Case Closed,08-01-2024 14:00,
16854,33716,Case Closed,14-12-2023 15:00,
16855,33719,Case Closed,13-12-2023 06:00,
16856,33720,Case Closed,30-12-2023 04:00,
16857,33721,Case Closed,20-11-2023 15:00,
16858,33722,Case Closed,29-01-2024 11:00,
16859,33723,Case Closed,24-01-2024 00:00,
16860,33724,Case Closed,05-01-2024 21:00,
16861,33726,Case Closed,21-01-2024 04:00,
16862,33727,Case Closed,27-12-2023 15:00,
16863,33728,Case Closed,03-02-2024 17:00,
16864,33730,Case Closed,25-11-2023 19:00,
16865,33731,Case Closed,03-04-2024 14:00,
16866,33733,Case Closed,01-02-2024 20:00,
16867,33734,Case Closed,23-04-2024 17:00,
16868,33735,Case Closed,24-12-2023 09:00,
16869,33736,Case Closed,23-11-2023 02:00,
16870,33737,Case Closed,31-05-2025 22:00,
16871,33740,Case Closed,14-01-2024 21:00,
16872,33741,Case Closed,25-01-2024 10:00,
16873,33742,Case Closed,09-12-2023 00:00,
16874,33743,Case Closed,03-12-2023 09:00,
16875,33744,Case Closed,28-11-2024 13:00,
16876,33746,Case Closed,25-11-2023 15:00,
16877,33748,Case Closed,28-12-2023 17:00,
16878,33749,Case Closed,04-01-2024 15:00,
16879,33750,Case Closed,01-02-2024 14:00,
16880,33754,Case Closed,13-11-2023 09:00,
16881,33755,Case Closed,12-01-2024 11:00,
16882,33759,Case Closed,03-12-2023 21:00,
16883,33762,Case Closed,21-01-2024 23:00,
16884,33763,Case Closed,14-12-2023 13:00,
16885,33765,Case Closed,25-12-2023 13:00,
16886,33766,Case Closed,25-12-2023 06:00,
16887,33767,Case Closed,28-01-2024 11:00,
16888,33769,Case Closed,22-01-2024 17:00,
16889,33770,Case Closed,03-12-2023 03:00,
16890,33771,Case Closed,24-01-2024 03:00,
16891,33772,Case Closed,04-12-2023 06:00,
16892,33774,Case Closed,13-12-2023 17:00,
16893,33777,Case Closed,21-01-2024 21:00,
16894,33779,Case Closed,06-12-2023 12:00,
16895,33781,Case Closed,25-11-2023 17:00,
16896,33782,Case Closed,03-01-2024 23:00,
16897,33786,Case Closed,31-05-2024 01:00,
16898,33787,Case Closed,21-01-2024 19:00,
16899,33788,Case Closed,05-01-2024 11:00,
16900,33790,Case Closed,01-01-2024 23:00,
16901,33793,Case Closed,26-11-2023 13:00,
16902,33794,Case Closed,05-12-2023 11:00,
16903,33799,Case Closed,19-01-2024 07:00,
16904,33800,Case Closed,20-01-2024 15:00,
16905,33802,Case Closed,22-06-2025 08:00,
16906,33803,Case Closed,10-01-2024 21:00,
16907,33805,Case Closed,20-01-2024 10:00,
16908,33808,Case Closed,16-12-2023 05:00,
16909,33809,Case Closed,18-11-2023 08:00,
16910,33812,Case Closed,23-12-2023 04:00,
16911,33813,Case Closed,01-04-2025 14:00,
16912,33814,Case Closed,30-11-2023 20:00,
16913,33816,Case Closed,09-12-2023 10:00,
16914,33817,Case Closed,05-04-2024 05:00,
16915,33818,Case Closed,27-01-2024 08:00,
16916,33820,Case Closed,22-11-2023 05:00,
16917,33822,Case Closed,26-11-2023 20:00,
16918,33824,Case Closed,05-01-2024 18:00,
16919,33827,Case Closed,11-12-2023 05:00,
16920,33831,Case Closed,17-12-2023 09:00,
16921,33835,Case Closed,06-12-2023 15:00,
16922,33844,Case Closed,13-04-2024 22:00,
16923,33846,Case Closed,29-12-2023 11:00,
16924,33848,Case Closed,04-12-2023 11:00,
16925,33850,Case Closed,08-01-2024 05:00,
16926,33852,Case Closed,02-02-2024 06:00,
16927,33855,Case Closed,13-11-2023 18:00,
16928,33857,Case Closed,18-12-2023 20:00,
16929,33862,Case Closed,10-12-2023 01:00,
16930,33863,Case Closed,03-02-2024 11:00,
16931,33864,Case Closed,03-12-2023 03:00,
16932,33865,Case Closed,05-02-2024 20:00,
16933,33867,Case Closed,05-01-2024 04:00,
16934,33871,Case Closed,13-03-2024 02:00,
16935,33872,Case Closed,25-12-2023 11:00,
16936,33873,Case Closed,13-12-2023 03:00,
16937,33874,Case Closed,07-11-2025 08:00,
16938,33875,Case Closed,20-01-2024 22:00,
16939,33878,Case Closed,23-01-2024 18:00,
16940,33879,Case Closed,09-12-2023 06:00,
16941,33880,Case Closed,18-11-2023 18:00,
16942,33881,Case Closed,07-09-2025 22:00,
16943,33883,Case Closed,01-02-2024 22:00,
16944,33884,Case Closed,18-11-2023 09:00,
16945,33885,Case Closed,09-04-2024 04:00,
16946,33887,Case Closed,29-12-2023 13:00,
16947,33890,Case Closed,30-11-2023 07:00,
16948,33891,Case Closed,12-02-2024 15:00,
16949,33898,Case Closed,15-12-2023 20:00,
16950,33899,Case Closed,30-01-2024 15:00,
16951,33900,Case Closed,09-03-2024 15:00,
16952,33901,Case Closed,22-12-2023 11:00,
16953,33904,Case Closed,23-12-2023 10:00,
16954,33905,Case Closed,16-04-2024 20:00,
16955,33906,Case Closed,10-12-2023 18:00,
16956,33908,Case Closed,05-12-2023 05:00,
16957,33910,Case Closed,11-01-2024 20:00,
16958,33911,Case Closed,24-01-2024 20:00,
16959,33912,Case Closed,24-11-2023 16:00,
16960,33914,Case Closed,26-04-2024 22:00,
16961,33917,Case Closed,28-01-2024 13:00,
16962,33918,Case Closed,15-01-2024 08:00,
16963,33919,Case Closed,06-02-2024 08:00,
16964,33922,Case Closed,11-02-2024 07:00,
16965,33925,Case Closed,27-12-2023 11:00,
16966,33926,Case Closed,25-11-2023 22:00,
16967,33927,Case Closed,11-12-2023 03:00,
16968,33931,Case Closed,13-01-2024 04:00,
16969,33933,Case Closed,29-01-2024 04:00,
16970,33936,Case Closed,15-12-2023 10:00,
16971,33937,Case Closed,14-12-2023 03:00,
16972,33939,Case Closed,26-01-2024 18:00,
16973,33940,Case Closed,14-04-2024 22:00,
16974,33942,Case Closed,24-11-2023 19:00,
16975,33944,Case Closed,20-12-2023 11:00,
16976,33949,Case Closed,29-12-2023 19:00,
16977,33950,Case Closed,07-12-2023 09:00,
16978,33951,Case Closed,16-01-2024 07:00,
16979,33952,Case Closed,05-12-2023 06:00,
16980,33953,Case Closed,10-07-2024 07:00,
16981,33955,Case Closed,02-12-2023 05:00,
16982,33956,Case Closed,14-01-2024 08:00,
16983,33958,Case Closed,08-12-2023 11:00,
16984,33961,Case Closed,27-11-2023 23:00,
16985,33963,Case Closed,07-02-2024 05:00,
16986,33964,Case Closed,21-11-2023 19:00,
16987,33965,Case Closed,12-12-2023 14:00,
16988,33968,Case Closed,07-02-2024 17:00,
16989,33969,Case Closed,10-05-2024 12:00,
16990,33972,Case Closed,03-12-2023 21:00,
16991,33978,Case Closed,16-01-2024 02:00,
16992,33980,Case Closed,22-12-2023 21:00,
16993,33981,Case Closed,08-07-2025 01:00,
16994,33983,Case Closed,26-11-2023 14:00,
16995,33985,Case Closed,16-07-2025 07:00,
16996,33986,Case Closed,02-12-2023 14:00,
16997,33991,Case Closed,10-12-2023 03:00,
16998,33994,Case Closed,19-12-2023 12:00,
16999,33996,Case Closed,15-02-2024 06:00,
17000,33998,Case Closed,20-04-2024 03:00,
17001,34000,Case Closed,14-01-2024 06:00,
17002,34001,Case Closed,03-01-2024 01:00,
17003,34002,Case Closed,14-12-2023 01:00,
17004,34003,Case Closed,07-12-2023 05:00,
17005,34005,Case Closed,09-12-2023 08:00,
17006,34009,Case Closed,28-12-2023 12:00,
17007,34010,Case Closed,20-12-2023 13:00,
17008,34011,Case Closed,15-12-2023 13:00,
17009,34013,Case Closed,01-12-2023 22:00,
17010,34014,Case Closed,05-12-2023 16:00,
17011,34015,Case Closed,23-01-2024 01:00,
17012,34016,Case Closed,26-01-2024 01:00,
17013,34017,Case Closed,03-02-2024 17:00,
17014,34023,Case Closed,21-01-2024 20:00,
17015,34026,Case Closed,23-12-2023 16:00,
17016,34027,Case Closed,06-01-2024 06:00,
17017,34029,Case Closed,31-01-2024 00:00,
17018,34031,Case Closed,11-12-2023 06:00,
17019,34032,Case Closed,05-12-2023 17:00,
17020,34033,Case Closed,07-01-2024 01:00,
17021,34036,Case Closed,16-12-2023 11:00,
17022,34039,Case Closed,04-12-2023 12:00,
17023,34040,Case Closed,24-01-2024 01:00,
17024,34043,Case Closed,10-02-2024 04:00,
17025,34047,Case Closed,12-01-2024 13:00,
17026,34049,Case Closed,03-02-2024 20:00,
17027,34054,Case Closed,30-01-2024 07:00,
17028,34059,Case Closed,12-01-2024 21:00,
17029,34066,Case Closed,14-12-2023 22:00,
17030,34069,Case Closed,08-02-2024 19:00,
17031,34070,Case Closed,23-01-2024 09:00,
17032,34071,Case Closed,04-01-2024 06:00,
17033,34075,Case Closed,23-01-2024 14:00,
17034,34079,Case Closed,13-02-2024 16:00,
17035,34082,Case Closed,06-02-2024 15:00,
17036,34084,Case Closed,04-04-2024 13:00,
17037,34085,Case Closed,28-03-2025 23:00,
17038,34086,Case Closed,28-12-2023 23:00,
17039,34091,Case Closed,19-01-2024 03:00,
17040,34092,Case Closed,21-01-2024 05:00,
17041,34095,Case Closed,11-01-2024 02:00,
17042,34096,Case Closed,08-02-2024 06:00,
17043,34097,Case Closed,30-01-2024 04:00,
17044,34103,Case Closed,10-12-2023 08:00,
17045,34104,Case Closed,08-12-2023 04:00,
17046,34106,Case Closed,02-02-2024 04:00,
17047,34109,Case Closed,25-09-2024 03:00,
17048,34110,Case Closed,01-12-2023 09:00,
17049,34112,Case Closed,08-01-2025 22:00,
17050,34113,Case Closed,08-12-2023 05:00,
17051,34115,Case Closed,14-12-2023 10:00,
17052,34117,Case Closed,27-12-2023 21:00,
17053,34122,Case Closed,28-12-2023 00:00,
17054,34123,Case Closed,12-12-2023 00:00,
17055,34124,Case Closed,13-12-2023 03:00,
17056,34125,Case Closed,25-12-2023 20:00,
17057,34126,Case Closed,18-02-2024 05:00,
17058,34127,Case Closed,13-12-2023 00:00,
17059,34128,Case Closed,06-02-2024 08:00,
17060,34130,Case Closed,31-01-2024 09:00,
17061,34131,Case Closed,30-03-2024 19:00,
17062,34133,Case Closed,10-12-2023 16:00,
17063,34136,Case Closed,22-12-2023 05:00,
17064,34138,Case Closed,10-02-2024 13:00,
17065,34140,Case Closed,10-01-2024 09:00,
17066,34142,Case Closed,11-01-2024 20:00,
17067,34145,Case Closed,15-02-2024 20:00,
17068,34146,Case Closed,31-12-2023 07:00,
17069,34147,Case Closed,11-12-2023 05:00,
17070,34149,Case Closed,30-11-2023 15:00,
17071,34150,Case Closed,31-12-2023 18:00,
17072,34151,Case Closed,12-12-2023 10:00,
17073,34152,Case Closed,03-02-2024 10:00,
17074,34156,Case Closed,19-10-2025 18:00,
17075,34159,Case Closed,06-12-2023 16:00,
17076,34161,Case Closed,22-12-2023 05:00,
17077,34162,Case Closed,05-02-2024 02:00,
17078,34163,Case Closed,16-03-2024 21:00,
17079,34165,Case Closed,05-12-2023 00:00,
17080,34166,Case Closed,25-12-2023 19:00,
17081,34167,Case Closed,05-12-2023 17:00,
17082,34168,Case Closed,25-01-2024 16:00,
17083,34173,Case Closed,11-12-2023 03:00,
17084,34176,Case Closed,30-12-2023 01:00,
17085,34180,Case Closed,10-01-2024 07:00,
17086,34181,Case Closed,24-12-2023 20:00,
17087,34182,Case Closed,03-01-2024 22:00,
17088,34183,Case Closed,15-01-2024 14:00,
17089,34184,Case Closed,18-01-2024 00:00,
17090,34186,Case Closed,02-01-2024 16:00,
17091,34188,Case Closed,17-03-2024 07:00,
17092,34190,Case Closed,23-12-2023 23:00,
17093,34193,Case Closed,18-02-2024 16:00,
17094,34196,Case Closed,19-12-2023 13:00,
17095,34198,Case Closed,12-02-2024 15:00,
17096,34200,Case Closed,17-11-2024 21:00,
17097,34202,Case Closed,20-12-2023 02:00,
17098,34204,Case Closed,23-02-2024 13:00,
17099,34208,Case Closed,26-12-2023 09:00,
17100,34210,Case Closed,07-12-2023 21:00,
17101,34211,Case Closed,22-02-2024 05:00,
17102,34213,Case Closed,02-01-2024 17:00,
17103,34214,Case Closed,15-06-2025 11:00,
17104,34215,Case Closed,12-12-2023 04:00,
17105,34216,Case Closed,21-02-2024 18:00,
17106,34217,Case Closed,03-02-2024 21:00,
17107,34218,Case Closed,09-01-2024 20:00,
17108,34219,Case Closed,10-12-2023 13:00,
17109,34220,Case Closed,18-02-2024 23:00,
17110,34221,Case Closed,27-12-2023 04:00,
17111,34222,Case Closed,16-01-2024 03:00,
17112,34223,Case Closed,25-01-2024 20:00,
17113,34226,Case Closed,29-12-2023 06:00,
17114,34228,Case Closed,17-12-2023 03:00,
17115,34232,Case Closed,11-01-2024 13:00,
17116,34233,Case Closed,06-12-2023 16:00,
17117,34234,Case Closed,03-02-2024 03:00,
17118,34235,Case Closed,17-02-2024 07:00,
17119,34237,Case Closed,12-12-2023 12:00,
17120,34240,Case Closed,08-11-2024 02:00,
17121,34241,Case Closed,27-03-2024 07:00,
17122,34248,Case Closed,19-12-2023 19:00,
17123,34249,Case Closed,04-02-2024 22:00,
17124,34252,Case Closed,26-01-2024 08:00,
17125,34253,Case Closed,19-12-2023 10:00,
17126,34257,Case Closed,07-12-2023 09:00,
17127,34262,Case Closed,29-01-2024 11:00,
17128,34263,Case Closed,23-12-2023 20:00,
17129,34267,Case Closed,20-01-2024 07:00,
17130,34268,Case Closed,07-12-2023 23:00,
17131,34271,Case Closed,26-04-2024 16:00,
17132,34272,Case Closed,03-01-2024 11:00,
17133,34274,Case Closed,03-12-2023 02:00,
17134,34275,Case Closed,19-01-2024 17:00,
17135,34276,Case Closed,17-12-2023 11:00,
17136,34277,Case Closed,12-12-2023 08:00,
17137,34278,Case Closed,16-02-2024 19:00,
17138,34279,Case Closed,18-12-2023 22:00,
17139,34286,Case Closed,19-01-2024 00:00,
17140,34288,Case Closed,24-01-2024 10:00,
17141,34290,Case Closed,19-01-2024 06:00,
17142,34291,Case Closed,24-02-2024 06:00,
17143,34292,Case Closed,13-07-2024 13:00,
17144,34293,Case Closed,10-01-2024 03:00,
17145,34294,Case Closed,18-12-2023 00:00,
17146,34296,Case Closed,06-02-2024 03:00,
17147,34297,Case Closed,23-12-2023 17:00,
17148,34300,Case Closed,16-01-2024 16:00,
17149,34301,Case Closed,27-02-2024 02:00,
17150,34302,Case Closed,16-02-2024 07:00,
17151,34305,Case Closed,08-02-2024 19:00,
17152,34306,Case Closed,16-02-2024 11:00,
17153,34308,Case Closed,28-02-2024 01:00,
17154,34309,Case Closed,18-02-2024 18:00,
17155,34312,Case Closed,06-12-2023 07:00,
17156,34313,Case Closed,16-12-2023 13:00,
17157,34314,Case Closed,31-01-2024 01:00,
17158,34316,Case Closed,06-02-2024 14:00,
17159,34320,Case Closed,14-12-2023 12:00,
17160,34324,Case Closed,24-01-2024 15:00,
17161,34333,Case Closed,16-03-2024 06:00,
17162,34334,Case Closed,25-12-2023 19:00,
17163,34336,Case Closed,24-01-2024 16:00,
17164,34345,Case Closed,03-02-2024 17:00,
17165,34347,Case Closed,28-01-2024 10:00,
17166,34351,Case Closed,25-02-2024 14:00,
17167,34356,Case Closed,14-12-2023 07:00,
17168,34359,Case Closed,17-12-2023 21:00,
17169,34360,Case Closed,24-01-2024 15:00,
17170,34366,Case Closed,12-12-2023 21:00,
17171,34367,Case Closed,04-08-2024 10:00,
17172,34368,Case Closed,17-02-2024 06:00,
17173,34373,Case Closed,12-02-2024 02:00,
17174,34374,Case Closed,19-12-2023 16:00,
17175,34375,Case Closed,12-12-2023 09:00,
17176,34377,Case Closed,18-12-2023 12:00,
17177,34378,Case Closed,29-12-2023 23:00,
17178,34379,Case Closed,12-12-2023 20:00,
17179,34380,Case Closed,13-12-2023 22:00,
17180,34381,Case Closed,21-01-2024 21:00,
17181,34382,Case Closed,31-05-2024 19:00,
17182,34383,Case Closed,03-10-2025 03:00,
17183,34384,Case Closed,23-02-2024 04:00,
17184,34386,Case Closed,17-03-2024 06:00,
17185,34387,Case Closed,27-02-2024 00:00,
17186,34388,Case Closed,18-01-2024 08:00,
17187,34389,Case Closed,19-01-2024 08:00,
17188,34394,Case Closed,28-12-2023 16:00,
17189,34399,Case Closed,02-03-2024 13:00,
17190,34400,Case Closed,21-12-2023 03:00,
17191,34401,Case Closed,07-02-2024 22:00,
17192,34403,Case Closed,11-02-2024 22:00,
17193,34405,Case Closed,24-02-2024 20:00,
17194,34409,Case Closed,23-12-2023 02:00,
17195,34410,Case Closed,24-12-2023 12:00,
17196,34411,Case Closed,01-03-2024 22:00,
17197,34412,Case Closed,10-01-2024 04:00,
17198,34413,Case Closed,15-02-2024 03:00,
17199,34417,Case Closed,11-10-2025 19:00,
17200,34419,Case Closed,10-01-2024 15:00,
17201,34422,Case Closed,23-12-2023 03:00,
17202,34423,Case Closed,02-03-2024 01:00,
17203,34428,Case Closed,24-03-2024 19:00,
17204,34435,Case Closed,29-12-2023 03:00,
17205,34436,Case Closed,13-12-2023 13:00,
17206,34437,Case Closed,07-01-2024 00:00,
17207,34439,Case Closed,31-01-2024 05:00,
17208,34441,Case Closed,16-02-2024 15:00,
17209,34446,Case Closed,11-02-2024 12:00,
17210,34447,Case Closed,24-02-2024 17:00,
17211,34448,Case Closed,02-03-2024 03:00,
17212,34450,Case Closed,27-12-2023 13:00,
17213,34451,Case Closed,18-12-2023 14:00,
17214,34452,Case Closed,21-04-2024 15:00,
17215,34456,Case Closed,14-12-2023 23:00,
17216,34457,Case Closed,27-12-2023 00:00,
17217,34458,Case Closed,09-01-2024 14:00,
17218,34465,Case Closed,21-02-2024 02:00,
17219,34466,Case Closed,16-02-2024 01:00,
17220,34467,Case Closed,07-02-2024 08:00,
17221,34468,Case Closed,23-02-2024 08:00,
17222,34469,Case Closed,19-12-2023 12:00,
17223,34470,Case Closed,09-01-2024 14:00,
17224,34473,Case Closed,05-02-2024 21:00,
17225,34474,Case Closed,13-11-2025 14:00,
17226,34475,Case Closed,24-12-2023 01:00,
17227,34476,Case Closed,23-12-2023 21:00,
17228,34477,Case Closed,25-12-2023 21:00,
17229,34478,Case Closed,21-02-2024 14:00,
17230,34479,Case Closed,28-02-2024 05:00,
17231,34480,Case Closed,07-01-2024 11:00,
17232,34481,Case Closed,06-03-2024 07:00,
17233,34488,Case Closed,29-01-2024 02:00,
17234,34492,Case Closed,01-02-2024 15:00,
17235,34493,Case Closed,06-03-2024 11:00,
17236,34495,Case Closed,18-06-2024 16:00,
17237,34496,Case Closed,01-03-2024 15:00,
17238,34497,Case Closed,04-01-2024 23:00,
17239,34498,Case Closed,20-02-2024 23:00,
17240,34499,Case Closed,06-01-2024 04:00,
17241,34502,Case Closed,17-12-2024 03:00,
17242,34503,Case Closed,04-01-2024 13:00,
17243,34504,Case Closed,26-09-2025 22:00,
17244,34505,Case Closed,03-02-2024 17:00,
17245,34506,Case Closed,01-03-2024 02:00,
17246,34511,Case Closed,27-12-2023 23:00,
17247,34512,Case Closed,27-02-2024 13:00,
17248,34515,Case Closed,13-12-2023 09:00,
17249,34516,Case Closed,22-03-2025 23:00,
17250,34519,Case Closed,22-12-2023 13:00,
17251,34520,Case Closed,01-03-2024 01:00,
17252,34522,Case Closed,27-05-2024 09:00,
17253,34523,Case Closed,04-01-2024 00:00,
17254,34524,Case Closed,17-02-2024 14:00,
17255,34526,Case Closed,07-09-2025 10:00,
17256,34528,Case Closed,26-08-2024 13:00,
17257,34529,Case Closed,07-01-2024 07:00,
17258,34533,Case Closed,08-02-2024 16:00,
17259,34538,Case Closed,08-01-2024 05:00,
17260,34539,Case Closed,02-02-2024 03:00,
17261,34541,Case Closed,25-01-2024 01:00,
17262,34542,Case Closed,20-02-2024 09:00,
17263,34543,Case Closed,08-05-2025 20:00,
17264,34548,Case Closed,10-09-2024 05:00,
17265,34549,Case Closed,01-03-2024 11:00,
17266,34550,Case Closed,22-02-2024 15:00,
17267,34553,Case Closed,20-12-2023 03:00,
17268,34554,Case Closed,30-12-2023 15:00,
17269,34557,Case Closed,16-01-2025 15:00,
17270,34558,Case Closed,18-01-2025 18:00,
17271,34559,Case Closed,07-01-2024 14:00,
17272,34562,Case Closed,10-01-2024 08:00,
17273,34563,Case Closed,19-02-2024 01:00,
17274,34564,Case Closed,31-12-2023 03:00,
17275,34567,Case Closed,06-01-2024 19:00,
17276,34568,Case Closed,29-01-2024 02:00,
17277,34571,Case Closed,31-12-2023 10:00,
17278,34572,Case Closed,27-01-2024 10:00,
17279,34573,Case Closed,23-01-2024 17:00,
17280,34575,Case Closed,07-02-2024 11:00,
17281,34576,Case Closed,06-03-2024 17:00,
17282,34578,Case Closed,31-01-2024 04:00,
17283,34581,Case Closed,11-03-2024 22:00,
17284,34583,Case Closed,01-01-2024 11:00,
17285,34586,Case Closed,20-10-2025 11:00,
17286,34590,Case Closed,25-02-2024 07:00,
17287,34591,Case Closed,28-05-2024 08:00,
17288,34594,Case Closed,25-02-2024 03:00,
17289,34596,Case Closed,04-01-2024 08:00,
17290,34597,Case Closed,11-01-2024 12:00,
17291,34599,Case Closed,10-03-2024 17:00,
17292,34600,Case Closed,03-04-2024 12:00,
17293,34601,Case Closed,12-01-2024 07:00,
17294,34605,Case Closed,08-02-2024 14:00,
17295,34607,Case Closed,29-01-2024 22:00,
17296,34608,Case Closed,09-02-2024 08:00,
17297,34612,Case Closed,16-12-2023 13:00,
17298,34613,Case Closed,14-01-2024 02:00,
17299,34614,Case Closed,05-01-2024 12:00,
17300,34616,Case Closed,19-01-2024 14:00,
17301,34617,Case Closed,01-07-2024 16:00,
17302,34618,Case Closed,07-01-2025 19:00,
17303,34623,Case Closed,23-02-2024 22:00,
17304,34626,Case Closed,03-01-2024 06:00,
17305,34627,Case Closed,24-01-2024 14:00,
17306,34628,Case Closed,24-02-2024 14:00,
17307,34629,Case Closed,07-01-2024 08:00,
17308,34631,Case Closed,06-07-2025 17:00,
17309,34632,Case Closed,23-02-2024 00:00,
17310,34633,Case Closed,02-01-2024 20:00,
17311,34638,Case Closed,04-01-2024 14:00,
17312,34639,Case Closed,10-04-2024 17:00,
17313,34640,Case Closed,06-03-2024 17:00,
17314,34641,Case Closed,12-02-2024 13:00,
17315,34642,Case Closed,17-05-2025 08:00,
17316,34645,Case Closed,15-01-2024 18:00,
17317,34646,Case Closed,28-01-2024 06:00,
17318,34647,Case Closed,31-01-2024 12:00,
17319,34651,Case Closed,23-02-2024 04:00,
17320,34652,Case Closed,14-02-2024 01:00,
17321,34653,Case Closed,08-02-2024 17:00,
17322,34654,Case Closed,03-05-2024 17:00,
17323,34657,Case Closed,02-02-2024 12:00,
17324,34660,Case Closed,19-01-2024 14:00,
17325,34664,Case Closed,24-12-2023 04:00,
17326,34665,Case Closed,16-03-2024 07:00,
17327,34666,Case Closed,28-12-2023 11:00,
17328,34668,Case Closed,30-01-2024 10:00,
17329,34670,Case Closed,08-02-2024 16:00,
17330,34671,Case Closed,27-12-2023 08:00,
17331,34672,Case Closed,10-02-2024 14:00,
17332,34673,Case Closed,14-02-2024 18:00,
17333,34674,Case Closed,05-04-2024 04:00,
17334,34675,Case Closed,31-01-2025 10:00,
17335,34676,Case Closed,22-12-2023 14:00,
17336,34677,Case Closed,10-01-2024 10:00,
17337,34678,Case Closed,12-01-2024 09:00,
17338,34679,Case Closed,03-03-2024 23:00,
17339,34680,Case Closed,03-01-2024 13:00,
17340,34681,Case Closed,03-01-2024 09:00,
17341,34684,Case Closed,20-01-2024 03:00,
17342,34685,Case Closed,20-07-2024 17:00,
17343,34686,Case Closed,15-02-2024 04:00,
17344,34687,Case Closed,11-01-2024 09:00,
17345,34688,Case Closed,21-11-2024 15:00,
17346,34691,Case Closed,23-03-2024 14:00,
17347,34693,Case Closed,03-02-2024 07:00,
17348,34695,Case Closed,25-12-2023 22:00,
17349,34698,Case Closed,13-10-2024 04:00,
17350,34701,Case Closed,16-03-2024 12:00,
17351,34702,Case Closed,10-02-2024 14:00,
17352,34704,Case Closed,28-02-2024 07:00,
17353,34705,Case Closed,25-02-2024 06:00,
17354,34708,Case Closed,23-12-2023 13:00,
17355,34712,Case Closed,28-01-2024 14:00,
17356,34714,Case Closed,29-04-2024 12:00,
17357,34716,Case Closed,14-05-2024 22:00,
17358,34717,Case Closed,23-03-2024 05:00,
17359,34720,Case Closed,28-12-2023 21:00,
17360,34721,Case Closed,29-01-2024 18:00,
17361,34722,Case Closed,04-02-2024 11:00,
17362,34723,Case Closed,10-09-2025 17:00,
17363,34724,Case Closed,11-03-2024 22:00,
17364,34727,Case Closed,03-01-2024 09:00,
17365,34729,Case Closed,21-01-2024 14:00,
17366,34734,Case Closed,11-03-2024 17:00,
17367,34736,Case Closed,17-03-2024 13:00,
17368,34739,Case Closed,22-11-2024 10:00,
17369,34740,Case Closed,04-01-2024 03:00,
17370,34741,Case Closed,12-08-2025 19:00,
17371,34742,Case Closed,22-01-2024 10:00,
17372,34743,Case Closed,09-02-2024 01:00,
17373,34744,Case Closed,20-02-2024 21:00,
17374,34746,Case Closed,08-07-2025 22:00,
17375,34749,Case Closed,28-04-2024 08:00,
17376,34751,Case Closed,04-03-2024 10:00,
17377,34752,Case Closed,27-01-2024 03:00,
17378,34753,Case Closed,16-03-2024 13:00,
17379,34754,Case Closed,11-01-2024 15:00,
17380,34755,Case Closed,21-02-2024 18:00,
17381,34758,Case Closed,14-01-2024 13:00,
17382,34759,Case Closed,11-02-2024 10:00,
17383,34762,Case Closed,11-03-2024 10:00,
17384,34763,Case Closed,24-01-2024 19:00,
17385,34764,Case Closed,29-12-2023 07:00,
17386,34766,Case Closed,08-01-2024 14:00,
17387,34768,Case Closed,09-01-2024 17:00,
17388,34769,Case Closed,14-02-2024 02:00,
17389,34770,Case Closed,25-02-2024 07:00,
17390,34774,Case Closed,22-01-2024 00:00,
17391,34776,Case Closed,05-01-2024 17:00,
17392,34779,Case Closed,01-02-2024 11:00,
17393,34780,Case Closed,26-01-2024 11:00,
17394,34781,Case Closed,10-02-2024 21:00,
17395,34782,Case Closed,09-01-2024 07:00,
17396,34787,Case Closed,04-03-2024 22:00,
17397,34788,Case Closed,16-01-2024 00:00,
17398,34790,Case Closed,29-12-2023 18:00,
17399,34792,Case Closed,10-03-2024 17:00,
17400,34795,Case Closed,10-02-2024 04:00,
17401,34803,Case Closed,08-01-2024 15:00,
17402,34804,Case Closed,19-09-2024 18:00,
17403,34806,Case Closed,28-12-2023 12:00,
17404,34807,Case Closed,21-01-2024 18:00,
17405,34808,Case Closed,05-01-2024 13:00,
17406,34810,Case Closed,24-02-2024 20:00,
17407,34814,Case Closed,04-01-2024 16:00,
17408,34815,Case Closed,23-09-2024 11:00,
17409,34817,Case Closed,21-02-2024 19:00,
17410,34820,Case Closed,16-02-2024 07:00,
17411,34826,Case Closed,08-03-2024 02:00,
17412,34827,Case Closed,27-01-2024 18:00,
17413,34828,Case Closed,06-03-2024 11:00,
17414,34833,Case Closed,04-01-2024 02:00,
17415,34835,Case Closed,28-01-2024 13:00,
17416,34836,Case Closed,10-02-2024 16:00,
17417,34837,Case Closed,21-02-2024 17:00,
17418,34844,Case Closed,18-01-2024 06:00,
17419,34846,Case Closed,27-01-2024 12:00,
17420,34848,Case Closed,21-03-2024 11:00,
17421,34851,Case Closed,09-01-2024 15:00,
17422,34853,Case Closed,15-01-2024 14:00,
17423,34856,Case Closed,03-03-2024 01:00,
17424,34857,Case Closed,18-01-2025 22:00,
17425,34859,Case Closed,02-06-2024 13:00,
17426,34861,Case Closed,21-01-2024 22:00,
17427,34863,Case Closed,05-03-2024 05:00,
17428,34864,Case Closed,21-02-2024 13:00,
17429,34866,Case Closed,17-01-2024 13:00,
17430,34867,Case Closed,11-05-2024 07:00,
17431,34869,Case Closed,03-03-2024 02:00,
17432,34870,Case Closed,09-02-2024 08:00,
17433,34871,Case Closed,13-01-2024 00:00,
17434,34873,Case Closed,22-01-2024 05:00,
17435,34874,Case Closed,13-01-2024 08:00,
17436,34876,Case Closed,01-01-2024 10:00,
17437,34878,Case Closed,26-02-2024 16:00,
17438,34880,Case Closed,14-01-2024 03:00,
17439,34881,Case Closed,24-01-2024 23:00,
17440,34886,Case Closed,01-03-2024 10:00,
17441,34889,Case Closed,25-03-2024 09:00,
17442,34890,Case Closed,24-02-2024 23:00,
17443,34892,Case Closed,03-02-2024 23:00,
17444,34893,Case Closed,19-03-2024 10:00,
17445,34894,Case Closed,08-05-2024 02:00,
17446,34895,Case Closed,06-01-2024 08:00,
17447,34896,Case Closed,15-01-2024 11:00,
17448,34898,Case Closed,19-02-2024 01:00,
17449,34903,Case Closed,21-01-2024 19:00,
17450,34905,Case Closed,30-04-2024 03:00,
17451,34907,Case Closed,26-01-2024 18:00,
17452,34910,Case Closed,23-01-2024 17:00,
17453,34912,Case Closed,29-01-2024 16:00,
17454,34913,Case Closed,28-12-2023 20:00,
17455,34915,Case Closed,27-03-2024 17:00,
17456,34916,Case Closed,21-03-2024 23:00,
17457,34917,Case Closed,15-05-2024 23:00,
17458,34918,Case Closed,15-03-2024 05:00,
17459,34919,Case Closed,11-11-2025 00:00,
17460,34920,Case Closed,04-03-2024 02:00,
17461,34921,Case Closed,26-01-2024 10:00,
17462,34922,Case Closed,20-08-2025 09:00,
17463,34925,Case Closed,05-03-2024 22:00,
17464,34926,Case Closed,03-01-2024 13:00,
17465,34927,Case Closed,22-01-2024 20:00,
17466,34930,Case Closed,29-04-2024 12:00,
17467,34931,Case Closed,17-01-2024 19:00,
17468,34932,Case Closed,10-03-2024 17:00,
17469,34935,Case Closed,24-02-2024 20:00,
17470,34936,Case Closed,11-02-2024 22:00,
17471,34937,Case Closed,26-02-2024 12:00,
17472,34939,Case Closed,17-03-2024 19:00,
17473,34940,Case Closed,19-03-2024 11:00,
17474,34941,Case Closed,27-02-2024 10:00,
17475,34943,Case Closed,28-02-2025 05:00,
17476,34944,Case Closed,23-03-2024 19:00,
17477,34946,Case Closed,08-01-2024 09:00,
17478,34950,Case Closed,16-02-2024 04:00,
17479,34953,Case Closed,08-02-2024 23:00,
17480,34954,Case Closed,18-03-2024 14:00,
17481,34956,Case Closed,12-01-2024 18:00,
17482,34959,Case Closed,17-01-2024 13:00,
17483,34960,Case Closed,17-03-2024 00:00,
17484,34962,Case Closed,10-03-2024 11:00,
17485,34964,Case Closed,19-02-2024 14:00,
17486,34965,Case Closed,18-03-2024 18:00,
17487,34966,Case Closed,02-03-2024 11:00,
17488,34967,Case Closed,19-05-2024 07:00,
17489,34969,Case Closed,02-03-2024 19:00,
17490,34972,Case Closed,02-03-2024 04:00,
17491,34973,Case Closed,21-02-2025 19:00,
17492,34976,Case Closed,11-02-2024 05:00,
17493,34977,Case Closed,20-01-2024 23:00,
17494,34978,Case Closed,15-03-2024 08:00,
17495,34980,Case Closed,20-02-2024 11:00,
17496,34981,Case Closed,05-03-2024 01:00,
17497,34983,Case Closed,21-03-2024 05:00,
17498,34987,Case Closed,14-02-2024 10:00,
17499,34989,Case Closed,16-02-2024 22:00,
17500,34990,Case Closed,08-02-2024 04:00,
17501,34991,Case Closed,05-03-2024 19:00,
17502,34994,Case Closed,12-01-2024 18:00,
17503,34995,Case Closed,28-02-2024 05:00,
17504,34996,Case Closed,14-12-2024 01:00,
17505,34997,Case Closed,29-01-2024 22:00,
17506,34998,Case Closed,26-03-2024 06:00,
17507,35001,Case Closed,07-01-2024 14:00,
17508,35004,Case Closed,30-01-2024 16:00,
17509,35006,Case Closed,27-03-2024 20:00,
17510,35008,Case Closed,24-01-2024 07:00,
17511,35010,Case Closed,08-03-2024 01:00,
17512,35014,Case Closed,27-01-2024 13:00,
17513,35016,Case Closed,17-03-2024 19:00,
17514,35017,Case Closed,17-03-2024 13:00,
17515,35021,Case Closed,22-02-2024 23:00,
17516,35023,Case Closed,10-03-2024 00:00,
17517,35028,Case Closed,14-03-2024 18:00,
17518,35029,Case Closed,18-01-2024 06:00,
17519,35032,Case Closed,12-03-2024 06:00,
17520,35034,Case Closed,21-02-2024 01:00,
17521,35036,Case Closed,03-02-2024 20:00,
17522,35037,Case Closed,13-01-2024 06:00,
17523,35039,Case Closed,24-02-2024 12:00,
17524,35042,Case Closed,07-02-2024 19:00,
17525,35044,Case Closed,01-02-2024 23:00,
17526,35045,Case Closed,08-03-2024 05:00,
17527,35046,Case Closed,18-01-2024 06:00,
17528,35047,Case Closed,05-03-2025 17:00,
17529,35051,Case Closed,22-03-2024 04:00,
17530,35055,Case Closed,24-01-2024 11:00,
17531,35057,Case Closed,04-02-2024 13:00,
17532,35058,Case Closed,30-01-2024 04:00,
17533,35059,Case Closed,11-01-2024 00:00,
17534,35061,Case Closed,31-01-2024 13:00,
17535,35062,Case Closed,30-01-2024 23:00,
17536,35066,Case Closed,22-03-2024 10:00,
17537,35067,Case Closed,16-12-2025 06:00,
17538,35068,Case Closed,18-02-2024 09:00,
17539,35069,Case Closed,21-03-2024 02:00,
17540,35071,Case Closed,11-09-2025 14:00,
17541,35072,Case Closed,27-01-2024 17:00,
17542,35073,Case Closed,20-01-2024 08:00,
17543,35074,Case Closed,07-03-2024 20:00,
17544,35078,Case Closed,04-02-2024 02:00,
17545,35079,Case Closed,02-08-2024 07:00,
17546,35080,Case Closed,29-01-2024 09:00,
17547,35081,Case Closed,08-03-2024 04:00,
17548,35082,Case Closed,12-02-2024 01:00,
17549,35083,Case Closed,22-02-2024 16:00,
17550,35085,Case Closed,20-01-2024 17:00,
17551,35086,Case Closed,16-03-2024 12:00,
17552,35088,Case Closed,25-02-2024 16:00,
17553,35090,Case Closed,10-01-2024 09:00,
17554,35092,Case Closed,14-01-2024 04:00,
17555,35093,Case Closed,21-02-2024 08:00,
17556,35094,Case Closed,18-03-2024 22:00,
17557,35099,Case Closed,21-01-2024 19:00,
17558,35100,Case Closed,16-03-2024 17:00,
17559,35102,Case Closed,07-03-2024 11:00,
17560,35103,Case Closed,07-02-2024 00:00,
17561,35109,Case Closed,18-01-2024 13:00,
17562,35111,Case Closed,10-02-2025 15:00,
17563,35112,Case Closed,26-02-2024 15:00,
17564,35113,Case Closed,04-01-2024 19:00,
17565,35116,Case Closed,27-03-2025 06:00,
17566,35121,Case Closed,25-03-2024 00:00,
17567,35123,Case Closed,05-06-2025 15:00,
17568,35126,Case Closed,03-03-2024 05:00,
17569,35127,Case Closed,22-03-2024 07:00,
17570,35128,Case Closed,16-03-2024 10:00,
17571,35129,Case Closed,18-03-2025 05:00,
17572,35131,Case Closed,28-03-2024 16:00,
17573,35132,Case Closed,05-03-2024 17:00,
17574,35137,Case Closed,17-03-2024 19:00,
17575,35141,Case Closed,16-01-2024 08:00,
17576,35143,Case Closed,14-03-2024 11:00,
17577,35144,Case Closed,21-01-2024 09:00,
17578,35145,Case Closed,22-02-2024 20:00,
17579,35148,Case Closed,01-03-2024 17:00,
17580,35149,Case Closed,24-02-2024 04:00,
17581,35150,Case Closed,19-10-2024 18:00,
17582,35153,Case Closed,13-05-2024 03:00,
17583,35154,Case Closed,29-02-2024 12:00,
17584,35156,Case Closed,20-03-2024 05:00,
17585,35157,Case Closed,21-03-2024 00:00,
17586,35162,Case Closed,29-03-2024 08:00,
17587,35164,Case Closed,25-02-2024 04:00,
17588,35166,Case Closed,03-03-2024 15:00,
17589,35172,Case Closed,24-01-2024 15:00,
17590,35175,Case Closed,12-02-2024 17:00,
17591,35176,Case Closed,07-03-2025 02:00,
17592,35177,Case Closed,03-02-2024 19:00,
17593,35180,Case Closed,16-02-2024 11:00,
17594,35181,Case Closed,26-01-2024 14:00,
17595,35183,Case Closed,25-01-2024 18:00,
17596,35185,Case Closed,12-03-2024 14:00,
17597,35190,Case Closed,19-05-2025 06:00,
17598,35191,Case Closed,26-03-2024 16:00,
17599,35193,Case Closed,07-11-2024 12:00,
17600,35195,Case Closed,25-07-2024 05:00,
17601,35197,Case Closed,26-01-2024 14:00,
17602,35199,Case Closed,29-01-2024 07:00,
17603,35200,Case Closed,18-02-2024 12:00,
17604,35203,Case Closed,28-01-2024 17:00,
17605,35205,Case Closed,20-02-2024 10:00,
17606,35206,Case Closed,29-01-2024 10:00,
17607,35209,Case Closed,03-02-2024 01:00,
17608,35212,Case Closed,12-03-2024 19:00,
17609,35219,Case Closed,19-02-2024 20:00,
17610,35223,Case Closed,28-02-2024 06:00,
17611,35224,Case Closed,26-02-2024 19:00,
17612,35226,Case Closed,06-03-2024 03:00,
17613,35228,Case Closed,12-03-2024 05:00,
17614,35231,Case Closed,20-09-2024 07:00,
17615,35233,Case Closed,25-01-2024 10:00,
17616,35240,Case Closed,13-02-2024 18:00,
17617,35244,Case Closed,16-02-2024 02:00,
17618,35245,Case Closed,14-04-2024 05:00,
17619,35246,Case Closed,29-02-2024 08:00,
17620,35247,Case Closed,25-03-2024 09:00,
17621,35248,Case Closed,23-02-2024 21:00,
17622,35251,Case Closed,28-08-2025 20:00,
17623,35259,Case Closed,15-03-2024 12:00,
17624,35260,Case Closed,12-01-2024 12:00,
17625,35261,Case Closed,08-04-2024 07:00,
17626,35262,Case Closed,26-04-2024 16:00,
17627,35264,Case Closed,27-03-2024 03:00,
17628,35266,Case Closed,19-03-2024 09:00,
17629,35278,Case Closed,29-02-2024 01:00,
17630,35281,Case Closed,14-03-2024 03:00,
17631,35283,Case Closed,05-04-2024 05:00,
17632,35285,Case Closed,16-03-2024 18:00,
17633,35288,Case Closed,17-01-2024 14:00,
17634,35291,Case Closed,26-03-2024 10:00,
17635,35293,Case Closed,29-01-2024 10:00,
17636,35294,Case Closed,27-01-2024 11:00,
17637,35295,Case Closed,30-03-2024 05:00,
17638,35298,Case Closed,27-01-2024 05:00,
17639,35300,Case Closed,05-02-2024 11:00,
17640,35302,Case Closed,05-02-2024 05:00,
17641,35305,Case Closed,25-01-2024 14:00,
17642,35307,Case Closed,16-03-2024 00:00,
17643,35308,Case Closed,21-01-2024 19:00,
17644,35311,Case Closed,20-04-2024 02:00,
17645,35315,Case Closed,06-03-2024 23:00,
17646,35316,Case Closed,02-03-2024 06:00,
17647,35317,Case Closed,30-01-2024 02:00,
17648,35321,Case Closed,05-02-2024 08:00,
17649,35324,Case Closed,28-03-2024 21:00,
17650,35326,Case Closed,07-04-2024 12:00,
17651,35327,Case Closed,27-01-2024 19:00,
17652,35329,Case Closed,05-03-2024 19:00,
17653,35330,Case Closed,09-02-2024 18:00,
17654,35331,Case Closed,09-04-2024 06:00,
17655,35332,Case Closed,22-01-2024 07:00,
17656,35333,Case Closed,20-03-2024 12:00,
17657,35340,Case Closed,01-02-2024 20:00,
17658,35342,Case Closed,14-09-2024 04:00,
17659,35345,Case Closed,04-02-2024 00:00,
17660,35346,Case Closed,16-03-2024 06:00,
17661,35348,Case Closed,15-03-2024 13:00,
17662,35352,Case Closed,07-04-2024 16:00,
17663,35353,Case Closed,02-03-2025 19:00,
17664,35355,Case Closed,29-02-2024 06:00,
17665,35357,Case Closed,25-02-2024 16:00,
17666,35359,Case Closed,31-01-2024 20:00,
17667,35361,Case Closed,06-02-2024 06:00,
17668,35362,Case Closed,30-03-2024 10:00,
17669,35363,Case Closed,10-06-2024 02:00,
17670,35364,Case Closed,19-03-2024 15:00,
17671,35366,Case Closed,14-09-2025 19:00,
17672,35369,Case Closed,09-10-2025 05:00,
17673,35372,Case Closed,30-01-2024 17:00,
17674,35377,Case Closed,04-02-2024 20:00,
17675,35378,Case Closed,13-07-2025 23:00,
17676,35379,Case Closed,08-02-2024 06:00,
17677,35382,Case Closed,22-01-2024 01:00,
17678,35385,Case Closed,31-01-2024 05:00,
17679,35386,Case Closed,12-02-2024 21:00,
17680,35388,Case Closed,11-03-2024 02:00,
17681,35389,Case Closed,16-02-2024 10:00,
17682,35390,Case Closed,25-02-2024 17:00,
17683,35391,Case Closed,06-02-2024 06:00,
17684,35392,Case Closed,16-04-2024 23:00,
17685,35393,Case Closed,30-01-2024 19:00,
17686,35397,Case Closed,03-02-2024 00:00,
17687,35398,Case Closed,23-02-2024 01:00,
17688,35399,Case Closed,23-02-2024 03:00,
17689,35408,Case Closed,23-03-2024 23:00,
17690,35410,Case Closed,09-02-2024 14:00,
17691,35412,Case Closed,10-02-2024 09:00,
17692,35414,Case Closed,01-03-2024 06:00,
17693,35415,Case Closed,29-02-2024 11:00,
17694,35416,Case Closed,06-02-2024 09:00,
17695,35419,Case Closed,19-03-2025 04:00,
17696,35424,Case Closed,14-05-2025 04:00,
17697,35425,Case Closed,25-01-2024 20:00,
17698,35426,Case Closed,26-02-2024 13:00,
17699,35428,Case Closed,29-01-2024 01:00,
17700,35431,Case Closed,15-03-2024 17:00,
17701,35433,Case Closed,11-02-2024 02:00,
17702,35436,Case Closed,04-03-2024 17:00,
17703,35439,Case Closed,30-01-2024 17:00,
17704,35440,Case Closed,10-02-2024 20:00,
17705,35442,Case Closed,20-01-2024 04:00,
17706,35443,Case Closed,01-02-2024 07:00,
17707,35445,Case Closed,30-01-2024 12:00,
17708,35447,Case Closed,15-02-2024 11:00,
17709,35449,Case Closed,25-03-2024 17:00,
17710,35452,Case Closed,15-03-2024 19:00,
17711,35454,Case Closed,21-03-2024 14:00,
17712,35464,Case Closed,13-04-2024 13:00,
17713,35465,Case Closed,10-03-2024 15:00,
17714,35466,Case Closed,09-04-2024 03:00,
17715,35467,Case Closed,26-01-2024 04:00,
17716,35471,Case Closed,28-02-2025 18:00,
17717,35472,Case Closed,27-01-2024 12:00,
17718,35473,Case Closed,18-04-2024 23:00,
17719,35474,Case Closed,13-03-2024 09:00,
17720,35475,Case Closed,27-02-2024 06:00,
17721,35476,Case Closed,30-01-2024 18:00,
17722,35480,Case Closed,27-01-2024 13:00,
17723,35482,Case Closed,24-04-2025 04:00,
17724,35484,Case Closed,21-02-2024 02:00,
17725,35485,Case Closed,27-02-2024 13:00,
17726,35487,Case Closed,28-02-2024 09:00,
17727,35488,Case Closed,30-05-2024 03:00,
17728,35489,Case Closed,28-01-2024 16:00,
17729,35492,Case Closed,10-03-2024 07:00,
17730,35493,Case Closed,19-02-2024 14:00,
17731,35494,Case Closed,07-03-2024 15:00,
17732,35496,Case Closed,07-04-2024 19:00,
17733,35497,Case Closed,04-04-2024 07:00,
17734,35498,Case Closed,31-01-2024 04:00,
17735,35500,Case Closed,29-01-2024 02:00,
17736,35510,Case Closed,18-04-2024 17:00,
17737,35511,Case Closed,17-01-2026 14:00,
17738,35512,Case Closed,10-03-2024 00:00,
17739,35514,Case Closed,11-02-2024 00:00,
17740,35515,Case Closed,09-08-2024 15:00,
17741,35519,Case Closed,02-02-2024 23:00,
17742,35520,Case Closed,25-02-2024 05:00,
17743,35522,Case Closed,29-03-2024 20:00,
17744,35523,Case Closed,27-01-2024 05:00,
17745,35524,Case Closed,22-02-2025 04:00,
17746,35525,Case Closed,25-05-2024 09:00,
17747,35526,Case Closed,23-02-2024 19:00,
17748,35527,Case Closed,30-08-2025 14:00,
17749,35529,Case Closed,19-03-2024 14:00,
17750,35530,Case Closed,16-08-2025 21:00,
17751,35531,Case Closed,28-02-2024 07:00,
17752,35532,Case Closed,20-03-2024 16:00,
17753,35533,Case Closed,14-04-2024 10:00,
17754,35535,Case Closed,17-04-2024 20:00,
17755,35536,Case Closed,31-03-2024 11:00,
17756,35539,Case Closed,15-10-2025 19:00,
17757,35540,Case Closed,02-03-2024 03:00,
17758,35543,Case Closed,26-03-2024 20:00,
17759,35544,Case Closed,08-03-2024 21:00,
17760,35546,Case Closed,18-02-2024 11:00,
17761,35548,Case Closed,30-01-2024 11:00,
17762,35549,Case Closed,19-09-2024 10:00,
17763,35551,Case Closed,06-03-2024 00:00,
17764,35553,Case Closed,11-05-2024 16:00,
17765,35554,Case Closed,02-04-2024 08:00,
17766,35557,Case Closed,15-02-2024 15:00,
17767,35559,Case Closed,05-02-2024 06:00,
17768,35560,Case Closed,02-03-2024 07:00,
17769,35562,Case Closed,03-02-2024 21:00,
17770,35563,Case Closed,09-04-2024 10:00,
17771,35564,Case Closed,27-01-2024 02:00,
17772,35565,Case Closed,07-02-2024 16:00,
17773,35566,Case Closed,22-03-2024 05:00,
17774,35567,Case Closed,19-03-2024 05:00,
17775,35568,Case Closed,24-03-2024 16:00,
17776,35571,Case Closed,11-03-2024 22:00,
17777,35572,Case Closed,15-03-2024 01:00,
17778,35573,Case Closed,11-06-2024 06:00,
17779,35574,Case Closed,13-04-2024 14:00,
17780,35577,Case Closed,16-03-2024 16:00,
17781,35578,Case Closed,19-04-2024 03:00,
17782,35579,Case Closed,30-01-2024 18:00,
17783,35582,Case Closed,17-03-2024 14:00,
17784,35583,Case Closed,21-02-2024 19:00,
17785,35584,Case Closed,14-04-2024 12:00,
17786,35587,Case Closed,16-06-2024 07:00,
17787,35592,Case Closed,24-04-2024 02:00,
17788,35593,Case Closed,02-02-2024 10:00,
17789,35596,Case Closed,25-01-2024 09:00,
17790,35597,Case Closed,30-03-2024 06:00,
17791,35598,Case Closed,14-03-2024 13:00,
17792,35600,Case Closed,25-05-2024 00:00,
17793,35602,Case Closed,30-03-2024 22:00,
17794,35605,Case Closed,09-04-2024 01:00,
17795,35607,Case Closed,02-04-2024 11:00,
17796,35608,Case Closed,03-04-2024 23:00,
17797,35611,Case Closed,05-02-2024 12:00,
17798,35612,Case Closed,08-02-2024 20:00,
17799,35613,Case Closed,10-03-2024 02:00,
17800,35615,Case Closed,06-03-2024 08:00,
17801,35616,Case Closed,02-04-2024 16:00,
17802,35617,Case Closed,04-02-2024 12:00,
17803,35620,Case Closed,01-02-2024 03:00,
17804,35622,Case Closed,30-03-2024 17:00,
17805,35623,Case Closed,20-04-2024 13:00,
17806,35627,Case Closed,30-03-2024 12:00,
17807,35628,Case Closed,15-03-2025 14:00,
17808,35631,Case Closed,28-02-2024 19:00,
17809,35632,Case Closed,17-03-2024 22:00,
17810,35638,Case Closed,19-03-2024 11:00,
17811,35641,Case Closed,23-01-2025 17:00,
17812,35644,Case Closed,18-08-2024 09:00,
17813,35645,Case Closed,04-03-2024 04:00,
17814,35653,Case Closed,01-04-2024 10:00,
17815,35654,Case Closed,03-04-2024 00:00,
17816,35655,Case Closed,22-04-2024 21:00,
17817,35656,Case Closed,12-03-2024 17:00,
17818,35658,Case Closed,12-04-2024 20:00,
17819,35660,Case Closed,30-05-2024 05:00,
17820,35661,Case Closed,22-02-2024 14:00,
17821,35663,Case Closed,02-03-2024 02:00,
17822,35664,Case Closed,04-02-2024 11:00,
17823,35666,Case Closed,05-04-2024 18:00,
17824,35669,Case Closed,22-04-2024 09:00,
17825,35671,Case Closed,24-02-2024 17:00,
17826,35672,Case Closed,12-02-2024 03:00,
17827,35673,Case Closed,22-02-2024 14:00,
17828,35678,Case Closed,23-02-2024 14:00,
17829,35680,Case Closed,23-02-2024 05:00,
17830,35681,Case Closed,24-04-2024 08:00,
17831,35685,Case Closed,31-03-2024 02:00,
17832,35686,Case Closed,08-02-2024 15:00,
17833,35689,Case Closed,17-04-2024 13:00,
17834,35690,Case Closed,11-03-2024 22:00,
17835,35691,Case Closed,16-03-2024 15:00,
17836,35692,Case Closed,17-05-2025 05:00,
17837,35693,Case Closed,18-02-2024 18:00,
17838,35696,Case Closed,22-04-2024 05:00,
17839,35698,Case Closed,20-02-2024 03:00,
17840,35699,Case Closed,06-03-2024 12:00,
17841,35701,Case Closed,26-03-2024 00:00,
17842,35703,Case Closed,12-03-2024 07:00,
17843,35709,Case Closed,17-11-2024 00:00,
17844,35711,Case Closed,26-02-2024 15:00,
17845,35712,Case Closed,24-02-2024 23:00,
17846,35713,Case Closed,23-03-2024 11:00,
17847,35717,Case Closed,28-02-2024 08:00,
17848,35719,Case Closed,18-04-2024 11:00,
17849,35721,Case Closed,28-02-2024 06:00,
17850,35725,Case Closed,01-02-2024 22:00,
17851,35730,Case Closed,14-03-2024 03:00,
17852,35733,Case Closed,17-04-2024 12:00,
17853,35735,Case Closed,28-03-2024 01:00,
17854,35738,Case Closed,09-02-2024 09:00,
17855,35740,Case Closed,21-03-2024 18:00,
17856,35741,Case Closed,15-02-2024 06:00,
17857,35742,Case Closed,06-03-2024 08:00,
17858,35743,Case Closed,05-09-2025 20:00,
17859,35744,Case Closed,29-03-2024 17:00,
17860,35745,Case Closed,22-03-2024 01:00,
17861,35747,Case Closed,21-03-2024 05:00,
17862,35750,Case Closed,23-02-2024 10:00,
17863,35753,Case Closed,08-04-2024 11:00,
17864,35754,Case Closed,24-03-2024 16:00,
17865,35755,Case Closed,02-04-2024 15:00,
17866,35756,Case Closed,02-03-2024 01:00,
17867,35757,Case Closed,06-07-2024 03:00,
17868,35758,Case Closed,18-02-2024 22:00,
17869,35759,Case Closed,17-02-2024 08:00,
17870,35760,Case Closed,12-05-2025 23:00,
17871,35761,Case Closed,17-03-2024 20:00,
17872,35762,Case Closed,18-03-2024 00:00,
17873,35763,Case Closed,17-03-2024 01:00,
17874,35764,Case Closed,12-03-2024 16:00,
17875,35766,Case Closed,14-06-2025 20:00,
17876,35775,Case Closed,17-03-2024 01:00,
17877,35776,Case Closed,20-03-2024 16:00,
17878,35779,Case Closed,18-04-2024 11:00,
17879,35781,Case Closed,05-04-2024 18:00,
17880,35782,Case Closed,09-04-2024 01:00,
17881,35783,Case Closed,24-04-2024 19:00,
17882,35786,Case Closed,16-04-2024 10:00,
17883,35787,Case Closed,09-03-2024 21:00,
17884,35793,Case Closed,27-02-2024 04:00,
17885,35795,Case Closed,15-06-2024 07:00,
17886,35797,Case Closed,25-04-2024 03:00,
17887,35799,Case Closed,13-02-2024 12:00,
17888,35801,Case Closed,25-02-2024 10:00,
17889,35802,Case Closed,06-04-2024 11:00,
17890,35803,Case Closed,23-03-2024 00:00,
17891,35805,Case Closed,16-02-2024 15:00,
17892,35807,Case Closed,11-03-2024 19:00,
17893,35808,Case Closed,11-03-2024 12:00,
17894,35809,Case Closed,04-12-2024 14:00,
17895,35811,Case Closed,09-04-2024 21:00,
17896,35812,Case Closed,15-04-2024 12:00,
17897,35813,Case Closed,17-03-2024 02:00,
17898,35815,Case Closed,14-02-2024 11:00,
17899,35817,Case Closed,03-03-2024 00:00,
17900,35821,Case Closed,16-03-2024 22:00,
17901,35822,Case Closed,20-03-2024 02:00,
17902,35823,Case Closed,25-03-2024 16:00,
17903,35824,Case Closed,07-04-2024 07:00,
17904,35825,Case Closed,01-03-2024 03:00,
17905,35828,Case Closed,28-02-2024 18:00,
17906,35829,Case Closed,17-02-2024 07:00,
17907,35830,Case Closed,02-04-2024 12:00,
17908,35832,Case Closed,20-02-2024 14:00,
17909,35834,Case Closed,26-02-2024 20:00,
17910,35835,Case Closed,27-02-2024 10:00,
17911,35838,Case Closed,23-02-2024 10:00,
17912,35839,Case Closed,01-04-2024 11:00,
17913,35843,Case Closed,27-02-2024 17:00,
17914,35846,Case Closed,15-03-2024 18:00,
17915,35852,Case Closed,27-02-2024 23:00,
17916,35853,Case Closed,14-02-2024 22:00,
17917,35855,Case Closed,21-02-2024 17:00,
17918,35856,Case Closed,12-03-2024 17:00,
17919,35858,Case Closed,08-03-2024 01:00,
17920,35859,Case Closed,08-11-2024 04:00,
17921,35860,Case Closed,07-04-2024 07:00,
17922,35862,Case Closed,11-02-2024 17:00,
17923,35864,Case Closed,25-02-2024 14:00,
17924,35865,Case Closed,24-04-2024 12:00,
17925,35866,Case Closed,03-03-2024 05:00,
17926,35867,Case Closed,26-03-2024 01:00,
17927,35868,Case Closed,26-04-2024 04:00,
17928,35869,Case Closed,18-02-2024 09:00,
17929,35874,Case Closed,03-05-2024 13:00,
17930,35877,Case Closed,23-09-2024 03:00,
17931,35878,Case Closed,06-02-2024 00:00,
17932,35879,Case Closed,04-04-2024 13:00,
17933,35880,Case Closed,09-07-2024 11:00,
17934,35881,Case Closed,02-05-2024 23:00,
17935,35883,Case Closed,19-02-2024 21:00,
17936,35887,Case Closed,21-04-2024 15:00,
17937,35890,Case Closed,24-03-2024 14:00,
17938,35892,Case Closed,27-04-2024 04:00,
17939,35894,Case Closed,06-02-2024 19:00,
17940,35899,Case Closed,24-04-2024 19:00,
17941,35901,Case Closed,15-06-2025 15:00,
17942,35905,Case Closed,18-04-2024 17:00,
17943,35907,Case Closed,03-03-2024 13:00,
17944,35909,Case Closed,03-03-2024 18:00,
17945,35910,Case Closed,04-05-2024 18:00,
17946,35911,Case Closed,27-02-2024 17:00,
17947,35913,Case Closed,20-05-2024 00:00,
17948,35914,Case Closed,17-04-2024 23:00,
17949,35917,Case Closed,03-05-2024 22:00,
17950,35922,Case Closed,15-02-2024 14:00,
17951,35924,Case Closed,09-03-2024 00:00,
17952,35925,Case Closed,11-06-2024 01:00,
17953,35928,Case Closed,11-04-2024 21:00,
17954,35931,Case Closed,16-07-2024 09:00,
17955,35933,Case Closed,24-02-2024 10:00,
17956,35937,Case Closed,07-03-2024 04:00,
17957,35941,Case Closed,25-04-2024 23:00,
17958,35942,Case Closed,03-05-2024 22:00,
17959,35946,Case Closed,19-02-2024 16:00,
17960,35949,Case Closed,20-02-2024 20:00,
17961,35950,Case Closed,17-02-2024 15:00,
17962,35951,Case Closed,17-06-2024 18:00,
17963,35954,Case Closed,21-02-2024 14:00,
17964,35955,Case Closed,15-02-2024 01:00,
17965,35956,Case Closed,13-04-2024 13:00,
17966,35957,Case Closed,21-03-2024 08:00,
17967,35959,Case Closed,29-04-2024 05:00,
17968,35961,Case Closed,29-02-2024 07:00,
17969,35962,Case Closed,22-02-2024 23:00,
17970,35965,Case Closed,01-05-2024 01:00,
17971,35974,Case Closed,07-05-2024 17:00,
17972,35975,Case Closed,08-04-2024 14:00,
17973,35979,Case Closed,17-03-2024 19:00,
17974,35981,Case Closed,24-03-2024 04:00,
17975,35983,Case Closed,03-11-2024 00:00,
17976,35984,Case Closed,03-03-2024 02:00,
17977,35988,Case Closed,12-03-2024 13:00,
17978,35989,Case Closed,21-04-2024 05:00,
17979,35990,Case Closed,06-04-2024 14:00,
17980,35993,Case Closed,22-04-2025 06:00,
17981,35994,Case Closed,09-04-2024 03:00,
17982,35995,Case Closed,22-02-2024 09:00,
17983,35997,Case Closed,22-02-2024 21:00,
17984,35999,Case Closed,24-04-2024 03:00,
17985,36000,Case Closed,02-03-2024 08:00,
17986,36001,Case Closed,02-05-2024 18:00,
17987,36005,Case Closed,24-09-2024 21:00,
17988,36006,Case Closed,25-04-2024 17:00,
17989,36010,Case Closed,11-03-2024 08:00,
17990,36011,Case Closed,10-05-2024 06:00,
17991,36012,Case Closed,15-03-2024 20:00,
17992,36013,Case Closed,18-02-2024 18:00,
17993,36016,Case Closed,17-03-2024 10:00,
17994,36017,Case Closed,29-04-2024 10:00,
17995,36018,Case Closed,23-03-2024 16:00,
17996,36019,Case Closed,19-02-2024 08:00,
17997,36020,Case Closed,07-04-2024 00:00,
17998,36021,Case Closed,17-04-2024 17:00,
17999,36023,Case Closed,01-09-2025 11:00,
18000,36024,Case Closed,02-04-2024 00:00,
18001,36026,Case Closed,15-07-2024 01:00,
18002,36027,Case Closed,05-05-2024 22:00,
18003,36030,Case Closed,16-04-2024 13:00,
18004,36031,Case Closed,09-03-2024 11:00,
18005,36032,Case Closed,07-03-2024 23:00,
18006,36033,Case Closed,17-03-2024 04:00,
18007,36035,Case Closed,28-03-2024 06:00,
18008,36036,Case Closed,21-02-2024 15:00,
18009,36037,Case Closed,16-04-2024 04:00,
18010,36039,Case Closed,08-05-2024 13:00,
18011,36040,Case Closed,30-03-2024 14:00,
18012,36043,Case Closed,22-02-2024 14:00,
18013,36044,Case Closed,26-05-2024 09:00,
18014,36047,Case Closed,20-06-2024 05:00,
18015,36048,Case Closed,28-02-2024 15:00,
18016,36049,Case Closed,26-03-2024 06:00,
18017,36050,Case Closed,10-05-2024 07:00,
18018,36051,Case Closed,05-12-2025 11:00,
18019,36052,Case Closed,22-03-2024 15:00,
18020,36054,Case Closed,26-03-2024 11:00,
18021,36057,Case Closed,10-03-2024 23:00,
18022,36058,Case Closed,15-04-2024 06:00,
18023,36060,Case Closed,15-03-2024 00:00,
18024,36061,Case Closed,12-03-2024 14:00,
18025,36062,Case Closed,21-02-2024 15:00,
18026,36064,Case Closed,31-03-2024 01:00,
18027,36067,Case Closed,17-04-2024 08:00,
18028,36069,Case Closed,09-03-2024 08:00,
18029,36070,Case Closed,16-03-2024 12:00,
18030,36071,Case Closed,09-04-2024 22:00,
18031,36073,Case Closed,04-03-2024 23:00,
18032,36074,Case Closed,25-02-2024 07:00,
18033,36076,Case Closed,23-02-2024 21:00,
18034,36078,Case Closed,25-03-2024 02:00,
18035,36079,Case Closed,26-02-2024 00:00,
18036,36080,Case Closed,18-03-2024 01:00,
18037,36082,Case Closed,23-02-2024 10:00,
18038,36087,Case Closed,24-02-2024 16:00,
18039,36095,Case Closed,27-03-2024 16:00,
18040,36100,Case Closed,21-02-2025 08:00,
18041,36103,Case Closed,22-02-2024 06:00,
18042,36105,Case Closed,08-04-2024 15:00,
18043,36109,Case Closed,07-03-2024 14:00,
18044,36110,Case Closed,25-03-2024 11:00,
18045,36111,Case Closed,10-04-2024 18:00,
18046,36112,Case Closed,21-06-2024 15:00,
18047,36113,Case Closed,03-04-2024 17:00,
18048,36114,Case Closed,22-02-2024 12:00,
18049,36115,Case Closed,21-04-2024 07:00,
18050,36116,Case Closed,23-03-2024 15:00,
18051,36118,Case Closed,21-03-2025 08:00,
18052,36121,Case Closed,04-09-2025 15:00,
18053,36122,Case Closed,05-04-2024 14:00,
18054,36123,Case Closed,26-04-2024 14:00,
18055,36124,Case Closed,02-05-2024 22:00,
18056,36125,Case Closed,28-02-2024 01:00,
18057,36128,Case Closed,16-04-2024 01:00,
18058,36129,Case Closed,30-04-2024 10:00,
18059,36130,Case Closed,14-04-2024 04:00,
18060,36131,Case Closed,12-04-2024 16:00,
18061,36132,Case Closed,11-03-2024 11:00,
18062,36135,Case Closed,01-04-2024 15:00,
18063,36141,Case Closed,17-03-2024 02:00,
18064,36142,Case Closed,20-03-2024 18:00,
18065,36146,Case Closed,24-11-2025 08:00,
18066,36147,Case Closed,24-07-2024 20:00,
18067,36149,Case Closed,16-04-2024 12:00,
18068,36150,Case Closed,23-04-2024 08:00,
18069,36153,Case Closed,09-05-2024 22:00,
18070,36154,Case Closed,29-03-2024 08:00,
18071,36155,Case Closed,06-04-2024 01:00,
18072,36160,Case Closed,23-04-2024 03:00,
18073,36161,Case Closed,02-03-2024 14:00,
18074,36166,Case Closed,20-05-2024 23:00,
18075,36168,Case Closed,26-04-2024 19:00,
18076,36171,Case Closed,04-04-2024 13:00,
18077,36174,Case Closed,22-04-2024 09:00,
18078,36175,Case Closed,06-03-2024 05:00,
18079,36186,Case Closed,04-03-2024 03:00,
18080,36189,Case Closed,12-03-2024 11:00,
18081,36190,Case Closed,12-03-2024 23:00,
18082,36191,Case Closed,14-04-2024 15:00,
18083,36196,Case Closed,14-05-2025 09:00,
18084,36197,Case Closed,02-03-2024 17:00,
18085,36198,Case Closed,04-03-2024 15:00,
18086,36200,Case Closed,29-02-2024 08:00,
18087,36203,Case Closed,27-02-2024 02:00,
18088,36204,Case Closed,01-05-2024 16:00,
18089,36207,Case Closed,13-04-2024 14:00,
18090,36209,Case Closed,30-03-2024 05:00,
18091,36211,Case Closed,04-05-2024 08:00,
18092,36212,Case Closed,23-04-2024 04:00,
18093,36213,Case Closed,13-03-2024 08:00,
18094,36214,Case Closed,01-03-2024 19:00,
18095,36217,Case Closed,02-05-2024 17:00,
18096,36218,Case Closed,24-02-2024 00:00,
18097,36220,Case Closed,06-06-2024 19:00,
18098,36222,Case Closed,05-04-2024 15:00,
18099,36226,Case Closed,12-03-2024 00:00,
18100,36227,Case Closed,14-05-2024 08:00,
18101,36228,Case Closed,15-12-2025 23:00,
18102,36229,Case Closed,30-03-2024 12:00,
18103,36231,Case Closed,12-03-2024 08:00,
18104,36234,Case Closed,11-03-2024 02:00,
18105,36235,Case Closed,06-11-2025 03:00,
18106,36240,Case Closed,26-04-2024 20:00,
18107,36241,Case Closed,20-04-2024 20:00,
18108,36242,Case Closed,09-04-2024 19:00,
18109,36243,Case Closed,01-03-2024 20:00,
18110,36244,Case Closed,15-04-2024 00:00,
18111,36246,Case Closed,16-03-2024 21:00,
18112,36248,Case Closed,31-03-2024 16:00,
18113,36250,Case Closed,29-03-2024 07:00,
18114,36254,Case Closed,27-04-2024 23:00,
18115,36255,Case Closed,03-04-2024 04:00,
18116,36256,Case Closed,15-03-2024 13:00,
18117,36261,Case Closed,28-02-2024 01:00,
18118,36262,Case Closed,28-02-2024 08:00,
18119,36267,Case Closed,29-04-2024 06:00,
18120,36270,Case Closed,25-04-2024 14:00,
18121,36271,Case Closed,28-07-2024 12:00,
18122,36272,Case Closed,01-03-2024 12:00,
18123,36273,Case Closed,19-04-2024 20:00,
18124,36275,Case Closed,25-03-2024 20:00,
18125,36276,Case Closed,24-04-2024 01:00,
18126,36277,Case Closed,03-05-2024 12:00,
18127,36278,Case Closed,10-03-2024 09:00,
18128,36279,Case Closed,21-03-2024 01:00,
18129,36281,Case Closed,20-05-2024 18:00,
18130,36283,Case Closed,07-07-2025 05:00,
18131,36285,Case Closed,17-07-2025 13:00,
18132,36286,Case Closed,30-04-2024 20:00,
18133,36289,Case Closed,12-05-2024 06:00,
18134,36290,Case Closed,20-05-2024 17:00,
18135,36292,Case Closed,18-05-2024 04:00,
18136,36293,Case Closed,05-03-2024 16:00,
18137,36295,Case Closed,24-04-2024 19:00,
18138,36298,Case Closed,09-03-2024 10:00,
18139,36300,Case Closed,06-04-2025 17:00,
18140,36301,Case Closed,21-03-2024 17:00,
18141,36304,Case Closed,05-03-2024 17:00,
18142,36305,Case Closed,27-03-2025 04:00,
18143,36309,Case Closed,18-04-2024 04:00,
18144,36311,Case Closed,17-05-2024 13:00,
18145,36312,Case Closed,17-03-2024 14:00,
18146,36313,Case Closed,06-03-2024 01:00,
18147,36316,Case Closed,06-03-2024 05:00,
18148,36317,Case Closed,27-03-2024 20:00,
18149,36318,Case Closed,08-05-2024 13:00,
18150,36319,Case Closed,07-03-2024 19:00,
18151,36320,Case Closed,09-10-2025 03:00,
18152,36322,Case Closed,02-04-2024 18:00,
18153,36324,Case Closed,13-04-2024 22:00,
18154,36325,Case Closed,24-03-2024 14:00,
18155,36326,Case Closed,28-03-2024 05:00,
18156,36327,Case Closed,09-04-2024 04:00,
18157,36328,Case Closed,01-04-2024 01:00,
18158,36330,Case Closed,19-03-2024 05:00,
18159,36331,Case Closed,28-04-2024 15:00,
18160,36332,Case Closed,18-03-2024 08:00,
18161,36333,Case Closed,13-04-2024 03:00,
18162,36334,Case Closed,07-03-2024 13:00,
18163,36338,Case Closed,20-03-2024 09:00,
18164,36339,Case Closed,23-04-2024 07:00,
18165,36341,Case Closed,15-05-2024 19:00,
18166,36342,Case Closed,07-05-2024 07:00,
18167,36343,Case Closed,28-04-2024 18:00,
18168,36345,Case Closed,17-04-2024 15:00,
18169,36346,Case Closed,31-03-2024 22:00,
18170,36347,Case Closed,23-07-2024 16:00,
18171,36355,Case Closed,16-04-2024 04:00,
18172,36356,Case Closed,29-03-2024 21:00,
18173,36358,Case Closed,26-03-2024 14:00,
18174,36359,Case Closed,30-05-2025 10:00,
18175,36360,Case Closed,28-02-2024 21:00,
18176,36362,Case Closed,21-05-2024 20:00,
18177,36363,Case Closed,29-02-2024 06:00,
18178,36364,Case Closed,14-04-2024 04:00,
18179,36369,Case Closed,18-02-2026 16:00,
18180,36370,Case Closed,16-05-2024 23:00,
18181,36371,Case Closed,11-06-2024 16:00,
18182,36374,Case Closed,09-05-2024 17:00,
18183,36377,Case Closed,22-03-2024 01:00,
18184,36378,Case Closed,27-03-2024 23:00,
18185,36381,Case Closed,11-03-2024 11:00,
18186,36383,Case Closed,25-03-2024 14:00,
18187,36386,Case Closed,10-03-2024 14:00,
18188,36387,Case Closed,21-05-2024 03:00,
18189,36388,Case Closed,16-05-2024 01:00,
18190,36389,Case Closed,22-05-2024 16:00,
18191,36392,Case Closed,30-03-2024 08:00,
18192,36394,Case Closed,15-04-2024 11:00,
18193,36396,Case Closed,01-05-2024 10:00,
18194,36401,Case Closed,23-05-2024 13:00,
18195,36403,Case Closed,14-04-2024 20:00,
18196,36407,Case Closed,31-03-2024 21:00,
18197,36409,Case Closed,30-09-2025 16:00,
18198,36410,Case Closed,08-05-2024 11:00,
18199,36413,Case Closed,26-05-2024 21:00,
18200,36414,Case Closed,18-05-2024 13:00,
18201,36416,Case Closed,07-03-2024 16:00,
18202,36419,Case Closed,24-05-2024 12:00,
18203,36420,Case Closed,09-09-2024 19:00,
18204,36423,Case Closed,13-03-2024 06:00,
18205,36426,Case Closed,09-04-2024 09:00,
18206,36427,Case Closed,24-01-2025 22:00,
18207,36428,Case Closed,18-03-2024 04:00,
18208,36432,Case Closed,07-04-2024 09:00,
18209,36434,Case Closed,16-03-2024 12:00,
18210,36435,Case Closed,18-03-2024 02:00,
18211,36436,Case Closed,22-03-2024 16:00,
18212,36437,Case Closed,01-05-2024 15:00,
18213,36438,Case Closed,23-05-2024 02:00,
18214,36440,Case Closed,25-05-2024 04:00,
18215,36442,Case Closed,07-08-2024 07:00,
18216,36445,Case Closed,14-03-2024 06:00,
18217,36446,Case Closed,08-04-2024 10:00,
18218,36447,Case Closed,02-04-2024 12:00,
18219,36448,Case Closed,15-04-2024 20:00,
18220,36450,Case Closed,10-04-2024 07:00,
18221,36451,Case Closed,18-03-2024 06:00,
18222,36455,Case Closed,24-04-2024 12:00,
18223,36458,Case Closed,03-05-2024 23:00,
18224,36459,Case Closed,19-03-2024 11:00,
18225,36460,Case Closed,10-06-2025 12:00,
18226,36461,Case Closed,09-05-2024 20:00,
18227,36462,Case Closed,20-03-2024 11:00,
18228,36463,Case Closed,06-02-2025 18:00,
18229,36464,Case Closed,11-03-2024 22:00,
18230,36465,Case Closed,05-04-2024 16:00,
18231,36466,Case Closed,23-03-2024 03:00,
18232,36467,Case Closed,04-12-2025 05:00,
18233,36468,Case Closed,13-04-2024 21:00,
18234,36469,Case Closed,23-04-2024 21:00,
18235,36470,Case Closed,15-03-2024 03:00,
18236,36473,Case Closed,28-05-2024 15:00,
18237,36474,Case Closed,29-05-2024 23:00,
18238,36476,Case Closed,26-04-2024 00:00,
18239,36477,Case Closed,20-03-2024 04:00,
18240,36478,Case Closed,04-04-2024 22:00,
18241,36479,Case Closed,29-05-2024 19:00,
18242,36480,Case Closed,06-04-2024 22:00,
18243,36481,Case Closed,19-07-2024 04:00,
18244,36482,Case Closed,18-05-2024 17:00,
18245,36487,Case Closed,13-06-2024 20:00,
18246,36488,Case Closed,25-04-2024 19:00,
18247,36500,Case Closed,27-04-2024 21:00,
18248,36504,Case Closed,05-04-2024 18:00,
18249,36508,Case Closed,28-04-2024 01:00,
18250,36509,Case Closed,19-03-2024 12:00,
18251,36510,Case Closed,16-03-2024 14:00,
18252,36511,Case Closed,20-03-2024 12:00,
18253,36512,Case Closed,22-03-2024 15:00,
18254,36513,Case Closed,19-03-2024 04:00,
18255,36514,Case Closed,21-04-2024 20:00,
18256,36515,Case Closed,18-05-2024 01:00,
18257,36517,Case Closed,22-05-2024 20:00,
18258,36519,Case Closed,13-03-2024 04:00,
18259,36520,Case Closed,05-03-2024 02:00,
18260,36521,Case Closed,29-04-2024 02:00,
18261,36523,Case Closed,04-05-2024 22:00,
18262,36526,Case Closed,02-05-2024 14:00,
18263,36527,Case Closed,22-11-2024 08:00,
18264,36529,Case Closed,25-03-2024 07:00,
18265,36530,Case Closed,09-05-2024 15:00,
18266,36533,Case Closed,11-04-2024 06:00,
18267,36535,Case Closed,25-05-2024 20:00,
18268,36536,Case Closed,02-04-2024 13:00,
18269,36537,Case Closed,25-04-2024 20:00,
18270,36539,Case Closed,12-04-2024 02:00,
18271,36540,Case Closed,18-05-2024 07:00,
18272,36543,Case Closed,19-05-2024 23:00,
18273,36544,Case Closed,15-04-2024 00:00,
18274,36547,Case Closed,12-06-2024 03:00,
18275,36548,Case Closed,22-03-2024 16:00,
18276,36549,Case Closed,11-03-2024 16:00,
18277,36550,Case Closed,18-03-2024 08:00,
18278,36553,Case Closed,17-04-2024 06:00,
18279,36554,Case Closed,07-05-2024 04:00,
18280,36559,Case Closed,16-04-2024 10:00,
18281,36560,Case Closed,12-05-2024 11:00,
18282,36563,Case Closed,08-05-2024 06:00,
18283,36566,Case Closed,18-03-2024 18:00,
18284,36568,Case Closed,05-04-2024 01:00,
18285,36569,Case Closed,15-07-2024 00:00,
18286,36570,Case Closed,05-04-2024 18:00,
18287,36573,Case Closed,26-04-2024 03:00,
18288,36574,Case Closed,31-05-2024 23:00,
18289,36576,Case Closed,30-04-2024 23:00,
18290,36577,Case Closed,28-04-2024 15:00,
18291,36579,Case Closed,15-07-2024 02:00,
18292,36590,Case Closed,05-08-2024 21:00,
18293,36591,Case Closed,26-04-2024 02:00,
18294,36593,Case Closed,02-06-2024 07:00,
18295,36594,Case Closed,30-05-2024 17:00,
18296,36595,Case Closed,21-04-2024 21:00,
18297,36598,Case Closed,23-06-2025 10:00,
18298,36599,Case Closed,04-04-2024 02:00,
18299,36600,Case Closed,27-03-2024 17:00,
18300,36602,Case Closed,25-03-2024 08:00,
18301,36603,Case Closed,26-04-2024 19:00,
18302,36604,Case Closed,12-03-2024 00:00,
18303,36607,Case Closed,02-04-2024 19:00,
18304,36609,Case Closed,18-03-2024 19:00,
18305,36611,Case Closed,22-05-2024 10:00,
18306,36616,Case Closed,17-03-2024 00:00,
18307,36617,Case Closed,12-05-2024 15:00,
18308,36618,Case Closed,09-05-2024 03:00,
18309,36621,Case Closed,21-03-2024 22:00,
18310,36622,Case Closed,15-05-2024 22:00,
18311,36624,Case Closed,06-10-2024 14:00,
18312,36625,Case Closed,30-01-2026 03:00,
18313,36626,Case Closed,19-06-2024 21:00,
18314,36627,Case Closed,18-03-2024 13:00,
18315,36628,Case Closed,10-08-2024 14:00,
18316,36629,Case Closed,06-11-2025 22:00,
18317,36630,Case Closed,20-03-2024 14:00,
18318,36631,Case Closed,23-03-2024 02:00,
18319,36632,Case Closed,12-03-2024 03:00,
18320,36634,Case Closed,22-04-2024 04:00,
18321,36639,Case Closed,15-03-2024 15:00,
18322,36641,Case Closed,14-03-2024 15:00,
18323,36643,Case Closed,16-03-2024 13:00,
18324,36644,Case Closed,10-05-2024 17:00,
18325,36645,Case Closed,15-05-2024 22:00,
18326,36647,Case Closed,07-05-2024 12:00,
18327,36648,Case Closed,20-08-2024 01:00,
18328,36650,Case Closed,17-04-2024 03:00,
18329,36651,Case Closed,15-03-2024 17:00,
18330,36655,Case Closed,16-01-2026 19:00,
18331,36657,Case Closed,18-03-2024 13:00,
18332,36661,Case Closed,27-03-2024 19:00,
18333,36662,Case Closed,05-05-2024 09:00,
18334,36663,Case Closed,03-04-2024 20:00,
18335,36665,Case Closed,13-03-2025 03:00,
18336,36667,Case Closed,21-04-2024 04:00,
18337,36669,Case Closed,24-05-2024 01:00,
18338,36673,Case Closed,04-05-2024 18:00,
18339,36675,Case Closed,11-05-2024 15:00,
18340,36677,Case Closed,22-05-2024 15:00,
18341,36680,Case Closed,05-05-2024 03:00,
18342,36683,Case Closed,26-05-2024 16:00,
18343,36685,Case Closed,31-03-2024 20:00,
18344,36688,Case Closed,03-05-2024 05:00,
18345,36692,Case Closed,27-04-2024 14:00,
18346,36697,Case Closed,31-03-2024 15:00,
18347,36698,Case Closed,25-04-2024 04:00,
18348,36701,Case Closed,20-04-2024 18:00,
18349,36702,Case Closed,14-04-2024 19:00,
18350,36703,Case Closed,09-05-2024 16:00,
18351,36704,Case Closed,19-05-2024 04:00,
18352,36705,Case Closed,05-04-2024 15:00,
18353,36708,Case Closed,25-03-2024 00:00,
18354,36709,Case Closed,30-03-2024 06:00,
18355,36711,Case Closed,25-04-2024 09:00,
18356,36712,Case Closed,11-05-2024 04:00,
18357,36721,Case Closed,31-03-2024 16:00,
18358,36723,Case Closed,17-03-2024 23:00,
18359,36724,Case Closed,16-04-2024 20:00,
18360,36725,Case Closed,16-04-2024 11:00,
18361,36727,Case Closed,18-03-2024 13:00,
18362,36728,Case Closed,19-05-2024 15:00,
18363,36729,Case Closed,28-05-2024 11:00,
18364,36731,Case Closed,05-06-2024 12:00,
18365,36732,Case Closed,20-04-2024 08:00,
18366,36734,Case Closed,08-04-2024 04:00,
18367,36735,Case Closed,03-12-2025 18:00,
18368,36737,Case Closed,24-04-2024 18:00,
18369,36738,Case Closed,04-04-2024 21:00,
18370,36739,Case Closed,14-03-2024 13:00,
18371,36741,Case Closed,12-05-2024 21:00,
18372,36742,Case Closed,10-04-2024 17:00,
18373,36746,Case Closed,05-04-2024 20:00,
18374,36750,Case Closed,08-06-2024 08:00,
18375,36751,Case Closed,29-05-2024 19:00,
18376,36753,Case Closed,10-04-2024 04:00,
18377,36755,Case Closed,13-04-2024 08:00,
18378,36756,Case Closed,08-05-2024 23:00,
18379,36758,Case Closed,27-04-2024 09:00,
18380,36760,Case Closed,24-05-2024 10:00,
18381,36763,Case Closed,24-04-2024 10:00,
18382,36766,Case Closed,09-05-2025 00:00,
18383,36768,Case Closed,15-05-2024 17:00,
18384,36769,Case Closed,09-04-2024 02:00,
18385,36770,Case Closed,23-04-2024 04:00,
18386,36772,Case Closed,04-05-2024 22:00,
18387,36773,Case Closed,03-05-2024 21:00,
18388,36780,Case Closed,02-05-2024 11:00,
18389,36782,Case Closed,22-04-2025 16:00,
18390,36784,Case Closed,18-01-2026 18:00,
18391,36786,Case Closed,21-04-2024 03:00,
18392,36788,Case Closed,03-07-2024 19:00,
18393,36792,Case Closed,09-06-2024 20:00,
18394,36797,Case Closed,06-05-2024 12:00,
18395,36801,Case Closed,15-04-2024 06:00,
18396,36802,Case Closed,16-05-2024 21:00,
18397,36807,Case Closed,28-05-2024 22:00,
18398,36809,Case Closed,23-05-2024 00:00,
18399,36812,Case Closed,27-05-2024 18:00,
18400,36813,Case Closed,07-04-2024 20:00,
18401,36816,Case Closed,12-04-2024 09:00,
18402,36817,Case Closed,05-06-2024 02:00,
18403,36824,Case Closed,23-03-2024 15:00,
18404,36825,Case Closed,20-04-2024 13:00,
18405,36826,Case Closed,16-04-2024 00:00,
18406,36827,Case Closed,30-04-2024 19:00,
18407,36828,Case Closed,02-05-2024 00:00,
18408,36830,Case Closed,02-05-2024 17:00,
18409,36831,Case Closed,07-05-2024 10:00,
18410,36834,Case Closed,28-04-2024 16:00,
18411,36835,Case Closed,21-04-2024 01:00,
18412,36836,Case Closed,08-06-2024 18:00,
18413,36837,Case Closed,03-04-2024 07:00,
18414,36840,Case Closed,07-04-2024 00:00,
18415,36842,Case Closed,15-04-2024 06:00,
18416,36843,Case Closed,19-05-2024 12:00,
18417,36845,Case Closed,18-04-2024 07:00,
18418,36846,Case Closed,08-04-2024 12:00,
18419,36850,Case Closed,06-01-2025 12:00,
18420,36851,Case Closed,12-04-2024 13:00,
18421,36852,Case Closed,28-04-2024 16:00,
18422,36853,Case Closed,21-04-2024 11:00,
18423,36854,Case Closed,04-05-2024 02:00,
18424,36858,Case Closed,13-06-2024 14:00,
18425,36860,Case Closed,29-12-2025 17:00,
18426,36862,Case Closed,21-03-2024 17:00,
18427,36864,Case Closed,30-03-2024 01:00,
18428,36865,Case Closed,19-05-2024 08:00,
18429,36866,Case Closed,25-04-2024 04:00,
18430,36867,Case Closed,10-04-2024 22:00,
18431,36868,Case Closed,01-05-2024 17:00,
18432,36872,Case Closed,01-09-2025 14:00,
18433,36873,Case Closed,02-05-2024 20:00,
18434,36875,Case Closed,02-06-2024 18:00,
18435,36878,Case Closed,05-05-2024 12:00,
18436,36879,Case Closed,18-04-2024 16:00,
18437,36880,Case Closed,26-03-2024 10:00,
18438,36882,Case Closed,23-05-2024 14:00,
18439,36883,Case Closed,16-04-2024 13:00,
18440,36886,Case Closed,20-10-2024 06:00,
18441,36887,Case Closed,05-05-2024 07:00,
18442,36888,Case Closed,02-06-2024 10:00,
18443,36892,Case Closed,12-04-2024 12:00,
18444,36893,Case Closed,30-03-2024 10:00,
18445,36895,Case Closed,31-05-2024 08:00,
18446,36896,Case Closed,20-05-2024 19:00,
18447,36898,Case Closed,28-05-2024 20:00,
18448,36899,Case Closed,24-07-2024 16:00,
18449,36902,Case Closed,13-09-2024 13:00,
18450,36904,Case Closed,12-06-2024 00:00,
18451,36905,Case Closed,02-04-2024 01:00,
18452,36906,Case Closed,07-08-2024 20:00,
18453,36908,Case Closed,23-04-2024 11:00,
18454,36910,Case Closed,19-05-2025 09:00,
18455,36913,Case Closed,15-04-2024 08:00,
18456,36914,Case Closed,20-05-2024 21:00,
18457,36920,Case Closed,15-01-2025 08:00,
18458,36923,Case Closed,29-03-2024 15:00,
18459,36924,Case Closed,22-05-2024 05:00,
18460,36925,Case Closed,09-06-2024 17:00,
18461,36926,Case Closed,27-03-2024 22:00,
18462,36927,Case Closed,22-06-2024 16:00,
18463,36928,Case Closed,24-04-2024 05:00,
18464,36931,Case Closed,01-04-2024 07:00,
18465,36932,Case Closed,23-04-2024 10:00,
18466,36938,Case Closed,07-06-2024 05:00,
18467,36940,Case Closed,28-05-2024 06:00,
18468,36943,Case Closed,26-03-2024 22:00,
18469,36945,Case Closed,01-05-2024 17:00,
18470,36949,Case Closed,13-05-2024 02:00,
18471,36954,Case Closed,07-04-2024 13:00,
18472,36955,Case Closed,27-03-2024 01:00,
18473,36959,Case Closed,07-05-2024 06:00,
18474,36963,Case Closed,10-07-2024 10:00,
18475,36965,Case Closed,27-07-2025 10:00,
18476,36967,Case Closed,28-04-2024 07:00,
18477,36971,Case Closed,21-06-2024 16:00,
18478,36972,Case Closed,15-06-2024 23:00,
18479,36974,Case Closed,10-05-2024 04:00,
18480,36976,Case Closed,08-06-2024 05:00,
18481,36977,Case Closed,03-06-2024 14:00,
18482,36978,Case Closed,29-05-2024 23:00,
18483,36979,Case Closed,07-10-2024 00:00,
18484,36980,Case Closed,15-06-2024 09:00,
18485,36981,Case Closed,11-07-2024 00:00,
18486,36983,Case Closed,31-05-2024 06:00,
18487,36984,Case Closed,17-05-2024 00:00,
18488,36985,Case Closed,11-06-2024 09:00,
18489,36988,Case Closed,06-05-2024 23:00,
18490,36989,Case Closed,23-04-2024 08:00,
18491,36990,Case Closed,07-04-2024 22:00,
18492,36995,Case Closed,14-06-2024 10:00,
18493,36996,Case Closed,01-12-2024 12:00,
18494,36998,Case Closed,25-04-2024 07:00,
18495,37000,Case Closed,16-05-2024 08:00,
18496,37001,Case Closed,27-07-2024 16:00,
18497,37004,Case Closed,14-06-2024 00:00,
18498,37006,Case Closed,29-05-2024 02:00,
18499,37007,Case Closed,31-05-2025 16:00,
18500,37011,Case Closed,31-03-2024 01:00,
18501,37015,Case Closed,01-04-2024 12:00,
18502,37017,Case Closed,21-05-2024 11:00,
18503,37022,Case Closed,13-05-2024 22:00,
18504,37028,Case Closed,28-03-2024 01:00,
18505,37033,Case Closed,04-04-2024 17:00,
18506,37034,Case Closed,25-05-2024 22:00,
18507,37036,Case Closed,12-06-2024 20:00,
18508,37037,Case Closed,08-05-2024 08:00,
18509,37038,Case Closed,11-06-2024 07:00,
18510,37039,Case Closed,15-04-2024 00:00,
18511,37040,Case Closed,29-04-2024 15:00,
18512,37042,Case Closed,16-04-2024 23:00,
18513,37047,Case Closed,12-05-2024 17:00,
18514,37048,Case Closed,01-07-2024 04:00,
18515,37050,Case Closed,08-04-2024 01:00,
18516,37052,Case Closed,18-06-2024 00:00,
18517,37053,Case Closed,13-05-2024 16:00,
18518,37054,Case Closed,31-07-2024 11:00,
18519,37055,Case Closed,16-05-2024 12:00,
18520,37056,Case Closed,11-06-2024 10:00,
18521,37057,Case Closed,22-04-2024 20:00,
18522,37061,Case Closed,29-03-2024 18:00,
18523,37062,Case Closed,13-04-2024 19:00,
18524,37066,Case Closed,24-04-2024 04:00,
18525,37069,Case Closed,10-05-2024 06:00,
18526,37072,Case Closed,29-03-2024 19:00,
18527,37073,Case Closed,19-04-2024 06:00,
18528,37074,Case Closed,07-09-2024 14:00,
18529,37075,Case Closed,01-04-2024 21:00,
18530,37079,Case Closed,04-04-2024 10:00,
18531,37080,Case Closed,13-06-2024 09:00,
18532,37081,Case Closed,09-04-2024 00:00,
18533,37088,Case Closed,15-04-2024 22:00,
18534,37089,Case Closed,26-05-2024 17:00,
18535,37090,Case Closed,12-06-2024 20:00,
18536,37093,Case Closed,20-06-2024 21:00,
18537,37100,Case Closed,21-06-2024 11:00,
18538,37101,Case Closed,10-06-2024 01:00,
18539,37102,Case Closed,21-06-2024 11:00,
18540,37103,Case Closed,28-04-2024 17:00,
18541,37104,Case Closed,07-06-2024 21:00,
18542,37105,Case Closed,26-05-2024 10:00,
18543,37106,Case Closed,17-04-2024 20:00,
18544,37107,Case Closed,28-04-2024 09:00,
18545,37108,Case Closed,04-05-2024 10:00,
18546,37111,Case Closed,01-06-2024 19:00,
18547,37112,Case Closed,11-04-2024 16:00,
18548,37113,Case Closed,18-05-2024 22:00,
18549,37115,Case Closed,21-05-2024 03:00,
18550,37116,Case Closed,18-06-2024 01:00,
18551,37121,Case Closed,24-06-2024 10:00,
18552,37122,Case Closed,13-06-2024 22:00,
18553,37123,Case Closed,22-04-2024 09:00,
18554,37124,Case Closed,20-04-2024 02:00,
18555,37126,Case Closed,14-04-2024 11:00,
18556,37127,Case Closed,06-04-2024 00:00,
18557,37128,Case Closed,24-04-2024 16:00,
18558,37132,Case Closed,02-05-2024 02:00,
18559,37134,Case Closed,17-12-2025 03:00,
18560,37135,Case Closed,16-02-2026 01:00,
18561,37137,Case Closed,16-11-2025 21:00,
18562,37138,Case Closed,14-05-2024 05:00,
18563,37139,Case Closed,10-04-2024 06:00,
18564,37140,Case Closed,07-08-2024 08:00,
18565,37144,Case Closed,13-04-2024 17:00,
18566,37146,Case Closed,25-06-2024 12:00,
18567,37148,Case Closed,22-09-2024 03:00,
18568,37151,Case Closed,08-04-2024 23:00,
18569,37152,Case Closed,16-04-2024 09:00,
18570,37153,Case Closed,21-10-2024 01:00,
18571,37155,Case Closed,05-05-2024 00:00,
18572,37156,Case Closed,09-04-2024 18:00,
18573,37157,Case Closed,04-05-2024 18:00,
18574,37158,Case Closed,12-06-2024 14:00,
18575,37162,Case Closed,20-05-2024 15:00,
18576,37164,Case Closed,04-05-2024 17:00,
18577,37167,Case Closed,29-05-2024 09:00,
18578,37168,Case Closed,17-05-2024 03:00,
18579,37173,Case Closed,02-08-2024 06:00,
18580,37176,Case Closed,30-05-2024 12:00,
18581,37180,Case Closed,30-03-2024 23:00,
18582,37184,Case Closed,19-06-2024 10:00,
18583,37186,Case Closed,07-06-2024 05:00,
18584,37187,Case Closed,22-04-2024 22:00,
18585,37189,Case Closed,29-04-2024 10:00,
18586,37190,Case Closed,15-05-2024 18:00,
18587,37194,Case Closed,31-03-2024 23:00,
18588,37195,Case Closed,10-04-2024 23:00,
18589,37198,Case Closed,21-04-2024 20:00,
18590,37200,Case Closed,09-04-2024 17:00,
18591,37201,Case Closed,06-04-2024 23:00,
18592,37204,Case Closed,20-06-2024 21:00,
18593,37206,Case Closed,08-01-2026 16:00,
18594,37207,Case Closed,16-06-2024 16:00,
18595,37209,Case Closed,20-06-2024 15:00,
18596,37210,Case Closed,21-04-2024 23:00,
18597,37211,Case Closed,06-05-2024 00:00,
18598,37212,Case Closed,01-02-2025 08:00,
18599,37216,Case Closed,11-05-2024 11:00,
18600,37217,Case Closed,10-04-2024 10:00,
18601,37218,Case Closed,10-05-2024 10:00,
18602,37219,Case Closed,30-05-2024 01:00,
18603,37221,Case Closed,17-08-2024 23:00,
18604,37227,Case Closed,15-06-2024 10:00,
18605,37229,Case Closed,22-06-2024 07:00,
18606,37230,Case Closed,16-05-2024 05:00,
18607,37231,Case Closed,13-01-2025 03:00,
18608,37232,Case Closed,26-05-2024 12:00,
18609,37235,Case Closed,17-04-2024 23:00,
18610,37236,Case Closed,21-04-2024 18:00,
18611,37237,Case Closed,27-06-2024 22:00,
18612,37238,Case Closed,30-05-2024 14:00,
18613,37243,Case Closed,08-05-2024 02:00,
18614,37245,Case Closed,15-05-2024 00:00,
18615,37248,Case Closed,11-06-2024 10:00,
18616,37249,Case Closed,19-04-2024 14:00,
18617,37252,Case Closed,22-04-2024 23:00,
18618,37254,Case Closed,29-06-2024 08:00,
18619,37255,Case Closed,07-05-2024 12:00,
18620,37256,Case Closed,30-05-2024 03:00,
18621,37258,Case Closed,01-10-2025 19:00,
18622,37262,Case Closed,17-04-2024 11:00,
18623,37266,Case Closed,01-07-2024 06:00,
18624,37268,Case Closed,10-07-2024 23:00,
18625,37270,Case Closed,29-04-2024 19:00,
18626,37272,Case Closed,21-04-2025 07:00,
18627,37273,Case Closed,09-04-2024 14:00,
18628,37274,Case Closed,10-05-2024 18:00,
18629,37275,Case Closed,21-05-2024 19:00,
18630,37276,Case Closed,22-06-2024 14:00,
18631,37278,Case Closed,19-06-2024 16:00,
18632,37283,Case Closed,23-01-2025 08:00,
18633,37284,Case Closed,19-06-2024 07:00,
18634,37287,Case Closed,30-04-2024 13:00,
18635,37288,Case Closed,23-05-2024 13:00,
18636,37289,Case Closed,08-05-2024 22:00,
18637,37290,Case Closed,28-09-2025 04:00,
18638,37293,Case Closed,18-05-2024 05:00,
18639,37294,Case Closed,05-05-2024 02:00,
18640,37296,Case Closed,24-05-2024 02:00,
18641,37297,Case Closed,02-07-2024 00:00,
18642,37298,Case Closed,13-04-2024 07:00,
18643,37299,Case Closed,26-05-2024 17:00,
18644,37301,Case Closed,31-05-2024 05:00,
18645,37302,Case Closed,03-07-2024 06:00,
18646,37304,Case Closed,21-04-2024 10:00,
18647,37313,Case Closed,21-04-2024 22:00,
18648,37319,Case Closed,02-06-2024 21:00,
18649,37320,Case Closed,10-05-2024 03:00,
18650,37321,Case Closed,30-05-2024 12:00,
18651,37323,Case Closed,20-05-2024 17:00,
18652,37324,Case Closed,20-09-2025 06:00,
18653,37325,Case Closed,19-04-2025 21:00,
18654,37326,Case Closed,14-04-2024 18:00,
18655,37330,Case Closed,04-05-2024 00:00,
18656,37333,Case Closed,19-05-2024 15:00,
18657,37335,Case Closed,05-05-2024 01:00,
18658,37337,Case Closed,28-04-2024 19:00,
18659,37338,Case Closed,16-04-2024 02:00,
18660,37339,Case Closed,04-05-2024 21:00,
18661,37341,Case Closed,04-03-2026 03:00,
18662,37342,Case Closed,23-06-2024 04:00,
18663,37345,Case Closed,23-06-2024 20:00,
18664,37350,Case Closed,19-04-2024 06:00,
18665,37354,Case Closed,03-05-2024 03:00,
18666,37357,Case Closed,15-06-2024 10:00,
18667,37358,Case Closed,04-07-2024 14:00,
18668,37360,Case Closed,19-06-2024 03:00,
18669,37362,Case Closed,07-05-2024 20:00,
18670,37363,Case Closed,04-06-2024 06:00,
18671,37365,Case Closed,26-06-2025 10:00,
18672,37366,Case Closed,15-05-2024 05:00,
18673,37369,Case Closed,17-04-2024 18:00,
18674,37372,Case Closed,13-06-2024 07:00,
18675,37373,Case Closed,17-05-2024 18:00,
18676,37374,Case Closed,16-05-2024 07:00,
18677,37377,Case Closed,10-06-2024 04:00,
18678,37378,Case Closed,30-06-2024 18:00,
18679,37380,Case Closed,18-05-2024 11:00,
18680,37381,Case Closed,15-06-2024 05:00,
18681,37382,Case Closed,03-06-2024 03:00,
18682,37383,Case Closed,23-05-2024 16:00,
18683,37388,Case Closed,14-06-2024 14:00,
18684,37391,Case Closed,19-05-2024 04:00,
18685,37392,Case Closed,25-05-2024 11:00,
18686,37395,Case Closed,10-05-2024 21:00,
18687,37398,Case Closed,24-06-2024 14:00,
18688,37401,Case Closed,17-04-2024 04:00,
18689,37404,Case Closed,16-04-2024 12:00,
18690,37410,Case Closed,19-06-2024 19:00,
18691,37411,Case Closed,21-04-2024 22:00,
18692,37412,Case Closed,25-05-2024 06:00,
18693,37415,Case Closed,18-06-2024 19:00,
18694,37416,Case Closed,26-08-2024 07:00,
18695,37418,Case Closed,23-04-2024 04:00,
18696,37419,Case Closed,22-06-2024 13:00,
18697,37421,Case Closed,15-02-2025 09:00,
18698,37422,Case Closed,22-05-2024 16:00,
18699,37423,Case Closed,04-07-2024 18:00,
18700,37424,Case Closed,02-06-2024 06:00,
18701,37425,Case Closed,21-05-2024 18:00,
18702,37426,Case Closed,08-04-2025 10:00,
18703,37430,Case Closed,23-06-2024 23:00,
18704,37433,Case Closed,11-06-2024 00:00,
18705,37437,Case Closed,10-06-2024 03:00,
18706,37439,Case Closed,29-04-2024 15:00,
18707,37442,Case Closed,06-05-2024 22:00,
18708,37443,Case Closed,07-05-2024 03:00,
18709,37444,Case Closed,10-04-2024 04:00,
18710,37445,Case Closed,21-04-2024 16:00,
18711,37451,Case Closed,14-06-2024 15:00,
18712,37453,Case Closed,22-04-2024 13:00,
18713,37454,Case Closed,11-06-2024 17:00,
18714,37455,Case Closed,08-10-2024 17:00,
18715,37456,Case Closed,15-05-2024 07:00,
18716,37457,Case Closed,20-04-2024 18:00,
18717,37458,Case Closed,21-03-2026 08:00,
18718,37460,Case Closed,16-06-2024 05:00,
18719,37462,Case Closed,20-06-2024 22:00,
18720,37464,Case Closed,07-06-2024 02:00,
18721,37465,Case Closed,25-04-2024 07:00,
18722,37467,Case Closed,21-05-2024 17:00,
18723,37470,Case Closed,28-08-2024 23:00,
18724,37473,Case Closed,27-04-2024 02:00,
18725,37475,Case Closed,06-05-2024 16:00,
18726,37476,Case Closed,28-05-2024 20:00,
18727,37477,Case Closed,29-06-2024 12:00,
18728,37479,Case Closed,23-04-2024 02:00,
18729,37484,Case Closed,14-05-2024 19:00,
18730,37485,Case Closed,06-07-2024 00:00,
18731,37487,Case Closed,25-04-2024 06:00,
18732,37488,Case Closed,04-04-2025 01:00,
18733,37489,Case Closed,13-04-2024 23:00,
18734,37494,Case Closed,15-06-2024 08:00,
18735,37495,Case Closed,07-06-2024 14:00,
18736,37496,Case Closed,03-05-2024 07:00,
18737,37497,Case Closed,13-12-2024 01:00,
18738,37498,Case Closed,26-04-2024 16:00,
18739,37502,Case Closed,21-05-2024 03:00,
18740,37503,Case Closed,02-05-2024 16:00,
18741,37508,Case Closed,17-04-2024 13:00,
18742,37509,Case Closed,31-07-2024 22:00,
18743,37512,Case Closed,04-06-2024 07:00,
18744,37513,Case Closed,04-05-2024 08:00,
18745,37514,Case Closed,16-06-2024 02:00,
18746,37516,Case Closed,02-07-2024 01:00,
18747,37519,Case Closed,01-06-2024 13:00,
18748,37520,Case Closed,30-04-2024 03:00,
18749,37521,Case Closed,07-05-2024 03:00,
18750,37522,Case Closed,18-06-2024 07:00,
18751,37523,Case Closed,26-04-2024 17:00,
18752,37526,Case Closed,08-05-2024 11:00,
18753,37527,Case Closed,26-05-2024 01:00,
18754,37528,Case Closed,25-05-2024 03:00,
18755,37529,Case Closed,01-05-2024 23:00,
18756,37530,Case Closed,30-11-2024 15:00,
18757,37531,Case Closed,10-05-2024 11:00,
18758,37532,Case Closed,19-04-2024 20:00,
18759,37533,Case Closed,15-09-2024 21:00,
18760,37535,Case Closed,16-03-2026 09:00,
18761,37537,Case Closed,10-05-2024 12:00,
18762,37540,Case Closed,06-06-2024 12:00,
18763,37541,Case Closed,15-05-2024 02:00,
18764,37542,Case Closed,09-05-2024 21:00,
18765,37545,Case Closed,16-06-2024 04:00,
18766,37548,Case Closed,14-07-2024 02:00,
18767,37549,Case Closed,09-07-2024 08:00,
18768,37550,Case Closed,29-04-2024 07:00,
18769,37551,Case Closed,26-08-2024 05:00,
18770,37553,Case Closed,28-05-2024 15:00,
18771,37554,Case Closed,04-05-2024 18:00,
18772,37555,Case Closed,09-05-2024 02:00,
18773,37556,Case Closed,28-06-2024 05:00,
18774,37560,Case Closed,20-06-2024 09:00,
18775,37564,Case Closed,08-05-2024 13:00,
18776,37566,Case Closed,14-06-2024 04:00,
18777,37567,Case Closed,02-07-2024 12:00,
18778,37569,Case Closed,01-06-2024 12:00,
18779,37570,Case Closed,02-06-2024 05:00,
18780,37573,Case Closed,28-06-2024 05:00,
18781,37580,Case Closed,13-04-2025 09:00,
18782,37582,Case Closed,28-04-2024 18:00,
18783,37585,Case Closed,10-07-2024 21:00,
18784,37587,Case Closed,28-09-2024 08:00,
18785,37588,Case Closed,05-05-2024 23:00,
18786,37593,Case Closed,16-09-2025 06:00,
18787,37595,Case Closed,28-04-2024 13:00,
18788,37597,Case Closed,27-05-2024 12:00,
18789,37600,Case Closed,13-05-2024 08:00,
18790,37609,Case Closed,17-06-2024 12:00,
18791,37610,Case Closed,22-06-2024 16:00,
18792,37613,Case Closed,02-06-2024 01:00,
18793,37614,Case Closed,18-05-2024 14:00,
18794,37615,Case Closed,16-05-2024 17:00,
18795,37617,Case Closed,11-05-2024 23:00,
18796,37621,Case Closed,14-07-2024 21:00,
18797,37622,Case Closed,04-07-2024 14:00,
18798,37623,Case Closed,01-07-2024 13:00,
18799,37625,Case Closed,26-04-2024 02:00,
18800,37627,Case Closed,03-08-2025 21:00,
18801,37628,Case Closed,18-05-2024 07:00,
18802,37631,Case Closed,09-05-2024 20:00,
18803,37632,Case Closed,13-06-2024 04:00,
18804,37636,Case Closed,27-05-2024 20:00,
18805,37638,Case Closed,12-06-2024 20:00,
18806,37640,Case Closed,21-05-2024 21:00,
18807,37641,Case Closed,22-06-2024 10:00,
18808,37642,Case Closed,02-05-2024 13:00,
18809,37643,Case Closed,12-10-2024 20:00,
18810,37645,Case Closed,08-07-2024 14:00,
18811,37649,Case Closed,26-03-2025 02:00,
18812,37651,Case Closed,10-06-2024 19:00,
18813,37652,Case Closed,07-05-2024 06:00,
18814,37655,Case Closed,20-05-2024 09:00,
18815,37656,Case Closed,14-05-2024 23:00,
18816,37658,Case Closed,23-05-2024 11:00,
18817,37662,Case Closed,05-05-2024 12:00,
18818,37664,Case Closed,31-05-2024 14:00,
18819,37665,Case Closed,11-06-2024 07:00,
18820,37669,Case Closed,02-06-2024 23:00,
18821,37670,Case Closed,27-05-2024 16:00,
18822,37671,Case Closed,19-05-2024 15:00,
18823,37672,Case Closed,16-07-2024 04:00,
18824,37674,Case Closed,15-07-2024 19:00,
18825,37676,Case Closed,14-06-2024 15:00,
18826,37678,Case Closed,26-06-2024 06:00,
18827,37679,Case Closed,23-06-2024 02:00,
18828,37680,Case Closed,17-06-2024 23:00,
18829,37681,Case Closed,09-05-2024 19:00,
18830,37682,Case Closed,08-10-2024 06:00,
18831,37685,Case Closed,11-01-2025 13:00,
18832,37686,Case Closed,17-07-2024 14:00,
18833,37687,Case Closed,11-07-2024 17:00,
18834,37689,Case Closed,02-06-2024 17:00,
18835,37691,Case Closed,24-09-2024 21:00,
18836,37692,Case Closed,22-04-2024 23:00,
18837,37693,Case Closed,24-05-2024 19:00,
18838,37694,Case Closed,29-05-2024 07:00,
18839,37695,Case Closed,30-06-2024 08:00,
18840,37696,Case Closed,02-06-2024 13:00,
18841,37697,Case Closed,07-07-2024 02:00,
18842,37699,Case Closed,28-06-2024 05:00,
18843,37700,Case Closed,15-07-2024 19:00,
18844,37701,Case Closed,06-06-2024 20:00,
18845,37702,Case Closed,03-11-2025 01:00,
18846,37705,Case Closed,28-05-2024 23:00,
18847,37706,Case Closed,24-06-2024 10:00,
18848,37708,Case Closed,25-06-2024 11:00,
18849,37709,Case Closed,04-05-2024 18:00,
18850,37711,Case Closed,12-05-2024 03:00,
18851,37717,Case Closed,14-06-2024 23:00,
18852,37718,Case Closed,14-05-2024 07:00,
18853,37719,Case Closed,14-05-2024 21:00,
18854,37720,Case Closed,30-04-2024 19:00,
18855,37721,Case Closed,31-05-2024 01:00,
18856,37722,Case Closed,20-05-2024 19:00,
18857,37724,Case Closed,30-06-2024 06:00,
18858,37725,Case Closed,09-06-2024 05:00,
18859,37728,Case Closed,02-05-2024 13:00,
18860,37729,Case Closed,22-06-2024 21:00,
18861,37731,Case Closed,01-05-2024 21:00,
18862,37734,Case Closed,03-07-2024 02:00,
18863,37735,Case Closed,19-06-2024 15:00,
18864,37737,Case Closed,14-07-2024 21:00,
18865,37738,Case Closed,03-05-2024 02:00,
18866,37739,Case Closed,04-05-2024 18:00,
18867,37741,Case Closed,28-05-2024 05:00,
18868,37745,Case Closed,06-05-2024 05:00,
18869,37746,Case Closed,30-05-2024 02:00,
18870,37748,Case Closed,21-06-2024 15:00,
18871,37750,Case Closed,26-05-2024 13:00,
18872,37752,Case Closed,27-06-2024 20:00,
18873,37753,Case Closed,08-05-2024 07:00,
18874,37754,Case Closed,03-06-2024 05:00,
18875,37757,Case Closed,19-02-2026 06:00,
18876,37758,Case Closed,05-05-2024 23:00,
18877,37760,Case Closed,14-07-2024 16:00,
18878,37761,Case Closed,14-07-2024 12:00,
18879,37762,Case Closed,17-05-2024 07:00,
18880,37763,Case Closed,13-05-2024 15:00,
18881,37765,Case Closed,21-05-2024 22:00,
18882,37772,Case Closed,06-05-2024 12:00,
18883,37775,Case Closed,16-05-2024 00:00,
18884,37778,Case Closed,13-06-2024 10:00,
18885,37779,Case Closed,02-05-2024 14:00,
18886,37787,Case Closed,11-05-2024 11:00,
18887,37791,Case Closed,11-07-2024 02:00,
18888,37794,Case Closed,22-07-2024 07:00,
18889,37801,Case Closed,02-05-2024 22:00,
18890,37804,Case Closed,05-07-2024 18:00,
18891,37805,Case Closed,12-06-2024 13:00,
18892,37807,Case Closed,23-11-2025 14:00,
18893,37808,Case Closed,10-07-2024 22:00,
18894,37810,Case Closed,28-05-2024 11:00,
18895,37813,Case Closed,09-05-2024 20:00,
18896,37814,Case Closed,07-05-2024 22:00,
18897,37816,Case Closed,21-06-2024 06:00,
18898,37817,Case Closed,11-05-2024 04:00,
18899,37819,Case Closed,31-05-2024 17:00,
18900,37822,Case Closed,08-05-2024 23:00,
18901,37823,Case Closed,29-04-2024 19:00,
18902,37824,Case Closed,02-08-2024 16:00,
18903,37825,Case Closed,28-04-2024 01:00,
18904,37826,Case Closed,13-05-2024 13:00,
18905,37830,Case Closed,14-07-2024 04:00,
18906,37832,Case Closed,20-07-2024 13:00,
18907,37836,Case Closed,22-03-2025 00:00,
18908,37837,Case Closed,14-06-2024 19:00,
18909,37839,Case Closed,15-05-2024 03:00,
18910,37841,Case Closed,02-03-2026 23:00,
18911,37842,Case Closed,23-09-2024 12:00,
18912,37843,Case Closed,04-07-2024 13:00,
18913,37844,Case Closed,20-06-2024 21:00,
18914,37845,Case Closed,08-06-2024 17:00,
18915,37846,Case Closed,25-05-2024 13:00,
18916,37848,Case Closed,30-05-2024 19:00,
18917,37850,Case Closed,13-04-2025 13:00,
18918,37852,Case Closed,15-06-2024 00:00,
18919,37854,Case Closed,23-05-2024 00:00,
18920,37855,Case Closed,24-07-2024 09:00,
18921,37858,Case Closed,06-07-2024 06:00,
18922,37860,Case Closed,24-07-2024 00:00,
18923,37866,Case Closed,13-06-2024 08:00,
18924,37867,Case Closed,24-07-2024 04:00,
18925,37868,Case Closed,08-06-2024 15:00,
18926,37870,Case Closed,15-06-2025 01:00,
18927,37871,Case Closed,10-07-2024 03:00,
18928,37872,Case Closed,31-05-2025 03:00,
18929,37873,Case Closed,21-07-2024 00:00,
18930,37877,Case Closed,28-05-2024 12:00,
18931,37882,Case Closed,10-06-2024 17:00,
18932,37883,Case Closed,23-05-2024 13:00,
18933,37885,Case Closed,23-04-2026 09:00,
18934,37889,Case Closed,16-11-2024 16:00,
18935,37892,Case Closed,13-05-2024 09:00,
18936,37897,Case Closed,15-05-2024 14:00,
18937,37900,Case Closed,12-06-2024 21:00,
18938,37903,Case Closed,28-05-2024 04:00,
18939,37905,Case Closed,10-07-2024 00:00,
18940,37906,Case Closed,07-05-2024 15:00,
18941,37907,Case Closed,07-05-2024 06:00,
18942,37908,Case Closed,28-07-2024 16:00,
18943,37910,Case Closed,17-05-2024 00:00,
18944,37911,Case Closed,26-01-2026 23:00,
18945,37912,Case Closed,29-09-2024 22:00,
18946,37913,Case Closed,14-07-2024 10:00,
18947,37914,Case Closed,13-06-2024 22:00,
18948,37915,Case Closed,17-07-2024 23:00,
18949,37916,Case Closed,07-05-2024 23:00,
18950,37917,Case Closed,23-04-2026 15:00,
18951,37919,Case Closed,22-05-2024 19:00,
18952,37921,Case Closed,14-06-2024 21:00,
18953,37927,Case Closed,08-09-2024 06:00,
18954,37932,Case Closed,09-06-2024 13:00,
18955,37935,Case Closed,04-06-2024 23:00,
18956,37936,Case Closed,18-06-2024 13:00,
18957,37937,Case Closed,20-07-2024 08:00,
18958,37938,Case Closed,14-05-2024 02:00,
18959,37939,Case Closed,28-07-2024 10:00,
18960,37942,Case Closed,08-06-2024 20:00,
18961,37945,Case Closed,22-06-2024 14:00,
18962,37950,Case Closed,01-07-2024 13:00,
18963,37951,Case Closed,14-07-2024 15:00,
18964,37952,Case Closed,25-05-2024 22:00,
18965,37954,Case Closed,01-06-2024 08:00,
18966,37956,Case Closed,23-05-2024 17:00,
18967,37958,Case Closed,01-06-2024 23:00,
18968,37960,Case Closed,01-06-2024 00:00,
18969,37961,Case Closed,25-05-2024 14:00,
18970,37963,Case Closed,13-06-2024 01:00,
18971,37964,Case Closed,19-07-2024 17:00,
18972,37965,Case Closed,25-09-2024 01:00,
18973,37969,Case Closed,20-07-2024 01:00,
18974,37970,Case Closed,26-05-2024 14:00,
18975,37974,Case Closed,19-05-2024 21:00,
18976,37977,Case Closed,31-05-2024 21:00,
18977,37979,Case Closed,08-05-2024 01:00,
18978,37980,Case Closed,28-07-2024 15:00,
18979,37981,Case Closed,06-07-2024 10:00,
18980,37982,Case Closed,09-07-2024 15:00,
18981,37983,Case Closed,27-06-2024 18:00,
18982,37985,Case Closed,22-05-2024 11:00,
18983,37986,Case Closed,17-06-2024 05:00,
18984,37989,Case Closed,24-05-2024 18:00,
18985,37990,Case Closed,03-06-2024 09:00,
18986,37992,Case Closed,28-05-2024 16:00,
18987,37994,Case Closed,23-02-2025 00:00,
18988,37998,Case Closed,23-06-2024 18:00,
18989,38001,Case Closed,28-07-2024 14:00,
18990,38002,Case Closed,03-06-2024 21:00,
18991,38005,Case Closed,21-06-2024 00:00,
18992,38012,Case Closed,11-04-2026 22:00,
18993,38013,Case Closed,25-05-2024 05:00,
18994,38020,Case Closed,17-05-2024 02:00,
18995,38021,Case Closed,11-07-2024 01:00,
18996,38022,Case Closed,26-10-2024 13:00,
18997,38025,Case Closed,20-05-2024 03:00,
18998,38026,Case Closed,14-05-2024 15:00,
18999,38028,Case Closed,07-05-2024 15:00,
19000,38030,Case Closed,02-06-2024 19:00,
19001,38031,Case Closed,14-05-2024 04:00,
19002,38032,Case Closed,02-06-2024 14:00,
19003,38033,Case Closed,17-07-2024 04:00,
19004,38034,Case Closed,16-07-2024 18:00,
19005,38036,Case Closed,14-06-2024 07:00,
19006,38038,Case Closed,14-02-2025 16:00,
19007,38041,Case Closed,25-05-2024 03:00,
19008,38042,Case Closed,21-05-2024 17:00,
19009,38043,Case Closed,01-06-2024 16:00,
19010,38044,Case Closed,13-07-2024 19:00,
19011,38047,Case Closed,17-09-2024 08:00,
19012,38049,Case Closed,18-09-2025 10:00,
19013,38052,Case Closed,12-05-2024 02:00,
19014,38053,Case Closed,22-05-2024 10:00,
19015,38055,Case Closed,23-06-2024 01:00,
19016,38056,Case Closed,25-05-2024 18:00,
19017,38057,Case Closed,15-05-2024 01:00,
19018,38059,Case Closed,04-06-2024 15:00,
19019,38060,Case Closed,16-05-2024 16:00,
19020,38061,Case Closed,28-06-2024 05:00,
19021,38064,Case Closed,09-07-2024 18:00,
19022,38065,Case Closed,06-07-2024 09:00,
19023,38069,Case Closed,30-06-2024 01:00,
19024,38073,Case Closed,06-10-2024 19:00,
19025,38075,Case Closed,18-10-2024 12:00,
19026,38076,Case Closed,17-07-2024 04:00,
19027,38077,Case Closed,04-11-2025 00:00,
19028,38081,Case Closed,08-05-2024 23:00,
19029,38082,Case Closed,02-10-2024 23:00,
19030,38085,Case Closed,24-06-2024 08:00,
19031,38090,Case Closed,22-01-2025 19:00,
19032,38094,Case Closed,01-08-2024 06:00,
19033,38097,Case Closed,22-10-2025 15:00,
19034,38098,Case Closed,24-07-2024 21:00,
19035,38100,Case Closed,16-07-2024 18:00,
19036,38101,Case Closed,29-05-2024 06:00,
19037,38102,Case Closed,16-07-2024 10:00,
19038,38105,Case Closed,05-08-2025 10:00,
19039,38108,Case Closed,14-05-2024 12:00,
19040,38110,Case Closed,17-05-2024 23:00,
19041,38111,Case Closed,12-07-2024 03:00,
19042,38112,Case Closed,20-07-2024 04:00,
19043,38114,Case Closed,19-05-2024 14:00,
19044,38116,Case Closed,28-07-2024 10:00,
19045,38117,Case Closed,19-07-2024 06:00,
19046,38118,Case Closed,27-05-2024 06:00,
19047,38120,Case Closed,19-06-2024 13:00,
19048,38121,Case Closed,20-05-2024 13:00,
19049,38122,Case Closed,30-05-2024 03:00,
19050,38124,Case Closed,25-07-2024 15:00,
19051,38125,Case Closed,25-07-2024 17:00,
19052,38126,Case Closed,15-10-2024 22:00,
19053,38128,Case Closed,25-07-2024 09:00,
19054,38129,Case Closed,14-05-2024 18:00,
19055,38130,Case Closed,03-07-2024 16:00,
19056,38131,Case Closed,27-05-2024 19:00,
19057,38132,Case Closed,20-06-2024 23:00,
19058,38134,Case Closed,23-07-2024 12:00,
19059,38135,Case Closed,28-05-2024 08:00,
19060,38136,Case Closed,03-06-2024 05:00,
19061,38137,Case Closed,21-07-2024 17:00,
19062,38139,Case Closed,17-01-2025 21:00,
19063,38140,Case Closed,15-05-2024 07:00,
19064,38142,Case Closed,01-07-2024 16:00,
19065,38144,Case Closed,12-08-2025 18:00,
19066,38146,Case Closed,04-07-2024 01:00,
19067,38148,Case Closed,25-06-2024 16:00,
19068,38149,Case Closed,16-06-2024 18:00,
19069,38151,Case Closed,20-06-2024 07:00,
19070,38152,Case Closed,25-05-2024 16:00,
19071,38154,Case Closed,12-09-2024 03:00,
19072,38157,Case Closed,05-08-2024 01:00,
19073,38158,Case Closed,24-07-2024 12:00,
19074,38159,Case Closed,31-01-2026 05:00,
19075,38161,Case Closed,03-07-2024 13:00,
19076,38162,Case Closed,23-05-2024 23:00,
19077,38164,Case Closed,23-05-2024 10:00,
19078,38167,Case Closed,29-05-2024 16:00,
19079,38168,Case Closed,26-06-2024 22:00,
19080,38173,Case Closed,23-05-2024 19:00,
19081,38178,Case Closed,07-06-2024 00:00,
19082,38179,Case Closed,11-07-2024 14:00,
19083,38180,Case Closed,21-05-2024 17:00,
19084,38181,Case Closed,30-05-2024 15:00,
19085,38184,Case Closed,10-07-2024 05:00,
19086,38185,Case Closed,17-11-2024 09:00,
19087,38186,Case Closed,14-04-2026 05:00,
19088,38188,Case Closed,30-06-2024 05:00,
19089,38189,Case Closed,24-06-2024 01:00,
19090,38190,Case Closed,20-05-2024 04:00,
19091,38191,Case Closed,25-10-2024 00:00,
19092,38196,Case Closed,22-05-2024 05:00,
19093,38198,Case Closed,06-07-2024 07:00,
19094,38199,Case Closed,24-07-2024 02:00,
19095,38200,Case Closed,29-07-2024 02:00,
19096,38201,Case Closed,19-05-2024 02:00,
19097,38202,Case Closed,08-06-2024 13:00,
19098,38205,Case Closed,30-10-2024 19:00,
19099,38207,Case Closed,20-07-2024 10:00,
19100,38210,Case Closed,23-07-2024 16:00,
19101,38213,Case Closed,01-01-2025 18:00,
19102,38215,Case Closed,22-06-2024 10:00,
19103,38218,Case Closed,17-05-2025 18:00,
19104,38219,Case Closed,03-06-2025 16:00,
19105,38220,Case Closed,24-05-2024 00:00,
19106,38221,Case Closed,21-05-2024 17:00,
19107,38223,Case Closed,28-04-2025 02:00,
19108,38225,Case Closed,24-05-2024 17:00,
19109,38227,Case Closed,04-08-2024 05:00,
19110,38229,Case Closed,22-06-2024 17:00,
19111,38231,Case Closed,12-12-2024 14:00,
19112,38232,Case Closed,22-05-2024 23:00,
19113,38234,Case Closed,22-06-2024 08:00,
19114,38237,Case Closed,04-07-2024 08:00,
19115,38238,Case Closed,08-10-2024 18:00,
19116,38239,Case Closed,22-05-2024 13:00,
19117,38243,Case Closed,23-06-2024 20:00,
19118,38244,Case Closed,23-10-2024 21:00,
19119,38245,Case Closed,29-05-2024 05:00,
19120,38248,Case Closed,02-06-2025 17:00,
19121,38249,Case Closed,31-07-2024 01:00,
19122,38253,Case Closed,01-01-2025 20:00,
19123,38257,Case Closed,28-05-2024 06:00,
19124,38258,Case Closed,01-08-2024 16:00,
19125,38259,Case Closed,19-03-2025 05:00,
19126,38260,Case Closed,18-06-2024 20:00,
19127,38261,Case Closed,05-06-2024 09:00,
19128,38262,Case Closed,07-08-2024 12:00,
19129,38263,Case Closed,27-06-2024 16:00,
19130,38267,Case Closed,22-07-2024 03:00,
19131,38270,Case Closed,22-07-2024 05:00,
19132,38273,Case Closed,17-04-2025 13:00,
19133,38279,Case Closed,16-07-2025 04:00,
19134,38280,Case Closed,17-07-2024 05:00,
19135,38282,Case Closed,20-12-2025 09:00,
19136,38284,Case Closed,28-07-2024 04:00,
19137,38286,Case Closed,29-07-2024 12:00,
19138,38290,Case Closed,01-07-2024 14:00,
19139,38295,Case Closed,31-07-2024 11:00,
19140,38296,Case Closed,01-07-2024 20:00,
19141,38302,Case Closed,04-06-2024 11:00,
19142,38303,Case Closed,22-06-2024 13:00,
19143,38304,Case Closed,27-07-2024 08:00,
19144,38306,Case Closed,08-08-2024 17:00,
19145,38309,Case Closed,04-07-2024 06:00,
19146,38310,Case Closed,19-06-2024 02:00,
19147,38313,Case Closed,05-06-2024 13:00,
19148,38315,Case Closed,10-07-2024 15:00,
19149,38319,Case Closed,30-05-2024 13:00,
19150,38320,Case Closed,24-06-2024 05:00,
19151,38321,Case Closed,20-07-2024 10:00,
19152,38324,Case Closed,23-07-2024 18:00,
19153,38325,Case Closed,23-07-2025 17:00,
19154,38326,Case Closed,01-07-2024 14:00,
19155,38327,Case Closed,05-05-2026 11:00,
19156,38328,Case Closed,27-05-2024 18:00,
19157,38332,Case Closed,25-07-2024 06:00,
19158,38333,Case Closed,12-06-2024 05:00,
19159,38334,Case Closed,23-07-2024 20:00,
19160,38336,Case Closed,09-12-2025 23:00,
19161,38339,Case Closed,29-07-2024 11:00,
19162,38341,Case Closed,25-06-2024 10:00,
19163,38342,Case Closed,18-07-2024 06:00,
19164,38343,Case Closed,13-07-2024 07:00,
19165,38344,Case Closed,15-06-2024 11:00,
19166,38346,Case Closed,29-06-2024 09:00,
19167,38347,Case Closed,11-07-2024 02:00,
19168,38348,Case Closed,03-08-2024 20:00,
19169,38352,Case Closed,07-07-2024 20:00,
19170,38354,Case Closed,27-06-2024 10:00,
19171,38359,Case Closed,16-07-2024 09:00,
19172,38360,Case Closed,10-06-2024 22:00,
19173,38362,Case Closed,25-05-2024 19:00,
19174,38366,Case Closed,29-06-2024 00:00,
19175,38370,Case Closed,29-06-2024 12:00,
19176,38371,Case Closed,18-07-2024 14:00,
19177,38372,Case Closed,27-07-2024 15:00,
19178,38374,Case Closed,19-06-2024 16:00,
19179,38375,Case Closed,26-05-2024 06:00,
19180,38376,Case Closed,09-08-2024 21:00,
19181,38378,Case Closed,17-07-2024 20:00,
19182,38379,Case Closed,16-04-2025 04:00,
19183,38380,Case Closed,04-07-2024 18:00,
19184,38384,Case Closed,09-07-2024 14:00,
19185,38385,Case Closed,14-07-2024 03:00,
19186,38386,Case Closed,11-06-2024 19:00,
19187,38387,Case Closed,12-06-2024 21:00,
19188,38390,Case Closed,11-01-2025 01:00,
19189,38394,Case Closed,12-08-2024 20:00,
19190,38395,Case Closed,26-06-2024 10:00,
19191,38396,Case Closed,16-07-2024 12:00,
19192,38398,Case Closed,07-08-2024 07:00,
19193,38401,Case Closed,17-06-2024 10:00,
19194,38402,Case Closed,11-06-2024 17:00,
19195,38404,Case Closed,06-10-2025 17:00,
19196,38409,Case Closed,28-05-2024 16:00,
19197,38410,Case Closed,30-09-2024 06:00,
19198,38413,Case Closed,03-07-2024 05:00,
19199,38416,Case Closed,23-05-2024 06:00,
19200,38417,Case Closed,11-06-2024 16:00,
19201,38419,Case Closed,08-08-2024 18:00,
19202,38422,Case Closed,19-07-2024 16:00,
19203,38423,Case Closed,17-06-2024 11:00,
19204,38424,Case Closed,17-08-2024 18:00,
19205,38427,Case Closed,29-06-2024 13:00,
19206,38428,Case Closed,08-02-2025 21:00,
19207,38430,Case Closed,26-07-2024 11:00,
19208,38431,Case Closed,28-07-2024 18:00,
19209,38432,Case Closed,05-07-2024 22:00,
19210,38433,Case Closed,12-08-2024 14:00,
19211,38438,Case Closed,09-08-2024 22:00,
19212,38441,Case Closed,11-06-2024 09:00,
19213,38444,Case Closed,31-07-2024 01:00,
19214,38446,Case Closed,11-06-2024 04:00,
19215,38447,Case Closed,14-07-2024 15:00,
19216,38448,Case Closed,30-06-2024 09:00,
19217,38449,Case Closed,23-07-2024 15:00,
19218,38450,Case Closed,13-07-2024 11:00,
19219,38452,Case Closed,28-10-2024 19:00,
19220,38458,Case Closed,11-06-2024 18:00,
19221,38460,Case Closed,14-06-2024 13:00,
19222,38461,Case Closed,11-06-2024 20:00,
19223,38462,Case Closed,04-11-2024 05:00,
19224,38464,Case Closed,08-07-2024 18:00,
19225,38466,Case Closed,04-06-2024 21:00,
19226,38467,Case Closed,02-08-2024 20:00,
19227,38468,Case Closed,18-08-2024 23:00,
19228,38469,Case Closed,03-07-2024 02:00,
19229,38470,Case Closed,13-08-2024 06:00,
19230,38471,Case Closed,15-08-2024 10:00,
19231,38473,Case Closed,14-06-2024 17:00,
19232,38474,Case Closed,05-07-2024 11:00,
19233,38475,Case Closed,09-08-2024 13:00,
19234,38478,Case Closed,22-07-2024 00:00,
19235,38481,Case Closed,18-07-2024 03:00,
19236,38482,Case Closed,14-07-2024 08:00,
19237,38483,Case Closed,29-06-2024 12:00,
19238,38485,Case Closed,17-08-2024 21:00,
19239,38486,Case Closed,04-06-2024 08:00,
19240,38488,Case Closed,15-06-2024 22:00,
19241,38489,Case Closed,09-03-2025 09:00,
19242,38492,Case Closed,28-11-2025 03:00,
19243,38494,Case Closed,16-06-2024 11:00,
19244,38497,Case Closed,22-06-2024 01:00,
19245,38498,Case Closed,27-06-2024 20:00,
19246,38499,Case Closed,02-08-2024 03:00,
19247,38500,Case Closed,30-07-2024 08:00,
19248,38502,Case Closed,21-07-2024 22:00,
19249,38504,Case Closed,15-08-2024 16:00,
19250,38506,Case Closed,18-06-2024 19:00,
19251,38507,Case Closed,19-06-2024 17:00,
19252,38508,Case Closed,12-07-2024 19:00,
19253,38509,Case Closed,21-06-2024 17:00,
19254,38511,Case Closed,21-07-2024 03:00,
19255,38513,Case Closed,19-06-2024 17:00,
19256,38516,Case Closed,12-06-2024 02:00,
19257,38517,Case Closed,05-11-2024 15:00,
19258,38520,Case Closed,12-08-2024 18:00,
19259,38521,Case Closed,18-08-2024 21:00,
19260,38522,Case Closed,05-07-2024 18:00,
19261,38523,Case Closed,03-10-2025 10:00,
19262,38524,Case Closed,26-07-2024 22:00,
19263,38531,Case Closed,01-07-2024 06:00,
19264,38532,Case Closed,09-02-2026 19:00,
19265,38533,Case Closed,23-01-2025 08:00,
19266,38534,Case Closed,20-08-2024 14:00,
19267,38537,Case Closed,11-06-2024 15:00,
19268,38538,Case Closed,22-11-2024 19:00,
19269,38540,Case Closed,17-06-2024 10:00,
19270,38543,Case Closed,05-03-2025 01:00,
19271,38547,Case Closed,02-06-2024 12:00,
19272,38550,Case Closed,12-06-2024 09:00,
19273,38551,Case Closed,18-08-2024 17:00,
19274,38553,Case Closed,17-06-2024 00:00,
19275,38554,Case Closed,10-06-2024 16:00,
19276,38558,Case Closed,07-07-2024 06:00,
19277,38559,Case Closed,21-10-2025 20:00,
19278,38562,Case Closed,18-07-2024 12:00,
19279,38566,Case Closed,12-06-2024 12:00,
19280,38569,Case Closed,06-08-2024 21:00,
19281,38573,Case Closed,02-06-2024 08:00,
19282,38575,Case Closed,25-07-2024 23:00,
19283,38576,Case Closed,19-06-2024 03:00,
19284,38577,Case Closed,01-07-2024 12:00,
19285,38579,Case Closed,03-06-2024 10:00,
19286,38581,Case Closed,17-06-2024 02:00,
19287,38582,Case Closed,06-12-2025 15:00,
19288,38583,Case Closed,23-07-2024 12:00,
19289,38584,Case Closed,31-07-2024 23:00,
19290,38586,Case Closed,07-06-2024 05:00,
19291,38589,Case Closed,10-07-2024 05:00,
19292,38590,Case Closed,24-08-2024 21:00,
19293,38594,Case Closed,27-06-2024 03:00,
19294,38598,Case Closed,24-08-2024 07:00,
19295,38599,Case Closed,03-06-2024 08:00,
19296,38601,Case Closed,18-08-2024 22:00,
19297,38603,Case Closed,02-07-2024 10:00,
19298,38608,Case Closed,10-06-2024 20:00,
19299,38609,Case Closed,09-06-2024 04:00,
19300,38612,Case Closed,08-08-2024 16:00,
19301,38616,Case Closed,12-06-2024 11:00,
19302,38620,Case Closed,16-06-2024 08:00,
19303,38621,Case Closed,25-07-2024 13:00,
19304,38622,Case Closed,22-07-2024 16:00,
19305,38624,Case Closed,19-08-2024 11:00,
19306,38625,Case Closed,11-07-2024 09:00,
19307,38626,Case Closed,01-08-2024 10:00,
19308,38627,Case Closed,20-08-2024 19:00,
19309,38628,Case Closed,27-06-2024 07:00,
19310,38632,Case Closed,21-07-2025 11:00,
19311,38634,Case Closed,17-08-2025 13:00,
19312,38636,Case Closed,12-10-2025 07:00,
19313,38638,Case Closed,10-06-2024 04:00,
19314,38640,Case Closed,27-07-2024 23:00,
19315,38641,Case Closed,29-06-2024 23:00,
19316,38642,Case Closed,05-08-2024 19:00,
19317,38643,Case Closed,19-08-2024 19:00,
19318,38652,Case Closed,30-06-2024 22:00,
19319,38653,Case Closed,04-06-2024 16:00,
19320,38656,Case Closed,23-05-2025 16:00,
19321,38657,Case Closed,03-07-2025 09:00,
19322,38658,Case Closed,30-11-2025 10:00,
19323,38659,Case Closed,11-06-2024 09:00,
19324,38660,Case Closed,07-07-2024 00:00,
19325,38662,Case Closed,27-08-2024 02:00,
19326,38663,Case Closed,26-07-2024 13:00,
19327,38667,Case Closed,13-05-2025 05:00,
19328,38668,Case Closed,10-10-2024 18:00,
19329,38670,Case Closed,05-09-2025 02:00,
19330,38674,Case Closed,26-05-2025 06:00,
19331,38675,Case Closed,17-06-2024 07:00,
19332,38676,Case Closed,15-06-2024 07:00,
19333,38682,Case Closed,27-08-2024 14:00,
19334,38684,Case Closed,10-08-2024 21:00,
19335,38685,Case Closed,26-06-2024 23:00,
19336,38686,Case Closed,25-06-2024 15:00,
19337,38687,Case Closed,08-06-2024 13:00,
19338,38689,Case Closed,26-08-2024 06:00,
19339,38690,Case Closed,07-08-2024 16:00,
19340,38693,Case Closed,21-08-2024 05:00,
19341,38694,Case Closed,16-08-2024 22:00,
19342,38696,Case Closed,23-08-2024 12:00,
19343,38699,Case Closed,27-08-2024 02:00,
19344,38701,Case Closed,27-06-2024 22:00,
19345,38702,Case Closed,30-08-2024 00:00,
19346,38704,Case Closed,22-08-2024 01:00,
19347,38707,Case Closed,15-06-2024 15:00,
19348,38708,Case Closed,10-06-2024 08:00,
19349,38710,Case Closed,20-08-2024 00:00,
19350,38711,Case Closed,13-06-2024 10:00,
19351,38712,Case Closed,20-08-2024 12:00,
19352,38713,Case Closed,26-07-2024 12:00,
19353,38719,Case Closed,29-07-2024 08:00,
19354,38720,Case Closed,25-07-2024 10:00,
19355,38723,Case Closed,06-07-2024 13:00,
19356,38724,Case Closed,20-06-2024 19:00,
19357,38735,Case Closed,19-06-2024 17:00,
19358,38736,Case Closed,27-06-2024 08:00,
19359,38737,Case Closed,14-06-2024 11:00,
19360,38738,Case Closed,30-09-2024 13:00,
19361,38739,Case Closed,14-07-2024 14:00,
19362,38741,Case Closed,06-08-2024 07:00,
19363,38742,Case Closed,20-09-2024 16:00,
19364,38749,Case Closed,29-06-2024 09:00,
19365,38750,Case Closed,16-07-2024 21:00,
19366,38751,Case Closed,21-08-2024 07:00,
19367,38752,Case Closed,31-08-2024 15:00,
19368,38753,Case Closed,10-06-2024 02:00,
19369,38754,Case Closed,05-07-2024 21:00,
19370,38758,Case Closed,14-06-2024 13:00,
19371,38759,Case Closed,09-08-2024 07:00,
19372,38762,Case Closed,30-08-2024 16:00,
19373,38767,Case Closed,26-10-2024 20:00,
19374,38771,Case Closed,24-08-2024 16:00,
19375,38772,Case Closed,02-07-2024 15:00,
19376,38773,Case Closed,30-08-2024 11:00,
19377,38778,Case Closed,07-02-2026 14:00,
19378,38781,Case Closed,04-03-2026 16:00,
19379,38782,Case Closed,31-07-2024 19:00,
19380,38783,Case Closed,25-08-2024 18:00,
19381,38784,Case Closed,27-08-2024 15:00,
19382,38785,Case Closed,17-11-2024 22:00,
19383,38786,Case Closed,26-07-2024 16:00,
19384,38788,Case Closed,14-08-2024 03:00,
19385,38790,Case Closed,12-09-2024 09:00,
19386,38792,Case Closed,19-07-2024 01:00,
19387,38793,Case Closed,22-08-2024 10:00,
19388,38794,Case Closed,10-08-2024 07:00,
19389,38799,Case Closed,21-01-2026 10:00,
19390,38802,Case Closed,16-07-2024 03:00,
19391,38804,Case Closed,30-06-2024 00:00,
19392,38805,Case Closed,28-06-2024 01:00,
19393,38807,Case Closed,07-08-2024 13:00,
19394,38810,Case Closed,09-08-2024 17:00,
19395,38811,Case Closed,19-06-2025 11:00,
19396,38812,Case Closed,12-08-2024 06:00,
19397,38813,Case Closed,10-07-2024 07:00,
19398,38814,Case Closed,09-07-2024 18:00,
19399,38815,Case Closed,27-07-2024 15:00,
19400,38816,Case Closed,17-07-2024 22:00,
19401,38817,Case Closed,26-07-2024 21:00,
19402,38819,Case Closed,26-03-2025 23:00,
19403,38822,Case Closed,30-06-2024 21:00,
19404,38823,Case Closed,05-07-2024 10:00,
19405,38825,Case Closed,25-07-2024 18:00,
19406,38826,Case Closed,18-06-2024 04:00,
19407,38827,Case Closed,16-07-2024 10:00,
19408,38828,Case Closed,06-10-2024 07:00,
19409,38830,Case Closed,14-09-2025 03:00,
19410,38832,Case Closed,05-07-2024 20:00,
19411,38834,Case Closed,02-05-2025 08:00,
19412,38837,Case Closed,20-09-2024 09:00,
19413,38839,Case Closed,17-07-2024 17:00,
19414,38842,Case Closed,08-03-2025 11:00,
19415,38845,Case Closed,29-06-2024 11:00,
19416,38848,Case Closed,24-06-2024 06:00,
19417,38850,Case Closed,20-06-2024 20:00,
19418,38854,Case Closed,04-09-2024 09:00,
19419,38855,Case Closed,28-07-2024 00:00,
19420,38857,Case Closed,03-07-2024 16:00,
19421,38859,Case Closed,28-06-2024 00:00,
19422,38860,Case Closed,03-07-2024 00:00,
19423,38866,Case Closed,23-06-2024 17:00,
19424,38867,Case Closed,28-07-2024 18:00,
19425,38870,Case Closed,13-07-2024 19:00,
19426,38874,Case Closed,24-06-2024 08:00,
19427,38875,Case Closed,03-09-2024 08:00,
19428,38878,Case Closed,06-09-2024 19:00,
19429,38879,Case Closed,10-03-2025 00:00,
19430,38880,Case Closed,29-06-2024 05:00,
19431,38881,Case Closed,03-08-2024 09:00,
19432,38882,Case Closed,26-06-2024 06:00,
19433,38885,Case Closed,18-07-2024 11:00,
19434,38887,Case Closed,30-06-2024 22:00,
19435,38888,Case Closed,01-08-2024 14:00,
19436,38891,Case Closed,28-08-2024 01:00,
19437,38892,Case Closed,26-06-2024 11:00,
19438,38893,Case Closed,03-07-2024 13:00,
19439,38897,Case Closed,13-01-2025 18:00,
19440,38899,Case Closed,16-06-2024 14:00,
19441,38901,Case Closed,06-01-2026 11:00,
19442,38903,Case Closed,18-08-2024 22:00,
19443,38905,Case Closed,04-12-2024 22:00,
19444,38906,Case Closed,05-08-2024 10:00,
19445,38907,Case Closed,10-07-2024 16:00,
19446,38909,Case Closed,31-08-2024 12:00,
19447,38910,Case Closed,31-10-2024 23:00,
19448,38914,Case Closed,24-07-2024 21:00,
19449,38915,Case Closed,09-07-2024 05:00,
19450,38916,Case Closed,22-08-2024 23:00,
19451,38919,Case Closed,21-06-2024 10:00,
19452,38920,Case Closed,21-06-2024 16:00,
19453,38924,Case Closed,03-07-2024 05:00,
19454,38925,Case Closed,31-07-2024 05:00,
19455,38927,Case Closed,11-08-2024 20:00,
19456,38928,Case Closed,03-07-2024 16:00,
19457,38932,Case Closed,01-09-2024 22:00,
19458,38933,Case Closed,11-07-2024 06:00,
19459,38936,Case Closed,09-09-2024 13:00,
19460,38943,Case Closed,15-07-2024 17:00,
19461,38944,Case Closed,24-06-2024 20:00,
19462,38946,Case Closed,03-07-2024 20:00,
19463,38947,Case Closed,22-10-2025 02:00,
19464,38948,Case Closed,29-06-2024 04:00,
19465,38954,Case Closed,12-07-2024 04:00,
19466,38959,Case Closed,17-06-2024 23:00,
19467,38960,Case Closed,21-07-2024 22:00,
19468,38961,Case Closed,14-07-2024 07:00,
19469,38964,Case Closed,02-07-2024 12:00,
19470,38967,Case Closed,18-08-2024 02:00,
19471,38968,Case Closed,23-06-2024 12:00,
19472,38969,Case Closed,11-08-2024 23:00,
19473,38971,Case Closed,22-06-2024 00:00,
19474,38973,Case Closed,10-07-2024 12:00,
19475,38974,Case Closed,03-09-2024 16:00,
19476,38975,Case Closed,13-10-2024 23:00,
19477,38976,Case Closed,17-08-2024 12:00,
19478,38977,Case Closed,24-08-2024 12:00,
19479,38978,Case Closed,23-07-2024 18:00,
19480,38983,Case Closed,03-02-2025 02:00,
19481,38987,Case Closed,01-07-2024 16:00,
19482,38990,Case Closed,29-07-2024 02:00,
19483,38991,Case Closed,26-06-2024 20:00,
19484,38992,Case Closed,14-12-2024 03:00,
19485,38993,Case Closed,20-07-2024 09:00,
19486,38994,Case Closed,19-06-2024 01:00,
19487,38996,Case Closed,22-09-2024 19:00,
19488,38999,Case Closed,20-06-2024 15:00,
19489,39000,Case Closed,15-07-2024 01:00,
19490,39003,Case Closed,05-09-2024 19:00,
19491,39004,Case Closed,31-07-2024 14:00,
19492,39005,Case Closed,09-03-2025 08:00,
19493,39006,Case Closed,30-06-2024 13:00,
19494,39007,Case Closed,02-07-2024 19:00,
19495,39008,Case Closed,25-08-2024 02:00,
19496,39009,Case Closed,23-08-2024 09:00,
19497,39010,Case Closed,25-07-2024 18:00,
19498,39013,Case Closed,22-08-2024 06:00,
19499,39015,Case Closed,30-07-2024 10:00,
19500,39016,Case Closed,21-08-2024 19:00,
19501,39017,Case Closed,16-08-2024 15:00,
19502,39018,Case Closed,21-07-2024 20:00,
19503,39019,Case Closed,05-08-2024 19:00,
19504,39020,Case Closed,06-07-2024 07:00,
19505,39021,Case Closed,25-08-2024 21:00,
19506,39025,Case Closed,19-07-2024 14:00,
19507,39026,Case Closed,27-06-2024 20:00,
19508,39029,Case Closed,20-08-2024 07:00,
19509,39030,Case Closed,06-08-2024 12:00,
19510,39031,Case Closed,15-10-2024 18:00,
19511,39032,Case Closed,09-08-2024 11:00,
19512,39033,Case Closed,04-07-2024 23:00,
19513,39034,Case Closed,14-07-2024 16:00,
19514,39035,Case Closed,09-07-2024 19:00,
19515,39037,Case Closed,17-09-2024 01:00,
19516,39038,Case Closed,30-07-2024 16:00,
19517,39039,Case Closed,22-04-2025 11:00,
19518,39042,Case Closed,18-07-2024 13:00,
19519,39048,Case Closed,31-05-2025 07:00,
19520,39052,Case Closed,02-08-2024 20:00,
19521,39053,Case Closed,05-09-2024 19:00,
19522,39055,Case Closed,19-08-2024 08:00,
19523,39060,Case Closed,12-07-2024 17:00,
19524,39062,Case Closed,30-08-2024 20:00,
19525,39063,Case Closed,01-07-2024 21:00,
19526,39064,Case Closed,10-09-2024 19:00,
19527,39065,Case Closed,13-09-2024 11:00,
19528,39066,Case Closed,26-08-2024 09:00,
19529,39067,Case Closed,25-06-2024 13:00,
19530,39071,Case Closed,06-08-2024 15:00,
19531,39072,Case Closed,24-03-2025 11:00,
19532,39074,Case Closed,05-11-2024 05:00,
19533,39075,Case Closed,16-07-2024 05:00,
19534,39076,Case Closed,08-07-2024 04:00,
19535,39077,Case Closed,27-06-2024 06:00,
19536,39078,Case Closed,18-07-2024 04:00,
19537,39080,Case Closed,07-07-2024 12:00,
19538,39081,Case Closed,16-08-2024 09:00,
19539,39084,Case Closed,24-08-2024 01:00,
19540,39086,Case Closed,04-07-2024 19:00,
19541,39089,Case Closed,30-07-2024 10:00,
19542,39090,Case Closed,10-07-2024 19:00,
19543,39091,Case Closed,19-08-2024 04:00,
19544,39092,Case Closed,24-08-2024 06:00,
19545,39094,Case Closed,09-08-2024 11:00,
19546,39097,Case Closed,28-08-2024 14:00,
19547,39098,Case Closed,15-09-2024 23:00,
19548,39099,Case Closed,22-10-2024 23:00,
19549,39100,Case Closed,05-11-2024 22:00,
19550,39104,Case Closed,01-09-2024 02:00,
19551,39106,Case Closed,26-06-2024 12:00,
19552,39107,Case Closed,19-08-2024 05:00,
19553,39109,Case Closed,06-07-2024 10:00,
19554,39112,Case Closed,24-09-2024 14:00,
19555,39113,Case Closed,06-08-2024 13:00,
19556,39114,Case Closed,11-08-2024 22:00,
19557,39120,Case Closed,10-01-2025 07:00,
19558,39121,Case Closed,02-07-2024 17:00,
19559,39124,Case Closed,13-09-2024 01:00,
19560,39125,Case Closed,18-07-2024 02:00,
19561,39126,Case Closed,05-09-2024 11:00,
19562,39129,Case Closed,26-07-2024 20:00,
19563,39131,Case Closed,26-06-2024 11:00,
19564,39133,Case Closed,05-09-2024 12:00,
19565,39135,Case Closed,22-07-2024 06:00,
19566,39137,Case Closed,22-07-2024 02:00,
19567,39138,Case Closed,13-10-2024 11:00,
19568,39139,Case Closed,06-09-2024 17:00,
19569,39140,Case Closed,03-08-2024 11:00,
19570,39142,Case Closed,04-09-2024 06:00,
19571,39143,Case Closed,21-07-2024 22:00,
19572,39145,Case Closed,11-07-2024 10:00,
19573,39146,Case Closed,28-06-2024 19:00,
19574,39149,Case Closed,21-07-2024 15:00,
19575,39151,Case Closed,12-08-2024 18:00,
19576,39153,Case Closed,10-08-2024 00:00,
19577,39154,Case Closed,28-08-2024 06:00,
19578,39156,Case Closed,03-09-2024 10:00,
19579,39158,Case Closed,10-08-2024 14:00,
19580,39159,Case Closed,25-07-2024 19:00,
19581,39162,Case Closed,04-07-2024 15:00,
19582,39163,Case Closed,05-08-2024 12:00,
19583,39165,Case Closed,11-07-2024 07:00,
19584,39168,Case Closed,09-01-2026 18:00,
19585,39170,Case Closed,31-07-2024 11:00,
19586,39171,Case Closed,30-10-2025 04:00,
19587,39172,Case Closed,20-07-2024 18:00,
19588,39174,Case Closed,28-08-2024 17:00,
19589,39176,Case Closed,16-07-2024 20:00,
19590,39180,Case Closed,06-07-2024 09:00,
19591,39182,Case Closed,14-07-2024 09:00,
19592,39183,Case Closed,27-07-2024 18:00,
19593,39186,Case Closed,18-07-2024 07:00,
19594,39187,Case Closed,07-06-2025 16:00,
19595,39188,Case Closed,17-09-2024 23:00,
19596,39193,Case Closed,09-07-2024 09:00,
19597,39194,Case Closed,14-09-2024 14:00,
19598,39195,Case Closed,27-03-2025 09:00,
19599,39197,Case Closed,15-09-2024 07:00,
19600,39198,Case Closed,09-09-2024 08:00,
19601,39199,Case Closed,01-08-2024 10:00,
19602,39200,Case Closed,28-06-2024 04:00,
19603,39201,Case Closed,21-08-2024 03:00,
19604,39204,Case Closed,22-08-2024 16:00,
19605,39208,Case Closed,19-07-2024 05:00,
19606,39209,Case Closed,10-08-2024 05:00,
19607,39210,Case Closed,18-07-2024 04:00,
19608,39211,Case Closed,11-07-2024 06:00,
19609,39212,Case Closed,25-08-2024 14:00,
19610,39213,Case Closed,24-09-2025 21:00,
19611,39216,Case Closed,08-09-2024 17:00,
19612,39217,Case Closed,22-07-2024 09:00,
19613,39221,Case Closed,09-09-2025 15:00,
19614,39222,Case Closed,22-07-2024 10:00,
19615,39223,Case Closed,20-07-2024 03:00,
19616,39224,Case Closed,15-08-2024 10:00,
19617,39225,Case Closed,19-08-2024 02:00,
19618,39228,Case Closed,24-08-2024 19:00,
19619,39230,Case Closed,12-07-2024 22:00,
19620,39231,Case Closed,05-12-2024 16:00,
19621,39233,Case Closed,08-12-2024 02:00,
19622,39234,Case Closed,28-07-2024 03:00,
19623,39235,Case Closed,07-08-2024 18:00,
19624,39236,Case Closed,16-07-2024 14:00,
19625,39238,Case Closed,15-07-2024 18:00,
19626,39239,Case Closed,04-09-2024 05:00,
19627,39240,Case Closed,27-08-2024 21:00,
19628,39241,Case Closed,22-08-2024 07:00,
19629,39245,Case Closed,29-07-2024 21:00,
19630,39247,Case Closed,01-09-2024 21:00,
19631,39248,Case Closed,15-07-2024 16:00,
19632,39250,Case Closed,11-08-2024 13:00,
19633,39254,Case Closed,17-07-2024 19:00,
19634,39255,Case Closed,08-09-2024 21:00,
19635,39256,Case Closed,22-07-2024 08:00,
19636,39260,Case Closed,17-08-2024 09:00,
19637,39261,Case Closed,16-08-2024 18:00,
19638,39263,Case Closed,19-07-2025 11:00,
19639,39264,Case Closed,02-07-2024 22:00,
19640,39265,Case Closed,01-09-2024 21:00,
19641,39266,Case Closed,17-07-2024 13:00,
19642,39270,Case Closed,10-10-2025 13:00,
19643,39274,Case Closed,02-09-2024 23:00,
19644,39275,Case Closed,17-07-2024 16:00,
19645,39278,Case Closed,14-08-2024 20:00,
19646,39280,Case Closed,29-08-2025 18:00,
19647,39287,Case Closed,31-07-2025 10:00,
19648,39288,Case Closed,22-07-2024 00:00,
19649,39289,Case Closed,07-08-2024 13:00,
19650,39291,Case Closed,17-08-2025 15:00,
19651,39293,Case Closed,03-07-2024 13:00,
19652,39295,Case Closed,27-07-2024 14:00,
19653,39297,Case Closed,21-08-2024 16:00,
19654,39298,Case Closed,01-09-2024 14:00,
19655,39299,Case Closed,31-08-2024 16:00,
19656,39301,Case Closed,21-09-2024 20:00,
19657,39303,Case Closed,04-08-2024 11:00,
19658,39304,Case Closed,06-08-2024 23:00,
19659,39305,Case Closed,31-08-2024 16:00,
19660,39307,Case Closed,20-11-2025 01:00,
19661,39312,Case Closed,29-08-2024 19:00,
19662,39318,Case Closed,03-09-2024 22:00,
19663,39319,Case Closed,17-09-2024 07:00,
19664,39322,Case Closed,20-07-2024 00:00,
19665,39323,Case Closed,24-09-2024 07:00,
19666,39324,Case Closed,19-07-2024 23:00,
19667,39326,Case Closed,27-07-2024 22:00,
19668,39327,Case Closed,19-08-2024 15:00,
19669,39329,Case Closed,22-07-2024 21:00,
19670,39330,Case Closed,07-01-2025 14:00,
19671,39332,Case Closed,11-06-2025 07:00,
19672,39338,Case Closed,16-08-2024 02:00,
19673,39340,Case Closed,17-09-2024 08:00,
19674,39341,Case Closed,09-09-2024 06:00,
19675,39343,Case Closed,13-11-2024 19:00,
19676,39344,Case Closed,28-07-2024 18:00,
19677,39345,Case Closed,27-07-2024 11:00,
19678,39346,Case Closed,27-07-2024 23:00,
19679,39347,Case Closed,14-07-2024 14:00,
19680,39350,Case Closed,09-11-2024 13:00,
19681,39352,Case Closed,04-08-2024 23:00,
19682,39353,Case Closed,16-12-2024 10:00,
19683,39355,Case Closed,11-12-2024 03:00,
19684,39357,Case Closed,19-09-2024 05:00,
19685,39358,Case Closed,05-07-2024 11:00,
19686,39361,Case Closed,07-09-2024 10:00,
19687,39362,Case Closed,11-09-2024 09:00,
19688,39363,Case Closed,16-12-2025 06:00,
19689,39364,Case Closed,15-09-2024 23:00,
19690,39367,Case Closed,11-07-2024 05:00,
19691,39368,Case Closed,11-08-2024 22:00,
19692,39371,Case Closed,25-07-2024 10:00,
19693,39376,Case Closed,29-06-2024 20:00,
19694,39377,Case Closed,30-08-2024 12:00,
19695,39388,Case Closed,29-04-2025 02:00,
19696,39390,Case Closed,21-09-2024 23:00,
19697,39391,Case Closed,18-08-2024 15:00,
19698,39393,Case Closed,11-08-2024 18:00,
19699,39394,Case Closed,03-08-2024 01:00,
19700,39395,Case Closed,16-10-2024 23:00,
19701,39402,Case Closed,29-08-2024 21:00,
19702,39405,Case Closed,02-08-2024 19:00,
19703,39407,Case Closed,20-07-2024 11:00,
19704,39416,Case Closed,21-08-2024 18:00,
19705,39417,Case Closed,17-08-2024 11:00,
19706,39418,Case Closed,15-08-2024 16:00,
19707,39424,Case Closed,26-08-2024 04:00,
19708,39425,Case Closed,19-07-2024 00:00,
19709,39430,Case Closed,29-09-2024 15:00,
19710,39431,Case Closed,21-09-2024 23:00,
19711,39435,Case Closed,21-10-2024 16:00,
19712,39439,Case Closed,21-07-2024 16:00,
19713,39445,Case Closed,30-07-2024 22:00,
19714,39446,Case Closed,30-08-2025 02:00,
19715,39447,Case Closed,27-07-2024 00:00,
19716,39448,Case Closed,23-06-2025 03:00,
19717,39449,Case Closed,05-09-2024 20:00,
19718,39450,Case Closed,27-08-2024 22:00,
19719,39453,Case Closed,16-08-2024 23:00,
19720,39454,Case Closed,08-07-2024 06:00,
19721,39456,Case Closed,01-10-2024 18:00,
19722,39458,Case Closed,17-09-2024 09:00,
19723,39463,Case Closed,02-09-2024 03:00,
19724,39464,Case Closed,05-09-2024 13:00,
19725,39465,Case Closed,27-09-2024 12:00,
19726,39466,Case Closed,01-08-2024 07:00,
19727,39471,Case Closed,30-09-2024 01:00,
19728,39472,Case Closed,12-07-2024 11:00,
19729,39474,Case Closed,31-07-2024 05:00,
19730,39475,Case Closed,21-08-2024 10:00,
19731,39478,Case Closed,07-08-2024 19:00,
19732,39480,Case Closed,28-09-2024 20:00,
19733,39483,Case Closed,24-08-2024 06:00,
19734,39484,Case Closed,09-03-2026 19:00,
19735,39486,Case Closed,29-07-2024 03:00,
19736,39489,Case Closed,18-08-2024 09:00,
19737,39491,Case Closed,05-07-2024 06:00,
19738,39493,Case Closed,29-09-2024 07:00,
19739,39495,Case Closed,21-09-2024 13:00,
19740,39496,Case Closed,16-08-2024 06:00,
19741,39497,Case Closed,23-07-2024 12:00,
19742,39499,Case Closed,06-07-2024 17:00,
19743,39500,Case Closed,23-08-2024 16:00,
19744,39501,Case Closed,21-08-2024 08:00,
19745,39503,Case Closed,08-08-2024 18:00,
19746,39505,Case Closed,18-09-2024 05:00,
19747,39506,Case Closed,09-08-2024 19:00,
19748,39508,Case Closed,06-08-2024 22:00,
19749,39509,Case Closed,03-09-2024 09:00,
19750,39510,Case Closed,26-08-2025 06:00,
19751,39512,Case Closed,22-07-2024 02:00,
19752,39515,Case Closed,21-07-2024 16:00,
19753,39516,Case Closed,04-10-2024 01:00,
19754,39519,Case Closed,28-07-2024 07:00,
19755,39520,Case Closed,30-06-2026 21:00,
19756,39522,Case Closed,14-07-2024 08:00,
19757,39523,Case Closed,15-05-2026 14:00,
19758,39529,Case Closed,20-03-2025 06:00,
19759,39532,Case Closed,14-07-2024 00:00,
19760,39533,Case Closed,04-11-2024 00:00,
19761,39535,Case Closed,26-07-2024 20:00,
19762,39537,Case Closed,25-12-2024 06:00,
19763,39538,Case Closed,18-09-2024 09:00,
19764,39542,Case Closed,22-08-2024 20:00,
19765,39543,Case Closed,13-07-2024 17:00,
19766,39544,Case Closed,24-09-2024 20:00,
19767,39545,Case Closed,15-06-2025 06:00,
19768,39547,Case Closed,31-07-2024 00:00,
19769,39549,Case Closed,24-08-2024 21:00,
19770,39551,Case Closed,06-09-2024 15:00,
19771,39554,Case Closed,09-08-2024 05:00,
19772,39555,Case Closed,20-09-2024 17:00,
19773,39556,Case Closed,15-07-2024 05:00,
19774,39559,Case Closed,06-09-2024 19:00,
19775,39562,Case Closed,31-07-2024 15:00,
19776,39564,Case Closed,16-10-2024 21:00,
19777,39568,Case Closed,13-09-2024 07:00,
19778,39569,Case Closed,20-02-2025 04:00,
19779,39570,Case Closed,05-09-2024 06:00,
19780,39574,Case Closed,29-09-2024 17:00,
19781,39575,Case Closed,30-10-2024 11:00,
19782,39576,Case Closed,12-03-2025 00:00,
19783,39578,Case Closed,08-04-2025 22:00,
19784,39581,Case Closed,01-03-2025 17:00,
19785,39585,Case Closed,19-10-2025 22:00,
19786,39586,Case Closed,31-08-2024 17:00,
19787,39589,Case Closed,25-09-2024 02:00,
19788,39590,Case Closed,26-08-2024 02:00,
19789,39591,Case Closed,16-11-2024 19:00,
19790,39593,Case Closed,07-08-2024 00:00,
19791,39595,Case Closed,13-09-2024 05:00,
19792,39597,Case Closed,30-09-2024 06:00,
19793,39598,Case Closed,22-07-2024 08:00,
19794,39599,Case Closed,03-08-2024 15:00,
19795,39601,Case Closed,27-07-2024 03:00,
19796,39603,Case Closed,17-09-2024 04:00,
19797,39604,Case Closed,08-09-2024 20:00,
19798,39605,Case Closed,15-08-2024 18:00,
19799,39607,Case Closed,15-08-2024 11:00,
19800,39610,Case Closed,05-08-2024 12:00,
19801,39612,Case Closed,18-07-2024 01:00,
19802,39621,Case Closed,05-10-2024 15:00,
19803,39624,Case Closed,07-08-2024 19:00,
19804,39625,Case Closed,22-07-2024 10:00,
19805,39627,Case Closed,01-01-2026 20:00,
19806,39630,Case Closed,17-11-2025 13:00,
19807,39631,Case Closed,19-08-2024 00:00,
19808,39632,Case Closed,28-07-2024 21:00,
19809,39633,Case Closed,08-05-2025 03:00,
19810,39634,Case Closed,06-08-2024 03:00,
19811,39636,Case Closed,29-09-2024 09:00,
19812,39638,Case Closed,12-08-2024 11:00,
19813,39639,Case Closed,19-09-2024 08:00,
19814,39642,Case Closed,18-01-2026 14:00,
19815,39644,Case Closed,10-08-2024 14:00,
19816,39646,Case Closed,20-08-2024 05:00,
19817,39647,Case Closed,15-03-2026 12:00,
19818,39648,Case Closed,28-08-2025 07:00,
19819,39649,Case Closed,30-07-2024 01:00,
19820,39651,Case Closed,25-08-2024 16:00,
19821,39652,Case Closed,13-07-2024 04:00,
19822,39653,Case Closed,14-08-2024 22:00,
19823,39654,Case Closed,17-09-2024 23:00,
19824,39657,Case Closed,10-09-2024 10:00,
19825,39659,Case Closed,24-11-2024 20:00,
19826,39660,Case Closed,02-08-2024 18:00,
19827,39663,Case Closed,01-08-2024 19:00,
19828,39664,Case Closed,26-09-2024 03:00,
19829,39665,Case Closed,21-08-2024 09:00,
19830,39670,Case Closed,30-07-2024 17:00,
19831,39672,Case Closed,26-09-2024 16:00,
19832,39674,Case Closed,28-09-2024 16:00,
19833,39675,Case Closed,29-09-2024 03:00,
19834,39677,Case Closed,03-10-2024 22:00,
19835,39678,Case Closed,17-09-2024 20:00,
19836,39685,Case Closed,07-09-2024 22:00,
19837,39687,Case Closed,22-08-2024 10:00,
19838,39691,Case Closed,23-05-2026 05:00,
19839,39692,Case Closed,30-07-2024 00:00,
19840,39694,Case Closed,27-07-2024 20:00,
19841,39695,Case Closed,09-09-2024 06:00,
19842,39696,Case Closed,26-08-2024 13:00,
19843,39701,Case Closed,24-07-2024 16:00,
19844,39702,Case Closed,27-08-2024 04:00,
19845,39704,Case Closed,03-09-2024 02:00,
19846,39705,Case Closed,13-08-2024 04:00,
19847,39708,Case Closed,17-09-2024 21:00,
19848,39709,Case Closed,04-10-2024 00:00,
19849,39710,Case Closed,18-08-2024 23:00,
19850,39711,Case Closed,01-03-2025 04:00,
19851,39714,Case Closed,02-08-2024 06:00,
19852,39716,Case Closed,22-04-2026 22:00,
19853,39717,Case Closed,08-09-2024 15:00,
19854,39718,Case Closed,12-08-2024 20:00,
19855,39720,Case Closed,13-12-2024 05:00,
19856,39721,Case Closed,26-08-2024 12:00,
19857,39724,Case Closed,28-09-2024 10:00,
19858,39728,Case Closed,29-09-2024 11:00,
19859,39729,Case Closed,20-11-2025 23:00,
19860,39730,Case Closed,25-07-2024 03:00,
19861,39732,Case Closed,19-08-2024 22:00,
19862,39733,Case Closed,07-10-2024 21:00,
19863,39734,Case Closed,24-03-2026 05:00,
19864,39737,Case Closed,18-07-2024 03:00,
19865,39743,Case Closed,31-07-2024 20:00,
19866,39746,Case Closed,02-01-2025 01:00,
19867,39748,Case Closed,16-09-2024 10:00,
19868,39752,Case Closed,28-07-2024 01:00,
19869,39755,Case Closed,10-10-2024 07:00,
19870,39760,Case Closed,05-09-2024 15:00,
19871,39762,Case Closed,17-08-2024 12:00,
19872,39764,Case Closed,06-09-2024 22:00,
19873,39766,Case Closed,23-07-2024 14:00,
19874,39768,Case Closed,18-09-2024 19:00,
19875,39769,Case Closed,30-08-2024 06:00,
19876,39771,Case Closed,03-08-2024 12:00,
19877,39773,Case Closed,02-08-2024 08:00,
19878,39775,Case Closed,25-07-2024 03:00,
19879,39776,Case Closed,04-08-2024 00:00,
19880,39777,Case Closed,24-07-2024 04:00,
19881,39779,Case Closed,03-09-2024 23:00,
19882,39782,Case Closed,03-08-2024 18:00,
19883,39788,Case Closed,07-08-2024 23:00,
19884,39790,Case Closed,27-09-2024 20:00,
19885,39792,Case Closed,26-09-2025 22:00,
19886,39796,Case Closed,28-07-2024 21:00,
19887,39799,Case Closed,05-01-2025 20:00,
19888,39800,Case Closed,10-10-2024 21:00,
19889,39802,Case Closed,22-09-2024 22:00,
19890,39805,Case Closed,12-08-2024 04:00,
19891,39806,Case Closed,17-09-2024 19:00,
19892,39808,Case Closed,03-10-2024 14:00,
19893,39810,Case Closed,16-08-2024 00:00,
19894,39813,Case Closed,09-08-2024 16:00,
19895,39814,Case Closed,04-08-2024 15:00,
19896,39815,Case Closed,18-10-2024 06:00,
19897,39817,Case Closed,25-09-2024 08:00,
19898,39820,Case Closed,23-08-2024 01:00,
19899,39821,Case Closed,04-02-2025 17:00,
19900,39822,Case Closed,26-07-2024 21:00,
19901,39826,Case Closed,27-09-2024 02:00,
19902,39827,Case Closed,08-08-2024 06:00,
19903,39828,Case Closed,01-08-2024 16:00,
19904,39829,Case Closed,17-10-2024 07:00,
19905,39830,Case Closed,06-08-2024 19:00,
19906,39831,Case Closed,18-09-2024 04:00,
19907,39832,Case Closed,08-10-2024 13:00,
19908,39833,Case Closed,19-08-2024 13:00,
19909,39836,Case Closed,18-08-2024 13:00,
19910,39838,Case Closed,15-08-2024 13:00,
19911,39841,Case Closed,13-11-2024 13:00,
19912,39842,Case Closed,03-10-2024 09:00,
19913,39843,Case Closed,28-08-2024 10:00,
19914,39844,Case Closed,04-09-2024 22:00,
19915,39845,Case Closed,15-12-2024 13:00,
19916,39846,Case Closed,26-08-2024 02:00,
19917,39851,Case Closed,17-08-2024 15:00,
19918,39854,Case Closed,21-07-2024 18:00,
19919,39855,Case Closed,09-09-2024 13:00,
19920,39857,Case Closed,12-08-2024 01:00,
19921,39858,Case Closed,22-09-2024 20:00,
19922,39861,Case Closed,20-04-2025 06:00,
19923,39862,Case Closed,10-09-2024 15:00,
19924,39864,Case Closed,01-11-2025 15:00,
19925,39867,Case Closed,31-12-2024 23:00,
19926,39868,Case Closed,12-08-2024 18:00,
19927,39869,Case Closed,14-02-2025 00:00,
19928,39871,Case Closed,06-09-2024 03:00,
19929,39872,Case Closed,04-08-2024 06:00,
19930,39875,Case Closed,19-09-2024 04:00,
19931,39877,Case Closed,27-09-2024 15:00,
19932,39878,Case Closed,28-08-2024 23:00,
19933,39882,Case Closed,06-09-2024 18:00,
19934,39885,Case Closed,18-08-2024 13:00,
19935,39890,Case Closed,27-07-2024 14:00,
19936,39892,Case Closed,09-08-2024 08:00,
19937,39893,Case Closed,14-10-2024 14:00,
19938,39894,Case Closed,10-09-2024 03:00,
19939,39896,Case Closed,15-08-2024 13:00,
19940,39904,Case Closed,14-09-2024 18:00,
19941,39905,Case Closed,08-08-2024 00:00,
19942,39906,Case Closed,06-08-2024 14:00,
19943,39909,Case Closed,07-10-2024 20:00,
19944,39910,Case Closed,11-07-2025 12:00,
19945,39911,Case Closed,16-08-2024 17:00,
19946,39915,Case Closed,07-09-2024 15:00,
19947,39916,Case Closed,05-10-2024 07:00,
19948,39918,Case Closed,20-09-2024 17:00,
19949,39921,Case Closed,19-09-2024 10:00,
19950,39922,Case Closed,14-08-2024 11:00,
19951,39926,Case Closed,03-08-2024 14:00,
19952,39929,Case Closed,08-10-2024 23:00,
19953,39930,Case Closed,21-08-2024 10:00,
19954,39931,Case Closed,18-08-2024 00:00,
19955,39934,Case Closed,17-08-2024 05:00,
19956,39941,Case Closed,27-08-2024 01:00,
19957,39942,Case Closed,16-09-2024 15:00,
19958,39943,Case Closed,13-09-2024 11:00,
19959,39944,Case Closed,03-12-2024 09:00,
19960,39945,Case Closed,05-11-2024 12:00,
19961,39946,Case Closed,26-08-2024 19:00,
19962,39947,Case Closed,06-09-2024 07:00,
19963,39952,Case Closed,20-08-2024 19:00,
19964,39953,Case Closed,24-12-2024 10:00,
19965,39954,Case Closed,31-07-2024 23:00,
19966,39955,Case Closed,13-09-2024 09:00,
19967,39959,Case Closed,06-09-2024 01:00,
19968,39961,Case Closed,17-10-2024 05:00,
19969,39962,Case Closed,24-09-2024 19:00,
19970,39964,Case Closed,02-08-2024 14:00,
19971,39965,Case Closed,12-01-2025 10:00,
19972,39966,Case Closed,04-10-2024 15:00,
19973,39968,Case Closed,14-09-2024 04:00,
19974,39969,Case Closed,04-08-2024 18:00,
19975,39970,Case Closed,17-09-2024 17:00,
19976,39972,Case Closed,04-08-2024 20:00,
19977,39974,Case Closed,28-08-2024 02:00,
19978,39978,Case Closed,30-09-2024 21:00,
19979,39979,Case Closed,17-10-2024 04:00,
19980,39980,Case Closed,18-09-2024 23:00,
19981,39981,Case Closed,11-10-2024 08:00,
19982,39982,Case Closed,19-08-2024 03:00,
19983,39984,Case Closed,03-10-2024 18:00,
19984,39987,Case Closed,22-10-2024 21:00,
19985,39988,Case Closed,27-01-2026 10:00,
19986,39991,Case Closed,08-09-2024 07:00,
19987,39998,Case Closed,15-09-2024 22:00,
19988,39999,Case Closed,14-11-2024 09:00,
19989,40002,Case Closed,08-09-2024 21:00,
19990,40005,Case Closed,26-09-2024 11:00,
19991,40006,Case Closed,11-12-2024 11:00,
19992,40008,Case Closed,22-10-2024 17:00,
19993,40011,Case Closed,24-08-2024 17:00,
19994,40012,Case Closed,05-09-2024 03:00,
19995,40018,Case Closed,17-10-2024 16:00,
19996,40019,Case Closed,07-08-2024 12:00,
19997,40020,Case Closed,14-08-2024 18:00,
19998,40021,Case Closed,22-08-2024 05:00,
19999,40025,Case Closed,01-10-2024 17:00,
20000,40026,Case Closed,04-10-2024 01:00,
20001,40028,Case Closed,12-09-2024 12:00,
20002,40030,Case Closed,07-09-2024 14:00,
20003,40031,Case Closed,11-09-2024 10:00,
20004,40033,Case Closed,07-04-2025 20:00,
20005,40037,Case Closed,12-08-2024 01:00,
20006,40041,Case Closed,18-01-2025 22:00,
20007,40044,Case Closed,09-10-2024 04:00,
20008,40046,Case Closed,20-09-2024 08:00,
20009,40047,Case Closed,07-09-2024 08:00,
20010,40048,Case Closed,25-10-2024 18:00,
20011,40049,Case Closed,25-09-2024 19:00,
20012,40050,Case Closed,22-10-2024 09:00,
20013,40051,Case Closed,28-09-2024 07:00,
20014,40054,Case Closed,29-08-2024 10:00,
20015,40055,Case Closed,26-08-2024 12:00,
20016,40056,Case Closed,17-09-2024 18:00,
20017,40057,Case Closed,21-05-2025 17:00,
20018,40060,Case Closed,04-08-2024 10:00,
20019,40061,Case Closed,08-10-2024 08:00,
20020,40064,Case Closed,21-10-2024 17:00,
20021,40065,Case Closed,21-07-2026 16:00,
20022,40074,Case Closed,20-08-2024 10:00,
20023,40075,Case Closed,17-10-2024 08:00,
20024,40077,Case Closed,19-08-2024 07:00,
20025,40079,Case Closed,07-08-2024 09:00,
20026,40082,Case Closed,06-09-2024 08:00,
20027,40083,Case Closed,20-09-2024 19:00,
20028,40084,Case Closed,11-09-2024 00:00,
20029,40085,Case Closed,26-01-2025 05:00,
20030,40086,Case Closed,10-10-2024 08:00,
20031,40090,Case Closed,12-12-2024 14:00,
20032,40091,Case Closed,12-10-2024 12:00,
20033,40092,Case Closed,08-08-2024 21:00,
20034,40095,Case Closed,20-10-2024 14:00,
20035,40101,Case Closed,02-10-2024 14:00,
20036,40102,Case Closed,07-10-2024 05:00,
20037,40104,Case Closed,20-10-2024 16:00,
20038,40106,Case Closed,20-10-2024 00:00,
20039,40111,Case Closed,13-10-2024 03:00,
20040,40112,Case Closed,25-10-2024 12:00,
20041,40117,Case Closed,12-10-2024 01:00,
20042,40119,Case Closed,03-04-2025 03:00,
20043,40120,Case Closed,23-11-2024 00:00,
20044,40121,Case Closed,02-09-2024 02:00,
20045,40123,Case Closed,31-08-2024 16:00,
20046,40125,Case Closed,10-04-2025 11:00,
20047,40126,Case Closed,27-08-2024 02:00,
20048,40128,Case Closed,26-08-2024 23:00,
20049,40131,Case Closed,29-08-2024 00:00,
20050,40132,Case Closed,24-01-2025 08:00,
20051,40136,Case Closed,20-08-2024 05:00,
20052,40137,Case Closed,28-03-2025 09:00,
20053,40140,Case Closed,07-06-2025 08:00,
20054,40142,Case Closed,05-09-2024 04:00,
20055,40144,Case Closed,03-09-2024 04:00,
20056,40145,Case Closed,27-08-2024 22:00,
20057,40147,Case Closed,29-11-2024 09:00,
20058,40150,Case Closed,16-08-2024 19:00,
20059,40152,Case Closed,25-10-2024 00:00,
20060,40154,Case Closed,22-08-2024 17:00,
20061,40157,Case Closed,29-09-2024 14:00,
20062,40160,Case Closed,28-09-2024 17:00,
