Evidence_ID,FIR_ID,Evidence_Type,Description,Location
1,1,Weapon,Blunt Object,
2,2,Weapon,Poison,
3,3,Weapon,Blunt Object,
4,4,Weapon,Firearm,
5,5,Weapon,Other,
6,6,Weapon,Firearm,
7,7,Weapon,Knife,
8,8,Weapon,Knife,
9,9,Weapon,Blunt Object,
10,10,Weapon,Knife,
11,11,Weapon,Explosives,
12,12,Weapon,Poison,
13,13,Weapon,Poison,
14,16,Weapon,Explosives,
15,17,Weapon,Poison,
16,18,Weapon,Other,
17,20,Weapon,Blunt Object,
18,21,Weapon,Poison,
19,22,Weapon,Other,
20,23,Weapon,Blunt Object,
21,24,Weapon,Other,
22,25,Weapon,Other,
23,26,Weapon,Firearm,
24,27,Weapon,Blunt Object,
25,29,Weapon,Explosives,
26,31,Weapon,Explosives,
27,32,Weapon,Knife,
28,33,Weapon,Knife,
29,34,Weapon,Explosives,
30,35,Weapon,Other,
31,36,Weapon,Blunt Object,
32,37,Weapon,Blunt Object,
33,38,Weapon,Explosives,
34,40,Weapon,Explosives,
35,41,Weapon,Firearm,
36,42,Weapon,Blunt Object,
37,43,Weapon,Poison,
38,44,Weapon,Other,
39,45,Weapon,Blunt Object,
40,46,Weapon,Knife,
41,48,Weapon,Blunt Object,
42,49,Weapon,Firearm,
43,50,Weapon,Blunt Object,
44,51,Weapon,Other,
45,52,Weapon,Blunt Object,
46,53,Weapon,Poison,
47,54,Weapon,Explosives,
48,55,Weapon,Poison,
49,57,Weapon,Firearm,
50,59,Weapon,Blunt Object,
51,60,Weapon,Other,
52,61,Weapon,Poison,
53,62,Weapon,Explosives,
54,63,Weapon,Explosives,
55,64,Weapon,Blunt Object,
56,65,Weapon,Explosives,
57,66,Weapon,Other,
58,68,Weapon,Knife,
59,69,Weapon,Explosives,
60,70,Weapon,Firearm,
61,71,Weapon,Poison,
62,72,Weapon,Knife,
63,73,Weapon,Blunt Object,
64,74,Weapon,Firearm,
65,75,Weapon,Knife,
66,76,Weapon,Explosives,
67,77,Weapon,Explosives,
68,78,Weapon,Knife,
69,79,Weapon,Poison,
70,81,Weapon,Knife,
71,82,Weapon,Explosives,
72,83,Weapon,Firearm,
73,84,Weapon,Blunt Object,
74,85,Weapon,Firearm,
75,86,Weapon,Other,
76,87,Weapon,Firearm,
77,88,Weapon,Firearm,
78,89,Weapon,Knife,
79,90,Weapon,Blunt Object,
80,91,Weapon,Poison,
81,94,Weapon,Firearm,
82,95,Weapon,Firearm,
83,96,Weapon,Blunt Object,
84,97,Weapon,Explosives,
85,98,Weapon,Blunt Object,
86,99,Weapon,Explosives,
87,100,Weapon,Other,
88,101,Weapon,Knife,
89,102,Weapon,Explosives,
90,103,Weapon,Other,
91,104,Weapon,Poison,
92,105,Weapon,Blunt Object,
93,107,Weapon,Blunt Object,
94,108,Weapon,Poison,
95,109,Weapon,Blunt Object,
96,110,Weapon,Other,
97,111,Weapon,Explosives,
98,113,Weapon,Knife,
99,114,Weapon,Poison,
100,115,Weapon,Blunt Object,
101,116,Weapon,Knife,
102,117,Weapon,Poison,
103,118,Weapon,Explosives,
104,119,Weapon,Poison,
105,121,Weapon,Firearm,
106,122,Weapon,Other,
107,124,Weapon,Blunt Object,
108,125,Weapon,Knife,
109,128,Weapon,Knife,
110,129,Weapon,Explosives,
111,130,Weapon,Other,
112,131,Weapon,Poison,
113,132,Weapon,Knife,
114,134,Weapon,Knife,
115,135,Weapon,Other,
116,136,Weapon,Other,
117,137,Weapon,Explosives,
118,138,Weapon,Blunt Object,
119,139,Weapon,Other,
120,140,Weapon,Firearm,
121,141,Weapon,Other,
122,142,Weapon,Blunt Object,
123,144,Weapon,Firearm,
124,145,Weapon,Firearm,
125,146,Weapon,Knife,
126,147,Weapon,Other,
127,148,Weapon,Knife,
128,150,Weapon,Knife,
129,151,Weapon,Blunt Object,
130,153,Weapon,Knife,
131,154,Weapon,Other,
132,155,Weapon,Blunt Object,
133,156,Weapon,Blunt Object,
134,157,Weapon,Other,
135,158,Weapon,Firearm,
136,159,Weapon,Poison,
137,160,Weapon,Blunt Object,
138,161,Weapon,Knife,
139,163,Weapon,Knife,
140,164,Weapon,Firearm,
141,165,Weapon,Firearm,
142,166,Weapon,Firearm,
143,167,Weapon,Explosives,
144,168,Weapon,Firearm,
145,169,Weapon,Blunt Object,
146,170,Weapon,Knife,
147,172,Weapon,Poison,
148,173,Weapon,Blunt Object,
149,175,Weapon,Blunt Object,
150,177,Weapon,Firearm,
151,179,Weapon,Knife,
152,180,Weapon,Blunt Object,
153,181,Weapon,Poison,
154,182,Weapon,Poison,
155,183,Weapon,Firearm,
156,185,Weapon,Other,
157,186,Weapon,Other,
158,187,Weapon,Blunt Object,
159,189,Weapon,Knife,
160,190,Weapon,Explosives,
161,191,Weapon,Knife,
162,192,Weapon,Blunt Object,
163,195,Weapon,Poison,
164,196,Weapon,Other,
165,197,Weapon,Explosives,
166,198,Weapon,Explosives,
167,199,Weapon,Firearm,
168,200,Weapon,Blunt Object,
169,201,Weapon,Blunt Object,
170,202,Weapon,Explosives,
171,203,Weapon,Blunt Object,
172,204,Weapon,Firearm,
173,205,Weapon,Other,
174,207,Weapon,Blunt Object,
175,209,Weapon,Explosives,
176,210,Weapon,Knife,
177,211,Weapon,Explosives,
178,212,Weapon,Blunt Object,
179,213,Weapon,Firearm,
180,214,Weapon,Explosives,
181,215,Weapon,Explosives,
182,216,Weapon,Knife,
183,218,Weapon,Other,
184,219,Weapon,Other,
185,220,Weapon,Knife,
186,222,Weapon,Poison,
187,223,Weapon,Poison,
188,224,Weapon,Knife,
189,225,Weapon,Firearm,
190,226,Weapon,Explosives,
191,227,Weapon,Poison,
192,228,Weapon,Blunt Object,
193,229,Weapon,Other,
194,230,Weapon,Poison,
195,231,Weapon,Blunt Object,
196,233,Weapon,Other,
197,234,Weapon,Poison,
198,235,Weapon,Firearm,
199,236,Weapon,Poison,
200,237,Weapon,Other,
201,238,Weapon,Knife,
202,239,Weapon,Knife,
203,240,Weapon,Knife,
204,241,Weapon,Other,
205,242,Weapon,Blunt Object,
206,243,Weapon,Knife,
207,244,Weapon,Poison,
208,245,Weapon,Firearm,
209,246,Weapon,Knife,
210,247,Weapon,Blunt Object,
211,248,Weapon,Explosives,
212,249,Weapon,Explosives,
213,250,Weapon,Other,
214,251,Weapon,Other,
215,252,Weapon,Firearm,
216,253,Weapon,Other,
217,255,Weapon,Explosives,
218,256,Weapon,Explosives,
219,257,Weapon,Blunt Object,
220,258,Weapon,Other,
221,259,Weapon,Poison,
222,260,Weapon,Firearm,
223,262,Weapon,Blunt Object,
224,263,Weapon,Poison,
225,264,Weapon,Knife,
226,265,Weapon,Blunt Object,
227,266,Weapon,Explosives,
228,267,Weapon,Explosives,
229,268,Weapon,Knife,
230,269,Weapon,Other,
231,270,Weapon,Explosives,
232,271,Weapon,Blunt Object,
233,272,Weapon,Knife,
234,273,Weapon,Other,
235,275,Weapon,Blunt Object,
236,276,Weapon,Other,
237,277,Weapon,Poison,
238,278,Weapon,Knife,
239,279,Weapon,Knife,
240,280,Weapon,Blunt Object,
241,281,Weapon,Poison,
242,282,Weapon,Other,
243,283,Weapon,Blunt Object,
244,285,Weapon,Blunt Object,
245,286,Weapon,Other,
246,287,Weapon,Explosives,
247,288,Weapon,Firearm,
248,289,Weapon,Blunt Object,
249,290,Weapon,Other,
250,291,Weapon,Explosives,
251,292,Weapon,Poison,
252,293,Weapon,Poison,
253,294,Weapon,Blunt Object,
254,295,Weapon,Poison,
255,296,Weapon,Other,
256,297,Weapon,Explosives,
257,298,Weapon,Explosives,
258,299,Weapon,Other,
259,300,Weapon,Blunt Object,
260,303,Weapon,Blunt Object,
261,305,Weapon,Knife,
262,306,Weapon,Poison,
263,307,Weapon,Firearm,
264,308,Weapon,Other,
265,309,Weapon,Firearm,
266,310,Weapon,Poison,
267,312,Weapon,Firearm,
268,313,Weapon,Firearm,
269,314,Weapon,Firearm,
270,315,Weapon,Poison,
271,316,Weapon,Other,
272,317,Weapon,Knife,
273,319,Weapon,Other,
274,320,Weapon,Knife,
275,321,Weapon,Poison,
276,323,Weapon,Explosives,
277,324,Weapon,Knife,
278,325,Weapon,Explosives,
279,326,Weapon,Explosives,
280,327,Weapon,Poison,
281,328,Weapon,Firearm,
282,329,Weapon,Knife,
283,330,Weapon,Other,
284,331,Weapon,Poison,
285,332,Weapon,Knife,
286,333,Weapon,Explosives,
287,335,Weapon,Poison,
288,337,Weapon,Other,
289,338,Weapon,Other,
290,340,Weapon,Knife,
291,341,Weapon,Knife,
292,342,Weapon,Blunt Object,
293,343,Weapon,Firearm,
294,345,Weapon,Firearm,
295,346,Weapon,Firearm,
296,347,Weapon,Other,
297,348,Weapon,Knife,
298,350,Weapon,Poison,
299,351,Weapon,Firearm,
300,352,Weapon,Blunt Object,
301,353,Weapon,Explosives,
302,354,Weapon,Explosives,
303,355,Weapon,Other,
304,356,Weapon,Poison,
305,357,Weapon,Knife,
306,358,Weapon,Firearm,
307,359,Weapon,Other,
308,360,Weapon,Explosives,
309,361,Weapon,Knife,
310,362,Weapon,Poison,
311,363,Weapon,Firearm,
312,367,Weapon,Knife,
313,369,Weapon,Explosives,
314,370,Weapon,Poison,
315,371,Weapon,Knife,
316,372,Weapon,Knife,
317,373,Weapon,Blunt Object,
318,374,Weapon,Other,
319,375,Weapon,Other,
320,376,Weapon,Blunt Object,
321,377,Weapon,Blunt Object,
322,379,Weapon,Knife,
323,380,Weapon,Blunt Object,
324,381,Weapon,Blunt Object,
325,382,Weapon,Poison,
326,383,Weapon,Other,
327,384,Weapon,Explosives,
328,385,Weapon,Poison,
329,386,Weapon,Firearm,
330,387,Weapon,Poison,
331,388,Weapon,Poison,
332,389,Weapon,Other,
333,390,Weapon,Explosives,
334,391,Weapon,Firearm,
335,392,Weapon,Knife,
336,393,Weapon,Poison,
337,394,Weapon,Other,
338,395,Weapon,Other,
339,396,Weapon,Explosives,
340,397,Weapon,Explosives,
341,398,Weapon,Firearm,
342,399,Weapon,Explosives,
343,400,Weapon,Knife,
344,401,Weapon,Knife,
345,403,Weapon,Other,
346,404,Weapon,Explosives,
347,406,Weapon,Poison,
348,407,Weapon,Other,
349,408,Weapon,Poison,
350,409,Weapon,Explosives,
351,410,Weapon,Explosives,
352,411,Weapon,Poison,
353,412,Weapon,Knife,
354,413,Weapon,Other,
355,415,Weapon,Knife,
356,416,Weapon,Knife,
357,417,Weapon,Explosives,
358,418,Weapon,Knife,
359,419,Weapon,Knife,
360,422,Weapon,Other,
361,424,Weapon,Knife,
362,426,Weapon,Blunt Object,
363,427,Weapon,Explosives,
364,428,Weapon,Poison,
365,429,Weapon,Other,
366,430,Weapon,Blunt Object,
367,431,Weapon,Other,
368,432,Weapon,Firearm,
369,433,Weapon,Explosives,
370,434,Weapon,Poison,
371,435,Weapon,Poison,
372,436,Weapon,Knife,
373,438,Weapon,Other,
374,440,Weapon,Firearm,
375,441,Weapon,Blunt Object,
376,444,Weapon,Blunt Object,
377,447,Weapon,Other,
378,449,Weapon,Explosives,
379,451,Weapon,Poison,
380,452,Weapon,Firearm,
381,454,Weapon,Knife,
382,455,Weapon,Poison,
383,456,Weapon,Blunt Object,
384,457,Weapon,Knife,
385,458,Weapon,Poison,
386,459,Weapon,Poison,
387,460,Weapon,Blunt Object,
388,461,Weapon,Blunt Object,
389,462,Weapon,Blunt Object,
390,463,Weapon,Blunt Object,
391,464,Weapon,Explosives,
392,466,Weapon,Other,
393,467,Weapon,Knife,
394,468,Weapon,Blunt Object,
395,469,Weapon,Knife,
396,470,Weapon,Other,
397,472,Weapon,Firearm,
398,473,Weapon,Knife,
399,474,Weapon,Blunt Object,
400,475,Weapon,Blunt Object,
401,476,Weapon,Explosives,
402,477,Weapon,Other,
403,478,Weapon,Firearm,
404,479,Weapon,Other,
405,480,Weapon,Other,
406,482,Weapon,Poison,
407,483,Weapon,Explosives,
408,484,Weapon,Knife,
409,486,Weapon,Other,
410,487,Weapon,Firearm,
411,488,Weapon,Poison,
412,489,Weapon,Explosives,
413,491,Weapon,Other,
414,492,Weapon,Blunt Object,
415,493,Weapon,Other,
416,494,Weapon,Firearm,
417,495,Weapon,Firearm,
418,496,Weapon,Explosives,
419,497,Weapon,Firearm,
420,498,Weapon,Poison,
421,499,Weapon,Explosives,
422,500,Weapon,Knife,
423,502,Weapon,Blunt Object,
424,503,Weapon,Blunt Object,
425,504,Weapon,Blunt Object,
426,505,Weapon,Other,
427,506,Weapon,Explosives,
428,507,Weapon,Blunt Object,
429,508,Weapon,Poison,
430,509,Weapon,Other,
431,510,Weapon,Firearm,
432,511,Weapon,Explosives,
433,512,Weapon,Poison,
434,514,Weapon,Other,
435,515,Weapon,Other,
436,516,Weapon,Explosives,
437,517,Weapon,Blunt Object,
438,519,Weapon,Blunt Object,
439,520,Weapon,Blunt Object,
440,521,Weapon,Firearm,
441,523,Weapon,Firearm,
442,524,Weapon,Other,
443,525,Weapon,Knife,
444,526,Weapon,Explosives,
445,527,Weapon,Blunt Object,
446,528,Weapon,Poison,
447,529,Weapon,Other,
448,530,Weapon,Poison,
449,531,Weapon,Explosives,
450,532,Weapon,Other,
451,533,Weapon,Knife,
452,534,Weapon,Other,
453,535,Weapon,Poison,
454,536,Weapon,Knife,
455,537,Weapon,Poison,
456,538,Weapon,Blunt Object,
457,539,Weapon,Other,
458,540,Weapon,Other,
459,541,Weapon,Firearm,
460,542,Weapon,Blunt Object,
461,543,Weapon,Firearm,
462,544,Weapon,Other,
463,545,Weapon,Firearm,
464,546,Weapon,Other,
465,547,Weapon,Blunt Object,
466,548,Weapon,Knife,
467,549,Weapon,Poison,
468,550,Weapon,Firearm,
469,551,Weapon,Knife,
470,552,Weapon,Explosives,
471,553,Weapon,Knife,
472,554,Weapon,Knife,
473,555,Weapon,Explosives,
474,556,Weapon,Knife,
475,558,Weapon,Firearm,
476,559,Weapon,Knife,
477,560,Weapon,Other,
478,561,Weapon,Explosives,
479,562,Weapon,Poison,
480,563,Weapon,Knife,
481,564,Weapon,Knife,
482,565,Weapon,Other,
483,566,Weapon,Other,
484,568,Weapon,Firearm,
485,569,Weapon,Other,
486,570,Weapon,Knife,
487,571,Weapon,Knife,
488,573,Weapon,Explosives,
489,576,Weapon,Firearm,
490,577,Weapon,Other,
491,578,Weapon,Firearm,
492,580,Weapon,Knife,
493,581,Weapon,Firearm,
494,582,Weapon,Poison,
495,583,Weapon,Other,
496,584,Weapon,Poison,
497,585,Weapon,Knife,
498,586,Weapon,Poison,
499,587,Weapon,Firearm,
500,589,Weapon,Knife,
501,590,Weapon,Knife,
502,591,Weapon,Blunt Object,
503,592,Weapon,Poison,
504,593,Weapon,Other,
505,594,Weapon,Blunt Object,
506,595,Weapon,Explosives,
507,596,Weapon,Poison,
508,597,Weapon,Explosives,
509,598,Weapon,Other,
510,599,Weapon,Explosives,
511,600,Weapon,Poison,
512,601,Weapon,Firearm,
513,602,Weapon,Firearm,
514,603,Weapon,Knife,
515,605,Weapon,Knife,
516,606,Weapon,Explosives,
517,607,Weapon,Poison,
518,608,Weapon,Poison,
519,609,Weapon,Explosives,
520,610,Weapon,Knife,
521,611,Weapon,Firearm,
522,612,Weapon,Other,
523,614,Weapon,Other,
524,615,Weapon,Poison,
525,616,Weapon,Explosives,
526,617,Weapon,Other,
527,618,Weapon,Poison,
528,619,Weapon,Other,
529,620,Weapon,Firearm,
530,621,Weapon,Explosives,
531,622,Weapon,Firearm,
532,623,Weapon,Blunt Object,
533,624,Weapon,Blunt Object,
534,625,Weapon,Firearm,
535,628,Weapon,Poison,
536,629,Weapon,Firearm,
537,632,Weapon,Poison,
538,633,Weapon,Knife,
539,635,Weapon,Knife,
540,636,Weapon,Blunt Object,
541,638,Weapon,Poison,
542,639,Weapon,Explosives,
543,640,Weapon,Knife,
544,641,Weapon,Knife,
545,642,Weapon,Knife,
546,643,Weapon,Blunt Object,
547,644,Weapon,Poison,
548,645,Weapon,Other,
549,646,Weapon,Knife,
550,647,Weapon,Other,
551,648,Weapon,Poison,
552,649,Weapon,Other,
553,650,Weapon,Poison,
554,651,Weapon,Knife,
555,652,Weapon,Poison,
556,653,Weapon,Explosives,
557,654,Weapon,Other,
558,655,Weapon,Knife,
559,656,Weapon,Explosives,
560,657,Weapon,Poison,
561,658,Weapon,Other,
562,659,Weapon,Other,
563,660,Weapon,Explosives,
564,661,Weapon,Firearm,
565,662,Weapon,Blunt Object,
566,663,Weapon,Poison,
567,664,Weapon,Explosives,
568,665,Weapon,Other,
569,666,Weapon,Poison,
570,667,Weapon,Knife,
571,668,Weapon,Explosives,
572,669,Weapon,Explosives,
573,671,Weapon,Other,
574,672,Weapon,Poison,
575,674,Weapon,Other,
576,675,Weapon,Firearm,
577,676,Weapon,Blunt Object,
578,677,Weapon,Other,
579,678,Weapon,Poison,
580,679,Weapon,Explosives,
581,680,Weapon,Poison,
582,681,Weapon,Other,
583,682,Weapon,Explosives,
584,683,Weapon,Knife,
585,684,Weapon,Knife,
586,686,Weapon,Explosives,
587,687,Weapon,Poison,
588,688,Weapon,Poison,
589,689,Weapon,Knife,
590,690,Weapon,Firearm,
591,691,Weapon,Blunt Object,
592,692,Weapon,Poison,
593,693,Weapon,Firearm,
594,694,Weapon,Blunt Object,
595,695,Weapon,Knife,
596,696,Weapon,Other,
597,697,Weapon,Poison,
598,698,Weapon,Explosives,
599,699,Weapon,Poison,
600,700,Weapon,Knife,
601,701,Weapon,Firearm,
602,702,Weapon,Explosives,
603,703,Weapon,Knife,
604,704,Weapon,Knife,
605,705,Weapon,Poison,
606,706,Weapon,Knife,
607,707,Weapon,Other,
608,708,Weapon,Explosives,
609,709,Weapon,Other,
610,711,Weapon,Blunt Object,
611,712,Weapon,Other,
612,713,Weapon,Blunt Object,
613,714,Weapon,Other,
614,715,Weapon,Firearm,
615,716,Weapon,Firearm,
616,717,Weapon,Knife,
617,718,Weapon,Firearm,
618,721,Weapon,Blunt Object,
619,722,Weapon,Knife,
620,723,Weapon,Other,
621,724,Weapon,Other,
622,725,Weapon,Blunt Object,
623,726,Weapon,Knife,
624,727,Weapon,Knife,
625,728,Weapon,Other,
626,729,Weapon,Firearm,
627,730,Weapon,Poison,
628,731,Weapon,Explosives,
629,732,Weapon,Blunt Object,
630,733,Weapon,Firearm,
631,734,Weapon,Poison,
632,735,Weapon,Knife,
633,736,Weapon,Poison,
634,737,Weapon,Explosives,
635,739,Weapon,Knife,
636,740,Weapon,Firearm,
637,741,Weapon,Poison,
638,742,Weapon,Poison,
639,743,Weapon,Other,
640,744,Weapon,Blunt Object,
641,745,Weapon,Knife,
642,746,Weapon,Other,
643,747,Weapon,Other,
644,748,Weapon,Blunt Object,
645,749,Weapon,Firearm,
646,750,Weapon,Blunt Object,
647,751,Weapon,Knife,
648,752,Weapon,Explosives,
649,753,Weapon,Other,
650,754,Weapon,Poison,
651,757,Weapon,Other,
652,758,Weapon,Firearm,
653,759,Weapon,Explosives,
654,760,Weapon,Firearm,
655,761,Weapon,Blunt Object,
656,763,Weapon,Other,
657,765,Weapon,Blunt Object,
658,766,Weapon,Other,
659,767,Weapon,Knife,
660,768,Weapon,Poison,
661,769,Weapon,Poison,
662,770,Weapon,Knife,
663,771,Weapon,Other,
664,772,Weapon,Knife,
665,773,Weapon,Firearm,
666,774,Weapon,Blunt Object,
667,775,Weapon,Explosives,
668,777,Weapon,Explosives,
669,778,Weapon,Firearm,
670,779,Weapon,Explosives,
671,780,Weapon,Explosives,
672,781,Weapon,Knife,
673,782,Weapon,Blunt Object,
674,783,Weapon,Knife,
675,786,Weapon,Blunt Object,
676,787,Weapon,Other,
677,788,Weapon,Knife,
678,789,Weapon,Blunt Object,
679,790,Weapon,Poison,
680,791,Weapon,Firearm,
681,792,Weapon,Poison,
682,793,Weapon,Blunt Object,
683,794,Weapon,Other,
684,796,Weapon,Explosives,
685,798,Weapon,Poison,
686,799,Weapon,Knife,
687,800,Weapon,Blunt Object,
688,801,Weapon,Knife,
689,802,Weapon,Blunt Object,
690,804,Weapon,Other,
691,805,Weapon,Explosives,
692,806,Weapon,Other,
693,807,Weapon,Other,
694,808,Weapon,Blunt Object,
695,809,Weapon,Other,
696,810,Weapon,Explosives,
697,811,Weapon,Blunt Object,
698,813,Weapon,Poison,
699,814,Weapon,Explosives,
700,816,Weapon,Explosives,
701,817,Weapon,Other,
702,818,Weapon,Knife,
703,821,Weapon,Blunt Object,
704,822,Weapon,Blunt Object,
705,823,Weapon,Other,
706,824,Weapon,Other,
707,825,Weapon,Other,
708,826,Weapon,Knife,
709,827,Weapon,Blunt Object,
710,828,Weapon,Explosives,
711,829,Weapon,Explosives,
712,831,Weapon,Firearm,
713,832,Weapon,Other,
714,833,Weapon,Knife,
715,834,Weapon,Poison,
716,835,Weapon,Knife,
717,836,Weapon,Knife,
718,837,Weapon,Other,
719,838,Weapon,Knife,
720,839,Weapon,Other,
721,840,Weapon,Firearm,
722,841,Weapon,Explosives,
723,842,Weapon,Poison,
724,843,Weapon,Firearm,
725,844,Weapon,Firearm,
726,845,Weapon,Poison,
727,847,Weapon,Firearm,
728,849,Weapon,Poison,
729,850,Weapon,Knife,
730,851,Weapon,Knife,
731,853,Weapon,Explosives,
732,854,Weapon,Explosives,
733,855,Weapon,Poison,
734,856,Weapon,Other,
735,857,Weapon,Blunt Object,
736,858,Weapon,Firearm,
737,860,Weapon,Knife,
738,861,Weapon,Knife,
739,862,Weapon,Poison,
740,864,Weapon,Blunt Object,
741,865,Weapon,Firearm,
742,867,Weapon,Blunt Object,
743,868,Weapon,Knife,
744,869,Weapon,Knife,
745,870,Weapon,Blunt Object,
746,871,Weapon,Firearm,
747,872,Weapon,Other,
748,874,Weapon,Poison,
749,875,Weapon,Other,
750,876,Weapon,Knife,
751,877,Weapon,Explosives,
752,878,Weapon,Other,
753,879,Weapon,Poison,
754,880,Weapon,Poison,
755,881,Weapon,Poison,
756,882,Weapon,Explosives,
757,883,Weapon,Knife,
758,884,Weapon,Other,
759,885,Weapon,Knife,
760,886,Weapon,Blunt Object,
761,887,Weapon,Firearm,
762,888,Weapon,Poison,
763,889,Weapon,Explosives,
764,890,Weapon,Firearm,
765,891,Weapon,Blunt Object,
766,892,Weapon,Knife,
767,893,Weapon,Poison,
768,894,Weapon,Blunt Object,
769,895,Weapon,Poison,
770,896,Weapon,Explosives,
771,897,Weapon,Blunt Object,
772,898,Weapon,Blunt Object,
773,899,Weapon,Firearm,
774,900,Weapon,Knife,
775,901,Weapon,Firearm,
776,902,Weapon,Firearm,
777,903,Weapon,Knife,
778,904,Weapon,Other,
779,905,Weapon,Blunt Object,
780,906,Weapon,Firearm,
781,907,Weapon,Other,
782,908,Weapon,Explosives,
783,910,Weapon,Explosives,
784,911,Weapon,Knife,
785,912,Weapon,Knife,
786,913,Weapon,Blunt Object,
787,914,Weapon,Firearm,
788,915,Weapon,Blunt Object,
789,916,Weapon,Knife,
790,918,Weapon,Other,
791,919,Weapon,Firearm,
792,920,Weapon,Poison,
793,922,Weapon,Other,
794,923,Weapon,Other,
795,924,Weapon,Firearm,
796,925,Weapon,Explosives,
797,927,Weapon,Knife,
798,929,Weapon,Poison,
799,930,Weapon,Firearm,
800,931,Weapon,Poison,
801,932,Weapon,Firearm,
802,933,Weapon,Knife,
803,934,Weapon,Blunt Object,
804,935,Weapon,Other,
805,936,Weapon,Firearm,
806,937,Weapon,Poison,
807,939,Weapon,Knife,
808,940,Weapon,Knife,
809,941,Weapon,Blunt Object,
810,942,Weapon,Poison,
811,943,Weapon,Poison,
812,944,Weapon,Explosives,
813,945,Weapon,Poison,
814,946,Weapon,Knife,
815,947,Weapon,Poison,
816,948,Weapon,Knife,
817,949,Weapon,Blunt Object,
818,950,Weapon,Poison,
819,951,Weapon,Blunt Object,
820,952,Weapon,Blunt Object,
821,953,Weapon,Poison,
822,954,Weapon,Knife,
823,955,Weapon,Other,
824,956,Weapon,Explosives,
825,957,Weapon,Poison,
826,958,Weapon,Firearm,
827,960,Weapon,Blunt Object,
828,961,Weapon,Firearm,
829,963,Weapon,Blunt Object,
830,964,Weapon,Firearm,
831,965,Weapon,Poison,
832,966,Weapon,Explosives,
833,967,Weapon,Explosives,
834,968,Weapon,Other,
835,970,Weapon,Poison,
836,973,Weapon,Blunt Object,
837,974,Weapon,Explosives,
838,975,Weapon,Other,
839,976,Weapon,Poison,
840,977,Weapon,Other,
841,978,Weapon,Explosives,
842,979,Weapon,Poison,
843,980,Weapon,Knife,
844,981,Weapon,Explosives,
845,982,Weapon,Knife,
846,983,Weapon,Poison,
847,984,Weapon,Other,
848,985,Weapon,Other,
849,986,Weapon,Firearm,
850,987,Weapon,Poison,
851,989,Weapon,Blunt Object,
852,990,Weapon,Blunt Object,
853,991,Weapon,Poison,
854,992,Weapon,Other,
855,993,Weapon,Poison,
856,994,Weapon,Knife,
857,995,Weapon,Blunt Object,
858,996,Weapon,Other,
859,997,Weapon,Firearm,
860,999,Weapon,Poison,
861,1000,Weapon,Explosives,
862,1001,Weapon,Knife,
863,1003,Weapon,Blunt Object,
864,1004,Weapon,Poison,
865,1006,Weapon,Explosives,
866,1007,Weapon,Poison,
867,1008,Weapon,Poison,
868,1009,Weapon,Explosives,
869,1011,Weapon,Firearm,
870,1012,Weapon,Poison,
871,1014,Weapon,Firearm,
872,1015,Weapon,Firearm,
873,1016,Weapon,Blunt Object,
874,1017,Weapon,Firearm,
875,1018,Weapon,Other,
876,1019,Weapon,Other,
877,1020,Weapon,Blunt Object,
878,1021,Weapon,Blunt Object,
879,1022,Weapon,Explosives,
880,1023,Weapon,Firearm,
881,1024,Weapon,Poison,
882,1025,Weapon,Blunt Object,
883,1027,Weapon,Blunt Object,
884,1028,Weapon,Explosives,
885,1029,Weapon,Knife,
886,1030,Weapon,Knife,
887,1031,Weapon,Other,
888,1032,Weapon,Firearm,
889,1035,Weapon,Explosives,
890,1036,Weapon,Knife,
891,1037,Weapon,Blunt Object,
892,1038,Weapon,Other,
893,1039,Weapon,Other,
894,1043,Weapon,Knife,
895,1045,Weapon,Knife,
896,1046,Weapon,Poison,
897,1047,Weapon,Other,
898,1049,Weapon,Firearm,
899,1051,Weapon,Explosives,
900,1052,Weapon,Poison,
901,1054,Weapon,Blunt Object,
902,1055,Weapon,Knife,
903,1056,Weapon,Blunt Object,
904,1057,Weapon,Knife,
905,1058,Weapon,Explosives,
906,1059,Weapon,Other,
907,1060,Weapon,Explosives,
908,1062,Weapon,Explosives,
909,1063,Weapon,Explosives,
910,1064,Weapon,Blunt Object,
911,1065,Weapon,Explosives,
912,1066,Weapon,Blunt Object,
913,1067,Weapon,Knife,
914,1068,Weapon,Explosives,
915,1069,Weapon,Firearm,
916,1070,Weapon,Explosives,
917,1071,Weapon,Other,
918,1072,Weapon,Poison,
919,1073,Weapon,Explosives,
920,1074,Weapon,Firearm,
921,1075,Weapon,Other,
922,1077,Weapon,Explosives,
923,1078,Weapon,Explosives,
924,1079,Weapon,Other,
925,1080,Weapon,Knife,
926,1082,Weapon,Explosives,
927,1083,Weapon,Firearm,
928,1084,Weapon,Blunt Object,
929,1085,Weapon,Explosives,
930,1086,Weapon,Knife,
931,1087,Weapon,Firearm,
932,1088,Weapon,Firearm,
933,1089,Weapon,Firearm,
934,1090,Weapon,Knife,
935,1092,Weapon,Poison,
936,1093,Weapon,Explosives,
937,1094,Weapon,Knife,
938,1096,Weapon,Blunt Object,
939,1097,Weapon,Explosives,
940,1098,Weapon,Knife,
941,1100,Weapon,Blunt Object,
942,1101,Weapon,Knife,
943,1102,Weapon,Knife,
944,1103,Weapon,Firearm,
945,1104,Weapon,Explosives,
946,1106,Weapon,Blunt Object,
947,1107,Weapon,Blunt Object,
948,1108,Weapon,Other,
949,1109,Weapon,Other,
950,1110,Weapon,Blunt Object,
951,1111,Weapon,Explosives,
952,1113,Weapon,Explosives,
953,1115,Weapon,Other,
954,1116,Weapon,Firearm,
955,1118,Weapon,Blunt Object,
956,1119,Weapon,Other,
957,1120,Weapon,Poison,
958,1121,Weapon,Blunt Object,
959,1122,Weapon,Knife,
960,1123,Weapon,Explosives,
961,1124,Weapon,Poison,
962,1126,Weapon,Blunt Object,
963,1127,Weapon,Other,
964,1129,Weapon,Firearm,
965,1130,Weapon,Poison,
966,1132,Weapon,Blunt Object,
967,1133,Weapon,Poison,
968,1134,Weapon,Explosives,
969,1135,Weapon,Firearm,
970,1136,Weapon,Poison,
971,1137,Weapon,Knife,
972,1138,Weapon,Knife,
973,1139,Weapon,Blunt Object,
974,1140,Weapon,Other,
975,1141,Weapon,Blunt Object,
976,1142,Weapon,Explosives,
977,1143,Weapon,Explosives,
978,1144,Weapon,Other,
979,1145,Weapon,Explosives,
980,1146,Weapon,Other,
981,1147,Weapon,Other,
982,1149,Weapon,Knife,
983,1151,Weapon,Poison,
984,1152,Weapon,Poison,
985,1156,Weapon,Poison,
986,1157,Weapon,Knife,
987,1159,Weapon,Explosives,
988,1160,Weapon,Poison,
989,1161,Weapon,Explosives,
990,1163,Weapon,Firearm,
991,1164,Weapon,Blunt Object,
992,1165,Weapon,Poison,
993,1166,Weapon,Blunt Object,
994,1167,Weapon,Knife,
995,1168,Weapon,Poison,
996,1169,Weapon,Explosives,
997,1170,Weapon,Explosives,
998,1171,Weapon,Other,
999,1172,Weapon,Knife,
1000,1173,Weapon,Other,
1001,1174,Weapon,Explosives,
1002,1175,Weapon,Explosives,
1003,1176,Weapon,Blunt Object,
1004,1179,Weapon,Poison,
1005,1181,Weapon,Firearm,
1006,1183,Weapon,Knife,
1007,1184,Weapon,Knife,
1008,1185,Weapon,Other,
1009,1186,Weapon,Other,
1010,1187,Weapon,Blunt Object,
1011,1188,Weapon,Blunt Object,
1012,1189,Weapon,Explosives,
1013,1190,Weapon,Poison,
1014,1191,Weapon,Other,
1015,1192,Weapon,Poison,
1016,1193,Weapon,Knife,
1017,1194,Weapon,Poison,
1018,1196,Weapon,Other,
1019,1197,Weapon,Blunt Object,
1020,1198,Weapon,Knife,
1021,1199,Weapon,Blunt Object,
1022,1200,Weapon,Poison,
1023,1201,Weapon,Poison,
1024,1202,Weapon,Explosives,
1025,1203,Weapon,Knife,
1026,1204,Weapon,Poison,
1027,1205,Weapon,Knife,
1028,1206,Weapon,Explosives,
1029,1207,Weapon,Other,
1030,1208,Weapon,Knife,
1031,1210,Weapon,Knife,
1032,1211,Weapon,Knife,
1033,1212,Weapon,Blunt Object,
1034,1213,Weapon,Other,
1035,1214,Weapon,Firearm,
1036,1215,Weapon,Other,
1037,1216,Weapon,Other,
1038,1217,Weapon,Explosives,
1039,1218,Weapon,Poison,
1040,1219,Weapon,Blunt Object,
1041,1220,Weapon,Explosives,
1042,1221,Weapon,Firearm,
1043,1223,Weapon,Knife,
1044,1225,Weapon,Firearm,
1045,1226,Weapon,Knife,
1046,1227,Weapon,Other,
1047,1228,Weapon,Other,
1048,1229,Weapon,Blunt Object,
1049,1231,Weapon,Blunt Object,
1050,1233,Weapon,Other,
1051,1234,Weapon,Knife,
1052,1235,Weapon,Other,
1053,1236,Weapon,Knife,
1054,1237,Weapon,Knife,
1055,1238,Weapon,Blunt Object,
1056,1240,Weapon,Knife,
1057,1241,Weapon,Other,
1058,1242,Weapon,Blunt Object,
1059,1243,Weapon,Other,
1060,1244,Weapon,Knife,
1061,1245,Weapon,Blunt Object,
1062,1246,Weapon,Poison,
1063,1247,Weapon,Poison,
1064,1248,Weapon,Firearm,
1065,1249,Weapon,Explosives,
1066,1251,Weapon,Firearm,
1067,1253,Weapon,Poison,
1068,1255,Weapon,Firearm,
1069,1257,Weapon,Other,
1070,1259,Weapon,Firearm,
1071,1260,Weapon,Firearm,
1072,1261,Weapon,Blunt Object,
1073,1262,Weapon,Firearm,
1074,1263,Weapon,Blunt Object,
1075,1264,Weapon,Blunt Object,
1076,1265,Weapon,Explosives,
1077,1266,Weapon,Poison,
1078,1267,Weapon,Other,
1079,1269,Weapon,Firearm,
1080,1270,Weapon,Firearm,
1081,1272,Weapon,Blunt Object,
1082,1273,Weapon,Explosives,
1083,1274,Weapon,Poison,
1084,1276,Weapon,Other,
1085,1279,Weapon,Other,
1086,1280,Weapon,Blunt Object,
1087,1282,Weapon,Other,
1088,1283,Weapon,Poison,
1089,1284,Weapon,Poison,
1090,1285,Weapon,Poison,
1091,1287,Weapon,Firearm,
1092,1288,Weapon,Firearm,
1093,1289,Weapon,Firearm,
1094,1290,Weapon,Knife,
1095,1291,Weapon,Firearm,
1096,1293,Weapon,Blunt Object,
1097,1294,Weapon,Knife,
1098,1295,Weapon,Poison,
1099,1297,Weapon,Blunt Object,
1100,1298,Weapon,Knife,
1101,1299,Weapon,Firearm,
1102,1301,Weapon,Explosives,
1103,1302,Weapon,Blunt Object,
1104,1303,Weapon,Other,
1105,1304,Weapon,Knife,
1106,1305,Weapon,Blunt Object,
1107,1307,Weapon,Firearm,
1108,1309,Weapon,Knife,
1109,1310,Weapon,Poison,
1110,1311,Weapon,Other,
1111,1312,Weapon,Blunt Object,
1112,1313,Weapon,Firearm,
1113,1314,Weapon,Knife,
1114,1315,Weapon,Other,
1115,1316,Weapon,Firearm,
1116,1317,Weapon,Knife,
1117,1318,Weapon,Other,
1118,1319,Weapon,Explosives,
1119,1320,Weapon,Poison,
1120,1321,Weapon,Explosives,
1121,1322,Weapon,Blunt Object,
1122,1323,Weapon,Blunt Object,
1123,1325,Weapon,Firearm,
1124,1326,Weapon,Other,
1125,1327,Weapon,Firearm,
1126,1328,Weapon,Blunt Object,
1127,1329,Weapon,Knife,
1128,1330,Weapon,Explosives,
1129,1331,Weapon,Poison,
1130,1332,Weapon,Poison,
1131,1333,Weapon,Knife,
1132,1334,Weapon,Blunt Object,
1133,1335,Weapon,Blunt Object,
1134,1336,Weapon,Blunt Object,
1135,1337,Weapon,Explosives,
1136,1338,Weapon,Knife,
1137,1339,Weapon,Firearm,
1138,1340,Weapon,Firearm,
1139,1341,Weapon,Poison,
1140,1342,Weapon,Other,
1141,1343,Weapon,Other,
1142,1344,Weapon,Blunt Object,
1143,1345,Weapon,Other,
1144,1346,Weapon,Other,
1145,1347,Weapon,Explosives,
1146,1349,Weapon,Knife,
1147,1350,Weapon,Poison,
1148,1351,Weapon,Firearm,
1149,1352,Weapon,Other,
1150,1353,Weapon,Other,
1151,1354,Weapon,Firearm,
1152,1355,Weapon,Poison,
1153,1356,Weapon,Blunt Object,
1154,1357,Weapon,Other,
1155,1358,Weapon,Poison,
1156,1359,Weapon,Firearm,
1157,1360,Weapon,Firearm,
1158,1362,Weapon,Poison,
1159,1363,Weapon,Other,
1160,1364,Weapon,Poison,
1161,1365,Weapon,Poison,
1162,1366,Weapon,Poison,
1163,1367,Weapon,Firearm,
1164,1368,Weapon,Other,
1165,1369,Weapon,Knife,
1166,1370,Weapon,Firearm,
1167,1372,Weapon,Blunt Object,
1168,1373,Weapon,Poison,
1169,1374,Weapon,Explosives,
1170,1375,Weapon,Firearm,
1171,1376,Weapon,Other,
1172,1377,Weapon,Explosives,
1173,1379,Weapon,Poison,
1174,1380,Weapon,Firearm,
1175,1381,Weapon,Blunt Object,
1176,1383,Weapon,Explosives,
1177,1384,Weapon,Explosives,
1178,1385,Weapon,Poison,
1179,1386,Weapon,Poison,
1180,1387,Weapon,Poison,
1181,1388,Weapon,Knife,
1182,1389,Weapon,Blunt Object,
1183,1391,Weapon,Explosives,
1184,1392,Weapon,Poison,
1185,1393,Weapon,Explosives,
1186,1394,Weapon,Firearm,
1187,1395,Weapon,Blunt Object,
1188,1396,Weapon,Knife,
1189,1397,Weapon,Poison,
1190,1398,Weapon,Knife,
1191,1400,Weapon,Other,
1192,1401,Weapon,Explosives,
1193,1402,Weapon,Knife,
1194,1403,Weapon,Other,
1195,1404,Weapon,Other,
1196,1406,Weapon,Other,
1197,1407,Weapon,Poison,
1198,1408,Weapon,Firearm,
1199,1409,Weapon,Explosives,
1200,1411,Weapon,Other,
1201,1412,Weapon,Other,
1202,1414,Weapon,Other,
1203,1415,Weapon,Knife,
1204,1416,Weapon,Other,
1205,1417,Weapon,Poison,
1206,1418,Weapon,Other,
1207,1419,Weapon,Knife,
1208,1420,Weapon,Explosives,
1209,1422,Weapon,Firearm,
1210,1423,Weapon,Explosives,
1211,1424,Weapon,Knife,
1212,1425,Weapon,Other,
1213,1426,Weapon,Other,
1214,1427,Weapon,Other,
1215,1428,Weapon,Other,
1216,1429,Weapon,Explosives,
1217,1430,Weapon,Explosives,
1218,1431,Weapon,Other,
1219,1432,Weapon,Poison,
1220,1434,Weapon,Explosives,
1221,1435,Weapon,Poison,
1222,1436,Weapon,Explosives,
1223,1437,Weapon,Other,
1224,1438,Weapon,Poison,
1225,1439,Weapon,Firearm,
1226,1440,Weapon,Other,
1227,1441,Weapon,Blunt Object,
1228,1442,Weapon,Poison,
1229,1443,Weapon,Other,
1230,1444,Weapon,Other,
1231,1445,Weapon,Other,
1232,1448,Weapon,Blunt Object,
1233,1449,Weapon,Knife,
1234,1450,Weapon,Firearm,
1235,1451,Weapon,Knife,
1236,1453,Weapon,Explosives,
1237,1454,Weapon,Blunt Object,
1238,1455,Weapon,Poison,
1239,1456,Weapon,Knife,
1240,1457,Weapon,Poison,
1241,1458,Weapon,Poison,
1242,1461,Weapon,Explosives,
1243,1464,Weapon,Firearm,
1244,1465,Weapon,Knife,
1245,1467,Weapon,Firearm,
1246,1468,Weapon,Blunt Object,
1247,1469,Weapon,Poison,
1248,1470,Weapon,Firearm,
1249,1471,Weapon,Knife,
1250,1473,Weapon,Blunt Object,
1251,1474,Weapon,Poison,
1252,1476,Weapon,Knife,
1253,1477,Weapon,Firearm,
1254,1478,Weapon,Blunt Object,
1255,1480,Weapon,Explosives,
1256,1481,Weapon,Poison,
1257,1482,Weapon,Blunt Object,
1258,1483,Weapon,Firearm,
1259,1484,Weapon,Firearm,
1260,1485,Weapon,Firearm,
1261,1486,Weapon,Knife,
1262,1487,Weapon,Blunt Object,
1263,1488,Weapon,Other,
1264,1489,Weapon,Knife,
1265,1490,Weapon,Firearm,
1266,1491,Weapon,Explosives,
1267,1492,Weapon,Knife,
1268,1493,Weapon,Poison,
1269,1494,Weapon,Other,
1270,1495,Weapon,Firearm,
1271,1497,Weapon,Firearm,
1272,1498,Weapon,Firearm,
1273,1499,Weapon,Other,
1274,1500,Weapon,Blunt Object,
1275,1501,Weapon,Poison,
1276,1502,Weapon,Explosives,
1277,1503,Weapon,Poison,
1278,1504,Weapon,Blunt Object,
1279,1505,Weapon,Blunt Object,
1280,1507,Weapon,Knife,
1281,1508,Weapon,Firearm,
1282,1509,Weapon,Explosives,
1283,1510,Weapon,Knife,
1284,1512,Weapon,Firearm,
1285,1514,Weapon,Poison,
1286,1515,Weapon,Poison,
1287,1516,Weapon,Firearm,
1288,1517,Weapon,Explosives,
1289,1518,Weapon,Knife,
1290,1520,Weapon,Firearm,
1291,1521,Weapon,Other,
1292,1522,Weapon,Explosives,
1293,1523,Weapon,Poison,
1294,1524,Weapon,Poison,
1295,1525,Weapon,Firearm,
1296,1526,Weapon,Poison,
1297,1527,Weapon,Knife,
1298,1528,Weapon,Explosives,
1299,1529,Weapon,Blunt Object,
1300,1530,Weapon,Firearm,
1301,1531,Weapon,Explosives,
1302,1532,Weapon,Knife,
1303,1533,Weapon,Explosives,
1304,1534,Weapon,Blunt Object,
1305,1535,Weapon,Explosives,
1306,1536,Weapon,Knife,
1307,1537,Weapon,Other,
1308,1538,Weapon,Explosives,
1309,1539,Weapon,Firearm,
1310,1541,Weapon,Knife,
1311,1543,Weapon,Firearm,
1312,1544,Weapon,Other,
1313,1545,Weapon,Firearm,
1314,1546,Weapon,Blunt Object,
1315,1547,Weapon,Explosives,
1316,1548,Weapon,Poison,
1317,1549,Weapon,Poison,
1318,1550,Weapon,Poison,
1319,1551,Weapon,Explosives,
1320,1552,Weapon,Firearm,
1321,1553,Weapon,Explosives,
1322,1555,Weapon,Knife,
1323,1556,Weapon,Explosives,
1324,1557,Weapon,Knife,
1325,1558,Weapon,Knife,
1326,1559,Weapon,Knife,
1327,1560,Weapon,Poison,
1328,1561,Weapon,Blunt Object,
1329,1562,Weapon,Firearm,
1330,1563,Weapon,Other,
1331,1564,Weapon,Blunt Object,
1332,1565,Weapon,Firearm,
1333,1566,Weapon,Other,
1334,1567,Weapon,Firearm,
1335,1568,Weapon,Other,
1336,1569,Weapon,Blunt Object,
1337,1570,Weapon,Firearm,
1338,1571,Weapon,Explosives,
1339,1572,Weapon,Other,
1340,1573,Weapon,Knife,
1341,1574,Weapon,Explosives,
1342,1575,Weapon,Firearm,
1343,1576,Weapon,Knife,
1344,1577,Weapon,Explosives,
1345,1578,Weapon,Explosives,
1346,1579,Weapon,Explosives,
1347,1580,Weapon,Poison,
1348,1582,Weapon,Blunt Object,
1349,1583,Weapon,Blunt Object,
1350,1584,Weapon,Poison,
1351,1585,Weapon,Explosives,
1352,1587,Weapon,Other,
1353,1588,Weapon,Other,
1354,1589,Weapon,Firearm,
1355,1590,Weapon,Poison,
1356,1591,Weapon,Firearm,
1357,1592,Weapon,Explosives,
1358,1593,Weapon,Blunt Object,
1359,1594,Weapon,Explosives,
1360,1595,Weapon,Knife,
1361,1596,Weapon,Blunt Object,
1362,1599,Weapon,Firearm,
1363,1600,Weapon,Other,
1364,1601,Weapon,Explosives,
1365,1602,Weapon,Blunt Object,
1366,1603,Weapon,Firearm,
1367,1605,Weapon,Explosives,
1368,1606,Weapon,Knife,
1369,1607,Weapon,Blunt Object,
1370,1609,Weapon,Blunt Object,
1371,1610,Weapon,Other,
1372,1612,Weapon,Blunt Object,
1373,1614,Weapon,Firearm,
1374,1615,Weapon,Other,
1375,1616,Weapon,Explosives,
1376,1617,Weapon,Poison,
1377,1618,Weapon,Other,
1378,1619,Weapon,Explosives,
1379,1620,Weapon,Other,
1380,1621,Weapon,Knife,
1381,1622,Weapon,Poison,
1382,1623,Weapon,Other,
1383,1624,Weapon,Poison,
1384,1625,Weapon,Knife,
1385,1626,Weapon,Poison,
1386,1627,Weapon,Explosives,
1387,1628,Weapon,Knife,
1388,1629,Weapon,Blunt Object,
1389,1631,Weapon,Explosives,
1390,1633,Weapon,Firearm,
1391,1634,Weapon,Poison,
1392,1636,Weapon,Knife,
1393,1637,Weapon,Firearm,
1394,1638,Weapon,Knife,
1395,1639,Weapon,Blunt Object,
1396,1640,Weapon,Poison,
1397,1641,Weapon,Firearm,
1398,1642,Weapon,Knife,
1399,1643,Weapon,Explosives,
1400,1644,Weapon,Knife,
1401,1645,Weapon,Explosives,
1402,1646,Weapon,Poison,
1403,1647,Weapon,Blunt Object,
1404,1649,Weapon,Firearm,
1405,1650,Weapon,Poison,
1406,1651,Weapon,Blunt Object,
1407,1652,Weapon,Other,
1408,1654,Weapon,Firearm,
1409,1655,Weapon,Other,
1410,1656,Weapon,Blunt Object,
1411,1659,Weapon,Knife,
1412,1660,Weapon,Knife,
1413,1661,Weapon,Other,
1414,1662,Weapon,Knife,
1415,1663,Weapon,Firearm,
1416,1664,Weapon,Knife,
1417,1665,Weapon,Blunt Object,
1418,1666,Weapon,Poison,
1419,1667,Weapon,Blunt Object,
1420,1668,Weapon,Poison,
1421,1671,Weapon,Poison,
1422,1672,Weapon,Firearm,
1423,1673,Weapon,Firearm,
1424,1675,Weapon,Other,
1425,1677,Weapon,Firearm,
1426,1678,Weapon,Poison,
1427,1679,Weapon,Explosives,
1428,1680,Weapon,Explosives,
1429,1681,Weapon,Knife,
1430,1682,Weapon,Blunt Object,
1431,1684,Weapon,Explosives,
1432,1686,Weapon,Poison,
1433,1687,Weapon,Blunt Object,
1434,1688,Weapon,Poison,
1435,1689,Weapon,Knife,
1436,1691,Weapon,Knife,
1437,1692,Weapon,Knife,
1438,1693,Weapon,Firearm,
1439,1694,Weapon,Explosives,
1440,1695,Weapon,Knife,
1441,1696,Weapon,Knife,
1442,1697,Weapon,Firearm,
1443,1698,Weapon,Firearm,
1444,1699,Weapon,Firearm,
1445,1700,Weapon,Knife,
1446,1702,Weapon,Knife,
1447,1703,Weapon,Blunt Object,
1448,1704,Weapon,Blunt Object,
1449,1705,Weapon,Other,
1450,1706,Weapon,Explosives,
1451,1707,Weapon,Explosives,
1452,1708,Weapon,Blunt Object,
1453,1709,Weapon,Firearm,
1454,1710,Weapon,Knife,
1455,1711,Weapon,Poison,
1456,1712,Weapon,Firearm,
1457,1713,Weapon,Blunt Object,
1458,1715,Weapon,Knife,
1459,1716,Weapon,Poison,
1460,1717,Weapon,Other,
1461,1719,Weapon,Firearm,
1462,1721,Weapon,Poison,
1463,1722,Weapon,Blunt Object,
1464,1723,Weapon,Knife,
1465,1724,Weapon,Poison,
1466,1725,Weapon,Firearm,
1467,1726,Weapon,Other,
1468,1727,Weapon,Blunt Object,
1469,1728,Weapon,Firearm,
1470,1729,Weapon,Other,
1471,1730,Weapon,Knife,
1472,1731,Weapon,Blunt Object,
1473,1732,Weapon,Firearm,
1474,1733,Weapon,Firearm,
1475,1734,Weapon,Knife,
1476,1735,Weapon,Blunt Object,
1477,1736,Weapon,Blunt Object,
1478,1737,Weapon,Other,
1479,1738,Weapon,Firearm,
1480,1739,Weapon,Other,
1481,1740,Weapon,Explosives,
1482,1741,Weapon,Poison,
1483,1743,Weapon,Poison,
1484,1744,Weapon,Blunt Object,
1485,1745,Weapon,Blunt Object,
1486,1746,Weapon,Explosives,
1487,1747,Weapon,Knife,
1488,1748,Weapon,Explosives,
1489,1749,Weapon,Poison,
1490,1750,Weapon,Other,
1491,1752,Weapon,Poison,
1492,1753,Weapon,Explosives,
1493,1754,Weapon,Knife,
1494,1755,Weapon,Other,
1495,1756,Weapon,Blunt Object,
1496,1757,Weapon,Knife,
1497,1758,Weapon,Blunt Object,
1498,1759,Weapon,Blunt Object,
1499,1760,Weapon,Knife,
1500,1761,Weapon,Poison,
1501,1762,Weapon,Other,
1502,1764,Weapon,Knife,
1503,1766,Weapon,Explosives,
1504,1767,Weapon,Blunt Object,
1505,1769,Weapon,Knife,
1506,1770,Weapon,Poison,
1507,1771,Weapon,Poison,
1508,1772,Weapon,Blunt Object,
1509,1773,Weapon,Firearm,
1510,1774,Weapon,Knife,
1511,1775,Weapon,Poison,
1512,1776,Weapon,Other,
1513,1777,Weapon,Other,
1514,1778,Weapon,Explosives,
1515,1779,Weapon,Knife,
1516,1780,Weapon,Poison,
1517,1781,Weapon,Blunt Object,
1518,1782,Weapon,Poison,
1519,1785,Weapon,Firearm,
1520,1786,Weapon,Knife,
1521,1787,Weapon,Explosives,
1522,1788,Weapon,Blunt Object,
1523,1789,Weapon,Explosives,
1524,1790,Weapon,Knife,
1525,1791,Weapon,Other,
1526,1792,Weapon,Explosives,
1527,1793,Weapon,Poison,
1528,1794,Weapon,Explosives,
1529,1795,Weapon,Blunt Object,
1530,1796,Weapon,Poison,
1531,1797,Weapon,Explosives,
1532,1798,Weapon,Knife,
1533,1799,Weapon,Blunt Object,
1534,1801,Weapon,Other,
1535,1802,Weapon,Firearm,
1536,1803,Weapon,Firearm,
1537,1804,Weapon,Explosives,
1538,1805,Weapon,Knife,
1539,1806,Weapon,Blunt Object,
1540,1807,Weapon,Knife,
1541,1808,Weapon,Blunt Object,
1542,1809,Weapon,Knife,
1543,1810,Weapon,Explosives,
1544,1811,Weapon,Other,
1545,1812,Weapon,Knife,
1546,1813,Weapon,Firearm,
1547,1815,Weapon,Other,
1548,1816,Weapon,Firearm,
1549,1817,Weapon,Blunt Object,
1550,1820,Weapon,Knife,
1551,1821,Weapon,Knife,
1552,1822,Weapon,Blunt Object,
1553,1823,Weapon,Firearm,
1554,1824,Weapon,Blunt Object,
1555,1826,Weapon,Other,
1556,1828,Weapon,Blunt Object,
1557,1829,Weapon,Firearm,
1558,1831,Weapon,Explosives,
1559,1832,Weapon,Firearm,
1560,1833,Weapon,Explosives,
1561,1834,Weapon,Other,
1562,1835,Weapon,Other,
1563,1836,Weapon,Knife,
1564,1837,Weapon,Other,
1565,1838,Weapon,Blunt Object,
1566,1840,Weapon,Explosives,
1567,1841,Weapon,Poison,
1568,1842,Weapon,Explosives,
1569,1843,Weapon,Poison,
1570,1844,Weapon,Explosives,
1571,1845,Weapon,Firearm,
1572,1847,Weapon,Knife,
1573,1848,Weapon,Firearm,
1574,1849,Weapon,Other,
1575,1850,Weapon,Explosives,
1576,1851,Weapon,Explosives,
1577,1852,Weapon,Other,
1578,1853,Weapon,Explosives,
1579,1854,Weapon,Other,
1580,1855,Weapon,Other,
1581,1856,Weapon,Blunt Object,
1582,1857,Weapon,Explosives,
1583,1858,Weapon,Other,
1584,1859,Weapon,Explosives,
1585,1860,Weapon,Blunt Object,
1586,1861,Weapon,Firearm,
1587,1862,Weapon,Knife,
1588,1863,Weapon,Explosives,
1589,1864,Weapon,Explosives,
1590,1865,Weapon,Other,
1591,1866,Weapon,Firearm,
1592,1867,Weapon,Knife,
1593,1868,Weapon,Firearm,
1594,1869,Weapon,Other,
1595,1870,Weapon,Blunt Object,
1596,1871,Weapon,Other,
1597,1872,Weapon,Firearm,
1598,1873,Weapon,Explosives,
1599,1874,Weapon,Knife,
1600,1875,Weapon,Knife,
1601,1877,Weapon,Poison,
1602,1878,Weapon,Knife,
1603,1879,Weapon,Blunt Object,
1604,1880,Weapon,Firearm,
1605,1881,Weapon,Knife,
1606,1882,Weapon,Other,
1607,1883,Weapon,Knife,
1608,1884,Weapon,Explosives,
1609,1885,Weapon,Knife,
1610,1886,Weapon,Poison,
1611,1887,Weapon,Blunt Object,
1612,1888,Weapon,Knife,
1613,1889,Weapon,Knife,
1614,1891,Weapon,Blunt Object,
1615,1892,Weapon,Firearm,
1616,1893,Weapon,Explosives,
1617,1894,Weapon,Poison,
1618,1895,Weapon,Blunt Object,
1619,1896,Weapon,Blunt Object,
1620,1897,Weapon,Firearm,
1621,1899,Weapon,Firearm,
1622,1901,Weapon,Firearm,
1623,1902,Weapon,Explosives,
1624,1903,Weapon,Knife,
1625,1904,Weapon,Other,
1626,1905,Weapon,Other,
1627,1906,Weapon,Other,
1628,1908,Weapon,Explosives,
1629,1909,Weapon,Poison,
1630,1910,Weapon,Firearm,
1631,1912,Weapon,Knife,
1632,1913,Weapon,Explosives,
1633,1914,Weapon,Poison,
1634,1915,Weapon,Blunt Object,
1635,1916,Weapon,Firearm,
1636,1917,Weapon,Firearm,
1637,1918,Weapon,Blunt Object,
1638,1920,Weapon,Other,
1639,1921,Weapon,Poison,
1640,1922,Weapon,Other,
1641,1923,Weapon,Explosives,
1642,1924,Weapon,Other,
1643,1925,Weapon,Blunt Object,
1644,1926,Weapon,Firearm,
1645,1927,Weapon,Other,
1646,1928,Weapon,Knife,
1647,1929,Weapon,Poison,
1648,1930,Weapon,Other,
1649,1931,Weapon,Explosives,
1650,1932,Weapon,Firearm,
1651,1933,Weapon,Knife,
1652,1935,Weapon,Knife,
1653,1937,Weapon,Firearm,
1654,1938,Weapon,Poison,
1655,1940,Weapon,Blunt Object,
1656,1941,Weapon,Blunt Object,
1657,1942,Weapon,Poison,
1658,1943,Weapon,Explosives,
1659,1945,Weapon,Knife,
1660,1946,Weapon,Blunt Object,
1661,1947,Weapon,Firearm,
1662,1948,Weapon,Blunt Object,
1663,1949,Weapon,Knife,
1664,1950,Weapon,Other,
1665,1951,Weapon,Poison,
1666,1952,Weapon,Explosives,
1667,1953,Weapon,Blunt Object,
1668,1954,Weapon,Knife,
1669,1955,Weapon,Explosives,
1670,1956,Weapon,Knife,
1671,1958,Weapon,Explosives,
1672,1959,Weapon,Blunt Object,
1673,1960,Weapon,Other,
1674,1961,Weapon,Knife,
1675,1962,Weapon,Knife,
1676,1963,Weapon,Explosives,
1677,1965,Weapon,Explosives,
1678,1966,Weapon,Knife,
1679,1967,Weapon,Firearm,
1680,1969,Weapon,Firearm,
1681,1970,Weapon,Poison,
1682,1971,Weapon,Explosives,
1683,1972,Weapon,Explosives,
1684,1973,Weapon,Explosives,
1685,1974,Weapon,Other,
1686,1975,Weapon,Explosives,
1687,1976,Weapon,Other,
1688,1977,Weapon,Poison,
1689,1978,Weapon,Other,
1690,1979,Weapon,Blunt Object,
1691,1980,Weapon,Blunt Object,
1692,1981,Weapon,Knife,
1693,1982,Weapon,Poison,
1694,1983,Weapon,Firearm,
1695,1984,Weapon,Knife,
1696,1985,Weapon,Blunt Object,
1697,1986,Weapon,Firearm,
1698,1987,Weapon,Firearm,
1699,1988,Weapon,Explosives,
1700,1989,Weapon,Poison,
1701,1990,Weapon,Explosives,
1702,1992,Weapon,Other,
1703,1994,Weapon,Other,
1704,1995,Weapon,Explosives,
1705,1996,Weapon,Explosives,
1706,1997,Weapon,Firearm,
1707,1998,Weapon,Firearm,
1708,1999,Weapon,Blunt Object,
1709,2000,Weapon,Poison,
1710,2001,Weapon,Poison,
1711,2002,Weapon,Blunt Object,
1712,2003,Weapon,Other,
1713,2004,Weapon,Firearm,
1714,2005,Weapon,Other,
1715,2006,Weapon,Blunt Object,
1716,2007,Weapon,Firearm,
1717,2008,Weapon,Knife,
1718,2009,Weapon,Poison,
1719,2010,Weapon,Explosives,
1720,2011,Weapon,Firearm,
1721,2013,Weapon,Explosives,
1722,2014,Weapon,Blunt Object,
1723,2015,Weapon,Firearm,
1724,2016,Weapon,Other,
1725,2017,Weapon,Knife,
1726,2019,Weapon,Firearm,
1727,2022,Weapon,Poison,
1728,2023,Weapon,Explosives,
1729,2025,Weapon,Knife,
1730,2027,Weapon,Explosives,
1731,2028,Weapon,Firearm,
1732,2029,Weapon,Knife,
1733,2030,Weapon,Firearm,
1734,2031,Weapon,Blunt Object,
1735,2032,Weapon,Poison,
1736,2033,Weapon,Explosives,
1737,2034,Weapon,Other,
1738,2035,Weapon,Other,
1739,2036,Weapon,Blunt Object,
1740,2037,Weapon,Other,
1741,2038,Weapon,Firearm,
1742,2039,Weapon,Poison,
1743,2040,Weapon,Poison,
1744,2041,Weapon,Knife,
1745,2043,Weapon,Firearm,
1746,2044,Weapon,Blunt Object,
1747,2045,Weapon,Other,
1748,2046,Weapon,Explosives,
1749,2047,Weapon,Blunt Object,
1750,2049,Weapon,Blunt Object,
1751,2050,Weapon,Knife,
1752,2051,Weapon,Explosives,
1753,2052,Weapon,Poison,
1754,2053,Weapon,Knife,
1755,2054,Weapon,Blunt Object,
1756,2055,Weapon,Blunt Object,
1757,2056,Weapon,Knife,
1758,2057,Weapon,Poison,
1759,2058,Weapon,Other,
1760,2059,Weapon,Poison,
1761,2060,Weapon,Other,
1762,2061,Weapon,Explosives,
1763,2062,Weapon,Blunt Object,
1764,2063,Weapon,Blunt Object,
1765,2064,Weapon,Explosives,
1766,2067,Weapon,Other,
1767,2068,Weapon,Firearm,
1768,2069,Weapon,Explosives,
1769,2070,Weapon,Blunt Object,
1770,2072,Weapon,Knife,
1771,2073,Weapon,Blunt Object,
1772,2076,Weapon,Poison,
1773,2077,Weapon,Explosives,
1774,2078,Weapon,Poison,
1775,2079,Weapon,Knife,
1776,2080,Weapon,Firearm,
1777,2081,Weapon,Explosives,
1778,2082,Weapon,Other,
1779,2083,Weapon,Knife,
1780,2084,Weapon,Firearm,
1781,2085,Weapon,Poison,
1782,2086,Weapon,Blunt Object,
1783,2087,Weapon,Firearm,
1784,2089,Weapon,Explosives,
1785,2090,Weapon,Knife,
1786,2091,Weapon,Poison,
1787,2092,Weapon,Poison,
1788,2093,Weapon,Poison,
1789,2094,Weapon,Firearm,
1790,2095,Weapon,Blunt Object,
1791,2096,Weapon,Knife,
1792,2097,Weapon,Other,
1793,2098,Weapon,Poison,
1794,2099,Weapon,Poison,
1795,2101,Weapon,Knife,
1796,2102,Weapon,Poison,
1797,2103,Weapon,Firearm,
1798,2104,Weapon,Other,
1799,2105,Weapon,Knife,
1800,2106,Weapon,Poison,
1801,2107,Weapon,Blunt Object,
1802,2108,Weapon,Poison,
1803,2109,Weapon,Blunt Object,
1804,2110,Weapon,Firearm,
1805,2111,Weapon,Knife,
1806,2112,Weapon,Other,
1807,2113,Weapon,Firearm,
1808,2114,Weapon,Firearm,
1809,2115,Weapon,Blunt Object,
1810,2117,Weapon,Explosives,
1811,2118,Weapon,Blunt Object,
1812,2119,Weapon,Poison,
1813,2120,Weapon,Poison,
1814,2121,Weapon,Knife,
1815,2122,Weapon,Blunt Object,
1816,2123,Weapon,Firearm,
1817,2125,Weapon,Poison,
1818,2126,Weapon,Other,
1819,2127,Weapon,Poison,
1820,2128,Weapon,Knife,
1821,2129,Weapon,Firearm,
1822,2130,Weapon,Blunt Object,
1823,2132,Weapon,Knife,
1824,2133,Weapon,Blunt Object,
1825,2134,Weapon,Knife,
1826,2135,Weapon,Blunt Object,
1827,2136,Weapon,Poison,
1828,2137,Weapon,Blunt Object,
1829,2139,Weapon,Firearm,
1830,2140,Weapon,Explosives,
1831,2142,Weapon,Poison,
1832,2144,Weapon,Poison,
1833,2145,Weapon,Other,
1834,2147,Weapon,Explosives,
1835,2148,Weapon,Explosives,
1836,2149,Weapon,Blunt Object,
1837,2150,Weapon,Other,
1838,2151,Weapon,Explosives,
1839,2152,Weapon,Knife,
1840,2153,Weapon,Poison,
1841,2154,Weapon,Explosives,
1842,2155,Weapon,Knife,
1843,2156,Weapon,Knife,
1844,2158,Weapon,Other,
1845,2161,Weapon,Blunt Object,
1846,2162,Weapon,Firearm,
1847,2163,Weapon,Firearm,
1848,2164,Weapon,Knife,
1849,2165,Weapon,Explosives,
1850,2166,Weapon,Explosives,
1851,2167,Weapon,Poison,
1852,2169,Weapon,Blunt Object,
1853,2170,Weapon,Blunt Object,
1854,2171,Weapon,Firearm,
1855,2172,Weapon,Other,
1856,2173,Weapon,Other,
1857,2174,Weapon,Other,
1858,2175,Weapon,Knife,
1859,2176,Weapon,Explosives,
1860,2177,Weapon,Explosives,
1861,2178,Weapon,Firearm,
1862,2179,Weapon,Knife,
1863,2180,Weapon,Firearm,
1864,2181,Weapon,Poison,
1865,2182,Weapon,Other,
1866,2183,Weapon,Firearm,
1867,2184,Weapon,Explosives,
1868,2185,Weapon,Blunt Object,
1869,2186,Weapon,Knife,
1870,2187,Weapon,Poison,
1871,2189,Weapon,Knife,
1872,2190,Weapon,Other,
1873,2193,Weapon,Knife,
1874,2194,Weapon,Explosives,
1875,2195,Weapon,Other,
1876,2196,Weapon,Knife,
1877,2198,Weapon,Explosives,
1878,2199,Weapon,Firearm,
1879,2200,Weapon,Knife,
1880,2201,Weapon,Firearm,
1881,2204,Weapon,Firearm,
1882,2206,Weapon,Poison,
1883,2207,Weapon,Poison,
1884,2209,Weapon,Explosives,
1885,2211,Weapon,Blunt Object,
1886,2212,Weapon,Firearm,
1887,2213,Weapon,Firearm,
1888,2214,Weapon,Blunt Object,
1889,2215,Weapon,Knife,
1890,2216,Weapon,Knife,
1891,2217,Weapon,Blunt Object,
1892,2218,Weapon,Poison,
1893,2219,Weapon,Knife,
1894,2220,Weapon,Blunt Object,
1895,2221,Weapon,Blunt Object,
1896,2222,Weapon,Explosives,
1897,2223,Weapon,Explosives,
1898,2224,Weapon,Other,
1899,2225,Weapon,Poison,
1900,2226,Weapon,Firearm,
1901,2227,Weapon,Firearm,
1902,2231,Weapon,Firearm,
1903,2232,Weapon,Poison,
1904,2233,Weapon,Blunt Object,
1905,2234,Weapon,Explosives,
1906,2235,Weapon,Knife,
1907,2236,Weapon,Firearm,
1908,2237,Weapon,Firearm,
1909,2238,Weapon,Poison,
1910,2239,Weapon,Explosives,
1911,2241,Weapon,Other,
1912,2242,Weapon,Knife,
1913,2243,Weapon,Firearm,
1914,2245,Weapon,Blunt Object,
1915,2246,Weapon,Knife,
1916,2248,Weapon,Poison,
1917,2249,Weapon,Other,
1918,2251,Weapon,Other,
1919,2253,Weapon,Blunt Object,
1920,2254,Weapon,Firearm,
1921,2255,Weapon,Other,
1922,2256,Weapon,Explosives,
1923,2257,Weapon,Knife,
1924,2258,Weapon,Poison,
1925,2259,Weapon,Other,
1926,2261,Weapon,Firearm,
1927,2262,Weapon,Poison,
1928,2263,Weapon,Blunt Object,
1929,2264,Weapon,Poison,
1930,2265,Weapon,Other,
1931,2266,Weapon,Other,
1932,2267,Weapon,Knife,
1933,2268,Weapon,Explosives,
1934,2269,Weapon,Poison,
1935,2270,Weapon,Other,
1936,2271,Weapon,Blunt Object,
1937,2272,Weapon,Knife,
1938,2274,Weapon,Blunt Object,
1939,2275,Weapon,Explosives,
1940,2277,Weapon,Explosives,
1941,2278,Weapon,Poison,
1942,2279,Weapon,Other,
1943,2280,Weapon,Explosives,
1944,2281,Weapon,Firearm,
1945,2282,Weapon,Other,
1946,2283,Weapon,Blunt Object,
1947,2284,Weapon,Other,
1948,2285,Weapon,Firearm,
1949,2286,Weapon,Firearm,
1950,2287,Weapon,Other,
1951,2288,Weapon,Blunt Object,
1952,2289,Weapon,Other,
1953,2290,Weapon,Poison,
1954,2292,Weapon,Explosives,
1955,2293,Weapon,Other,
1956,2294,Weapon,Explosives,
1957,2296,Weapon,Other,
1958,2297,Weapon,Firearm,
1959,2299,Weapon,Other,
1960,2300,Weapon,Blunt Object,
1961,2301,Weapon,Knife,
1962,2302,Weapon,Other,
1963,2303,Weapon,Other,
1964,2304,Weapon,Firearm,
1965,2306,Weapon,Explosives,
1966,2308,Weapon,Knife,
1967,2309,Weapon,Poison,
1968,2311,Weapon,Poison,
1969,2312,Weapon,Knife,
1970,2313,Weapon,Other,
1971,2314,Weapon,Explosives,
1972,2315,Weapon,Blunt Object,
1973,2316,Weapon,Poison,
1974,2317,Weapon,Blunt Object,
1975,2318,Weapon,Other,
1976,2320,Weapon,Firearm,
1977,2321,Weapon,Poison,
1978,2322,Weapon,Firearm,
1979,2323,Weapon,Explosives,
1980,2324,Weapon,Knife,
1981,2325,Weapon,Knife,
1982,2326,Weapon,Explosives,
1983,2327,Weapon,Firearm,
1984,2328,Weapon,Poison,
1985,2329,Weapon,Other,
1986,2330,Weapon,Knife,
1987,2331,Weapon,Knife,
1988,2332,Weapon,Knife,
1989,2333,Weapon,Knife,
1990,2334,Weapon,Blunt Object,
1991,2335,Weapon,Firearm,
1992,2336,Weapon,Knife,
1993,2337,Weapon,Blunt Object,
1994,2338,Weapon,Firearm,
1995,2339,Weapon,Firearm,
1996,2340,Weapon,Knife,
1997,2341,Weapon,Blunt Object,
1998,2342,Weapon,Firearm,
1999,2345,Weapon,Explosives,
2000,2347,Weapon,Poison,
2001,2348,Weapon,Firearm,
2002,2349,Weapon,Blunt Object,
2003,2350,Weapon,Other,
2004,2351,Weapon,Knife,
2005,2352,Weapon,Firearm,
2006,2353,Weapon,Other,
2007,2354,Weapon,Other,
2008,2355,Weapon,Explosives,
2009,2356,Weapon,Poison,
2010,2357,Weapon,Explosives,
2011,2358,Weapon,Explosives,
2012,2359,Weapon,Poison,
2013,2362,Weapon,Firearm,
2014,2363,Weapon,Blunt Object,
2015,2364,Weapon,Blunt Object,
2016,2365,Weapon,Knife,
2017,2367,Weapon,Blunt Object,
2018,2368,Weapon,Knife,
2019,2369,Weapon,Firearm,
2020,2370,Weapon,Firearm,
2021,2371,Weapon,Other,
2022,2372,Weapon,Blunt Object,
2023,2374,Weapon,Poison,
2024,2376,Weapon,Other,
2025,2377,Weapon,Other,
2026,2378,Weapon,Other,
2027,2380,Weapon,Other,
2028,2381,Weapon,Explosives,
2029,2382,Weapon,Other,
2030,2383,Weapon,Blunt Object,
2031,2384,Weapon,Poison,
2032,2385,Weapon,Explosives,
2033,2386,Weapon,Firearm,
2034,2388,Weapon,Poison,
2035,2390,Weapon,Firearm,
2036,2391,Weapon,Poison,
2037,2392,Weapon,Knife,
2038,2393,Weapon,Firearm,
2039,2394,Weapon,Poison,
2040,2395,Weapon,Explosives,
2041,2396,Weapon,Knife,
2042,2397,Weapon,Firearm,
2043,2398,Weapon,Blunt Object,
2044,2399,Weapon,Knife,
2045,2400,Weapon,Knife,
2046,2401,Weapon,Other,
2047,2402,Weapon,Knife,
2048,2403,Weapon,Knife,
2049,2404,Weapon,Blunt Object,
2050,2405,Weapon,Other,
2051,2406,Weapon,Poison,
2052,2407,Weapon,Firearm,
2053,2408,Weapon,Firearm,
2054,2409,Weapon,Firearm,
2055,2410,Weapon,Firearm,
2056,2411,Weapon,Blunt Object,
2057,2412,Weapon,Other,
2058,2413,Weapon,Knife,
2059,2415,Weapon,Other,
2060,2416,Weapon,Firearm,
2061,2420,Weapon,Other,
2062,2421,Weapon,Knife,
2063,2423,Weapon,Other,
2064,2424,Weapon,Blunt Object,
2065,2425,Weapon,Other,
2066,2426,Weapon,Other,
2067,2427,Weapon,Blunt Object,
2068,2428,Weapon,Explosives,
2069,2429,Weapon,Firearm,
2070,2430,Weapon,Blunt Object,
2071,2431,Weapon,Other,
2072,2432,Weapon,Firearm,
2073,2433,Weapon,Blunt Object,
2074,2434,Weapon,Poison,
2075,2435,Weapon,Blunt Object,
2076,2436,Weapon,Other,
2077,2438,Weapon,Poison,
2078,2439,Weapon,Other,
2079,2440,Weapon,Knife,
2080,2441,Weapon,Knife,
2081,2442,Weapon,Explosives,
2082,2443,Weapon,Knife,
2083,2444,Weapon,Poison,
2084,2445,Weapon,Blunt Object,
2085,2446,Weapon,Other,
2086,2448,Weapon,Explosives,
2087,2449,Weapon,Knife,
2088,2450,Weapon,Blunt Object,
2089,2452,Weapon,Firearm,
2090,2453,Weapon,Poison,
2091,2454,Weapon,Explosives,
2092,2455,Weapon,Poison,
2093,2456,Weapon,Knife,
2094,2457,Weapon,Knife,
2095,2459,Weapon,Other,
2096,2460,Weapon,Other,
2097,2461,Weapon,Other,
2098,2462,Weapon,Poison,
2099,2463,Weapon,Blunt Object,
2100,2464,Weapon,Poison,
2101,2465,Weapon,Firearm,
2102,2467,Weapon,Other,
2103,2468,Weapon,Other,
2104,2470,Weapon,Firearm,
2105,2473,Weapon,Poison,
2106,2474,Weapon,Blunt Object,
2107,2475,Weapon,Other,
2108,2476,Weapon,Explosives,
2109,2477,Weapon,Firearm,
2110,2478,Weapon,Other,
2111,2479,Weapon,Poison,
2112,2480,Weapon,Knife,
2113,2481,Weapon,Blunt Object,
2114,2482,Weapon,Knife,
2115,2483,Weapon,Knife,
2116,2484,Weapon,Knife,
2117,2485,Weapon,Knife,
2118,2486,Weapon,Explosives,
2119,2487,Weapon,Blunt Object,
2120,2488,Weapon,Other,
2121,2489,Weapon,Knife,
2122,2490,Weapon,Poison,
2123,2491,Weapon,Knife,
2124,2492,Weapon,Other,
2125,2493,Weapon,Knife,
2126,2494,Weapon,Firearm,
2127,2495,Weapon,Knife,
2128,2496,Weapon,Explosives,
2129,2497,Weapon,Blunt Object,
2130,2498,Weapon,Blunt Object,
2131,2499,Weapon,Firearm,
2132,2501,Weapon,Explosives,
2133,2502,Weapon,Firearm,
2134,2503,Weapon,Knife,
2135,2505,Weapon,Blunt Object,
2136,2506,Weapon,Poison,
2137,2507,Weapon,Explosives,
2138,2509,Weapon,Explosives,
2139,2510,Weapon,Firearm,
2140,2511,Weapon,Other,
2141,2513,Weapon,Other,
2142,2514,Weapon,Poison,
2143,2515,Weapon,Explosives,
2144,2517,Weapon,Explosives,
2145,2518,Weapon,Poison,
2146,2519,Weapon,Blunt Object,
2147,2520,Weapon,Firearm,
2148,2522,Weapon,Poison,
2149,2523,Weapon,Knife,
2150,2524,Weapon,Knife,
2151,2525,Weapon,Firearm,
2152,2526,Weapon,Knife,
2153,2528,Weapon,Other,
2154,2529,Weapon,Explosives,
2155,2533,Weapon,Knife,
2156,2534,Weapon,Firearm,
2157,2535,Weapon,Poison,
2158,2536,Weapon,Explosives,
2159,2537,Weapon,Firearm,
2160,2538,Weapon,Knife,
2161,2539,Weapon,Knife,
2162,2540,Weapon,Poison,
2163,2541,Weapon,Blunt Object,
2164,2542,Weapon,Poison,
2165,2543,Weapon,Knife,
2166,2545,Weapon,Blunt Object,
2167,2546,Weapon,Explosives,
2168,2547,Weapon,Poison,
2169,2549,Weapon,Poison,
2170,2550,Weapon,Other,
2171,2551,Weapon,Firearm,
2172,2553,Weapon,Firearm,
2173,2554,Weapon,Other,
2174,2555,Weapon,Firearm,
2175,2556,Weapon,Explosives,
2176,2557,Weapon,Explosives,
2177,2559,Weapon,Blunt Object,
2178,2560,Weapon,Blunt Object,
2179,2561,Weapon,Other,
2180,2562,Weapon,Knife,
2181,2563,Weapon,Firearm,
2182,2564,Weapon,Knife,
2183,2565,Weapon,Explosives,
2184,2566,Weapon,Firearm,
2185,2567,Weapon,Poison,
2186,2568,Weapon,Explosives,
2187,2569,Weapon,Poison,
2188,2570,Weapon,Firearm,
2189,2572,Weapon,Firearm,
2190,2573,Weapon,Poison,
2191,2574,Weapon,Poison,
2192,2575,Weapon,Other,
2193,2576,Weapon,Knife,
2194,2578,Weapon,Knife,
2195,2579,Weapon,Poison,
2196,2581,Weapon,Poison,
2197,2582,Weapon,Poison,
2198,2583,Weapon,Firearm,
2199,2584,Weapon,Knife,
2200,2587,Weapon,Firearm,
2201,2588,Weapon,Firearm,
2202,2589,Weapon,Knife,
2203,2591,Weapon,Explosives,
2204,2592,Weapon,Explosives,
2205,2593,Weapon,Knife,
2206,2594,Weapon,Knife,
2207,2596,Weapon,Explosives,
2208,2597,Weapon,Other,
2209,2599,Weapon,Blunt Object,
2210,2600,Weapon,Other,
2211,2601,Weapon,Other,
2212,2602,Weapon,Knife,
2213,2603,Weapon,Blunt Object,
2214,2604,Weapon,Blunt Object,
2215,2605,Weapon,Blunt Object,
2216,2607,Weapon,Firearm,
2217,2608,Weapon,Knife,
2218,2609,Weapon,Blunt Object,
2219,2610,Weapon,Poison,
2220,2612,Weapon,Knife,
2221,2613,Weapon,Firearm,
2222,2614,Weapon,Other,
2223,2616,Weapon,Knife,
2224,2617,Weapon,Explosives,
2225,2619,Weapon,Other,
2226,2620,Weapon,Knife,
2227,2621,Weapon,Poison,
2228,2623,Weapon,Explosives,
2229,2624,Weapon,Explosives,
2230,2625,Weapon,Poison,
2231,2626,Weapon,Knife,
2232,2627,Weapon,Poison,
2233,2628,Weapon,Explosives,
2234,2630,Weapon,Poison,
2235,2631,Weapon,Poison,
2236,2632,Weapon,Blunt Object,
2237,2633,Weapon,Blunt Object,
2238,2634,Weapon,Knife,
2239,2635,Weapon,Explosives,
2240,2637,Weapon,Knife,
2241,2638,Weapon,Blunt Object,
2242,2639,Weapon,Poison,
2243,2640,Weapon,Explosives,
2244,2641,Weapon,Firearm,
2245,2642,Weapon,Other,
2246,2643,Weapon,Blunt Object,
2247,2644,Weapon,Knife,
2248,2645,Weapon,Knife,
2249,2646,Weapon,Other,
2250,2647,Weapon,Explosives,
2251,2650,Weapon,Explosives,
2252,2651,Weapon,Firearm,
2253,2652,Weapon,Poison,
2254,2653,Weapon,Knife,
2255,2654,Weapon,Firearm,
2256,2655,Weapon,Explosives,
2257,2657,Weapon,Blunt Object,
2258,2658,Weapon,Poison,
2259,2659,Weapon,Blunt Object,
2260,2662,Weapon,Firearm,
2261,2663,Weapon,Poison,
2262,2665,Weapon,Explosives,
2263,2666,Weapon,Other,
2264,2667,Weapon,Firearm,
2265,2668,Weapon,Blunt Object,
2266,2669,Weapon,Poison,
2267,2670,Weapon,Explosives,
2268,2671,Weapon,Blunt Object,
2269,2672,Weapon,Explosives,
2270,2673,Weapon,Blunt Object,
2271,2674,Weapon,Firearm,
2272,2675,Weapon,Poison,
2273,2676,Weapon,Blunt Object,
2274,2677,Weapon,Poison,
2275,2678,Weapon,Blunt Object,
2276,2680,Weapon,Blunt Object,
2277,2681,Weapon,Poison,
2278,2682,Weapon,Firearm,
2279,2683,Weapon,Knife,
2280,2684,Weapon,Blunt Object,
2281,2685,Weapon,Explosives,
2282,2686,Weapon,Poison,
2283,2687,Weapon,Firearm,
2284,2690,Weapon,Knife,
2285,2691,Weapon,Knife,
2286,2692,Weapon,Blunt Object,
2287,2693,Weapon,Poison,
2288,2695,Weapon,Knife,
2289,2696,Weapon,Blunt Object,
2290,2697,Weapon,Blunt Object,
2291,2698,Weapon,Firearm,
2292,2699,Weapon,Knife,
2293,2701,Weapon,Knife,
2294,2702,Weapon,Knife,
2295,2703,Weapon,Other,
2296,2705,Weapon,Blunt Object,
2297,2706,Weapon,Explosives,
2298,2708,Weapon,Firearm,
2299,2709,Weapon,Other,
2300,2710,Weapon,Other,
2301,2711,Weapon,Blunt Object,
2302,2712,Weapon,Poison,
2303,2714,Weapon,Knife,
2304,2715,Weapon,Blunt Object,
2305,2716,Weapon,Blunt Object,
2306,2717,Weapon,Knife,
2307,2718,Weapon,Poison,
2308,2719,Weapon,Poison,
2309,2722,Weapon,Other,
2310,2723,Weapon,Firearm,
2311,2724,Weapon,Other,
2312,2726,Weapon,Other,
2313,2727,Weapon,Poison,
2314,2728,Weapon,Other,
2315,2729,Weapon,Poison,
2316,2731,Weapon,Poison,
2317,2732,Weapon,Explosives,
2318,2733,Weapon,Knife,
2319,2734,Weapon,Firearm,
2320,2735,Weapon,Poison,
2321,2736,Weapon,Blunt Object,
2322,2737,Weapon,Explosives,
2323,2738,Weapon,Explosives,
2324,2741,Weapon,Knife,
2325,2742,Weapon,Explosives,
2326,2743,Weapon,Poison,
2327,2744,Weapon,Blunt Object,
2328,2745,Weapon,Other,
2329,2746,Weapon,Other,
2330,2747,Weapon,Explosives,
2331,2748,Weapon,Poison,
2332,2749,Weapon,Explosives,
2333,2750,Weapon,Firearm,
2334,2751,Weapon,Knife,
2335,2752,Weapon,Knife,
2336,2753,Weapon,Blunt Object,
2337,2754,Weapon,Other,
2338,2758,Weapon,Firearm,
2339,2759,Weapon,Other,
2340,2760,Weapon,Explosives,
2341,2761,Weapon,Explosives,
2342,2762,Weapon,Blunt Object,
2343,2763,Weapon,Other,
2344,2764,Weapon,Explosives,
2345,2766,Weapon,Explosives,
2346,2767,Weapon,Blunt Object,
2347,2768,Weapon,Poison,
2348,2769,Weapon,Knife,
2349,2770,Weapon,Explosives,
2350,2773,Weapon,Poison,
2351,2774,Weapon,Knife,
2352,2775,Weapon,Explosives,
2353,2776,Weapon,Other,
2354,2777,Weapon,Blunt Object,
2355,2778,Weapon,Poison,
2356,2779,Weapon,Explosives,
2357,2780,Weapon,Firearm,
2358,2782,Weapon,Knife,
2359,2783,Weapon,Other,
2360,2784,Weapon,Blunt Object,
2361,2785,Weapon,Firearm,
2362,2786,Weapon,Explosives,
2363,2787,Weapon,Other,
2364,2788,Weapon,Knife,
2365,2789,Weapon,Blunt Object,
2366,2790,Weapon,Knife,
2367,2791,Weapon,Other,
2368,2792,Weapon,Firearm,
2369,2793,Weapon,Other,
2370,2795,Weapon,Firearm,
2371,2796,Weapon,Knife,
2372,2797,Weapon,Poison,
2373,2799,Weapon,Firearm,
2374,2800,Weapon,Knife,
2375,2801,Weapon,Firearm,
2376,2802,Weapon,Knife,
2377,2803,Weapon,Knife,
2378,2804,Weapon,Blunt Object,
2379,2805,Weapon,Poison,
2380,2806,Weapon,Firearm,
2381,2807,Weapon,Poison,
2382,2809,Weapon,Knife,
2383,2810,Weapon,Poison,
2384,2812,Weapon,Poison,
2385,2813,Weapon,Knife,
2386,2814,Weapon,Firearm,
2387,2815,Weapon,Other,
2388,2816,Weapon,Knife,
2389,2817,Weapon,Poison,
2390,2818,Weapon,Other,
2391,2819,Weapon,Knife,
2392,2820,Weapon,Other,
2393,2821,Weapon,Knife,
2394,2822,Weapon,Other,
2395,2823,Weapon,Firearm,
2396,2824,Weapon,Poison,
2397,2825,Weapon,Firearm,
2398,2826,Weapon,Explosives,
2399,2827,Weapon,Blunt Object,
2400,2828,Weapon,Poison,
2401,2829,Weapon,Knife,
2402,2830,Weapon,Other,
2403,2831,Weapon,Poison,
2404,2833,Weapon,Poison,
2405,2834,Weapon,Other,
2406,2835,Weapon,Firearm,
2407,2836,Weapon,Knife,
2408,2837,Weapon,Knife,
2409,2839,Weapon,Explosives,
2410,2840,Weapon,Blunt Object,
2411,2841,Weapon,Knife,
2412,2842,Weapon,Explosives,
2413,2843,Weapon,Other,
2414,2845,Weapon,Knife,
2415,2846,Weapon,Firearm,
2416,2848,Weapon,Blunt Object,
2417,2849,Weapon,Firearm,
2418,2850,Weapon,Knife,
2419,2851,Weapon,Other,
2420,2852,Weapon,Other,
2421,2853,Weapon,Firearm,
2422,2854,Weapon,Knife,
2423,2855,Weapon,Knife,
2424,2856,Weapon,Firearm,
2425,2857,Weapon,Knife,
2426,2858,Weapon,Knife,
2427,2859,Weapon,Poison,
2428,2860,Weapon,Poison,
2429,2861,Weapon,Poison,
2430,2864,Weapon,Firearm,
2431,2865,Weapon,Firearm,
2432,2866,Weapon,Knife,
2433,2868,Weapon,Poison,
2434,2869,Weapon,Poison,
2435,2870,Weapon,Other,
2436,2871,Weapon,Knife,
2437,2873,Weapon,Knife,
2438,2874,Weapon,Other,
2439,2875,Weapon,Blunt Object,
2440,2876,Weapon,Blunt Object,
2441,2877,Weapon,Other,
2442,2878,Weapon,Explosives,
2443,2879,Weapon,Explosives,
2444,2880,Weapon,Explosives,
2445,2881,Weapon,Poison,
2446,2882,Weapon,Knife,
2447,2883,Weapon,Explosives,
2448,2884,Weapon,Poison,
2449,2885,Weapon,Firearm,
2450,2886,Weapon,Other,
2451,2887,Weapon,Other,
2452,2888,Weapon,Blunt Object,
2453,2889,Weapon,Knife,
2454,2890,Weapon,Blunt Object,
2455,2891,Weapon,Poison,
2456,2893,Weapon,Blunt Object,
2457,2894,Weapon,Poison,
2458,2895,Weapon,Explosives,
2459,2896,Weapon,Firearm,
2460,2897,Weapon,Explosives,
2461,2899,Weapon,Poison,
2462,2900,Weapon,Blunt Object,
2463,2901,Weapon,Explosives,
2464,2902,Weapon,Blunt Object,
2465,2903,Weapon,Blunt Object,
2466,2904,Weapon,Other,
2467,2905,Weapon,Explosives,
2468,2906,Weapon,Explosives,
2469,2908,Weapon,Knife,
2470,2909,Weapon,Knife,
2471,2910,Weapon,Blunt Object,
2472,2912,Weapon,Firearm,
2473,2913,Weapon,Poison,
2474,2914,Weapon,Knife,
2475,2915,Weapon,Blunt Object,
2476,2916,Weapon,Knife,
2477,2917,Weapon,Poison,
2478,2919,Weapon,Explosives,
2479,2920,Weapon,Blunt Object,
2480,2921,Weapon,Other,
2481,2922,Weapon,Explosives,
2482,2923,Weapon,Firearm,
2483,2924,Weapon,Firearm,
2484,2925,Weapon,Poison,
2485,2926,Weapon,Firearm,
2486,2927,Weapon,Other,
2487,2928,Weapon,Knife,
2488,2929,Weapon,Other,
2489,2930,Weapon,Firearm,
2490,2931,Weapon,Blunt Object,
2491,2932,Weapon,Poison,
2492,2933,Weapon,Other,
2493,2934,Weapon,Knife,
2494,2935,Weapon,Blunt Object,
2495,2936,Weapon,Firearm,
2496,2937,Weapon,Explosives,
2497,2938,Weapon,Blunt Object,
2498,2940,Weapon,Blunt Object,
2499,2941,Weapon,Firearm,
2500,2942,Weapon,Firearm,
2501,2943,Weapon,Blunt Object,
2502,2945,Weapon,Blunt Object,
2503,2947,Weapon,Explosives,
2504,2948,Weapon,Knife,
2505,2949,Weapon,Firearm,
2506,2950,Weapon,Blunt Object,
2507,2952,Weapon,Other,
2508,2953,Weapon,Explosives,
2509,2954,Weapon,Blunt Object,
2510,2955,Weapon,Explosives,
2511,2956,Weapon,Explosives,
2512,2958,Weapon,Firearm,
2513,2959,Weapon,Other,
2514,2960,Weapon,Firearm,
2515,2963,Weapon,Other,
2516,2964,Weapon,Blunt Object,
2517,2965,Weapon,Poison,
2518,2966,Weapon,Other,
2519,2967,Weapon,Poison,
2520,2968,Weapon,Other,
2521,2969,Weapon,Knife,
2522,2971,Weapon,Poison,
2523,2972,Weapon,Knife,
2524,2973,Weapon,Explosives,
2525,2976,Weapon,Firearm,
2526,2977,Weapon,Firearm,
2527,2978,Weapon,Firearm,
2528,2979,Weapon,Blunt Object,
2529,2980,Weapon,Other,
2530,2982,Weapon,Explosives,
2531,2983,Weapon,Firearm,
2532,2984,Weapon,Blunt Object,
2533,2985,Weapon,Explosives,
2534,2986,Weapon,Poison,
2535,2987,Weapon,Firearm,
2536,2988,Weapon,Poison,
2537,2989,Weapon,Firearm,
2538,2990,Weapon,Firearm,
2539,2992,Weapon,Knife,
2540,2993,Weapon,Knife,
2541,2994,Weapon,Knife,
2542,2995,Weapon,Blunt Object,
2543,2997,Weapon,Blunt Object,
2544,2998,Weapon,Firearm,
2545,2999,Weapon,Other,
2546,3000,Weapon,Poison,
2547,3001,Weapon,Firearm,
2548,3002,Weapon,Poison,
2549,3003,Weapon,Firearm,
2550,3004,Weapon,Poison,
2551,3006,Weapon,Firearm,
2552,3007,Weapon,Blunt Object,
2553,3008,Weapon,Other,
2554,3010,Weapon,Poison,
2555,3011,Weapon,Other,
2556,3012,Weapon,Firearm,
2557,3014,Weapon,Blunt Object,
2558,3015,Weapon,Other,
2559,3016,Weapon,Other,
2560,3017,Weapon,Explosives,
2561,3018,Weapon,Blunt Object,
2562,3019,Weapon,Other,
2563,3020,Weapon,Explosives,
2564,3021,Weapon,Knife,
2565,3022,Weapon,Blunt Object,
2566,3023,Weapon,Firearm,
2567,3024,Weapon,Poison,
2568,3025,Weapon,Poison,
2569,3026,Weapon,Poison,
2570,3027,Weapon,Firearm,
2571,3028,Weapon,Explosives,
2572,3029,Weapon,Blunt Object,
2573,3031,Weapon,Other,
2574,3032,Weapon,Blunt Object,
2575,3033,Weapon,Blunt Object,
2576,3034,Weapon,Knife,
2577,3035,Weapon,Explosives,
2578,3036,Weapon,Poison,
2579,3038,Weapon,Blunt Object,
2580,3039,Weapon,Poison,
2581,3040,Weapon,Poison,
2582,3041,Weapon,Knife,
2583,3042,Weapon,Poison,
2584,3043,Weapon,Explosives,
2585,3044,Weapon,Blunt Object,
2586,3045,Weapon,Other,
2587,3046,Weapon,Explosives,
2588,3047,Weapon,Poison,
2589,3048,Weapon,Explosives,
2590,3049,Weapon,Explosives,
2591,3050,Weapon,Knife,
2592,3051,Weapon,Knife,
2593,3052,Weapon,Explosives,
2594,3053,Weapon,Other,
2595,3054,Weapon,Knife,
2596,3055,Weapon,Blunt Object,
2597,3056,Weapon,Knife,
2598,3057,Weapon,Other,
2599,3058,Weapon,Other,
2600,3059,Weapon,Other,
2601,3060,Weapon,Blunt Object,
2602,3061,Weapon,Blunt Object,
2603,3062,Weapon,Firearm,
2604,3063,Weapon,Blunt Object,
2605,3064,Weapon,Explosives,
2606,3065,Weapon,Other,
2607,3068,Weapon,Firearm,
2608,3069,Weapon,Firearm,
2609,3070,Weapon,Firearm,
2610,3071,Weapon,Other,
2611,3072,Weapon,Explosives,
2612,3073,Weapon,Poison,
2613,3074,Weapon,Knife,
2614,3075,Weapon,Firearm,
2615,3076,Weapon,Blunt Object,
2616,3077,Weapon,Firearm,
2617,3078,Weapon,Firearm,
2618,3079,Weapon,Other,
2619,3080,Weapon,Other,
2620,3081,Weapon,Firearm,
2621,3082,Weapon,Other,
2622,3083,Weapon,Knife,
2623,3084,Weapon,Blunt Object,
2624,3085,Weapon,Explosives,
2625,3086,Weapon,Firearm,
2626,3087,Weapon,Knife,
2627,3088,Weapon,Poison,
2628,3090,Weapon,Poison,
2629,3091,Weapon,Knife,
2630,3092,Weapon,Explosives,
2631,3093,Weapon,Poison,
2632,3094,Weapon,Poison,
2633,3095,Weapon,Firearm,
2634,3096,Weapon,Other,
2635,3097,Weapon,Blunt Object,
2636,3098,Weapon,Knife,
2637,3099,Weapon,Firearm,
2638,3100,Weapon,Explosives,
2639,3101,Weapon,Blunt Object,
2640,3102,Weapon,Firearm,
2641,3103,Weapon,Other,
2642,3104,Weapon,Other,
2643,3105,Weapon,Poison,
2644,3107,Weapon,Blunt Object,
2645,3109,Weapon,Explosives,
2646,3110,Weapon,Knife,
2647,3111,Weapon,Other,
2648,3112,Weapon,Poison,
2649,3113,Weapon,Other,
2650,3114,Weapon,Explosives,
2651,3115,Weapon,Firearm,
2652,3116,Weapon,Blunt Object,
2653,3117,Weapon,Blunt Object,
2654,3118,Weapon,Other,
2655,3119,Weapon,Other,
2656,3120,Weapon,Explosives,
2657,3121,Weapon,Poison,
2658,3122,Weapon,Poison,
2659,3123,Weapon,Knife,
2660,3124,Weapon,Firearm,
2661,3126,Weapon,Blunt Object,
2662,3127,Weapon,Blunt Object,
2663,3128,Weapon,Blunt Object,
2664,3129,Weapon,Blunt Object,
2665,3130,Weapon,Knife,
2666,3131,Weapon,Poison,
2667,3132,Weapon,Blunt Object,
2668,3133,Weapon,Firearm,
2669,3134,Weapon,Knife,
2670,3135,Weapon,Explosives,
2671,3137,Weapon,Poison,
2672,3138,Weapon,Poison,
2673,3139,Weapon,Other,
2674,3140,Weapon,Explosives,
2675,3141,Weapon,Explosives,
2676,3143,Weapon,Blunt Object,
2677,3144,Weapon,Poison,
2678,3145,Weapon,Firearm,
2679,3146,Weapon,Explosives,
2680,3147,Weapon,Explosives,
2681,3148,Weapon,Explosives,
2682,3149,Weapon,Explosives,
2683,3150,Weapon,Knife,
2684,3151,Weapon,Poison,
2685,3152,Weapon,Firearm,
2686,3154,Weapon,Explosives,
2687,3158,Weapon,Explosives,
2688,3159,Weapon,Poison,
2689,3160,Weapon,Firearm,
2690,3161,Weapon,Blunt Object,
2691,3162,Weapon,Knife,
2692,3163,Weapon,Explosives,
2693,3164,Weapon,Knife,
2694,3165,Weapon,Firearm,
2695,3166,Weapon,Knife,
2696,3167,Weapon,Poison,
2697,3168,Weapon,Explosives,
2698,3169,Weapon,Knife,
2699,3170,Weapon,Blunt Object,
2700,3171,Weapon,Other,
2701,3172,Weapon,Blunt Object,
2702,3173,Weapon,Other,
2703,3174,Weapon,Poison,
2704,3175,Weapon,Firearm,
2705,3176,Weapon,Knife,
2706,3177,Weapon,Explosives,
2707,3178,Weapon,Other,
2708,3179,Weapon,Blunt Object,
2709,3180,Weapon,Explosives,
2710,3181,Weapon,Blunt Object,
2711,3184,Weapon,Blunt Object,
2712,3185,Weapon,Firearm,
2713,3186,Weapon,Firearm,
2714,3187,Weapon,Poison,
2715,3188,Weapon,Knife,
2716,3189,Weapon,Poison,
2717,3190,Weapon,Blunt Object,
2718,3191,Weapon,Knife,
2719,3192,Weapon,Explosives,
2720,3193,Weapon,Other,
2721,3194,Weapon,Firearm,
2722,3195,Weapon,Blunt Object,
2723,3196,Weapon,Blunt Object,
2724,3197,Weapon,Other,
2725,3198,Weapon,Knife,
2726,3199,Weapon,Knife,
2727,3201,Weapon,Firearm,
2728,3202,Weapon,Other,
2729,3205,Weapon,Poison,
2730,3206,Weapon,Blunt Object,
2731,3207,Weapon,Other,
2732,3208,Weapon,Blunt Object,
2733,3209,Weapon,Blunt Object,
2734,3210,Weapon,Firearm,
2735,3212,Weapon,Poison,
2736,3213,Weapon,Explosives,
2737,3214,Weapon,Explosives,
2738,3215,Weapon,Blunt Object,
2739,3216,Weapon,Knife,
2740,3217,Weapon,Poison,
2741,3218,Weapon,Poison,
2742,3219,Weapon,Other,
2743,3220,Weapon,Poison,
2744,3221,Weapon,Knife,
2745,3222,Weapon,Knife,
2746,3224,Weapon,Firearm,
2747,3225,Weapon,Firearm,
2748,3226,Weapon,Blunt Object,
2749,3227,Weapon,Firearm,
2750,3228,Weapon,Explosives,
2751,3229,Weapon,Blunt Object,
2752,3230,Weapon,Poison,
2753,3233,Weapon,Other,
2754,3234,Weapon,Other,
2755,3235,Weapon,Blunt Object,
2756,3236,Weapon,Poison,
2757,3237,Weapon,Explosives,
2758,3238,Weapon,Poison,
2759,3239,Weapon,Knife,
2760,3240,Weapon,Poison,
2761,3242,Weapon,Blunt Object,
2762,3243,Weapon,Blunt Object,
2763,3244,Weapon,Knife,
2764,3245,Weapon,Explosives,
2765,3246,Weapon,Blunt Object,
2766,3247,Weapon,Explosives,
2767,3248,Weapon,Blunt Object,
2768,3249,Weapon,Poison,
2769,3250,Weapon,Explosives,
2770,3251,Weapon,Explosives,
2771,3252,Weapon,Other,
2772,3254,Weapon,Explosives,
2773,3255,Weapon,Firearm,
2774,3256,Weapon,Explosives,
2775,3257,Weapon,Poison,
2776,3258,Weapon,Firearm,
2777,3259,Weapon,Other,
2778,3260,Weapon,Firearm,
2779,3261,Weapon,Knife,
2780,3262,Weapon,Other,
2781,3263,Weapon,Explosives,
2782,3264,Weapon,Firearm,
2783,3265,Weapon,Knife,
2784,3266,Weapon,Blunt Object,
2785,3267,Weapon,Blunt Object,
2786,3268,Weapon,Knife,
2787,3269,Weapon,Blunt Object,
2788,3270,Weapon,Other,
2789,3271,Weapon,Blunt Object,
2790,3273,Weapon,Knife,
2791,3274,Weapon,Knife,
2792,3275,Weapon,Knife,
2793,3276,Weapon,Poison,
2794,3277,Weapon,Knife,
2795,3278,Weapon,Blunt Object,
2796,3279,Weapon,Firearm,
2797,3280,Weapon,Firearm,
2798,3281,Weapon,Blunt Object,
2799,3282,Weapon,Other,
2800,3283,Weapon,Other,
2801,3284,Weapon,Blunt Object,
2802,3286,Weapon,Poison,
2803,3287,Weapon,Other,
2804,3288,Weapon,Blunt Object,
2805,3289,Weapon,Explosives,
2806,3290,Weapon,Firearm,
2807,3291,Weapon,Firearm,
2808,3292,Weapon,Knife,
2809,3293,Weapon,Other,
2810,3294,Weapon,Firearm,
2811,3296,Weapon,Blunt Object,
2812,3297,Weapon,Firearm,
2813,3298,Weapon,Other,
2814,3299,Weapon,Firearm,
2815,3300,Weapon,Blunt Object,
2816,3302,Weapon,Firearm,
2817,3305,Weapon,Poison,
2818,3307,Weapon,Other,
2819,3308,Weapon,Knife,
2820,3309,Weapon,Explosives,
2821,3310,Weapon,Knife,
2822,3311,Weapon,Firearm,
2823,3312,Weapon,Blunt Object,
2824,3313,Weapon,Other,
2825,3314,Weapon,Knife,
2826,3315,Weapon,Other,
2827,3316,Weapon,Other,
2828,3317,Weapon,Explosives,
2829,3318,Weapon,Firearm,
2830,3320,Weapon,Explosives,
2831,3321,Weapon,Blunt Object,
2832,3322,Weapon,Explosives,
2833,3323,Weapon,Blunt Object,
2834,3324,Weapon,Blunt Object,
2835,3325,Weapon,Explosives,
2836,3326,Weapon,Knife,
2837,3327,Weapon,Knife,
2838,3328,Weapon,Other,
2839,3329,Weapon,Explosives,
2840,3330,Weapon,Explosives,
2841,3331,Weapon,Explosives,
2842,3332,Weapon,Knife,
2843,3333,Weapon,Explosives,
2844,3334,Weapon,Knife,
2845,3335,Weapon,Poison,
2846,3336,Weapon,Firearm,
2847,3337,Weapon,Explosives,
2848,3338,Weapon,Blunt Object,
2849,3339,Weapon,Knife,
2850,3340,Weapon,Other,
2851,3341,Weapon,Firearm,
2852,3342,Weapon,Knife,
2853,3344,Weapon,Knife,
2854,3346,Weapon,Poison,
2855,3347,Weapon,Poison,
2856,3348,Weapon,Poison,
2857,3349,Weapon,Other,
2858,3350,Weapon,Other,
2859,3351,Weapon,Knife,
2860,3352,Weapon,Knife,
2861,3353,Weapon,Knife,
2862,3354,Weapon,Other,
2863,3355,Weapon,Explosives,
2864,3356,Weapon,Poison,
2865,3357,Weapon,Other,
2866,3358,Weapon,Poison,
2867,3360,Weapon,Blunt Object,
2868,3361,Weapon,Blunt Object,
2869,3362,Weapon,Blunt Object,
2870,3364,Weapon,Poison,
2871,3365,Weapon,Other,
2872,3366,Weapon,Explosives,
2873,3367,Weapon,Blunt Object,
2874,3368,Weapon,Other,
2875,3370,Weapon,Poison,
2876,3371,Weapon,Other,
2877,3373,Weapon,Explosives,
2878,3375,Weapon,Explosives,
2879,3376,Weapon,Explosives,
2880,3377,Weapon,Explosives,
2881,3378,Weapon,Poison,
2882,3379,Weapon,Other,
2883,3380,Weapon,Firearm,
2884,3381,Weapon,Blunt Object,
2885,3383,Weapon,Firearm,
2886,3385,Weapon,Knife,
2887,3386,Weapon,Explosives,
2888,3388,Weapon,Firearm,
2889,3389,Weapon,Firearm,
2890,3390,Weapon,Firearm,
2891,3394,Weapon,Blunt Object,
2892,3395,Weapon,Firearm,
2893,3396,Weapon,Knife,
2894,3397,Weapon,Knife,
2895,3398,Weapon,Poison,
2896,3399,Weapon,Knife,
2897,3400,Weapon,Other,
2898,3402,Weapon,Explosives,
2899,3403,Weapon,Other,
2900,3404,Weapon,Explosives,
2901,3405,Weapon,Blunt Object,
2902,3406,Weapon,Blunt Object,
2903,3407,Weapon,Poison,
2904,3408,Weapon,Knife,
2905,3409,Weapon,Blunt Object,
2906,3410,Weapon,Explosives,
2907,3411,Weapon,Poison,
2908,3412,Weapon,Poison,
2909,3414,Weapon,Poison,
2910,3415,Weapon,Poison,
2911,3416,Weapon,Firearm,
2912,3417,Weapon,Firearm,
2913,3418,Weapon,Knife,
2914,3419,Weapon,Other,
2915,3421,Weapon,Other,
2916,3422,Weapon,Knife,
2917,3423,Weapon,Blunt Object,
2918,3424,Weapon,Blunt Object,
2919,3425,Weapon,Explosives,
2920,3426,Weapon,Other,
2921,3427,Weapon,Explosives,
2922,3428,Weapon,Poison,
2923,3429,Weapon,Poison,
2924,3430,Weapon,Other,
2925,3431,Weapon,Explosives,
2926,3432,Weapon,Blunt Object,
2927,3433,Weapon,Poison,
2928,3434,Weapon,Poison,
2929,3435,Weapon,Poison,
2930,3436,Weapon,Explosives,
2931,3437,Weapon,Firearm,
2932,3438,Weapon,Explosives,
2933,3439,Weapon,Knife,
2934,3440,Weapon,Other,
2935,3441,Weapon,Knife,
2936,3443,Weapon,Blunt Object,
2937,3444,Weapon,Explosives,
2938,3445,Weapon,Knife,
2939,3446,Weapon,Explosives,
2940,3447,Weapon,Explosives,
2941,3448,Weapon,Explosives,
2942,3449,Weapon,Firearm,
2943,3450,Weapon,Poison,
2944,3451,Weapon,Other,
2945,3452,Weapon,Poison,
2946,3453,Weapon,Blunt Object,
2947,3454,Weapon,Other,
2948,3455,Weapon,Explosives,
2949,3456,Weapon,Firearm,
2950,3457,Weapon,Knife,
2951,3458,Weapon,Knife,
2952,3459,Weapon,Firearm,
2953,3460,Weapon,Poison,
2954,3461,Weapon,Firearm,
2955,3462,Weapon,Blunt Object,
2956,3463,Weapon,Blunt Object,
2957,3464,Weapon,Other,
2958,3465,Weapon,Firearm,
2959,3467,Weapon,Poison,
2960,3468,Weapon,Firearm,
2961,3469,Weapon,Firearm,
2962,3470,Weapon,Firearm,
2963,3471,Weapon,Explosives,
2964,3472,Weapon,Explosives,
2965,3473,Weapon,Blunt Object,
2966,3474,Weapon,Firearm,
2967,3475,Weapon,Other,
2968,3476,Weapon,Poison,
2969,3478,Weapon,Poison,
2970,3480,Weapon,Firearm,
2971,3481,Weapon,Explosives,
2972,3483,Weapon,Explosives,
2973,3484,Weapon,Poison,
2974,3485,Weapon,Explosives,
2975,3486,Weapon,Other,
2976,3487,Weapon,Explosives,
2977,3488,Weapon,Explosives,
2978,3489,Weapon,Knife,
2979,3490,Weapon,Poison,
2980,3491,Weapon,Explosives,
2981,3492,Weapon,Other,
2982,3493,Weapon,Poison,
2983,3494,Weapon,Other,
2984,3495,Weapon,Other,
2985,3496,Weapon,Explosives,
2986,3498,Weapon,Knife,
2987,3499,Weapon,Knife,
2988,3500,Weapon,Explosives,
2989,3502,Weapon,Other,
2990,3503,Weapon,Other,
2991,3504,Weapon,Other,
2992,3505,Weapon,Other,
2993,3506,Weapon,Blunt Object,
2994,3507,Weapon,Blunt Object,
2995,3508,Weapon,Other,
2996,3509,Weapon,Poison,
2997,3510,Weapon,Firearm,
2998,3511,Weapon,Other,
2999,3512,Weapon,Firearm,
3000,3513,Weapon,Knife,
3001,3515,Weapon,Explosives,
3002,3516,Weapon,Knife,
3003,3517,Weapon,Explosives,
3004,3519,Weapon,Other,
3005,3520,Weapon,Explosives,
3006,3521,Weapon,Other,
3007,3522,Weapon,Explosives,
3008,3524,Weapon,Explosives,
3009,3526,Weapon,Poison,
3010,3527,Weapon,Poison,
3011,3528,Weapon,Explosives,
3012,3529,Weapon,Knife,
3013,3530,Weapon,Explosives,
3014,3531,Weapon,Other,
3015,3532,Weapon,Knife,
3016,3533,Weapon,Blunt Object,
3017,3534,Weapon,Other,
3018,3535,Weapon,Other,
3019,3536,Weapon,Poison,
3020,3538,Weapon,Firearm,
3021,3539,Weapon,Other,
3022,3540,Weapon,Firearm,
3023,3541,Weapon,Blunt Object,
3024,3542,Weapon,Poison,
3025,3543,Weapon,Firearm,
3026,3545,Weapon,Other,
3027,3546,Weapon,Poison,
3028,3547,Weapon,Poison,
3029,3548,Weapon,Blunt Object,
3030,3550,Weapon,Knife,
3031,3551,Weapon,Other,
3032,3552,Weapon,Other,
3033,3554,Weapon,Knife,
3034,3555,Weapon,Blunt Object,
3035,3556,Weapon,Explosives,
3036,3557,Weapon,Firearm,
3037,3558,Weapon,Poison,
3038,3559,Weapon,Poison,
3039,3560,Weapon,Blunt Object,
3040,3561,Weapon,Firearm,
3041,3562,Weapon,Other,
3042,3563,Weapon,Blunt Object,
3043,3564,Weapon,Other,
3044,3565,Weapon,Poison,
3045,3566,Weapon,Explosives,
3046,3568,Weapon,Knife,
3047,3570,Weapon,Other,
3048,3571,Weapon,Knife,
3049,3573,Weapon,Knife,
3050,3574,Weapon,Knife,
3051,3575,Weapon,Firearm,
3052,3576,Weapon,Firearm,
3053,3577,Weapon,Knife,
3054,3578,Weapon,Poison,
3055,3580,Weapon,Explosives,
3056,3581,Weapon,Other,
3057,3582,Weapon,Blunt Object,
3058,3583,Weapon,Firearm,
3059,3584,Weapon,Other,
3060,3585,Weapon,Other,
3061,3586,Weapon,Knife,
3062,3587,Weapon,Blunt Object,
3063,3588,Weapon,Poison,
3064,3589,Weapon,Poison,
3065,3590,Weapon,Firearm,
3066,3591,Weapon,Firearm,
3067,3592,Weapon,Firearm,
3068,3593,Weapon,Explosives,
3069,3594,Weapon,Explosives,
3070,3595,Weapon,Blunt Object,
3071,3600,Weapon,Other,
3072,3601,Weapon,Other,
3073,3602,Weapon,Poison,
3074,3603,Weapon,Knife,
3075,3604,Weapon,Knife,
3076,3606,Weapon,Poison,
3077,3607,Weapon,Firearm,
3078,3608,Weapon,Poison,
3079,3609,Weapon,Poison,
3080,3610,Weapon,Poison,
3081,3611,Weapon,Blunt Object,
3082,3612,Weapon,Poison,
3083,3613,Weapon,Firearm,
3084,3614,Weapon,Explosives,
3085,3615,Weapon,Knife,
3086,3617,Weapon,Other,
3087,3618,Weapon,Blunt Object,
3088,3619,Weapon,Other,
3089,3620,Weapon,Explosives,
3090,3621,Weapon,Explosives,
3091,3622,Weapon,Firearm,
3092,3623,Weapon,Knife,
3093,3625,Weapon,Other,
3094,3627,Weapon,Knife,
3095,3629,Weapon,Explosives,
3096,3630,Weapon,Blunt Object,
3097,3631,Weapon,Knife,
3098,3632,Weapon,Blunt Object,
3099,3633,Weapon,Blunt Object,
3100,3634,Weapon,Blunt Object,
3101,3635,Weapon,Knife,
3102,3636,Weapon,Firearm,
3103,3637,Weapon,Other,
3104,3638,Weapon,Blunt Object,
3105,3640,Weapon,Knife,
3106,3641,Weapon,Poison,
3107,3643,Weapon,Knife,
3108,3644,Weapon,Other,
3109,3645,Weapon,Other,
3110,3646,Weapon,Knife,
3111,3647,Weapon,Other,
3112,3648,Weapon,Knife,
3113,3649,Weapon,Explosives,
3114,3650,Weapon,Knife,
3115,3652,Weapon,Knife,
3116,3653,Weapon,Knife,
3117,3654,Weapon,Other,
3118,3655,Weapon,Other,
3119,3656,Weapon,Blunt Object,
3120,3658,Weapon,Other,
3121,3659,Weapon,Other,
3122,3660,Weapon,Firearm,
3123,3661,Weapon,Blunt Object,
3124,3662,Weapon,Other,
3125,3663,Weapon,Explosives,
3126,3664,Weapon,Firearm,
3127,3665,Weapon,Poison,
3128,3666,Weapon,Blunt Object,
3129,3667,Weapon,Poison,
3130,3668,Weapon,Firearm,
3131,3669,Weapon,Blunt Object,
3132,3671,Weapon,Poison,
3133,3672,Weapon,Blunt Object,
3134,3673,Weapon,Knife,
3135,3674,Weapon,Other,
3136,3675,Weapon,Blunt Object,
3137,3676,Weapon,Knife,
3138,3677,Weapon,Firearm,
3139,3678,Weapon,Blunt Object,
3140,3679,Weapon,Other,
3141,3680,Weapon,Firearm,
3142,3681,Weapon,Other,
3143,3683,Weapon,Explosives,
3144,3684,Weapon,Poison,
3145,3685,Weapon,Blunt Object,
3146,3687,Weapon,Other,
3147,3688,Weapon,Blunt Object,
3148,3689,Weapon,Blunt Object,
3149,3690,Weapon,Poison,
3150,3691,Weapon,Knife,
3151,3693,Weapon,Firearm,
3152,3694,Weapon,Knife,
3153,3695,Weapon,Blunt Object,
3154,3696,Weapon,Knife,
3155,3697,Weapon,Poison,
3156,3698,Weapon,Firearm,
3157,3699,Weapon,Poison,
3158,3700,Weapon,Poison,
3159,3701,Weapon,Explosives,
3160,3704,Weapon,Blunt Object,
3161,3705,Weapon,Poison,
3162,3706,Weapon,Explosives,
3163,3708,Weapon,Blunt Object,
3164,3709,Weapon,Knife,
3165,3710,Weapon,Explosives,
3166,3711,Weapon,Explosives,
3167,3712,Weapon,Knife,
3168,3713,Weapon,Blunt Object,
3169,3714,Weapon,Other,
3170,3715,Weapon,Firearm,
3171,3716,Weapon,Other,
3172,3718,Weapon,Knife,
3173,3720,Weapon,Explosives,
3174,3721,Weapon,Knife,
3175,3722,Weapon,Firearm,
3176,3723,Weapon,Knife,
3177,3724,Weapon,Poison,
3178,3725,Weapon,Firearm,
3179,3726,Weapon,Firearm,
3180,3727,Weapon,Other,
3181,3728,Weapon,Knife,
3182,3729,Weapon,Explosives,
3183,3730,Weapon,Other,
3184,3732,Weapon,Poison,
3185,3733,Weapon,Blunt Object,
3186,3735,Weapon,Blunt Object,
3187,3736,Weapon,Knife,
3188,3737,Weapon,Poison,
3189,3738,Weapon,Blunt Object,
3190,3739,Weapon,Blunt Object,
3191,3740,Weapon,Other,
3192,3741,Weapon,Firearm,
3193,3743,Weapon,Other,
3194,3744,Weapon,Other,
3195,3745,Weapon,Blunt Object,
3196,3746,Weapon,Firearm,
3197,3747,Weapon,Poison,
3198,3748,Weapon,Other,
3199,3749,Weapon,Blunt Object,
3200,3750,Weapon,Other,
3201,3751,Weapon,Explosives,
3202,3752,Weapon,Knife,
3203,3755,Weapon,Firearm,
3204,3756,Weapon,Blunt Object,
3205,3757,Weapon,Firearm,
3206,3758,Weapon,Explosives,
3207,3759,Weapon,Poison,
3208,3760,Weapon,Blunt Object,
3209,3761,Weapon,Explosives,
3210,3762,Weapon,Knife,
3211,3764,Weapon,Poison,
3212,3765,Weapon,Knife,
3213,3766,Weapon,Blunt Object,
3214,3767,Weapon,Explosives,
3215,3768,Weapon,Firearm,
3216,3769,Weapon,Poison,
3217,3770,Weapon,Blunt Object,
3218,3772,Weapon,Firearm,
3219,3773,Weapon,Explosives,
3220,3774,Weapon,Poison,
3221,3775,Weapon,Other,
3222,3777,Weapon,Other,
3223,3778,Weapon,Blunt Object,
3224,3779,Weapon,Explosives,
3225,3781,Weapon,Other,
3226,3782,Weapon,Knife,
3227,3784,Weapon,Knife,
3228,3785,Weapon,Poison,
3229,3786,Weapon,Blunt Object,
3230,3787,Weapon,Poison,
3231,3788,Weapon,Blunt Object,
3232,3789,Weapon,Other,
3233,3790,Weapon,Other,
3234,3792,Weapon,Poison,
3235,3793,Weapon,Other,
3236,3794,Weapon,Other,
3237,3796,Weapon,Knife,
3238,3797,Weapon,Blunt Object,
3239,3798,Weapon,Firearm,
3240,3799,Weapon,Explosives,
3241,3800,Weapon,Blunt Object,
3242,3801,Weapon,Poison,
3243,3802,Weapon,Firearm,
3244,3803,Weapon,Poison,
3245,3804,Weapon,Firearm,
3246,3805,Weapon,Other,
3247,3806,Weapon,Poison,
3248,3807,Weapon,Blunt Object,
3249,3808,Weapon,Knife,
3250,3809,Weapon,Explosives,
3251,3810,Weapon,Explosives,
3252,3811,Weapon,Explosives,
3253,3812,Weapon,Firearm,
3254,3813,Weapon,Other,
3255,3814,Weapon,Explosives,
3256,3815,Weapon,Blunt Object,
3257,3816,Weapon,Knife,
3258,3818,Weapon,Knife,
3259,3819,Weapon,Blunt Object,
3260,3820,Weapon,Knife,
3261,3821,Weapon,Explosives,
3262,3822,Weapon,Knife,
3263,3823,Weapon,Explosives,
3264,3824,Weapon,Knife,
3265,3825,Weapon,Firearm,
3266,3826,Weapon,Poison,
3267,3828,Weapon,Knife,
3268,3830,Weapon,Explosives,
3269,3831,Weapon,Knife,
3270,3832,Weapon,Firearm,
3271,3833,Weapon,Firearm,
3272,3834,Weapon,Poison,
3273,3835,Weapon,Knife,
3274,3836,Weapon,Firearm,
3275,3837,Weapon,Poison,
3276,3838,Weapon,Firearm,
3277,3839,Weapon,Firearm,
3278,3840,Weapon,Firearm,
3279,3841,Weapon,Other,
3280,3842,Weapon,Other,
3281,3843,Weapon,Blunt Object,
3282,3844,Weapon,Knife,
3283,3845,Weapon,Knife,
3284,3846,Weapon,Knife,
3285,3847,Weapon,Poison,
3286,3848,Weapon,Knife,
3287,3849,Weapon,Blunt Object,
3288,3850,Weapon,Other,
3289,3851,Weapon,Knife,
3290,3852,Weapon,Poison,
3291,3853,Weapon,Firearm,
3292,3855,Weapon,Knife,
3293,3856,Weapon,Poison,
3294,3857,Weapon,Blunt Object,
3295,3858,Weapon,Poison,
3296,3859,Weapon,Explosives,
3297,3860,Weapon,Knife,
3298,3861,Weapon,Firearm,
3299,3862,Weapon,Explosives,
3300,3863,Weapon,Blunt Object,
3301,3865,Weapon,Poison,
3302,3866,Weapon,Other,
3303,3867,Weapon,Firearm,
3304,3870,Weapon,Firearm,
3305,3871,Weapon,Poison,
3306,3873,Weapon,Firearm,
3307,3874,Weapon,Knife,
3308,3875,Weapon,Other,
3309,3876,Weapon,Blunt Object,
3310,3877,Weapon,Blunt Object,
3311,3878,Weapon,Knife,
3312,3879,Weapon,Explosives,
3313,3880,Weapon,Knife,
3314,3881,Weapon,Knife,
3315,3882,Weapon,Firearm,
3316,3883,Weapon,Knife,
3317,3885,Weapon,Poison,
3318,3886,Weapon,Other,
3319,3887,Weapon,Knife,
3320,3888,Weapon,Blunt Object,
3321,3889,Weapon,Firearm,
3322,3890,Weapon,Knife,
3323,3891,Weapon,Blunt Object,
3324,3892,Weapon,Explosives,
3325,3893,Weapon,Explosives,
3326,3894,Weapon,Firearm,
3327,3895,Weapon,Blunt Object,
3328,3896,Weapon,Knife,
3329,3897,Weapon,Knife,
3330,3898,Weapon,Other,
3331,3900,Weapon,Knife,
3332,3901,Weapon,Other,
3333,3902,Weapon,Poison,
3334,3903,Weapon,Knife,
3335,3905,Weapon,Knife,
3336,3906,Weapon,Blunt Object,
3337,3907,Weapon,Knife,
3338,3909,Weapon,Explosives,
3339,3910,Weapon,Explosives,
3340,3911,Weapon,Explosives,
3341,3912,Weapon,Explosives,
3342,3913,Weapon,Firearm,
3343,3914,Weapon,Poison,
3344,3915,Weapon,Firearm,
3345,3917,Weapon,Knife,
3346,3918,Weapon,Explosives,
3347,3919,Weapon,Explosives,
3348,3920,Weapon,Poison,
3349,3921,Weapon,Other,
3350,3922,Weapon,Firearm,
3351,3923,Weapon,Blunt Object,
3352,3924,Weapon,Other,
3353,3925,Weapon,Other,
3354,3926,Weapon,Other,
3355,3927,Weapon,Blunt Object,
3356,3928,Weapon,Firearm,
3357,3930,Weapon,Other,
3358,3931,Weapon,Knife,
3359,3932,Weapon,Explosives,
3360,3933,Weapon,Other,
3361,3934,Weapon,Blunt Object,
3362,3935,Weapon,Poison,
3363,3936,Weapon,Blunt Object,
3364,3937,Weapon,Poison,
3365,3938,Weapon,Firearm,
3366,3939,Weapon,Firearm,
3367,3940,Weapon,Other,
3368,3941,Weapon,Explosives,
3369,3943,Weapon,Other,
3370,3946,Weapon,Other,
3371,3947,Weapon,Knife,
3372,3948,Weapon,Knife,
3373,3949,Weapon,Poison,
3374,3950,Weapon,Other,
3375,3952,Weapon,Firearm,
3376,3953,Weapon,Poison,
3377,3954,Weapon,Knife,
3378,3955,Weapon,Other,
3379,3958,Weapon,Other,
3380,3961,Weapon,Other,
3381,3962,Weapon,Poison,
3382,3963,Weapon,Explosives,
3383,3964,Weapon,Knife,
3384,3965,Weapon,Blunt Object,
3385,3966,Weapon,Firearm,
3386,3967,Weapon,Knife,
3387,3971,Weapon,Blunt Object,
3388,3972,Weapon,Knife,
3389,3973,Weapon,Firearm,
3390,3974,Weapon,Poison,
3391,3975,Weapon,Other,
3392,3977,Weapon,Knife,
3393,3978,Weapon,Explosives,
3394,3979,Weapon,Other,
3395,3980,Weapon,Other,
3396,3981,Weapon,Other,
3397,3982,Weapon,Other,
3398,3983,Weapon,Explosives,
3399,3984,Weapon,Firearm,
3400,3985,Weapon,Blunt Object,
3401,3986,Weapon,Other,
3402,3987,Weapon,Other,
3403,3988,Weapon,Blunt Object,
3404,3989,Weapon,Blunt Object,
3405,3990,Weapon,Firearm,
3406,3991,Weapon,Explosives,
3407,3992,Weapon,Knife,
3408,3993,Weapon,Poison,
3409,3994,Weapon,Knife,
3410,3995,Weapon,Blunt Object,
3411,3996,Weapon,Poison,
3412,3997,Weapon,Firearm,
3413,3998,Weapon,Blunt Object,
3414,3999,Weapon,Explosives,
3415,4000,Weapon,Knife,
3416,4001,Weapon,Other,
3417,4002,Weapon,Knife,
3418,4003,Weapon,Explosives,
3419,4004,Weapon,Blunt Object,
3420,4005,Weapon,Other,
3421,4006,Weapon,Poison,
3422,4007,Weapon,Firearm,
3423,4008,Weapon,Blunt Object,
3424,4009,Weapon,Firearm,
3425,4010,Weapon,Blunt Object,
3426,4012,Weapon,Knife,
3427,4013,Weapon,Blunt Object,
3428,4014,Weapon,Firearm,
3429,4015,Weapon,Other,
3430,4016,Weapon,Explosives,
3431,4017,Weapon,Knife,
3432,4018,Weapon,Poison,
3433,4019,Weapon,Knife,
3434,4020,Weapon,Knife,
3435,4021,Weapon,Poison,
3436,4022,Weapon,Knife,
3437,4023,Weapon,Blunt Object,
3438,4024,Weapon,Blunt Object,
3439,4025,Weapon,Other,
3440,4027,Weapon,Firearm,
3441,4028,Weapon,Knife,
3442,4030,Weapon,Poison,
3443,4031,Weapon,Poison,
3444,4032,Weapon,Blunt Object,
3445,4034,Weapon,Other,
3446,4035,Weapon,Firearm,
3447,4036,Weapon,Blunt Object,
3448,4037,Weapon,Explosives,
3449,4038,Weapon,Poison,
3450,4039,Weapon,Blunt Object,
3451,4040,Weapon,Poison,
3452,4041,Weapon,Knife,
3453,4042,Weapon,Other,
3454,4043,Weapon,Blunt Object,
3455,4044,Weapon,Knife,
3456,4045,Weapon,Firearm,
3457,4046,Weapon,Blunt Object,
3458,4047,Weapon,Other,
3459,4048,Weapon,Other,
3460,4050,Weapon,Firearm,
3461,4051,Weapon,Poison,
3462,4053,Weapon,Explosives,
3463,4054,Weapon,Explosives,
3464,4055,Weapon,Other,
3465,4056,Weapon,Other,
3466,4057,Weapon,Blunt Object,
3467,4058,Weapon,Explosives,
3468,4059,Weapon,Firearm,
3469,4061,Weapon,Blunt Object,
3470,4062,Weapon,Blunt Object,
3471,4063,Weapon,Poison,
3472,4064,Weapon,Blunt Object,
3473,4065,Weapon,Knife,
3474,4066,Weapon,Explosives,
3475,4067,Weapon,Blunt Object,
3476,4068,Weapon,Poison,
3477,4069,Weapon,Blunt Object,
3478,4070,Weapon,Knife,
3479,4071,Weapon,Other,
3480,4072,Weapon,Explosives,
3481,4073,Weapon,Knife,
3482,4074,Weapon,Knife,
3483,4075,Weapon,Blunt Object,
3484,4076,Weapon,Explosives,
3485,4077,Weapon,Firearm,
3486,4079,Weapon,Other,
3487,4080,Weapon,Other,
3488,4081,Weapon,Explosives,
3489,4082,Weapon,Firearm,
3490,4083,Weapon,Explosives,
3491,4085,Weapon,Explosives,
3492,4086,Weapon,Poison,
3493,4087,Weapon,Poison,
3494,4088,Weapon,Poison,
3495,4089,Weapon,Firearm,
3496,4090,Weapon,Knife,
3497,4091,Weapon,Poison,
3498,4092,Weapon,Other,
3499,4093,Weapon,Knife,
3500,4094,Weapon,Explosives,
3501,4095,Weapon,Poison,
3502,4096,Weapon,Other,
3503,4097,Weapon,Firearm,
3504,4099,Weapon,Other,
3505,4100,Weapon,Poison,
3506,4101,Weapon,Explosives,
3507,4102,Weapon,Knife,
3508,4105,Weapon,Firearm,
3509,4106,Weapon,Firearm,
3510,4107,Weapon,Blunt Object,
3511,4108,Weapon,Blunt Object,
3512,4109,Weapon,Blunt Object,
3513,4110,Weapon,Knife,
3514,4111,Weapon,Other,
3515,4112,Weapon,Poison,
3516,4113,Weapon,Knife,
3517,4114,Weapon,Explosives,
3518,4115,Weapon,Blunt Object,
3519,4117,Weapon,Blunt Object,
3520,4118,Weapon,Knife,
3521,4119,Weapon,Explosives,
3522,4120,Weapon,Poison,
3523,4121,Weapon,Firearm,
3524,4123,Weapon,Poison,
3525,4124,Weapon,Poison,
3526,4125,Weapon,Firearm,
3527,4126,Weapon,Poison,
3528,4128,Weapon,Poison,
3529,4129,Weapon,Knife,
3530,4130,Weapon,Other,
3531,4131,Weapon,Firearm,
3532,4132,Weapon,Blunt Object,
3533,4133,Weapon,Poison,
3534,4134,Weapon,Other,
3535,4135,Weapon,Other,
3536,4136,Weapon,Explosives,
3537,4137,Weapon,Blunt Object,
3538,4138,Weapon,Firearm,
3539,4139,Weapon,Blunt Object,
3540,4141,Weapon,Blunt Object,
3541,4142,Weapon,Other,
3542,4143,Weapon,Other,
3543,4144,Weapon,Knife,
3544,4145,Weapon,Blunt Object,
3545,4146,Weapon,Blunt Object,
3546,4148,Weapon,Firearm,
3547,4149,Weapon,Firearm,
3548,4150,Weapon,Knife,
3549,4151,Weapon,Knife,
3550,4152,Weapon,Knife,
3551,4153,Weapon,Firearm,
3552,4154,Weapon,Explosives,
3553,4155,Weapon,Blunt Object,
3554,4157,Weapon,Knife,
3555,4158,Weapon,Knife,
3556,4160,Weapon,Firearm,
3557,4161,Weapon,Blunt Object,
3558,4162,Weapon,Knife,
3559,4163,Weapon,Blunt Object,
3560,4164,Weapon,Knife,
3561,4166,Weapon,Poison,
3562,4167,Weapon,Poison,
3563,4168,Weapon,Blunt Object,
3564,4169,Weapon,Explosives,
3565,4171,Weapon,Firearm,
3566,4172,Weapon,Blunt Object,
3567,4174,Weapon,Firearm,
3568,4175,Weapon,Firearm,
3569,4176,Weapon,Explosives,
3570,4177,Weapon,Knife,
3571,4178,Weapon,Poison,
3572,4179,Weapon,Firearm,
3573,4180,Weapon,Firearm,
3574,4181,Weapon,Poison,
3575,4183,Weapon,Knife,
3576,4184,Weapon,Firearm,
3577,4185,Weapon,Explosives,
3578,4186,Weapon,Other,
3579,4187,Weapon,Other,
3580,4188,Weapon,Firearm,
3581,4189,Weapon,Blunt Object,
3582,4190,Weapon,Blunt Object,
3583,4191,Weapon,Poison,
3584,4192,Weapon,Knife,
3585,4193,Weapon,Knife,
3586,4195,Weapon,Blunt Object,
3587,4196,Weapon,Poison,
3588,4197,Weapon,Explosives,
3589,4198,Weapon,Explosives,
3590,4199,Weapon,Knife,
3591,4200,Weapon,Knife,
3592,4201,Weapon,Poison,
3593,4202,Weapon,Explosives,
3594,4203,Weapon,Knife,
3595,4204,Weapon,Firearm,
3596,4206,Weapon,Firearm,
3597,4208,Weapon,Knife,
3598,4209,Weapon,Other,
3599,4210,Weapon,Poison,
3600,4211,Weapon,Poison,
3601,4212,Weapon,Knife,
3602,4213,Weapon,Knife,
3603,4214,Weapon,Explosives,
3604,4215,Weapon,Knife,
3605,4216,Weapon,Knife,
3606,4217,Weapon,Firearm,
3607,4218,Weapon,Firearm,
3608,4219,Weapon,Poison,
3609,4220,Weapon,Knife,
3610,4221,Weapon,Other,
3611,4222,Weapon,Firearm,
3612,4223,Weapon,Blunt Object,
3613,4224,Weapon,Knife,
3614,4225,Weapon,Poison,
3615,4226,Weapon,Explosives,
3616,4227,Weapon,Poison,
3617,4228,Weapon,Firearm,
3618,4229,Weapon,Explosives,
3619,4230,Weapon,Other,
3620,4231,Weapon,Poison,
3621,4232,Weapon,Knife,
3622,4233,Weapon,Explosives,
3623,4234,Weapon,Blunt Object,
3624,4236,Weapon,Other,
3625,4237,Weapon,Poison,
3626,4238,Weapon,Knife,
3627,4239,Weapon,Poison,
3628,4240,Weapon,Explosives,
3629,4241,Weapon,Poison,
3630,4242,Weapon,Other,
3631,4243,Weapon,Knife,
3632,4244,Weapon,Firearm,
3633,4245,Weapon,Knife,
3634,4247,Weapon,Explosives,
3635,4248,Weapon,Other,
3636,4249,Weapon,Other,
3637,4250,Weapon,Knife,
3638,4251,Weapon,Poison,
3639,4252,Weapon,Explosives,
3640,4253,Weapon,Explosives,
3641,4254,Weapon,Explosives,
3642,4256,Weapon,Explosives,
3643,4257,Weapon,Explosives,
3644,4258,Weapon,Firearm,
3645,4260,Weapon,Poison,
3646,4262,Weapon,Other,
3647,4263,Weapon,Other,
3648,4264,Weapon,Other,
3649,4266,Weapon,Blunt Object,
3650,4267,Weapon,Poison,
3651,4268,Weapon,Poison,
3652,4269,Weapon,Explosives,
3653,4270,Weapon,Firearm,
3654,4271,Weapon,Other,
3655,4272,Weapon,Knife,
3656,4273,Weapon,Other,
3657,4274,Weapon,Other,
3658,4275,Weapon,Poison,
3659,4276,Weapon,Firearm,
3660,4277,Weapon,Knife,
3661,4278,Weapon,Poison,
3662,4279,Weapon,Knife,
3663,4280,Weapon,Knife,
3664,4281,Weapon,Poison,
3665,4282,Weapon,Blunt Object,
3666,4283,Weapon,Other,
3667,4284,Weapon,Firearm,
3668,4285,Weapon,Blunt Object,
3669,4287,Weapon,Firearm,
3670,4288,Weapon,Firearm,
3671,4289,Weapon,Firearm,
3672,4290,Weapon,Blunt Object,
3673,4292,Weapon,Other,
3674,4293,Weapon,Blunt Object,
3675,4294,Weapon,Blunt Object,
3676,4295,Weapon,Other,
3677,4296,Weapon,Blunt Object,
3678,4297,Weapon,Blunt Object,
3679,4298,Weapon,Other,
3680,4299,Weapon,Other,
3681,4300,Weapon,Firearm,
3682,4301,Weapon,Other,
3683,4302,Weapon,Firearm,
3684,4303,Weapon,Knife,
3685,4304,Weapon,Blunt Object,
3686,4305,Weapon,Knife,
3687,4307,Weapon,Blunt Object,
3688,4308,Weapon,Blunt Object,
3689,4310,Weapon,Poison,
3690,4311,Weapon,Firearm,
3691,4312,Weapon,Poison,
3692,4313,Weapon,Blunt Object,
3693,4314,Weapon,Explosives,
3694,4316,Weapon,Knife,
3695,4318,Weapon,Firearm,
3696,4319,Weapon,Other,
3697,4320,Weapon,Explosives,
3698,4321,Weapon,Knife,
3699,4322,Weapon,Blunt Object,
3700,4323,Weapon,Poison,
3701,4324,Weapon,Other,
3702,4325,Weapon,Firearm,
3703,4326,Weapon,Other,
3704,4327,Weapon,Blunt Object,
3705,4328,Weapon,Firearm,
3706,4329,Weapon,Blunt Object,
3707,4330,Weapon,Explosives,
3708,4331,Weapon,Other,
3709,4332,Weapon,Blunt Object,
3710,4333,Weapon,Knife,
3711,4334,Weapon,Poison,
3712,4335,Weapon,Explosives,
3713,4336,Weapon,Blunt Object,
3714,4337,Weapon,Knife,
3715,4339,Weapon,Firearm,
3716,4340,Weapon,Poison,
3717,4341,Weapon,Firearm,
3718,4342,Weapon,Blunt Object,
3719,4343,Weapon,Poison,
3720,4344,Weapon,Firearm,
3721,4345,Weapon,Explosives,
3722,4346,Weapon,Explosives,
3723,4347,Weapon,Blunt Object,
3724,4348,Weapon,Knife,
3725,4349,Weapon,Poison,
3726,4350,Weapon,Knife,
3727,4351,Weapon,Other,
3728,4353,Weapon,Other,
3729,4354,Weapon,Poison,
3730,4355,Weapon,Blunt Object,
3731,4356,Weapon,Explosives,
3732,4357,Weapon,Other,
3733,4358,Weapon,Knife,
3734,4359,Weapon,Other,
3735,4360,Weapon,Knife,
3736,4361,Weapon,Firearm,
3737,4363,Weapon,Blunt Object,
3738,4365,Weapon,Other,
3739,4366,Weapon,Firearm,
3740,4367,Weapon,Knife,
3741,4368,Weapon,Firearm,
3742,4369,Weapon,Other,
3743,4371,Weapon,Firearm,
3744,4373,Weapon,Explosives,
3745,4374,Weapon,Other,
3746,4375,Weapon,Knife,
3747,4376,Weapon,Firearm,
3748,4377,Weapon,Explosives,
3749,4378,Weapon,Explosives,
3750,4379,Weapon,Blunt Object,
3751,4380,Weapon,Firearm,
3752,4381,Weapon,Knife,
3753,4382,Weapon,Explosives,
3754,4383,Weapon,Firearm,
3755,4384,Weapon,Explosives,
3756,4385,Weapon,Poison,
3757,4386,Weapon,Other,
3758,4387,Weapon,Knife,
3759,4388,Weapon,Knife,
3760,4389,Weapon,Knife,
3761,4390,Weapon,Blunt Object,
3762,4391,Weapon,Blunt Object,
3763,4393,Weapon,Knife,
3764,4394,Weapon,Poison,
3765,4395,Weapon,Other,
3766,4397,Weapon,Firearm,
3767,4398,Weapon,Other,
3768,4399,Weapon,Explosives,
3769,4400,Weapon,Firearm,
3770,4401,Weapon,Firearm,
3771,4402,Weapon,Blunt Object,
3772,4403,Weapon,Explosives,
3773,4404,Weapon,Blunt Object,
3774,4405,Weapon,Knife,
3775,4406,Weapon,Poison,
3776,4407,Weapon,Other,
3777,4408,Weapon,Blunt Object,
3778,4409,Weapon,Poison,
3779,4413,Weapon,Knife,
3780,4414,Weapon,Firearm,
3781,4415,Weapon,Firearm,
3782,4416,Weapon,Blunt Object,
3783,4417,Weapon,Explosives,
3784,4418,Weapon,Knife,
3785,4419,Weapon,Poison,
3786,4420,Weapon,Explosives,
3787,4421,Weapon,Knife,
3788,4422,Weapon,Poison,
3789,4423,Weapon,Poison,
3790,4424,Weapon,Firearm,
3791,4425,Weapon,Blunt Object,
3792,4426,Weapon,Explosives,
3793,4427,Weapon,Explosives,
3794,4428,Weapon,Knife,
3795,4429,Weapon,Explosives,
3796,4430,Weapon,Knife,
3797,4431,Weapon,Explosives,
3798,4432,Weapon,Blunt Object,
3799,4433,Weapon,Blunt Object,
3800,4435,Weapon,Explosives,
3801,4436,Weapon,Knife,
3802,4437,Weapon,Poison,
3803,4438,Weapon,Explosives,
3804,4439,Weapon,Firearm,
3805,4440,Weapon,Blunt Object,
3806,4443,Weapon,Explosives,
3807,4444,Weapon,Knife,
3808,4445,Weapon,Explosives,
3809,4446,Weapon,Blunt Object,
3810,4448,Weapon,Blunt Object,
3811,4449,Weapon,Blunt Object,
3812,4450,Weapon,Blunt Object,
3813,4451,Weapon,Firearm,
3814,4452,Weapon,Knife,
3815,4453,Weapon,Knife,
3816,4456,Weapon,Firearm,
3817,4457,Weapon,Firearm,
3818,4458,Weapon,Other,
3819,4459,Weapon,Poison,
3820,4461,Weapon,Knife,
3821,4462,Weapon,Explosives,
3822,4463,Weapon,Poison,
3823,4464,Weapon,Explosives,
3824,4466,Weapon,Blunt Object,
3825,4467,Weapon,Blunt Object,
3826,4468,Weapon,Firearm,
3827,4469,Weapon,Other,
3828,4470,Weapon,Explosives,
3829,4471,Weapon,Knife,
3830,4472,Weapon,Blunt Object,
3831,4473,Weapon,Explosives,
3832,4474,Weapon,Explosives,
3833,4475,Weapon,Blunt Object,
3834,4476,Weapon,Explosives,
3835,4477,Weapon,Explosives,
3836,4478,Weapon,Blunt Object,
3837,4479,Weapon,Firearm,
3838,4482,Weapon,Blunt Object,
3839,4483,Weapon,Blunt Object,
3840,4484,Weapon,Explosives,
3841,4485,Weapon,Other,
3842,4486,Weapon,Firearm,
3843,4487,Weapon,Firearm,
3844,4488,Weapon,Other,
3845,4492,Weapon,Poison,
3846,4493,Weapon,Explosives,
3847,4494,Weapon,Poison,
3848,4496,Weapon,Poison,
3849,4497,Weapon,Other,
3850,4498,Weapon,Explosives,
3851,4501,Weapon,Knife,
3852,4502,Weapon,Blunt Object,
3853,4503,Weapon,Other,
3854,4504,Weapon,Explosives,
3855,4505,Weapon,Firearm,
3856,4506,Weapon,Blunt Object,
3857,4507,Weapon,Explosives,
3858,4508,Weapon,Blunt Object,
3859,4509,Weapon,Knife,
3860,4510,Weapon,Other,
3861,4513,Weapon,Poison,
3862,4514,Weapon,Other,
3863,4515,Weapon,Explosives,
3864,4516,Weapon,Other,
3865,4517,Weapon,Blunt Object,
3866,4518,Weapon,Poison,
3867,4519,Weapon,Blunt Object,
3868,4520,Weapon,Explosives,
3869,4521,Weapon,Other,
3870,4522,Weapon,Other,
3871,4523,Weapon,Poison,
3872,4524,Weapon,Firearm,
3873,4526,Weapon,Firearm,
3874,4527,Weapon,Explosives,
3875,4528,Weapon,Knife,
3876,4530,Weapon,Blunt Object,
3877,4531,Weapon,Poison,
3878,4532,Weapon,Other,
3879,4534,Weapon,Other,
3880,4535,Weapon,Poison,
3881,4536,Weapon,Poison,
3882,4537,Weapon,Explosives,
3883,4539,Weapon,Explosives,
3884,4540,Weapon,Other,
3885,4541,Weapon,Firearm,
3886,4542,Weapon,Knife,
3887,4543,Weapon,Explosives,
3888,4544,Weapon,Poison,
3889,4545,Weapon,Explosives,
3890,4546,Weapon,Explosives,
3891,4547,Weapon,Blunt Object,
3892,4548,Weapon,Poison,
3893,4549,Weapon,Knife,
3894,4550,Weapon,Knife,
3895,4552,Weapon,Explosives,
3896,4553,Weapon,Poison,
3897,4554,Weapon,Other,
3898,4555,Weapon,Explosives,
3899,4556,Weapon,Other,
3900,4557,Weapon,Other,
3901,4558,Weapon,Other,
3902,4559,Weapon,Explosives,
3903,4560,Weapon,Blunt Object,
3904,4561,Weapon,Explosives,
3905,4562,Weapon,Knife,
3906,4563,Weapon,Explosives,
3907,4565,Weapon,Firearm,
3908,4566,Weapon,Blunt Object,
3909,4567,Weapon,Explosives,
3910,4568,Weapon,Poison,
3911,4570,Weapon,Poison,
3912,4572,Weapon,Poison,
3913,4573,Weapon,Blunt Object,
3914,4574,Weapon,Explosives,
3915,4575,Weapon,Explosives,
3916,4576,Weapon,Other,
3917,4577,Weapon,Explosives,
3918,4578,Weapon,Knife,
3919,4579,Weapon,Knife,
3920,4580,Weapon,Knife,
3921,4581,Weapon,Explosives,
3922,4582,Weapon,Knife,
3923,4583,Weapon,Blunt Object,
3924,4584,Weapon,Poison,
3925,4586,Weapon,Firearm,
3926,4587,Weapon,Poison,
3927,4588,Weapon,Other,
3928,4589,Weapon,Poison,
3929,4590,Weapon,Firearm,
3930,4591,Weapon,Knife,
3931,4592,Weapon,Firearm,
3932,4593,Weapon,Poison,
3933,4594,Weapon,Other,
3934,4595,Weapon,Firearm,
3935,4598,Weapon,Other,
3936,4599,Weapon,Other,
3937,4600,Weapon,Other,
3938,4601,Weapon,Poison,
3939,4602,Weapon,Other,
3940,4603,Weapon,Explosives,
3941,4605,Weapon,Other,
3942,4606,Weapon,Other,
3943,4607,Weapon,Explosives,
3944,4608,Weapon,Explosives,
3945,4609,Weapon,Poison,
3946,4610,Weapon,Poison,
3947,4611,Weapon,Other,
3948,4612,Weapon,Other,
3949,4613,Weapon,Firearm,
3950,4614,Weapon,Firearm,
3951,4615,Weapon,Knife,
3952,4616,Weapon,Firearm,
3953,4617,Weapon,Knife,
3954,4618,Weapon,Other,
3955,4619,Weapon,Firearm,
3956,4620,Weapon,Firearm,
3957,4622,Weapon,Other,
3958,4623,Weapon,Blunt Object,
3959,4624,Weapon,Poison,
3960,4625,Weapon,Poison,
3961,4626,Weapon,Poison,
3962,4628,Weapon,Knife,
3963,4629,Weapon,Blunt Object,
3964,4630,Weapon,Knife,
3965,4631,Weapon,Other,
3966,4632,Weapon,Knife,
3967,4633,Weapon,Firearm,
3968,4634,Weapon,Explosives,
3969,4635,Weapon,Firearm,
3970,4636,Weapon,Firearm,
3971,4637,Weapon,Explosives,
3972,4638,Weapon,Poison,
3973,4639,Weapon,Knife,
3974,4640,Weapon,Poison,
3975,4642,Weapon,Other,
3976,4643,Weapon,Explosives,
3977,4644,Weapon,Poison,
3978,4645,Weapon,Other,
3979,4646,Weapon,Other,
3980,4647,Weapon,Poison,
3981,4649,Weapon,Firearm,
3982,4650,Weapon,Firearm,
3983,4651,Weapon,Knife,
3984,4652,Weapon,Other,
3985,4653,Weapon,Firearm,
3986,4654,Weapon,Poison,
3987,4655,Weapon,Poison,
3988,4656,Weapon,Firearm,
3989,4657,Weapon,Poison,
3990,4658,Weapon,Other,
3991,4659,Weapon,Firearm,
3992,4661,Weapon,Poison,
3993,4662,Weapon,Firearm,
3994,4663,Weapon,Blunt Object,
3995,4664,Weapon,Explosives,
3996,4665,Weapon,Firearm,
3997,4667,Weapon,Knife,
3998,4668,Weapon,Blunt Object,
3999,4669,Weapon,Other,
4000,4670,Weapon,Other,
4001,4671,Weapon,Other,
4002,4672,Weapon,Blunt Object,
4003,4673,Weapon,Explosives,
4004,4674,Weapon,Blunt Object,
4005,4675,Weapon,Other,
4006,4676,Weapon,Knife,
4007,4677,Weapon,Blunt Object,
4008,4679,Weapon,Blunt Object,
4009,4680,Weapon,Blunt Object,
4010,4682,Weapon,Firearm,
4011,4683,Weapon,Firearm,
4012,4684,Weapon,Explosives,
4013,4686,Weapon,Blunt Object,
4014,4687,Weapon,Knife,
4015,4688,Weapon,Knife,
4016,4689,Weapon,Knife,
4017,4690,Weapon,Firearm,
4018,4691,Weapon,Blunt Object,
4019,4692,Weapon,Blunt Object,
4020,4693,Weapon,Knife,
4021,4695,Weapon,Knife,
4022,4697,Weapon,Poison,
4023,4698,Weapon,Poison,
4024,4699,Weapon,Firearm,
4025,4700,Weapon,Other,
4026,4701,Weapon,Blunt Object,
4027,4702,Weapon,Poison,
4028,4703,Weapon,Firearm,
4029,4704,Weapon,Blunt Object,
4030,4705,Weapon,Knife,
4031,4707,Weapon,Blunt Object,
4032,4708,Weapon,Blunt Object,
4033,4710,Weapon,Explosives,
4034,4711,Weapon,Firearm,
4035,4712,Weapon,Other,
4036,4713,Weapon,Blunt Object,
4037,4714,Weapon,Firearm,
4038,4715,Weapon,Firearm,
4039,4716,Weapon,Firearm,
4040,4717,Weapon,Poison,
4041,4719,Weapon,Explosives,
4042,4720,Weapon,Blunt Object,
4043,4721,Weapon,Other,
4044,4722,Weapon,Firearm,
4045,4723,Weapon,Poison,
4046,4724,Weapon,Firearm,
4047,4725,Weapon,Blunt Object,
4048,4726,Weapon,Firearm,
4049,4727,Weapon,Explosives,
4050,4728,Weapon,Poison,
4051,4729,Weapon,Firearm,
4052,4730,Weapon,Blunt Object,
4053,4732,Weapon,Knife,
4054,4733,Weapon,Firearm,
4055,4735,Weapon,Knife,
4056,4736,Weapon,Other,
4057,4737,Weapon,Blunt Object,
4058,4738,Weapon,Poison,
4059,4739,Weapon,Firearm,
4060,4740,Weapon,Knife,
4061,4741,Weapon,Firearm,
4062,4742,Weapon,Knife,
4063,4743,Weapon,Firearm,
4064,4744,Weapon,Firearm,
4065,4746,Weapon,Knife,
4066,4747,Weapon,Poison,
4067,4748,Weapon,Blunt Object,
4068,4749,Weapon,Blunt Object,
4069,4750,Weapon,Firearm,
4070,4751,Weapon,Explosives,
4071,4752,Weapon,Firearm,
4072,4753,Weapon,Knife,
4073,4754,Weapon,Poison,
4074,4756,Weapon,Explosives,
4075,4759,Weapon,Firearm,
4076,4760,Weapon,Poison,
4077,4761,Weapon,Knife,
4078,4762,Weapon,Knife,
4079,4763,Weapon,Knife,
4080,4764,Weapon,Blunt Object,
4081,4765,Weapon,Knife,
4082,4766,Weapon,Firearm,
4083,4767,Weapon,Firearm,
4084,4768,Weapon,Firearm,
4085,4769,Weapon,Firearm,
4086,4770,Weapon,Other,
4087,4771,Weapon,Other,
4088,4772,Weapon,Explosives,
4089,4773,Weapon,Knife,
4090,4774,Weapon,Firearm,
4091,4775,Weapon,Knife,
4092,4776,Weapon,Other,
4093,4777,Weapon,Poison,
4094,4778,Weapon,Firearm,
4095,4779,Weapon,Firearm,
4096,4780,Weapon,Explosives,
4097,4781,Weapon,Firearm,
4098,4782,Weapon,Firearm,
4099,4784,Weapon,Firearm,
4100,4785,Weapon,Knife,
4101,4786,Weapon,Poison,
4102,4787,Weapon,Other,
4103,4789,Weapon,Poison,
4104,4790,Weapon,Blunt Object,
4105,4791,Weapon,Firearm,
4106,4792,Weapon,Poison,
4107,4793,Weapon,Blunt Object,
4108,4794,Weapon,Firearm,
4109,4795,Weapon,Poison,
4110,4798,Weapon,Other,
4111,4799,Weapon,Explosives,
4112,4800,Weapon,Other,
4113,4801,Weapon,Other,
4114,4802,Weapon,Other,
4115,4803,Weapon,Firearm,
4116,4804,Weapon,Knife,
4117,4805,Weapon,Poison,
4118,4806,Weapon,Poison,
4119,4807,Weapon,Poison,
4120,4808,Weapon,Blunt Object,
4121,4809,Weapon,Knife,
4122,4810,Weapon,Firearm,
4123,4811,Weapon,Other,
4124,4812,Weapon,Blunt Object,
4125,4813,Weapon,Firearm,
4126,4814,Weapon,Poison,
4127,4815,Weapon,Firearm,
4128,4816,Weapon,Knife,
4129,4817,Weapon,Firearm,
4130,4818,Weapon,Knife,
4131,4819,Weapon,Knife,
4132,4820,Weapon,Poison,
4133,4821,Weapon,Blunt Object,
4134,4822,Weapon,Other,
4135,4823,Weapon,Firearm,
4136,4824,Weapon,Explosives,
4137,4825,Weapon,Other,
4138,4827,Weapon,Explosives,
4139,4828,Weapon,Blunt Object,
4140,4829,Weapon,Blunt Object,
4141,4830,Weapon,Firearm,
4142,4831,Weapon,Other,
4143,4832,Weapon,Knife,
4144,4833,Weapon,Firearm,
4145,4834,Weapon,Explosives,
4146,4835,Weapon,Firearm,
4147,4836,Weapon,Knife,
4148,4837,Weapon,Explosives,
4149,4838,Weapon,Poison,
4150,4839,Weapon,Explosives,
4151,4840,Weapon,Other,
4152,4841,Weapon,Blunt Object,
4153,4843,Weapon,Knife,
4154,4844,Weapon,Knife,
4155,4846,Weapon,Explosives,
4156,4847,Weapon,Poison,
4157,4848,Weapon,Explosives,
4158,4849,Weapon,Other,
4159,4850,Weapon,Knife,
4160,4851,Weapon,Poison,
4161,4853,Weapon,Firearm,
4162,4854,Weapon,Poison,
4163,4855,Weapon,Firearm,
4164,4856,Weapon,Poison,
4165,4857,Weapon,Knife,
4166,4858,Weapon,Firearm,
4167,4859,Weapon,Other,
4168,4861,Weapon,Explosives,
4169,4862,Weapon,Firearm,
4170,4863,Weapon,Other,
4171,4864,Weapon,Poison,
4172,4865,Weapon,Other,
4173,4866,Weapon,Explosives,
4174,4867,Weapon,Poison,
4175,4868,Weapon,Knife,
4176,4869,Weapon,Knife,
4177,4870,Weapon,Other,
4178,4871,Weapon,Blunt Object,
4179,4872,Weapon,Other,
4180,4873,Weapon,Other,
4181,4874,Weapon,Explosives,
4182,4875,Weapon,Poison,
4183,4876,Weapon,Explosives,
4184,4877,Weapon,Blunt Object,
4185,4878,Weapon,Blunt Object,
4186,4880,Weapon,Explosives,
4187,4881,Weapon,Other,
4188,4882,Weapon,Blunt Object,
4189,4883,Weapon,Blunt Object,
4190,4884,Weapon,Blunt Object,
4191,4885,Weapon,Blunt Object,
4192,4886,Weapon,Other,
4193,4888,Weapon,Other,
4194,4889,Weapon,Blunt Object,
4195,4890,Weapon,Poison,
4196,4891,Weapon,Blunt Object,
4197,4892,Weapon,Explosives,
4198,4893,Weapon,Knife,
4199,4895,Weapon,Other,
4200,4896,Weapon,Other,
4201,4898,Weapon,Firearm,
4202,4899,Weapon,Knife,
4203,4900,Weapon,Other,
4204,4901,Weapon,Poison,
4205,4903,Weapon,Explosives,
4206,4904,Weapon,Explosives,
4207,4905,Weapon,Knife,
4208,4906,Weapon,Other,
4209,4909,Weapon,Knife,
4210,4913,Weapon,Other,
4211,4914,Weapon,Knife,
4212,4916,Weapon,Firearm,
4213,4917,Weapon,Poison,
4214,4918,Weapon,Poison,
4215,4919,Weapon,Blunt Object,
4216,4920,Weapon,Blunt Object,
4217,4921,Weapon,Explosives,
4218,4922,Weapon,Blunt Object,
4219,4923,Weapon,Other,
4220,4924,Weapon,Explosives,
4221,4925,Weapon,Other,
4222,4926,Weapon,Firearm,
4223,4927,Weapon,Knife,
4224,4929,Weapon,Blunt Object,
4225,4931,Weapon,Explosives,
4226,4932,Weapon,Firearm,
4227,4933,Weapon,Poison,
4228,4934,Weapon,Blunt Object,
4229,4935,Weapon,Blunt Object,
4230,4936,Weapon,Firearm,
4231,4937,Weapon,Poison,
4232,4938,Weapon,Poison,
4233,4939,Weapon,Poison,
4234,4940,Weapon,Other,
4235,4941,Weapon,Blunt Object,
4236,4942,Weapon,Firearm,
4237,4943,Weapon,Blunt Object,
4238,4944,Weapon,Other,
4239,4946,Weapon,Other,
4240,4947,Weapon,Knife,
4241,4948,Weapon,Blunt Object,
4242,4949,Weapon,Blunt Object,
4243,4950,Weapon,Blunt Object,
4244,4951,Weapon,Knife,
4245,4952,Weapon,Poison,
4246,4954,Weapon,Poison,
4247,4955,Weapon,Explosives,
4248,4956,Weapon,Poison,
4249,4957,Weapon,Firearm,
4250,4958,Weapon,Firearm,
4251,4959,Weapon,Explosives,
4252,4960,Weapon,Other,
4253,4961,Weapon,Poison,
4254,4962,Weapon,Firearm,
4255,4963,Weapon,Poison,
4256,4964,Weapon,Explosives,
4257,4965,Weapon,Other,
4258,4966,Weapon,Firearm,
4259,4968,Weapon,Poison,
4260,4969,Weapon,Firearm,
4261,4972,Weapon,Explosives,
4262,4974,Weapon,Poison,
4263,4975,Weapon,Firearm,
4264,4977,Weapon,Explosives,
4265,4978,Weapon,Other,
4266,4979,Weapon,Other,
4267,4980,Weapon,Other,
4268,4981,Weapon,Firearm,
4269,4983,Weapon,Other,
4270,4984,Weapon,Explosives,
4271,4985,Weapon,Explosives,
4272,4986,Weapon,Blunt Object,
4273,4987,Weapon,Poison,
4274,4988,Weapon,Other,
4275,4989,Weapon,Firearm,
4276,4991,Weapon,Poison,
4277,4992,Weapon,Firearm,
4278,4994,Weapon,Poison,
4279,4995,Weapon,Poison,
4280,4996,Weapon,Firearm,
4281,4997,Weapon,Poison,
4282,4998,Weapon,Knife,
4283,4999,Weapon,Knife,
4284,5000,Weapon,Other,
4285,5001,Weapon,Firearm,
4286,5003,Weapon,Blunt Object,
4287,5004,Weapon,Blunt Object,
4288,5005,Weapon,Explosives,
4289,5006,Weapon,Explosives,
4290,5007,Weapon,Poison,
4291,5008,Weapon,Blunt Object,
4292,5009,Weapon,Blunt Object,
4293,5010,Weapon,Other,
4294,5011,Weapon,Other,
4295,5012,Weapon,Blunt Object,
4296,5013,Weapon,Firearm,
4297,5014,Weapon,Explosives,
4298,5015,Weapon,Explosives,
4299,5016,Weapon,Poison,
4300,5017,Weapon,Firearm,
4301,5019,Weapon,Knife,
4302,5020,Weapon,Other,
4303,5021,Weapon,Blunt Object,
4304,5022,Weapon,Poison,
4305,5023,Weapon,Poison,
4306,5024,Weapon,Explosives,
4307,5025,Weapon,Knife,
4308,5027,Weapon,Blunt Object,
4309,5028,Weapon,Poison,
4310,5029,Weapon,Blunt Object,
4311,5031,Weapon,Other,
4312,5032,Weapon,Knife,
4313,5033,Weapon,Firearm,
4314,5034,Weapon,Firearm,
4315,5035,Weapon,Blunt Object,
4316,5036,Weapon,Other,
4317,5038,Weapon,Firearm,
4318,5039,Weapon,Explosives,
4319,5040,Weapon,Explosives,
4320,5041,Weapon,Explosives,
4321,5042,Weapon,Poison,
4322,5044,Weapon,Knife,
4323,5045,Weapon,Explosives,
4324,5046,Weapon,Firearm,
4325,5047,Weapon,Explosives,
4326,5048,Weapon,Explosives,
4327,5050,Weapon,Explosives,
4328,5052,Weapon,Explosives,
4329,5053,Weapon,Blunt Object,
4330,5054,Weapon,Explosives,
4331,5055,Weapon,Knife,
4332,5056,Weapon,Firearm,
4333,5057,Weapon,Firearm,
4334,5058,Weapon,Explosives,
4335,5059,Weapon,Firearm,
4336,5060,Weapon,Other,
4337,5061,Weapon,Firearm,
4338,5062,Weapon,Explosives,
4339,5063,Weapon,Poison,
4340,5064,Weapon,Explosives,
4341,5065,Weapon,Explosives,
4342,5066,Weapon,Blunt Object,
4343,5067,Weapon,Explosives,
4344,5068,Weapon,Firearm,
4345,5069,Weapon,Knife,
4346,5070,Weapon,Explosives,
4347,5071,Weapon,Firearm,
4348,5073,Weapon,Poison,
4349,5074,Weapon,Explosives,
4350,5075,Weapon,Explosives,
4351,5076,Weapon,Explosives,
4352,5077,Weapon,Explosives,
4353,5078,Weapon,Knife,
4354,5079,Weapon,Knife,
4355,5080,Weapon,Poison,
4356,5081,Weapon,Blunt Object,
4357,5083,Weapon,Explosives,
4358,5084,Weapon,Blunt Object,
4359,5085,Weapon,Blunt Object,
4360,5086,Weapon,Firearm,
4361,5087,Weapon,Knife,
4362,5088,Weapon,Blunt Object,
4363,5089,Weapon,Blunt Object,
4364,5090,Weapon,Poison,
4365,5091,Weapon,Firearm,
4366,5092,Weapon,Blunt Object,
4367,5093,Weapon,Knife,
4368,5094,Weapon,Firearm,
4369,5095,Weapon,Blunt Object,
4370,5096,Weapon,Knife,
4371,5097,Weapon,Explosives,
4372,5098,Weapon,Firearm,
4373,5099,Weapon,Other,
4374,5101,Weapon,Blunt Object,
4375,5102,Weapon,Poison,
4376,5103,Weapon,Knife,
4377,5104,Weapon,Other,
4378,5105,Weapon,Firearm,
4379,5106,Weapon,Blunt Object,
4380,5107,Weapon,Explosives,
4381,5108,Weapon,Poison,
4382,5109,Weapon,Knife,
4383,5110,Weapon,Explosives,
4384,5111,Weapon,Firearm,
4385,5112,Weapon,Firearm,
4386,5113,Weapon,Poison,
4387,5115,Weapon,Other,
4388,5116,Weapon,Poison,
4389,5117,Weapon,Other,
4390,5118,Weapon,Knife,
4391,5119,Weapon,Explosives,
4392,5120,Weapon,Blunt Object,
4393,5121,Weapon,Firearm,
4394,5122,Weapon,Firearm,
4395,5123,Weapon,Knife,
4396,5124,Weapon,Poison,
4397,5125,Weapon,Blunt Object,
4398,5126,Weapon,Firearm,
4399,5127,Weapon,Other,
4400,5128,Weapon,Blunt Object,
4401,5129,Weapon,Explosives,
4402,5130,Weapon,Blunt Object,
4403,5131,Weapon,Other,
4404,5132,Weapon,Knife,
4405,5133,Weapon,Poison,
4406,5134,Weapon,Blunt Object,
4407,5135,Weapon,Firearm,
4408,5136,Weapon,Knife,
4409,5139,Weapon,Poison,
4410,5140,Weapon,Blunt Object,
4411,5142,Weapon,Poison,
4412,5143,Weapon,Firearm,
4413,5144,Weapon,Firearm,
4414,5146,Weapon,Knife,
4415,5147,Weapon,Poison,
4416,5148,Weapon,Poison,
4417,5149,Weapon,Firearm,
4418,5150,Weapon,Knife,
4419,5151,Weapon,Explosives,
4420,5152,Weapon,Blunt Object,
4421,5153,Weapon,Explosives,
4422,5154,Weapon,Blunt Object,
4423,5156,Weapon,Blunt Object,
4424,5157,Weapon,Knife,
4425,5158,Weapon,Knife,
4426,5159,Weapon,Blunt Object,
4427,5160,Weapon,Poison,
4428,5161,Weapon,Knife,
4429,5162,Weapon,Blunt Object,
4430,5163,Weapon,Other,
4431,5164,Weapon,Blunt Object,
4432,5165,Weapon,Knife,
4433,5166,Weapon,Blunt Object,
4434,5167,Weapon,Blunt Object,
4435,5168,Weapon,Knife,
4436,5170,Weapon,Poison,
4437,5172,Weapon,Other,
4438,5173,Weapon,Explosives,
4439,5175,Weapon,Knife,
4440,5176,Weapon,Explosives,
4441,5178,Weapon,Blunt Object,
4442,5179,Weapon,Knife,
4443,5180,Weapon,Other,
4444,5181,Weapon,Firearm,
4445,5182,Weapon,Other,
4446,5183,Weapon,Firearm,
4447,5186,Weapon,Poison,
4448,5187,Weapon,Knife,
4449,5189,Weapon,Poison,
4450,5190,Weapon,Poison,
4451,5191,Weapon,Explosives,
4452,5192,Weapon,Blunt Object,
4453,5193,Weapon,Poison,
4454,5194,Weapon,Blunt Object,
4455,5195,Weapon,Explosives,
4456,5196,Weapon,Blunt Object,
4457,5197,Weapon,Poison,
4458,5199,Weapon,Explosives,
4459,5200,Weapon,Firearm,
4460,5201,Weapon,Poison,
4461,5202,Weapon,Blunt Object,
4462,5203,Weapon,Knife,
4463,5204,Weapon,Firearm,
4464,5205,Weapon,Poison,
4465,5206,Weapon,Blunt Object,
4466,5207,Weapon,Blunt Object,
4467,5208,Weapon,Explosives,
4468,5209,Weapon,Knife,
4469,5210,Weapon,Knife,
4470,5211,Weapon,Explosives,
4471,5212,Weapon,Explosives,
4472,5213,Weapon,Blunt Object,
4473,5214,Weapon,Poison,
4474,5215,Weapon,Other,
4475,5216,Weapon,Poison,
4476,5217,Weapon,Knife,
4477,5218,Weapon,Other,
4478,5219,Weapon,Other,
4479,5220,Weapon,Poison,
4480,5222,Weapon,Blunt Object,
4481,5225,Weapon,Knife,
4482,5226,Weapon,Firearm,
4483,5227,Weapon,Blunt Object,
4484,5228,Weapon,Poison,
4485,5229,Weapon,Knife,
4486,5231,Weapon,Explosives,
4487,5232,Weapon,Blunt Object,
4488,5234,Weapon,Poison,
4489,5235,Weapon,Poison,
4490,5236,Weapon,Other,
4491,5237,Weapon,Explosives,
4492,5238,Weapon,Explosives,
4493,5239,Weapon,Other,
4494,5240,Weapon,Explosives,
4495,5241,Weapon,Firearm,
4496,5242,Weapon,Blunt Object,
4497,5243,Weapon,Knife,
4498,5244,Weapon,Explosives,
4499,5245,Weapon,Blunt Object,
4500,5246,Weapon,Other,
4501,5248,Weapon,Poison,
4502,5249,Weapon,Explosives,
4503,5251,Weapon,Firearm,
4504,5253,Weapon,Knife,
4505,5254,Weapon,Poison,
4506,5255,Weapon,Knife,
4507,5256,Weapon,Firearm,
4508,5257,Weapon,Explosives,
4509,5258,Weapon,Blunt Object,
4510,5259,Weapon,Firearm,
4511,5260,Weapon,Explosives,
4512,5262,Weapon,Knife,
4513,5263,Weapon,Blunt Object,
4514,5264,Weapon,Poison,
4515,5265,Weapon,Explosives,
4516,5266,Weapon,Other,
4517,5267,Weapon,Explosives,
4518,5268,Weapon,Explosives,
4519,5269,Weapon,Poison,
4520,5270,Weapon,Knife,
4521,5271,Weapon,Other,
4522,5272,Weapon,Other,
4523,5273,Weapon,Poison,
4524,5274,Weapon,Firearm,
4525,5275,Weapon,Knife,
4526,5276,Weapon,Poison,
4527,5277,Weapon,Poison,
4528,5278,Weapon,Explosives,
4529,5279,Weapon,Explosives,
4530,5280,Weapon,Knife,
4531,5283,Weapon,Explosives,
4532,5284,Weapon,Other,
4533,5285,Weapon,Knife,
4534,5286,Weapon,Firearm,
4535,5287,Weapon,Knife,
4536,5288,Weapon,Other,
4537,5289,Weapon,Blunt Object,
4538,5290,Weapon,Blunt Object,
4539,5291,Weapon,Knife,
4540,5292,Weapon,Other,
4541,5293,Weapon,Explosives,
4542,5294,Weapon,Firearm,
4543,5295,Weapon,Explosives,
4544,5296,Weapon,Explosives,
4545,5297,Weapon,Poison,
4546,5298,Weapon,Other,
4547,5300,Weapon,Poison,
4548,5301,Weapon,Other,
4549,5302,Weapon,Blunt Object,
4550,5303,Weapon,Knife,
4551,5304,Weapon,Blunt Object,
4552,5305,Weapon,Blunt Object,
4553,5306,Weapon,Knife,
4554,5307,Weapon,Knife,
4555,5308,Weapon,Blunt Object,
4556,5309,Weapon,Explosives,
4557,5310,Weapon,Firearm,
4558,5311,Weapon,Blunt Object,
4559,5312,Weapon,Other,
4560,5313,Weapon,Firearm,
4561,5315,Weapon,Blunt Object,
4562,5316,Weapon,Blunt Object,
4563,5317,Weapon,Other,
4564,5318,Weapon,Poison,
4565,5319,Weapon,Explosives,
4566,5320,Weapon,Firearm,
4567,5321,Weapon,Knife,
4568,5322,Weapon,Blunt Object,
4569,5323,Weapon,Knife,
4570,5324,Weapon,Other,
4571,5325,Weapon,Explosives,
4572,5326,Weapon,Poison,
4573,5327,Weapon,Knife,
4574,5328,Weapon,Explosives,
4575,5329,Weapon,Other,
4576,5330,Weapon,Other,
4577,5332,Weapon,Knife,
4578,5333,Weapon,Poison,
4579,5334,Weapon,Knife,
4580,5338,Weapon,Other,
4581,5339,Weapon,Other,
4582,5340,Weapon,Knife,
4583,5341,Weapon,Poison,
4584,5342,Weapon,Poison,
4585,5343,Weapon,Poison,
4586,5344,Weapon,Explosives,
4587,5345,Weapon,Knife,
4588,5346,Weapon,Knife,
4589,5348,Weapon,Firearm,
4590,5349,Weapon,Knife,
4591,5350,Weapon,Knife,
4592,5351,Weapon,Other,
4593,5352,Weapon,Poison,
4594,5353,Weapon,Other,
4595,5354,Weapon,Knife,
4596,5355,Weapon,Knife,
4597,5356,Weapon,Other,
4598,5357,Weapon,Poison,
4599,5358,Weapon,Blunt Object,
4600,5360,Weapon,Firearm,
4601,5361,Weapon,Poison,
4602,5362,Weapon,Blunt Object,
4603,5364,Weapon,Poison,
4604,5365,Weapon,Knife,
4605,5366,Weapon,Poison,
4606,5367,Weapon,Poison,
4607,5368,Weapon,Firearm,
4608,5369,Weapon,Knife,
4609,5370,Weapon,Blunt Object,
4610,5371,Weapon,Poison,
4611,5372,Weapon,Poison,
4612,5373,Weapon,Poison,
4613,5374,Weapon,Explosives,
4614,5375,Weapon,Other,
4615,5376,Weapon,Blunt Object,
4616,5377,Weapon,Explosives,
4617,5378,Weapon,Other,
4618,5379,Weapon,Blunt Object,
4619,5380,Weapon,Poison,
4620,5383,Weapon,Poison,
4621,5384,Weapon,Explosives,
4622,5385,Weapon,Explosives,
4623,5386,Weapon,Knife,
4624,5387,Weapon,Firearm,
4625,5388,Weapon,Knife,
4626,5389,Weapon,Poison,
4627,5390,Weapon,Poison,
4628,5391,Weapon,Knife,
4629,5392,Weapon,Blunt Object,
4630,5393,Weapon,Explosives,
4631,5394,Weapon,Poison,
4632,5395,Weapon,Poison,
4633,5396,Weapon,Poison,
4634,5397,Weapon,Explosives,
4635,5398,Weapon,Poison,
4636,5399,Weapon,Poison,
4637,5401,Weapon,Other,
4638,5402,Weapon,Firearm,
4639,5403,Weapon,Firearm,
4640,5405,Weapon,Knife,
4641,5406,Weapon,Explosives,
4642,5407,Weapon,Blunt Object,
4643,5408,Weapon,Firearm,
4644,5409,Weapon,Blunt Object,
4645,5410,Weapon,Knife,
4646,5411,Weapon,Explosives,
4647,5412,Weapon,Blunt Object,
4648,5413,Weapon,Firearm,
4649,5414,Weapon,Blunt Object,
4650,5415,Weapon,Knife,
4651,5416,Weapon,Knife,
4652,5418,Weapon,Firearm,
4653,5419,Weapon,Blunt Object,
4654,5420,Weapon,Blunt Object,
4655,5421,Weapon,Knife,
4656,5422,Weapon,Other,
4657,5423,Weapon,Other,
4658,5424,Weapon,Firearm,
4659,5426,Weapon,Other,
4660,5427,Weapon,Other,
4661,5428,Weapon,Explosives,
4662,5429,Weapon,Other,
4663,5430,Weapon,Knife,
4664,5431,Weapon,Blunt Object,
4665,5432,Weapon,Blunt Object,
4666,5433,Weapon,Explosives,
4667,5434,Weapon,Blunt Object,
4668,5435,Weapon,Firearm,
4669,5436,Weapon,Blunt Object,
4670,5437,Weapon,Firearm,
4671,5440,Weapon,Explosives,
4672,5441,Weapon,Blunt Object,
4673,5442,Weapon,Explosives,
4674,5444,Weapon,Explosives,
4675,5445,Weapon,Knife,
4676,5447,Weapon,Other,
4677,5448,Weapon,Poison,
4678,5449,Weapon,Knife,
4679,5450,Weapon,Other,
4680,5451,Weapon,Knife,
4681,5452,Weapon,Blunt Object,
4682,5453,Weapon,Explosives,
4683,5454,Weapon,Blunt Object,
4684,5455,Weapon,Firearm,
4685,5456,Weapon,Poison,
4686,5457,Weapon,Explosives,
4687,5458,Weapon,Blunt Object,
4688,5459,Weapon,Blunt Object,
4689,5460,Weapon,Explosives,
4690,5461,Weapon,Explosives,
4691,5462,Weapon,Firearm,
4692,5464,Weapon,Poison,
4693,5465,Weapon,Poison,
4694,5466,Weapon,Other,
4695,5467,Weapon,Blunt Object,
4696,5468,Weapon,Poison,
4697,5469,Weapon,Firearm,
4698,5470,Weapon,Poison,
4699,5472,Weapon,Blunt Object,
4700,5473,Weapon,Other,
4701,5474,Weapon,Firearm,
4702,5475,Weapon,Poison,
4703,5476,Weapon,Poison,
4704,5477,Weapon,Knife,
4705,5479,Weapon,Explosives,
4706,5480,Weapon,Explosives,
4707,5481,Weapon,Knife,
4708,5482,Weapon,Firearm,
4709,5483,Weapon,Knife,
4710,5484,Weapon,Poison,
4711,5485,Weapon,Explosives,
4712,5486,Weapon,Blunt Object,
4713,5487,Weapon,Blunt Object,
4714,5488,Weapon,Poison,
4715,5489,Weapon,Blunt Object,
4716,5490,Weapon,Explosives,
4717,5491,Weapon,Other,
4718,5492,Weapon,Poison,
4719,5493,Weapon,Other,
4720,5494,Weapon,Other,
4721,5497,Weapon,Explosives,
4722,5498,Weapon,Explosives,
4723,5499,Weapon,Blunt Object,
4724,5500,Weapon,Explosives,
4725,5502,Weapon,Explosives,
4726,5503,Weapon,Blunt Object,
4727,5504,Weapon,Explosives,
4728,5505,Weapon,Poison,
4729,5506,Weapon,Firearm,
4730,5507,Weapon,Knife,
4731,5508,Weapon,Blunt Object,
4732,5509,Weapon,Knife,
4733,5511,Weapon,Blunt Object,
4734,5512,Weapon,Poison,
4735,5513,Weapon,Explosives,
4736,5514,Weapon,Explosives,
4737,5515,Weapon,Explosives,
4738,5516,Weapon,Poison,
4739,5517,Weapon,Blunt Object,
4740,5518,Weapon,Knife,
4741,5519,Weapon,Poison,
4742,5520,Weapon,Blunt Object,
4743,5523,Weapon,Other,
4744,5524,Weapon,Poison,
4745,5525,Weapon,Poison,
4746,5526,Weapon,Knife,
4747,5528,Weapon,Knife,
4748,5529,Weapon,Blunt Object,
4749,5530,Weapon,Knife,
4750,5531,Weapon,Firearm,
4751,5532,Weapon,Explosives,
4752,5533,Weapon,Knife,
4753,5534,Weapon,Blunt Object,
4754,5535,Weapon,Poison,
4755,5536,Weapon,Other,
4756,5537,Weapon,Explosives,
4757,5539,Weapon,Explosives,
4758,5540,Weapon,Explosives,
4759,5542,Weapon,Explosives,
4760,5543,Weapon,Knife,
4761,5544,Weapon,Blunt Object,
4762,5545,Weapon,Other,
4763,5546,Weapon,Knife,
4764,5548,Weapon,Firearm,
4765,5549,Weapon,Blunt Object,
4766,5550,Weapon,Blunt Object,
4767,5551,Weapon,Firearm,
4768,5552,Weapon,Explosives,
4769,5553,Weapon,Poison,
4770,5554,Weapon,Poison,
4771,5555,Weapon,Other,
4772,5556,Weapon,Other,
4773,5557,Weapon,Blunt Object,
4774,5558,Weapon,Blunt Object,
4775,5559,Weapon,Explosives,
4776,5560,Weapon,Poison,
4777,5561,Weapon,Poison,
4778,5562,Weapon,Knife,
4779,5563,Weapon,Other,
4780,5564,Weapon,Explosives,
4781,5566,Weapon,Other,
4782,5567,Weapon,Explosives,
4783,5568,Weapon,Firearm,
4784,5569,Weapon,Poison,
4785,5570,Weapon,Poison,
4786,5571,Weapon,Knife,
4787,5572,Weapon,Blunt Object,
4788,5573,Weapon,Poison,
4789,5574,Weapon,Blunt Object,
4790,5575,Weapon,Knife,
4791,5578,Weapon,Poison,
4792,5579,Weapon,Explosives,
4793,5580,Weapon,Other,
4794,5581,Weapon,Other,
4795,5582,Weapon,Poison,
4796,5583,Weapon,Explosives,
4797,5584,Weapon,Blunt Object,
4798,5585,Weapon,Explosives,
4799,5587,Weapon,Knife,
4800,5588,Weapon,Blunt Object,
4801,5589,Weapon,Explosives,
4802,5590,Weapon,Other,
4803,5591,Weapon,Poison,
4804,5592,Weapon,Poison,
4805,5593,Weapon,Blunt Object,
4806,5594,Weapon,Blunt Object,
4807,5596,Weapon,Explosives,
4808,5598,Weapon,Explosives,
4809,5599,Weapon,Blunt Object,
4810,5600,Weapon,Knife,
4811,5601,Weapon,Blunt Object,
4812,5602,Weapon,Knife,
4813,5603,Weapon,Firearm,
4814,5604,Weapon,Blunt Object,
4815,5605,Weapon,Explosives,
4816,5606,Weapon,Blunt Object,
4817,5608,Weapon,Poison,
4818,5610,Weapon,Firearm,
4819,5611,Weapon,Blunt Object,
4820,5612,Weapon,Firearm,
4821,5613,Weapon,Knife,
4822,5614,Weapon,Firearm,
4823,5615,Weapon,Poison,
4824,5616,Weapon,Explosives,
4825,5617,Weapon,Other,
4826,5619,Weapon,Other,
4827,5620,Weapon,Poison,
4828,5621,Weapon,Explosives,
4829,5622,Weapon,Firearm,
4830,5623,Weapon,Other,
4831,5624,Weapon,Firearm,
4832,5626,Weapon,Knife,
4833,5627,Weapon,Knife,
4834,5629,Weapon,Firearm,
4835,5630,Weapon,Knife,
4836,5631,Weapon,Firearm,
4837,5632,Weapon,Blunt Object,
4838,5633,Weapon,Poison,
4839,5634,Weapon,Blunt Object,
4840,5636,Weapon,Explosives,
4841,5637,Weapon,Blunt Object,
4842,5638,Weapon,Explosives,
4843,5639,Weapon,Other,
4844,5640,Weapon,Blunt Object,
4845,5641,Weapon,Explosives,
4846,5642,Weapon,Blunt Object,
4847,5643,Weapon,Knife,
4848,5645,Weapon,Poison,
4849,5646,Weapon,Explosives,
4850,5647,Weapon,Other,
4851,5648,Weapon,Knife,
4852,5649,Weapon,Other,
4853,5650,Weapon,Knife,
4854,5651,Weapon,Knife,
4855,5652,Weapon,Blunt Object,
4856,5653,Weapon,Poison,
4857,5654,Weapon,Blunt Object,
4858,5655,Weapon,Explosives,
4859,5656,Weapon,Knife,
4860,5657,Weapon,Firearm,
4861,5659,Weapon,Poison,
4862,5660,Weapon,Explosives,
4863,5661,Weapon,Firearm,
4864,5662,Weapon,Knife,
4865,5663,Weapon,Poison,
4866,5664,Weapon,Other,
4867,5665,Weapon,Other,
4868,5666,Weapon,Knife,
4869,5667,Weapon,Firearm,
4870,5668,Weapon,Firearm,
4871,5669,Weapon,Explosives,
4872,5670,Weapon,Firearm,
4873,5671,Weapon,Poison,
4874,5673,Weapon,Blunt Object,
4875,5674,Weapon,Firearm,
4876,5676,Weapon,Other,
4877,5677,Weapon,Blunt Object,
4878,5680,Weapon,Firearm,
4879,5681,Weapon,Explosives,
4880,5682,Weapon,Other,
4881,5685,Weapon,Blunt Object,
4882,5686,Weapon,Firearm,
4883,5687,Weapon,Knife,
4884,5688,Weapon,Firearm,
4885,5690,Weapon,Explosives,
4886,5691,Weapon,Blunt Object,
4887,5692,Weapon,Explosives,
4888,5694,Weapon,Knife,
4889,5696,Weapon,Explosives,
4890,5697,Weapon,Knife,
4891,5699,Weapon,Poison,
4892,5700,Weapon,Blunt Object,
4893,5701,Weapon,Knife,
4894,5703,Weapon,Explosives,
4895,5705,Weapon,Knife,
4896,5706,Weapon,Poison,
4897,5707,Weapon,Knife,
4898,5708,Weapon,Firearm,
4899,5709,Weapon,Blunt Object,
4900,5710,Weapon,Knife,
4901,5711,Weapon,Blunt Object,
4902,5712,Weapon,Explosives,
4903,5713,Weapon,Blunt Object,
4904,5715,Weapon,Firearm,
4905,5716,Weapon,Blunt Object,
4906,5717,Weapon,Explosives,
4907,5718,Weapon,Explosives,
4908,5719,Weapon,Firearm,
4909,5720,Weapon,Poison,
4910,5721,Weapon,Knife,
4911,5722,Weapon,Other,
4912,5723,Weapon,Other,
4913,5724,Weapon,Poison,
4914,5725,Weapon,Firearm,
4915,5726,Weapon,Other,
4916,5727,Weapon,Other,
4917,5728,Weapon,Blunt Object,
4918,5729,Weapon,Poison,
4919,5730,Weapon,Other,
4920,5731,Weapon,Other,
4921,5732,Weapon,Knife,
4922,5733,Weapon,Explosives,
4923,5735,Weapon,Blunt Object,
4924,5736,Weapon,Knife,
4925,5737,Weapon,Other,
4926,5738,Weapon,Explosives,
4927,5740,Weapon,Poison,
4928,5742,Weapon,Firearm,
4929,5743,Weapon,Other,
4930,5745,Weapon,Explosives,
4931,5746,Weapon,Explosives,
4932,5747,Weapon,Firearm,
4933,5748,Weapon,Other,
4934,5749,Weapon,Explosives,
4935,5750,Weapon,Firearm,
4936,5752,Weapon,Explosives,
4937,5753,Weapon,Poison,
4938,5754,Weapon,Poison,
4939,5755,Weapon,Knife,
4940,5757,Weapon,Blunt Object,
4941,5758,Weapon,Poison,
4942,5760,Weapon,Knife,
4943,5761,Weapon,Blunt Object,
4944,5762,Weapon,Poison,
4945,5763,Weapon,Poison,
4946,5764,Weapon,Blunt Object,
4947,5766,Weapon,Explosives,
4948,5767,Weapon,Other,
4949,5768,Weapon,Firearm,
4950,5769,Weapon,Knife,
4951,5771,Weapon,Firearm,
4952,5772,Weapon,Firearm,
4953,5773,Weapon,Other,
4954,5774,Weapon,Explosives,
4955,5776,Weapon,Other,
4956,5780,Weapon,Firearm,
4957,5781,Weapon,Poison,
4958,5782,Weapon,Other,
4959,5783,Weapon,Knife,
4960,5784,Weapon,Knife,
4961,5785,Weapon,Explosives,
4962,5786,Weapon,Other,
4963,5787,Weapon,Poison,
4964,5788,Weapon,Knife,
4965,5790,Weapon,Poison,
4966,5791,Weapon,Other,
4967,5792,Weapon,Other,
4968,5793,Weapon,Blunt Object,
4969,5794,Weapon,Other,
4970,5795,Weapon,Knife,
4971,5796,Weapon,Firearm,
4972,5797,Weapon,Poison,
4973,5798,Weapon,Poison,
4974,5799,Weapon,Knife,
4975,5801,Weapon,Firearm,
4976,5802,Weapon,Firearm,
4977,5803,Weapon,Blunt Object,
4978,5804,Weapon,Explosives,
4979,5805,Weapon,Firearm,
4980,5806,Weapon,Poison,
4981,5807,Weapon,Blunt Object,
4982,5808,Weapon,Knife,
4983,5809,Weapon,Explosives,
4984,5810,Weapon,Firearm,
4985,5811,Weapon,Poison,
4986,5815,Weapon,Poison,
4987,5816,Weapon,Explosives,
4988,5817,Weapon,Knife,
4989,5818,Weapon,Knife,
4990,5819,Weapon,Firearm,
4991,5820,Weapon,Knife,
4992,5821,Weapon,Explosives,
4993,5822,Weapon,Knife,
4994,5823,Weapon,Poison,
4995,5824,Weapon,Explosives,
4996,5825,Weapon,Explosives,
4997,5826,Weapon,Firearm,
4998,5827,Weapon,Poison,
4999,5828,Weapon,Firearm,
5000,5829,Weapon,Explosives,
5001,5830,Weapon,Knife,
5002,5831,Weapon,Blunt Object,
5003,5832,Weapon,Other,
5004,5833,Weapon,Knife,
5005,5834,Weapon,Poison,
5006,5835,Weapon,Other,
5007,5836,Weapon,Blunt Object,
5008,5837,Weapon,Poison,
5009,5838,Weapon,Explosives,
5010,5839,Weapon,Blunt Object,
5011,5840,Weapon,Firearm,
5012,5842,Weapon,Other,
5013,5843,Weapon,Other,
5014,5844,Weapon,Blunt Object,
5015,5845,Weapon,Poison,
5016,5846,Weapon,Firearm,
5017,5847,Weapon,Poison,
5018,5848,Weapon,Knife,
5019,5849,Weapon,Other,
5020,5850,Weapon,Firearm,
5021,5851,Weapon,Other,
5022,5852,Weapon,Blunt Object,
5023,5853,Weapon,Firearm,
5024,5854,Weapon,Other,
5025,5855,Weapon,Explosives,
5026,5856,Weapon,Blunt Object,
5027,5857,Weapon,Knife,
5028,5858,Weapon,Poison,
5029,5859,Weapon,Other,
5030,5860,Weapon,Firearm,
5031,5861,Weapon,Explosives,
5032,5862,Weapon,Blunt Object,
5033,5863,Weapon,Other,
5034,5864,Weapon,Other,
5035,5865,Weapon,Other,
5036,5866,Weapon,Blunt Object,
5037,5867,Weapon,Blunt Object,
5038,5868,Weapon,Other,
5039,5869,Weapon,Explosives,
5040,5870,Weapon,Other,
5041,5871,Weapon,Blunt Object,
5042,5872,Weapon,Firearm,
5043,5874,Weapon,Knife,
5044,5875,Weapon,Knife,
5045,5876,Weapon,Other,
5046,5877,Weapon,Blunt Object,
5047,5879,Weapon,Other,
5048,5880,Weapon,Knife,
5049,5881,Weapon,Poison,
5050,5883,Weapon,Other,
5051,5884,Weapon,Poison,
5052,5885,Weapon,Explosives,
5053,5886,Weapon,Poison,
5054,5887,Weapon,Other,
5055,5888,Weapon,Other,
5056,5889,Weapon,Explosives,
5057,5890,Weapon,Knife,
5058,5892,Weapon,Explosives,
5059,5895,Weapon,Other,
5060,5896,Weapon,Poison,
5061,5897,Weapon,Poison,
5062,5898,Weapon,Other,
5063,5899,Weapon,Firearm,
5064,5900,Weapon,Knife,
5065,5901,Weapon,Blunt Object,
5066,5902,Weapon,Blunt Object,
5067,5903,Weapon,Poison,
5068,5904,Weapon,Firearm,
5069,5905,Weapon,Poison,
5070,5906,Weapon,Poison,
5071,5907,Weapon,Explosives,
5072,5908,Weapon,Knife,
5073,5910,Weapon,Other,
5074,5911,Weapon,Poison,
5075,5912,Weapon,Firearm,
5076,5913,Weapon,Other,
5077,5917,Weapon,Firearm,
5078,5918,Weapon,Blunt Object,
5079,5919,Weapon,Explosives,
5080,5920,Weapon,Knife,
5081,5921,Weapon,Firearm,
5082,5922,Weapon,Other,
5083,5923,Weapon,Explosives,
5084,5924,Weapon,Poison,
5085,5925,Weapon,Poison,
5086,5926,Weapon,Firearm,
5087,5927,Weapon,Knife,
5088,5928,Weapon,Firearm,
5089,5929,Weapon,Poison,
5090,5930,Weapon,Poison,
5091,5931,Weapon,Other,
5092,5933,Weapon,Explosives,
5093,5935,Weapon,Poison,
5094,5936,Weapon,Blunt Object,
5095,5938,Weapon,Blunt Object,
5096,5939,Weapon,Other,
5097,5940,Weapon,Other,
5098,5941,Weapon,Explosives,
5099,5942,Weapon,Blunt Object,
5100,5943,Weapon,Poison,
5101,5948,Weapon,Blunt Object,
5102,5949,Weapon,Firearm,
5103,5950,Weapon,Knife,
5104,5951,Weapon,Blunt Object,
5105,5952,Weapon,Firearm,
5106,5954,Weapon,Other,
5107,5955,Weapon,Explosives,
5108,5956,Weapon,Explosives,
5109,5957,Weapon,Firearm,
5110,5960,Weapon,Blunt Object,
5111,5962,Weapon,Knife,
5112,5963,Weapon,Explosives,
5113,5964,Weapon,Firearm,
5114,5965,Weapon,Explosives,
5115,5966,Weapon,Other,
5116,5967,Weapon,Firearm,
5117,5968,Weapon,Knife,
5118,5969,Weapon,Other,
5119,5970,Weapon,Firearm,
5120,5971,Weapon,Firearm,
5121,5973,Weapon,Firearm,
5122,5974,Weapon,Other,
5123,5975,Weapon,Poison,
5124,5976,Weapon,Firearm,
5125,5978,Weapon,Poison,
5126,5979,Weapon,Poison,
5127,5980,Weapon,Poison,
5128,5982,Weapon,Poison,
5129,5983,Weapon,Blunt Object,
5130,5984,Weapon,Knife,
5131,5985,Weapon,Firearm,
5132,5986,Weapon,Firearm,
5133,5988,Weapon,Explosives,
5134,5989,Weapon,Poison,
5135,5990,Weapon,Explosives,
5136,5991,Weapon,Other,
5137,5992,Weapon,Other,
5138,5993,Weapon,Explosives,
5139,5994,Weapon,Blunt Object,
5140,5995,Weapon,Explosives,
5141,5996,Weapon,Other,
5142,5997,Weapon,Firearm,
5143,5998,Weapon,Blunt Object,
5144,5999,Weapon,Other,
5145,6000,Weapon,Knife,
5146,6002,Weapon,Blunt Object,
5147,6004,Weapon,Poison,
5148,6005,Weapon,Other,
5149,6006,Weapon,Firearm,
5150,6007,Weapon,Poison,
5151,6008,Weapon,Blunt Object,
5152,6009,Weapon,Firearm,
5153,6011,Weapon,Knife,
5154,6012,Weapon,Blunt Object,
5155,6013,Weapon,Other,
5156,6014,Weapon,Explosives,
5157,6016,Weapon,Poison,
5158,6017,Weapon,Explosives,
5159,6018,Weapon,Firearm,
5160,6019,Weapon,Poison,
5161,6020,Weapon,Firearm,
5162,6021,Weapon,Explosives,
5163,6022,Weapon,Other,
5164,6023,Weapon,Poison,
5165,6024,Weapon,Firearm,
5166,6025,Weapon,Blunt Object,
5167,6026,Weapon,Explosives,
5168,6028,Weapon,Firearm,
5169,6029,Weapon,Knife,
5170,6030,Weapon,Blunt Object,
5171,6031,Weapon,Explosives,
5172,6032,Weapon,Firearm,
5173,6033,Weapon,Knife,
5174,6034,Weapon,Firearm,
5175,6035,Weapon,Knife,
5176,6038,Weapon,Blunt Object,
5177,6039,Weapon,Knife,
5178,6040,Weapon,Knife,
5179,6041,Weapon,Firearm,
5180,6042,Weapon,Other,
5181,6043,Weapon,Knife,
5182,6045,Weapon,Knife,
5183,6047,Weapon,Firearm,
5184,6048,Weapon,Firearm,
5185,6049,Weapon,Blunt Object,
5186,6050,Weapon,Poison,
5187,6051,Weapon,Firearm,
5188,6052,Weapon,Other,
5189,6053,Weapon,Firearm,
5190,6055,Weapon,Other,
5191,6056,Weapon,Firearm,
5192,6057,Weapon,Explosives,
5193,6058,Weapon,Firearm,
5194,6059,Weapon,Poison,
5195,6060,Weapon,Explosives,
5196,6061,Weapon,Knife,
5197,6062,Weapon,Firearm,
5198,6063,Weapon,Explosives,
5199,6064,Weapon,Firearm,
5200,6065,Weapon,Explosives,
5201,6066,Weapon,Other,
5202,6067,Weapon,Blunt Object,
5203,6068,Weapon,Knife,
5204,6069,Weapon,Firearm,
5205,6070,Weapon,Other,
5206,6072,Weapon,Firearm,
5207,6073,Weapon,Explosives,
5208,6074,Weapon,Blunt Object,
5209,6075,Weapon,Firearm,
5210,6076,Weapon,Blunt Object,
5211,6077,Weapon,Poison,
5212,6078,Weapon,Knife,
5213,6080,Weapon,Other,
5214,6081,Weapon,Firearm,
5215,6082,Weapon,Blunt Object,
5216,6083,Weapon,Poison,
5217,6084,Weapon,Other,
5218,6085,Weapon,Poison,
5219,6086,Weapon,Firearm,
5220,6088,Weapon,Other,
5221,6089,Weapon,Knife,
5222,6090,Weapon,Knife,
5223,6091,Weapon,Other,
5224,6092,Weapon,Blunt Object,
5225,6093,Weapon,Blunt Object,
5226,6094,Weapon,Knife,
5227,6095,Weapon,Other,
5228,6096,Weapon,Blunt Object,
5229,6097,Weapon,Blunt Object,
5230,6099,Weapon,Firearm,
5231,6100,Weapon,Explosives,
5232,6101,Weapon,Blunt Object,
5233,6102,Weapon,Other,
5234,6103,Weapon,Knife,
5235,6104,Weapon,Knife,
5236,6106,Weapon,Explosives,
5237,6107,Weapon,Blunt Object,
5238,6108,Weapon,Blunt Object,
5239,6109,Weapon,Explosives,
5240,6110,Weapon,Other,
5241,6111,Weapon,Poison,
5242,6112,Weapon,Blunt Object,
5243,6113,Weapon,Other,
5244,6114,Weapon,Explosives,
5245,6115,Weapon,Knife,
5246,6117,Weapon,Blunt Object,
5247,6118,Weapon,Poison,
5248,6119,Weapon,Poison,
5249,6120,Weapon,Poison,
5250,6121,Weapon,Knife,
5251,6122,Weapon,Poison,
5252,6123,Weapon,Explosives,
5253,6124,Weapon,Knife,
5254,6125,Weapon,Knife,
5255,6126,Weapon,Knife,
5256,6127,Weapon,Firearm,
5257,6128,Weapon,Explosives,
5258,6129,Weapon,Explosives,
5259,6130,Weapon,Explosives,
5260,6131,Weapon,Blunt Object,
5261,6132,Weapon,Firearm,
5262,6133,Weapon,Other,
5263,6134,Weapon,Poison,
5264,6135,Weapon,Firearm,
5265,6136,Weapon,Explosives,
5266,6137,Weapon,Explosives,
5267,6138,Weapon,Blunt Object,
5268,6139,Weapon,Blunt Object,
5269,6141,Weapon,Knife,
5270,6142,Weapon,Firearm,
5271,6143,Weapon,Poison,
5272,6144,Weapon,Explosives,
5273,6147,Weapon,Firearm,
5274,6148,Weapon,Other,
5275,6149,Weapon,Firearm,
5276,6150,Weapon,Blunt Object,
5277,6151,Weapon,Explosives,
5278,6152,Weapon,Explosives,
5279,6153,Weapon,Firearm,
5280,6154,Weapon,Blunt Object,
5281,6155,Weapon,Blunt Object,
5282,6156,Weapon,Poison,
5283,6157,Weapon,Explosives,
5284,6158,Weapon,Explosives,
5285,6159,Weapon,Blunt Object,
5286,6160,Weapon,Knife,
5287,6161,Weapon,Other,
5288,6162,Weapon,Other,
5289,6164,Weapon,Blunt Object,
5290,6165,Weapon,Firearm,
5291,6166,Weapon,Poison,
5292,6167,Weapon,Poison,
5293,6168,Weapon,Poison,
5294,6169,Weapon,Poison,
5295,6170,Weapon,Firearm,
5296,6171,Weapon,Other,
5297,6172,Weapon,Poison,
5298,6173,Weapon,Firearm,
5299,6174,Weapon,Explosives,
5300,6176,Weapon,Explosives,
5301,6177,Weapon,Firearm,
5302,6178,Weapon,Blunt Object,
5303,6179,Weapon,Blunt Object,
5304,6180,Weapon,Firearm,
5305,6183,Weapon,Other,
5306,6184,Weapon,Explosives,
5307,6185,Weapon,Firearm,
5308,6187,Weapon,Firearm,
5309,6188,Weapon,Knife,
5310,6189,Weapon,Other,
5311,6190,Weapon,Knife,
5312,6191,Weapon,Blunt Object,
5313,6192,Weapon,Poison,
5314,6193,Weapon,Knife,
5315,6194,Weapon,Knife,
5316,6195,Weapon,Explosives,
5317,6196,Weapon,Poison,
5318,6197,Weapon,Knife,
5319,6198,Weapon,Explosives,
5320,6199,Weapon,Blunt Object,
5321,6200,Weapon,Poison,
5322,6201,Weapon,Poison,
5323,6202,Weapon,Other,
5324,6203,Weapon,Explosives,
5325,6204,Weapon,Firearm,
5326,6205,Weapon,Blunt Object,
5327,6206,Weapon,Knife,
5328,6207,Weapon,Explosives,
5329,6208,Weapon,Poison,
5330,6209,Weapon,Poison,
5331,6210,Weapon,Poison,
5332,6211,Weapon,Firearm,
5333,6213,Weapon,Explosives,
5334,6214,Weapon,Knife,
5335,6216,Weapon,Knife,
5336,6218,Weapon,Knife,
5337,6219,Weapon,Other,
5338,6221,Weapon,Other,
5339,6222,Weapon,Other,
5340,6223,Weapon,Knife,
5341,6224,Weapon,Blunt Object,
5342,6226,Weapon,Other,
5343,6227,Weapon,Explosives,
5344,6228,Weapon,Explosives,
5345,6229,Weapon,Explosives,
5346,6230,Weapon,Explosives,
5347,6231,Weapon,Blunt Object,
5348,6232,Weapon,Explosives,
5349,6233,Weapon,Other,
5350,6234,Weapon,Explosives,
5351,6235,Weapon,Poison,
5352,6236,Weapon,Knife,
5353,6237,Weapon,Knife,
5354,6238,Weapon,Other,
5355,6239,Weapon,Blunt Object,
5356,6241,Weapon,Other,
5357,6242,Weapon,Blunt Object,
5358,6243,Weapon,Firearm,
5359,6244,Weapon,Firearm,
5360,6245,Weapon,Firearm,
5361,6246,Weapon,Explosives,
5362,6247,Weapon,Firearm,
5363,6248,Weapon,Other,
5364,6249,Weapon,Poison,
5365,6252,Weapon,Knife,
5366,6253,Weapon,Poison,
5367,6254,Weapon,Blunt Object,
5368,6255,Weapon,Blunt Object,
5369,6256,Weapon,Explosives,
5370,6257,Weapon,Explosives,
5371,6258,Weapon,Poison,
5372,6259,Weapon,Blunt Object,
5373,6260,Weapon,Firearm,
5374,6261,Weapon,Blunt Object,
5375,6262,Weapon,Other,
5376,6263,Weapon,Blunt Object,
5377,6265,Weapon,Other,
5378,6266,Weapon,Blunt Object,
5379,6267,Weapon,Firearm,
5380,6268,Weapon,Blunt Object,
5381,6269,Weapon,Blunt Object,
5382,6270,Weapon,Firearm,
5383,6271,Weapon,Other,
5384,6272,Weapon,Explosives,
5385,6273,Weapon,Other,
5386,6274,Weapon,Other,
5387,6275,Weapon,Knife,
5388,6276,Weapon,Firearm,
5389,6278,Weapon,Explosives,
5390,6279,Weapon,Other,
5391,6280,Weapon,Explosives,
5392,6281,Weapon,Poison,
5393,6282,Weapon,Explosives,
5394,6283,Weapon,Knife,
5395,6284,Weapon,Firearm,
5396,6286,Weapon,Poison,
5397,6288,Weapon,Poison,
5398,6289,Weapon,Blunt Object,
5399,6291,Weapon,Other,
5400,6292,Weapon,Other,
5401,6293,Weapon,Blunt Object,
5402,6294,Weapon,Knife,
5403,6295,Weapon,Knife,
5404,6296,Weapon,Firearm,
5405,6297,Weapon,Firearm,
5406,6298,Weapon,Poison,
5407,6299,Weapon,Poison,
5408,6300,Weapon,Poison,
5409,6301,Weapon,Explosives,
5410,6303,Weapon,Blunt Object,
5411,6304,Weapon,Blunt Object,
5412,6305,Weapon,Firearm,
5413,6306,Weapon,Knife,
5414,6307,Weapon,Explosives,
5415,6308,Weapon,Firearm,
5416,6310,Weapon,Blunt Object,
5417,6311,Weapon,Poison,
5418,6312,Weapon,Firearm,
5419,6313,Weapon,Blunt Object,
5420,6314,Weapon,Other,
5421,6315,Weapon,Knife,
5422,6316,Weapon,Poison,
5423,6317,Weapon,Poison,
5424,6318,Weapon,Knife,
5425,6319,Weapon,Explosives,
5426,6320,Weapon,Knife,
5427,6321,Weapon,Firearm,
5428,6323,Weapon,Other,
5429,6324,Weapon,Other,
5430,6325,Weapon,Firearm,
5431,6326,Weapon,Other,
5432,6327,Weapon,Explosives,
5433,6328,Weapon,Knife,
5434,6329,Weapon,Knife,
5435,6331,Weapon,Other,
5436,6332,Weapon,Other,
5437,6333,Weapon,Blunt Object,
5438,6334,Weapon,Other,
5439,6335,Weapon,Blunt Object,
5440,6336,Weapon,Firearm,
5441,6337,Weapon,Knife,
5442,6338,Weapon,Other,
5443,6340,Weapon,Other,
5444,6341,Weapon,Firearm,
5445,6342,Weapon,Knife,
5446,6343,Weapon,Blunt Object,
5447,6345,Weapon,Other,
5448,6346,Weapon,Poison,
5449,6347,Weapon,Blunt Object,
5450,6348,Weapon,Other,
5451,6350,Weapon,Explosives,
5452,6351,Weapon,Firearm,
5453,6352,Weapon,Blunt Object,
5454,6354,Weapon,Knife,
5455,6356,Weapon,Poison,
5456,6357,Weapon,Knife,
5457,6358,Weapon,Knife,
5458,6359,Weapon,Blunt Object,
5459,6360,Weapon,Other,
5460,6361,Weapon,Other,
5461,6362,Weapon,Poison,
5462,6363,Weapon,Other,
5463,6364,Weapon,Firearm,
5464,6365,Weapon,Poison,
5465,6367,Weapon,Blunt Object,
5466,6368,Weapon,Blunt Object,
5467,6369,Weapon,Blunt Object,
5468,6370,Weapon,Blunt Object,
5469,6371,Weapon,Blunt Object,
5470,6372,Weapon,Blunt Object,
5471,6373,Weapon,Explosives,
5472,6374,Weapon,Poison,
5473,6375,Weapon,Other,
5474,6377,Weapon,Explosives,
5475,6378,Weapon,Explosives,
5476,6380,Weapon,Firearm,
5477,6381,Weapon,Poison,
5478,6382,Weapon,Blunt Object,
5479,6383,Weapon,Poison,
5480,6384,Weapon,Other,
5481,6385,Weapon,Poison,
5482,6386,Weapon,Firearm,
5483,6387,Weapon,Other,
5484,6388,Weapon,Knife,
5485,6389,Weapon,Blunt Object,
5486,6392,Weapon,Poison,
5487,6393,Weapon,Other,
5488,6394,Weapon,Firearm,
5489,6395,Weapon,Knife,
5490,6396,Weapon,Blunt Object,
5491,6397,Weapon,Knife,
5492,6399,Weapon,Blunt Object,
5493,6400,Weapon,Blunt Object,
5494,6401,Weapon,Firearm,
5495,6402,Weapon,Blunt Object,
5496,6403,Weapon,Knife,
5497,6404,Weapon,Blunt Object,
5498,6405,Weapon,Explosives,
5499,6406,Weapon,Firearm,
5500,6407,Weapon,Knife,
5501,6408,Weapon,Knife,
5502,6409,Weapon,Firearm,
5503,6410,Weapon,Poison,
5504,6412,Weapon,Blunt Object,
5505,6413,Weapon,Explosives,
5506,6414,Weapon,Knife,
5507,6416,Weapon,Firearm,
5508,6417,Weapon,Explosives,
5509,6418,Weapon,Blunt Object,
5510,6419,Weapon,Poison,
5511,6420,Weapon,Blunt Object,
5512,6421,Weapon,Blunt Object,
5513,6422,Weapon,Firearm,
5514,6424,Weapon,Other,
5515,6425,Weapon,Explosives,
5516,6426,Weapon,Blunt Object,
5517,6427,Weapon,Firearm,
5518,6428,Weapon,Explosives,
5519,6429,Weapon,Knife,
5520,6430,Weapon,Knife,
5521,6431,Weapon,Knife,
5522,6432,Weapon,Blunt Object,
5523,6433,Weapon,Knife,
5524,6434,Weapon,Explosives,
5525,6435,Weapon,Firearm,
5526,6436,Weapon,Explosives,
5527,6437,Weapon,Firearm,
5528,6438,Weapon,Other,
5529,6439,Weapon,Poison,
5530,6440,Weapon,Other,
5531,6441,Weapon,Knife,
5532,6442,Weapon,Firearm,
5533,6443,Weapon,Other,
5534,6444,Weapon,Other,
5535,6445,Weapon,Poison,
5536,6446,Weapon,Blunt Object,
5537,6447,Weapon,Explosives,
5538,6448,Weapon,Explosives,
5539,6449,Weapon,Explosives,
5540,6450,Weapon,Knife,
5541,6451,Weapon,Poison,
5542,6452,Weapon,Knife,
5543,6454,Weapon,Poison,
5544,6455,Weapon,Blunt Object,
5545,6456,Weapon,Blunt Object,
5546,6457,Weapon,Blunt Object,
5547,6458,Weapon,Poison,
5548,6459,Weapon,Knife,
5549,6460,Weapon,Other,
5550,6461,Weapon,Blunt Object,
5551,6462,Weapon,Poison,
5552,6463,Weapon,Firearm,
5553,6464,Weapon,Firearm,
5554,6465,Weapon,Blunt Object,
5555,6466,Weapon,Blunt Object,
5556,6468,Weapon,Knife,
5557,6469,Weapon,Firearm,
5558,6470,Weapon,Explosives,
5559,6471,Weapon,Other,
5560,6472,Weapon,Explosives,
5561,6473,Weapon,Explosives,
5562,6474,Weapon,Knife,
5563,6475,Weapon,Knife,
5564,6476,Weapon,Knife,
5565,6477,Weapon,Explosives,
5566,6478,Weapon,Blunt Object,
5567,6479,Weapon,Explosives,
5568,6480,Weapon,Other,
5569,6482,Weapon,Explosives,
5570,6483,Weapon,Explosives,
5571,6484,Weapon,Explosives,
5572,6485,Weapon,Explosives,
5573,6486,Weapon,Blunt Object,
5574,6487,Weapon,Other,
5575,6488,Weapon,Explosives,
5576,6489,Weapon,Blunt Object,
5577,6490,Weapon,Knife,
5578,6491,Weapon,Poison,
5579,6492,Weapon,Firearm,
5580,6493,Weapon,Explosives,
5581,6494,Weapon,Poison,
5582,6495,Weapon,Knife,
5583,6496,Weapon,Other,
5584,6497,Weapon,Firearm,
5585,6498,Weapon,Blunt Object,
5586,6499,Weapon,Poison,
5587,6500,Weapon,Explosives,
5588,6501,Weapon,Explosives,
5589,6502,Weapon,Firearm,
5590,6503,Weapon,Poison,
5591,6504,Weapon,Other,
5592,6505,Weapon,Blunt Object,
5593,6506,Weapon,Knife,
5594,6507,Weapon,Other,
5595,6508,Weapon,Blunt Object,
5596,6509,Weapon,Explosives,
5597,6510,Weapon,Knife,
5598,6511,Weapon,Firearm,
5599,6512,Weapon,Knife,
5600,6513,Weapon,Blunt Object,
5601,6514,Weapon,Poison,
5602,6515,Weapon,Firearm,
5603,6516,Weapon,Knife,
5604,6517,Weapon,Other,
5605,6518,Weapon,Poison,
5606,6519,Weapon,Explosives,
5607,6520,Weapon,Blunt Object,
5608,6522,Weapon,Explosives,
5609,6524,Weapon,Other,
5610,6525,Weapon,Explosives,
5611,6526,Weapon,Blunt Object,
5612,6527,Weapon,Poison,
5613,6528,Weapon,Explosives,
5614,6529,Weapon,Other,
5615,6530,Weapon,Poison,
5616,6531,Weapon,Explosives,
5617,6532,Weapon,Knife,
5618,6533,Weapon,Knife,
5619,6534,Weapon,Firearm,
5620,6536,Weapon,Blunt Object,
5621,6537,Weapon,Firearm,
5622,6538,Weapon,Knife,
5623,6539,Weapon,Explosives,
5624,6540,Weapon,Blunt Object,
5625,6542,Weapon,Other,
5626,6543,Weapon,Knife,
5627,6544,Weapon,Poison,
5628,6545,Weapon,Firearm,
5629,6546,Weapon,Firearm,
5630,6547,Weapon,Blunt Object,
5631,6548,Weapon,Explosives,
5632,6549,Weapon,Firearm,
5633,6550,Weapon,Other,
5634,6551,Weapon,Poison,
5635,6552,Weapon,Blunt Object,
5636,6553,Weapon,Firearm,
5637,6555,Weapon,Knife,
5638,6556,Weapon,Knife,
5639,6557,Weapon,Knife,
5640,6558,Weapon,Explosives,
5641,6559,Weapon,Poison,
5642,6560,Weapon,Blunt Object,
5643,6562,Weapon,Knife,
5644,6563,Weapon,Other,
5645,6564,Weapon,Explosives,
5646,6565,Weapon,Poison,
5647,6567,Weapon,Blunt Object,
5648,6568,Weapon,Blunt Object,
5649,6569,Weapon,Knife,
5650,6570,Weapon,Explosives,
5651,6571,Weapon,Explosives,
5652,6572,Weapon,Knife,
5653,6573,Weapon,Knife,
5654,6574,Weapon,Poison,
5655,6575,Weapon,Other,
5656,6576,Weapon,Explosives,
5657,6577,Weapon,Firearm,
5658,6578,Weapon,Knife,
5659,6579,Weapon,Knife,
5660,6580,Weapon,Other,
5661,6581,Weapon,Knife,
5662,6582,Weapon,Knife,
5663,6583,Weapon,Firearm,
5664,6584,Weapon,Explosives,
5665,6585,Weapon,Poison,
5666,6587,Weapon,Knife,
5667,6589,Weapon,Firearm,
5668,6591,Weapon,Poison,
5669,6595,Weapon,Poison,
5670,6596,Weapon,Other,
5671,6597,Weapon,Firearm,
5672,6598,Weapon,Explosives,
5673,6599,Weapon,Firearm,
5674,6601,Weapon,Knife,
5675,6602,Weapon,Explosives,
5676,6603,Weapon,Poison,
5677,6604,Weapon,Blunt Object,
5678,6606,Weapon,Explosives,
5679,6607,Weapon,Knife,
5680,6608,Weapon,Firearm,
5681,6609,Weapon,Firearm,
5682,6610,Weapon,Poison,
5683,6611,Weapon,Poison,
5684,6612,Weapon,Blunt Object,
5685,6613,Weapon,Other,
5686,6614,Weapon,Poison,
5687,6616,Weapon,Poison,
5688,6618,Weapon,Knife,
5689,6619,Weapon,Blunt Object,
5690,6620,Weapon,Poison,
5691,6621,Weapon,Firearm,
5692,6622,Weapon,Knife,
5693,6623,Weapon,Firearm,
5694,6624,Weapon,Other,
5695,6625,Weapon,Explosives,
5696,6626,Weapon,Blunt Object,
5697,6627,Weapon,Poison,
5698,6628,Weapon,Other,
5699,6629,Weapon,Knife,
5700,6631,Weapon,Knife,
5701,6632,Weapon,Explosives,
5702,6634,Weapon,Knife,
5703,6635,Weapon,Firearm,
5704,6636,Weapon,Other,
5705,6637,Weapon,Explosives,
5706,6639,Weapon,Poison,
5707,6640,Weapon,Poison,
5708,6641,Weapon,Blunt Object,
5709,6642,Weapon,Firearm,
5710,6643,Weapon,Blunt Object,
5711,6644,Weapon,Explosives,
5712,6646,Weapon,Poison,
5713,6647,Weapon,Poison,
5714,6648,Weapon,Firearm,
5715,6649,Weapon,Explosives,
5716,6650,Weapon,Poison,
5717,6651,Weapon,Explosives,
5718,6652,Weapon,Other,
5719,6653,Weapon,Explosives,
5720,6654,Weapon,Poison,
5721,6655,Weapon,Other,
5722,6656,Weapon,Other,
5723,6657,Weapon,Blunt Object,
5724,6659,Weapon,Blunt Object,
5725,6661,Weapon,Explosives,
5726,6662,Weapon,Explosives,
5727,6663,Weapon,Explosives,
5728,6664,Weapon,Knife,
5729,6665,Weapon,Firearm,
5730,6666,Weapon,Knife,
5731,6667,Weapon,Knife,
5732,6668,Weapon,Blunt Object,
5733,6669,Weapon,Blunt Object,
5734,6670,Weapon,Blunt Object,
5735,6671,Weapon,Firearm,
5736,6673,Weapon,Firearm,
5737,6674,Weapon,Knife,
5738,6676,Weapon,Blunt Object,
5739,6678,Weapon,Firearm,
5740,6679,Weapon,Blunt Object,
5741,6680,Weapon,Firearm,
5742,6681,Weapon,Other,
5743,6682,Weapon,Other,
5744,6684,Weapon,Poison,
5745,6685,Weapon,Other,
5746,6686,Weapon,Blunt Object,
5747,6687,Weapon,Poison,
5748,6688,Weapon,Poison,
5749,6689,Weapon,Explosives,
5750,6690,Weapon,Firearm,
5751,6691,Weapon,Other,
5752,6692,Weapon,Firearm,
5753,6693,Weapon,Knife,
5754,6694,Weapon,Blunt Object,
5755,6696,Weapon,Poison,
5756,6697,Weapon,Poison,
5757,6698,Weapon,Firearm,
5758,6699,Weapon,Firearm,
5759,6700,Weapon,Other,
5760,6702,Weapon,Blunt Object,
5761,6703,Weapon,Explosives,
5762,6704,Weapon,Other,
5763,6706,Weapon,Firearm,
5764,6707,Weapon,Poison,
5765,6708,Weapon,Poison,
5766,6709,Weapon,Poison,
5767,6710,Weapon,Firearm,
5768,6711,Weapon,Other,
5769,6713,Weapon,Other,
5770,6716,Weapon,Knife,
5771,6717,Weapon,Knife,
5772,6718,Weapon,Knife,
5773,6719,Weapon,Knife,
5774,6721,Weapon,Blunt Object,
5775,6722,Weapon,Blunt Object,
5776,6723,Weapon,Explosives,
5777,6724,Weapon,Firearm,
5778,6725,Weapon,Knife,
5779,6726,Weapon,Knife,
5780,6727,Weapon,Other,
5781,6728,Weapon,Knife,
5782,6729,Weapon,Explosives,
5783,6730,Weapon,Knife,
5784,6732,Weapon,Poison,
5785,6733,Weapon,Other,
5786,6734,Weapon,Blunt Object,
5787,6735,Weapon,Knife,
5788,6736,Weapon,Knife,
5789,6737,Weapon,Explosives,
5790,6738,Weapon,Blunt Object,
5791,6739,Weapon,Poison,
5792,6740,Weapon,Other,
5793,6741,Weapon,Poison,
5794,6743,Weapon,Poison,
5795,6744,Weapon,Knife,
5796,6746,Weapon,Firearm,
5797,6747,Weapon,Other,
5798,6748,Weapon,Other,
5799,6749,Weapon,Blunt Object,
5800,6750,Weapon,Knife,
5801,6751,Weapon,Knife,
5802,6753,Weapon,Firearm,
5803,6754,Weapon,Poison,
5804,6755,Weapon,Explosives,
5805,6756,Weapon,Knife,
5806,6757,Weapon,Firearm,
5807,6758,Weapon,Knife,
5808,6759,Weapon,Firearm,
5809,6760,Weapon,Knife,
5810,6761,Weapon,Other,
5811,6762,Weapon,Explosives,
5812,6763,Weapon,Firearm,
5813,6764,Weapon,Firearm,
5814,6765,Weapon,Blunt Object,
5815,6766,Weapon,Firearm,
5816,6768,Weapon,Blunt Object,
5817,6769,Weapon,Explosives,
5818,6770,Weapon,Knife,
5819,6771,Weapon,Poison,
5820,6772,Weapon,Firearm,
5821,6773,Weapon,Blunt Object,
5822,6774,Weapon,Poison,
5823,6778,Weapon,Blunt Object,
5824,6779,Weapon,Blunt Object,
5825,6780,Weapon,Poison,
5826,6781,Weapon,Blunt Object,
5827,6782,Weapon,Blunt Object,
5828,6783,Weapon,Blunt Object,
5829,6784,Weapon,Other,
5830,6785,Weapon,Explosives,
5831,6786,Weapon,Knife,
5832,6788,Weapon,Poison,
5833,6789,Weapon,Other,
5834,6790,Weapon,Firearm,
5835,6791,Weapon,Explosives,
5836,6792,Weapon,Blunt Object,
5837,6793,Weapon,Knife,
5838,6794,Weapon,Knife,
5839,6795,Weapon,Knife,
5840,6796,Weapon,Explosives,
5841,6797,Weapon,Poison,
5842,6798,Weapon,Blunt Object,
5843,6799,Weapon,Firearm,
5844,6800,Weapon,Knife,
5845,6801,Weapon,Firearm,
5846,6802,Weapon,Poison,
5847,6803,Weapon,Explosives,
5848,6804,Weapon,Blunt Object,
5849,6805,Weapon,Blunt Object,
5850,6807,Weapon,Explosives,
5851,6808,Weapon,Blunt Object,
5852,6809,Weapon,Knife,
5853,6810,Weapon,Blunt Object,
5854,6811,Weapon,Knife,
5855,6813,Weapon,Poison,
5856,6814,Weapon,Firearm,
5857,6815,Weapon,Firearm,
5858,6816,Weapon,Poison,
5859,6817,Weapon,Blunt Object,
5860,6818,Weapon,Knife,
5861,6819,Weapon,Other,
5862,6820,Weapon,Poison,
5863,6822,Weapon,Explosives,
5864,6823,Weapon,Other,
5865,6824,Weapon,Other,
5866,6825,Weapon,Other,
5867,6826,Weapon,Knife,
5868,6827,Weapon,Poison,
5869,6829,Weapon,Firearm,
5870,6830,Weapon,Poison,
5871,6831,Weapon,Knife,
5872,6832,Weapon,Poison,
5873,6833,Weapon,Other,
5874,6834,Weapon,Poison,
5875,6835,Weapon,Explosives,
5876,6836,Weapon,Poison,
5877,6837,Weapon,Firearm,
5878,6839,Weapon,Blunt Object,
5879,6840,Weapon,Poison,
5880,6841,Weapon,Blunt Object,
5881,6842,Weapon,Firearm,
5882,6843,Weapon,Poison,
5883,6844,Weapon,Other,
5884,6845,Weapon,Knife,
5885,6846,Weapon,Poison,
5886,6848,Weapon,Other,
5887,6849,Weapon,Explosives,
5888,6850,Weapon,Knife,
5889,6851,Weapon,Explosives,
5890,6852,Weapon,Knife,
5891,6853,Weapon,Blunt Object,
5892,6855,Weapon,Poison,
5893,6856,Weapon,Knife,
5894,6857,Weapon,Poison,
5895,6858,Weapon,Knife,
5896,6859,Weapon,Poison,
5897,6860,Weapon,Knife,
5898,6862,Weapon,Explosives,
5899,6863,Weapon,Firearm,
5900,6864,Weapon,Explosives,
5901,6866,Weapon,Firearm,
5902,6867,Weapon,Other,
5903,6869,Weapon,Blunt Object,
5904,6870,Weapon,Blunt Object,
5905,6871,Weapon,Knife,
5906,6873,Weapon,Firearm,
5907,6874,Weapon,Other,
5908,6875,Weapon,Poison,
5909,6879,Weapon,Knife,
5910,6880,Weapon,Blunt Object,
5911,6881,Weapon,Blunt Object,
5912,6882,Weapon,Other,
5913,6884,Weapon,Firearm,
5914,6885,Weapon,Blunt Object,
5915,6886,Weapon,Knife,
5916,6887,Weapon,Knife,
5917,6888,Weapon,Firearm,
5918,6889,Weapon,Poison,
5919,6890,Weapon,Other,
5920,6891,Weapon,Other,
5921,6892,Weapon,Blunt Object,
5922,6893,Weapon,Firearm,
5923,6894,Weapon,Explosives,
5924,6895,Weapon,Firearm,
5925,6896,Weapon,Firearm,
5926,6897,Weapon,Firearm,
5927,6898,Weapon,Knife,
5928,6899,Weapon,Blunt Object,
5929,6900,Weapon,Explosives,
5930,6901,Weapon,Poison,
5931,6903,Weapon,Firearm,
5932,6905,Weapon,Knife,
5933,6906,Weapon,Explosives,
5934,6907,Weapon,Blunt Object,
5935,6908,Weapon,Other,
5936,6909,Weapon,Explosives,
5937,6910,Weapon,Explosives,
5938,6912,Weapon,Blunt Object,
5939,6913,Weapon,Other,
5940,6914,Weapon,Poison,
5941,6915,Weapon,Other,
5942,6918,Weapon,Other,
5943,6919,Weapon,Knife,
5944,6920,Weapon,Knife,
5945,6922,Weapon,Explosives,
5946,6923,Weapon,Blunt Object,
5947,6924,Weapon,Other,
5948,6927,Weapon,Blunt Object,
5949,6928,Weapon,Firearm,
5950,6929,Weapon,Explosives,
5951,6930,Weapon,Poison,
5952,6931,Weapon,Firearm,
5953,6932,Weapon,Knife,
5954,6933,Weapon,Other,
5955,6935,Weapon,Poison,
5956,6936,Weapon,Poison,
5957,6937,Weapon,Explosives,
5958,6938,Weapon,Explosives,
5959,6939,Weapon,Blunt Object,
5960,6941,Weapon,Other,
5961,6942,Weapon,Firearm,
5962,6943,Weapon,Explosives,
5963,6945,Weapon,Knife,
5964,6946,Weapon,Firearm,
5965,6947,Weapon,Firearm,
5966,6948,Weapon,Knife,
5967,6949,Weapon,Knife,
5968,6950,Weapon,Explosives,
5969,6951,Weapon,Explosives,
5970,6952,Weapon,Other,
5971,6953,Weapon,Other,
5972,6954,Weapon,Other,
5973,6955,Weapon,Poison,
5974,6957,Weapon,Other,
5975,6959,Weapon,Explosives,
5976,6960,Weapon,Poison,
5977,6961,Weapon,Poison,
5978,6962,Weapon,Other,
5979,6963,Weapon,Explosives,
5980,6964,Weapon,Other,
5981,6965,Weapon,Other,
5982,6966,Weapon,Knife,
5983,6967,Weapon,Other,
5984,6968,Weapon,Poison,
5985,6969,Weapon,Firearm,
5986,6970,Weapon,Knife,
5987,6972,Weapon,Poison,
5988,6973,Weapon,Firearm,
5989,6974,Weapon,Poison,
5990,6975,Weapon,Firearm,
5991,6977,Weapon,Poison,
5992,6978,Weapon,Blunt Object,
5993,6979,Weapon,Explosives,
5994,6980,Weapon,Other,
5995,6981,Weapon,Explosives,
5996,6982,Weapon,Firearm,
5997,6983,Weapon,Knife,
5998,6984,Weapon,Knife,
5999,6985,Weapon,Blunt Object,
6000,6986,Weapon,Firearm,
6001,6988,Weapon,Explosives,
6002,6990,Weapon,Knife,
6003,6991,Weapon,Explosives,
6004,6993,Weapon,Knife,
6005,6994,Weapon,Blunt Object,
6006,6995,Weapon,Poison,
6007,6996,Weapon,Poison,
6008,6997,Weapon,Firearm,
6009,6998,Weapon,Other,
6010,6999,Weapon,Blunt Object,
6011,7000,Weapon,Knife,
6012,7003,Weapon,Poison,
6013,7004,Weapon,Knife,
6014,7005,Weapon,Poison,
6015,7006,Weapon,Knife,
6016,7007,Weapon,Knife,
6017,7008,Weapon,Other,
6018,7009,Weapon,Poison,
6019,7010,Weapon,Explosives,
6020,7011,Weapon,Explosives,
6021,7012,Weapon,Other,
6022,7013,Weapon,Knife,
6023,7015,Weapon,Explosives,
6024,7016,Weapon,Other,
6025,7017,Weapon,Firearm,
6026,7020,Weapon,Knife,
6027,7021,Weapon,Blunt Object,
6028,7022,Weapon,Other,
6029,7023,Weapon,Knife,
6030,7025,Weapon,Firearm,
6031,7027,Weapon,Poison,
6032,7028,Weapon,Explosives,
6033,7029,Weapon,Other,
6034,7030,Weapon,Other,
6035,7031,Weapon,Knife,
6036,7032,Weapon,Knife,
6037,7034,Weapon,Explosives,
6038,7035,Weapon,Blunt Object,
6039,7036,Weapon,Poison,
6040,7038,Weapon,Firearm,
6041,7039,Weapon,Explosives,
6042,7040,Weapon,Knife,
6043,7041,Weapon,Poison,
6044,7042,Weapon,Other,
6045,7043,Weapon,Knife,
6046,7044,Weapon,Other,
6047,7045,Weapon,Poison,
6048,7047,Weapon,Other,
6049,7048,Weapon,Explosives,
6050,7049,Weapon,Blunt Object,
6051,7050,Weapon,Knife,
6052,7051,Weapon,Explosives,
6053,7052,Weapon,Poison,
6054,7053,Weapon,Knife,
6055,7054,Weapon,Poison,
6056,7055,Weapon,Blunt Object,
6057,7056,Weapon,Poison,
6058,7058,Weapon,Firearm,
6059,7059,Weapon,Poison,
6060,7060,Weapon,Blunt Object,
6061,7061,Weapon,Firearm,
6062,7062,Weapon,Blunt Object,
6063,7064,Weapon,Blunt Object,
6064,7065,Weapon,Blunt Object,
6065,7067,Weapon,Explosives,
6066,7068,Weapon,Blunt Object,
6067,7069,Weapon,Other,
6068,7070,Weapon,Blunt Object,
6069,7071,Weapon,Firearm,
6070,7072,Weapon,Blunt Object,
6071,7073,Weapon,Other,
6072,7074,Weapon,Poison,
6073,7075,Weapon,Knife,
6074,7078,Weapon,Poison,
6075,7079,Weapon,Explosives,
6076,7080,Weapon,Blunt Object,
6077,7081,Weapon,Firearm,
6078,7082,Weapon,Blunt Object,
6079,7083,Weapon,Other,
6080,7084,Weapon,Poison,
6081,7085,Weapon,Poison,
6082,7086,Weapon,Other,
6083,7087,Weapon,Poison,
6084,7088,Weapon,Other,
6085,7089,Weapon,Firearm,
6086,7090,Weapon,Poison,
6087,7091,Weapon,Blunt Object,
6088,7092,Weapon,Other,
6089,7093,Weapon,Firearm,
6090,7094,Weapon,Blunt Object,
6091,7095,Weapon,Explosives,
6092,7096,Weapon,Other,
6093,7097,Weapon,Blunt Object,
6094,7098,Weapon,Poison,
6095,7099,Weapon,Explosives,
6096,7100,Weapon,Blunt Object,
6097,7101,Weapon,Other,
6098,7102,Weapon,Other,
6099,7103,Weapon,Explosives,
6100,7104,Weapon,Poison,
6101,7105,Weapon,Knife,
6102,7106,Weapon,Other,
6103,7107,Weapon,Poison,
6104,7108,Weapon,Poison,
6105,7109,Weapon,Other,
6106,7110,Weapon,Blunt Object,
6107,7112,Weapon,Firearm,
6108,7113,Weapon,Poison,
6109,7114,Weapon,Other,
6110,7115,Weapon,Firearm,
6111,7116,Weapon,Poison,
6112,7117,Weapon,Blunt Object,
6113,7118,Weapon,Firearm,
6114,7119,Weapon,Explosives,
6115,7120,Weapon,Explosives,
6116,7121,Weapon,Blunt Object,
6117,7122,Weapon,Blunt Object,
6118,7124,Weapon,Blunt Object,
6119,7125,Weapon,Firearm,
6120,7126,Weapon,Explosives,
6121,7127,Weapon,Explosives,
6122,7129,Weapon,Poison,
6123,7130,Weapon,Explosives,
6124,7131,Weapon,Firearm,
6125,7132,Weapon,Poison,
6126,7133,Weapon,Blunt Object,
6127,7135,Weapon,Explosives,
6128,7136,Weapon,Knife,
6129,7137,Weapon,Knife,
6130,7138,Weapon,Poison,
6131,7140,Weapon,Other,
6132,7142,Weapon,Poison,
6133,7143,Weapon,Other,
6134,7144,Weapon,Blunt Object,
6135,7145,Weapon,Other,
6136,7146,Weapon,Poison,
6137,7147,Weapon,Blunt Object,
6138,7148,Weapon,Firearm,
6139,7149,Weapon,Other,
6140,7150,Weapon,Firearm,
6141,7151,Weapon,Knife,
6142,7153,Weapon,Firearm,
6143,7154,Weapon,Firearm,
6144,7155,Weapon,Firearm,
6145,7156,Weapon,Explosives,
6146,7157,Weapon,Knife,
6147,7158,Weapon,Blunt Object,
6148,7159,Weapon,Knife,
6149,7160,Weapon,Other,
6150,7161,Weapon,Firearm,
6151,7162,Weapon,Other,
6152,7163,Weapon,Poison,
6153,7164,Weapon,Other,
6154,7165,Weapon,Other,
6155,7166,Weapon,Blunt Object,
6156,7168,Weapon,Explosives,
6157,7169,Weapon,Knife,
6158,7170,Weapon,Poison,
6159,7171,Weapon,Other,
6160,7172,Weapon,Knife,
6161,7173,Weapon,Knife,
6162,7177,Weapon,Other,
6163,7178,Weapon,Explosives,
6164,7179,Weapon,Firearm,
6165,7180,Weapon,Explosives,
6166,7181,Weapon,Firearm,
6167,7182,Weapon,Blunt Object,
6168,7183,Weapon,Blunt Object,
6169,7184,Weapon,Firearm,
6170,7185,Weapon,Explosives,
6171,7186,Weapon,Explosives,
6172,7187,Weapon,Other,
6173,7188,Weapon,Poison,
6174,7189,Weapon,Firearm,
6175,7190,Weapon,Other,
6176,7191,Weapon,Explosives,
6177,7192,Weapon,Knife,
6178,7193,Weapon,Explosives,
6179,7194,Weapon,Knife,
6180,7195,Weapon,Explosives,
6181,7196,Weapon,Other,
6182,7197,Weapon,Poison,
6183,7198,Weapon,Knife,
6184,7199,Weapon,Blunt Object,
6185,7200,Weapon,Blunt Object,
6186,7201,Weapon,Blunt Object,
6187,7202,Weapon,Other,
6188,7203,Weapon,Blunt Object,
6189,7204,Weapon,Other,
6190,7205,Weapon,Poison,
6191,7206,Weapon,Other,
6192,7208,Weapon,Explosives,
6193,7209,Weapon,Other,
6194,7210,Weapon,Poison,
6195,7211,Weapon,Knife,
6196,7213,Weapon,Poison,
6197,7214,Weapon,Blunt Object,
6198,7215,Weapon,Firearm,
6199,7216,Weapon,Blunt Object,
6200,7217,Weapon,Knife,
6201,7218,Weapon,Firearm,
6202,7220,Weapon,Knife,
6203,7221,Weapon,Blunt Object,
6204,7222,Weapon,Poison,
6205,7223,Weapon,Poison,
6206,7224,Weapon,Firearm,
6207,7225,Weapon,Knife,
6208,7226,Weapon,Explosives,
6209,7227,Weapon,Firearm,
6210,7228,Weapon,Explosives,
6211,7229,Weapon,Poison,
6212,7231,Weapon,Poison,
6213,7232,Weapon,Other,
6214,7233,Weapon,Other,
6215,7234,Weapon,Other,
6216,7235,Weapon,Other,
6217,7236,Weapon,Other,
6218,7237,Weapon,Blunt Object,
6219,7238,Weapon,Explosives,
6220,7240,Weapon,Knife,
6221,7241,Weapon,Other,
6222,7242,Weapon,Blunt Object,
6223,7243,Weapon,Knife,
6224,7244,Weapon,Poison,
6225,7245,Weapon,Other,
6226,7246,Weapon,Blunt Object,
6227,7247,Weapon,Knife,
6228,7252,Weapon,Other,
6229,7253,Weapon,Firearm,
6230,7254,Weapon,Knife,
6231,7255,Weapon,Firearm,
6232,7256,Weapon,Knife,
6233,7257,Weapon,Knife,
6234,7258,Weapon,Knife,
6235,7259,Weapon,Firearm,
6236,7260,Weapon,Poison,
6237,7261,Weapon,Explosives,
6238,7262,Weapon,Knife,
6239,7263,Weapon,Knife,
6240,7264,Weapon,Other,
6241,7269,Weapon,Other,
6242,7270,Weapon,Knife,
6243,7271,Weapon,Poison,
6244,7272,Weapon,Blunt Object,
6245,7273,Weapon,Blunt Object,
6246,7274,Weapon,Firearm,
6247,7275,Weapon,Firearm,
6248,7276,Weapon,Poison,
6249,7277,Weapon,Explosives,
6250,7278,Weapon,Other,
6251,7279,Weapon,Other,
6252,7281,Weapon,Blunt Object,
6253,7282,Weapon,Firearm,
6254,7283,Weapon,Firearm,
6255,7284,Weapon,Explosives,
6256,7285,Weapon,Firearm,
6257,7287,Weapon,Firearm,
6258,7288,Weapon,Other,
6259,7289,Weapon,Blunt Object,
6260,7290,Weapon,Blunt Object,
6261,7291,Weapon,Poison,
6262,7292,Weapon,Poison,
6263,7296,Weapon,Knife,
6264,7297,Weapon,Explosives,
6265,7298,Weapon,Explosives,
6266,7299,Weapon,Firearm,
6267,7300,Weapon,Blunt Object,
6268,7301,Weapon,Knife,
6269,7302,Weapon,Blunt Object,
6270,7303,Weapon,Other,
6271,7304,Weapon,Poison,
6272,7305,Weapon,Knife,
6273,7306,Weapon,Knife,
6274,7307,Weapon,Other,
6275,7308,Weapon,Explosives,
6276,7309,Weapon,Firearm,
6277,7310,Weapon,Blunt Object,
6278,7311,Weapon,Knife,
6279,7312,Weapon,Other,
6280,7313,Weapon,Knife,
6281,7314,Weapon,Poison,
6282,7315,Weapon,Poison,
6283,7317,Weapon,Explosives,
6284,7318,Weapon,Other,
6285,7319,Weapon,Knife,
6286,7320,Weapon,Poison,
6287,7321,Weapon,Poison,
6288,7322,Weapon,Other,
6289,7323,Weapon,Other,
6290,7324,Weapon,Poison,
6291,7325,Weapon,Other,
6292,7326,Weapon,Knife,
6293,7327,Weapon,Firearm,
6294,7328,Weapon,Poison,
6295,7329,Weapon,Poison,
6296,7331,Weapon,Explosives,
6297,7332,Weapon,Poison,
6298,7333,Weapon,Blunt Object,
6299,7334,Weapon,Other,
6300,7336,Weapon,Other,
6301,7337,Weapon,Other,
6302,7338,Weapon,Blunt Object,
6303,7339,Weapon,Poison,
6304,7341,Weapon,Firearm,
6305,7342,Weapon,Blunt Object,
6306,7344,Weapon,Other,
6307,7345,Weapon,Knife,
6308,7346,Weapon,Poison,
6309,7348,Weapon,Other,
6310,7349,Weapon,Firearm,
6311,7352,Weapon,Other,
6312,7353,Weapon,Explosives,
6313,7354,Weapon,Knife,
6314,7355,Weapon,Other,
6315,7357,Weapon,Explosives,
6316,7358,Weapon,Other,
6317,7359,Weapon,Other,
6318,7360,Weapon,Firearm,
6319,7361,Weapon,Blunt Object,
6320,7362,Weapon,Firearm,
6321,7364,Weapon,Knife,
6322,7365,Weapon,Poison,
6323,7366,Weapon,Explosives,
6324,7367,Weapon,Poison,
6325,7368,Weapon,Blunt Object,
6326,7369,Weapon,Explosives,
6327,7370,Weapon,Knife,
6328,7372,Weapon,Firearm,
6329,7374,Weapon,Other,
6330,7376,Weapon,Firearm,
6331,7377,Weapon,Poison,
6332,7378,Weapon,Firearm,
6333,7379,Weapon,Blunt Object,
6334,7380,Weapon,Blunt Object,
6335,7381,Weapon,Poison,
6336,7382,Weapon,Other,
6337,7383,Weapon,Other,
6338,7384,Weapon,Other,
6339,7385,Weapon,Knife,
6340,7387,Weapon,Poison,
6341,7388,Weapon,Firearm,
6342,7389,Weapon,Knife,
6343,7390,Weapon,Explosives,
6344,7391,Weapon,Knife,
6345,7392,Weapon,Blunt Object,
6346,7393,Weapon,Firearm,
6347,7394,Weapon,Explosives,
6348,7395,Weapon,Blunt Object,
6349,7396,Weapon,Explosives,
6350,7397,Weapon,Other,
6351,7398,Weapon,Blunt Object,
6352,7400,Weapon,Poison,
6353,7401,Weapon,Firearm,
6354,7403,Weapon,Firearm,
6355,7404,Weapon,Knife,
6356,7406,Weapon,Poison,
6357,7407,Weapon,Firearm,
6358,7408,Weapon,Other,
6359,7409,Weapon,Blunt Object,
6360,7412,Weapon,Poison,
6361,7413,Weapon,Poison,
6362,7414,Weapon,Blunt Object,
6363,7416,Weapon,Poison,
6364,7417,Weapon,Firearm,
6365,7418,Weapon,Knife,
6366,7419,Weapon,Firearm,
6367,7421,Weapon,Explosives,
6368,7422,Weapon,Explosives,
6369,7423,Weapon,Knife,
6370,7424,Weapon,Poison,
6371,7425,Weapon,Knife,
6372,7426,Weapon,Knife,
6373,7429,Weapon,Knife,
6374,7430,Weapon,Firearm,
6375,7432,Weapon,Other,
6376,7433,Weapon,Knife,
6377,7434,Weapon,Explosives,
6378,7435,Weapon,Other,
6379,7436,Weapon,Other,
6380,7437,Weapon,Other,
6381,7438,Weapon,Explosives,
6382,7439,Weapon,Explosives,
6383,7440,Weapon,Blunt Object,
6384,7441,Weapon,Poison,
6385,7442,Weapon,Knife,
6386,7444,Weapon,Knife,
6387,7445,Weapon,Firearm,
6388,7446,Weapon,Explosives,
6389,7447,Weapon,Firearm,
6390,7448,Weapon,Firearm,
6391,7449,Weapon,Explosives,
6392,7450,Weapon,Poison,
6393,7451,Weapon,Knife,
6394,7452,Weapon,Poison,
6395,7453,Weapon,Firearm,
6396,7454,Weapon,Blunt Object,
6397,7455,Weapon,Knife,
6398,7456,Weapon,Firearm,
6399,7457,Weapon,Explosives,
6400,7458,Weapon,Blunt Object,
6401,7459,Weapon,Explosives,
6402,7461,Weapon,Explosives,
6403,7462,Weapon,Explosives,
6404,7463,Weapon,Other,
6405,7465,Weapon,Explosives,
6406,7466,Weapon,Knife,
6407,7467,Weapon,Other,
6408,7468,Weapon,Firearm,
6409,7469,Weapon,Knife,
6410,7471,Weapon,Explosives,
6411,7472,Weapon,Poison,
6412,7473,Weapon,Blunt Object,
6413,7474,Weapon,Other,
6414,7475,Weapon,Firearm,
6415,7476,Weapon,Explosives,
6416,7477,Weapon,Firearm,
6417,7478,Weapon,Poison,
6418,7479,Weapon,Blunt Object,
6419,7480,Weapon,Firearm,
6420,7481,Weapon,Poison,
6421,7482,Weapon,Explosives,
6422,7483,Weapon,Firearm,
6423,7484,Weapon,Other,
6424,7485,Weapon,Other,
6425,7486,Weapon,Other,
6426,7487,Weapon,Blunt Object,
6427,7488,Weapon,Other,
6428,7489,Weapon,Poison,
6429,7490,Weapon,Blunt Object,
6430,7491,Weapon,Explosives,
6431,7492,Weapon,Knife,
6432,7494,Weapon,Other,
6433,7495,Weapon,Blunt Object,
6434,7496,Weapon,Blunt Object,
6435,7497,Weapon,Poison,
6436,7499,Weapon,Knife,
6437,7500,Weapon,Knife,
6438,7501,Weapon,Poison,
6439,7502,Weapon,Other,
6440,7504,Weapon,Explosives,
6441,7505,Weapon,Poison,
6442,7506,Weapon,Poison,
6443,7507,Weapon,Firearm,
6444,7508,Weapon,Explosives,
6445,7509,Weapon,Other,
6446,7510,Weapon,Poison,
6447,7511,Weapon,Explosives,
6448,7512,Weapon,Firearm,
6449,7513,Weapon,Knife,
6450,7514,Weapon,Poison,
6451,7515,Weapon,Knife,
6452,7516,Weapon,Knife,
6453,7517,Weapon,Blunt Object,
6454,7518,Weapon,Blunt Object,
6455,7519,Weapon,Other,
6456,7520,Weapon,Poison,
6457,7522,Weapon,Other,
6458,7523,Weapon,Explosives,
6459,7524,Weapon,Knife,
6460,7525,Weapon,Other,
6461,7526,Weapon,Explosives,
6462,7527,Weapon,Other,
6463,7528,Weapon,Explosives,
6464,7529,Weapon,Firearm,
6465,7530,Weapon,Explosives,
6466,7531,Weapon,Blunt Object,
6467,7532,Weapon,Other,
6468,7533,Weapon,Explosives,
6469,7534,Weapon,Other,
6470,7535,Weapon,Explosives,
6471,7536,Weapon,Blunt Object,
6472,7537,Weapon,Other,
6473,7539,Weapon,Knife,
6474,7540,Weapon,Knife,
6475,7541,Weapon,Poison,
6476,7542,Weapon,Firearm,
6477,7543,Weapon,Poison,
6478,7544,Weapon,Poison,
6479,7545,Weapon,Blunt Object,
6480,7546,Weapon,Other,
6481,7547,Weapon,Other,
6482,7548,Weapon,Blunt Object,
6483,7549,Weapon,Other,
6484,7550,Weapon,Other,
6485,7551,Weapon,Firearm,
6486,7552,Weapon,Other,
6487,7553,Weapon,Firearm,
6488,7554,Weapon,Blunt Object,
6489,7555,Weapon,Explosives,
6490,7556,Weapon,Knife,
6491,7557,Weapon,Explosives,
6492,7559,Weapon,Explosives,
6493,7560,Weapon,Other,
6494,7561,Weapon,Poison,
6495,7562,Weapon,Knife,
6496,7563,Weapon,Other,
6497,7565,Weapon,Knife,
6498,7566,Weapon,Firearm,
6499,7567,Weapon,Poison,
6500,7568,Weapon,Firearm,
6501,7569,Weapon,Poison,
6502,7570,Weapon,Other,
6503,7571,Weapon,Poison,
6504,7572,Weapon,Poison,
6505,7573,Weapon,Explosives,
6506,7574,Weapon,Poison,
6507,7575,Weapon,Other,
6508,7576,Weapon,Firearm,
6509,7577,Weapon,Poison,
6510,7579,Weapon,Blunt Object,
6511,7580,Weapon,Firearm,
6512,7581,Weapon,Poison,
6513,7582,Weapon,Other,
6514,7583,Weapon,Firearm,
6515,7586,Weapon,Poison,
6516,7587,Weapon,Explosives,
6517,7588,Weapon,Poison,
6518,7589,Weapon,Explosives,
6519,7590,Weapon,Blunt Object,
6520,7591,Weapon,Explosives,
6521,7592,Weapon,Poison,
6522,7593,Weapon,Poison,
6523,7594,Weapon,Explosives,
6524,7595,Weapon,Knife,
6525,7596,Weapon,Explosives,
6526,7597,Weapon,Knife,
6527,7598,Weapon,Other,
6528,7599,Weapon,Other,
6529,7600,Weapon,Explosives,
6530,7601,Weapon,Other,
6531,7602,Weapon,Other,
6532,7603,Weapon,Knife,
6533,7605,Weapon,Blunt Object,
6534,7606,Weapon,Knife,
6535,7607,Weapon,Explosives,
6536,7608,Weapon,Other,
6537,7609,Weapon,Other,
6538,7610,Weapon,Other,
6539,7611,Weapon,Explosives,
6540,7612,Weapon,Blunt Object,
6541,7613,Weapon,Other,
6542,7614,Weapon,Other,
6543,7615,Weapon,Blunt Object,
6544,7616,Weapon,Poison,
6545,7617,Weapon,Knife,
6546,7618,Weapon,Blunt Object,
6547,7619,Weapon,Poison,
6548,7621,Weapon,Firearm,
6549,7622,Weapon,Explosives,
6550,7623,Weapon,Blunt Object,
6551,7624,Weapon,Blunt Object,
6552,7625,Weapon,Blunt Object,
6553,7626,Weapon,Knife,
6554,7627,Weapon,Explosives,
6555,7628,Weapon,Knife,
6556,7629,Weapon,Poison,
6557,7630,Weapon,Firearm,
6558,7632,Weapon,Knife,
6559,7633,Weapon,Explosives,
6560,7634,Weapon,Firearm,
6561,7635,Weapon,Other,
6562,7637,Weapon,Explosives,
6563,7638,Weapon,Explosives,
6564,7639,Weapon,Blunt Object,
6565,7640,Weapon,Explosives,
6566,7641,Weapon,Firearm,
6567,7642,Weapon,Knife,
6568,7644,Weapon,Blunt Object,
6569,7645,Weapon,Knife,
6570,7646,Weapon,Firearm,
6571,7647,Weapon,Firearm,
6572,7649,Weapon,Other,
6573,7650,Weapon,Firearm,
6574,7651,Weapon,Poison,
6575,7652,Weapon,Explosives,
6576,7653,Weapon,Knife,
6577,7654,Weapon,Other,
6578,7655,Weapon,Poison,
6579,7656,Weapon,Firearm,
6580,7658,Weapon,Firearm,
6581,7659,Weapon,Blunt Object,
6582,7660,Weapon,Firearm,
6583,7661,Weapon,Knife,
6584,7662,Weapon,Poison,
6585,7663,Weapon,Poison,
6586,7664,Weapon,Blunt Object,
6587,7665,Weapon,Other,
6588,7666,Weapon,Poison,
6589,7667,Weapon,Other,
6590,7668,Weapon,Firearm,
6591,7669,Weapon,Blunt Object,
6592,7670,Weapon,Firearm,
6593,7671,Weapon,Poison,
6594,7672,Weapon,Firearm,
6595,7673,Weapon,Explosives,
6596,7674,Weapon,Explosives,
6597,7675,Weapon,Explosives,
6598,7676,Weapon,Blunt Object,
6599,7677,Weapon,Firearm,
6600,7678,Weapon,Other,
6601,7679,Weapon,Knife,
6602,7680,Weapon,Other,
6603,7681,Weapon,Poison,
6604,7682,Weapon,Explosives,
6605,7683,Weapon,Blunt Object,
6606,7684,Weapon,Other,
6607,7685,Weapon,Firearm,
6608,7687,Weapon,Explosives,
6609,7688,Weapon,Knife,
6610,7689,Weapon,Other,
6611,7690,Weapon,Firearm,
6612,7691,Weapon,Other,
6613,7692,Weapon,Blunt Object,
6614,7694,Weapon,Blunt Object,
6615,7695,Weapon,Knife,
6616,7697,Weapon,Firearm,
6617,7698,Weapon,Poison,
6618,7699,Weapon,Explosives,
6619,7700,Weapon,Knife,
6620,7701,Weapon,Blunt Object,
6621,7703,Weapon,Explosives,
6622,7706,Weapon,Explosives,
6623,7707,Weapon,Knife,
6624,7708,Weapon,Explosives,
6625,7709,Weapon,Poison,
6626,7710,Weapon,Knife,
6627,7711,Weapon,Explosives,
6628,7712,Weapon,Knife,
6629,7713,Weapon,Blunt Object,
6630,7714,Weapon,Explosives,
6631,7715,Weapon,Knife,
6632,7716,Weapon,Blunt Object,
6633,7717,Weapon,Poison,
6634,7718,Weapon,Knife,
6635,7720,Weapon,Poison,
6636,7721,Weapon,Blunt Object,
6637,7722,Weapon,Firearm,
6638,7723,Weapon,Other,
6639,7724,Weapon,Blunt Object,
6640,7725,Weapon,Firearm,
6641,7726,Weapon,Poison,
6642,7728,Weapon,Explosives,
6643,7729,Weapon,Blunt Object,
6644,7730,Weapon,Poison,
6645,7731,Weapon,Poison,
6646,7734,Weapon,Poison,
6647,7736,Weapon,Blunt Object,
6648,7737,Weapon,Blunt Object,
6649,7738,Weapon,Poison,
6650,7739,Weapon,Firearm,
6651,7740,Weapon,Knife,
6652,7741,Weapon,Poison,
6653,7742,Weapon,Knife,
6654,7744,Weapon,Poison,
6655,7745,Weapon,Blunt Object,
6656,7746,Weapon,Explosives,
6657,7747,Weapon,Blunt Object,
6658,7750,Weapon,Blunt Object,
6659,7751,Weapon,Other,
6660,7752,Weapon,Other,
6661,7753,Weapon,Firearm,
6662,7754,Weapon,Firearm,
6663,7755,Weapon,Blunt Object,
6664,7756,Weapon,Blunt Object,
6665,7757,Weapon,Firearm,
6666,7758,Weapon,Knife,
6667,7759,Weapon,Blunt Object,
6668,7760,Weapon,Explosives,
6669,7761,Weapon,Firearm,
6670,7762,Weapon,Other,
6671,7763,Weapon,Poison,
6672,7764,Weapon,Poison,
6673,7765,Weapon,Knife,
6674,7769,Weapon,Knife,
6675,7770,Weapon,Knife,
6676,7771,Weapon,Firearm,
6677,7772,Weapon,Other,
6678,7774,Weapon,Knife,
6679,7775,Weapon,Firearm,
6680,7777,Weapon,Firearm,
6681,7778,Weapon,Explosives,
6682,7779,Weapon,Knife,
6683,7781,Weapon,Blunt Object,
6684,7782,Weapon,Poison,
6685,7783,Weapon,Knife,
6686,7784,Weapon,Firearm,
6687,7785,Weapon,Poison,
6688,7786,Weapon,Poison,
6689,7787,Weapon,Explosives,
6690,7788,Weapon,Blunt Object,
6691,7789,Weapon,Explosives,
6692,7790,Weapon,Explosives,
6693,7791,Weapon,Explosives,
6694,7792,Weapon,Blunt Object,
6695,7793,Weapon,Knife,
6696,7794,Weapon,Firearm,
6697,7795,Weapon,Explosives,
6698,7796,Weapon,Blunt Object,
6699,7798,Weapon,Other,
6700,7799,Weapon,Poison,
6701,7800,Weapon,Knife,
6702,7801,Weapon,Explosives,
6703,7802,Weapon,Poison,
6704,7803,Weapon,Other,
6705,7804,Weapon,Knife,
6706,7805,Weapon,Blunt Object,
6707,7806,Weapon,Knife,
6708,7807,Weapon,Firearm,
6709,7808,Weapon,Poison,
6710,7809,Weapon,Blunt Object,
6711,7810,Weapon,Blunt Object,
6712,7811,Weapon,Explosives,
6713,7812,Weapon,Knife,
6714,7813,Weapon,Firearm,
6715,7814,Weapon,Knife,
6716,7815,Weapon,Poison,
6717,7816,Weapon,Poison,
6718,7817,Weapon,Other,
6719,7818,Weapon,Poison,
6720,7819,Weapon,Blunt Object,
6721,7820,Weapon,Blunt Object,
6722,7821,Weapon,Explosives,
6723,7822,Weapon,Other,
6724,7823,Weapon,Other,
6725,7824,Weapon,Poison,
6726,7825,Weapon,Explosives,
6727,7826,Weapon,Knife,
6728,7828,Weapon,Other,
6729,7829,Weapon,Knife,
6730,7830,Weapon,Other,
6731,7832,Weapon,Explosives,
6732,7833,Weapon,Other,
6733,7834,Weapon,Other,
6734,7835,Weapon,Firearm,
6735,7836,Weapon,Knife,
6736,7837,Weapon,Explosives,
6737,7838,Weapon,Poison,
6738,7839,Weapon,Blunt Object,
6739,7840,Weapon,Blunt Object,
6740,7841,Weapon,Blunt Object,
6741,7842,Weapon,Other,
6742,7843,Weapon,Firearm,
6743,7844,Weapon,Knife,
6744,7845,Weapon,Knife,
6745,7846,Weapon,Knife,
6746,7847,Weapon,Firearm,
6747,7848,Weapon,Poison,
6748,7849,Weapon,Explosives,
6749,7850,Weapon,Blunt Object,
6750,7852,Weapon,Explosives,
6751,7853,Weapon,Explosives,
6752,7854,Weapon,Firearm,
6753,7855,Weapon,Poison,
6754,7856,Weapon,Firearm,
6755,7858,Weapon,Knife,
6756,7859,Weapon,Explosives,
6757,7860,Weapon,Blunt Object,
6758,7862,Weapon,Other,
6759,7863,Weapon,Blunt Object,
6760,7864,Weapon,Other,
6761,7865,Weapon,Other,
6762,7867,Weapon,Firearm,
6763,7868,Weapon,Poison,
6764,7869,Weapon,Other,
6765,7870,Weapon,Blunt Object,
6766,7871,Weapon,Firearm,
6767,7872,Weapon,Firearm,
6768,7873,Weapon,Firearm,
6769,7874,Weapon,Explosives,
6770,7875,Weapon,Explosives,
6771,7876,Weapon,Explosives,
6772,7877,Weapon,Knife,
6773,7878,Weapon,Explosives,
6774,7879,Weapon,Other,
6775,7880,Weapon,Poison,
6776,7881,Weapon,Poison,
6777,7882,Weapon,Blunt Object,
6778,7883,Weapon,Knife,
6779,7884,Weapon,Other,
6780,7885,Weapon,Firearm,
6781,7886,Weapon,Knife,
6782,7887,Weapon,Firearm,
6783,7888,Weapon,Other,
6784,7889,Weapon,Poison,
6785,7890,Weapon,Other,
6786,7891,Weapon,Knife,
6787,7892,Weapon,Knife,
6788,7893,Weapon,Other,
6789,7894,Weapon,Explosives,
6790,7895,Weapon,Explosives,
6791,7896,Weapon,Firearm,
6792,7897,Weapon,Firearm,
6793,7898,Weapon,Other,
6794,7899,Weapon,Knife,
6795,7900,Weapon,Knife,
6796,7901,Weapon,Explosives,
6797,7902,Weapon,Other,
6798,7905,Weapon,Other,
6799,7906,Weapon,Poison,
6800,7907,Weapon,Other,
6801,7908,Weapon,Knife,
6802,7909,Weapon,Poison,
6803,7911,Weapon,Explosives,
6804,7912,Weapon,Knife,
6805,7913,Weapon,Poison,
6806,7914,Weapon,Firearm,
6807,7915,Weapon,Blunt Object,
6808,7917,Weapon,Blunt Object,
6809,7918,Weapon,Knife,
6810,7919,Weapon,Poison,
6811,7920,Weapon,Other,
6812,7921,Weapon,Firearm,
6813,7922,Weapon,Other,
6814,7923,Weapon,Firearm,
6815,7924,Weapon,Explosives,
6816,7926,Weapon,Blunt Object,
6817,7927,Weapon,Other,
6818,7928,Weapon,Firearm,
6819,7929,Weapon,Knife,
6820,7930,Weapon,Firearm,
6821,7931,Weapon,Blunt Object,
6822,7932,Weapon,Other,
6823,7933,Weapon,Poison,
6824,7934,Weapon,Explosives,
6825,7936,Weapon,Firearm,
6826,7937,Weapon,Firearm,
6827,7938,Weapon,Blunt Object,
6828,7939,Weapon,Explosives,
6829,7940,Weapon,Firearm,
6830,7942,Weapon,Knife,
6831,7943,Weapon,Knife,
6832,7944,Weapon,Explosives,
6833,7945,Weapon,Poison,
6834,7946,Weapon,Knife,
6835,7947,Weapon,Knife,
6836,7948,Weapon,Explosives,
6837,7949,Weapon,Firearm,
6838,7950,Weapon,Explosives,
6839,7951,Weapon,Poison,
6840,7952,Weapon,Firearm,
6841,7954,Weapon,Other,
6842,7956,Weapon,Explosives,
6843,7957,Weapon,Firearm,
6844,7958,Weapon,Knife,
6845,7959,Weapon,Blunt Object,
6846,7960,Weapon,Knife,
6847,7961,Weapon,Other,
6848,7963,Weapon,Other,
6849,7964,Weapon,Knife,
6850,7965,Weapon,Blunt Object,
6851,7966,Weapon,Poison,
6852,7967,Weapon,Poison,
6853,7968,Weapon,Explosives,
6854,7969,Weapon,Explosives,
6855,7970,Weapon,Knife,
6856,7972,Weapon,Knife,
6857,7973,Weapon,Explosives,
6858,7974,Weapon,Poison,
6859,7975,Weapon,Firearm,
6860,7977,Weapon,Explosives,
6861,7978,Weapon,Firearm,
6862,7979,Weapon,Blunt Object,
6863,7981,Weapon,Firearm,
6864,7982,Weapon,Explosives,
6865,7983,Weapon,Blunt Object,
6866,7985,Weapon,Explosives,
6867,7986,Weapon,Firearm,
6868,7987,Weapon,Blunt Object,
6869,7988,Weapon,Explosives,
6870,7989,Weapon,Other,
6871,7990,Weapon,Firearm,
6872,7991,Weapon,Poison,
6873,7992,Weapon,Other,
6874,7994,Weapon,Poison,
6875,7995,Weapon,Poison,
6876,7996,Weapon,Other,
6877,7997,Weapon,Firearm,
6878,7998,Weapon,Explosives,
6879,7999,Weapon,Poison,
6880,8000,Weapon,Other,
6881,8001,Weapon,Knife,
6882,8002,Weapon,Knife,
6883,8004,Weapon,Blunt Object,
6884,8005,Weapon,Firearm,
6885,8006,Weapon,Poison,
6886,8007,Weapon,Firearm,
6887,8008,Weapon,Explosives,
6888,8009,Weapon,Firearm,
6889,8010,Weapon,Firearm,
6890,8011,Weapon,Poison,
6891,8012,Weapon,Other,
6892,8014,Weapon,Firearm,
6893,8015,Weapon,Knife,
6894,8016,Weapon,Knife,
6895,8017,Weapon,Firearm,
6896,8018,Weapon,Firearm,
6897,8019,Weapon,Firearm,
6898,8020,Weapon,Blunt Object,
6899,8021,Weapon,Knife,
6900,8022,Weapon,Knife,
6901,8023,Weapon,Explosives,
6902,8024,Weapon,Firearm,
6903,8025,Weapon,Other,
6904,8026,Weapon,Blunt Object,
6905,8027,Weapon,Explosives,
6906,8028,Weapon,Knife,
6907,8029,Weapon,Poison,
6908,8031,Weapon,Other,
6909,8032,Weapon,Firearm,
6910,8033,Weapon,Explosives,
6911,8034,Weapon,Knife,
6912,8035,Weapon,Explosives,
6913,8038,Weapon,Blunt Object,
6914,8039,Weapon,Explosives,
6915,8042,Weapon,Poison,
6916,8043,Weapon,Poison,
6917,8044,Weapon,Knife,
6918,8046,Weapon,Blunt Object,
6919,8047,Weapon,Explosives,
6920,8048,Weapon,Explosives,
6921,8049,Weapon,Firearm,
6922,8050,Weapon,Other,
6923,8051,Weapon,Knife,
6924,8052,Weapon,Other,
6925,8053,Weapon,Explosives,
6926,8054,Weapon,Knife,
6927,8055,Weapon,Blunt Object,
6928,8057,Weapon,Explosives,
6929,8058,Weapon,Firearm,
6930,8059,Weapon,Other,
6931,8060,Weapon,Explosives,
6932,8061,Weapon,Knife,
6933,8063,Weapon,Explosives,
6934,8064,Weapon,Blunt Object,
6935,8065,Weapon,Other,
6936,8066,Weapon,Blunt Object,
6937,8067,Weapon,Other,
6938,8068,Weapon,Explosives,
6939,8069,Weapon,Poison,
6940,8070,Weapon,Explosives,
6941,8072,Weapon,Explosives,
6942,8073,Weapon,Explosives,
6943,8074,Weapon,Knife,
6944,8075,Weapon,Other,
6945,8077,Weapon,Blunt Object,
6946,8078,Weapon,Firearm,
6947,8079,Weapon,Poison,
6948,8080,Weapon,Knife,
6949,8081,Weapon,Poison,
6950,8082,Weapon,Other,
6951,8083,Weapon,Blunt Object,
6952,8084,Weapon,Knife,
6953,8086,Weapon,Knife,
6954,8088,Weapon,Blunt Object,
6955,8089,Weapon,Blunt Object,
6956,8090,Weapon,Explosives,
6957,8091,Weapon,Poison,
6958,8092,Weapon,Blunt Object,
6959,8093,Weapon,Other,
6960,8094,Weapon,Firearm,
6961,8095,Weapon,Blunt Object,
6962,8096,Weapon,Firearm,
6963,8097,Weapon,Poison,
6964,8098,Weapon,Explosives,
6965,8099,Weapon,Other,
6966,8100,Weapon,Other,
6967,8101,Weapon,Firearm,
6968,8102,Weapon,Blunt Object,
6969,8103,Weapon,Firearm,
6970,8104,Weapon,Firearm,
6971,8105,Weapon,Explosives,
6972,8107,Weapon,Knife,
6973,8108,Weapon,Poison,
6974,8109,Weapon,Blunt Object,
6975,8110,Weapon,Blunt Object,
6976,8111,Weapon,Other,
6977,8112,Weapon,Explosives,
6978,8113,Weapon,Explosives,
6979,8114,Weapon,Blunt Object,
6980,8117,Weapon,Firearm,
6981,8118,Weapon,Poison,
6982,8121,Weapon,Explosives,
6983,8122,Weapon,Blunt Object,
6984,8123,Weapon,Firearm,
6985,8124,Weapon,Knife,
6986,8125,Weapon,Firearm,
6987,8126,Weapon,Other,
6988,8127,Weapon,Poison,
6989,8128,Weapon,Knife,
6990,8131,Weapon,Poison,
6991,8132,Weapon,Firearm,
6992,8133,Weapon,Knife,
6993,8134,Weapon,Firearm,
6994,8135,Weapon,Poison,
6995,8137,Weapon,Poison,
6996,8138,Weapon,Blunt Object,
6997,8139,Weapon,Knife,
6998,8140,Weapon,Other,
6999,8141,Weapon,Other,
7000,8143,Weapon,Knife,
7001,8144,Weapon,Explosives,
7002,8145,Weapon,Explosives,
7003,8146,Weapon,Explosives,
7004,8147,Weapon,Firearm,
7005,8148,Weapon,Poison,
7006,8149,Weapon,Firearm,
7007,8150,Weapon,Blunt Object,
7008,8151,Weapon,Firearm,
7009,8152,Weapon,Explosives,
7010,8153,Weapon,Knife,
7011,8154,Weapon,Explosives,
7012,8155,Weapon,Explosives,
7013,8156,Weapon,Blunt Object,
7014,8157,Weapon,Blunt Object,
7015,8158,Weapon,Knife,
7016,8159,Weapon,Blunt Object,
7017,8161,Weapon,Other,
7018,8162,Weapon,Firearm,
7019,8163,Weapon,Other,
7020,8164,Weapon,Blunt Object,
7021,8165,Weapon,Explosives,
7022,8166,Weapon,Other,
7023,8167,Weapon,Knife,
7024,8168,Weapon,Other,
7025,8169,Weapon,Explosives,
7026,8170,Weapon,Firearm,
7027,8171,Weapon,Poison,
7028,8172,Weapon,Other,
7029,8173,Weapon,Blunt Object,
7030,8174,Weapon,Other,
7031,8175,Weapon,Knife,
7032,8177,Weapon,Blunt Object,
7033,8178,Weapon,Explosives,
7034,8179,Weapon,Poison,
7035,8181,Weapon,Blunt Object,
7036,8182,Weapon,Explosives,
7037,8183,Weapon,Poison,
7038,8184,Weapon,Explosives,
7039,8185,Weapon,Explosives,
7040,8186,Weapon,Other,
7041,8187,Weapon,Other,
7042,8188,Weapon,Other,
7043,8189,Weapon,Firearm,
7044,8190,Weapon,Blunt Object,
7045,8191,Weapon,Explosives,
7046,8192,Weapon,Firearm,
7047,8194,Weapon,Poison,
7048,8195,Weapon,Poison,
7049,8196,Weapon,Knife,
7050,8198,Weapon,Poison,
7051,8199,Weapon,Explosives,
7052,8200,Weapon,Poison,
7053,8201,Weapon,Knife,
7054,8202,Weapon,Knife,
7055,8203,Weapon,Knife,
7056,8205,Weapon,Knife,
7057,8206,Weapon,Knife,
7058,8207,Weapon,Poison,
7059,8208,Weapon,Explosives,
7060,8209,Weapon,Knife,
7061,8210,Weapon,Explosives,
7062,8211,Weapon,Firearm,
7063,8212,Weapon,Knife,
7064,8213,Weapon,Firearm,
7065,8214,Weapon,Firearm,
7066,8215,Weapon,Explosives,
7067,8216,Weapon,Blunt Object,
7068,8217,Weapon,Other,
7069,8218,Weapon,Firearm,
7070,8221,Weapon,Poison,
7071,8222,Weapon,Poison,
7072,8223,Weapon,Firearm,
7073,8224,Weapon,Blunt Object,
7074,8226,Weapon,Blunt Object,
7075,8228,Weapon,Blunt Object,
7076,8229,Weapon,Knife,
7077,8230,Weapon,Firearm,
7078,8231,Weapon,Poison,
7079,8232,Weapon,Blunt Object,
7080,8233,Weapon,Firearm,
7081,8234,Weapon,Blunt Object,
7082,8235,Weapon,Poison,
7083,8236,Weapon,Firearm,
7084,8237,Weapon,Poison,
7085,8238,Weapon,Blunt Object,
7086,8241,Weapon,Knife,
7087,8242,Weapon,Poison,
7088,8243,Weapon,Other,
7089,8244,Weapon,Other,
7090,8245,Weapon,Other,
7091,8248,Weapon,Firearm,
7092,8249,Weapon,Poison,
7093,8250,Weapon,Explosives,
7094,8251,Weapon,Knife,
7095,8253,Weapon,Poison,
7096,8254,Weapon,Other,
7097,8255,Weapon,Other,
7098,8256,Weapon,Knife,
7099,8257,Weapon,Firearm,
7100,8258,Weapon,Knife,
7101,8260,Weapon,Firearm,
7102,8261,Weapon,Blunt Object,
7103,8262,Weapon,Knife,
7104,8263,Weapon,Explosives,
7105,8264,Weapon,Explosives,
7106,8265,Weapon,Other,
7107,8267,Weapon,Firearm,
7108,8268,Weapon,Other,
7109,8269,Weapon,Firearm,
7110,8270,Weapon,Firearm,
7111,8271,Weapon,Other,
7112,8273,Weapon,Other,
7113,8274,Weapon,Other,
7114,8275,Weapon,Blunt Object,
7115,8276,Weapon,Other,
7116,8277,Weapon,Knife,
7117,8278,Weapon,Knife,
7118,8279,Weapon,Blunt Object,
7119,8280,Weapon,Explosives,
7120,8281,Weapon,Other,
7121,8282,Weapon,Other,
7122,8283,Weapon,Blunt Object,
7123,8286,Weapon,Explosives,
7124,8288,Weapon,Knife,
7125,8290,Weapon,Firearm,
7126,8291,Weapon,Blunt Object,
7127,8292,Weapon,Other,
7128,8293,Weapon,Explosives,
7129,8295,Weapon,Poison,
7130,8296,Weapon,Explosives,
7131,8297,Weapon,Blunt Object,
7132,8298,Weapon,Poison,
7133,8299,Weapon,Poison,
7134,8300,Weapon,Firearm,
7135,8301,Weapon,Poison,
7136,8302,Weapon,Explosives,
7137,8303,Weapon,Poison,
7138,8304,Weapon,Explosives,
7139,8305,Weapon,Other,
7140,8307,Weapon,Explosives,
7141,8309,Weapon,Knife,
7142,8310,Weapon,Explosives,
7143,8311,Weapon,Blunt Object,
7144,8312,Weapon,Firearm,
7145,8313,Weapon,Other,
7146,8314,Weapon,Other,
7147,8315,Weapon,Explosives,
7148,8316,Weapon,Blunt Object,
7149,8317,Weapon,Explosives,
7150,8319,Weapon,Blunt Object,
7151,8320,Weapon,Other,
7152,8321,Weapon,Poison,
7153,8322,Weapon,Firearm,
7154,8323,Weapon,Poison,
7155,8324,Weapon,Other,
7156,8325,Weapon,Knife,
7157,8326,Weapon,Poison,
7158,8328,Weapon,Explosives,
7159,8330,Weapon,Blunt Object,
7160,8331,Weapon,Explosives,
7161,8332,Weapon,Other,
7162,8333,Weapon,Explosives,
7163,8334,Weapon,Poison,
7164,8335,Weapon,Knife,
7165,8336,Weapon,Firearm,
7166,8340,Weapon,Blunt Object,
7167,8341,Weapon,Firearm,
7168,8343,Weapon,Blunt Object,
7169,8344,Weapon,Firearm,
7170,8345,Weapon,Blunt Object,
7171,8346,Weapon,Poison,
7172,8347,Weapon,Explosives,
7173,8348,Weapon,Blunt Object,
7174,8349,Weapon,Explosives,
7175,8350,Weapon,Other,
7176,8352,Weapon,Firearm,
7177,8353,Weapon,Firearm,
7178,8354,Weapon,Blunt Object,
7179,8356,Weapon,Firearm,
7180,8358,Weapon,Knife,
7181,8359,Weapon,Blunt Object,
7182,8360,Weapon,Knife,
7183,8361,Weapon,Poison,
7184,8362,Weapon,Knife,
7185,8363,Weapon,Knife,
7186,8364,Weapon,Poison,
7187,8365,Weapon,Firearm,
7188,8366,Weapon,Blunt Object,
7189,8367,Weapon,Knife,
7190,8368,Weapon,Knife,
7191,8369,Weapon,Poison,
7192,8370,Weapon,Other,
7193,8371,Weapon,Blunt Object,
7194,8372,Weapon,Knife,
7195,8373,Weapon,Poison,
7196,8374,Weapon,Blunt Object,
7197,8375,Weapon,Explosives,
7198,8376,Weapon,Knife,
7199,8377,Weapon,Explosives,
7200,8378,Weapon,Knife,
7201,8379,Weapon,Explosives,
7202,8380,Weapon,Other,
7203,8381,Weapon,Poison,
7204,8382,Weapon,Explosives,
7205,8383,Weapon,Other,
7206,8385,Weapon,Firearm,
7207,8386,Weapon,Firearm,
7208,8387,Weapon,Other,
7209,8391,Weapon,Knife,
7210,8392,Weapon,Poison,
7211,8393,Weapon,Blunt Object,
7212,8394,Weapon,Firearm,
7213,8396,Weapon,Other,
7214,8397,Weapon,Blunt Object,
7215,8398,Weapon,Knife,
7216,8399,Weapon,Poison,
7217,8400,Weapon,Other,
7218,8401,Weapon,Poison,
7219,8403,Weapon,Explosives,
7220,8404,Weapon,Firearm,
7221,8405,Weapon,Poison,
7222,8407,Weapon,Firearm,
7223,8408,Weapon,Firearm,
7224,8409,Weapon,Knife,
7225,8410,Weapon,Knife,
7226,8411,Weapon,Other,
7227,8412,Weapon,Explosives,
7228,8413,Weapon,Explosives,
7229,8414,Weapon,Knife,
7230,8415,Weapon,Explosives,
7231,8416,Weapon,Explosives,
7232,8417,Weapon,Other,
7233,8421,Weapon,Poison,
7234,8422,Weapon,Explosives,
7235,8423,Weapon,Other,
7236,8424,Weapon,Other,
7237,8425,Weapon,Knife,
7238,8427,Weapon,Firearm,
7239,8428,Weapon,Poison,
7240,8429,Weapon,Other,
7241,8430,Weapon,Blunt Object,
7242,8431,Weapon,Blunt Object,
7243,8433,Weapon,Explosives,
7244,8434,Weapon,Poison,
7245,8436,Weapon,Blunt Object,
7246,8437,Weapon,Other,
7247,8438,Weapon,Other,
7248,8439,Weapon,Blunt Object,
7249,8440,Weapon,Firearm,
7250,8442,Weapon,Explosives,
7251,8443,Weapon,Poison,
7252,8445,Weapon,Explosives,
7253,8446,Weapon,Explosives,
7254,8447,Weapon,Knife,
7255,8448,Weapon,Knife,
7256,8449,Weapon,Firearm,
7257,8450,Weapon,Firearm,
7258,8451,Weapon,Poison,
7259,8453,Weapon,Blunt Object,
7260,8455,Weapon,Other,
7261,8456,Weapon,Knife,
7262,8457,Weapon,Knife,
7263,8458,Weapon,Blunt Object,
7264,8461,Weapon,Knife,
7265,8462,Weapon,Knife,
7266,8464,Weapon,Other,
7267,8466,Weapon,Other,
7268,8467,Weapon,Blunt Object,
7269,8468,Weapon,Blunt Object,
7270,8471,Weapon,Blunt Object,
7271,8472,Weapon,Explosives,
7272,8473,Weapon,Explosives,
7273,8474,Weapon,Other,
7274,8475,Weapon,Poison,
7275,8476,Weapon,Other,
7276,8477,Weapon,Firearm,
7277,8478,Weapon,Other,
7278,8479,Weapon,Blunt Object,
7279,8480,Weapon,Knife,
7280,8481,Weapon,Poison,
7281,8482,Weapon,Poison,
7282,8483,Weapon,Poison,
7283,8484,Weapon,Firearm,
7284,8486,Weapon,Explosives,
7285,8487,Weapon,Firearm,
7286,8488,Weapon,Poison,
7287,8489,Weapon,Firearm,
7288,8490,Weapon,Other,
7289,8491,Weapon,Blunt Object,
7290,8492,Weapon,Blunt Object,
7291,8493,Weapon,Knife,
7292,8494,Weapon,Blunt Object,
7293,8496,Weapon,Firearm,
7294,8497,Weapon,Poison,
7295,8498,Weapon,Other,
7296,8499,Weapon,Knife,
7297,8500,Weapon,Explosives,
7298,8502,Weapon,Other,
7299,8503,Weapon,Explosives,
7300,8504,Weapon,Other,
7301,8505,Weapon,Other,
7302,8506,Weapon,Knife,
7303,8507,Weapon,Poison,
7304,8508,Weapon,Other,
7305,8509,Weapon,Other,
7306,8511,Weapon,Knife,
7307,8512,Weapon,Poison,
7308,8514,Weapon,Explosives,
7309,8515,Weapon,Knife,
7310,8516,Weapon,Firearm,
7311,8517,Weapon,Knife,
7312,8518,Weapon,Other,
7313,8519,Weapon,Other,
7314,8520,Weapon,Firearm,
7315,8521,Weapon,Poison,
7316,8522,Weapon,Knife,
7317,8523,Weapon,Knife,
7318,8524,Weapon,Explosives,
7319,8526,Weapon,Firearm,
7320,8527,Weapon,Explosives,
7321,8529,Weapon,Other,
7322,8530,Weapon,Firearm,
7323,8531,Weapon,Firearm,
7324,8532,Weapon,Blunt Object,
7325,8533,Weapon,Other,
7326,8534,Weapon,Knife,
7327,8535,Weapon,Other,
7328,8536,Weapon,Blunt Object,
7329,8537,Weapon,Knife,
7330,8538,Weapon,Blunt Object,
7331,8539,Weapon,Explosives,
7332,8540,Weapon,Poison,
7333,8543,Weapon,Other,
7334,8544,Weapon,Blunt Object,
7335,8545,Weapon,Explosives,
7336,8546,Weapon,Firearm,
7337,8547,Weapon,Blunt Object,
7338,8548,Weapon,Firearm,
7339,8549,Weapon,Poison,
7340,8550,Weapon,Other,
7341,8553,Weapon,Firearm,
7342,8554,Weapon,Poison,
7343,8555,Weapon,Blunt Object,
7344,8556,Weapon,Blunt Object,
7345,8557,Weapon,Explosives,
7346,8558,Weapon,Blunt Object,
7347,8559,Weapon,Firearm,
7348,8560,Weapon,Poison,
7349,8561,Weapon,Blunt Object,
7350,8562,Weapon,Knife,
7351,8563,Weapon,Explosives,
7352,8564,Weapon,Explosives,
7353,8565,Weapon,Explosives,
7354,8566,Weapon,Explosives,
7355,8567,Weapon,Poison,
7356,8568,Weapon,Poison,
7357,8569,Weapon,Other,
7358,8570,Weapon,Firearm,
7359,8571,Weapon,Explosives,
7360,8572,Weapon,Knife,
7361,8573,Weapon,Blunt Object,
7362,8574,Weapon,Other,
7363,8575,Weapon,Firearm,
7364,8576,Weapon,Poison,
7365,8577,Weapon,Poison,
7366,8579,Weapon,Other,
7367,8580,Weapon,Blunt Object,
7368,8581,Weapon,Explosives,
7369,8583,Weapon,Poison,
7370,8584,Weapon,Firearm,
7371,8587,Weapon,Other,
7372,8588,Weapon,Blunt Object,
7373,8589,Weapon,Poison,
7374,8590,Weapon,Other,
7375,8593,Weapon,Poison,
7376,8594,Weapon,Firearm,
7377,8595,Weapon,Other,
7378,8596,Weapon,Poison,
7379,8597,Weapon,Blunt Object,
7380,8598,Weapon,Blunt Object,
7381,8599,Weapon,Other,
7382,8600,Weapon,Poison,
7383,8601,Weapon,Explosives,
7384,8602,Weapon,Blunt Object,
7385,8603,Weapon,Other,
7386,8604,Weapon,Other,
7387,8605,Weapon,Poison,
7388,8606,Weapon,Other,
7389,8607,Weapon,Blunt Object,
7390,8608,Weapon,Other,
7391,8609,Weapon,Firearm,
7392,8611,Weapon,Firearm,
7393,8612,Weapon,Blunt Object,
7394,8613,Weapon,Poison,
7395,8615,Weapon,Knife,
7396,8616,Weapon,Knife,
7397,8617,Weapon,Other,
7398,8618,Weapon,Other,
7399,8619,Weapon,Explosives,
7400,8620,Weapon,Poison,
7401,8621,Weapon,Blunt Object,
7402,8622,Weapon,Explosives,
7403,8623,Weapon,Knife,
7404,8624,Weapon,Poison,
7405,8626,Weapon,Firearm,
7406,8627,Weapon,Poison,
7407,8629,Weapon,Poison,
7408,8631,Weapon,Poison,
7409,8633,Weapon,Other,
7410,8634,Weapon,Blunt Object,
7411,8635,Weapon,Explosives,
7412,8636,Weapon,Knife,
7413,8637,Weapon,Poison,
7414,8638,Weapon,Knife,
7415,8639,Weapon,Knife,
7416,8640,Weapon,Explosives,
7417,8641,Weapon,Poison,
7418,8642,Weapon,Poison,
7419,8643,Weapon,Knife,
7420,8644,Weapon,Explosives,
7421,8646,Weapon,Knife,
7422,8647,Weapon,Poison,
7423,8648,Weapon,Firearm,
7424,8649,Weapon,Explosives,
7425,8650,Weapon,Explosives,
7426,8651,Weapon,Explosives,
7427,8652,Weapon,Firearm,
7428,8655,Weapon,Knife,
7429,8656,Weapon,Blunt Object,
7430,8657,Weapon,Blunt Object,
7431,8658,Weapon,Other,
7432,8660,Weapon,Poison,
7433,8661,Weapon,Blunt Object,
7434,8662,Weapon,Explosives,
7435,8663,Weapon,Other,
7436,8664,Weapon,Knife,
7437,8666,Weapon,Firearm,
7438,8668,Weapon,Other,
7439,8669,Weapon,Firearm,
7440,8671,Weapon,Poison,
7441,8673,Weapon,Poison,
7442,8674,Weapon,Other,
7443,8675,Weapon,Explosives,
7444,8676,Weapon,Poison,
7445,8677,Weapon,Knife,
7446,8678,Weapon,Knife,
7447,8679,Weapon,Firearm,
7448,8680,Weapon,Firearm,
7449,8681,Weapon,Firearm,
7450,8682,Weapon,Blunt Object,
7451,8683,Weapon,Firearm,
7452,8684,Weapon,Explosives,
7453,8685,Weapon,Explosives,
7454,8687,Weapon,Poison,
7455,8689,Weapon,Poison,
7456,8690,Weapon,Firearm,
7457,8691,Weapon,Explosives,
7458,8692,Weapon,Other,
7459,8693,Weapon,Firearm,
7460,8694,Weapon,Knife,
7461,8695,Weapon,Blunt Object,
7462,8696,Weapon,Poison,
7463,8699,Weapon,Poison,
7464,8700,Weapon,Explosives,
7465,8701,Weapon,Explosives,
7466,8703,Weapon,Other,
7467,8704,Weapon,Knife,
7468,8705,Weapon,Poison,
7469,8706,Weapon,Explosives,
7470,8707,Weapon,Firearm,
7471,8708,Weapon,Explosives,
7472,8709,Weapon,Poison,
7473,8710,Weapon,Knife,
7474,8711,Weapon,Explosives,
7475,8712,Weapon,Other,
7476,8713,Weapon,Poison,
7477,8714,Weapon,Explosives,
7478,8715,Weapon,Blunt Object,
7479,8716,Weapon,Other,
7480,8718,Weapon,Knife,
7481,8719,Weapon,Explosives,
7482,8720,Weapon,Other,
7483,8721,Weapon,Poison,
7484,8722,Weapon,Firearm,
7485,8723,Weapon,Explosives,
7486,8724,Weapon,Poison,
7487,8726,Weapon,Blunt Object,
7488,8727,Weapon,Other,
7489,8728,Weapon,Poison,
7490,8729,Weapon,Poison,
7491,8730,Weapon,Knife,
7492,8731,Weapon,Other,
7493,8732,Weapon,Explosives,
7494,8733,Weapon,Other,
7495,8734,Weapon,Poison,
7496,8736,Weapon,Blunt Object,
7497,8737,Weapon,Explosives,
7498,8738,Weapon,Explosives,
7499,8739,Weapon,Explosives,
7500,8740,Weapon,Other,
7501,8741,Weapon,Firearm,
7502,8743,Weapon,Firearm,
7503,8744,Weapon,Poison,
7504,8746,Weapon,Blunt Object,
7505,8747,Weapon,Other,
7506,8748,Weapon,Other,
7507,8749,Weapon,Explosives,
7508,8750,Weapon,Other,
7509,8751,Weapon,Blunt Object,
7510,8752,Weapon,Poison,
7511,8753,Weapon,Other,
7512,8754,Weapon,Blunt Object,
7513,8755,Weapon,Knife,
7514,8756,Weapon,Other,
7515,8757,Weapon,Firearm,
7516,8758,Weapon,Explosives,
7517,8761,Weapon,Knife,
7518,8763,Weapon,Explosives,
7519,8764,Weapon,Explosives,
7520,8767,Weapon,Firearm,
7521,8768,Weapon,Blunt Object,
7522,8769,Weapon,Blunt Object,
7523,8771,Weapon,Firearm,
7524,8772,Weapon,Explosives,
7525,8774,Weapon,Knife,
7526,8775,Weapon,Poison,
7527,8778,Weapon,Poison,
7528,8780,Weapon,Other,
7529,8781,Weapon,Other,
7530,8782,Weapon,Explosives,
7531,8783,Weapon,Blunt Object,
7532,8785,Weapon,Other,
7533,8787,Weapon,Knife,
7534,8790,Weapon,Poison,
7535,8791,Weapon,Explosives,
7536,8792,Weapon,Poison,
7537,8793,Weapon,Explosives,
7538,8794,Weapon,Knife,
7539,8795,Weapon,Other,
7540,8796,Weapon,Firearm,
7541,8797,Weapon,Blunt Object,
7542,8798,Weapon,Firearm,
7543,8800,Weapon,Explosives,
7544,8801,Weapon,Other,
7545,8804,Weapon,Knife,
7546,8805,Weapon,Explosives,
7547,8806,Weapon,Explosives,
7548,8807,Weapon,Knife,
7549,8808,Weapon,Blunt Object,
7550,8809,Weapon,Firearm,
7551,8810,Weapon,Knife,
7552,8811,Weapon,Other,
7553,8812,Weapon,Explosives,
7554,8814,Weapon,Knife,
7555,8815,Weapon,Blunt Object,
7556,8817,Weapon,Blunt Object,
7557,8818,Weapon,Explosives,
7558,8819,Weapon,Explosives,
7559,8820,Weapon,Firearm,
7560,8821,Weapon,Knife,
7561,8822,Weapon,Blunt Object,
7562,8824,Weapon,Blunt Object,
7563,8825,Weapon,Firearm,
7564,8826,Weapon,Other,
7565,8827,Weapon,Blunt Object,
7566,8828,Weapon,Explosives,
7567,8830,Weapon,Poison,
7568,8831,Weapon,Poison,
7569,8832,Weapon,Blunt Object,
7570,8834,Weapon,Knife,
7571,8835,Weapon,Poison,
7572,8836,Weapon,Blunt Object,
7573,8838,Weapon,Explosives,
7574,8839,Weapon,Poison,
7575,8840,Weapon,Explosives,
7576,8842,Weapon,Explosives,
7577,8843,Weapon,Firearm,
7578,8844,Weapon,Firearm,
7579,8845,Weapon,Knife,
7580,8846,Weapon,Firearm,
7581,8847,Weapon,Knife,
7582,8848,Weapon,Other,
7583,8849,Weapon,Firearm,
7584,8850,Weapon,Knife,
7585,8851,Weapon,Knife,
7586,8852,Weapon,Other,
7587,8854,Weapon,Blunt Object,
7588,8855,Weapon,Explosives,
7589,8856,Weapon,Knife,
7590,8858,Weapon,Blunt Object,
7591,8859,Weapon,Knife,
7592,8861,Weapon,Blunt Object,
7593,8862,Weapon,Other,
7594,8863,Weapon,Knife,
7595,8865,Weapon,Knife,
7596,8866,Weapon,Firearm,
7597,8868,Weapon,Poison,
7598,8869,Weapon,Explosives,
7599,8870,Weapon,Blunt Object,
7600,8871,Weapon,Firearm,
7601,8873,Weapon,Firearm,
7602,8874,Weapon,Poison,
7603,8875,Weapon,Poison,
7604,8876,Weapon,Other,
7605,8877,Weapon,Knife,
7606,8878,Weapon,Blunt Object,
7607,8879,Weapon,Other,
7608,8880,Weapon,Blunt Object,
7609,8881,Weapon,Other,
7610,8882,Weapon,Explosives,
7611,8883,Weapon,Explosives,
7612,8884,Weapon,Firearm,
7613,8885,Weapon,Firearm,
7614,8886,Weapon,Poison,
7615,8887,Weapon,Knife,
7616,8888,Weapon,Firearm,
7617,8889,Weapon,Firearm,
7618,8890,Weapon,Blunt Object,
7619,8891,Weapon,Poison,
7620,8893,Weapon,Poison,
7621,8894,Weapon,Other,
7622,8895,Weapon,Knife,
7623,8896,Weapon,Other,
7624,8897,Weapon,Poison,
7625,8898,Weapon,Knife,
7626,8899,Weapon,Blunt Object,
7627,8900,Weapon,Firearm,
7628,8901,Weapon,Knife,
7629,8902,Weapon,Poison,
7630,8903,Weapon,Other,
7631,8904,Weapon,Other,
7632,8905,Weapon,Explosives,
7633,8906,Weapon,Blunt Object,
7634,8907,Weapon,Other,
7635,8908,Weapon,Other,
7636,8909,Weapon,Poison,
7637,8910,Weapon,Explosives,
7638,8913,Weapon,Poison,
7639,8914,Weapon,Other,
7640,8915,Weapon,Other,
7641,8918,Weapon,Poison,
7642,8919,Weapon,Other,
7643,8920,Weapon,Blunt Object,
7644,8922,Weapon,Explosives,
7645,8923,Weapon,Poison,
7646,8924,Weapon,Explosives,
7647,8925,Weapon,Knife,
7648,8926,Weapon,Knife,
7649,8927,Weapon,Other,
7650,8928,Weapon,Explosives,
7651,8929,Weapon,Other,
7652,8930,Weapon,Poison,
7653,8931,Weapon,Blunt Object,
7654,8932,Weapon,Other,
7655,8933,Weapon,Poison,
7656,8934,Weapon,Blunt Object,
7657,8935,Weapon,Blunt Object,
7658,8936,Weapon,Knife,
7659,8937,Weapon,Firearm,
7660,8939,Weapon,Poison,
7661,8940,Weapon,Blunt Object,
7662,8942,Weapon,Explosives,
7663,8943,Weapon,Knife,
7664,8944,Weapon,Knife,
7665,8945,Weapon,Explosives,
7666,8946,Weapon,Explosives,
7667,8948,Weapon,Other,
7668,8949,Weapon,Poison,
7669,8950,Weapon,Poison,
7670,8951,Weapon,Firearm,
7671,8953,Weapon,Knife,
7672,8954,Weapon,Blunt Object,
7673,8955,Weapon,Poison,
7674,8956,Weapon,Explosives,
7675,8957,Weapon,Blunt Object,
7676,8958,Weapon,Other,
7677,8959,Weapon,Firearm,
7678,8961,Weapon,Explosives,
7679,8962,Weapon,Blunt Object,
7680,8963,Weapon,Other,
7681,8964,Weapon,Explosives,
7682,8965,Weapon,Other,
7683,8966,Weapon,Blunt Object,
7684,8967,Weapon,Poison,
7685,8968,Weapon,Other,
7686,8969,Weapon,Blunt Object,
7687,8970,Weapon,Knife,
7688,8971,Weapon,Firearm,
7689,8972,Weapon,Blunt Object,
7690,8976,Weapon,Blunt Object,
7691,8977,Weapon,Poison,
7692,8978,Weapon,Knife,
7693,8979,Weapon,Explosives,
7694,8980,Weapon,Poison,
7695,8981,Weapon,Poison,
7696,8982,Weapon,Firearm,
7697,8983,Weapon,Blunt Object,
7698,8984,Weapon,Explosives,
7699,8985,Weapon,Poison,
7700,8986,Weapon,Explosives,
7701,8987,Weapon,Knife,
7702,8988,Weapon,Explosives,
7703,8989,Weapon,Explosives,
7704,8990,Weapon,Blunt Object,
7705,8991,Weapon,Explosives,
7706,8992,Weapon,Poison,
7707,8994,Weapon,Other,
7708,8996,Weapon,Other,
7709,8998,Weapon,Explosives,
7710,8999,Weapon,Other,
7711,9000,Weapon,Knife,
7712,9001,Weapon,Firearm,
7713,9002,Weapon,Explosives,
7714,9003,Weapon,Knife,
7715,9004,Weapon,Firearm,
7716,9005,Weapon,Knife,
7717,9006,Weapon,Other,
7718,9007,Weapon,Firearm,
7719,9008,Weapon,Knife,
7720,9009,Weapon,Poison,
7721,9010,Weapon,Other,
7722,9011,Weapon,Other,
7723,9012,Weapon,Knife,
7724,9013,Weapon,Explosives,
7725,9015,Weapon,Other,
7726,9016,Weapon,Other,
7727,9017,Weapon,Explosives,
7728,9018,Weapon,Knife,
7729,9020,Weapon,Knife,
7730,9021,Weapon,Knife,
7731,9022,Weapon,Other,
7732,9023,Weapon,Other,
7733,9024,Weapon,Poison,
7734,9025,Weapon,Knife,
7735,9026,Weapon,Poison,
7736,9027,Weapon,Other,
7737,9028,Weapon,Firearm,
7738,9030,Weapon,Knife,
7739,9031,Weapon,Explosives,
7740,9032,Weapon,Poison,
7741,9033,Weapon,Firearm,
7742,9034,Weapon,Other,
7743,9037,Weapon,Poison,
7744,9038,Weapon,Firearm,
7745,9039,Weapon,Knife,
7746,9040,Weapon,Explosives,
7747,9041,Weapon,Knife,
7748,9042,Weapon,Explosives,
7749,9043,Weapon,Firearm,
7750,9047,Weapon,Firearm,
7751,9048,Weapon,Blunt Object,
7752,9049,Weapon,Knife,
7753,9050,Weapon,Explosives,
7754,9052,Weapon,Knife,
7755,9053,Weapon,Poison,
7756,9054,Weapon,Other,
7757,9055,Weapon,Blunt Object,
7758,9056,Weapon,Other,
7759,9057,Weapon,Poison,
7760,9058,Weapon,Other,
7761,9059,Weapon,Firearm,
7762,9061,Weapon,Other,
7763,9062,Weapon,Poison,
7764,9063,Weapon,Blunt Object,
7765,9064,Weapon,Other,
7766,9066,Weapon,Knife,
7767,9067,Weapon,Poison,
7768,9068,Weapon,Other,
7769,9069,Weapon,Poison,
7770,9070,Weapon,Knife,
7771,9071,Weapon,Explosives,
7772,9072,Weapon,Other,
7773,9073,Weapon,Knife,
7774,9074,Weapon,Knife,
7775,9075,Weapon,Explosives,
7776,9076,Weapon,Firearm,
7777,9077,Weapon,Knife,
7778,9078,Weapon,Firearm,
7779,9079,Weapon,Poison,
7780,9080,Weapon,Poison,
7781,9081,Weapon,Knife,
7782,9082,Weapon,Blunt Object,
7783,9083,Weapon,Explosives,
7784,9084,Weapon,Blunt Object,
7785,9085,Weapon,Blunt Object,
7786,9086,Weapon,Explosives,
7787,9087,Weapon,Explosives,
7788,9088,Weapon,Blunt Object,
7789,9089,Weapon,Poison,
7790,9090,Weapon,Blunt Object,
7791,9091,Weapon,Explosives,
7792,9092,Weapon,Firearm,
7793,9094,Weapon,Other,
7794,9096,Weapon,Other,
7795,9100,Weapon,Other,
7796,9101,Weapon,Poison,
7797,9102,Weapon,Other,
7798,9103,Weapon,Poison,
7799,9104,Weapon,Explosives,
7800,9106,Weapon,Knife,
7801,9107,Weapon,Knife,
7802,9108,Weapon,Other,
7803,9109,Weapon,Blunt Object,
7804,9110,Weapon,Blunt Object,
7805,9111,Weapon,Firearm,
7806,9112,Weapon,Firearm,
7807,9113,Weapon,Firearm,
7808,9114,Weapon,Blunt Object,
7809,9115,Weapon,Knife,
7810,9118,Weapon,Poison,
7811,9119,Weapon,Poison,
7812,9120,Weapon,Other,
7813,9121,Weapon,Other,
7814,9122,Weapon,Other,
7815,9123,Weapon,Firearm,
7816,9124,Weapon,Poison,
7817,9125,Weapon,Other,
7818,9127,Weapon,Knife,
7819,9128,Weapon,Other,
7820,9130,Weapon,Other,
7821,9132,Weapon,Poison,
7822,9133,Weapon,Knife,
7823,9134,Weapon,Explosives,
7824,9135,Weapon,Explosives,
7825,9136,Weapon,Knife,
7826,9137,Weapon,Other,
7827,9138,Weapon,Blunt Object,
7828,9139,Weapon,Firearm,
7829,9141,Weapon,Blunt Object,
7830,9142,Weapon,Poison,
7831,9143,Weapon,Knife,
7832,9144,Weapon,Other,
7833,9145,Weapon,Explosives,
7834,9146,Weapon,Firearm,
7835,9147,Weapon,Poison,
7836,9148,Weapon,Knife,
7837,9150,Weapon,Knife,
7838,9151,Weapon,Explosives,
7839,9152,Weapon,Other,
7840,9153,Weapon,Explosives,
7841,9154,Weapon,Other,
7842,9155,Weapon,Firearm,
7843,9156,Weapon,Blunt Object,
7844,9158,Weapon,Explosives,
7845,9159,Weapon,Other,
7846,9160,Weapon,Poison,
7847,9161,Weapon,Knife,
7848,9162,Weapon,Other,
7849,9163,Weapon,Knife,
7850,9164,Weapon,Firearm,
7851,9165,Weapon,Explosives,
7852,9166,Weapon,Other,
7853,9167,Weapon,Knife,
7854,9168,Weapon,Other,
7855,9169,Weapon,Knife,
7856,9170,Weapon,Knife,
7857,9171,Weapon,Explosives,
7858,9172,Weapon,Explosives,
7859,9173,Weapon,Firearm,
7860,9174,Weapon,Poison,
7861,9175,Weapon,Explosives,
7862,9176,Weapon,Knife,
7863,9177,Weapon,Blunt Object,
7864,9178,Weapon,Other,
7865,9179,Weapon,Knife,
7866,9180,Weapon,Firearm,
7867,9184,Weapon,Poison,
7868,9185,Weapon,Other,
7869,9187,Weapon,Poison,
7870,9188,Weapon,Blunt Object,
7871,9189,Weapon,Firearm,
7872,9190,Weapon,Explosives,
7873,9191,Weapon,Knife,
7874,9192,Weapon,Knife,
7875,9193,Weapon,Poison,
7876,9194,Weapon,Other,
7877,9195,Weapon,Poison,
7878,9196,Weapon,Blunt Object,
7879,9197,Weapon,Knife,
7880,9198,Weapon,Other,
7881,9199,Weapon,Other,
7882,9200,Weapon,Blunt Object,
7883,9201,Weapon,Knife,
7884,9203,Weapon,Explosives,
7885,9205,Weapon,Poison,
7886,9206,Weapon,Poison,
7887,9207,Weapon,Other,
7888,9208,Weapon,Poison,
7889,9209,Weapon,Poison,
7890,9210,Weapon,Knife,
7891,9211,Weapon,Poison,
7892,9212,Weapon,Poison,
7893,9213,Weapon,Other,
7894,9214,Weapon,Other,
7895,9216,Weapon,Firearm,
7896,9217,Weapon,Blunt Object,
7897,9218,Weapon,Firearm,
7898,9219,Weapon,Other,
7899,9220,Weapon,Other,
7900,9221,Weapon,Explosives,
7901,9222,Weapon,Knife,
7902,9223,Weapon,Firearm,
7903,9224,Weapon,Firearm,
7904,9225,Weapon,Explosives,
7905,9226,Weapon,Blunt Object,
7906,9227,Weapon,Poison,
7907,9228,Weapon,Other,
7908,9231,Weapon,Poison,
7909,9232,Weapon,Firearm,
7910,9233,Weapon,Poison,
7911,9234,Weapon,Explosives,
7912,9235,Weapon,Blunt Object,
7913,9236,Weapon,Poison,
7914,9237,Weapon,Knife,
7915,9239,Weapon,Poison,
7916,9240,Weapon,Blunt Object,
7917,9241,Weapon,Blunt Object,
7918,9242,Weapon,Other,
7919,9243,Weapon,Poison,
7920,9244,Weapon,Knife,
7921,9245,Weapon,Blunt Object,
7922,9246,Weapon,Blunt Object,
7923,9247,Weapon,Knife,
7924,9248,Weapon,Poison,
7925,9249,Weapon,Explosives,
7926,9250,Weapon,Blunt Object,
7927,9251,Weapon,Other,
7928,9252,Weapon,Other,
7929,9253,Weapon,Explosives,
7930,9256,Weapon,Firearm,
7931,9257,Weapon,Other,
7932,9259,Weapon,Other,
7933,9261,Weapon,Other,
7934,9262,Weapon,Other,
7935,9263,Weapon,Knife,
7936,9264,Weapon,Blunt Object,
7937,9265,Weapon,Firearm,
7938,9266,Weapon,Poison,
7939,9267,Weapon,Blunt Object,
7940,9268,Weapon,Knife,
7941,9269,Weapon,Explosives,
7942,9270,Weapon,Explosives,
7943,9271,Weapon,Other,
7944,9272,Weapon,Firearm,
7945,9273,Weapon,Explosives,
7946,9275,Weapon,Knife,
7947,9276,Weapon,Poison,
7948,9277,Weapon,Knife,
7949,9278,Weapon,Other,
7950,9279,Weapon,Other,
7951,9280,Weapon,Poison,
7952,9282,Weapon,Other,
7953,9284,Weapon,Blunt Object,
7954,9285,Weapon,Poison,
7955,9286,Weapon,Explosives,
7956,9287,Weapon,Knife,
7957,9288,Weapon,Explosives,
7958,9289,Weapon,Other,
7959,9290,Weapon,Poison,
7960,9291,Weapon,Knife,
7961,9292,Weapon,Blunt Object,
7962,9293,Weapon,Blunt Object,
7963,9295,Weapon,Blunt Object,
7964,9296,Weapon,Firearm,
7965,9297,Weapon,Blunt Object,
7966,9299,Weapon,Firearm,
7967,9301,Weapon,Firearm,
7968,9303,Weapon,Knife,
7969,9304,Weapon,Other,
7970,9305,Weapon,Explosives,
7971,9306,Weapon,Blunt Object,
7972,9307,Weapon,Explosives,
7973,9309,Weapon,Blunt Object,
7974,9310,Weapon,Knife,
7975,9311,Weapon,Knife,
7976,9312,Weapon,Firearm,
7977,9313,Weapon,Explosives,
7978,9316,Weapon,Firearm,
7979,9317,Weapon,Knife,
7980,9318,Weapon,Blunt Object,
7981,9319,Weapon,Firearm,
7982,9320,Weapon,Explosives,
7983,9321,Weapon,Knife,
7984,9322,Weapon,Firearm,
7985,9323,Weapon,Other,
7986,9324,Weapon,Knife,
7987,9325,Weapon,Blunt Object,
7988,9326,Weapon,Firearm,
7989,9327,Weapon,Other,
7990,9328,Weapon,Other,
7991,9329,Weapon,Other,
7992,9330,Weapon,Firearm,
7993,9331,Weapon,Other,
7994,9332,Weapon,Blunt Object,
7995,9333,Weapon,Explosives,
7996,9334,Weapon,Knife,
7997,9335,Weapon,Knife,
7998,9336,Weapon,Firearm,
7999,9337,Weapon,Blunt Object,
8000,9338,Weapon,Blunt Object,
8001,9341,Weapon,Knife,
8002,9342,Weapon,Other,
8003,9343,Weapon,Blunt Object,
8004,9344,Weapon,Firearm,
8005,9345,Weapon,Firearm,
8006,9346,Weapon,Other,
8007,9347,Weapon,Poison,
8008,9348,Weapon,Firearm,
8009,9349,Weapon,Poison,
8010,9350,Weapon,Firearm,
8011,9351,Weapon,Other,
8012,9352,Weapon,Poison,
8013,9354,Weapon,Other,
8014,9355,Weapon,Blunt Object,
8015,9356,Weapon,Other,
8016,9357,Weapon,Firearm,
8017,9358,Weapon,Knife,
8018,9359,Weapon,Explosives,
8019,9360,Weapon,Firearm,
8020,9361,Weapon,Explosives,
8021,9362,Weapon,Blunt Object,
8022,9363,Weapon,Blunt Object,
8023,9364,Weapon,Poison,
8024,9365,Weapon,Blunt Object,
8025,9367,Weapon,Firearm,
8026,9368,Weapon,Explosives,
8027,9369,Weapon,Knife,
8028,9371,Weapon,Other,
8029,9372,Weapon,Explosives,
8030,9374,Weapon,Other,
8031,9376,Weapon,Knife,
8032,9377,Weapon,Blunt Object,
8033,9378,Weapon,Poison,
8034,9379,Weapon,Firearm,
8035,9380,Weapon,Blunt Object,
8036,9381,Weapon,Knife,
8037,9382,Weapon,Firearm,
8038,9383,Weapon,Knife,
8039,9384,Weapon,Other,
8040,9385,Weapon,Knife,
8041,9386,Weapon,Explosives,
8042,9389,Weapon,Other,
8043,9390,Weapon,Explosives,
8044,9391,Weapon,Explosives,
8045,9392,Weapon,Firearm,
8046,9393,Weapon,Explosives,
8047,9394,Weapon,Firearm,
8048,9395,Weapon,Other,
8049,9396,Weapon,Knife,
8050,9397,Weapon,Blunt Object,
8051,9398,Weapon,Other,
8052,9399,Weapon,Firearm,
8053,9400,Weapon,Poison,
8054,9401,Weapon,Blunt Object,
8055,9402,Weapon,Other,
8056,9403,Weapon,Knife,
8057,9404,Weapon,Other,
8058,9405,Weapon,Firearm,
8059,9407,Weapon,Knife,
8060,9408,Weapon,Poison,
8061,9409,Weapon,Poison,
8062,9410,Weapon,Other,
8063,9411,Weapon,Blunt Object,
8064,9412,Weapon,Firearm,
8065,9413,Weapon,Poison,
8066,9414,Weapon,Blunt Object,
8067,9415,Weapon,Explosives,
8068,9416,Weapon,Explosives,
8069,9417,Weapon,Knife,
8070,9419,Weapon,Poison,
8071,9420,Weapon,Other,
8072,9422,Weapon,Knife,
8073,9423,Weapon,Poison,
8074,9425,Weapon,Explosives,
8075,9426,Weapon,Blunt Object,
8076,9427,Weapon,Firearm,
8077,9428,Weapon,Other,
8078,9429,Weapon,Firearm,
8079,9430,Weapon,Firearm,
8080,9431,Weapon,Poison,
8081,9432,Weapon,Explosives,
8082,9433,Weapon,Blunt Object,
8083,9434,Weapon,Poison,
8084,9435,Weapon,Firearm,
8085,9437,Weapon,Blunt Object,
8086,9438,Weapon,Firearm,
8087,9439,Weapon,Explosives,
8088,9440,Weapon,Knife,
8089,9441,Weapon,Firearm,
8090,9442,Weapon,Blunt Object,
8091,9443,Weapon,Explosives,
8092,9444,Weapon,Other,
8093,9445,Weapon,Blunt Object,
8094,9447,Weapon,Poison,
8095,9448,Weapon,Other,
8096,9449,Weapon,Explosives,
8097,9450,Weapon,Poison,
8098,9451,Weapon,Poison,
8099,9453,Weapon,Firearm,
8100,9455,Weapon,Knife,
8101,9456,Weapon,Firearm,
8102,9457,Weapon,Other,
8103,9458,Weapon,Blunt Object,
8104,9460,Weapon,Blunt Object,
8105,9461,Weapon,Other,
8106,9463,Weapon,Knife,
8107,9464,Weapon,Other,
8108,9466,Weapon,Firearm,
8109,9467,Weapon,Other,
8110,9468,Weapon,Firearm,
8111,9469,Weapon,Poison,
8112,9470,Weapon,Other,
8113,9471,Weapon,Blunt Object,
8114,9472,Weapon,Poison,
8115,9473,Weapon,Poison,
8116,9474,Weapon,Firearm,
8117,9475,Weapon,Explosives,
8118,9476,Weapon,Firearm,
8119,9478,Weapon,Poison,
8120,9479,Weapon,Blunt Object,
8121,9480,Weapon,Blunt Object,
8122,9481,Weapon,Knife,
8123,9482,Weapon,Blunt Object,
8124,9484,Weapon,Explosives,
8125,9486,Weapon,Explosives,
8126,9487,Weapon,Knife,
8127,9488,Weapon,Knife,
8128,9489,Weapon,Blunt Object,
8129,9490,Weapon,Blunt Object,
8130,9491,Weapon,Explosives,
8131,9493,Weapon,Other,
8132,9494,Weapon,Knife,
8133,9496,Weapon,Poison,
8134,9498,Weapon,Explosives,
8135,9499,Weapon,Firearm,
8136,9500,Weapon,Knife,
8137,9502,Weapon,Explosives,
8138,9503,Weapon,Blunt Object,
8139,9504,Weapon,Blunt Object,
8140,9505,Weapon,Explosives,
8141,9506,Weapon,Firearm,
8142,9507,Weapon,Knife,
8143,9508,Weapon,Other,
8144,9509,Weapon,Explosives,
8145,9510,Weapon,Other,
8146,9511,Weapon,Firearm,
8147,9512,Weapon,Explosives,
8148,9513,Weapon,Blunt Object,
8149,9514,Weapon,Other,
8150,9515,Weapon,Poison,
8151,9516,Weapon,Blunt Object,
8152,9517,Weapon,Explosives,
8153,9518,Weapon,Blunt Object,
8154,9520,Weapon,Poison,
8155,9521,Weapon,Poison,
8156,9522,Weapon,Poison,
8157,9523,Weapon,Other,
8158,9524,Weapon,Blunt Object,
8159,9526,Weapon,Explosives,
8160,9527,Weapon,Explosives,
8161,9528,Weapon,Other,
8162,9529,Weapon,Blunt Object,
8163,9530,Weapon,Explosives,
8164,9531,Weapon,Blunt Object,
8165,9533,Weapon,Blunt Object,
8166,9534,Weapon,Knife,
8167,9535,Weapon,Firearm,
8168,9536,Weapon,Firearm,
8169,9537,Weapon,Blunt Object,
8170,9538,Weapon,Other,
8171,9540,Weapon,Knife,
8172,9541,Weapon,Explosives,
8173,9542,Weapon,Firearm,
8174,9543,Weapon,Blunt Object,
8175,9544,Weapon,Knife,
8176,9550,Weapon,Poison,
8177,9551,Weapon,Firearm,
8178,9552,Weapon,Other,
8179,9553,Weapon,Blunt Object,
8180,9555,Weapon,Explosives,
8181,9556,Weapon,Knife,
8182,9557,Weapon,Explosives,
8183,9558,Weapon,Other,
8184,9559,Weapon,Blunt Object,
8185,9560,Weapon,Blunt Object,
8186,9561,Weapon,Poison,
8187,9562,Weapon,Poison,
8188,9563,Weapon,Other,
8189,9565,Weapon,Blunt Object,
8190,9567,Weapon,Poison,
8191,9569,Weapon,Explosives,
8192,9570,Weapon,Poison,
8193,9571,Weapon,Blunt Object,
8194,9573,Weapon,Blunt Object,
8195,9576,Weapon,Firearm,
8196,9577,Weapon,Explosives,
8197,9578,Weapon,Blunt Object,
8198,9579,Weapon,Firearm,
8199,9580,Weapon,Explosives,
8200,9581,Weapon,Poison,
8201,9583,Weapon,Blunt Object,
8202,9584,Weapon,Other,
8203,9585,Weapon,Knife,
8204,9586,Weapon,Explosives,
8205,9588,Weapon,Firearm,
8206,9589,Weapon,Blunt Object,
8207,9591,Weapon,Firearm,
8208,9593,Weapon,Firearm,
8209,9595,Weapon,Firearm,
8210,9597,Weapon,Firearm,
8211,9599,Weapon,Blunt Object,
8212,9600,Weapon,Firearm,
8213,9601,Weapon,Other,
8214,9602,Weapon,Blunt Object,
8215,9603,Weapon,Firearm,
8216,9604,Weapon,Firearm,
8217,9605,Weapon,Firearm,
8218,9606,Weapon,Firearm,
8219,9607,Weapon,Knife,
8220,9608,Weapon,Blunt Object,
8221,9609,Weapon,Firearm,
8222,9610,Weapon,Blunt Object,
8223,9611,Weapon,Firearm,
8224,9612,Weapon,Other,
8225,9613,Weapon,Explosives,
8226,9614,Weapon,Poison,
8227,9615,Weapon,Knife,
8228,9617,Weapon,Firearm,
8229,9618,Weapon,Knife,
8230,9619,Weapon,Firearm,
8231,9620,Weapon,Poison,
8232,9621,Weapon,Explosives,
8233,9622,Weapon,Other,
8234,9623,Weapon,Blunt Object,
8235,9624,Weapon,Explosives,
8236,9625,Weapon,Explosives,
8237,9626,Weapon,Explosives,
8238,9627,Weapon,Other,
8239,9628,Weapon,Knife,
8240,9629,Weapon,Blunt Object,
8241,9630,Weapon,Firearm,
8242,9631,Weapon,Blunt Object,
8243,9632,Weapon,Knife,
8244,9633,Weapon,Explosives,
8245,9634,Weapon,Knife,
8246,9635,Weapon,Poison,
8247,9636,Weapon,Other,
8248,9637,Weapon,Knife,
8249,9638,Weapon,Knife,
8250,9639,Weapon,Firearm,
8251,9640,Weapon,Explosives,
8252,9641,Weapon,Other,
8253,9642,Weapon,Blunt Object,
8254,9643,Weapon,Explosives,
8255,9644,Weapon,Blunt Object,
8256,9645,Weapon,Firearm,
8257,9646,Weapon,Firearm,
8258,9647,Weapon,Knife,
8259,9648,Weapon,Poison,
8260,9649,Weapon,Firearm,
8261,9650,Weapon,Firearm,
8262,9652,Weapon,Poison,
8263,9654,Weapon,Other,
8264,9655,Weapon,Poison,
8265,9656,Weapon,Firearm,
8266,9657,Weapon,Firearm,
8267,9658,Weapon,Other,
8268,9659,Weapon,Explosives,
8269,9661,Weapon,Poison,
8270,9662,Weapon,Poison,
8271,9663,Weapon,Other,
8272,9664,Weapon,Poison,
8273,9665,Weapon,Blunt Object,
8274,9666,Weapon,Poison,
8275,9667,Weapon,Explosives,
8276,9668,Weapon,Explosives,
8277,9669,Weapon,Poison,
8278,9670,Weapon,Knife,
8279,9672,Weapon,Other,
8280,9673,Weapon,Firearm,
8281,9674,Weapon,Explosives,
8282,9675,Weapon,Blunt Object,
8283,9676,Weapon,Firearm,
8284,9677,Weapon,Firearm,
8285,9678,Weapon,Knife,
8286,9679,Weapon,Poison,
8287,9680,Weapon,Knife,
8288,9681,Weapon,Knife,
8289,9683,Weapon,Poison,
8290,9684,Weapon,Poison,
8291,9686,Weapon,Explosives,
8292,9687,Weapon,Blunt Object,
8293,9689,Weapon,Firearm,
8294,9690,Weapon,Other,
8295,9691,Weapon,Blunt Object,
8296,9692,Weapon,Explosives,
8297,9693,Weapon,Poison,
8298,9694,Weapon,Other,
8299,9695,Weapon,Knife,
8300,9696,Weapon,Knife,
8301,9697,Weapon,Firearm,
8302,9698,Weapon,Other,
8303,9699,Weapon,Firearm,
8304,9700,Weapon,Other,
8305,9701,Weapon,Firearm,
8306,9702,Weapon,Blunt Object,
8307,9703,Weapon,Blunt Object,
8308,9704,Weapon,Explosives,
8309,9705,Weapon,Other,
8310,9706,Weapon,Blunt Object,
8311,9707,Weapon,Explosives,
8312,9708,Weapon,Other,
8313,9709,Weapon,Blunt Object,
8314,9710,Weapon,Firearm,
8315,9711,Weapon,Explosives,
8316,9712,Weapon,Blunt Object,
8317,9713,Weapon,Other,
8318,9714,Weapon,Other,
8319,9715,Weapon,Other,
8320,9716,Weapon,Blunt Object,
8321,9718,Weapon,Poison,
8322,9719,Weapon,Explosives,
8323,9720,Weapon,Firearm,
8324,9721,Weapon,Other,
8325,9722,Weapon,Knife,
8326,9723,Weapon,Explosives,
8327,9724,Weapon,Knife,
8328,9726,Weapon,Knife,
8329,9727,Weapon,Other,
8330,9730,Weapon,Firearm,
8331,9731,Weapon,Poison,
8332,9732,Weapon,Explosives,
8333,9733,Weapon,Knife,
8334,9734,Weapon,Explosives,
8335,9737,Weapon,Blunt Object,
8336,9738,Weapon,Blunt Object,
8337,9739,Weapon,Poison,
8338,9740,Weapon,Poison,
8339,9741,Weapon,Explosives,
8340,9742,Weapon,Firearm,
8341,9744,Weapon,Firearm,
8342,9745,Weapon,Explosives,
8343,9746,Weapon,Other,
8344,9748,Weapon,Explosives,
8345,9749,Weapon,Explosives,
8346,9750,Weapon,Explosives,
8347,9752,Weapon,Knife,
8348,9753,Weapon,Other,
8349,9754,Weapon,Other,
8350,9755,Weapon,Blunt Object,
8351,9756,Weapon,Explosives,
8352,9758,Weapon,Other,
8353,9759,Weapon,Explosives,
8354,9760,Weapon,Firearm,
8355,9761,Weapon,Knife,
8356,9762,Weapon,Knife,
8357,9763,Weapon,Firearm,
8358,9764,Weapon,Firearm,
8359,9766,Weapon,Explosives,
8360,9767,Weapon,Poison,
8361,9768,Weapon,Poison,
8362,9770,Weapon,Blunt Object,
8363,9771,Weapon,Knife,
8364,9772,Weapon,Blunt Object,
8365,9773,Weapon,Poison,
8366,9774,Weapon,Blunt Object,
8367,9776,Weapon,Poison,
8368,9777,Weapon,Other,
8369,9778,Weapon,Other,
8370,9781,Weapon,Explosives,
8371,9782,Weapon,Knife,
8372,9783,Weapon,Firearm,
8373,9784,Weapon,Knife,
8374,9785,Weapon,Blunt Object,
8375,9787,Weapon,Knife,
8376,9788,Weapon,Blunt Object,
8377,9789,Weapon,Firearm,
8378,9790,Weapon,Other,
8379,9791,Weapon,Other,
8380,9792,Weapon,Other,
8381,9793,Weapon,Knife,
8382,9795,Weapon,Firearm,
8383,9796,Weapon,Blunt Object,
8384,9797,Weapon,Firearm,
8385,9798,Weapon,Knife,
8386,9799,Weapon,Knife,
8387,9800,Weapon,Blunt Object,
8388,9801,Weapon,Other,
8389,9802,Weapon,Other,
8390,9803,Weapon,Explosives,
8391,9804,Weapon,Other,
8392,9805,Weapon,Poison,
8393,9806,Weapon,Explosives,
8394,9807,Weapon,Other,
8395,9808,Weapon,Blunt Object,
8396,9809,Weapon,Explosives,
8397,9810,Weapon,Explosives,
8398,9811,Weapon,Blunt Object,
8399,9812,Weapon,Blunt Object,
8400,9813,Weapon,Explosives,
8401,9815,Weapon,Blunt Object,
8402,9817,Weapon,Knife,
8403,9819,Weapon,Knife,
8404,9820,Weapon,Explosives,
8405,9821,Weapon,Other,
8406,9822,Weapon,Blunt Object,
8407,9823,Weapon,Blunt Object,
8408,9824,Weapon,Poison,
8409,9825,Weapon,Poison,
8410,9826,Weapon,Explosives,
8411,9827,Weapon,Blunt Object,
8412,9828,Weapon,Other,
8413,9830,Weapon,Explosives,
8414,9831,Weapon,Knife,
8415,9832,Weapon,Firearm,
8416,9833,Weapon,Firearm,
8417,9835,Weapon,Explosives,
8418,9836,Weapon,Other,
8419,9837,Weapon,Other,
8420,9838,Weapon,Other,
8421,9839,Weapon,Blunt Object,
8422,9840,Weapon,Other,
8423,9842,Weapon,Firearm,
8424,9843,Weapon,Explosives,
8425,9844,Weapon,Poison,
8426,9845,Weapon,Firearm,
8427,9846,Weapon,Explosives,
8428,9847,Weapon,Blunt Object,
8429,9849,Weapon,Other,
8430,9850,Weapon,Blunt Object,
8431,9851,Weapon,Firearm,
8432,9852,Weapon,Poison,
8433,9854,Weapon,Explosives,
8434,9855,Weapon,Blunt Object,
8435,9856,Weapon,Other,
8436,9857,Weapon,Firearm,
8437,9858,Weapon,Firearm,
8438,9860,Weapon,Poison,
8439,9862,Weapon,Poison,
8440,9863,Weapon,Explosives,
8441,9864,Weapon,Other,
8442,9865,Weapon,Firearm,
8443,9866,Weapon,Blunt Object,
8444,9867,Weapon,Blunt Object,
8445,9870,Weapon,Knife,
8446,9871,Weapon,Other,
8447,9872,Weapon,Explosives,
8448,9873,Weapon,Knife,
8449,9874,Weapon,Poison,
8450,9875,Weapon,Firearm,
8451,9876,Weapon,Poison,
8452,9879,Weapon,Other,
8453,9880,Weapon,Firearm,
8454,9881,Weapon,Poison,
8455,9882,Weapon,Poison,
8456,9884,Weapon,Knife,
8457,9885,Weapon,Poison,
8458,9886,Weapon,Blunt Object,
8459,9887,Weapon,Other,
8460,9889,Weapon,Explosives,
8461,9890,Weapon,Knife,
8462,9891,Weapon,Firearm,
8463,9892,Weapon,Blunt Object,
8464,9893,Weapon,Explosives,
8465,9895,Weapon,Blunt Object,
8466,9896,Weapon,Poison,
8467,9897,Weapon,Knife,
8468,9898,Weapon,Other,
8469,9899,Weapon,Poison,
8470,9900,Weapon,Poison,
8471,9901,Weapon,Explosives,
8472,9902,Weapon,Explosives,
8473,9904,Weapon,Blunt Object,
8474,9905,Weapon,Poison,
8475,9906,Weapon,Knife,
8476,9907,Weapon,Knife,
8477,9908,Weapon,Poison,
8478,9909,Weapon,Explosives,
8479,9910,Weapon,Knife,
8480,9911,Weapon,Knife,
8481,9912,Weapon,Firearm,
8482,9913,Weapon,Firearm,
8483,9914,Weapon,Knife,
8484,9915,Weapon,Knife,
8485,9916,Weapon,Firearm,
8486,9918,Weapon,Knife,
8487,9919,Weapon,Other,
8488,9920,Weapon,Blunt Object,
8489,9921,Weapon,Other,
8490,9922,Weapon,Explosives,
8491,9923,Weapon,Other,
8492,9924,Weapon,Other,
8493,9925,Weapon,Knife,
8494,9926,Weapon,Firearm,
8495,9927,Weapon,Poison,
8496,9928,Weapon,Blunt Object,
8497,9929,Weapon,Poison,
8498,9930,Weapon,Firearm,
8499,9932,Weapon,Knife,
8500,9934,Weapon,Other,
8501,9935,Weapon,Knife,
8502,9936,Weapon,Poison,
8503,9937,Weapon,Poison,
8504,9939,Weapon,Knife,
8505,9940,Weapon,Knife,
8506,9941,Weapon,Knife,
8507,9942,Weapon,Other,
8508,9943,Weapon,Poison,
8509,9945,Weapon,Knife,
8510,9946,Weapon,Explosives,
8511,9947,Weapon,Poison,
8512,9948,Weapon,Explosives,
8513,9949,Weapon,Blunt Object,
8514,9950,Weapon,Blunt Object,
8515,9954,Weapon,Poison,
8516,9955,Weapon,Other,
8517,9956,Weapon,Firearm,
8518,9957,Weapon,Other,
8519,9958,Weapon,Knife,
8520,9959,Weapon,Poison,
8521,9960,Weapon,Blunt Object,
8522,9962,Weapon,Poison,
8523,9963,Weapon,Poison,
8524,9964,Weapon,Poison,
8525,9965,Weapon,Other,
8526,9966,Weapon,Knife,
8527,9967,Weapon,Other,
8528,9968,Weapon,Firearm,
8529,9971,Weapon,Poison,
8530,9972,Weapon,Firearm,
8531,9973,Weapon,Explosives,
8532,9975,Weapon,Blunt Object,
8533,9976,Weapon,Explosives,
8534,9977,Weapon,Firearm,
8535,9978,Weapon,Explosives,
8536,9979,Weapon,Poison,
8537,9980,Weapon,Poison,
8538,9981,Weapon,Other,
8539,9982,Weapon,Other,
8540,9983,Weapon,Knife,
8541,9984,Weapon,Explosives,
8542,9986,Weapon,Knife,
8543,9987,Weapon,Other,
8544,9988,Weapon,Other,
8545,9989,Weapon,Other,
8546,9990,Weapon,Knife,
8547,9991,Weapon,Explosives,
8548,9992,Weapon,Firearm,
8549,9993,Weapon,Poison,
8550,9994,Weapon,Blunt Object,
8551,9995,Weapon,Explosives,
8552,9996,Weapon,Blunt Object,
8553,9998,Weapon,Knife,
8554,9999,Weapon,Explosives,
8555,10000,Weapon,Firearm,
8556,10001,Weapon,Other,
8557,10002,Weapon,Explosives,
8558,10003,Weapon,Knife,
8559,10005,Weapon,Knife,
8560,10008,Weapon,Explosives,
8561,10011,Weapon,Blunt Object,
8562,10012,Weapon,Explosives,
8563,10013,Weapon,Firearm,
8564,10015,Weapon,Poison,
8565,10016,Weapon,Knife,
8566,10017,Weapon,Explosives,
8567,10018,Weapon,Other,
8568,10020,Weapon,Poison,
8569,10022,Weapon,Blunt Object,
8570,10023,Weapon,Blunt Object,
8571,10024,Weapon,Other,
8572,10025,Weapon,Poison,
8573,10026,Weapon,Knife,
8574,10027,Weapon,Explosives,
8575,10028,Weapon,Explosives,
8576,10029,Weapon,Firearm,
8577,10030,Weapon,Firearm,
8578,10031,Weapon,Blunt Object,
8579,10032,Weapon,Firearm,
8580,10033,Weapon,Firearm,
8581,10034,Weapon,Poison,
8582,10036,Weapon,Explosives,
8583,10037,Weapon,Explosives,
8584,10039,Weapon,Poison,
8585,10041,Weapon,Knife,
8586,10042,Weapon,Firearm,
8587,10044,Weapon,Blunt Object,
8588,10046,Weapon,Blunt Object,
8589,10047,Weapon,Poison,
8590,10048,Weapon,Blunt Object,
8591,10049,Weapon,Other,
8592,10050,Weapon,Explosives,
8593,10051,Weapon,Other,
8594,10052,Weapon,Firearm,
8595,10053,Weapon,Other,
8596,10054,Weapon,Firearm,
8597,10056,Weapon,Firearm,
8598,10057,Weapon,Firearm,
8599,10058,Weapon,Other,
8600,10059,Weapon,Firearm,
8601,10060,Weapon,Other,
8602,10062,Weapon,Blunt Object,
8603,10063,Weapon,Other,
8604,10064,Weapon,Explosives,
8605,10065,Weapon,Blunt Object,
8606,10066,Weapon,Explosives,
8607,10067,Weapon,Blunt Object,
8608,10068,Weapon,Knife,
8609,10069,Weapon,Firearm,
8610,10071,Weapon,Knife,
8611,10072,Weapon,Knife,
8612,10073,Weapon,Knife,
8613,10074,Weapon,Explosives,
8614,10075,Weapon,Firearm,
8615,10076,Weapon,Blunt Object,
8616,10078,Weapon,Other,
8617,10079,Weapon,Explosives,
8618,10081,Weapon,Firearm,
8619,10082,Weapon,Poison,
8620,10083,Weapon,Other,
8621,10086,Weapon,Blunt Object,
8622,10087,Weapon,Explosives,
8623,10088,Weapon,Knife,
8624,10090,Weapon,Blunt Object,
8625,10091,Weapon,Poison,
8626,10094,Weapon,Firearm,
8627,10095,Weapon,Knife,
8628,10096,Weapon,Poison,
8629,10098,Weapon,Other,
8630,10099,Weapon,Knife,
8631,10100,Weapon,Knife,
8632,10101,Weapon,Knife,
8633,10103,Weapon,Explosives,
8634,10104,Weapon,Explosives,
8635,10105,Weapon,Knife,
8636,10106,Weapon,Other,
8637,10109,Weapon,Poison,
8638,10110,Weapon,Poison,
8639,10111,Weapon,Blunt Object,
8640,10112,Weapon,Other,
8641,10113,Weapon,Firearm,
8642,10114,Weapon,Other,
8643,10115,Weapon,Poison,
8644,10116,Weapon,Knife,
8645,10117,Weapon,Firearm,
8646,10118,Weapon,Explosives,
8647,10119,Weapon,Poison,
8648,10120,Weapon,Other,
8649,10121,Weapon,Knife,
8650,10122,Weapon,Other,
8651,10123,Weapon,Poison,
8652,10124,Weapon,Poison,
8653,10125,Weapon,Explosives,
8654,10126,Weapon,Firearm,
8655,10127,Weapon,Firearm,
8656,10128,Weapon,Firearm,
8657,10130,Weapon,Poison,
8658,10131,Weapon,Explosives,
8659,10132,Weapon,Knife,
8660,10133,Weapon,Other,
8661,10134,Weapon,Blunt Object,
8662,10135,Weapon,Blunt Object,
8663,10136,Weapon,Explosives,
8664,10137,Weapon,Explosives,
8665,10138,Weapon,Blunt Object,
8666,10141,Weapon,Blunt Object,
8667,10142,Weapon,Explosives,
8668,10143,Weapon,Explosives,
8669,10144,Weapon,Blunt Object,
8670,10146,Weapon,Explosives,
8671,10147,Weapon,Knife,
8672,10149,Weapon,Poison,
8673,10150,Weapon,Other,
8674,10151,Weapon,Blunt Object,
8675,10152,Weapon,Blunt Object,
8676,10153,Weapon,Poison,
8677,10154,Weapon,Blunt Object,
8678,10155,Weapon,Blunt Object,
8679,10156,Weapon,Knife,
8680,10157,Weapon,Other,
8681,10158,Weapon,Explosives,
8682,10159,Weapon,Explosives,
8683,10160,Weapon,Knife,
8684,10161,Weapon,Poison,
8685,10162,Weapon,Blunt Object,
8686,10163,Weapon,Poison,
8687,10164,Weapon,Poison,
8688,10165,Weapon,Firearm,
8689,10166,Weapon,Explosives,
8690,10167,Weapon,Firearm,
8691,10168,Weapon,Other,
8692,10169,Weapon,Poison,
8693,10170,Weapon,Poison,
8694,10171,Weapon,Blunt Object,
8695,10173,Weapon,Knife,
8696,10174,Weapon,Explosives,
8697,10175,Weapon,Firearm,
8698,10176,Weapon,Blunt Object,
8699,10177,Weapon,Poison,
8700,10179,Weapon,Knife,
8701,10180,Weapon,Firearm,
8702,10183,Weapon,Other,
8703,10184,Weapon,Blunt Object,
8704,10185,Weapon,Firearm,
8705,10186,Weapon,Blunt Object,
8706,10187,Weapon,Firearm,
8707,10189,Weapon,Explosives,
8708,10190,Weapon,Blunt Object,
8709,10191,Weapon,Firearm,
8710,10192,Weapon,Poison,
8711,10193,Weapon,Poison,
8712,10194,Weapon,Blunt Object,
8713,10195,Weapon,Explosives,
8714,10197,Weapon,Knife,
8715,10199,Weapon,Firearm,
8716,10201,Weapon,Firearm,
8717,10202,Weapon,Explosives,
8718,10203,Weapon,Blunt Object,
8719,10204,Weapon,Poison,
8720,10205,Weapon,Firearm,
8721,10206,Weapon,Knife,
8722,10207,Weapon,Blunt Object,
8723,10208,Weapon,Firearm,
8724,10209,Weapon,Poison,
8725,10210,Weapon,Firearm,
8726,10211,Weapon,Knife,
8727,10212,Weapon,Firearm,
8728,10213,Weapon,Firearm,
8729,10215,Weapon,Knife,
8730,10216,Weapon,Other,
8731,10219,Weapon,Explosives,
8732,10220,Weapon,Explosives,
8733,10221,Weapon,Blunt Object,
8734,10223,Weapon,Explosives,
8735,10224,Weapon,Knife,
8736,10225,Weapon,Poison,
8737,10226,Weapon,Explosives,
8738,10227,Weapon,Firearm,
8739,10228,Weapon,Blunt Object,
8740,10229,Weapon,Poison,
8741,10230,Weapon,Firearm,
8742,10231,Weapon,Blunt Object,
8743,10232,Weapon,Blunt Object,
8744,10233,Weapon,Knife,
8745,10234,Weapon,Knife,
8746,10235,Weapon,Explosives,
8747,10236,Weapon,Other,
8748,10238,Weapon,Blunt Object,
8749,10239,Weapon,Knife,
8750,10240,Weapon,Knife,
8751,10241,Weapon,Blunt Object,
8752,10242,Weapon,Other,
8753,10243,Weapon,Explosives,
8754,10244,Weapon,Knife,
8755,10245,Weapon,Knife,
8756,10246,Weapon,Knife,
8757,10247,Weapon,Knife,
8758,10248,Weapon,Knife,
8759,10249,Weapon,Other,
8760,10250,Weapon,Knife,
8761,10251,Weapon,Firearm,
8762,10252,Weapon,Other,
8763,10253,Weapon,Blunt Object,
8764,10254,Weapon,Poison,
8765,10255,Weapon,Blunt Object,
8766,10256,Weapon,Blunt Object,
8767,10257,Weapon,Firearm,
8768,10258,Weapon,Knife,
8769,10260,Weapon,Blunt Object,
8770,10261,Weapon,Blunt Object,
8771,10262,Weapon,Firearm,
8772,10263,Weapon,Knife,
8773,10264,Weapon,Knife,
8774,10265,Weapon,Blunt Object,
8775,10266,Weapon,Blunt Object,
8776,10267,Weapon,Blunt Object,
8777,10268,Weapon,Firearm,
8778,10269,Weapon,Blunt Object,
8779,10270,Weapon,Explosives,
8780,10271,Weapon,Poison,
8781,10272,Weapon,Explosives,
8782,10274,Weapon,Explosives,
8783,10275,Weapon,Other,
8784,10276,Weapon,Poison,
8785,10277,Weapon,Knife,
8786,10278,Weapon,Knife,
8787,10279,Weapon,Knife,
8788,10281,Weapon,Knife,
8789,10282,Weapon,Explosives,
8790,10283,Weapon,Firearm,
8791,10284,Weapon,Knife,
8792,10285,Weapon,Other,
8793,10286,Weapon,Explosives,
8794,10287,Weapon,Other,
8795,10288,Weapon,Other,
8796,10289,Weapon,Firearm,
8797,10290,Weapon,Explosives,
8798,10291,Weapon,Knife,
8799,10292,Weapon,Knife,
8800,10293,Weapon,Poison,
8801,10294,Weapon,Other,
8802,10295,Weapon,Blunt Object,
8803,10296,Weapon,Explosives,
8804,10297,Weapon,Blunt Object,
8805,10298,Weapon,Blunt Object,
8806,10299,Weapon,Knife,
8807,10300,Weapon,Firearm,
8808,10301,Weapon,Poison,
8809,10302,Weapon,Other,
8810,10303,Weapon,Poison,
8811,10304,Weapon,Poison,
8812,10305,Weapon,Explosives,
8813,10307,Weapon,Firearm,
8814,10309,Weapon,Blunt Object,
8815,10311,Weapon,Firearm,
8816,10312,Weapon,Explosives,
8817,10313,Weapon,Other,
8818,10314,Weapon,Firearm,
8819,10315,Weapon,Blunt Object,
8820,10316,Weapon,Firearm,
8821,10318,Weapon,Knife,
8822,10320,Weapon,Poison,
8823,10321,Weapon,Poison,
8824,10323,Weapon,Other,
8825,10324,Weapon,Knife,
8826,10325,Weapon,Poison,
8827,10326,Weapon,Blunt Object,
8828,10327,Weapon,Poison,
8829,10328,Weapon,Knife,
8830,10330,Weapon,Blunt Object,
8831,10332,Weapon,Blunt Object,
8832,10333,Weapon,Knife,
8833,10334,Weapon,Blunt Object,
8834,10336,Weapon,Knife,
8835,10337,Weapon,Other,
8836,10338,Weapon,Blunt Object,
8837,10339,Weapon,Knife,
8838,10340,Weapon,Poison,
8839,10343,Weapon,Firearm,
8840,10344,Weapon,Poison,
8841,10346,Weapon,Firearm,
8842,10347,Weapon,Poison,
8843,10348,Weapon,Knife,
8844,10349,Weapon,Explosives,
8845,10350,Weapon,Knife,
8846,10351,Weapon,Poison,
8847,10352,Weapon,Blunt Object,
8848,10353,Weapon,Blunt Object,
8849,10354,Weapon,Other,
8850,10355,Weapon,Other,
8851,10356,Weapon,Other,
8852,10357,Weapon,Blunt Object,
8853,10358,Weapon,Poison,
8854,10359,Weapon,Poison,
8855,10360,Weapon,Knife,
8856,10361,Weapon,Other,
8857,10363,Weapon,Explosives,
8858,10364,Weapon,Firearm,
8859,10365,Weapon,Poison,
8860,10366,Weapon,Other,
8861,10367,Weapon,Firearm,
8862,10368,Weapon,Explosives,
8863,10369,Weapon,Knife,
8864,10370,Weapon,Blunt Object,
8865,10372,Weapon,Firearm,
8866,10374,Weapon,Other,
8867,10376,Weapon,Explosives,
8868,10377,Weapon,Poison,
8869,10380,Weapon,Explosives,
8870,10381,Weapon,Other,
8871,10382,Weapon,Poison,
8872,10383,Weapon,Poison,
8873,10384,Weapon,Firearm,
8874,10385,Weapon,Other,
8875,10386,Weapon,Explosives,
8876,10387,Weapon,Poison,
8877,10388,Weapon,Explosives,
8878,10389,Weapon,Knife,
8879,10390,Weapon,Other,
8880,10391,Weapon,Firearm,
8881,10393,Weapon,Firearm,
8882,10394,Weapon,Firearm,
8883,10395,Weapon,Poison,
8884,10396,Weapon,Explosives,
8885,10397,Weapon,Knife,
8886,10398,Weapon,Poison,
8887,10399,Weapon,Explosives,
8888,10400,Weapon,Poison,
8889,10401,Weapon,Other,
8890,10403,Weapon,Blunt Object,
8891,10404,Weapon,Firearm,
8892,10405,Weapon,Blunt Object,
8893,10407,Weapon,Other,
8894,10408,Weapon,Firearm,
8895,10409,Weapon,Blunt Object,
8896,10410,Weapon,Blunt Object,
8897,10411,Weapon,Blunt Object,
8898,10412,Weapon,Explosives,
8899,10413,Weapon,Knife,
8900,10415,Weapon,Other,
8901,10416,Weapon,Explosives,
8902,10417,Weapon,Knife,
8903,10419,Weapon,Poison,
8904,10420,Weapon,Firearm,
8905,10421,Weapon,Explosives,
8906,10425,Weapon,Other,
8907,10426,Weapon,Knife,
8908,10427,Weapon,Other,
8909,10428,Weapon,Knife,
8910,10429,Weapon,Knife,
8911,10430,Weapon,Firearm,
8912,10432,Weapon,Poison,
8913,10433,Weapon,Other,
8914,10434,Weapon,Poison,
8915,10436,Weapon,Firearm,
8916,10437,Weapon,Firearm,
8917,10438,Weapon,Explosives,
8918,10440,Weapon,Knife,
8919,10441,Weapon,Firearm,
8920,10442,Weapon,Knife,
8921,10444,Weapon,Other,
8922,10446,Weapon,Blunt Object,
8923,10447,Weapon,Poison,
8924,10448,Weapon,Explosives,
8925,10450,Weapon,Explosives,
8926,10451,Weapon,Firearm,
8927,10452,Weapon,Knife,
8928,10453,Weapon,Blunt Object,
8929,10454,Weapon,Knife,
8930,10455,Weapon,Explosives,
8931,10456,Weapon,Explosives,
8932,10457,Weapon,Blunt Object,
8933,10458,Weapon,Explosives,
8934,10459,Weapon,Other,
8935,10460,Weapon,Explosives,
8936,10461,Weapon,Blunt Object,
8937,10462,Weapon,Blunt Object,
8938,10463,Weapon,Knife,
8939,10464,Weapon,Poison,
8940,10465,Weapon,Firearm,
8941,10466,Weapon,Blunt Object,
8942,10467,Weapon,Poison,
8943,10468,Weapon,Poison,
8944,10469,Weapon,Other,
8945,10471,Weapon,Explosives,
8946,10473,Weapon,Knife,
8947,10474,Weapon,Poison,
8948,10475,Weapon,Firearm,
8949,10476,Weapon,Knife,
8950,10477,Weapon,Poison,
8951,10478,Weapon,Knife,
8952,10481,Weapon,Knife,
8953,10482,Weapon,Poison,
8954,10483,Weapon,Knife,
8955,10484,Weapon,Other,
8956,10485,Weapon,Other,
8957,10487,Weapon,Explosives,
8958,10488,Weapon,Firearm,
8959,10490,Weapon,Knife,
8960,10491,Weapon,Firearm,
8961,10493,Weapon,Poison,
8962,10494,Weapon,Explosives,
8963,10495,Weapon,Firearm,
8964,10496,Weapon,Firearm,
8965,10497,Weapon,Poison,
8966,10498,Weapon,Poison,
8967,10499,Weapon,Blunt Object,
8968,10500,Weapon,Explosives,
8969,10501,Weapon,Explosives,
8970,10502,Weapon,Firearm,
8971,10503,Weapon,Firearm,
8972,10504,Weapon,Other,
8973,10505,Weapon,Blunt Object,
8974,10506,Weapon,Knife,
8975,10507,Weapon,Firearm,
8976,10508,Weapon,Firearm,
8977,10509,Weapon,Explosives,
8978,10510,Weapon,Knife,
8979,10512,Weapon,Firearm,
8980,10513,Weapon,Poison,
8981,10514,Weapon,Firearm,
8982,10515,Weapon,Blunt Object,
8983,10516,Weapon,Explosives,
8984,10518,Weapon,Knife,
8985,10519,Weapon,Firearm,
8986,10520,Weapon,Blunt Object,
8987,10521,Weapon,Knife,
8988,10523,Weapon,Other,
8989,10524,Weapon,Other,
8990,10525,Weapon,Firearm,
8991,10526,Weapon,Poison,
8992,10527,Weapon,Firearm,
8993,10528,Weapon,Other,
8994,10529,Weapon,Other,
8995,10530,Weapon,Poison,
8996,10531,Weapon,Knife,
8997,10532,Weapon,Other,
8998,10533,Weapon,Explosives,
8999,10534,Weapon,Poison,
9000,10535,Weapon,Knife,
9001,10537,Weapon,Knife,
9002,10538,Weapon,Other,
9003,10539,Weapon,Poison,
9004,10540,Weapon,Knife,
9005,10541,Weapon,Firearm,
9006,10542,Weapon,Blunt Object,
9007,10543,Weapon,Poison,
9008,10544,Weapon,Knife,
9009,10546,Weapon,Firearm,
9010,10547,Weapon,Poison,
9011,10548,Weapon,Poison,
9012,10550,Weapon,Poison,
9013,10551,Weapon,Blunt Object,
9014,10552,Weapon,Blunt Object,
9015,10553,Weapon,Poison,
9016,10554,Weapon,Other,
9017,10555,Weapon,Poison,
9018,10556,Weapon,Other,
9019,10557,Weapon,Poison,
9020,10558,Weapon,Explosives,
9021,10559,Weapon,Blunt Object,
9022,10560,Weapon,Poison,
9023,10561,Weapon,Blunt Object,
9024,10562,Weapon,Poison,
9025,10563,Weapon,Knife,
9026,10566,Weapon,Firearm,
9027,10567,Weapon,Knife,
9028,10568,Weapon,Poison,
9029,10569,Weapon,Firearm,
9030,10570,Weapon,Poison,
9031,10571,Weapon,Other,
9032,10572,Weapon,Other,
9033,10574,Weapon,Other,
9034,10575,Weapon,Blunt Object,
9035,10576,Weapon,Firearm,
9036,10577,Weapon,Firearm,
9037,10578,Weapon,Explosives,
9038,10579,Weapon,Explosives,
9039,10580,Weapon,Other,
9040,10581,Weapon,Explosives,
9041,10582,Weapon,Blunt Object,
9042,10586,Weapon,Blunt Object,
9043,10588,Weapon,Other,
9044,10589,Weapon,Poison,
9045,10591,Weapon,Explosives,
9046,10592,Weapon,Poison,
9047,10594,Weapon,Explosives,
9048,10595,Weapon,Other,
9049,10596,Weapon,Explosives,
9050,10597,Weapon,Other,
9051,10598,Weapon,Explosives,
9052,10599,Weapon,Poison,
9053,10600,Weapon,Blunt Object,
9054,10601,Weapon,Explosives,
9055,10602,Weapon,Explosives,
9056,10603,Weapon,Knife,
9057,10604,Weapon,Firearm,
9058,10605,Weapon,Explosives,
9059,10606,Weapon,Other,
9060,10607,Weapon,Explosives,
9061,10608,Weapon,Knife,
9062,10609,Weapon,Other,
9063,10611,Weapon,Other,
9064,10612,Weapon,Firearm,
9065,10613,Weapon,Poison,
9066,10615,Weapon,Explosives,
9067,10616,Weapon,Explosives,
9068,10617,Weapon,Blunt Object,
9069,10618,Weapon,Blunt Object,
9070,10619,Weapon,Other,
9071,10620,Weapon,Explosives,
9072,10621,Weapon,Knife,
9073,10622,Weapon,Explosives,
9074,10623,Weapon,Firearm,
9075,10624,Weapon,Knife,
9076,10625,Weapon,Firearm,
9077,10627,Weapon,Firearm,
9078,10628,Weapon,Firearm,
9079,10629,Weapon,Blunt Object,
9080,10630,Weapon,Explosives,
9081,10631,Weapon,Other,
9082,10632,Weapon,Poison,
9083,10635,Weapon,Other,
9084,10636,Weapon,Other,
9085,10637,Weapon,Firearm,
9086,10638,Weapon,Knife,
9087,10639,Weapon,Knife,
9088,10640,Weapon,Poison,
9089,10641,Weapon,Knife,
9090,10643,Weapon,Other,
9091,10644,Weapon,Poison,
9092,10645,Weapon,Firearm,
9093,10646,Weapon,Other,
9094,10647,Weapon,Firearm,
9095,10648,Weapon,Poison,
9096,10650,Weapon,Knife,
9097,10651,Weapon,Firearm,
9098,10652,Weapon,Firearm,
9099,10654,Weapon,Explosives,
9100,10655,Weapon,Firearm,
9101,10656,Weapon,Poison,
9102,10657,Weapon,Other,
9103,10658,Weapon,Firearm,
9104,10659,Weapon,Knife,
9105,10660,Weapon,Knife,
9106,10661,Weapon,Firearm,
9107,10662,Weapon,Poison,
9108,10665,Weapon,Knife,
9109,10666,Weapon,Blunt Object,
9110,10667,Weapon,Poison,
9111,10668,Weapon,Poison,
9112,10669,Weapon,Explosives,
9113,10670,Weapon,Poison,
9114,10671,Weapon,Knife,
9115,10672,Weapon,Explosives,
9116,10673,Weapon,Other,
9117,10675,Weapon,Blunt Object,
9118,10676,Weapon,Explosives,
9119,10677,Weapon,Other,
9120,10678,Weapon,Poison,
9121,10679,Weapon,Blunt Object,
9122,10681,Weapon,Knife,
9123,10682,Weapon,Poison,
9124,10683,Weapon,Firearm,
9125,10684,Weapon,Other,
9126,10685,Weapon,Other,
9127,10686,Weapon,Explosives,
9128,10687,Weapon,Explosives,
9129,10688,Weapon,Explosives,
9130,10689,Weapon,Blunt Object,
9131,10690,Weapon,Firearm,
9132,10691,Weapon,Blunt Object,
9133,10692,Weapon,Explosives,
9134,10693,Weapon,Knife,
9135,10694,Weapon,Other,
9136,10695,Weapon,Firearm,
9137,10696,Weapon,Blunt Object,
9138,10697,Weapon,Explosives,
9139,10698,Weapon,Blunt Object,
9140,10699,Weapon,Explosives,
9141,10700,Weapon,Other,
9142,10701,Weapon,Knife,
9143,10702,Weapon,Blunt Object,
9144,10703,Weapon,Other,
9145,10704,Weapon,Other,
9146,10705,Weapon,Firearm,
9147,10706,Weapon,Firearm,
9148,10708,Weapon,Blunt Object,
9149,10709,Weapon,Knife,
9150,10710,Weapon,Poison,
9151,10712,Weapon,Other,
9152,10714,Weapon,Knife,
9153,10715,Weapon,Explosives,
9154,10716,Weapon,Explosives,
9155,10718,Weapon,Explosives,
9156,10719,Weapon,Blunt Object,
9157,10720,Weapon,Explosives,
9158,10721,Weapon,Blunt Object,
9159,10723,Weapon,Knife,
9160,10724,Weapon,Other,
9161,10726,Weapon,Other,
9162,10727,Weapon,Firearm,
9163,10728,Weapon,Explosives,
9164,10729,Weapon,Firearm,
9165,10730,Weapon,Blunt Object,
9166,10731,Weapon,Explosives,
9167,10732,Weapon,Firearm,
9168,10733,Weapon,Knife,
9169,10734,Weapon,Knife,
9170,10735,Weapon,Blunt Object,
9171,10736,Weapon,Blunt Object,
9172,10737,Weapon,Poison,
9173,10739,Weapon,Other,
9174,10741,Weapon,Knife,
9175,10743,Weapon,Blunt Object,
9176,10744,Weapon,Explosives,
9177,10745,Weapon,Poison,
9178,10746,Weapon,Other,
9179,10747,Weapon,Other,
9180,10749,Weapon,Firearm,
9181,10751,Weapon,Explosives,
9182,10752,Weapon,Explosives,
9183,10753,Weapon,Firearm,
9184,10754,Weapon,Other,
9185,10755,Weapon,Other,
9186,10756,Weapon,Knife,
9187,10757,Weapon,Blunt Object,
9188,10758,Weapon,Explosives,
9189,10759,Weapon,Knife,
9190,10760,Weapon,Firearm,
9191,10761,Weapon,Other,
9192,10762,Weapon,Knife,
9193,10763,Weapon,Firearm,
9194,10764,Weapon,Poison,
9195,10765,Weapon,Explosives,
9196,10766,Weapon,Explosives,
9197,10767,Weapon,Poison,
9198,10768,Weapon,Blunt Object,
9199,10769,Weapon,Other,
9200,10770,Weapon,Explosives,
9201,10771,Weapon,Blunt Object,
9202,10772,Weapon,Firearm,
9203,10774,Weapon,Other,
9204,10775,Weapon,Other,
9205,10776,Weapon,Other,
9206,10777,Weapon,Blunt Object,
9207,10778,Weapon,Knife,
9208,10779,Weapon,Blunt Object,
9209,10782,Weapon,Poison,
9210,10783,Weapon,Other,
9211,10784,Weapon,Firearm,
9212,10785,Weapon,Poison,
9213,10786,Weapon,Blunt Object,
9214,10788,Weapon,Blunt Object,
9215,10789,Weapon,Poison,
9216,10790,Weapon,Other,
9217,10791,Weapon,Firearm,
9218,10792,Weapon,Blunt Object,
9219,10793,Weapon,Blunt Object,
9220,10794,Weapon,Other,
9221,10795,Weapon,Explosives,
9222,10797,Weapon,Poison,
9223,10798,Weapon,Other,
9224,10799,Weapon,Knife,
9225,10800,Weapon,Explosives,
9226,10801,Weapon,Firearm,
9227,10802,Weapon,Other,
9228,10803,Weapon,Poison,
9229,10804,Weapon,Blunt Object,
9230,10805,Weapon,Knife,
9231,10806,Weapon,Blunt Object,
9232,10807,Weapon,Blunt Object,
9233,10808,Weapon,Firearm,
9234,10809,Weapon,Poison,
9235,10810,Weapon,Poison,
9236,10812,Weapon,Poison,
9237,10816,Weapon,Explosives,
9238,10817,Weapon,Poison,
9239,10818,Weapon,Explosives,
9240,10819,Weapon,Blunt Object,
9241,10820,Weapon,Knife,
9242,10821,Weapon,Firearm,
9243,10822,Weapon,Poison,
9244,10823,Weapon,Knife,
9245,10825,Weapon,Firearm,
9246,10826,Weapon,Firearm,
9247,10827,Weapon,Firearm,
9248,10828,Weapon,Poison,
9249,10829,Weapon,Firearm,
9250,10830,Weapon,Explosives,
9251,10831,Weapon,Explosives,
9252,10833,Weapon,Knife,
9253,10834,Weapon,Blunt Object,
9254,10835,Weapon,Explosives,
9255,10836,Weapon,Knife,
9256,10837,Weapon,Firearm,
9257,10838,Weapon,Knife,
9258,10839,Weapon,Knife,
9259,10840,Weapon,Other,
9260,10841,Weapon,Poison,
9261,10842,Weapon,Blunt Object,
9262,10843,Weapon,Knife,
9263,10844,Weapon,Knife,
9264,10845,Weapon,Firearm,
9265,10846,Weapon,Explosives,
9266,10847,Weapon,Knife,
9267,10848,Weapon,Blunt Object,
9268,10850,Weapon,Firearm,
9269,10852,Weapon,Blunt Object,
9270,10854,Weapon,Blunt Object,
9271,10855,Weapon,Other,
9272,10856,Weapon,Blunt Object,
9273,10857,Weapon,Firearm,
9274,10860,Weapon,Blunt Object,
9275,10861,Weapon,Explosives,
9276,10862,Weapon,Knife,
9277,10863,Weapon,Poison,
9278,10864,Weapon,Poison,
9279,10866,Weapon,Poison,
9280,10867,Weapon,Blunt Object,
9281,10868,Weapon,Other,
9282,10869,Weapon,Explosives,
9283,10870,Weapon,Other,
9284,10871,Weapon,Blunt Object,
9285,10872,Weapon,Knife,
9286,10874,Weapon,Poison,
9287,10877,Weapon,Firearm,
9288,10878,Weapon,Other,
9289,10879,Weapon,Knife,
9290,10880,Weapon,Knife,
9291,10881,Weapon,Knife,
9292,10882,Weapon,Blunt Object,
9293,10883,Weapon,Blunt Object,
9294,10884,Weapon,Knife,
9295,10885,Weapon,Poison,
9296,10886,Weapon,Knife,
9297,10887,Weapon,Explosives,
9298,10888,Weapon,Other,
9299,10890,Weapon,Other,
9300,10891,Weapon,Blunt Object,
9301,10892,Weapon,Explosives,
9302,10894,Weapon,Blunt Object,
9303,10895,Weapon,Poison,
9304,10896,Weapon,Knife,
9305,10897,Weapon,Firearm,
9306,10898,Weapon,Explosives,
9307,10899,Weapon,Firearm,
9308,10900,Weapon,Other,
9309,10902,Weapon,Other,
9310,10903,Weapon,Blunt Object,
9311,10904,Weapon,Explosives,
9312,10905,Weapon,Poison,
9313,10906,Weapon,Other,
9314,10907,Weapon,Knife,
9315,10908,Weapon,Poison,
9316,10909,Weapon,Firearm,
9317,10910,Weapon,Knife,
9318,10911,Weapon,Other,
9319,10913,Weapon,Knife,
9320,10914,Weapon,Poison,
9321,10915,Weapon,Blunt Object,
9322,10916,Weapon,Firearm,
9323,10918,Weapon,Other,
9324,10919,Weapon,Other,
9325,10920,Weapon,Firearm,
9326,10921,Weapon,Blunt Object,
9327,10922,Weapon,Knife,
9328,10923,Weapon,Firearm,
9329,10924,Weapon,Blunt Object,
9330,10925,Weapon,Firearm,
9331,10926,Weapon,Other,
9332,10927,Weapon,Knife,
9333,10928,Weapon,Other,
9334,10929,Weapon,Blunt Object,
9335,10930,Weapon,Knife,
9336,10931,Weapon,Other,
9337,10932,Weapon,Explosives,
9338,10936,Weapon,Firearm,
9339,10937,Weapon,Knife,
9340,10938,Weapon,Poison,
9341,10939,Weapon,Knife,
9342,10940,Weapon,Other,
9343,10941,Weapon,Knife,
9344,10942,Weapon,Poison,
9345,10943,Weapon,Other,
9346,10944,Weapon,Firearm,
9347,10945,Weapon,Firearm,
9348,10946,Weapon,Explosives,
9349,10947,Weapon,Knife,
9350,10949,Weapon,Explosives,
9351,10950,Weapon,Firearm,
9352,10951,Weapon,Other,
9353,10952,Weapon,Poison,
9354,10953,Weapon,Other,
9355,10954,Weapon,Firearm,
9356,10957,Weapon,Poison,
9357,10959,Weapon,Firearm,
9358,10960,Weapon,Firearm,
9359,10961,Weapon,Other,
9360,10962,Weapon,Poison,
9361,10963,Weapon,Poison,
9362,10964,Weapon,Explosives,
9363,10965,Weapon,Explosives,
9364,10966,Weapon,Knife,
9365,10967,Weapon,Other,
9366,10968,Weapon,Explosives,
9367,10969,Weapon,Poison,
9368,10970,Weapon,Knife,
9369,10971,Weapon,Blunt Object,
9370,10972,Weapon,Firearm,
9371,10973,Weapon,Explosives,
9372,10974,Weapon,Other,
9373,10975,Weapon,Blunt Object,
9374,10976,Weapon,Poison,
9375,10977,Weapon,Poison,
9376,10978,Weapon,Firearm,
9377,10979,Weapon,Firearm,
9378,10980,Weapon,Other,
9379,10982,Weapon,Explosives,
9380,10983,Weapon,Blunt Object,
9381,10984,Weapon,Explosives,
9382,10985,Weapon,Poison,
9383,10986,Weapon,Other,
9384,10987,Weapon,Knife,
9385,10988,Weapon,Knife,
9386,10989,Weapon,Knife,
9387,10990,Weapon,Firearm,
9388,10991,Weapon,Blunt Object,
9389,10992,Weapon,Firearm,
9390,10993,Weapon,Poison,
9391,10994,Weapon,Blunt Object,
9392,10995,Weapon,Explosives,
9393,10996,Weapon,Explosives,
9394,10998,Weapon,Other,
9395,10999,Weapon,Knife,
9396,11001,Weapon,Poison,
9397,11002,Weapon,Explosives,
9398,11003,Weapon,Blunt Object,
9399,11004,Weapon,Firearm,
9400,11005,Weapon,Explosives,
9401,11006,Weapon,Other,
9402,11007,Weapon,Firearm,
9403,11008,Weapon,Poison,
9404,11009,Weapon,Explosives,
9405,11010,Weapon,Knife,
9406,11011,Weapon,Explosives,
9407,11015,Weapon,Knife,
9408,11016,Weapon,Blunt Object,
9409,11017,Weapon,Poison,
9410,11018,Weapon,Explosives,
9411,11019,Weapon,Poison,
9412,11020,Weapon,Other,
9413,11022,Weapon,Firearm,
9414,11023,Weapon,Knife,
9415,11024,Weapon,Knife,
9416,11025,Weapon,Firearm,
9417,11028,Weapon,Blunt Object,
9418,11030,Weapon,Knife,
9419,11031,Weapon,Blunt Object,
9420,11032,Weapon,Firearm,
9421,11033,Weapon,Explosives,
9422,11034,Weapon,Knife,
9423,11035,Weapon,Explosives,
9424,11036,Weapon,Explosives,
9425,11037,Weapon,Knife,
9426,11039,Weapon,Blunt Object,
9427,11041,Weapon,Explosives,
9428,11042,Weapon,Blunt Object,
9429,11043,Weapon,Knife,
9430,11044,Weapon,Explosives,
9431,11045,Weapon,Blunt Object,
9432,11046,Weapon,Firearm,
9433,11047,Weapon,Explosives,
9434,11050,Weapon,Firearm,
9435,11051,Weapon,Poison,
9436,11052,Weapon,Blunt Object,
9437,11053,Weapon,Blunt Object,
9438,11054,Weapon,Blunt Object,
9439,11057,Weapon,Blunt Object,
9440,11059,Weapon,Firearm,
9441,11060,Weapon,Explosives,
9442,11061,Weapon,Firearm,
9443,11062,Weapon,Explosives,
9444,11063,Weapon,Blunt Object,
9445,11064,Weapon,Knife,
9446,11065,Weapon,Knife,
9447,11066,Weapon,Blunt Object,
9448,11067,Weapon,Explosives,
9449,11068,Weapon,Other,
9450,11069,Weapon,Firearm,
9451,11070,Weapon,Poison,
9452,11071,Weapon,Knife,
9453,11072,Weapon,Knife,
9454,11073,Weapon,Poison,
9455,11074,Weapon,Explosives,
9456,11075,Weapon,Other,
9457,11076,Weapon,Firearm,
9458,11077,Weapon,Blunt Object,
9459,11078,Weapon,Firearm,
9460,11079,Weapon,Firearm,
9461,11080,Weapon,Explosives,
9462,11081,Weapon,Poison,
9463,11082,Weapon,Explosives,
9464,11083,Weapon,Other,
9465,11084,Weapon,Knife,
9466,11085,Weapon,Poison,
9467,11086,Weapon,Other,
9468,11087,Weapon,Blunt Object,
9469,11088,Weapon,Firearm,
9470,11089,Weapon,Firearm,
9471,11090,Weapon,Firearm,
9472,11091,Weapon,Explosives,
9473,11092,Weapon,Blunt Object,
9474,11093,Weapon,Blunt Object,
9475,11095,Weapon,Other,
9476,11096,Weapon,Poison,
9477,11097,Weapon,Poison,
9478,11098,Weapon,Poison,
9479,11099,Weapon,Explosives,
9480,11100,Weapon,Explosives,
9481,11101,Weapon,Other,
9482,11102,Weapon,Poison,
9483,11103,Weapon,Explosives,
9484,11104,Weapon,Firearm,
9485,11105,Weapon,Knife,
9486,11106,Weapon,Firearm,
9487,11107,Weapon,Poison,
9488,11108,Weapon,Other,
9489,11109,Weapon,Poison,
9490,11110,Weapon,Other,
9491,11111,Weapon,Firearm,
9492,11112,Weapon,Knife,
9493,11113,Weapon,Poison,
9494,11114,Weapon,Knife,
9495,11116,Weapon,Firearm,
9496,11117,Weapon,Explosives,
9497,11118,Weapon,Poison,
9498,11119,Weapon,Explosives,
9499,11120,Weapon,Knife,
9500,11121,Weapon,Poison,
9501,11122,Weapon,Other,
9502,11123,Weapon,Firearm,
9503,11124,Weapon,Other,
9504,11125,Weapon,Knife,
9505,11127,Weapon,Explosives,
9506,11128,Weapon,Firearm,
9507,11129,Weapon,Other,
9508,11130,Weapon,Poison,
9509,11131,Weapon,Poison,
9510,11132,Weapon,Explosives,
9511,11133,Weapon,Blunt Object,
9512,11134,Weapon,Knife,
9513,11135,Weapon,Blunt Object,
9514,11136,Weapon,Poison,
9515,11137,Weapon,Poison,
9516,11139,Weapon,Poison,
9517,11140,Weapon,Explosives,
9518,11141,Weapon,Explosives,
9519,11142,Weapon,Other,
9520,11144,Weapon,Other,
9521,11145,Weapon,Poison,
9522,11146,Weapon,Other,
9523,11147,Weapon,Other,
9524,11148,Weapon,Other,
9525,11149,Weapon,Knife,
9526,11151,Weapon,Explosives,
9527,11152,Weapon,Poison,
9528,11153,Weapon,Firearm,
9529,11154,Weapon,Blunt Object,
9530,11156,Weapon,Firearm,
9531,11157,Weapon,Blunt Object,
9532,11158,Weapon,Poison,
9533,11159,Weapon,Poison,
9534,11160,Weapon,Explosives,
9535,11161,Weapon,Knife,
9536,11162,Weapon,Blunt Object,
9537,11163,Weapon,Knife,
9538,11164,Weapon,Blunt Object,
9539,11165,Weapon,Poison,
9540,11166,Weapon,Knife,
9541,11167,Weapon,Blunt Object,
9542,11168,Weapon,Poison,
9543,11169,Weapon,Knife,
9544,11170,Weapon,Blunt Object,
9545,11172,Weapon,Explosives,
9546,11173,Weapon,Other,
9547,11174,Weapon,Blunt Object,
9548,11175,Weapon,Firearm,
9549,11176,Weapon,Firearm,
9550,11177,Weapon,Other,
9551,11178,Weapon,Firearm,
9552,11179,Weapon,Poison,
9553,11180,Weapon,Blunt Object,
9554,11181,Weapon,Other,
9555,11183,Weapon,Knife,
9556,11184,Weapon,Explosives,
9557,11186,Weapon,Poison,
9558,11187,Weapon,Other,
9559,11188,Weapon,Firearm,
9560,11189,Weapon,Other,
9561,11190,Weapon,Knife,
9562,11191,Weapon,Poison,
9563,11193,Weapon,Knife,
9564,11194,Weapon,Explosives,
9565,11195,Weapon,Other,
9566,11196,Weapon,Blunt Object,
9567,11197,Weapon,Other,
9568,11198,Weapon,Blunt Object,
9569,11199,Weapon,Firearm,
9570,11200,Weapon,Firearm,
9571,11201,Weapon,Other,
9572,11202,Weapon,Poison,
9573,11203,Weapon,Explosives,
9574,11204,Weapon,Knife,
9575,11205,Weapon,Blunt Object,
9576,11206,Weapon,Blunt Object,
9577,11207,Weapon,Explosives,
9578,11208,Weapon,Poison,
9579,11210,Weapon,Blunt Object,
9580,11212,Weapon,Poison,
9581,11213,Weapon,Poison,
9582,11214,Weapon,Explosives,
9583,11215,Weapon,Knife,
9584,11216,Weapon,Knife,
9585,11218,Weapon,Blunt Object,
9586,11219,Weapon,Explosives,
9587,11221,Weapon,Firearm,
9588,11222,Weapon,Poison,
9589,11224,Weapon,Poison,
9590,11225,Weapon,Explosives,
9591,11226,Weapon,Blunt Object,
9592,11227,Weapon,Other,
9593,11228,Weapon,Knife,
9594,11229,Weapon,Blunt Object,
9595,11230,Weapon,Other,
9596,11231,Weapon,Knife,
9597,11232,Weapon,Explosives,
9598,11233,Weapon,Poison,
9599,11234,Weapon,Other,
9600,11237,Weapon,Other,
9601,11238,Weapon,Poison,
9602,11239,Weapon,Other,
9603,11240,Weapon,Other,
9604,11241,Weapon,Explosives,
9605,11242,Weapon,Other,
9606,11243,Weapon,Firearm,
9607,11244,Weapon,Poison,
9608,11245,Weapon,Knife,
9609,11247,Weapon,Explosives,
9610,11248,Weapon,Firearm,
9611,11249,Weapon,Explosives,
9612,11250,Weapon,Knife,
9613,11251,Weapon,Firearm,
9614,11252,Weapon,Blunt Object,
9615,11254,Weapon,Other,
9616,11255,Weapon,Poison,
9617,11256,Weapon,Poison,
9618,11257,Weapon,Other,
9619,11258,Weapon,Poison,
9620,11259,Weapon,Explosives,
9621,11260,Weapon,Knife,
9622,11261,Weapon,Poison,
9623,11262,Weapon,Explosives,
9624,11263,Weapon,Other,
9625,11264,Weapon,Blunt Object,
9626,11265,Weapon,Knife,
9627,11268,Weapon,Knife,
9628,11269,Weapon,Poison,
9629,11271,Weapon,Other,
9630,11272,Weapon,Poison,
9631,11276,Weapon,Poison,
9632,11277,Weapon,Poison,
9633,11278,Weapon,Firearm,
9634,11279,Weapon,Firearm,
9635,11280,Weapon,Blunt Object,
9636,11281,Weapon,Blunt Object,
9637,11282,Weapon,Explosives,
9638,11283,Weapon,Explosives,
9639,11284,Weapon,Other,
9640,11285,Weapon,Poison,
9641,11286,Weapon,Other,
9642,11287,Weapon,Firearm,
9643,11288,Weapon,Firearm,
9644,11289,Weapon,Explosives,
9645,11290,Weapon,Firearm,
9646,11291,Weapon,Blunt Object,
9647,11292,Weapon,Poison,
9648,11293,Weapon,Explosives,
9649,11295,Weapon,Firearm,
9650,11296,Weapon,Poison,
9651,11297,Weapon,Firearm,
9652,11298,Weapon,Blunt Object,
9653,11299,Weapon,Blunt Object,
9654,11300,Weapon,Explosives,
9655,11301,Weapon,Knife,
9656,11302,Weapon,Firearm,
9657,11303,Weapon,Firearm,
9658,11304,Weapon,Knife,
9659,11306,Weapon,Explosives,
9660,11308,Weapon,Other,
9661,11309,Weapon,Knife,
9662,11312,Weapon,Other,
9663,11313,Weapon,Poison,
9664,11314,Weapon,Explosives,
9665,11316,Weapon,Knife,
9666,11317,Weapon,Knife,
9667,11318,Weapon,Other,
9668,11319,Weapon,Blunt Object,
9669,11321,Weapon,Explosives,
9670,11322,Weapon,Knife,
9671,11323,Weapon,Other,
9672,11324,Weapon,Knife,
9673,11325,Weapon,Explosives,
9674,11327,Weapon,Poison,
9675,11328,Weapon,Explosives,
9676,11329,Weapon,Firearm,
9677,11330,Weapon,Knife,
9678,11331,Weapon,Blunt Object,
9679,11332,Weapon,Explosives,
9680,11333,Weapon,Other,
9681,11335,Weapon,Explosives,
9682,11336,Weapon,Firearm,
9683,11338,Weapon,Other,
9684,11339,Weapon,Blunt Object,
9685,11340,Weapon,Blunt Object,
9686,11341,Weapon,Explosives,
9687,11342,Weapon,Poison,
9688,11343,Weapon,Poison,
9689,11344,Weapon,Knife,
9690,11345,Weapon,Blunt Object,
9691,11346,Weapon,Other,
9692,11348,Weapon,Firearm,
9693,11349,Weapon,Other,
9694,11350,Weapon,Blunt Object,
9695,11351,Weapon,Blunt Object,
9696,11352,Weapon,Firearm,
9697,11353,Weapon,Explosives,
9698,11354,Weapon,Knife,
9699,11355,Weapon,Blunt Object,
9700,11356,Weapon,Knife,
9701,11357,Weapon,Other,
9702,11361,Weapon,Knife,
9703,11363,Weapon,Explosives,
9704,11364,Weapon,Explosives,
9705,11365,Weapon,Knife,
9706,11366,Weapon,Firearm,
9707,11367,Weapon,Explosives,
9708,11368,Weapon,Other,
9709,11369,Weapon,Other,
9710,11370,Weapon,Other,
9711,11371,Weapon,Blunt Object,
9712,11372,Weapon,Knife,
9713,11373,Weapon,Explosives,
9714,11374,Weapon,Knife,
9715,11375,Weapon,Other,
9716,11376,Weapon,Explosives,
9717,11377,Weapon,Knife,
9718,11378,Weapon,Explosives,
9719,11379,Weapon,Poison,
9720,11380,Weapon,Knife,
9721,11381,Weapon,Other,
9722,11382,Weapon,Firearm,
9723,11383,Weapon,Blunt Object,
9724,11384,Weapon,Explosives,
9725,11386,Weapon,Other,
9726,11388,Weapon,Knife,
9727,11389,Weapon,Explosives,
9728,11391,Weapon,Firearm,
9729,11392,Weapon,Firearm,
9730,11394,Weapon,Firearm,
9731,11395,Weapon,Explosives,
9732,11396,Weapon,Other,
9733,11397,Weapon,Other,
9734,11398,Weapon,Knife,
9735,11399,Weapon,Poison,
9736,11400,Weapon,Other,
9737,11404,Weapon,Explosives,
9738,11405,Weapon,Firearm,
9739,11406,Weapon,Firearm,
9740,11407,Weapon,Firearm,
9741,11408,Weapon,Knife,
9742,11409,Weapon,Knife,
9743,11410,Weapon,Poison,
9744,11411,Weapon,Poison,
9745,11412,Weapon,Poison,
9746,11413,Weapon,Other,
9747,11414,Weapon,Knife,
9748,11415,Weapon,Poison,
9749,11416,Weapon,Explosives,
9750,11417,Weapon,Firearm,
9751,11418,Weapon,Poison,
9752,11419,Weapon,Poison,
9753,11420,Weapon,Firearm,
9754,11421,Weapon,Poison,
9755,11422,Weapon,Poison,
9756,11423,Weapon,Knife,
9757,11424,Weapon,Explosives,
9758,11425,Weapon,Firearm,
9759,11426,Weapon,Firearm,
9760,11427,Weapon,Knife,
9761,11428,Weapon,Explosives,
9762,11429,Weapon,Explosives,
9763,11430,Weapon,Firearm,
9764,11431,Weapon,Blunt Object,
9765,11432,Weapon,Knife,
9766,11433,Weapon,Other,
9767,11434,Weapon,Firearm,
9768,11435,Weapon,Explosives,
9769,11437,Weapon,Blunt Object,
9770,11438,Weapon,Knife,
9771,11439,Weapon,Firearm,
9772,11440,Weapon,Knife,
9773,11441,Weapon,Knife,
9774,11442,Weapon,Blunt Object,
9775,11443,Weapon,Poison,
9776,11444,Weapon,Poison,
9777,11445,Weapon,Explosives,
9778,11446,Weapon,Poison,
9779,11448,Weapon,Knife,
9780,11449,Weapon,Explosives,
9781,11450,Weapon,Knife,
9782,11451,Weapon,Explosives,
9783,11453,Weapon,Firearm,
9784,11454,Weapon,Other,
9785,11455,Weapon,Poison,
9786,11457,Weapon,Explosives,
9787,11458,Weapon,Other,
9788,11459,Weapon,Explosives,
9789,11461,Weapon,Firearm,
9790,11462,Weapon,Firearm,
9791,11463,Weapon,Poison,
9792,11464,Weapon,Other,
9793,11465,Weapon,Poison,
9794,11466,Weapon,Knife,
9795,11467,Weapon,Firearm,
9796,11468,Weapon,Other,
9797,11470,Weapon,Knife,
9798,11471,Weapon,Poison,
9799,11472,Weapon,Knife,
9800,11473,Weapon,Knife,
9801,11474,Weapon,Firearm,
9802,11475,Weapon,Other,
9803,11477,Weapon,Other,
9804,11478,Weapon,Explosives,
9805,11479,Weapon,Firearm,
9806,11481,Weapon,Poison,
9807,11482,Weapon,Explosives,
9808,11484,Weapon,Explosives,
9809,11485,Weapon,Poison,
9810,11487,Weapon,Blunt Object,
9811,11488,Weapon,Blunt Object,
9812,11489,Weapon,Firearm,
9813,11490,Weapon,Explosives,
9814,11491,Weapon,Explosives,
9815,11493,Weapon,Blunt Object,
9816,11494,Weapon,Firearm,
9817,11495,Weapon,Knife,
9818,11496,Weapon,Other,
9819,11497,Weapon,Poison,
9820,11498,Weapon,Other,
9821,11499,Weapon,Firearm,
9822,11500,Weapon,Explosives,
9823,11501,Weapon,Blunt Object,
9824,11502,Weapon,Firearm,
9825,11503,Weapon,Explosives,
9826,11504,Weapon,Poison,
9827,11506,Weapon,Poison,
9828,11507,Weapon,Blunt Object,
9829,11508,Weapon,Blunt Object,
9830,11509,Weapon,Firearm,
9831,11511,Weapon,Knife,
9832,11512,Weapon,Knife,
9833,11514,Weapon,Other,
9834,11516,Weapon,Firearm,
9835,11517,Weapon,Blunt Object,
9836,11518,Weapon,Other,
9837,11519,Weapon,Poison,
9838,11521,Weapon,Blunt Object,
9839,11522,Weapon,Knife,
9840,11523,Weapon,Blunt Object,
9841,11527,Weapon,Poison,
9842,11528,Weapon,Explosives,
9843,11529,Weapon,Poison,
9844,11530,Weapon,Explosives,
9845,11531,Weapon,Knife,
9846,11532,Weapon,Explosives,
9847,11533,Weapon,Explosives,
9848,11534,Weapon,Knife,
9849,11535,Weapon,Explosives,
9850,11536,Weapon,Explosives,
9851,11537,Weapon,Knife,
9852,11538,Weapon,Explosives,
9853,11539,Weapon,Explosives,
9854,11540,Weapon,Poison,
9855,11542,Weapon,Blunt Object,
9856,11543,Weapon,Firearm,
9857,11544,Weapon,Explosives,
9858,11545,Weapon,Knife,
9859,11546,Weapon,Knife,
9860,11547,Weapon,Knife,
9861,11548,Weapon,Explosives,
9862,11549,Weapon,Firearm,
9863,11550,Weapon,Firearm,
9864,11552,Weapon,Explosives,
9865,11553,Weapon,Blunt Object,
9866,11555,Weapon,Poison,
9867,11556,Weapon,Blunt Object,
9868,11558,Weapon,Explosives,
9869,11559,Weapon,Firearm,
9870,11560,Weapon,Blunt Object,
9871,11561,Weapon,Poison,
9872,11562,Weapon,Other,
9873,11563,Weapon,Blunt Object,
9874,11564,Weapon,Explosives,
9875,11565,Weapon,Poison,
9876,11566,Weapon,Other,
9877,11567,Weapon,Blunt Object,
9878,11568,Weapon,Explosives,
9879,11569,Weapon,Poison,
9880,11571,Weapon,Firearm,
9881,11572,Weapon,Explosives,
9882,11573,Weapon,Blunt Object,
9883,11574,Weapon,Blunt Object,
9884,11575,Weapon,Explosives,
9885,11576,Weapon,Knife,
9886,11577,Weapon,Knife,
9887,11579,Weapon,Firearm,
9888,11580,Weapon,Other,
9889,11582,Weapon,Explosives,
9890,11583,Weapon,Poison,
9891,11584,Weapon,Knife,
9892,11585,Weapon,Firearm,
9893,11586,Weapon,Firearm,
9894,11587,Weapon,Blunt Object,
9895,11588,Weapon,Knife,
9896,11589,Weapon,Other,
9897,11590,Weapon,Poison,
9898,11591,Weapon,Explosives,
9899,11592,Weapon,Explosives,
9900,11593,Weapon,Poison,
9901,11594,Weapon,Knife,
9902,11595,Weapon,Firearm,
9903,11596,Weapon,Poison,
9904,11597,Weapon,Explosives,
9905,11598,Weapon,Poison,
9906,11599,Weapon,Poison,
9907,11600,Weapon,Poison,
9908,11603,Weapon,Explosives,
9909,11604,Weapon,Other,
9910,11605,Weapon,Poison,
9911,11606,Weapon,Knife,
9912,11607,Weapon,Firearm,
9913,11608,Weapon,Explosives,
9914,11609,Weapon,Poison,
9915,11610,Weapon,Explosives,
9916,11612,Weapon,Firearm,
9917,11613,Weapon,Knife,
9918,11614,Weapon,Knife,
9919,11616,Weapon,Knife,
9920,11618,Weapon,Knife,
9921,11620,Weapon,Other,
9922,11621,Weapon,Poison,
9923,11622,Weapon,Blunt Object,
9924,11623,Weapon,Poison,
9925,11624,Weapon,Other,
9926,11625,Weapon,Explosives,
9927,11626,Weapon,Blunt Object,
9928,11627,Weapon,Poison,
9929,11629,Weapon,Poison,
9930,11630,Weapon,Poison,
9931,11631,Weapon,Other,
9932,11632,Weapon,Poison,
9933,11633,Weapon,Knife,
9934,11634,Weapon,Firearm,
9935,11635,Weapon,Blunt Object,
9936,11638,Weapon,Other,
9937,11639,Weapon,Poison,
9938,11640,Weapon,Explosives,
9939,11641,Weapon,Explosives,
9940,11642,Weapon,Blunt Object,
9941,11643,Weapon,Other,
9942,11644,Weapon,Explosives,
9943,11645,Weapon,Knife,
9944,11646,Weapon,Explosives,
9945,11647,Weapon,Other,
9946,11648,Weapon,Poison,
9947,11649,Weapon,Firearm,
9948,11650,Weapon,Firearm,
9949,11651,Weapon,Poison,
9950,11652,Weapon,Blunt Object,
9951,11653,Weapon,Other,
9952,11654,Weapon,Other,
9953,11655,Weapon,Poison,
9954,11656,Weapon,Explosives,
9955,11657,Weapon,Knife,
9956,11658,Weapon,Poison,
9957,11659,Weapon,Firearm,
9958,11660,Weapon,Knife,
9959,11661,Weapon,Other,
9960,11662,Weapon,Explosives,
9961,11663,Weapon,Poison,
9962,11664,Weapon,Poison,
9963,11665,Weapon,Blunt Object,
9964,11666,Weapon,Firearm,
9965,11667,Weapon,Explosives,
9966,11668,Weapon,Knife,
9967,11669,Weapon,Explosives,
9968,11670,Weapon,Explosives,
9969,11671,Weapon,Blunt Object,
9970,11672,Weapon,Explosives,
9971,11673,Weapon,Other,
9972,11674,Weapon,Blunt Object,
9973,11675,Weapon,Explosives,
9974,11676,Weapon,Knife,
9975,11677,Weapon,Firearm,
9976,11678,Weapon,Explosives,
9977,11679,Weapon,Firearm,
9978,11680,Weapon,Other,
9979,11681,Weapon,Knife,
9980,11683,Weapon,Blunt Object,
9981,11684,Weapon,Other,
9982,11685,Weapon,Firearm,
9983,11686,Weapon,Firearm,
9984,11687,Weapon,Blunt Object,
9985,11688,Weapon,Firearm,
9986,11689,Weapon,Firearm,
9987,11690,Weapon,Poison,
9988,11691,Weapon,Other,
9989,11692,Weapon,Other,
9990,11693,Weapon,Other,
9991,11694,Weapon,Knife,
9992,11695,Weapon,Blunt Object,
9993,11696,Weapon,Firearm,
9994,11697,Weapon,Other,
9995,11698,Weapon,Other,
9996,11699,Weapon,Knife,
9997,11700,Weapon,Blunt Object,
9998,11701,Weapon,Other,
9999,11702,Weapon,Explosives,
10000,11703,Weapon,Other,
10001,11704,Weapon,Blunt Object,
10002,11706,Weapon,Firearm,
10003,11707,Weapon,Other,
10004,11708,Weapon,Blunt Object,
10005,11709,Weapon,Other,
10006,11710,Weapon,Other,
10007,11712,Weapon,Other,
10008,11713,Weapon,Explosives,
10009,11714,Weapon,Other,
10010,11715,Weapon,Blunt Object,
10011,11716,Weapon,Blunt Object,
10012,11718,Weapon,Blunt Object,
10013,11720,Weapon,Blunt Object,
10014,11721,Weapon,Blunt Object,
10015,11722,Weapon,Firearm,
10016,11724,Weapon,Explosives,
10017,11726,Weapon,Firearm,
10018,11727,Weapon,Poison,
10019,11728,Weapon,Poison,
10020,11729,Weapon,Firearm,
10021,11730,Weapon,Other,
10022,11731,Weapon,Poison,
10023,11732,Weapon,Blunt Object,
10024,11733,Weapon,Poison,
10025,11734,Weapon,Explosives,
10026,11735,Weapon,Knife,
10027,11737,Weapon,Other,
10028,11738,Weapon,Poison,
10029,11740,Weapon,Explosives,
10030,11741,Weapon,Poison,
10031,11742,Weapon,Blunt Object,
10032,11743,Weapon,Poison,
10033,11744,Weapon,Blunt Object,
10034,11745,Weapon,Firearm,
10035,11746,Weapon,Firearm,
10036,11748,Weapon,Poison,
10037,11749,Weapon,Explosives,
10038,11750,Weapon,Poison,
10039,11751,Weapon,Explosives,
10040,11752,Weapon,Firearm,
10041,11753,Weapon,Other,
10042,11754,Weapon,Explosives,
10043,11755,Weapon,Explosives,
10044,11757,Weapon,Explosives,
10045,11758,Weapon,Firearm,
10046,11759,Weapon,Poison,
10047,11760,Weapon,Knife,
10048,11761,Weapon,Other,
10049,11764,Weapon,Explosives,
10050,11766,Weapon,Poison,
10051,11768,Weapon,Knife,
10052,11770,Weapon,Knife,
10053,11771,Weapon,Poison,
10054,11772,Weapon,Other,
10055,11773,Weapon,Blunt Object,
10056,11774,Weapon,Blunt Object,
10057,11775,Weapon,Explosives,
10058,11776,Weapon,Knife,
10059,11777,Weapon,Blunt Object,
10060,11778,Weapon,Other,
10061,11779,Weapon,Blunt Object,
10062,11780,Weapon,Knife,
10063,11781,Weapon,Knife,
10064,11782,Weapon,Poison,
10065,11784,Weapon,Knife,
10066,11785,Weapon,Knife,
10067,11786,Weapon,Poison,
10068,11787,Weapon,Blunt Object,
10069,11788,Weapon,Blunt Object,
10070,11791,Weapon,Explosives,
10071,11792,Weapon,Firearm,
10072,11793,Weapon,Explosives,
10073,11794,Weapon,Explosives,
10074,11795,Weapon,Other,
10075,11796,Weapon,Firearm,
10076,11797,Weapon,Other,
10077,11798,Weapon,Firearm,
10078,11799,Weapon,Explosives,
10079,11800,Weapon,Other,
10080,11801,Weapon,Poison,
10081,11803,Weapon,Explosives,
10082,11805,Weapon,Firearm,
10083,11806,Weapon,Poison,
10084,11807,Weapon,Knife,
10085,11808,Weapon,Poison,
10086,11809,Weapon,Knife,
10087,11811,Weapon,Other,
10088,11812,Weapon,Poison,
10089,11813,Weapon,Blunt Object,
10090,11814,Weapon,Explosives,
10091,11815,Weapon,Knife,
10092,11816,Weapon,Other,
10093,11817,Weapon,Other,
10094,11818,Weapon,Blunt Object,
10095,11819,Weapon,Firearm,
10096,11820,Weapon,Poison,
10097,11821,Weapon,Firearm,
10098,11822,Weapon,Knife,
10099,11823,Weapon,Other,
10100,11824,Weapon,Other,
10101,11825,Weapon,Other,
10102,11826,Weapon,Knife,
10103,11827,Weapon,Explosives,
10104,11828,Weapon,Explosives,
10105,11829,Weapon,Blunt Object,
10106,11830,Weapon,Firearm,
10107,11831,Weapon,Other,
10108,11832,Weapon,Firearm,
10109,11833,Weapon,Blunt Object,
10110,11835,Weapon,Firearm,
10111,11836,Weapon,Firearm,
10112,11837,Weapon,Poison,
10113,11838,Weapon,Other,
10114,11839,Weapon,Other,
10115,11841,Weapon,Other,
10116,11842,Weapon,Blunt Object,
10117,11843,Weapon,Other,
10118,11844,Weapon,Other,
10119,11845,Weapon,Poison,
10120,11846,Weapon,Blunt Object,
10121,11847,Weapon,Other,
10122,11848,Weapon,Blunt Object,
10123,11849,Weapon,Explosives,
10124,11851,Weapon,Knife,
10125,11852,Weapon,Poison,
10126,11853,Weapon,Knife,
10127,11854,Weapon,Blunt Object,
10128,11855,Weapon,Explosives,
10129,11856,Weapon,Poison,
10130,11857,Weapon,Knife,
10131,11858,Weapon,Blunt Object,
10132,11859,Weapon,Poison,
10133,11861,Weapon,Explosives,
10134,11862,Weapon,Knife,
10135,11863,Weapon,Blunt Object,
10136,11864,Weapon,Other,
10137,11866,Weapon,Explosives,
10138,11867,Weapon,Poison,
10139,11868,Weapon,Blunt Object,
10140,11870,Weapon,Knife,
10141,11871,Weapon,Firearm,
10142,11872,Weapon,Firearm,
10143,11873,Weapon,Poison,
10144,11874,Weapon,Other,
10145,11875,Weapon,Firearm,
10146,11876,Weapon,Firearm,
10147,11877,Weapon,Firearm,
10148,11881,Weapon,Poison,
10149,11882,Weapon,Firearm,
10150,11884,Weapon,Explosives,
10151,11885,Weapon,Firearm,
10152,11886,Weapon,Other,
10153,11887,Weapon,Poison,
10154,11888,Weapon,Poison,
10155,11889,Weapon,Blunt Object,
10156,11890,Weapon,Other,
10157,11891,Weapon,Knife,
10158,11892,Weapon,Blunt Object,
10159,11893,Weapon,Other,
10160,11894,Weapon,Firearm,
10161,11895,Weapon,Poison,
10162,11896,Weapon,Blunt Object,
10163,11897,Weapon,Firearm,
10164,11898,Weapon,Explosives,
10165,11899,Weapon,Blunt Object,
10166,11900,Weapon,Poison,
10167,11902,Weapon,Blunt Object,
10168,11903,Weapon,Blunt Object,
10169,11905,Weapon,Knife,
10170,11906,Weapon,Blunt Object,
10171,11907,Weapon,Blunt Object,
10172,11908,Weapon,Explosives,
10173,11909,Weapon,Blunt Object,
10174,11910,Weapon,Knife,
10175,11911,Weapon,Blunt Object,
10176,11912,Weapon,Explosives,
10177,11913,Weapon,Firearm,
10178,11914,Weapon,Firearm,
10179,11915,Weapon,Blunt Object,
10180,11916,Weapon,Poison,
10181,11917,Weapon,Other,
10182,11918,Weapon,Explosives,
10183,11919,Weapon,Firearm,
10184,11920,Weapon,Firearm,
10185,11921,Weapon,Firearm,
10186,11923,Weapon,Other,
10187,11924,Weapon,Other,
10188,11925,Weapon,Knife,
10189,11926,Weapon,Blunt Object,
10190,11927,Weapon,Poison,
10191,11928,Weapon,Knife,
10192,11929,Weapon,Explosives,
10193,11930,Weapon,Poison,
10194,11931,Weapon,Knife,
10195,11932,Weapon,Poison,
10196,11933,Weapon,Explosives,
10197,11934,Weapon,Explosives,
10198,11935,Weapon,Blunt Object,
10199,11937,Weapon,Blunt Object,
10200,11938,Weapon,Explosives,
10201,11939,Weapon,Poison,
10202,11940,Weapon,Firearm,
10203,11941,Weapon,Poison,
10204,11943,Weapon,Firearm,
10205,11944,Weapon,Other,
10206,11945,Weapon,Other,
10207,11947,Weapon,Explosives,
10208,11948,Weapon,Knife,
10209,11949,Weapon,Explosives,
10210,11951,Weapon,Blunt Object,
10211,11952,Weapon,Poison,
10212,11953,Weapon,Firearm,
10213,11954,Weapon,Firearm,
10214,11955,Weapon,Knife,
10215,11957,Weapon,Poison,
10216,11958,Weapon,Knife,
10217,11959,Weapon,Other,
10218,11960,Weapon,Knife,
10219,11961,Weapon,Poison,
10220,11962,Weapon,Blunt Object,
10221,11964,Weapon,Blunt Object,
10222,11965,Weapon,Poison,
10223,11967,Weapon,Poison,
10224,11968,Weapon,Blunt Object,
10225,11969,Weapon,Firearm,
10226,11970,Weapon,Knife,
10227,11971,Weapon,Poison,
10228,11972,Weapon,Poison,
10229,11973,Weapon,Knife,
10230,11974,Weapon,Poison,
10231,11976,Weapon,Other,
10232,11977,Weapon,Firearm,
10233,11978,Weapon,Firearm,
10234,11979,Weapon,Knife,
10235,11980,Weapon,Explosives,
10236,11981,Weapon,Knife,
10237,11982,Weapon,Poison,
10238,11983,Weapon,Blunt Object,
10239,11984,Weapon,Firearm,
10240,11985,Weapon,Other,
10241,11986,Weapon,Other,
10242,11988,Weapon,Blunt Object,
10243,11989,Weapon,Firearm,
10244,11990,Weapon,Blunt Object,
10245,11991,Weapon,Explosives,
10246,11992,Weapon,Firearm,
10247,11993,Weapon,Knife,
10248,11994,Weapon,Knife,
10249,11995,Weapon,Knife,
10250,11996,Weapon,Explosives,
10251,11997,Weapon,Explosives,
10252,11998,Weapon,Blunt Object,
10253,12000,Weapon,Knife,
10254,12001,Weapon,Blunt Object,
10255,12002,Weapon,Firearm,
10256,12003,Weapon,Explosives,
10257,12004,Weapon,Knife,
10258,12005,Weapon,Knife,
10259,12006,Weapon,Other,
10260,12007,Weapon,Other,
10261,12008,Weapon,Firearm,
10262,12009,Weapon,Other,
10263,12012,Weapon,Explosives,
10264,12013,Weapon,Knife,
10265,12014,Weapon,Poison,
10266,12016,Weapon,Firearm,
10267,12017,Weapon,Knife,
10268,12018,Weapon,Poison,
10269,12019,Weapon,Poison,
10270,12020,Weapon,Blunt Object,
10271,12022,Weapon,Other,
10272,12023,Weapon,Firearm,
10273,12024,Weapon,Knife,
10274,12025,Weapon,Blunt Object,
10275,12026,Weapon,Poison,
10276,12027,Weapon,Poison,
10277,12028,Weapon,Blunt Object,
10278,12029,Weapon,Firearm,
10279,12030,Weapon,Explosives,
10280,12031,Weapon,Knife,
10281,12032,Weapon,Knife,
10282,12033,Weapon,Explosives,
10283,12034,Weapon,Poison,
10284,12035,Weapon,Firearm,
10285,12036,Weapon,Other,
10286,12037,Weapon,Blunt Object,
10287,12038,Weapon,Poison,
10288,12039,Weapon,Blunt Object,
10289,12040,Weapon,Other,
10290,12041,Weapon,Other,
10291,12042,Weapon,Firearm,
10292,12043,Weapon,Explosives,
10293,12044,Weapon,Blunt Object,
10294,12046,Weapon,Firearm,
10295,12047,Weapon,Blunt Object,
10296,12048,Weapon,Explosives,
10297,12049,Weapon,Other,
10298,12050,Weapon,Blunt Object,
10299,12051,Weapon,Explosives,
10300,12052,Weapon,Firearm,
10301,12054,Weapon,Blunt Object,
10302,12055,Weapon,Poison,
10303,12056,Weapon,Knife,
10304,12057,Weapon,Blunt Object,
10305,12059,Weapon,Other,
10306,12060,Weapon,Firearm,
10307,12061,Weapon,Explosives,
10308,12062,Weapon,Explosives,
10309,12064,Weapon,Other,
10310,12065,Weapon,Poison,
10311,12066,Weapon,Explosives,
10312,12067,Weapon,Explosives,
10313,12068,Weapon,Firearm,
10314,12069,Weapon,Firearm,
10315,12070,Weapon,Knife,
10316,12071,Weapon,Knife,
10317,12073,Weapon,Blunt Object,
10318,12074,Weapon,Firearm,
10319,12075,Weapon,Blunt Object,
10320,12076,Weapon,Firearm,
10321,12077,Weapon,Explosives,
10322,12078,Weapon,Other,
10323,12080,Weapon,Blunt Object,
10324,12081,Weapon,Knife,
10325,12083,Weapon,Knife,
10326,12084,Weapon,Blunt Object,
10327,12085,Weapon,Firearm,
10328,12086,Weapon,Firearm,
10329,12087,Weapon,Knife,
10330,12088,Weapon,Knife,
10331,12089,Weapon,Blunt Object,
10332,12090,Weapon,Blunt Object,
10333,12091,Weapon,Blunt Object,
10334,12092,Weapon,Explosives,
10335,12093,Weapon,Firearm,
10336,12095,Weapon,Knife,
10337,12097,Weapon,Explosives,
10338,12098,Weapon,Poison,
10339,12099,Weapon,Knife,
10340,12100,Weapon,Blunt Object,
10341,12101,Weapon,Explosives,
10342,12102,Weapon,Other,
10343,12104,Weapon,Knife,
10344,12105,Weapon,Firearm,
10345,12108,Weapon,Blunt Object,
10346,12109,Weapon,Explosives,
10347,12110,Weapon,Poison,
10348,12112,Weapon,Other,
10349,12113,Weapon,Firearm,
10350,12114,Weapon,Poison,
10351,12115,Weapon,Blunt Object,
10352,12116,Weapon,Knife,
10353,12117,Weapon,Firearm,
10354,12119,Weapon,Poison,
10355,12121,Weapon,Firearm,
10356,12122,Weapon,Knife,
10357,12123,Weapon,Blunt Object,
10358,12124,Weapon,Knife,
10359,12125,Weapon,Poison,
10360,12126,Weapon,Knife,
10361,12127,Weapon,Other,
10362,12128,Weapon,Other,
10363,12129,Weapon,Poison,
10364,12130,Weapon,Other,
10365,12131,Weapon,Knife,
10366,12132,Weapon,Firearm,
10367,12133,Weapon,Poison,
10368,12134,Weapon,Blunt Object,
10369,12135,Weapon,Knife,
10370,12136,Weapon,Knife,
10371,12137,Weapon,Firearm,
10372,12139,Weapon,Poison,
10373,12140,Weapon,Explosives,
10374,12141,Weapon,Explosives,
10375,12143,Weapon,Other,
10376,12144,Weapon,Poison,
10377,12145,Weapon,Blunt Object,
10378,12146,Weapon,Other,
10379,12147,Weapon,Knife,
10380,12148,Weapon,Blunt Object,
10381,12149,Weapon,Knife,
10382,12151,Weapon,Firearm,
10383,12152,Weapon,Explosives,
10384,12153,Weapon,Poison,
10385,12154,Weapon,Knife,
10386,12155,Weapon,Knife,
10387,12156,Weapon,Poison,
10388,12157,Weapon,Poison,
10389,12158,Weapon,Poison,
10390,12159,Weapon,Blunt Object,
10391,12161,Weapon,Explosives,
10392,12162,Weapon,Other,
10393,12164,Weapon,Knife,
10394,12165,Weapon,Poison,
10395,12166,Weapon,Knife,
10396,12167,Weapon,Other,
10397,12168,Weapon,Knife,
10398,12169,Weapon,Other,
10399,12170,Weapon,Firearm,
10400,12171,Weapon,Firearm,
10401,12172,Weapon,Other,
10402,12173,Weapon,Explosives,
10403,12174,Weapon,Poison,
10404,12175,Weapon,Blunt Object,
10405,12176,Weapon,Explosives,
10406,12177,Weapon,Explosives,
10407,12178,Weapon,Explosives,
10408,12179,Weapon,Poison,
10409,12180,Weapon,Other,
10410,12181,Weapon,Explosives,
10411,12182,Weapon,Other,
10412,12183,Weapon,Poison,
10413,12184,Weapon,Blunt Object,
10414,12186,Weapon,Explosives,
10415,12187,Weapon,Other,
10416,12188,Weapon,Explosives,
10417,12190,Weapon,Other,
10418,12191,Weapon,Explosives,
10419,12192,Weapon,Blunt Object,
10420,12193,Weapon,Poison,
10421,12194,Weapon,Poison,
10422,12195,Weapon,Other,
10423,12196,Weapon,Blunt Object,
10424,12197,Weapon,Knife,
10425,12198,Weapon,Blunt Object,
10426,12199,Weapon,Knife,
10427,12200,Weapon,Explosives,
10428,12201,Weapon,Blunt Object,
10429,12202,Weapon,Explosives,
10430,12203,Weapon,Explosives,
10431,12204,Weapon,Firearm,
10432,12205,Weapon,Poison,
10433,12206,Weapon,Blunt Object,
10434,12207,Weapon,Firearm,
10435,12208,Weapon,Firearm,
10436,12209,Weapon,Explosives,
10437,12210,Weapon,Knife,
10438,12211,Weapon,Blunt Object,
10439,12212,Weapon,Explosives,
10440,12214,Weapon,Explosives,
10441,12215,Weapon,Firearm,
10442,12216,Weapon,Other,
10443,12217,Weapon,Poison,
10444,12219,Weapon,Explosives,
10445,12220,Weapon,Poison,
10446,12221,Weapon,Explosives,
10447,12222,Weapon,Firearm,
10448,12223,Weapon,Explosives,
10449,12224,Weapon,Explosives,
10450,12225,Weapon,Poison,
10451,12226,Weapon,Explosives,
10452,12227,Weapon,Other,
10453,12228,Weapon,Blunt Object,
10454,12229,Weapon,Poison,
10455,12230,Weapon,Knife,
10456,12231,Weapon,Firearm,
10457,12232,Weapon,Poison,
10458,12233,Weapon,Poison,
10459,12234,Weapon,Firearm,
10460,12235,Weapon,Blunt Object,
10461,12236,Weapon,Firearm,
10462,12237,Weapon,Firearm,
10463,12238,Weapon,Other,
10464,12239,Weapon,Firearm,
10465,12240,Weapon,Firearm,
10466,12241,Weapon,Blunt Object,
10467,12242,Weapon,Knife,
10468,12244,Weapon,Explosives,
10469,12245,Weapon,Firearm,
10470,12246,Weapon,Explosives,
10471,12247,Weapon,Blunt Object,
10472,12248,Weapon,Firearm,
10473,12249,Weapon,Other,
10474,12251,Weapon,Explosives,
10475,12252,Weapon,Explosives,
10476,12254,Weapon,Explosives,
10477,12256,Weapon,Blunt Object,
10478,12257,Weapon,Blunt Object,
10479,12258,Weapon,Knife,
10480,12259,Weapon,Firearm,
10481,12260,Weapon,Other,
10482,12261,Weapon,Other,
10483,12262,Weapon,Knife,
10484,12263,Weapon,Other,
10485,12264,Weapon,Explosives,
10486,12265,Weapon,Other,
10487,12266,Weapon,Poison,
10488,12269,Weapon,Firearm,
10489,12270,Weapon,Firearm,
10490,12273,Weapon,Explosives,
10491,12274,Weapon,Knife,
10492,12275,Weapon,Firearm,
10493,12276,Weapon,Other,
10494,12277,Weapon,Explosives,
10495,12279,Weapon,Knife,
10496,12280,Weapon,Knife,
10497,12281,Weapon,Poison,
10498,12282,Weapon,Knife,
10499,12283,Weapon,Firearm,
10500,12284,Weapon,Other,
10501,12285,Weapon,Poison,
10502,12286,Weapon,Other,
10503,12287,Weapon,Knife,
10504,12288,Weapon,Poison,
10505,12290,Weapon,Explosives,
10506,12291,Weapon,Other,
10507,12292,Weapon,Poison,
10508,12293,Weapon,Firearm,
10509,12294,Weapon,Firearm,
10510,12295,Weapon,Knife,
10511,12296,Weapon,Knife,
10512,12297,Weapon,Other,
10513,12298,Weapon,Knife,
10514,12300,Weapon,Poison,
10515,12301,Weapon,Blunt Object,
10516,12303,Weapon,Firearm,
10517,12304,Weapon,Firearm,
10518,12305,Weapon,Other,
10519,12306,Weapon,Firearm,
10520,12307,Weapon,Explosives,
10521,12308,Weapon,Poison,
10522,12309,Weapon,Knife,
10523,12312,Weapon,Poison,
10524,12313,Weapon,Firearm,
10525,12314,Weapon,Explosives,
10526,12315,Weapon,Blunt Object,
10527,12316,Weapon,Poison,
10528,12317,Weapon,Other,
10529,12318,Weapon,Explosives,
10530,12319,Weapon,Poison,
10531,12320,Weapon,Explosives,
10532,12321,Weapon,Explosives,
10533,12322,Weapon,Poison,
10534,12323,Weapon,Other,
10535,12325,Weapon,Other,
10536,12326,Weapon,Poison,
10537,12327,Weapon,Other,
10538,12328,Weapon,Firearm,
10539,12329,Weapon,Explosives,
10540,12330,Weapon,Other,
10541,12331,Weapon,Blunt Object,
10542,12332,Weapon,Poison,
10543,12335,Weapon,Poison,
10544,12336,Weapon,Firearm,
10545,12337,Weapon,Knife,
10546,12338,Weapon,Knife,
10547,12339,Weapon,Blunt Object,
10548,12340,Weapon,Explosives,
10549,12341,Weapon,Poison,
10550,12342,Weapon,Blunt Object,
10551,12343,Weapon,Explosives,
10552,12346,Weapon,Firearm,
10553,12347,Weapon,Other,
10554,12348,Weapon,Firearm,
10555,12349,Weapon,Explosives,
10556,12350,Weapon,Explosives,
10557,12351,Weapon,Blunt Object,
10558,12353,Weapon,Poison,
10559,12354,Weapon,Knife,
10560,12355,Weapon,Poison,
10561,12356,Weapon,Other,
10562,12357,Weapon,Knife,
10563,12358,Weapon,Firearm,
10564,12359,Weapon,Knife,
10565,12360,Weapon,Other,
10566,12361,Weapon,Firearm,
10567,12362,Weapon,Explosives,
10568,12363,Weapon,Poison,
10569,12364,Weapon,Knife,
10570,12365,Weapon,Poison,
10571,12366,Weapon,Explosives,
10572,12367,Weapon,Explosives,
10573,12369,Weapon,Firearm,
10574,12370,Weapon,Other,
10575,12372,Weapon,Explosives,
10576,12373,Weapon,Explosives,
10577,12374,Weapon,Explosives,
10578,12375,Weapon,Poison,
10579,12376,Weapon,Poison,
10580,12377,Weapon,Knife,
10581,12378,Weapon,Knife,
10582,12379,Weapon,Explosives,
10583,12380,Weapon,Other,
10584,12381,Weapon,Explosives,
10585,12382,Weapon,Poison,
10586,12383,Weapon,Blunt Object,
10587,12384,Weapon,Blunt Object,
10588,12385,Weapon,Firearm,
10589,12386,Weapon,Explosives,
10590,12387,Weapon,Explosives,
10591,12388,Weapon,Explosives,
10592,12389,Weapon,Poison,
10593,12390,Weapon,Other,
10594,12391,Weapon,Firearm,
10595,12392,Weapon,Firearm,
10596,12393,Weapon,Blunt Object,
10597,12394,Weapon,Knife,
10598,12395,Weapon,Firearm,
10599,12396,Weapon,Knife,
10600,12397,Weapon,Other,
10601,12398,Weapon,Knife,
10602,12399,Weapon,Explosives,
10603,12400,Weapon,Knife,
10604,12401,Weapon,Blunt Object,
10605,12402,Weapon,Other,
10606,12404,Weapon,Firearm,
10607,12405,Weapon,Firearm,
10608,12406,Weapon,Explosives,
10609,12407,Weapon,Knife,
10610,12408,Weapon,Knife,
10611,12409,Weapon,Firearm,
10612,12410,Weapon,Firearm,
10613,12411,Weapon,Blunt Object,
10614,12413,Weapon,Explosives,
10615,12414,Weapon,Firearm,
10616,12415,Weapon,Firearm,
10617,12416,Weapon,Blunt Object,
10618,12417,Weapon,Explosives,
10619,12418,Weapon,Explosives,
10620,12419,Weapon,Knife,
10621,12420,Weapon,Explosives,
10622,12421,Weapon,Knife,
10623,12422,Weapon,Knife,
10624,12423,Weapon,Knife,
10625,12424,Weapon,Blunt Object,
10626,12425,Weapon,Other,
10627,12426,Weapon,Firearm,
10628,12427,Weapon,Blunt Object,
10629,12428,Weapon,Explosives,
10630,12429,Weapon,Knife,
10631,12430,Weapon,Explosives,
10632,12431,Weapon,Blunt Object,
10633,12434,Weapon,Poison,
10634,12435,Weapon,Poison,
10635,12436,Weapon,Other,
10636,12437,Weapon,Poison,
10637,12438,Weapon,Poison,
10638,12439,Weapon,Explosives,
10639,12440,Weapon,Blunt Object,
10640,12441,Weapon,Explosives,
10641,12442,Weapon,Poison,
10642,12443,Weapon,Poison,
10643,12444,Weapon,Other,
10644,12445,Weapon,Explosives,
10645,12446,Weapon,Poison,
10646,12447,Weapon,Firearm,
10647,12448,Weapon,Explosives,
10648,12450,Weapon,Blunt Object,
10649,12451,Weapon,Blunt Object,
10650,12454,Weapon,Other,
10651,12455,Weapon,Firearm,
10652,12456,Weapon,Blunt Object,
10653,12457,Weapon,Poison,
10654,12458,Weapon,Knife,
10655,12459,Weapon,Blunt Object,
10656,12460,Weapon,Knife,
10657,12461,Weapon,Blunt Object,
10658,12462,Weapon,Other,
10659,12463,Weapon,Blunt Object,
10660,12464,Weapon,Other,
10661,12465,Weapon,Blunt Object,
10662,12466,Weapon,Other,
10663,12469,Weapon,Poison,
10664,12470,Weapon,Explosives,
10665,12471,Weapon,Poison,
10666,12472,Weapon,Other,
10667,12473,Weapon,Blunt Object,
10668,12474,Weapon,Firearm,
10669,12475,Weapon,Blunt Object,
10670,12476,Weapon,Blunt Object,
10671,12477,Weapon,Blunt Object,
10672,12478,Weapon,Blunt Object,
10673,12480,Weapon,Blunt Object,
10674,12481,Weapon,Explosives,
10675,12482,Weapon,Knife,
10676,12483,Weapon,Poison,
10677,12484,Weapon,Poison,
10678,12487,Weapon,Blunt Object,
10679,12488,Weapon,Poison,
10680,12489,Weapon,Explosives,
10681,12490,Weapon,Firearm,
10682,12491,Weapon,Firearm,
10683,12492,Weapon,Blunt Object,
10684,12493,Weapon,Knife,
10685,12494,Weapon,Firearm,
10686,12495,Weapon,Firearm,
10687,12496,Weapon,Poison,
10688,12497,Weapon,Firearm,
10689,12499,Weapon,Blunt Object,
10690,12501,Weapon,Blunt Object,
10691,12502,Weapon,Blunt Object,
10692,12503,Weapon,Other,
10693,12504,Weapon,Explosives,
10694,12505,Weapon,Poison,
10695,12506,Weapon,Poison,
10696,12508,Weapon,Knife,
10697,12509,Weapon,Other,
10698,12510,Weapon,Firearm,
10699,12512,Weapon,Other,
10700,12513,Weapon,Explosives,
10701,12514,Weapon,Poison,
10702,12516,Weapon,Blunt Object,
10703,12517,Weapon,Explosives,
10704,12518,Weapon,Poison,
10705,12519,Weapon,Firearm,
10706,12520,Weapon,Firearm,
10707,12521,Weapon,Explosives,
10708,12522,Weapon,Explosives,
10709,12523,Weapon,Poison,
10710,12524,Weapon,Blunt Object,
10711,12525,Weapon,Firearm,
10712,12526,Weapon,Knife,
10713,12527,Weapon,Poison,
10714,12528,Weapon,Firearm,
10715,12529,Weapon,Knife,
10716,12530,Weapon,Poison,
10717,12531,Weapon,Knife,
10718,12532,Weapon,Firearm,
10719,12533,Weapon,Poison,
10720,12535,Weapon,Blunt Object,
10721,12537,Weapon,Knife,
10722,12538,Weapon,Blunt Object,
10723,12540,Weapon,Explosives,
10724,12541,Weapon,Poison,
10725,12542,Weapon,Firearm,
10726,12543,Weapon,Poison,
10727,12544,Weapon,Blunt Object,
10728,12545,Weapon,Poison,
10729,12546,Weapon,Firearm,
10730,12547,Weapon,Other,
10731,12548,Weapon,Poison,
10732,12550,Weapon,Blunt Object,
10733,12551,Weapon,Poison,
10734,12552,Weapon,Other,
10735,12553,Weapon,Explosives,
10736,12554,Weapon,Other,
10737,12555,Weapon,Knife,
10738,12557,Weapon,Firearm,
10739,12558,Weapon,Knife,
10740,12559,Weapon,Knife,
10741,12560,Weapon,Firearm,
10742,12561,Weapon,Explosives,
10743,12562,Weapon,Knife,
10744,12563,Weapon,Blunt Object,
10745,12564,Weapon,Poison,
10746,12565,Weapon,Poison,
10747,12566,Weapon,Other,
10748,12567,Weapon,Knife,
10749,12568,Weapon,Poison,
10750,12569,Weapon,Explosives,
10751,12570,Weapon,Explosives,
10752,12571,Weapon,Other,
10753,12572,Weapon,Explosives,
10754,12573,Weapon,Explosives,
10755,12574,Weapon,Knife,
10756,12576,Weapon,Other,
10757,12577,Weapon,Knife,
10758,12578,Weapon,Other,
10759,12581,Weapon,Explosives,
10760,12582,Weapon,Other,
10761,12583,Weapon,Knife,
10762,12585,Weapon,Blunt Object,
10763,12586,Weapon,Explosives,
10764,12587,Weapon,Explosives,
10765,12588,Weapon,Blunt Object,
10766,12589,Weapon,Explosives,
10767,12590,Weapon,Knife,
10768,12591,Weapon,Poison,
10769,12592,Weapon,Firearm,
10770,12593,Weapon,Knife,
10771,12594,Weapon,Blunt Object,
10772,12595,Weapon,Blunt Object,
10773,12596,Weapon,Other,
10774,12597,Weapon,Other,
10775,12598,Weapon,Explosives,
10776,12599,Weapon,Explosives,
10777,12600,Weapon,Other,
10778,12601,Weapon,Blunt Object,
10779,12602,Weapon,Knife,
10780,12603,Weapon,Firearm,
10781,12604,Weapon,Poison,
10782,12605,Weapon,Knife,
10783,12606,Weapon,Poison,
10784,12607,Weapon,Explosives,
10785,12608,Weapon,Knife,
10786,12609,Weapon,Poison,
10787,12610,Weapon,Explosives,
10788,12611,Weapon,Explosives,
10789,12614,Weapon,Other,
10790,12615,Weapon,Poison,
10791,12616,Weapon,Knife,
10792,12617,Weapon,Poison,
10793,12618,Weapon,Explosives,
10794,12619,Weapon,Poison,
10795,12620,Weapon,Poison,
10796,12621,Weapon,Explosives,
10797,12622,Weapon,Explosives,
10798,12623,Weapon,Other,
10799,12624,Weapon,Explosives,
10800,12625,Weapon,Firearm,
10801,12626,Weapon,Poison,
10802,12627,Weapon,Explosives,
10803,12628,Weapon,Knife,
10804,12629,Weapon,Knife,
10805,12630,Weapon,Firearm,
10806,12631,Weapon,Poison,
10807,12632,Weapon,Blunt Object,
10808,12633,Weapon,Other,
10809,12634,Weapon,Other,
10810,12635,Weapon,Other,
10811,12636,Weapon,Explosives,
10812,12637,Weapon,Blunt Object,
10813,12639,Weapon,Firearm,
10814,12640,Weapon,Explosives,
10815,12641,Weapon,Explosives,
10816,12642,Weapon,Poison,
10817,12644,Weapon,Other,
10818,12645,Weapon,Poison,
10819,12646,Weapon,Explosives,
10820,12647,Weapon,Blunt Object,
10821,12648,Weapon,Firearm,
10822,12649,Weapon,Firearm,
10823,12650,Weapon,Firearm,
10824,12651,Weapon,Knife,
10825,12652,Weapon,Other,
10826,12653,Weapon,Other,
10827,12654,Weapon,Knife,
10828,12656,Weapon,Firearm,
10829,12657,Weapon,Firearm,
10830,12658,Weapon,Other,
10831,12660,Weapon,Firearm,
10832,12661,Weapon,Blunt Object,
10833,12662,Weapon,Explosives,
10834,12663,Weapon,Firearm,
10835,12664,Weapon,Knife,
10836,12665,Weapon,Explosives,
10837,12666,Weapon,Poison,
10838,12667,Weapon,Blunt Object,
10839,12668,Weapon,Poison,
10840,12670,Weapon,Explosives,
10841,12671,Weapon,Blunt Object,
10842,12672,Weapon,Poison,
10843,12673,Weapon,Knife,
10844,12676,Weapon,Other,
10845,12677,Weapon,Poison,
10846,12679,Weapon,Poison,
10847,12680,Weapon,Knife,
10848,12681,Weapon,Poison,
10849,12682,Weapon,Blunt Object,
10850,12683,Weapon,Poison,
10851,12684,Weapon,Explosives,
10852,12686,Weapon,Knife,
10853,12687,Weapon,Blunt Object,
10854,12688,Weapon,Explosives,
10855,12689,Weapon,Firearm,
10856,12690,Weapon,Blunt Object,
10857,12693,Weapon,Other,
10858,12694,Weapon,Blunt Object,
10859,12695,Weapon,Firearm,
10860,12696,Weapon,Blunt Object,
10861,12697,Weapon,Firearm,
10862,12698,Weapon,Knife,
10863,12699,Weapon,Other,
10864,12700,Weapon,Poison,
10865,12701,Weapon,Knife,
10866,12702,Weapon,Firearm,
10867,12703,Weapon,Explosives,
10868,12704,Weapon,Firearm,
10869,12705,Weapon,Blunt Object,
10870,12706,Weapon,Blunt Object,
10871,12708,Weapon,Poison,
10872,12709,Weapon,Explosives,
10873,12710,Weapon,Knife,
10874,12711,Weapon,Blunt Object,
10875,12712,Weapon,Poison,
10876,12714,Weapon,Firearm,
10877,12715,Weapon,Knife,
10878,12716,Weapon,Firearm,
10879,12717,Weapon,Poison,
10880,12718,Weapon,Explosives,
10881,12719,Weapon,Explosives,
10882,12720,Weapon,Knife,
10883,12723,Weapon,Explosives,
10884,12724,Weapon,Poison,
10885,12725,Weapon,Other,
10886,12728,Weapon,Firearm,
10887,12729,Weapon,Knife,
10888,12730,Weapon,Other,
10889,12731,Weapon,Blunt Object,
10890,12732,Weapon,Blunt Object,
10891,12733,Weapon,Firearm,
10892,12734,Weapon,Firearm,
10893,12735,Weapon,Explosives,
10894,12736,Weapon,Poison,
10895,12737,Weapon,Poison,
10896,12738,Weapon,Explosives,
10897,12739,Weapon,Poison,
10898,12740,Weapon,Other,
10899,12741,Weapon,Other,
10900,12742,Weapon,Explosives,
10901,12743,Weapon,Firearm,
10902,12744,Weapon,Firearm,
10903,12745,Weapon,Knife,
10904,12746,Weapon,Firearm,
10905,12748,Weapon,Poison,
10906,12749,Weapon,Other,
10907,12750,Weapon,Poison,
10908,12751,Weapon,Poison,
10909,12752,Weapon,Knife,
10910,12753,Weapon,Explosives,
10911,12754,Weapon,Firearm,
10912,12757,Weapon,Poison,
10913,12758,Weapon,Knife,
10914,12760,Weapon,Firearm,
10915,12761,Weapon,Firearm,
10916,12762,Weapon,Explosives,
10917,12763,Weapon,Knife,
10918,12765,Weapon,Poison,
10919,12766,Weapon,Firearm,
10920,12767,Weapon,Blunt Object,
10921,12768,Weapon,Explosives,
10922,12769,Weapon,Blunt Object,
10923,12770,Weapon,Knife,
10924,12771,Weapon,Blunt Object,
10925,12772,Weapon,Knife,
10926,12773,Weapon,Knife,
10927,12774,Weapon,Explosives,
10928,12775,Weapon,Firearm,
10929,12777,Weapon,Knife,
10930,12778,Weapon,Firearm,
10931,12780,Weapon,Poison,
10932,12781,Weapon,Poison,
10933,12782,Weapon,Poison,
10934,12783,Weapon,Other,
10935,12784,Weapon,Other,
10936,12785,Weapon,Poison,
10937,12786,Weapon,Other,
10938,12787,Weapon,Firearm,
10939,12788,Weapon,Poison,
10940,12789,Weapon,Knife,
10941,12790,Weapon,Firearm,
10942,12791,Weapon,Other,
10943,12792,Weapon,Other,
10944,12793,Weapon,Blunt Object,
10945,12794,Weapon,Blunt Object,
10946,12796,Weapon,Firearm,
10947,12797,Weapon,Other,
10948,12799,Weapon,Knife,
10949,12800,Weapon,Blunt Object,
10950,12801,Weapon,Blunt Object,
10951,12802,Weapon,Other,
10952,12803,Weapon,Explosives,
10953,12804,Weapon,Knife,
10954,12805,Weapon,Explosives,
10955,12806,Weapon,Firearm,
10956,12807,Weapon,Explosives,
10957,12808,Weapon,Poison,
10958,12809,Weapon,Explosives,
10959,12810,Weapon,Other,
10960,12811,Weapon,Blunt Object,
10961,12812,Weapon,Explosives,
10962,12813,Weapon,Other,
10963,12814,Weapon,Other,
10964,12815,Weapon,Firearm,
10965,12816,Weapon,Explosives,
10966,12817,Weapon,Blunt Object,
10967,12818,Weapon,Other,
10968,12819,Weapon,Blunt Object,
10969,12820,Weapon,Blunt Object,
10970,12821,Weapon,Knife,
10971,12822,Weapon,Explosives,
10972,12823,Weapon,Blunt Object,
10973,12825,Weapon,Firearm,
10974,12826,Weapon,Other,
10975,12827,Weapon,Knife,
10976,12829,Weapon,Firearm,
10977,12830,Weapon,Other,
10978,12831,Weapon,Explosives,
10979,12832,Weapon,Blunt Object,
10980,12833,Weapon,Poison,
10981,12834,Weapon,Blunt Object,
10982,12836,Weapon,Other,
10983,12837,Weapon,Other,
10984,12839,Weapon,Other,
10985,12840,Weapon,Other,
10986,12841,Weapon,Poison,
10987,12842,Weapon,Blunt Object,
10988,12843,Weapon,Blunt Object,
10989,12844,Weapon,Knife,
10990,12845,Weapon,Firearm,
10991,12846,Weapon,Knife,
10992,12847,Weapon,Explosives,
10993,12848,Weapon,Blunt Object,
10994,12849,Weapon,Knife,
10995,12850,Weapon,Poison,
10996,12851,Weapon,Firearm,
10997,12852,Weapon,Explosives,
10998,12853,Weapon,Firearm,
10999,12854,Weapon,Poison,
11000,12855,Weapon,Poison,
11001,12856,Weapon,Other,
11002,12857,Weapon,Knife,
11003,12858,Weapon,Explosives,
11004,12859,Weapon,Blunt Object,
11005,12860,Weapon,Poison,
11006,12861,Weapon,Knife,
11007,12862,Weapon,Poison,
11008,12863,Weapon,Knife,
11009,12864,Weapon,Knife,
11010,12865,Weapon,Blunt Object,
11011,12866,Weapon,Firearm,
11012,12867,Weapon,Poison,
11013,12868,Weapon,Blunt Object,
11014,12869,Weapon,Firearm,
11015,12870,Weapon,Blunt Object,
11016,12871,Weapon,Explosives,
11017,12872,Weapon,Knife,
11018,12873,Weapon,Other,
11019,12874,Weapon,Firearm,
11020,12875,Weapon,Poison,
11021,12876,Weapon,Knife,
11022,12877,Weapon,Knife,
11023,12878,Weapon,Other,
11024,12879,Weapon,Explosives,
11025,12880,Weapon,Explosives,
11026,12881,Weapon,Firearm,
11027,12882,Weapon,Firearm,
11028,12884,Weapon,Other,
11029,12885,Weapon,Firearm,
11030,12886,Weapon,Other,
11031,12887,Weapon,Blunt Object,
11032,12888,Weapon,Firearm,
11033,12889,Weapon,Blunt Object,
11034,12890,Weapon,Poison,
11035,12891,Weapon,Other,
11036,12892,Weapon,Firearm,
11037,12893,Weapon,Firearm,
11038,12894,Weapon,Knife,
11039,12895,Weapon,Poison,
11040,12896,Weapon,Poison,
11041,12897,Weapon,Firearm,
11042,12898,Weapon,Firearm,
11043,12899,Weapon,Blunt Object,
11044,12900,Weapon,Other,
11045,12901,Weapon,Blunt Object,
11046,12903,Weapon,Knife,
11047,12904,Weapon,Other,
11048,12905,Weapon,Explosives,
11049,12906,Weapon,Knife,
11050,12907,Weapon,Blunt Object,
11051,12908,Weapon,Other,
11052,12909,Weapon,Firearm,
11053,12910,Weapon,Other,
11054,12911,Weapon,Other,
11055,12912,Weapon,Poison,
11056,12913,Weapon,Firearm,
11057,12914,Weapon,Poison,
11058,12915,Weapon,Knife,
11059,12916,Weapon,Other,
11060,12917,Weapon,Firearm,
11061,12918,Weapon,Knife,
11062,12919,Weapon,Firearm,
11063,12920,Weapon,Explosives,
11064,12921,Weapon,Explosives,
11065,12922,Weapon,Blunt Object,
11066,12923,Weapon,Other,
11067,12924,Weapon,Other,
11068,12925,Weapon,Blunt Object,
11069,12928,Weapon,Blunt Object,
11070,12929,Weapon,Knife,
11071,12930,Weapon,Firearm,
11072,12931,Weapon,Explosives,
11073,12932,Weapon,Explosives,
11074,12933,Weapon,Other,
11075,12934,Weapon,Knife,
11076,12935,Weapon,Poison,
11077,12936,Weapon,Explosives,
11078,12937,Weapon,Blunt Object,
11079,12938,Weapon,Firearm,
11080,12939,Weapon,Other,
11081,12941,Weapon,Knife,
11082,12942,Weapon,Explosives,
11083,12943,Weapon,Other,
11084,12946,Weapon,Firearm,
11085,12948,Weapon,Knife,
11086,12949,Weapon,Other,
11087,12950,Weapon,Other,
11088,12951,Weapon,Explosives,
11089,12952,Weapon,Explosives,
11090,12953,Weapon,Blunt Object,
11091,12954,Weapon,Other,
11092,12955,Weapon,Blunt Object,
11093,12956,Weapon,Firearm,
11094,12957,Weapon,Other,
11095,12959,Weapon,Poison,
11096,12960,Weapon,Poison,
11097,12961,Weapon,Explosives,
11098,12962,Weapon,Blunt Object,
11099,12963,Weapon,Blunt Object,
11100,12964,Weapon,Other,
11101,12965,Weapon,Other,
11102,12968,Weapon,Other,
11103,12969,Weapon,Firearm,
11104,12970,Weapon,Firearm,
11105,12971,Weapon,Explosives,
11106,12973,Weapon,Blunt Object,
11107,12974,Weapon,Other,
11108,12975,Weapon,Blunt Object,
11109,12976,Weapon,Knife,
11110,12978,Weapon,Other,
11111,12979,Weapon,Explosives,
11112,12980,Weapon,Explosives,
11113,12981,Weapon,Blunt Object,
11114,12982,Weapon,Other,
11115,12983,Weapon,Poison,
11116,12984,Weapon,Blunt Object,
11117,12985,Weapon,Other,
11118,12986,Weapon,Knife,
11119,12987,Weapon,Poison,
11120,12989,Weapon,Firearm,
11121,12990,Weapon,Explosives,
11122,12991,Weapon,Knife,
11123,12993,Weapon,Poison,
11124,12994,Weapon,Knife,
11125,12998,Weapon,Firearm,
11126,12999,Weapon,Explosives,
11127,13000,Weapon,Firearm,
11128,13001,Weapon,Firearm,
11129,13002,Weapon,Other,
11130,13003,Weapon,Explosives,
11131,13006,Weapon,Knife,
11132,13008,Weapon,Firearm,
11133,13009,Weapon,Knife,
11134,13010,Weapon,Firearm,
11135,13011,Weapon,Knife,
11136,13012,Weapon,Blunt Object,
11137,13013,Weapon,Other,
11138,13014,Weapon,Firearm,
11139,13015,Weapon,Poison,
11140,13016,Weapon,Other,
11141,13017,Weapon,Knife,
11142,13018,Weapon,Blunt Object,
11143,13019,Weapon,Other,
11144,13020,Weapon,Explosives,
11145,13021,Weapon,Blunt Object,
11146,13023,Weapon,Knife,
11147,13024,Weapon,Explosives,
11148,13025,Weapon,Blunt Object,
11149,13026,Weapon,Firearm,
11150,13027,Weapon,Poison,
11151,13029,Weapon,Other,
11152,13030,Weapon,Firearm,
11153,13031,Weapon,Knife,
11154,13032,Weapon,Knife,
11155,13033,Weapon,Knife,
11156,13034,Weapon,Other,
11157,13035,Weapon,Knife,
11158,13037,Weapon,Blunt Object,
11159,13038,Weapon,Other,
11160,13039,Weapon,Knife,
11161,13040,Weapon,Poison,
11162,13041,Weapon,Firearm,
11163,13042,Weapon,Knife,
11164,13043,Weapon,Blunt Object,
11165,13044,Weapon,Other,
11166,13045,Weapon,Other,
11167,13047,Weapon,Blunt Object,
11168,13048,Weapon,Other,
11169,13049,Weapon,Knife,
11170,13050,Weapon,Knife,
11171,13051,Weapon,Blunt Object,
11172,13052,Weapon,Blunt Object,
11173,13053,Weapon,Firearm,
11174,13054,Weapon,Knife,
11175,13055,Weapon,Firearm,
11176,13057,Weapon,Firearm,
11177,13058,Weapon,Firearm,
11178,13059,Weapon,Knife,
11179,13060,Weapon,Blunt Object,
11180,13062,Weapon,Poison,
11181,13063,Weapon,Other,
11182,13065,Weapon,Explosives,
11183,13066,Weapon,Poison,
11184,13068,Weapon,Blunt Object,
11185,13069,Weapon,Firearm,
11186,13070,Weapon,Knife,
11187,13072,Weapon,Other,
11188,13073,Weapon,Knife,
11189,13074,Weapon,Firearm,
11190,13075,Weapon,Other,
11191,13076,Weapon,Other,
11192,13077,Weapon,Explosives,
11193,13078,Weapon,Blunt Object,
11194,13079,Weapon,Explosives,
11195,13081,Weapon,Explosives,
11196,13082,Weapon,Explosives,
11197,13083,Weapon,Other,
11198,13085,Weapon,Blunt Object,
11199,13086,Weapon,Other,
11200,13087,Weapon,Firearm,
11201,13088,Weapon,Other,
11202,13090,Weapon,Other,
11203,13091,Weapon,Blunt Object,
11204,13092,Weapon,Firearm,
11205,13095,Weapon,Knife,
11206,13096,Weapon,Firearm,
11207,13097,Weapon,Knife,
11208,13098,Weapon,Knife,
11209,13100,Weapon,Other,
11210,13101,Weapon,Other,
11211,13102,Weapon,Blunt Object,
11212,13103,Weapon,Knife,
11213,13104,Weapon,Explosives,
11214,13106,Weapon,Knife,
11215,13107,Weapon,Poison,
11216,13108,Weapon,Explosives,
11217,13110,Weapon,Poison,
11218,13111,Weapon,Blunt Object,
11219,13112,Weapon,Poison,
11220,13113,Weapon,Poison,
11221,13114,Weapon,Other,
11222,13115,Weapon,Poison,
11223,13117,Weapon,Firearm,
11224,13118,Weapon,Knife,
11225,13119,Weapon,Explosives,
11226,13120,Weapon,Explosives,
11227,13121,Weapon,Firearm,
11228,13122,Weapon,Firearm,
11229,13123,Weapon,Poison,
11230,13124,Weapon,Knife,
11231,13125,Weapon,Firearm,
11232,13126,Weapon,Blunt Object,
11233,13128,Weapon,Poison,
11234,13129,Weapon,Knife,
11235,13130,Weapon,Knife,
11236,13131,Weapon,Other,
11237,13132,Weapon,Firearm,
11238,13133,Weapon,Knife,
11239,13134,Weapon,Other,
11240,13135,Weapon,Explosives,
11241,13136,Weapon,Firearm,
11242,13137,Weapon,Firearm,
11243,13140,Weapon,Poison,
11244,13141,Weapon,Explosives,
11245,13142,Weapon,Other,
11246,13143,Weapon,Explosives,
11247,13144,Weapon,Poison,
11248,13145,Weapon,Poison,
11249,13146,Weapon,Knife,
11250,13147,Weapon,Poison,
11251,13148,Weapon,Knife,
11252,13150,Weapon,Knife,
11253,13151,Weapon,Blunt Object,
11254,13153,Weapon,Blunt Object,
11255,13154,Weapon,Poison,
11256,13156,Weapon,Blunt Object,
11257,13158,Weapon,Poison,
11258,13159,Weapon,Firearm,
11259,13160,Weapon,Other,
11260,13161,Weapon,Firearm,
11261,13162,Weapon,Firearm,
11262,13163,Weapon,Blunt Object,
11263,13165,Weapon,Explosives,
11264,13166,Weapon,Blunt Object,
11265,13167,Weapon,Firearm,
11266,13168,Weapon,Explosives,
11267,13170,Weapon,Other,
11268,13171,Weapon,Firearm,
11269,13172,Weapon,Blunt Object,
11270,13174,Weapon,Other,
11271,13175,Weapon,Explosives,
11272,13176,Weapon,Blunt Object,
11273,13177,Weapon,Other,
11274,13178,Weapon,Poison,
11275,13179,Weapon,Firearm,
11276,13180,Weapon,Firearm,
11277,13181,Weapon,Knife,
11278,13182,Weapon,Blunt Object,
11279,13183,Weapon,Knife,
11280,13184,Weapon,Poison,
11281,13185,Weapon,Poison,
11282,13186,Weapon,Knife,
11283,13187,Weapon,Poison,
11284,13188,Weapon,Explosives,
11285,13189,Weapon,Firearm,
11286,13191,Weapon,Other,
11287,13192,Weapon,Poison,
11288,13194,Weapon,Blunt Object,
11289,13195,Weapon,Other,
11290,13196,Weapon,Other,
11291,13197,Weapon,Knife,
11292,13198,Weapon,Blunt Object,
11293,13199,Weapon,Poison,
11294,13200,Weapon,Firearm,
11295,13201,Weapon,Poison,
11296,13202,Weapon,Poison,
11297,13203,Weapon,Explosives,
11298,13204,Weapon,Blunt Object,
11299,13205,Weapon,Other,
11300,13206,Weapon,Poison,
11301,13207,Weapon,Poison,
11302,13208,Weapon,Blunt Object,
11303,13209,Weapon,Explosives,
11304,13211,Weapon,Explosives,
11305,13212,Weapon,Firearm,
11306,13213,Weapon,Explosives,
11307,13214,Weapon,Knife,
11308,13215,Weapon,Firearm,
11309,13218,Weapon,Explosives,
11310,13219,Weapon,Poison,
11311,13220,Weapon,Firearm,
11312,13221,Weapon,Knife,
11313,13222,Weapon,Other,
11314,13224,Weapon,Poison,
11315,13226,Weapon,Knife,
11316,13228,Weapon,Blunt Object,
11317,13231,Weapon,Firearm,
11318,13232,Weapon,Knife,
11319,13234,Weapon,Knife,
11320,13235,Weapon,Blunt Object,
11321,13236,Weapon,Knife,
11322,13237,Weapon,Poison,
11323,13238,Weapon,Other,
11324,13239,Weapon,Knife,
11325,13240,Weapon,Blunt Object,
11326,13242,Weapon,Blunt Object,
11327,13243,Weapon,Blunt Object,
11328,13244,Weapon,Firearm,
11329,13245,Weapon,Poison,
11330,13246,Weapon,Other,
11331,13247,Weapon,Other,
11332,13248,Weapon,Firearm,
11333,13249,Weapon,Explosives,
11334,13250,Weapon,Firearm,
11335,13252,Weapon,Firearm,
11336,13253,Weapon,Firearm,
11337,13254,Weapon,Knife,
11338,13255,Weapon,Blunt Object,
11339,13256,Weapon,Other,
11340,13257,Weapon,Knife,
11341,13258,Weapon,Poison,
11342,13259,Weapon,Firearm,
11343,13260,Weapon,Explosives,
11344,13261,Weapon,Blunt Object,
11345,13262,Weapon,Poison,
11346,13263,Weapon,Explosives,
11347,13264,Weapon,Firearm,
11348,13266,Weapon,Blunt Object,
11349,13267,Weapon,Firearm,
11350,13268,Weapon,Explosives,
11351,13269,Weapon,Firearm,
11352,13270,Weapon,Blunt Object,
11353,13271,Weapon,Blunt Object,
11354,13272,Weapon,Other,
11355,13274,Weapon,Knife,
11356,13275,Weapon,Explosives,
11357,13276,Weapon,Explosives,
11358,13277,Weapon,Poison,
11359,13279,Weapon,Blunt Object,
11360,13280,Weapon,Explosives,
11361,13281,Weapon,Firearm,
11362,13282,Weapon,Blunt Object,
11363,13283,Weapon,Blunt Object,
11364,13284,Weapon,Other,
11365,13285,Weapon,Knife,
11366,13286,Weapon,Explosives,
11367,13287,Weapon,Knife,
11368,13288,Weapon,Knife,
11369,13289,Weapon,Blunt Object,
11370,13290,Weapon,Firearm,
11371,13291,Weapon,Other,
11372,13292,Weapon,Poison,
11373,13293,Weapon,Firearm,
11374,13294,Weapon,Knife,
11375,13295,Weapon,Knife,
11376,13296,Weapon,Knife,
11377,13297,Weapon,Knife,
11378,13300,Weapon,Blunt Object,
11379,13302,Weapon,Blunt Object,
11380,13304,Weapon,Knife,
11381,13305,Weapon,Explosives,
11382,13306,Weapon,Explosives,
11383,13307,Weapon,Knife,
11384,13308,Weapon,Poison,
11385,13309,Weapon,Knife,
11386,13310,Weapon,Poison,
11387,13311,Weapon,Firearm,
11388,13312,Weapon,Other,
11389,13313,Weapon,Firearm,
11390,13314,Weapon,Knife,
11391,13315,Weapon,Knife,
11392,13316,Weapon,Other,
11393,13317,Weapon,Blunt Object,
11394,13318,Weapon,Poison,
11395,13319,Weapon,Explosives,
11396,13320,Weapon,Other,
11397,13321,Weapon,Poison,
11398,13322,Weapon,Firearm,
11399,13323,Weapon,Blunt Object,
11400,13324,Weapon,Knife,
11401,13325,Weapon,Poison,
11402,13326,Weapon,Blunt Object,
11403,13327,Weapon,Knife,
11404,13328,Weapon,Explosives,
11405,13329,Weapon,Other,
11406,13330,Weapon,Firearm,
11407,13331,Weapon,Knife,
11408,13332,Weapon,Firearm,
11409,13333,Weapon,Firearm,
11410,13334,Weapon,Firearm,
11411,13336,Weapon,Poison,
11412,13337,Weapon,Firearm,
11413,13338,Weapon,Explosives,
11414,13339,Weapon,Other,
11415,13340,Weapon,Blunt Object,
11416,13341,Weapon,Firearm,
11417,13342,Weapon,Knife,
11418,13343,Weapon,Poison,
11419,13344,Weapon,Explosives,
11420,13345,Weapon,Firearm,
11421,13346,Weapon,Explosives,
11422,13347,Weapon,Poison,
11423,13348,Weapon,Knife,
11424,13350,Weapon,Knife,
11425,13351,Weapon,Explosives,
11426,13352,Weapon,Blunt Object,
11427,13353,Weapon,Explosives,
11428,13354,Weapon,Blunt Object,
11429,13355,Weapon,Knife,
11430,13356,Weapon,Blunt Object,
11431,13357,Weapon,Firearm,
11432,13358,Weapon,Blunt Object,
11433,13359,Weapon,Poison,
11434,13360,Weapon,Firearm,
11435,13361,Weapon,Blunt Object,
11436,13362,Weapon,Firearm,
11437,13363,Weapon,Firearm,
11438,13364,Weapon,Firearm,
11439,13366,Weapon,Explosives,
11440,13367,Weapon,Explosives,
11441,13368,Weapon,Knife,
11442,13369,Weapon,Poison,
11443,13370,Weapon,Poison,
11444,13371,Weapon,Knife,
11445,13372,Weapon,Blunt Object,
11446,13373,Weapon,Firearm,
11447,13374,Weapon,Poison,
11448,13375,Weapon,Firearm,
11449,13376,Weapon,Poison,
11450,13377,Weapon,Knife,
11451,13378,Weapon,Other,
11452,13379,Weapon,Poison,
11453,13380,Weapon,Poison,
11454,13381,Weapon,Other,
11455,13383,Weapon,Other,
11456,13384,Weapon,Other,
11457,13385,Weapon,Knife,
11458,13386,Weapon,Explosives,
11459,13387,Weapon,Explosives,
11460,13388,Weapon,Blunt Object,
11461,13389,Weapon,Blunt Object,
11462,13390,Weapon,Blunt Object,
11463,13391,Weapon,Explosives,
11464,13392,Weapon,Poison,
11465,13394,Weapon,Poison,
11466,13395,Weapon,Blunt Object,
11467,13396,Weapon,Explosives,
11468,13397,Weapon,Knife,
11469,13398,Weapon,Other,
11470,13399,Weapon,Poison,
11471,13400,Weapon,Poison,
11472,13401,Weapon,Other,
11473,13402,Weapon,Blunt Object,
11474,13403,Weapon,Poison,
11475,13404,Weapon,Other,
11476,13405,Weapon,Knife,
11477,13406,Weapon,Firearm,
11478,13409,Weapon,Other,
11479,13410,Weapon,Blunt Object,
11480,13411,Weapon,Explosives,
11481,13412,Weapon,Knife,
11482,13413,Weapon,Firearm,
11483,13415,Weapon,Blunt Object,
11484,13416,Weapon,Knife,
11485,13417,Weapon,Firearm,
11486,13418,Weapon,Explosives,
11487,13420,Weapon,Firearm,
11488,13421,Weapon,Firearm,
11489,13422,Weapon,Blunt Object,
11490,13423,Weapon,Other,
11491,13424,Weapon,Other,
11492,13425,Weapon,Other,
11493,13426,Weapon,Explosives,
11494,13427,Weapon,Knife,
11495,13429,Weapon,Poison,
11496,13430,Weapon,Knife,
11497,13431,Weapon,Other,
11498,13432,Weapon,Blunt Object,
11499,13433,Weapon,Firearm,
11500,13434,Weapon,Firearm,
11501,13435,Weapon,Explosives,
11502,13436,Weapon,Other,
11503,13437,Weapon,Explosives,
11504,13439,Weapon,Firearm,
11505,13440,Weapon,Firearm,
11506,13442,Weapon,Firearm,
11507,13443,Weapon,Other,
11508,13444,Weapon,Poison,
11509,13445,Weapon,Poison,
11510,13446,Weapon,Explosives,
11511,13447,Weapon,Explosives,
11512,13448,Weapon,Other,
11513,13449,Weapon,Poison,
11514,13450,Weapon,Blunt Object,
11515,13453,Weapon,Knife,
11516,13454,Weapon,Firearm,
11517,13455,Weapon,Other,
11518,13456,Weapon,Firearm,
11519,13457,Weapon,Poison,
11520,13459,Weapon,Knife,
11521,13461,Weapon,Firearm,
11522,13462,Weapon,Other,
11523,13463,Weapon,Explosives,
11524,13464,Weapon,Poison,
11525,13465,Weapon,Poison,
11526,13467,Weapon,Other,
11527,13469,Weapon,Firearm,
11528,13470,Weapon,Knife,
11529,13471,Weapon,Other,
11530,13472,Weapon,Knife,
11531,13474,Weapon,Knife,
11532,13475,Weapon,Knife,
11533,13477,Weapon,Poison,
11534,13478,Weapon,Firearm,
11535,13479,Weapon,Knife,
11536,13481,Weapon,Poison,
11537,13482,Weapon,Other,
11538,13483,Weapon,Firearm,
11539,13484,Weapon,Firearm,
11540,13485,Weapon,Explosives,
11541,13486,Weapon,Other,
11542,13487,Weapon,Firearm,
11543,13488,Weapon,Firearm,
11544,13489,Weapon,Blunt Object,
11545,13490,Weapon,Poison,
11546,13491,Weapon,Knife,
11547,13492,Weapon,Poison,
11548,13493,Weapon,Blunt Object,
11549,13494,Weapon,Poison,
11550,13495,Weapon,Other,
11551,13496,Weapon,Firearm,
11552,13497,Weapon,Poison,
11553,13498,Weapon,Explosives,
11554,13500,Weapon,Poison,
11555,13501,Weapon,Blunt Object,
11556,13502,Weapon,Blunt Object,
11557,13503,Weapon,Firearm,
11558,13504,Weapon,Firearm,
11559,13505,Weapon,Knife,
11560,13507,Weapon,Other,
11561,13508,Weapon,Knife,
11562,13509,Weapon,Other,
11563,13510,Weapon,Explosives,
11564,13511,Weapon,Firearm,
11565,13512,Weapon,Knife,
11566,13513,Weapon,Explosives,
11567,13514,Weapon,Explosives,
11568,13515,Weapon,Explosives,
11569,13517,Weapon,Blunt Object,
11570,13518,Weapon,Other,
11571,13519,Weapon,Poison,
11572,13520,Weapon,Explosives,
11573,13521,Weapon,Firearm,
11574,13522,Weapon,Blunt Object,
11575,13523,Weapon,Other,
11576,13524,Weapon,Other,
11577,13527,Weapon,Knife,
11578,13528,Weapon,Other,
11579,13529,Weapon,Explosives,
11580,13530,Weapon,Other,
11581,13532,Weapon,Poison,
11582,13533,Weapon,Knife,
11583,13534,Weapon,Other,
11584,13535,Weapon,Other,
11585,13537,Weapon,Knife,
11586,13539,Weapon,Knife,
11587,13540,Weapon,Blunt Object,
11588,13541,Weapon,Poison,
11589,13542,Weapon,Poison,
11590,13543,Weapon,Other,
11591,13544,Weapon,Firearm,
11592,13545,Weapon,Explosives,
11593,13546,Weapon,Knife,
11594,13549,Weapon,Explosives,
11595,13550,Weapon,Blunt Object,
11596,13552,Weapon,Firearm,
11597,13553,Weapon,Knife,
11598,13554,Weapon,Firearm,
11599,13555,Weapon,Blunt Object,
11600,13559,Weapon,Blunt Object,
11601,13560,Weapon,Other,
11602,13561,Weapon,Blunt Object,
11603,13562,Weapon,Knife,
11604,13563,Weapon,Other,
11605,13564,Weapon,Explosives,
11606,13565,Weapon,Firearm,
11607,13566,Weapon,Poison,
11608,13568,Weapon,Blunt Object,
11609,13569,Weapon,Other,
11610,13570,Weapon,Knife,
11611,13571,Weapon,Other,
11612,13573,Weapon,Other,
11613,13574,Weapon,Poison,
11614,13575,Weapon,Other,
11615,13576,Weapon,Firearm,
11616,13577,Weapon,Blunt Object,
11617,13578,Weapon,Knife,
11618,13579,Weapon,Poison,
11619,13580,Weapon,Blunt Object,
11620,13581,Weapon,Poison,
11621,13582,Weapon,Firearm,
11622,13584,Weapon,Explosives,
11623,13585,Weapon,Explosives,
11624,13587,Weapon,Poison,
11625,13588,Weapon,Firearm,
11626,13589,Weapon,Explosives,
11627,13590,Weapon,Explosives,
11628,13593,Weapon,Explosives,
11629,13594,Weapon,Blunt Object,
11630,13595,Weapon,Poison,
11631,13597,Weapon,Other,
11632,13598,Weapon,Knife,
11633,13599,Weapon,Knife,
11634,13601,Weapon,Poison,
11635,13602,Weapon,Other,
11636,13604,Weapon,Firearm,
11637,13605,Weapon,Blunt Object,
11638,13606,Weapon,Blunt Object,
11639,13607,Weapon,Knife,
11640,13609,Weapon,Blunt Object,
11641,13610,Weapon,Firearm,
11642,13611,Weapon,Explosives,
11643,13612,Weapon,Firearm,
11644,13613,Weapon,Explosives,
11645,13614,Weapon,Blunt Object,
11646,13615,Weapon,Knife,
11647,13616,Weapon,Blunt Object,
11648,13617,Weapon,Explosives,
11649,13618,Weapon,Firearm,
11650,13619,Weapon,Knife,
11651,13621,Weapon,Knife,
11652,13622,Weapon,Explosives,
11653,13623,Weapon,Firearm,
11654,13625,Weapon,Firearm,
11655,13626,Weapon,Firearm,
11656,13627,Weapon,Other,
11657,13628,Weapon,Firearm,
11658,13629,Weapon,Knife,
11659,13630,Weapon,Explosives,
11660,13631,Weapon,Knife,
11661,13632,Weapon,Poison,
11662,13633,Weapon,Firearm,
11663,13634,Weapon,Poison,
11664,13635,Weapon,Blunt Object,
11665,13636,Weapon,Blunt Object,
11666,13637,Weapon,Blunt Object,
11667,13639,Weapon,Explosives,
11668,13640,Weapon,Explosives,
11669,13641,Weapon,Firearm,
11670,13642,Weapon,Firearm,
11671,13644,Weapon,Other,
11672,13646,Weapon,Knife,
11673,13647,Weapon,Blunt Object,
11674,13649,Weapon,Explosives,
11675,13650,Weapon,Firearm,
11676,13651,Weapon,Firearm,
11677,13652,Weapon,Other,
11678,13653,Weapon,Blunt Object,
11679,13654,Weapon,Other,
11680,13655,Weapon,Knife,
11681,13656,Weapon,Other,
11682,13657,Weapon,Explosives,
11683,13658,Weapon,Blunt Object,
11684,13659,Weapon,Firearm,
11685,13663,Weapon,Firearm,
11686,13664,Weapon,Knife,
11687,13665,Weapon,Firearm,
11688,13666,Weapon,Explosives,
11689,13667,Weapon,Firearm,
11690,13668,Weapon,Blunt Object,
11691,13669,Weapon,Explosives,
11692,13670,Weapon,Other,
11693,13671,Weapon,Other,
11694,13672,Weapon,Poison,
11695,13673,Weapon,Poison,
11696,13674,Weapon,Poison,
11697,13675,Weapon,Other,
11698,13676,Weapon,Firearm,
11699,13677,Weapon,Knife,
11700,13678,Weapon,Poison,
11701,13679,Weapon,Explosives,
11702,13680,Weapon,Explosives,
11703,13682,Weapon,Firearm,
11704,13683,Weapon,Other,
11705,13684,Weapon,Other,
11706,13685,Weapon,Explosives,
11707,13686,Weapon,Firearm,
11708,13687,Weapon,Explosives,
11709,13688,Weapon,Firearm,
11710,13691,Weapon,Explosives,
11711,13692,Weapon,Poison,
11712,13694,Weapon,Knife,
11713,13697,Weapon,Poison,
11714,13698,Weapon,Firearm,
11715,13699,Weapon,Other,
11716,13701,Weapon,Firearm,
11717,13702,Weapon,Explosives,
11718,13703,Weapon,Explosives,
11719,13704,Weapon,Explosives,
11720,13705,Weapon,Other,
11721,13706,Weapon,Explosives,
11722,13708,Weapon,Other,
11723,13709,Weapon,Knife,
11724,13710,Weapon,Other,
11725,13712,Weapon,Other,
11726,13713,Weapon,Poison,
11727,13714,Weapon,Explosives,
11728,13715,Weapon,Firearm,
11729,13716,Weapon,Knife,
11730,13717,Weapon,Poison,
11731,13718,Weapon,Firearm,
11732,13719,Weapon,Blunt Object,
11733,13720,Weapon,Knife,
11734,13721,Weapon,Poison,
11735,13722,Weapon,Blunt Object,
11736,13724,Weapon,Other,
11737,13725,Weapon,Blunt Object,
11738,13726,Weapon,Explosives,
11739,13727,Weapon,Explosives,
11740,13728,Weapon,Poison,
11741,13729,Weapon,Other,
11742,13730,Weapon,Other,
11743,13731,Weapon,Firearm,
11744,13732,Weapon,Knife,
11745,13733,Weapon,Other,
11746,13735,Weapon,Knife,
11747,13736,Weapon,Firearm,
11748,13737,Weapon,Other,
11749,13738,Weapon,Explosives,
11750,13739,Weapon,Explosives,
11751,13740,Weapon,Knife,
11752,13742,Weapon,Firearm,
11753,13743,Weapon,Poison,
11754,13744,Weapon,Other,
11755,13745,Weapon,Blunt Object,
11756,13746,Weapon,Firearm,
11757,13747,Weapon,Blunt Object,
11758,13749,Weapon,Knife,
11759,13750,Weapon,Explosives,
11760,13751,Weapon,Explosives,
11761,13752,Weapon,Firearm,
11762,13753,Weapon,Explosives,
11763,13755,Weapon,Poison,
11764,13756,Weapon,Blunt Object,
11765,13757,Weapon,Other,
11766,13758,Weapon,Other,
11767,13759,Weapon,Knife,
11768,13762,Weapon,Explosives,
11769,13763,Weapon,Explosives,
11770,13765,Weapon,Explosives,
11771,13766,Weapon,Blunt Object,
11772,13767,Weapon,Poison,
11773,13768,Weapon,Other,
11774,13769,Weapon,Explosives,
11775,13770,Weapon,Explosives,
11776,13771,Weapon,Blunt Object,
11777,13772,Weapon,Firearm,
11778,13773,Weapon,Knife,
11779,13774,Weapon,Knife,
11780,13775,Weapon,Firearm,
11781,13776,Weapon,Knife,
11782,13777,Weapon,Other,
11783,13778,Weapon,Poison,
11784,13779,Weapon,Other,
11785,13781,Weapon,Firearm,
11786,13782,Weapon,Knife,
11787,13783,Weapon,Explosives,
11788,13784,Weapon,Poison,
11789,13786,Weapon,Other,
11790,13787,Weapon,Other,
11791,13788,Weapon,Knife,
11792,13789,Weapon,Blunt Object,
11793,13790,Weapon,Other,
11794,13791,Weapon,Other,
11795,13793,Weapon,Explosives,
11796,13794,Weapon,Poison,
11797,13795,Weapon,Knife,
11798,13796,Weapon,Explosives,
11799,13797,Weapon,Firearm,
11800,13799,Weapon,Knife,
11801,13800,Weapon,Other,
11802,13801,Weapon,Firearm,
11803,13802,Weapon,Knife,
11804,13803,Weapon,Poison,
11805,13805,Weapon,Knife,
11806,13806,Weapon,Explosives,
11807,13807,Weapon,Blunt Object,
11808,13808,Weapon,Poison,
11809,13809,Weapon,Explosives,
11810,13810,Weapon,Explosives,
11811,13811,Weapon,Poison,
11812,13812,Weapon,Explosives,
11813,13813,Weapon,Poison,
11814,13814,Weapon,Poison,
11815,13815,Weapon,Other,
11816,13816,Weapon,Firearm,
11817,13817,Weapon,Other,
11818,13818,Weapon,Poison,
11819,13819,Weapon,Firearm,
11820,13820,Weapon,Explosives,
11821,13822,Weapon,Poison,
11822,13823,Weapon,Knife,
11823,13824,Weapon,Knife,
11824,13825,Weapon,Other,
11825,13826,Weapon,Explosives,
11826,13827,Weapon,Blunt Object,
11827,13828,Weapon,Firearm,
11828,13829,Weapon,Firearm,
11829,13830,Weapon,Knife,
11830,13831,Weapon,Firearm,
11831,13832,Weapon,Blunt Object,
11832,13833,Weapon,Firearm,
11833,13836,Weapon,Explosives,
11834,13837,Weapon,Other,
11835,13838,Weapon,Poison,
11836,13839,Weapon,Blunt Object,
11837,13841,Weapon,Poison,
11838,13842,Weapon,Other,
11839,13843,Weapon,Knife,
11840,13845,Weapon,Other,
11841,13848,Weapon,Explosives,
11842,13849,Weapon,Explosives,
11843,13850,Weapon,Blunt Object,
11844,13851,Weapon,Other,
11845,13852,Weapon,Blunt Object,
11846,13853,Weapon,Firearm,
11847,13854,Weapon,Explosives,
11848,13855,Weapon,Firearm,
11849,13856,Weapon,Firearm,
11850,13857,Weapon,Firearm,
11851,13858,Weapon,Knife,
11852,13859,Weapon,Other,
11853,13860,Weapon,Poison,
11854,13861,Weapon,Poison,
11855,13862,Weapon,Poison,
11856,13863,Weapon,Other,
11857,13864,Weapon,Blunt Object,
11858,13865,Weapon,Blunt Object,
11859,13866,Weapon,Poison,
11860,13867,Weapon,Knife,
11861,13868,Weapon,Poison,
11862,13869,Weapon,Blunt Object,
11863,13871,Weapon,Poison,
11864,13872,Weapon,Firearm,
11865,13873,Weapon,Explosives,
11866,13874,Weapon,Explosives,
11867,13875,Weapon,Knife,
11868,13877,Weapon,Explosives,
11869,13878,Weapon,Blunt Object,
11870,13879,Weapon,Knife,
11871,13881,Weapon,Firearm,
11872,13882,Weapon,Poison,
11873,13883,Weapon,Explosives,
11874,13884,Weapon,Explosives,
11875,13885,Weapon,Knife,
11876,13886,Weapon,Poison,
11877,13887,Weapon,Firearm,
11878,13888,Weapon,Explosives,
11879,13890,Weapon,Explosives,
11880,13891,Weapon,Blunt Object,
11881,13892,Weapon,Knife,
11882,13893,Weapon,Poison,
11883,13895,Weapon,Explosives,
11884,13896,Weapon,Knife,
11885,13899,Weapon,Explosives,
11886,13900,Weapon,Explosives,
11887,13901,Weapon,Explosives,
11888,13903,Weapon,Blunt Object,
11889,13904,Weapon,Knife,
11890,13905,Weapon,Firearm,
11891,13906,Weapon,Knife,
11892,13907,Weapon,Poison,
11893,13908,Weapon,Knife,
11894,13910,Weapon,Blunt Object,
11895,13911,Weapon,Other,
11896,13912,Weapon,Knife,
11897,13915,Weapon,Firearm,
11898,13917,Weapon,Knife,
11899,13918,Weapon,Other,
11900,13919,Weapon,Poison,
11901,13920,Weapon,Blunt Object,
11902,13921,Weapon,Knife,
11903,13923,Weapon,Blunt Object,
11904,13924,Weapon,Knife,
11905,13925,Weapon,Blunt Object,
11906,13927,Weapon,Knife,
11907,13928,Weapon,Other,
11908,13929,Weapon,Knife,
11909,13930,Weapon,Firearm,
11910,13931,Weapon,Firearm,
11911,13934,Weapon,Poison,
11912,13935,Weapon,Firearm,
11913,13936,Weapon,Blunt Object,
11914,13937,Weapon,Explosives,
11915,13939,Weapon,Poison,
11916,13940,Weapon,Other,
11917,13941,Weapon,Knife,
11918,13942,Weapon,Other,
11919,13943,Weapon,Blunt Object,
11920,13944,Weapon,Poison,
11921,13945,Weapon,Explosives,
11922,13946,Weapon,Knife,
11923,13947,Weapon,Other,
11924,13948,Weapon,Explosives,
11925,13949,Weapon,Blunt Object,
11926,13950,Weapon,Firearm,
11927,13951,Weapon,Explosives,
11928,13952,Weapon,Knife,
11929,13954,Weapon,Poison,
11930,13955,Weapon,Explosives,
11931,13956,Weapon,Explosives,
11932,13958,Weapon,Explosives,
11933,13959,Weapon,Explosives,
11934,13960,Weapon,Other,
11935,13961,Weapon,Other,
11936,13962,Weapon,Knife,
11937,13963,Weapon,Explosives,
11938,13964,Weapon,Firearm,
11939,13965,Weapon,Firearm,
11940,13966,Weapon,Poison,
11941,13967,Weapon,Firearm,
11942,13968,Weapon,Poison,
11943,13969,Weapon,Knife,
11944,13970,Weapon,Blunt Object,
11945,13971,Weapon,Blunt Object,
11946,13972,Weapon,Knife,
11947,13973,Weapon,Poison,
11948,13975,Weapon,Explosives,
11949,13976,Weapon,Firearm,
11950,13977,Weapon,Firearm,
11951,13978,Weapon,Poison,
11952,13979,Weapon,Other,
11953,13980,Weapon,Explosives,
11954,13981,Weapon,Blunt Object,
11955,13982,Weapon,Firearm,
11956,13983,Weapon,Explosives,
11957,13984,Weapon,Blunt Object,
11958,13985,Weapon,Firearm,
11959,13986,Weapon,Blunt Object,
11960,13988,Weapon,Knife,
11961,13989,Weapon,Other,
11962,13990,Weapon,Explosives,
11963,13991,Weapon,Firearm,
11964,13992,Weapon,Firearm,
11965,13993,Weapon,Other,
11966,13994,Weapon,Explosives,
11967,13995,Weapon,Knife,
11968,13996,Weapon,Explosives,
11969,13997,Weapon,Knife,
11970,13998,Weapon,Knife,
11971,13999,Weapon,Other,
11972,14001,Weapon,Firearm,
11973,14002,Weapon,Blunt Object,
11974,14003,Weapon,Poison,
11975,14005,Weapon,Blunt Object,
11976,14007,Weapon,Knife,
11977,14009,Weapon,Explosives,
11978,14010,Weapon,Blunt Object,
11979,14012,Weapon,Blunt Object,
11980,14013,Weapon,Other,
11981,14014,Weapon,Explosives,
11982,14015,Weapon,Knife,
11983,14016,Weapon,Poison,
11984,14017,Weapon,Firearm,
11985,14018,Weapon,Poison,
11986,14019,Weapon,Blunt Object,
11987,14020,Weapon,Explosives,
11988,14021,Weapon,Firearm,
11989,14023,Weapon,Knife,
11990,14024,Weapon,Knife,
11991,14025,Weapon,Blunt Object,
11992,14026,Weapon,Poison,
11993,14027,Weapon,Knife,
11994,14028,Weapon,Blunt Object,
11995,14029,Weapon,Blunt Object,
11996,14030,Weapon,Other,
11997,14031,Weapon,Firearm,
11998,14032,Weapon,Blunt Object,
11999,14033,Weapon,Blunt Object,
12000,14034,Weapon,Other,
12001,14035,Weapon,Knife,
12002,14036,Weapon,Poison,
12003,14037,Weapon,Blunt Object,
12004,14038,Weapon,Blunt Object,
12005,14039,Weapon,Other,
12006,14040,Weapon,Firearm,
12007,14041,Weapon,Explosives,
12008,14042,Weapon,Knife,
12009,14043,Weapon,Other,
12010,14044,Weapon,Explosives,
12011,14045,Weapon,Poison,
12012,14046,Weapon,Knife,
12013,14049,Weapon,Other,
12014,14050,Weapon,Other,
12015,14051,Weapon,Poison,
12016,14053,Weapon,Poison,
12017,14055,Weapon,Poison,
12018,14056,Weapon,Explosives,
12019,14057,Weapon,Explosives,
12020,14058,Weapon,Other,
12021,14059,Weapon,Poison,
12022,14060,Weapon,Poison,
12023,14061,Weapon,Blunt Object,
12024,14062,Weapon,Other,
12025,14063,Weapon,Explosives,
12026,14066,Weapon,Other,
12027,14068,Weapon,Other,
12028,14069,Weapon,Firearm,
12029,14070,Weapon,Poison,
12030,14071,Weapon,Poison,
12031,14072,Weapon,Firearm,
12032,14073,Weapon,Firearm,
12033,14075,Weapon,Explosives,
12034,14076,Weapon,Blunt Object,
12035,14078,Weapon,Firearm,
12036,14079,Weapon,Firearm,
12037,14080,Weapon,Knife,
12038,14081,Weapon,Other,
12039,14082,Weapon,Blunt Object,
12040,14083,Weapon,Explosives,
12041,14084,Weapon,Knife,
12042,14087,Weapon,Explosives,
12043,14089,Weapon,Blunt Object,
12044,14090,Weapon,Firearm,
12045,14091,Weapon,Poison,
12046,14092,Weapon,Firearm,
12047,14093,Weapon,Poison,
12048,14094,Weapon,Explosives,
12049,14095,Weapon,Poison,
12050,14097,Weapon,Poison,
12051,14098,Weapon,Explosives,
12052,14099,Weapon,Firearm,
12053,14100,Weapon,Firearm,
12054,14102,Weapon,Blunt Object,
12055,14103,Weapon,Explosives,
12056,14106,Weapon,Poison,
12057,14107,Weapon,Poison,
12058,14108,Weapon,Poison,
12059,14109,Weapon,Knife,
12060,14110,Weapon,Firearm,
12061,14111,Weapon,Other,
12062,14112,Weapon,Explosives,
12063,14113,Weapon,Knife,
12064,14114,Weapon,Explosives,
12065,14116,Weapon,Other,
12066,14117,Weapon,Firearm,
12067,14118,Weapon,Explosives,
12068,14119,Weapon,Other,
12069,14121,Weapon,Explosives,
12070,14122,Weapon,Blunt Object,
12071,14123,Weapon,Blunt Object,
12072,14124,Weapon,Knife,
12073,14125,Weapon,Knife,
12074,14126,Weapon,Other,
12075,14127,Weapon,Poison,
12076,14129,Weapon,Blunt Object,
12077,14130,Weapon,Blunt Object,
12078,14131,Weapon,Poison,
12079,14132,Weapon,Explosives,
12080,14133,Weapon,Knife,
12081,14135,Weapon,Explosives,
12082,14136,Weapon,Other,
12083,14137,Weapon,Knife,
12084,14138,Weapon,Blunt Object,
12085,14139,Weapon,Blunt Object,
12086,14140,Weapon,Poison,
12087,14141,Weapon,Knife,
12088,14142,Weapon,Knife,
12089,14143,Weapon,Blunt Object,
12090,14144,Weapon,Explosives,
12091,14145,Weapon,Other,
12092,14146,Weapon,Knife,
12093,14147,Weapon,Poison,
12094,14149,Weapon,Explosives,
12095,14150,Weapon,Explosives,
12096,14151,Weapon,Blunt Object,
12097,14152,Weapon,Blunt Object,
12098,14153,Weapon,Other,
12099,14155,Weapon,Other,
12100,14156,Weapon,Knife,
12101,14157,Weapon,Other,
12102,14158,Weapon,Explosives,
12103,14160,Weapon,Knife,
12104,14162,Weapon,Explosives,
12105,14164,Weapon,Firearm,
12106,14165,Weapon,Blunt Object,
12107,14167,Weapon,Explosives,
12108,14168,Weapon,Knife,
12109,14170,Weapon,Knife,
12110,14171,Weapon,Knife,
12111,14173,Weapon,Knife,
12112,14175,Weapon,Explosives,
12113,14176,Weapon,Knife,
12114,14177,Weapon,Blunt Object,
12115,14178,Weapon,Explosives,
12116,14179,Weapon,Blunt Object,
12117,14180,Weapon,Firearm,
12118,14181,Weapon,Knife,
12119,14182,Weapon,Poison,
12120,14183,Weapon,Explosives,
12121,14184,Weapon,Poison,
12122,14185,Weapon,Explosives,
12123,14186,Weapon,Firearm,
12124,14188,Weapon,Other,
12125,14189,Weapon,Knife,
12126,14191,Weapon,Explosives,
12127,14192,Weapon,Firearm,
12128,14193,Weapon,Blunt Object,
12129,14194,Weapon,Firearm,
12130,14195,Weapon,Knife,
12131,14196,Weapon,Firearm,
12132,14197,Weapon,Poison,
12133,14198,Weapon,Knife,
12134,14199,Weapon,Explosives,
12135,14200,Weapon,Explosives,
12136,14201,Weapon,Blunt Object,
12137,14202,Weapon,Poison,
12138,14203,Weapon,Explosives,
12139,14204,Weapon,Explosives,
12140,14205,Weapon,Firearm,
12141,14206,Weapon,Explosives,
12142,14207,Weapon,Poison,
12143,14208,Weapon,Other,
12144,14209,Weapon,Poison,
12145,14210,Weapon,Explosives,
12146,14211,Weapon,Other,
12147,14212,Weapon,Other,
12148,14213,Weapon,Poison,
12149,14214,Weapon,Firearm,
12150,14215,Weapon,Poison,
12151,14216,Weapon,Blunt Object,
12152,14217,Weapon,Other,
12153,14218,Weapon,Explosives,
12154,14219,Weapon,Blunt Object,
12155,14220,Weapon,Other,
12156,14221,Weapon,Poison,
12157,14222,Weapon,Poison,
12158,14223,Weapon,Firearm,
12159,14224,Weapon,Poison,
12160,14225,Weapon,Poison,
12161,14226,Weapon,Other,
12162,14227,Weapon,Blunt Object,
12163,14228,Weapon,Other,
12164,14229,Weapon,Other,
12165,14230,Weapon,Explosives,
12166,14231,Weapon,Firearm,
12167,14232,Weapon,Other,
12168,14234,Weapon,Other,
12169,14235,Weapon,Explosives,
12170,14236,Weapon,Explosives,
12171,14237,Weapon,Other,
12172,14238,Weapon,Knife,
12173,14239,Weapon,Explosives,
12174,14240,Weapon,Explosives,
12175,14241,Weapon,Poison,
12176,14242,Weapon,Firearm,
12177,14243,Weapon,Other,
12178,14244,Weapon,Poison,
12179,14245,Weapon,Knife,
12180,14248,Weapon,Firearm,
12181,14249,Weapon,Knife,
12182,14252,Weapon,Blunt Object,
12183,14253,Weapon,Poison,
12184,14254,Weapon,Explosives,
12185,14255,Weapon,Knife,
12186,14256,Weapon,Poison,
12187,14257,Weapon,Blunt Object,
12188,14259,Weapon,Firearm,
12189,14260,Weapon,Knife,
12190,14261,Weapon,Knife,
12191,14262,Weapon,Explosives,
12192,14263,Weapon,Explosives,
12193,14264,Weapon,Explosives,
12194,14265,Weapon,Blunt Object,
12195,14267,Weapon,Firearm,
12196,14268,Weapon,Explosives,
12197,14270,Weapon,Knife,
12198,14271,Weapon,Poison,
12199,14272,Weapon,Explosives,
12200,14273,Weapon,Poison,
12201,14275,Weapon,Other,
12202,14276,Weapon,Explosives,
12203,14277,Weapon,Poison,
12204,14278,Weapon,Poison,
12205,14279,Weapon,Blunt Object,
12206,14281,Weapon,Blunt Object,
12207,14282,Weapon,Poison,
12208,14283,Weapon,Knife,
12209,14285,Weapon,Firearm,
12210,14286,Weapon,Blunt Object,
12211,14287,Weapon,Knife,
12212,14288,Weapon,Knife,
12213,14289,Weapon,Blunt Object,
12214,14290,Weapon,Other,
12215,14291,Weapon,Knife,
12216,14292,Weapon,Knife,
12217,14293,Weapon,Knife,
12218,14294,Weapon,Poison,
12219,14295,Weapon,Blunt Object,
12220,14296,Weapon,Blunt Object,
12221,14297,Weapon,Poison,
12222,14300,Weapon,Knife,
12223,14302,Weapon,Firearm,
12224,14303,Weapon,Explosives,
12225,14304,Weapon,Other,
12226,14307,Weapon,Poison,
12227,14309,Weapon,Firearm,
12228,14310,Weapon,Explosives,
12229,14311,Weapon,Other,
12230,14312,Weapon,Explosives,
12231,14313,Weapon,Explosives,
12232,14314,Weapon,Firearm,
12233,14315,Weapon,Blunt Object,
12234,14316,Weapon,Knife,
12235,14317,Weapon,Firearm,
12236,14318,Weapon,Firearm,
12237,14319,Weapon,Other,
12238,14321,Weapon,Blunt Object,
12239,14322,Weapon,Firearm,
12240,14323,Weapon,Other,
12241,14324,Weapon,Other,
12242,14325,Weapon,Other,
12243,14326,Weapon,Poison,
12244,14327,Weapon,Knife,
12245,14328,Weapon,Blunt Object,
12246,14329,Weapon,Poison,
12247,14330,Weapon,Explosives,
12248,14331,Weapon,Blunt Object,
12249,14332,Weapon,Knife,
12250,14333,Weapon,Knife,
12251,14334,Weapon,Poison,
12252,14337,Weapon,Blunt Object,
12253,14338,Weapon,Knife,
12254,14339,Weapon,Poison,
12255,14340,Weapon,Knife,
12256,14342,Weapon,Explosives,
12257,14343,Weapon,Other,
12258,14344,Weapon,Explosives,
12259,14345,Weapon,Other,
12260,14346,Weapon,Blunt Object,
12261,14347,Weapon,Explosives,
12262,14348,Weapon,Other,
12263,14349,Weapon,Blunt Object,
12264,14350,Weapon,Knife,
12265,14351,Weapon,Firearm,
12266,14352,Weapon,Blunt Object,
12267,14353,Weapon,Other,
12268,14354,Weapon,Blunt Object,
12269,14355,Weapon,Knife,
12270,14356,Weapon,Other,
12271,14357,Weapon,Knife,
12272,14358,Weapon,Poison,
12273,14359,Weapon,Firearm,
12274,14360,Weapon,Explosives,
12275,14361,Weapon,Firearm,
12276,14362,Weapon,Firearm,
12277,14363,Weapon,Poison,
12278,14364,Weapon,Knife,
12279,14365,Weapon,Explosives,
12280,14366,Weapon,Poison,
12281,14367,Weapon,Explosives,
12282,14368,Weapon,Blunt Object,
12283,14369,Weapon,Other,
12284,14370,Weapon,Explosives,
12285,14371,Weapon,Firearm,
12286,14372,Weapon,Firearm,
12287,14374,Weapon,Other,
12288,14376,Weapon,Other,
12289,14377,Weapon,Blunt Object,
12290,14378,Weapon,Poison,
12291,14379,Weapon,Poison,
12292,14380,Weapon,Blunt Object,
12293,14381,Weapon,Firearm,
12294,14382,Weapon,Firearm,
12295,14384,Weapon,Knife,
12296,14385,Weapon,Firearm,
12297,14386,Weapon,Firearm,
12298,14387,Weapon,Other,
12299,14388,Weapon,Knife,
12300,14389,Weapon,Poison,
12301,14390,Weapon,Knife,
12302,14392,Weapon,Blunt Object,
12303,14393,Weapon,Poison,
12304,14394,Weapon,Poison,
12305,14395,Weapon,Knife,
12306,14396,Weapon,Knife,
12307,14398,Weapon,Knife,
12308,14399,Weapon,Poison,
12309,14400,Weapon,Other,
12310,14401,Weapon,Knife,
12311,14402,Weapon,Explosives,
12312,14403,Weapon,Explosives,
12313,14404,Weapon,Explosives,
12314,14405,Weapon,Other,
12315,14406,Weapon,Firearm,
12316,14407,Weapon,Poison,
12317,14408,Weapon,Explosives,
12318,14410,Weapon,Other,
12319,14411,Weapon,Other,
12320,14412,Weapon,Other,
12321,14413,Weapon,Explosives,
12322,14414,Weapon,Blunt Object,
12323,14415,Weapon,Blunt Object,
12324,14416,Weapon,Poison,
12325,14417,Weapon,Explosives,
12326,14418,Weapon,Firearm,
12327,14419,Weapon,Blunt Object,
12328,14420,Weapon,Knife,
12329,14421,Weapon,Blunt Object,
12330,14422,Weapon,Firearm,
12331,14424,Weapon,Blunt Object,
12332,14425,Weapon,Blunt Object,
12333,14426,Weapon,Knife,
12334,14427,Weapon,Other,
12335,14428,Weapon,Other,
12336,14431,Weapon,Other,
12337,14432,Weapon,Other,
12338,14433,Weapon,Firearm,
12339,14434,Weapon,Other,
12340,14435,Weapon,Other,
12341,14436,Weapon,Other,
12342,14439,Weapon,Knife,
12343,14440,Weapon,Other,
12344,14441,Weapon,Blunt Object,
12345,14442,Weapon,Other,
12346,14443,Weapon,Poison,
12347,14444,Weapon,Explosives,
12348,14445,Weapon,Poison,
12349,14446,Weapon,Explosives,
12350,14448,Weapon,Blunt Object,
12351,14449,Weapon,Firearm,
12352,14450,Weapon,Explosives,
12353,14451,Weapon,Other,
12354,14452,Weapon,Blunt Object,
12355,14453,Weapon,Knife,
12356,14454,Weapon,Poison,
12357,14455,Weapon,Knife,
12358,14456,Weapon,Firearm,
12359,14457,Weapon,Firearm,
12360,14459,Weapon,Blunt Object,
12361,14460,Weapon,Other,
12362,14461,Weapon,Knife,
12363,14462,Weapon,Blunt Object,
12364,14463,Weapon,Explosives,
12365,14464,Weapon,Explosives,
12366,14465,Weapon,Knife,
12367,14466,Weapon,Knife,
12368,14467,Weapon,Firearm,
12369,14468,Weapon,Knife,
12370,14469,Weapon,Blunt Object,
12371,14470,Weapon,Knife,
12372,14471,Weapon,Firearm,
12373,14472,Weapon,Blunt Object,
12374,14473,Weapon,Firearm,
12375,14474,Weapon,Other,
12376,14475,Weapon,Firearm,
12377,14476,Weapon,Explosives,
12378,14477,Weapon,Poison,
12379,14478,Weapon,Blunt Object,
12380,14479,Weapon,Poison,
12381,14480,Weapon,Poison,
12382,14481,Weapon,Firearm,
12383,14482,Weapon,Other,
12384,14483,Weapon,Other,
12385,14484,Weapon,Knife,
12386,14485,Weapon,Other,
12387,14486,Weapon,Explosives,
12388,14487,Weapon,Explosives,
12389,14488,Weapon,Blunt Object,
12390,14489,Weapon,Other,
12391,14490,Weapon,Other,
12392,14495,Weapon,Explosives,
12393,14496,Weapon,Knife,
12394,14497,Weapon,Explosives,
12395,14498,Weapon,Explosives,
12396,14499,Weapon,Other,
12397,14500,Weapon,Blunt Object,
12398,14501,Weapon,Poison,
12399,14502,Weapon,Explosives,
12400,14503,Weapon,Knife,
12401,14504,Weapon,Blunt Object,
12402,14506,Weapon,Explosives,
12403,14507,Weapon,Blunt Object,
12404,14508,Weapon,Blunt Object,
12405,14510,Weapon,Blunt Object,
12406,14511,Weapon,Explosives,
12407,14512,Weapon,Blunt Object,
12408,14513,Weapon,Blunt Object,
12409,14514,Weapon,Knife,
12410,14515,Weapon,Firearm,
12411,14517,Weapon,Poison,
12412,14518,Weapon,Other,
12413,14519,Weapon,Explosives,
12414,14520,Weapon,Other,
12415,14521,Weapon,Knife,
12416,14523,Weapon,Knife,
12417,14524,Weapon,Knife,
12418,14525,Weapon,Knife,
12419,14526,Weapon,Knife,
12420,14527,Weapon,Knife,
12421,14528,Weapon,Firearm,
12422,14529,Weapon,Explosives,
12423,14530,Weapon,Firearm,
12424,14531,Weapon,Other,
12425,14532,Weapon,Explosives,
12426,14533,Weapon,Firearm,
12427,14534,Weapon,Firearm,
12428,14535,Weapon,Blunt Object,
12429,14536,Weapon,Blunt Object,
12430,14537,Weapon,Firearm,
12431,14538,Weapon,Poison,
12432,14539,Weapon,Firearm,
12433,14540,Weapon,Blunt Object,
12434,14541,Weapon,Explosives,
12435,14543,Weapon,Poison,
12436,14544,Weapon,Knife,
12437,14545,Weapon,Blunt Object,
12438,14547,Weapon,Blunt Object,
12439,14548,Weapon,Knife,
12440,14550,Weapon,Poison,
12441,14551,Weapon,Explosives,
12442,14552,Weapon,Explosives,
12443,14553,Weapon,Other,
12444,14554,Weapon,Knife,
12445,14555,Weapon,Firearm,
12446,14556,Weapon,Poison,
12447,14557,Weapon,Blunt Object,
12448,14558,Weapon,Firearm,
12449,14559,Weapon,Blunt Object,
12450,14560,Weapon,Firearm,
12451,14561,Weapon,Other,
12452,14562,Weapon,Firearm,
12453,14563,Weapon,Other,
12454,14564,Weapon,Blunt Object,
12455,14565,Weapon,Blunt Object,
12456,14566,Weapon,Firearm,
12457,14567,Weapon,Poison,
12458,14568,Weapon,Blunt Object,
12459,14569,Weapon,Knife,
12460,14571,Weapon,Firearm,
12461,14572,Weapon,Knife,
12462,14574,Weapon,Other,
12463,14576,Weapon,Other,
12464,14577,Weapon,Explosives,
12465,14578,Weapon,Other,
12466,14579,Weapon,Blunt Object,
12467,14580,Weapon,Knife,
12468,14581,Weapon,Explosives,
12469,14582,Weapon,Other,
12470,14583,Weapon,Other,
12471,14584,Weapon,Poison,
12472,14585,Weapon,Knife,
12473,14586,Weapon,Firearm,
12474,14587,Weapon,Poison,
12475,14588,Weapon,Poison,
12476,14589,Weapon,Explosives,
12477,14590,Weapon,Other,
12478,14591,Weapon,Knife,
12479,14592,Weapon,Knife,
12480,14593,Weapon,Blunt Object,
12481,14595,Weapon,Firearm,
12482,14596,Weapon,Other,
12483,14597,Weapon,Firearm,
12484,14598,Weapon,Poison,
12485,14599,Weapon,Other,
12486,14600,Weapon,Explosives,
12487,14601,Weapon,Blunt Object,
12488,14602,Weapon,Blunt Object,
12489,14603,Weapon,Explosives,
12490,14604,Weapon,Other,
12491,14606,Weapon,Other,
12492,14607,Weapon,Poison,
12493,14608,Weapon,Blunt Object,
12494,14609,Weapon,Other,
12495,14610,Weapon,Explosives,
12496,14611,Weapon,Knife,
12497,14612,Weapon,Firearm,
12498,14614,Weapon,Firearm,
12499,14615,Weapon,Firearm,
12500,14616,Weapon,Blunt Object,
12501,14617,Weapon,Firearm,
12502,14618,Weapon,Firearm,
12503,14619,Weapon,Blunt Object,
12504,14620,Weapon,Explosives,
12505,14621,Weapon,Poison,
12506,14622,Weapon,Other,
12507,14623,Weapon,Poison,
12508,14624,Weapon,Poison,
12509,14625,Weapon,Firearm,
12510,14626,Weapon,Firearm,
12511,14627,Weapon,Poison,
12512,14628,Weapon,Firearm,
12513,14630,Weapon,Blunt Object,
12514,14631,Weapon,Poison,
12515,14632,Weapon,Explosives,
12516,14633,Weapon,Firearm,
12517,14634,Weapon,Other,
12518,14635,Weapon,Other,
12519,14636,Weapon,Explosives,
12520,14637,Weapon,Other,
12521,14638,Weapon,Other,
12522,14639,Weapon,Knife,
12523,14640,Weapon,Poison,
12524,14641,Weapon,Blunt Object,
12525,14642,Weapon,Poison,
12526,14643,Weapon,Blunt Object,
12527,14644,Weapon,Other,
12528,14645,Weapon,Knife,
12529,14646,Weapon,Firearm,
12530,14647,Weapon,Poison,
12531,14648,Weapon,Explosives,
12532,14649,Weapon,Other,
12533,14650,Weapon,Blunt Object,
12534,14652,Weapon,Other,
12535,14653,Weapon,Firearm,
12536,14654,Weapon,Explosives,
12537,14655,Weapon,Poison,
12538,14656,Weapon,Blunt Object,
12539,14657,Weapon,Blunt Object,
12540,14658,Weapon,Firearm,
12541,14659,Weapon,Firearm,
12542,14660,Weapon,Knife,
12543,14661,Weapon,Knife,
12544,14663,Weapon,Poison,
12545,14664,Weapon,Blunt Object,
12546,14665,Weapon,Explosives,
12547,14666,Weapon,Knife,
12548,14667,Weapon,Poison,
12549,14668,Weapon,Firearm,
12550,14669,Weapon,Poison,
12551,14670,Weapon,Firearm,
12552,14671,Weapon,Blunt Object,
12553,14672,Weapon,Firearm,
12554,14673,Weapon,Poison,
12555,14674,Weapon,Poison,
12556,14675,Weapon,Other,
12557,14676,Weapon,Explosives,
12558,14677,Weapon,Other,
12559,14678,Weapon,Explosives,
12560,14679,Weapon,Explosives,
12561,14680,Weapon,Firearm,
12562,14681,Weapon,Knife,
12563,14682,Weapon,Knife,
12564,14683,Weapon,Poison,
12565,14685,Weapon,Other,
12566,14686,Weapon,Explosives,
12567,14687,Weapon,Explosives,
12568,14688,Weapon,Knife,
12569,14689,Weapon,Explosives,
12570,14690,Weapon,Poison,
12571,14692,Weapon,Explosives,
12572,14693,Weapon,Firearm,
12573,14695,Weapon,Poison,
12574,14696,Weapon,Blunt Object,
12575,14697,Weapon,Poison,
12576,14699,Weapon,Poison,
12577,14700,Weapon,Other,
12578,14701,Weapon,Knife,
12579,14702,Weapon,Other,
12580,14704,Weapon,Knife,
12581,14705,Weapon,Poison,
12582,14706,Weapon,Explosives,
12583,14707,Weapon,Firearm,
12584,14708,Weapon,Other,
12585,14710,Weapon,Explosives,
12586,14711,Weapon,Poison,
12587,14712,Weapon,Explosives,
12588,14713,Weapon,Firearm,
12589,14714,Weapon,Knife,
12590,14715,Weapon,Poison,
12591,14717,Weapon,Firearm,
12592,14718,Weapon,Explosives,
12593,14720,Weapon,Other,
12594,14721,Weapon,Explosives,
12595,14722,Weapon,Blunt Object,
12596,14723,Weapon,Other,
12597,14724,Weapon,Blunt Object,
12598,14725,Weapon,Firearm,
12599,14726,Weapon,Firearm,
12600,14727,Weapon,Blunt Object,
12601,14728,Weapon,Explosives,
12602,14729,Weapon,Poison,
12603,14730,Weapon,Blunt Object,
12604,14731,Weapon,Blunt Object,
12605,14732,Weapon,Explosives,
12606,14733,Weapon,Other,
12607,14734,Weapon,Firearm,
12608,14736,Weapon,Other,
12609,14738,Weapon,Poison,
12610,14740,Weapon,Poison,
12611,14742,Weapon,Other,
12612,14743,Weapon,Firearm,
12613,14744,Weapon,Poison,
12614,14745,Weapon,Knife,
12615,14746,Weapon,Explosives,
12616,14747,Weapon,Poison,
12617,14749,Weapon,Knife,
12618,14750,Weapon,Knife,
12619,14751,Weapon,Firearm,
12620,14752,Weapon,Poison,
12621,14753,Weapon,Knife,
12622,14754,Weapon,Firearm,
12623,14755,Weapon,Explosives,
12624,14756,Weapon,Firearm,
12625,14757,Weapon,Other,
12626,14758,Weapon,Explosives,
12627,14759,Weapon,Blunt Object,
12628,14760,Weapon,Knife,
12629,14761,Weapon,Poison,
12630,14762,Weapon,Blunt Object,
12631,14763,Weapon,Explosives,
12632,14764,Weapon,Knife,
12633,14765,Weapon,Blunt Object,
12634,14766,Weapon,Explosives,
12635,14767,Weapon,Poison,
12636,14768,Weapon,Firearm,
12637,14769,Weapon,Firearm,
12638,14770,Weapon,Knife,
12639,14771,Weapon,Explosives,
12640,14772,Weapon,Firearm,
12641,14773,Weapon,Blunt Object,
12642,14774,Weapon,Poison,
12643,14775,Weapon,Blunt Object,
12644,14776,Weapon,Knife,
12645,14777,Weapon,Poison,
12646,14778,Weapon,Knife,
12647,14780,Weapon,Poison,
12648,14782,Weapon,Blunt Object,
12649,14784,Weapon,Blunt Object,
12650,14785,Weapon,Poison,
12651,14786,Weapon,Firearm,
12652,14788,Weapon,Blunt Object,
12653,14789,Weapon,Other,
12654,14790,Weapon,Blunt Object,
12655,14792,Weapon,Explosives,
12656,14793,Weapon,Blunt Object,
12657,14794,Weapon,Firearm,
12658,14795,Weapon,Knife,
12659,14796,Weapon,Firearm,
12660,14797,Weapon,Knife,
12661,14798,Weapon,Explosives,
12662,14799,Weapon,Other,
12663,14800,Weapon,Poison,
12664,14801,Weapon,Poison,
12665,14802,Weapon,Firearm,
12666,14803,Weapon,Poison,
12667,14804,Weapon,Knife,
12668,14805,Weapon,Explosives,
12669,14806,Weapon,Other,
12670,14808,Weapon,Explosives,
12671,14809,Weapon,Poison,
12672,14811,Weapon,Poison,
12673,14812,Weapon,Knife,
12674,14814,Weapon,Blunt Object,
12675,14815,Weapon,Explosives,
12676,14817,Weapon,Firearm,
12677,14818,Weapon,Knife,
12678,14820,Weapon,Firearm,
12679,14821,Weapon,Knife,
12680,14822,Weapon,Other,
12681,14823,Weapon,Poison,
12682,14824,Weapon,Firearm,
12683,14825,Weapon,Firearm,
12684,14826,Weapon,Poison,
12685,14827,Weapon,Firearm,
12686,14829,Weapon,Other,
12687,14830,Weapon,Firearm,
12688,14831,Weapon,Blunt Object,
12689,14832,Weapon,Blunt Object,
12690,14833,Weapon,Poison,
12691,14834,Weapon,Knife,
12692,14835,Weapon,Firearm,
12693,14836,Weapon,Explosives,
12694,14838,Weapon,Blunt Object,
12695,14839,Weapon,Poison,
12696,14840,Weapon,Other,
12697,14841,Weapon,Other,
12698,14842,Weapon,Knife,
12699,14843,Weapon,Knife,
12700,14844,Weapon,Poison,
12701,14846,Weapon,Knife,
12702,14848,Weapon,Firearm,
12703,14849,Weapon,Firearm,
12704,14850,Weapon,Other,
12705,14851,Weapon,Explosives,
12706,14852,Weapon,Other,
12707,14853,Weapon,Explosives,
12708,14854,Weapon,Firearm,
12709,14855,Weapon,Other,
12710,14856,Weapon,Other,
12711,14857,Weapon,Firearm,
12712,14858,Weapon,Firearm,
12713,14859,Weapon,Poison,
12714,14860,Weapon,Knife,
12715,14861,Weapon,Poison,
12716,14862,Weapon,Firearm,
12717,14863,Weapon,Poison,
12718,14865,Weapon,Other,
12719,14867,Weapon,Poison,
12720,14868,Weapon,Firearm,
12721,14869,Weapon,Other,
12722,14870,Weapon,Firearm,
12723,14871,Weapon,Explosives,
12724,14872,Weapon,Poison,
12725,14873,Weapon,Other,
12726,14874,Weapon,Other,
12727,14875,Weapon,Poison,
12728,14877,Weapon,Poison,
12729,14879,Weapon,Explosives,
12730,14880,Weapon,Knife,
12731,14882,Weapon,Blunt Object,
12732,14885,Weapon,Blunt Object,
12733,14886,Weapon,Poison,
12734,14887,Weapon,Firearm,
12735,14888,Weapon,Knife,
12736,14889,Weapon,Other,
12737,14890,Weapon,Blunt Object,
12738,14891,Weapon,Knife,
12739,14892,Weapon,Knife,
12740,14893,Weapon,Poison,
12741,14895,Weapon,Poison,
12742,14896,Weapon,Other,
12743,14898,Weapon,Firearm,
12744,14899,Weapon,Firearm,
12745,14900,Weapon,Other,
12746,14901,Weapon,Other,
12747,14902,Weapon,Knife,
12748,14903,Weapon,Explosives,
12749,14904,Weapon,Poison,
12750,14906,Weapon,Firearm,
12751,14907,Weapon,Firearm,
12752,14909,Weapon,Blunt Object,
12753,14910,Weapon,Other,
12754,14911,Weapon,Knife,
12755,14912,Weapon,Knife,
12756,14913,Weapon,Explosives,
12757,14914,Weapon,Firearm,
12758,14915,Weapon,Blunt Object,
12759,14916,Weapon,Firearm,
12760,14917,Weapon,Poison,
12761,14918,Weapon,Other,
12762,14919,Weapon,Blunt Object,
12763,14920,Weapon,Blunt Object,
12764,14921,Weapon,Firearm,
12765,14922,Weapon,Explosives,
12766,14923,Weapon,Explosives,
12767,14925,Weapon,Explosives,
12768,14926,Weapon,Poison,
12769,14927,Weapon,Blunt Object,
12770,14928,Weapon,Firearm,
12771,14929,Weapon,Blunt Object,
12772,14930,Weapon,Poison,
12773,14931,Weapon,Explosives,
12774,14932,Weapon,Firearm,
12775,14933,Weapon,Knife,
12776,14934,Weapon,Other,
12777,14935,Weapon,Knife,
12778,14936,Weapon,Poison,
12779,14937,Weapon,Other,
12780,14938,Weapon,Other,
12781,14939,Weapon,Poison,
12782,14940,Weapon,Firearm,
12783,14941,Weapon,Explosives,
12784,14942,Weapon,Firearm,
12785,14943,Weapon,Other,
12786,14944,Weapon,Explosives,
12787,14945,Weapon,Knife,
12788,14946,Weapon,Other,
12789,14947,Weapon,Knife,
12790,14948,Weapon,Explosives,
12791,14950,Weapon,Knife,
12792,14951,Weapon,Blunt Object,
12793,14952,Weapon,Knife,
12794,14954,Weapon,Explosives,
12795,14955,Weapon,Firearm,
12796,14957,Weapon,Poison,
12797,14958,Weapon,Poison,
12798,14959,Weapon,Firearm,
12799,14960,Weapon,Blunt Object,
12800,14961,Weapon,Other,
12801,14962,Weapon,Poison,
12802,14965,Weapon,Knife,
12803,14966,Weapon,Blunt Object,
12804,14967,Weapon,Knife,
12805,14968,Weapon,Other,
12806,14970,Weapon,Knife,
12807,14971,Weapon,Firearm,
12808,14972,Weapon,Firearm,
12809,14973,Weapon,Poison,
12810,14974,Weapon,Explosives,
12811,14975,Weapon,Knife,
12812,14976,Weapon,Blunt Object,
12813,14977,Weapon,Blunt Object,
12814,14978,Weapon,Knife,
12815,14979,Weapon,Blunt Object,
12816,14981,Weapon,Firearm,
12817,14982,Weapon,Other,
12818,14983,Weapon,Blunt Object,
12819,14985,Weapon,Firearm,
12820,14986,Weapon,Poison,
12821,14987,Weapon,Poison,
12822,14988,Weapon,Blunt Object,
12823,14989,Weapon,Explosives,
12824,14990,Weapon,Blunt Object,
12825,14991,Weapon,Firearm,
12826,14992,Weapon,Blunt Object,
12827,14994,Weapon,Poison,
12828,14995,Weapon,Knife,
12829,14996,Weapon,Poison,
12830,14997,Weapon,Explosives,
12831,14998,Weapon,Other,
12832,14999,Weapon,Explosives,
12833,15000,Weapon,Blunt Object,
12834,15001,Weapon,Blunt Object,
12835,15002,Weapon,Knife,
12836,15003,Weapon,Explosives,
12837,15004,Weapon,Poison,
12838,15005,Weapon,Poison,
12839,15006,Weapon,Poison,
12840,15007,Weapon,Firearm,
12841,15009,Weapon,Blunt Object,
12842,15010,Weapon,Firearm,
12843,15011,Weapon,Poison,
12844,15012,Weapon,Knife,
12845,15013,Weapon,Poison,
12846,15014,Weapon,Explosives,
12847,15015,Weapon,Explosives,
12848,15016,Weapon,Blunt Object,
12849,15017,Weapon,Knife,
12850,15019,Weapon,Explosives,
12851,15020,Weapon,Poison,
12852,15021,Weapon,Explosives,
12853,15022,Weapon,Firearm,
12854,15023,Weapon,Knife,
12855,15024,Weapon,Firearm,
12856,15025,Weapon,Explosives,
12857,15026,Weapon,Firearm,
12858,15027,Weapon,Firearm,
12859,15028,Weapon,Other,
12860,15029,Weapon,Knife,
12861,15031,Weapon,Firearm,
12862,15032,Weapon,Poison,
12863,15033,Weapon,Firearm,
12864,15034,Weapon,Knife,
12865,15035,Weapon,Other,
12866,15036,Weapon,Blunt Object,
12867,15037,Weapon,Explosives,
12868,15039,Weapon,Knife,
12869,15040,Weapon,Explosives,
12870,15041,Weapon,Firearm,
12871,15043,Weapon,Explosives,
12872,15044,Weapon,Other,
12873,15045,Weapon,Poison,
12874,15046,Weapon,Firearm,
12875,15047,Weapon,Knife,
12876,15049,Weapon,Poison,
12877,15050,Weapon,Other,
12878,15051,Weapon,Blunt Object,
12879,15052,Weapon,Firearm,
12880,15053,Weapon,Other,
12881,15054,Weapon,Other,
12882,15057,Weapon,Poison,
12883,15058,Weapon,Blunt Object,
12884,15059,Weapon,Other,
12885,15060,Weapon,Poison,
12886,15061,Weapon,Blunt Object,
12887,15062,Weapon,Knife,
12888,15063,Weapon,Other,
12889,15064,Weapon,Other,
12890,15065,Weapon,Firearm,
12891,15066,Weapon,Firearm,
12892,15067,Weapon,Explosives,
12893,15068,Weapon,Poison,
12894,15069,Weapon,Firearm,
12895,15071,Weapon,Firearm,
12896,15072,Weapon,Explosives,
12897,15073,Weapon,Blunt Object,
12898,15074,Weapon,Poison,
12899,15075,Weapon,Poison,
12900,15076,Weapon,Other,
12901,15077,Weapon,Knife,
12902,15078,Weapon,Explosives,
12903,15079,Weapon,Knife,
12904,15080,Weapon,Firearm,
12905,15082,Weapon,Knife,
12906,15083,Weapon,Blunt Object,
12907,15084,Weapon,Poison,
12908,15085,Weapon,Blunt Object,
12909,15086,Weapon,Poison,
12910,15087,Weapon,Explosives,
12911,15088,Weapon,Blunt Object,
12912,15089,Weapon,Blunt Object,
12913,15090,Weapon,Other,
12914,15091,Weapon,Knife,
12915,15094,Weapon,Other,
12916,15095,Weapon,Blunt Object,
12917,15096,Weapon,Blunt Object,
12918,15097,Weapon,Knife,
12919,15098,Weapon,Explosives,
12920,15099,Weapon,Explosives,
12921,15100,Weapon,Explosives,
12922,15102,Weapon,Explosives,
12923,15103,Weapon,Blunt Object,
12924,15104,Weapon,Firearm,
12925,15105,Weapon,Other,
12926,15107,Weapon,Explosives,
12927,15108,Weapon,Other,
12928,15109,Weapon,Poison,
12929,15110,Weapon,Poison,
12930,15111,Weapon,Explosives,
12931,15113,Weapon,Explosives,
12932,15114,Weapon,Poison,
12933,15115,Weapon,Blunt Object,
12934,15117,Weapon,Other,
12935,15118,Weapon,Blunt Object,
12936,15119,Weapon,Blunt Object,
12937,15121,Weapon,Blunt Object,
12938,15122,Weapon,Blunt Object,
12939,15123,Weapon,Blunt Object,
12940,15124,Weapon,Firearm,
12941,15125,Weapon,Poison,
12942,15126,Weapon,Firearm,
12943,15127,Weapon,Poison,
12944,15128,Weapon,Other,
12945,15131,Weapon,Blunt Object,
12946,15132,Weapon,Firearm,
12947,15133,Weapon,Firearm,
12948,15134,Weapon,Poison,
12949,15135,Weapon,Other,
12950,15136,Weapon,Knife,
12951,15137,Weapon,Poison,
12952,15138,Weapon,Firearm,
12953,15139,Weapon,Other,
12954,15140,Weapon,Other,
12955,15141,Weapon,Firearm,
12956,15142,Weapon,Firearm,
12957,15143,Weapon,Poison,
12958,15144,Weapon,Blunt Object,
12959,15145,Weapon,Explosives,
12960,15146,Weapon,Blunt Object,
12961,15147,Weapon,Other,
12962,15148,Weapon,Poison,
12963,15150,Weapon,Poison,
12964,15151,Weapon,Firearm,
12965,15152,Weapon,Firearm,
12966,15154,Weapon,Explosives,
12967,15155,Weapon,Blunt Object,
12968,15156,Weapon,Explosives,
12969,15157,Weapon,Explosives,
12970,15159,Weapon,Poison,
12971,15160,Weapon,Blunt Object,
12972,15161,Weapon,Other,
12973,15162,Weapon,Other,
12974,15163,Weapon,Explosives,
12975,15164,Weapon,Knife,
12976,15165,Weapon,Explosives,
12977,15166,Weapon,Knife,
12978,15167,Weapon,Explosives,
12979,15168,Weapon,Other,
12980,15169,Weapon,Blunt Object,
12981,15170,Weapon,Explosives,
12982,15171,Weapon,Poison,
12983,15172,Weapon,Firearm,
12984,15174,Weapon,Blunt Object,
12985,15175,Weapon,Blunt Object,
12986,15176,Weapon,Knife,
12987,15178,Weapon,Firearm,
12988,15179,Weapon,Other,
12989,15180,Weapon,Other,
12990,15181,Weapon,Knife,
12991,15182,Weapon,Knife,
12992,15183,Weapon,Explosives,
12993,15184,Weapon,Explosives,
12994,15185,Weapon,Firearm,
12995,15186,Weapon,Firearm,
12996,15187,Weapon,Blunt Object,
12997,15189,Weapon,Firearm,
12998,15190,Weapon,Explosives,
12999,15191,Weapon,Knife,
13000,15192,Weapon,Knife,
13001,15193,Weapon,Blunt Object,
13002,15195,Weapon,Firearm,
13003,15196,Weapon,Knife,
13004,15197,Weapon,Blunt Object,
13005,15198,Weapon,Blunt Object,
13006,15199,Weapon,Knife,
13007,15200,Weapon,Blunt Object,
13008,15201,Weapon,Blunt Object,
13009,15202,Weapon,Explosives,
13010,15203,Weapon,Explosives,
13011,15204,Weapon,Poison,
13012,15205,Weapon,Knife,
13013,15206,Weapon,Explosives,
13014,15207,Weapon,Firearm,
13015,15208,Weapon,Other,
13016,15209,Weapon,Blunt Object,
13017,15210,Weapon,Blunt Object,
13018,15211,Weapon,Explosives,
13019,15212,Weapon,Explosives,
13020,15213,Weapon,Blunt Object,
13021,15214,Weapon,Blunt Object,
13022,15215,Weapon,Other,
13023,15216,Weapon,Firearm,
13024,15217,Weapon,Blunt Object,
13025,15218,Weapon,Blunt Object,
13026,15219,Weapon,Knife,
13027,15221,Weapon,Blunt Object,
13028,15222,Weapon,Explosives,
13029,15223,Weapon,Blunt Object,
13030,15224,Weapon,Poison,
13031,15225,Weapon,Poison,
13032,15226,Weapon,Blunt Object,
13033,15227,Weapon,Other,
13034,15228,Weapon,Other,
13035,15229,Weapon,Other,
13036,15230,Weapon,Other,
13037,15231,Weapon,Blunt Object,
13038,15232,Weapon,Explosives,
13039,15234,Weapon,Poison,
13040,15235,Weapon,Knife,
13041,15236,Weapon,Blunt Object,
13042,15237,Weapon,Knife,
13043,15238,Weapon,Firearm,
13044,15239,Weapon,Poison,
13045,15241,Weapon,Knife,
13046,15242,Weapon,Firearm,
13047,15243,Weapon,Firearm,
13048,15244,Weapon,Firearm,
13049,15245,Weapon,Explosives,
13050,15246,Weapon,Poison,
13051,15247,Weapon,Firearm,
13052,15248,Weapon,Explosives,
13053,15249,Weapon,Other,
13054,15250,Weapon,Other,
13055,15251,Weapon,Knife,
13056,15252,Weapon,Firearm,
13057,15253,Weapon,Knife,
13058,15254,Weapon,Poison,
13059,15255,Weapon,Knife,
13060,15256,Weapon,Knife,
13061,15257,Weapon,Knife,
13062,15258,Weapon,Blunt Object,
13063,15260,Weapon,Other,
13064,15261,Weapon,Blunt Object,
13065,15263,Weapon,Other,
13066,15264,Weapon,Poison,
13067,15265,Weapon,Explosives,
13068,15266,Weapon,Firearm,
13069,15267,Weapon,Explosives,
13070,15268,Weapon,Firearm,
13071,15269,Weapon,Poison,
13072,15270,Weapon,Firearm,
13073,15271,Weapon,Other,
13074,15272,Weapon,Knife,
13075,15274,Weapon,Blunt Object,
13076,15275,Weapon,Knife,
13077,15277,Weapon,Blunt Object,
13078,15278,Weapon,Explosives,
13079,15279,Weapon,Knife,
13080,15280,Weapon,Other,
13081,15281,Weapon,Other,
13082,15282,Weapon,Explosives,
13083,15283,Weapon,Explosives,
13084,15284,Weapon,Firearm,
13085,15285,Weapon,Blunt Object,
13086,15286,Weapon,Blunt Object,
13087,15287,Weapon,Poison,
13088,15288,Weapon,Other,
13089,15289,Weapon,Poison,
13090,15290,Weapon,Other,
13091,15291,Weapon,Explosives,
13092,15292,Weapon,Blunt Object,
13093,15294,Weapon,Explosives,
13094,15295,Weapon,Blunt Object,
13095,15296,Weapon,Knife,
13096,15297,Weapon,Firearm,
13097,15298,Weapon,Firearm,
13098,15299,Weapon,Poison,
13099,15300,Weapon,Blunt Object,
13100,15301,Weapon,Firearm,
13101,15302,Weapon,Poison,
13102,15303,Weapon,Firearm,
13103,15304,Weapon,Firearm,
13104,15306,Weapon,Blunt Object,
13105,15307,Weapon,Firearm,
13106,15309,Weapon,Blunt Object,
13107,15310,Weapon,Knife,
13108,15311,Weapon,Other,
13109,15312,Weapon,Firearm,
13110,15313,Weapon,Blunt Object,
13111,15314,Weapon,Blunt Object,
13112,15315,Weapon,Explosives,
13113,15316,Weapon,Knife,
13114,15317,Weapon,Poison,
13115,15318,Weapon,Other,
13116,15319,Weapon,Other,
13117,15320,Weapon,Knife,
13118,15321,Weapon,Poison,
13119,15322,Weapon,Poison,
13120,15323,Weapon,Poison,
13121,15324,Weapon,Explosives,
13122,15325,Weapon,Knife,
13123,15326,Weapon,Explosives,
13124,15327,Weapon,Other,
13125,15328,Weapon,Knife,
13126,15329,Weapon,Poison,
13127,15330,Weapon,Blunt Object,
13128,15331,Weapon,Knife,
13129,15332,Weapon,Explosives,
13130,15333,Weapon,Knife,
13131,15334,Weapon,Knife,
13132,15335,Weapon,Other,
13133,15336,Weapon,Knife,
13134,15337,Weapon,Explosives,
13135,15338,Weapon,Firearm,
13136,15340,Weapon,Explosives,
13137,15341,Weapon,Other,
13138,15342,Weapon,Other,
13139,15343,Weapon,Poison,
13140,15344,Weapon,Blunt Object,
13141,15345,Weapon,Explosives,
13142,15346,Weapon,Knife,
13143,15347,Weapon,Firearm,
13144,15348,Weapon,Explosives,
13145,15350,Weapon,Other,
13146,15351,Weapon,Firearm,
13147,15352,Weapon,Explosives,
13148,15353,Weapon,Firearm,
13149,15354,Weapon,Poison,
13150,15355,Weapon,Other,
13151,15356,Weapon,Explosives,
13152,15357,Weapon,Poison,
13153,15358,Weapon,Poison,
13154,15359,Weapon,Knife,
13155,15360,Weapon,Knife,
13156,15361,Weapon,Other,
13157,15362,Weapon,Other,
13158,15363,Weapon,Explosives,
13159,15364,Weapon,Poison,
13160,15365,Weapon,Other,
13161,15366,Weapon,Knife,
13162,15367,Weapon,Poison,
13163,15368,Weapon,Firearm,
13164,15369,Weapon,Explosives,
13165,15371,Weapon,Firearm,
13166,15372,Weapon,Knife,
13167,15373,Weapon,Poison,
13168,15374,Weapon,Other,
13169,15375,Weapon,Poison,
13170,15377,Weapon,Knife,
13171,15378,Weapon,Poison,
13172,15379,Weapon,Other,
13173,15381,Weapon,Blunt Object,
13174,15383,Weapon,Explosives,
13175,15385,Weapon,Knife,
13176,15386,Weapon,Other,
13177,15388,Weapon,Firearm,
13178,15389,Weapon,Other,
13179,15390,Weapon,Knife,
13180,15391,Weapon,Poison,
13181,15392,Weapon,Blunt Object,
13182,15393,Weapon,Blunt Object,
13183,15394,Weapon,Explosives,
13184,15395,Weapon,Poison,
13185,15396,Weapon,Other,
13186,15397,Weapon,Blunt Object,
13187,15398,Weapon,Other,
13188,15399,Weapon,Knife,
13189,15400,Weapon,Other,
13190,15401,Weapon,Other,
13191,15402,Weapon,Firearm,
13192,15403,Weapon,Firearm,
13193,15404,Weapon,Blunt Object,
13194,15405,Weapon,Blunt Object,
13195,15406,Weapon,Explosives,
13196,15407,Weapon,Firearm,
13197,15408,Weapon,Other,
13198,15409,Weapon,Knife,
13199,15410,Weapon,Explosives,
13200,15411,Weapon,Poison,
13201,15412,Weapon,Blunt Object,
13202,15413,Weapon,Poison,
13203,15414,Weapon,Firearm,
13204,15415,Weapon,Firearm,
13205,15417,Weapon,Blunt Object,
13206,15418,Weapon,Firearm,
13207,15419,Weapon,Knife,
13208,15420,Weapon,Explosives,
13209,15421,Weapon,Firearm,
13210,15422,Weapon,Knife,
13211,15423,Weapon,Other,
13212,15424,Weapon,Blunt Object,
13213,15425,Weapon,Explosives,
13214,15427,Weapon,Firearm,
13215,15428,Weapon,Other,
13216,15429,Weapon,Knife,
13217,15430,Weapon,Poison,
13218,15433,Weapon,Other,
13219,15435,Weapon,Poison,
13220,15436,Weapon,Firearm,
13221,15437,Weapon,Knife,
13222,15438,Weapon,Explosives,
13223,15439,Weapon,Firearm,
13224,15440,Weapon,Firearm,
13225,15441,Weapon,Poison,
13226,15442,Weapon,Poison,
13227,15443,Weapon,Knife,
13228,15444,Weapon,Firearm,
13229,15445,Weapon,Knife,
13230,15446,Weapon,Firearm,
13231,15447,Weapon,Knife,
13232,15449,Weapon,Firearm,
13233,15450,Weapon,Firearm,
13234,15451,Weapon,Explosives,
13235,15452,Weapon,Poison,
13236,15453,Weapon,Poison,
13237,15454,Weapon,Poison,
13238,15456,Weapon,Explosives,
13239,15458,Weapon,Firearm,
13240,15459,Weapon,Poison,
13241,15460,Weapon,Firearm,
13242,15461,Weapon,Explosives,
13243,15462,Weapon,Poison,
13244,15463,Weapon,Other,
13245,15464,Weapon,Firearm,
13246,15465,Weapon,Poison,
13247,15466,Weapon,Blunt Object,
13248,15467,Weapon,Other,
13249,15469,Weapon,Other,
13250,15470,Weapon,Knife,
13251,15471,Weapon,Knife,
13252,15473,Weapon,Other,
13253,15474,Weapon,Poison,
13254,15475,Weapon,Firearm,
13255,15477,Weapon,Poison,
13256,15478,Weapon,Firearm,
13257,15479,Weapon,Explosives,
13258,15480,Weapon,Knife,
13259,15481,Weapon,Knife,
13260,15482,Weapon,Explosives,
13261,15483,Weapon,Other,
13262,15484,Weapon,Firearm,
13263,15485,Weapon,Explosives,
13264,15486,Weapon,Explosives,
13265,15488,Weapon,Explosives,
13266,15489,Weapon,Knife,
13267,15490,Weapon,Firearm,
13268,15491,Weapon,Knife,
13269,15494,Weapon,Other,
13270,15495,Weapon,Poison,
13271,15496,Weapon,Explosives,
13272,15497,Weapon,Poison,
13273,15498,Weapon,Blunt Object,
13274,15499,Weapon,Knife,
13275,15500,Weapon,Other,
13276,15501,Weapon,Poison,
13277,15502,Weapon,Firearm,
13278,15503,Weapon,Explosives,
13279,15504,Weapon,Poison,
13280,15505,Weapon,Explosives,
13281,15506,Weapon,Other,
13282,15507,Weapon,Poison,
13283,15508,Weapon,Other,
13284,15509,Weapon,Explosives,
13285,15510,Weapon,Poison,
13286,15511,Weapon,Explosives,
13287,15512,Weapon,Poison,
13288,15514,Weapon,Blunt Object,
13289,15515,Weapon,Firearm,
13290,15516,Weapon,Explosives,
13291,15517,Weapon,Explosives,
13292,15519,Weapon,Other,
13293,15520,Weapon,Knife,
13294,15521,Weapon,Knife,
13295,15523,Weapon,Blunt Object,
13296,15524,Weapon,Other,
13297,15525,Weapon,Poison,
13298,15526,Weapon,Poison,
13299,15529,Weapon,Explosives,
13300,15530,Weapon,Poison,
13301,15534,Weapon,Firearm,
13302,15535,Weapon,Blunt Object,
13303,15536,Weapon,Firearm,
13304,15537,Weapon,Knife,
13305,15538,Weapon,Blunt Object,
13306,15539,Weapon,Explosives,
13307,15540,Weapon,Knife,
13308,15541,Weapon,Knife,
13309,15542,Weapon,Firearm,
13310,15544,Weapon,Blunt Object,
13311,15545,Weapon,Blunt Object,
13312,15546,Weapon,Firearm,
13313,15547,Weapon,Knife,
13314,15548,Weapon,Knife,
13315,15549,Weapon,Firearm,
13316,15550,Weapon,Poison,
13317,15551,Weapon,Knife,
13318,15552,Weapon,Firearm,
13319,15554,Weapon,Other,
13320,15556,Weapon,Firearm,
13321,15558,Weapon,Knife,
13322,15559,Weapon,Explosives,
13323,15560,Weapon,Explosives,
13324,15561,Weapon,Poison,
13325,15562,Weapon,Other,
13326,15563,Weapon,Other,
13327,15564,Weapon,Firearm,
13328,15565,Weapon,Knife,
13329,15566,Weapon,Poison,
13330,15568,Weapon,Poison,
13331,15569,Weapon,Firearm,
13332,15571,Weapon,Poison,
13333,15572,Weapon,Knife,
13334,15573,Weapon,Poison,
13335,15574,Weapon,Blunt Object,
13336,15575,Weapon,Poison,
13337,15576,Weapon,Explosives,
13338,15577,Weapon,Blunt Object,
13339,15578,Weapon,Other,
13340,15579,Weapon,Other,
13341,15580,Weapon,Explosives,
13342,15581,Weapon,Poison,
13343,15582,Weapon,Blunt Object,
13344,15585,Weapon,Other,
13345,15586,Weapon,Poison,
13346,15587,Weapon,Blunt Object,
13347,15588,Weapon,Explosives,
13348,15589,Weapon,Other,
13349,15590,Weapon,Blunt Object,
13350,15591,Weapon,Firearm,
13351,15593,Weapon,Explosives,
13352,15594,Weapon,Other,
13353,15595,Weapon,Knife,
13354,15596,Weapon,Other,
13355,15597,Weapon,Explosives,
13356,15598,Weapon,Knife,
13357,15600,Weapon,Knife,
13358,15601,Weapon,Firearm,
13359,15602,Weapon,Poison,
13360,15603,Weapon,Poison,
13361,15604,Weapon,Poison,
13362,15605,Weapon,Blunt Object,
13363,15607,Weapon,Explosives,
13364,15608,Weapon,Blunt Object,
13365,15609,Weapon,Poison,
13366,15610,Weapon,Other,
13367,15611,Weapon,Firearm,
13368,15612,Weapon,Other,
13369,15613,Weapon,Knife,
13370,15614,Weapon,Knife,
13371,15617,Weapon,Other,
13372,15619,Weapon,Other,
13373,15620,Weapon,Explosives,
13374,15622,Weapon,Poison,
13375,15623,Weapon,Firearm,
13376,15624,Weapon,Explosives,
13377,15625,Weapon,Other,
13378,15627,Weapon,Blunt Object,
13379,15629,Weapon,Poison,
13380,15630,Weapon,Poison,
13381,15631,Weapon,Poison,
13382,15632,Weapon,Knife,
13383,15633,Weapon,Firearm,
13384,15634,Weapon,Knife,
13385,15637,Weapon,Poison,
13386,15638,Weapon,Other,
13387,15639,Weapon,Knife,
13388,15640,Weapon,Knife,
13389,15641,Weapon,Poison,
13390,15642,Weapon,Firearm,
13391,15643,Weapon,Other,
13392,15644,Weapon,Blunt Object,
13393,15646,Weapon,Blunt Object,
13394,15647,Weapon,Blunt Object,
13395,15648,Weapon,Other,
13396,15649,Weapon,Blunt Object,
13397,15650,Weapon,Other,
13398,15651,Weapon,Other,
13399,15653,Weapon,Firearm,
13400,15654,Weapon,Poison,
13401,15655,Weapon,Poison,
13402,15656,Weapon,Firearm,
13403,15657,Weapon,Knife,
13404,15658,Weapon,Explosives,
13405,15659,Weapon,Firearm,
13406,15660,Weapon,Knife,
13407,15661,Weapon,Explosives,
13408,15662,Weapon,Blunt Object,
13409,15663,Weapon,Knife,
13410,15664,Weapon,Knife,
13411,15665,Weapon,Poison,
13412,15666,Weapon,Firearm,
13413,15668,Weapon,Explosives,
13414,15669,Weapon,Explosives,
13415,15670,Weapon,Explosives,
13416,15671,Weapon,Other,
13417,15672,Weapon,Other,
13418,15673,Weapon,Knife,
13419,15674,Weapon,Poison,
13420,15675,Weapon,Other,
13421,15677,Weapon,Blunt Object,
13422,15678,Weapon,Firearm,
13423,15679,Weapon,Blunt Object,
13424,15681,Weapon,Knife,
13425,15682,Weapon,Poison,
13426,15683,Weapon,Poison,
13427,15685,Weapon,Knife,
13428,15686,Weapon,Explosives,
13429,15687,Weapon,Other,
13430,15688,Weapon,Poison,
13431,15690,Weapon,Blunt Object,
13432,15691,Weapon,Other,
13433,15692,Weapon,Blunt Object,
13434,15693,Weapon,Firearm,
13435,15694,Weapon,Blunt Object,
13436,15695,Weapon,Other,
13437,15696,Weapon,Other,
13438,15697,Weapon,Other,
13439,15698,Weapon,Knife,
13440,15699,Weapon,Blunt Object,
13441,15700,Weapon,Poison,
13442,15701,Weapon,Other,
13443,15702,Weapon,Firearm,
13444,15703,Weapon,Blunt Object,
13445,15704,Weapon,Explosives,
13446,15705,Weapon,Other,
13447,15707,Weapon,Knife,
13448,15708,Weapon,Explosives,
13449,15709,Weapon,Other,
13450,15710,Weapon,Other,
13451,15711,Weapon,Firearm,
13452,15712,Weapon,Knife,
13453,15713,Weapon,Knife,
13454,15714,Weapon,Poison,
13455,15715,Weapon,Firearm,
13456,15716,Weapon,Poison,
13457,15718,Weapon,Blunt Object,
13458,15719,Weapon,Firearm,
13459,15720,Weapon,Explosives,
13460,15721,Weapon,Blunt Object,
13461,15723,Weapon,Firearm,
13462,15724,Weapon,Knife,
13463,15725,Weapon,Knife,
13464,15726,Weapon,Other,
13465,15727,Weapon,Other,
13466,15728,Weapon,Blunt Object,
13467,15729,Weapon,Other,
13468,15730,Weapon,Explosives,
13469,15731,Weapon,Firearm,
13470,15733,Weapon,Explosives,
13471,15734,Weapon,Firearm,
13472,15735,Weapon,Explosives,
13473,15737,Weapon,Other,
13474,15739,Weapon,Knife,
13475,15740,Weapon,Firearm,
13476,15741,Weapon,Firearm,
13477,15742,Weapon,Knife,
13478,15743,Weapon,Other,
13479,15744,Weapon,Blunt Object,
13480,15745,Weapon,Poison,
13481,15749,Weapon,Knife,
13482,15750,Weapon,Knife,
13483,15751,Weapon,Other,
13484,15752,Weapon,Explosives,
13485,15753,Weapon,Firearm,
13486,15754,Weapon,Explosives,
13487,15757,Weapon,Explosives,
13488,15758,Weapon,Poison,
13489,15759,Weapon,Knife,
13490,15760,Weapon,Firearm,
13491,15761,Weapon,Explosives,
13492,15763,Weapon,Blunt Object,
13493,15764,Weapon,Explosives,
13494,15765,Weapon,Knife,
13495,15766,Weapon,Other,
13496,15767,Weapon,Firearm,
13497,15768,Weapon,Knife,
13498,15769,Weapon,Other,
13499,15770,Weapon,Poison,
13500,15771,Weapon,Blunt Object,
13501,15772,Weapon,Explosives,
13502,15773,Weapon,Poison,
13503,15775,Weapon,Poison,
13504,15776,Weapon,Explosives,
13505,15777,Weapon,Poison,
13506,15778,Weapon,Explosives,
13507,15779,Weapon,Other,
13508,15780,Weapon,Other,
13509,15781,Weapon,Poison,
13510,15782,Weapon,Firearm,
13511,15783,Weapon,Explosives,
13512,15784,Weapon,Knife,
13513,15786,Weapon,Blunt Object,
13514,15787,Weapon,Knife,
13515,15788,Weapon,Explosives,
13516,15789,Weapon,Other,
13517,15790,Weapon,Explosives,
13518,15791,Weapon,Firearm,
13519,15792,Weapon,Poison,
13520,15793,Weapon,Knife,
13521,15794,Weapon,Blunt Object,
13522,15795,Weapon,Blunt Object,
13523,15796,Weapon,Knife,
13524,15798,Weapon,Blunt Object,
13525,15799,Weapon,Explosives,
13526,15800,Weapon,Knife,
13527,15801,Weapon,Other,
13528,15802,Weapon,Other,
13529,15803,Weapon,Knife,
13530,15805,Weapon,Firearm,
13531,15806,Weapon,Other,
13532,15807,Weapon,Other,
13533,15808,Weapon,Blunt Object,
13534,15809,Weapon,Other,
13535,15810,Weapon,Blunt Object,
13536,15811,Weapon,Explosives,
13537,15812,Weapon,Other,
13538,15813,Weapon,Knife,
13539,15814,Weapon,Explosives,
13540,15815,Weapon,Poison,
13541,15816,Weapon,Poison,
13542,15817,Weapon,Other,
13543,15818,Weapon,Poison,
13544,15819,Weapon,Blunt Object,
13545,15820,Weapon,Firearm,
13546,15821,Weapon,Explosives,
13547,15822,Weapon,Explosives,
13548,15823,Weapon,Blunt Object,
13549,15824,Weapon,Explosives,
13550,15825,Weapon,Blunt Object,
13551,15826,Weapon,Firearm,
13552,15827,Weapon,Knife,
13553,15828,Weapon,Blunt Object,
13554,15829,Weapon,Blunt Object,
13555,15830,Weapon,Blunt Object,
13556,15831,Weapon,Other,
13557,15832,Weapon,Other,
13558,15833,Weapon,Poison,
13559,15834,Weapon,Knife,
13560,15835,Weapon,Poison,
13561,15836,Weapon,Explosives,
13562,15837,Weapon,Other,
13563,15838,Weapon,Other,
13564,15839,Weapon,Other,
13565,15841,Weapon,Other,
13566,15842,Weapon,Poison,
13567,15843,Weapon,Other,
13568,15844,Weapon,Other,
13569,15846,Weapon,Knife,
13570,15847,Weapon,Poison,
13571,15848,Weapon,Knife,
13572,15849,Weapon,Other,
13573,15850,Weapon,Firearm,
13574,15851,Weapon,Poison,
13575,15853,Weapon,Blunt Object,
13576,15855,Weapon,Explosives,
13577,15856,Weapon,Firearm,
13578,15857,Weapon,Firearm,
13579,15858,Weapon,Other,
13580,15859,Weapon,Firearm,
13581,15860,Weapon,Poison,
13582,15862,Weapon,Poison,
13583,15863,Weapon,Blunt Object,
13584,15864,Weapon,Firearm,
13585,15865,Weapon,Explosives,
13586,15866,Weapon,Firearm,
13587,15868,Weapon,Firearm,
13588,15869,Weapon,Blunt Object,
13589,15870,Weapon,Blunt Object,
13590,15871,Weapon,Explosives,
13591,15872,Weapon,Blunt Object,
13592,15875,Weapon,Other,
13593,15876,Weapon,Knife,
13594,15877,Weapon,Blunt Object,
13595,15878,Weapon,Firearm,
13596,15879,Weapon,Knife,
13597,15881,Weapon,Explosives,
13598,15882,Weapon,Other,
13599,15883,Weapon,Explosives,
13600,15884,Weapon,Blunt Object,
13601,15886,Weapon,Knife,
13602,15887,Weapon,Blunt Object,
13603,15888,Weapon,Explosives,
13604,15889,Weapon,Knife,
13605,15890,Weapon,Firearm,
13606,15891,Weapon,Explosives,
13607,15892,Weapon,Blunt Object,
13608,15893,Weapon,Other,
13609,15894,Weapon,Poison,
13610,15895,Weapon,Explosives,
13611,15898,Weapon,Explosives,
13612,15899,Weapon,Explosives,
13613,15900,Weapon,Blunt Object,
13614,15901,Weapon,Firearm,
13615,15902,Weapon,Explosives,
13616,15903,Weapon,Other,
13617,15904,Weapon,Other,
13618,15905,Weapon,Poison,
13619,15906,Weapon,Explosives,
13620,15907,Weapon,Explosives,
13621,15908,Weapon,Knife,
13622,15909,Weapon,Firearm,
13623,15910,Weapon,Explosives,
13624,15912,Weapon,Firearm,
13625,15913,Weapon,Other,
13626,15914,Weapon,Poison,
13627,15915,Weapon,Firearm,
13628,15916,Weapon,Knife,
13629,15917,Weapon,Blunt Object,
13630,15918,Weapon,Explosives,
13631,15920,Weapon,Blunt Object,
13632,15921,Weapon,Firearm,
13633,15922,Weapon,Blunt Object,
13634,15923,Weapon,Poison,
13635,15924,Weapon,Firearm,
13636,15925,Weapon,Blunt Object,
13637,15926,Weapon,Other,
13638,15927,Weapon,Explosives,
13639,15928,Weapon,Other,
13640,15929,Weapon,Blunt Object,
13641,15930,Weapon,Blunt Object,
13642,15931,Weapon,Firearm,
13643,15932,Weapon,Other,
13644,15933,Weapon,Poison,
13645,15934,Weapon,Blunt Object,
13646,15935,Weapon,Blunt Object,
13647,15936,Weapon,Firearm,
13648,15937,Weapon,Explosives,
13649,15938,Weapon,Firearm,
13650,15940,Weapon,Knife,
13651,15941,Weapon,Firearm,
13652,15942,Weapon,Explosives,
13653,15943,Weapon,Poison,
13654,15944,Weapon,Firearm,
13655,15945,Weapon,Knife,
13656,15946,Weapon,Poison,
13657,15947,Weapon,Knife,
13658,15950,Weapon,Blunt Object,
13659,15951,Weapon,Poison,
13660,15952,Weapon,Knife,
13661,15953,Weapon,Explosives,
13662,15954,Weapon,Explosives,
13663,15955,Weapon,Blunt Object,
13664,15956,Weapon,Explosives,
13665,15957,Weapon,Blunt Object,
13666,15958,Weapon,Poison,
13667,15959,Weapon,Poison,
13668,15960,Weapon,Explosives,
13669,15961,Weapon,Other,
13670,15962,Weapon,Firearm,
13671,15963,Weapon,Poison,
13672,15964,Weapon,Firearm,
13673,15965,Weapon,Knife,
13674,15966,Weapon,Firearm,
13675,15967,Weapon,Poison,
13676,15968,Weapon,Explosives,
13677,15969,Weapon,Other,
13678,15970,Weapon,Poison,
13679,15971,Weapon,Poison,
13680,15972,Weapon,Other,
13681,15973,Weapon,Explosives,
13682,15975,Weapon,Knife,
13683,15976,Weapon,Other,
13684,15977,Weapon,Explosives,
13685,15978,Weapon,Knife,
13686,15979,Weapon,Blunt Object,
13687,15980,Weapon,Explosives,
13688,15981,Weapon,Firearm,
13689,15984,Weapon,Poison,
13690,15985,Weapon,Other,
13691,15986,Weapon,Blunt Object,
13692,15987,Weapon,Explosives,
13693,15988,Weapon,Poison,
13694,15989,Weapon,Blunt Object,
13695,15990,Weapon,Blunt Object,
13696,15991,Weapon,Knife,
13697,15992,Weapon,Knife,
13698,15993,Weapon,Firearm,
13699,15994,Weapon,Other,
13700,15995,Weapon,Poison,
13701,15996,Weapon,Explosives,
13702,15997,Weapon,Poison,
13703,15998,Weapon,Knife,
13704,15999,Weapon,Explosives,
13705,16000,Weapon,Poison,
13706,16001,Weapon,Explosives,
13707,16002,Weapon,Firearm,
13708,16003,Weapon,Other,
13709,16004,Weapon,Explosives,
13710,16005,Weapon,Other,
13711,16006,Weapon,Blunt Object,
13712,16007,Weapon,Knife,
13713,16008,Weapon,Firearm,
13714,16009,Weapon,Other,
13715,16010,Weapon,Firearm,
13716,16011,Weapon,Blunt Object,
13717,16012,Weapon,Firearm,
13718,16013,Weapon,Poison,
13719,16014,Weapon,Explosives,
13720,16015,Weapon,Explosives,
13721,16016,Weapon,Knife,
13722,16017,Weapon,Firearm,
13723,16018,Weapon,Other,
13724,16019,Weapon,Knife,
13725,16020,Weapon,Blunt Object,
13726,16021,Weapon,Explosives,
13727,16025,Weapon,Explosives,
13728,16026,Weapon,Firearm,
13729,16027,Weapon,Poison,
13730,16028,Weapon,Other,
13731,16029,Weapon,Blunt Object,
13732,16030,Weapon,Blunt Object,
13733,16031,Weapon,Poison,
13734,16032,Weapon,Other,
13735,16033,Weapon,Firearm,
13736,16034,Weapon,Other,
13737,16035,Weapon,Other,
13738,16036,Weapon,Explosives,
13739,16037,Weapon,Knife,
13740,16038,Weapon,Poison,
13741,16039,Weapon,Explosives,
13742,16040,Weapon,Poison,
13743,16041,Weapon,Firearm,
13744,16042,Weapon,Knife,
13745,16044,Weapon,Blunt Object,
13746,16045,Weapon,Other,
13747,16046,Weapon,Other,
13748,16047,Weapon,Explosives,
13749,16048,Weapon,Other,
13750,16049,Weapon,Other,
13751,16050,Weapon,Blunt Object,
13752,16051,Weapon,Blunt Object,
13753,16052,Weapon,Other,
13754,16053,Weapon,Other,
13755,16054,Weapon,Explosives,
13756,16055,Weapon,Explosives,
13757,16056,Weapon,Other,
13758,16057,Weapon,Blunt Object,
13759,16058,Weapon,Explosives,
13760,16059,Weapon,Poison,
13761,16060,Weapon,Blunt Object,
13762,16061,Weapon,Knife,
13763,16064,Weapon,Knife,
13764,16065,Weapon,Poison,
13765,16066,Weapon,Explosives,
13766,16067,Weapon,Explosives,
13767,16069,Weapon,Poison,
13768,16070,Weapon,Other,
13769,16071,Weapon,Blunt Object,
13770,16072,Weapon,Knife,
13771,16073,Weapon,Poison,
13772,16074,Weapon,Knife,
13773,16075,Weapon,Other,
13774,16076,Weapon,Explosives,
13775,16077,Weapon,Poison,
13776,16078,Weapon,Poison,
13777,16079,Weapon,Poison,
13778,16080,Weapon,Knife,
13779,16081,Weapon,Poison,
13780,16082,Weapon,Explosives,
13781,16083,Weapon,Blunt Object,
13782,16084,Weapon,Firearm,
13783,16085,Weapon,Firearm,
13784,16086,Weapon,Blunt Object,
13785,16087,Weapon,Blunt Object,
13786,16089,Weapon,Knife,
13787,16090,Weapon,Firearm,
13788,16091,Weapon,Explosives,
13789,16092,Weapon,Knife,
13790,16093,Weapon,Other,
13791,16094,Weapon,Knife,
13792,16095,Weapon,Poison,
13793,16096,Weapon,Other,
13794,16097,Weapon,Knife,
13795,16098,Weapon,Firearm,
13796,16099,Weapon,Other,
13797,16100,Weapon,Blunt Object,
13798,16102,Weapon,Poison,
13799,16103,Weapon,Explosives,
13800,16104,Weapon,Poison,
13801,16105,Weapon,Knife,
13802,16106,Weapon,Poison,
13803,16107,Weapon,Blunt Object,
13804,16110,Weapon,Other,
13805,16111,Weapon,Explosives,
13806,16112,Weapon,Firearm,
13807,16113,Weapon,Poison,
13808,16114,Weapon,Blunt Object,
13809,16115,Weapon,Firearm,
13810,16116,Weapon,Knife,
13811,16117,Weapon,Firearm,
13812,16118,Weapon,Poison,
13813,16119,Weapon,Poison,
13814,16120,Weapon,Firearm,
13815,16121,Weapon,Blunt Object,
13816,16122,Weapon,Knife,
13817,16123,Weapon,Knife,
13818,16124,Weapon,Poison,
13819,16125,Weapon,Poison,
13820,16126,Weapon,Poison,
13821,16127,Weapon,Blunt Object,
13822,16128,Weapon,Knife,
13823,16129,Weapon,Firearm,
13824,16130,Weapon,Poison,
13825,16131,Weapon,Other,
13826,16132,Weapon,Firearm,
13827,16133,Weapon,Knife,
13828,16134,Weapon,Poison,
13829,16135,Weapon,Firearm,
13830,16136,Weapon,Explosives,
13831,16137,Weapon,Blunt Object,
13832,16139,Weapon,Blunt Object,
13833,16140,Weapon,Other,
13834,16141,Weapon,Poison,
13835,16142,Weapon,Blunt Object,
13836,16143,Weapon,Explosives,
13837,16144,Weapon,Knife,
13838,16145,Weapon,Explosives,
13839,16146,Weapon,Firearm,
13840,16147,Weapon,Blunt Object,
13841,16148,Weapon,Poison,
13842,16150,Weapon,Other,
13843,16152,Weapon,Knife,
13844,16153,Weapon,Other,
13845,16154,Weapon,Explosives,
13846,16156,Weapon,Explosives,
13847,16157,Weapon,Blunt Object,
13848,16158,Weapon,Poison,
13849,16159,Weapon,Blunt Object,
13850,16160,Weapon,Firearm,
13851,16161,Weapon,Poison,
13852,16162,Weapon,Other,
13853,16163,Weapon,Poison,
13854,16164,Weapon,Knife,
13855,16165,Weapon,Other,
13856,16166,Weapon,Explosives,
13857,16167,Weapon,Firearm,
13858,16168,Weapon,Poison,
13859,16169,Weapon,Explosives,
13860,16170,Weapon,Blunt Object,
13861,16171,Weapon,Firearm,
13862,16172,Weapon,Firearm,
13863,16173,Weapon,Explosives,
13864,16174,Weapon,Other,
13865,16175,Weapon,Firearm,
13866,16176,Weapon,Knife,
13867,16177,Weapon,Blunt Object,
13868,16178,Weapon,Other,
13869,16180,Weapon,Blunt Object,
13870,16181,Weapon,Poison,
13871,16183,Weapon,Blunt Object,
13872,16184,Weapon,Blunt Object,
13873,16185,Weapon,Explosives,
13874,16186,Weapon,Explosives,
13875,16187,Weapon,Firearm,
13876,16188,Weapon,Poison,
13877,16189,Weapon,Knife,
13878,16190,Weapon,Poison,
13879,16191,Weapon,Other,
13880,16193,Weapon,Explosives,
13881,16194,Weapon,Poison,
13882,16195,Weapon,Blunt Object,
13883,16196,Weapon,Poison,
13884,16197,Weapon,Explosives,
13885,16198,Weapon,Other,
13886,16200,Weapon,Other,
13887,16201,Weapon,Knife,
13888,16202,Weapon,Firearm,
13889,16203,Weapon,Blunt Object,
13890,16204,Weapon,Explosives,
13891,16206,Weapon,Other,
13892,16208,Weapon,Other,
13893,16209,Weapon,Firearm,
13894,16210,Weapon,Knife,
13895,16211,Weapon,Blunt Object,
13896,16212,Weapon,Blunt Object,
13897,16213,Weapon,Blunt Object,
13898,16214,Weapon,Firearm,
13899,16215,Weapon,Firearm,
13900,16216,Weapon,Poison,
13901,16217,Weapon,Explosives,
13902,16218,Weapon,Other,
13903,16221,Weapon,Firearm,
13904,16222,Weapon,Explosives,
13905,16223,Weapon,Other,
13906,16224,Weapon,Blunt Object,
13907,16225,Weapon,Blunt Object,
13908,16226,Weapon,Firearm,
13909,16227,Weapon,Firearm,
13910,16228,Weapon,Other,
13911,16229,Weapon,Blunt Object,
13912,16230,Weapon,Blunt Object,
13913,16231,Weapon,Other,
13914,16232,Weapon,Firearm,
13915,16233,Weapon,Explosives,
13916,16234,Weapon,Other,
13917,16236,Weapon,Knife,
13918,16237,Weapon,Other,
13919,16238,Weapon,Blunt Object,
13920,16239,Weapon,Other,
13921,16240,Weapon,Blunt Object,
13922,16241,Weapon,Poison,
13923,16242,Weapon,Other,
13924,16243,Weapon,Other,
13925,16245,Weapon,Knife,
13926,16246,Weapon,Explosives,
13927,16247,Weapon,Firearm,
13928,16248,Weapon,Knife,
13929,16249,Weapon,Knife,
13930,16250,Weapon,Other,
13931,16251,Weapon,Poison,
13932,16253,Weapon,Poison,
13933,16254,Weapon,Explosives,
13934,16255,Weapon,Knife,
13935,16256,Weapon,Firearm,
13936,16257,Weapon,Blunt Object,
13937,16258,Weapon,Explosives,
13938,16259,Weapon,Explosives,
13939,16260,Weapon,Blunt Object,
13940,16261,Weapon,Firearm,
13941,16262,Weapon,Blunt Object,
13942,16263,Weapon,Other,
13943,16264,Weapon,Firearm,
13944,16265,Weapon,Poison,
13945,16266,Weapon,Other,
13946,16267,Weapon,Other,
13947,16268,Weapon,Explosives,
13948,16269,Weapon,Knife,
13949,16270,Weapon,Explosives,
13950,16271,Weapon,Blunt Object,
13951,16272,Weapon,Firearm,
13952,16273,Weapon,Other,
13953,16274,Weapon,Explosives,
13954,16275,Weapon,Firearm,
13955,16278,Weapon,Blunt Object,
13956,16279,Weapon,Other,
13957,16280,Weapon,Other,
13958,16281,Weapon,Other,
13959,16282,Weapon,Blunt Object,
13960,16283,Weapon,Firearm,
13961,16284,Weapon,Blunt Object,
13962,16285,Weapon,Explosives,
13963,16286,Weapon,Firearm,
13964,16288,Weapon,Blunt Object,
13965,16289,Weapon,Poison,
13966,16290,Weapon,Firearm,
13967,16291,Weapon,Blunt Object,
13968,16292,Weapon,Poison,
13969,16293,Weapon,Blunt Object,
13970,16294,Weapon,Firearm,
13971,16295,Weapon,Explosives,
13972,16296,Weapon,Explosives,
13973,16297,Weapon,Firearm,
13974,16298,Weapon,Blunt Object,
13975,16299,Weapon,Explosives,
13976,16300,Weapon,Blunt Object,
13977,16301,Weapon,Poison,
13978,16302,Weapon,Blunt Object,
13979,16303,Weapon,Explosives,
13980,16304,Weapon,Poison,
13981,16305,Weapon,Blunt Object,
13982,16306,Weapon,Other,
13983,16307,Weapon,Firearm,
13984,16308,Weapon,Explosives,
13985,16309,Weapon,Other,
13986,16311,Weapon,Other,
13987,16312,Weapon,Poison,
13988,16313,Weapon,Firearm,
13989,16314,Weapon,Firearm,
13990,16318,Weapon,Explosives,
13991,16319,Weapon,Knife,
13992,16320,Weapon,Firearm,
13993,16321,Weapon,Other,
13994,16322,Weapon,Explosives,
13995,16323,Weapon,Poison,
13996,16324,Weapon,Firearm,
13997,16325,Weapon,Other,
13998,16326,Weapon,Blunt Object,
13999,16327,Weapon,Blunt Object,
14000,16328,Weapon,Firearm,
14001,16329,Weapon,Explosives,
14002,16330,Weapon,Blunt Object,
14003,16331,Weapon,Poison,
14004,16332,Weapon,Firearm,
14005,16334,Weapon,Blunt Object,
14006,16335,Weapon,Blunt Object,
14007,16336,Weapon,Explosives,
14008,16337,Weapon,Explosives,
14009,16338,Weapon,Poison,
14010,16339,Weapon,Poison,
14011,16340,Weapon,Other,
14012,16341,Weapon,Knife,
14013,16342,Weapon,Firearm,
14014,16344,Weapon,Explosives,
14015,16345,Weapon,Knife,
14016,16346,Weapon,Firearm,
14017,16347,Weapon,Blunt Object,
14018,16348,Weapon,Poison,
14019,16349,Weapon,Explosives,
14020,16350,Weapon,Knife,
14021,16351,Weapon,Blunt Object,
14022,16352,Weapon,Poison,
14023,16353,Weapon,Explosives,
14024,16355,Weapon,Explosives,
14025,16356,Weapon,Other,
14026,16357,Weapon,Explosives,
14027,16358,Weapon,Explosives,
14028,16359,Weapon,Knife,
14029,16360,Weapon,Knife,
14030,16361,Weapon,Explosives,
14031,16363,Weapon,Blunt Object,
14032,16364,Weapon,Knife,
14033,16366,Weapon,Other,
14034,16367,Weapon,Knife,
14035,16368,Weapon,Blunt Object,
14036,16369,Weapon,Blunt Object,
14037,16370,Weapon,Other,
14038,16371,Weapon,Other,
14039,16372,Weapon,Poison,
14040,16374,Weapon,Explosives,
14041,16375,Weapon,Knife,
14042,16376,Weapon,Knife,
14043,16377,Weapon,Firearm,
14044,16378,Weapon,Firearm,
14045,16379,Weapon,Other,
14046,16380,Weapon,Other,
14047,16382,Weapon,Explosives,
14048,16383,Weapon,Firearm,
14049,16385,Weapon,Knife,
14050,16386,Weapon,Firearm,
14051,16387,Weapon,Firearm,
14052,16388,Weapon,Blunt Object,
14053,16390,Weapon,Poison,
14054,16391,Weapon,Firearm,
14055,16393,Weapon,Knife,
14056,16395,Weapon,Blunt Object,
14057,16396,Weapon,Explosives,
14058,16397,Weapon,Poison,
14059,16398,Weapon,Knife,
14060,16399,Weapon,Poison,
14061,16402,Weapon,Poison,
14062,16403,Weapon,Poison,
14063,16404,Weapon,Firearm,
14064,16405,Weapon,Poison,
14065,16406,Weapon,Poison,
14066,16407,Weapon,Knife,
14067,16408,Weapon,Firearm,
14068,16411,Weapon,Blunt Object,
14069,16412,Weapon,Blunt Object,
14070,16413,Weapon,Poison,
14071,16414,Weapon,Other,
14072,16415,Weapon,Other,
14073,16417,Weapon,Explosives,
14074,16418,Weapon,Knife,
14075,16420,Weapon,Poison,
14076,16421,Weapon,Blunt Object,
14077,16422,Weapon,Poison,
14078,16424,Weapon,Other,
14079,16425,Weapon,Firearm,
14080,16426,Weapon,Explosives,
14081,16427,Weapon,Explosives,
14082,16428,Weapon,Knife,
14083,16429,Weapon,Other,
14084,16430,Weapon,Knife,
14085,16431,Weapon,Firearm,
14086,16432,Weapon,Other,
14087,16433,Weapon,Explosives,
14088,16434,Weapon,Explosives,
14089,16435,Weapon,Explosives,
14090,16437,Weapon,Firearm,
14091,16441,Weapon,Explosives,
14092,16442,Weapon,Blunt Object,
14093,16444,Weapon,Explosives,
14094,16445,Weapon,Knife,
14095,16446,Weapon,Blunt Object,
14096,16447,Weapon,Explosives,
14097,16448,Weapon,Knife,
14098,16449,Weapon,Poison,
14099,16450,Weapon,Explosives,
14100,16451,Weapon,Blunt Object,
14101,16453,Weapon,Other,
14102,16454,Weapon,Knife,
14103,16455,Weapon,Other,
14104,16456,Weapon,Firearm,
14105,16457,Weapon,Poison,
14106,16458,Weapon,Poison,
14107,16459,Weapon,Firearm,
14108,16460,Weapon,Other,
14109,16461,Weapon,Explosives,
14110,16462,Weapon,Poison,
14111,16463,Weapon,Poison,
14112,16464,Weapon,Blunt Object,
14113,16465,Weapon,Poison,
14114,16466,Weapon,Blunt Object,
14115,16468,Weapon,Blunt Object,
14116,16470,Weapon,Blunt Object,
14117,16471,Weapon,Explosives,
14118,16472,Weapon,Other,
14119,16473,Weapon,Knife,
14120,16474,Weapon,Blunt Object,
14121,16475,Weapon,Firearm,
14122,16476,Weapon,Firearm,
14123,16477,Weapon,Other,
14124,16478,Weapon,Poison,
14125,16479,Weapon,Blunt Object,
14126,16480,Weapon,Explosives,
14127,16481,Weapon,Explosives,
14128,16482,Weapon,Knife,
14129,16483,Weapon,Blunt Object,
14130,16485,Weapon,Firearm,
14131,16486,Weapon,Explosives,
14132,16487,Weapon,Other,
14133,16488,Weapon,Blunt Object,
14134,16489,Weapon,Knife,
14135,16490,Weapon,Firearm,
14136,16491,Weapon,Explosives,
14137,16492,Weapon,Knife,
14138,16493,Weapon,Blunt Object,
14139,16494,Weapon,Knife,
14140,16495,Weapon,Explosives,
14141,16497,Weapon,Other,
14142,16498,Weapon,Blunt Object,
14143,16499,Weapon,Other,
14144,16501,Weapon,Poison,
14145,16503,Weapon,Poison,
14146,16504,Weapon,Explosives,
14147,16506,Weapon,Poison,
14148,16507,Weapon,Knife,
14149,16508,Weapon,Knife,
14150,16509,Weapon,Explosives,
14151,16511,Weapon,Explosives,
14152,16512,Weapon,Explosives,
14153,16513,Weapon,Explosives,
14154,16514,Weapon,Poison,
14155,16516,Weapon,Blunt Object,
14156,16517,Weapon,Other,
14157,16518,Weapon,Explosives,
14158,16519,Weapon,Other,
14159,16520,Weapon,Knife,
14160,16521,Weapon,Other,
14161,16522,Weapon,Other,
14162,16523,Weapon,Explosives,
14163,16524,Weapon,Knife,
14164,16525,Weapon,Blunt Object,
14165,16526,Weapon,Explosives,
14166,16527,Weapon,Knife,
14167,16528,Weapon,Other,
14168,16529,Weapon,Firearm,
14169,16530,Weapon,Knife,
14170,16531,Weapon,Blunt Object,
14171,16532,Weapon,Blunt Object,
14172,16533,Weapon,Firearm,
14173,16534,Weapon,Firearm,
14174,16535,Weapon,Firearm,
14175,16536,Weapon,Blunt Object,
14176,16538,Weapon,Other,
14177,16539,Weapon,Poison,
14178,16540,Weapon,Firearm,
14179,16541,Weapon,Other,
14180,16542,Weapon,Other,
14181,16543,Weapon,Firearm,
14182,16544,Weapon,Blunt Object,
14183,16545,Weapon,Blunt Object,
14184,16546,Weapon,Explosives,
14185,16548,Weapon,Blunt Object,
14186,16549,Weapon,Explosives,
14187,16550,Weapon,Firearm,
14188,16551,Weapon,Explosives,
14189,16552,Weapon,Other,
14190,16553,Weapon,Firearm,
14191,16554,Weapon,Blunt Object,
14192,16555,Weapon,Poison,
14193,16556,Weapon,Explosives,
14194,16557,Weapon,Firearm,
14195,16558,Weapon,Knife,
14196,16559,Weapon,Knife,
14197,16560,Weapon,Explosives,
14198,16561,Weapon,Other,
14199,16562,Weapon,Explosives,
14200,16563,Weapon,Explosives,
14201,16564,Weapon,Knife,
14202,16566,Weapon,Blunt Object,
14203,16567,Weapon,Blunt Object,
14204,16568,Weapon,Other,
14205,16569,Weapon,Explosives,
14206,16570,Weapon,Blunt Object,
14207,16571,Weapon,Explosives,
14208,16572,Weapon,Blunt Object,
14209,16575,Weapon,Knife,
14210,16577,Weapon,Firearm,
14211,16578,Weapon,Other,
14212,16579,Weapon,Knife,
14213,16581,Weapon,Firearm,
14214,16582,Weapon,Blunt Object,
14215,16583,Weapon,Blunt Object,
14216,16584,Weapon,Poison,
14217,16586,Weapon,Explosives,
14218,16588,Weapon,Explosives,
14219,16590,Weapon,Firearm,
14220,16591,Weapon,Poison,
14221,16592,Weapon,Blunt Object,
14222,16593,Weapon,Knife,
14223,16594,Weapon,Poison,
14224,16595,Weapon,Other,
14225,16596,Weapon,Poison,
14226,16597,Weapon,Explosives,
14227,16598,Weapon,Blunt Object,
14228,16599,Weapon,Other,
14229,16600,Weapon,Knife,
14230,16601,Weapon,Firearm,
14231,16605,Weapon,Knife,
14232,16606,Weapon,Explosives,
14233,16607,Weapon,Poison,
14234,16608,Weapon,Explosives,
14235,16609,Weapon,Firearm,
14236,16610,Weapon,Poison,
14237,16612,Weapon,Poison,
14238,16613,Weapon,Knife,
14239,16614,Weapon,Knife,
14240,16615,Weapon,Blunt Object,
14241,16616,Weapon,Firearm,
14242,16617,Weapon,Explosives,
14243,16618,Weapon,Explosives,
14244,16619,Weapon,Firearm,
14245,16620,Weapon,Firearm,
14246,16621,Weapon,Firearm,
14247,16622,Weapon,Firearm,
14248,16623,Weapon,Other,
14249,16624,Weapon,Explosives,
14250,16625,Weapon,Blunt Object,
14251,16626,Weapon,Poison,
14252,16627,Weapon,Blunt Object,
14253,16628,Weapon,Explosives,
14254,16629,Weapon,Blunt Object,
14255,16630,Weapon,Poison,
14256,16631,Weapon,Explosives,
14257,16632,Weapon,Firearm,
14258,16633,Weapon,Blunt Object,
14259,16634,Weapon,Knife,
14260,16635,Weapon,Other,
14261,16636,Weapon,Firearm,
14262,16637,Weapon,Other,
14263,16640,Weapon,Other,
14264,16641,Weapon,Knife,
14265,16642,Weapon,Blunt Object,
14266,16643,Weapon,Explosives,
14267,16644,Weapon,Explosives,
14268,16645,Weapon,Firearm,
14269,16646,Weapon,Explosives,
14270,16648,Weapon,Explosives,
14271,16649,Weapon,Knife,
14272,16650,Weapon,Poison,
14273,16651,Weapon,Firearm,
14274,16652,Weapon,Explosives,
14275,16653,Weapon,Knife,
14276,16654,Weapon,Blunt Object,
14277,16655,Weapon,Knife,
14278,16657,Weapon,Poison,
14279,16658,Weapon,Other,
14280,16659,Weapon,Poison,
14281,16660,Weapon,Blunt Object,
14282,16662,Weapon,Poison,
14283,16663,Weapon,Knife,
14284,16664,Weapon,Knife,
14285,16666,Weapon,Knife,
14286,16667,Weapon,Knife,
14287,16668,Weapon,Blunt Object,
14288,16669,Weapon,Poison,
14289,16670,Weapon,Poison,
14290,16671,Weapon,Poison,
14291,16672,Weapon,Other,
14292,16673,Weapon,Firearm,
14293,16674,Weapon,Blunt Object,
14294,16675,Weapon,Explosives,
14295,16676,Weapon,Firearm,
14296,16678,Weapon,Knife,
14297,16679,Weapon,Knife,
14298,16680,Weapon,Blunt Object,
14299,16681,Weapon,Other,
14300,16682,Weapon,Other,
14301,16684,Weapon,Firearm,
14302,16685,Weapon,Explosives,
14303,16687,Weapon,Explosives,
14304,16688,Weapon,Explosives,
14305,16689,Weapon,Other,
14306,16690,Weapon,Poison,
14307,16691,Weapon,Firearm,
14308,16692,Weapon,Explosives,
14309,16693,Weapon,Knife,
14310,16694,Weapon,Firearm,
14311,16695,Weapon,Explosives,
14312,16696,Weapon,Firearm,
14313,16697,Weapon,Poison,
14314,16698,Weapon,Explosives,
14315,16699,Weapon,Poison,
14316,16700,Weapon,Blunt Object,
14317,16701,Weapon,Poison,
14318,16702,Weapon,Poison,
14319,16705,Weapon,Explosives,
14320,16707,Weapon,Poison,
14321,16708,Weapon,Explosives,
14322,16709,Weapon,Explosives,
14323,16711,Weapon,Blunt Object,
14324,16713,Weapon,Other,
14325,16714,Weapon,Explosives,
14326,16715,Weapon,Knife,
14327,16716,Weapon,Other,
14328,16717,Weapon,Other,
14329,16718,Weapon,Firearm,
14330,16719,Weapon,Explosives,
14331,16721,Weapon,Other,
14332,16722,Weapon,Explosives,
14333,16723,Weapon,Blunt Object,
14334,16724,Weapon,Firearm,
14335,16725,Weapon,Knife,
14336,16726,Weapon,Poison,
14337,16727,Weapon,Other,
14338,16728,Weapon,Explosives,
14339,16730,Weapon,Knife,
14340,16731,Weapon,Knife,
14341,16732,Weapon,Firearm,
14342,16733,Weapon,Other,
14343,16734,Weapon,Knife,
14344,16735,Weapon,Other,
14345,16736,Weapon,Blunt Object,
14346,16737,Weapon,Poison,
14347,16738,Weapon,Explosives,
14348,16739,Weapon,Explosives,
14349,16740,Weapon,Blunt Object,
14350,16741,Weapon,Blunt Object,
14351,16742,Weapon,Explosives,
14352,16743,Weapon,Poison,
14353,16744,Weapon,Explosives,
14354,16746,Weapon,Knife,
14355,16747,Weapon,Blunt Object,
14356,16748,Weapon,Blunt Object,
14357,16749,Weapon,Poison,
14358,16750,Weapon,Poison,
14359,16752,Weapon,Blunt Object,
14360,16753,Weapon,Knife,
14361,16754,Weapon,Poison,
14362,16755,Weapon,Explosives,
14363,16756,Weapon,Other,
14364,16757,Weapon,Explosives,
14365,16758,Weapon,Explosives,
14366,16759,Weapon,Explosives,
14367,16760,Weapon,Other,
14368,16761,Weapon,Other,
14369,16763,Weapon,Other,
14370,16764,Weapon,Knife,
14371,16765,Weapon,Other,
14372,16766,Weapon,Other,
14373,16768,Weapon,Firearm,
14374,16770,Weapon,Other,
14375,16771,Weapon,Firearm,
14376,16772,Weapon,Blunt Object,
14377,16774,Weapon,Firearm,
14378,16775,Weapon,Other,
14379,16776,Weapon,Knife,
14380,16778,Weapon,Knife,
14381,16780,Weapon,Knife,
14382,16781,Weapon,Knife,
14383,16782,Weapon,Other,
14384,16783,Weapon,Blunt Object,
14385,16785,Weapon,Firearm,
14386,16786,Weapon,Other,
14387,16787,Weapon,Explosives,
14388,16788,Weapon,Knife,
14389,16789,Weapon,Poison,
14390,16790,Weapon,Poison,
14391,16791,Weapon,Poison,
14392,16792,Weapon,Blunt Object,
14393,16794,Weapon,Firearm,
14394,16795,Weapon,Other,
14395,16796,Weapon,Explosives,
14396,16797,Weapon,Knife,
14397,16798,Weapon,Other,
14398,16799,Weapon,Other,
14399,16800,Weapon,Knife,
14400,16801,Weapon,Poison,
14401,16802,Weapon,Explosives,
14402,16803,Weapon,Blunt Object,
14403,16804,Weapon,Poison,
14404,16805,Weapon,Firearm,
14405,16806,Weapon,Poison,
14406,16807,Weapon,Knife,
14407,16808,Weapon,Knife,
14408,16811,Weapon,Firearm,
14409,16812,Weapon,Other,
14410,16813,Weapon,Explosives,
14411,16814,Weapon,Explosives,
14412,16815,Weapon,Explosives,
14413,16816,Weapon,Other,
14414,16817,Weapon,Explosives,
14415,16818,Weapon,Firearm,
14416,16820,Weapon,Firearm,
14417,16821,Weapon,Other,
14418,16822,Weapon,Knife,
14419,16824,Weapon,Other,
14420,16825,Weapon,Firearm,
14421,16826,Weapon,Explosives,
14422,16827,Weapon,Explosives,
14423,16828,Weapon,Firearm,
14424,16829,Weapon,Knife,
14425,16830,Weapon,Poison,
14426,16831,Weapon,Poison,
14427,16832,Weapon,Explosives,
14428,16833,Weapon,Firearm,
14429,16834,Weapon,Poison,
14430,16835,Weapon,Explosives,
14431,16836,Weapon,Poison,
14432,16837,Weapon,Explosives,
14433,16838,Weapon,Firearm,
14434,16840,Weapon,Firearm,
14435,16842,Weapon,Poison,
14436,16843,Weapon,Blunt Object,
14437,16844,Weapon,Poison,
14438,16845,Weapon,Blunt Object,
14439,16846,Weapon,Knife,
14440,16847,Weapon,Knife,
14441,16849,Weapon,Knife,
14442,16850,Weapon,Knife,
14443,16851,Weapon,Blunt Object,
14444,16852,Weapon,Poison,
14445,16854,Weapon,Firearm,
14446,16855,Weapon,Other,
14447,16856,Weapon,Knife,
14448,16857,Weapon,Blunt Object,
14449,16858,Weapon,Explosives,
14450,16859,Weapon,Firearm,
14451,16860,Weapon,Explosives,
14452,16862,Weapon,Other,
14453,16863,Weapon,Knife,
14454,16864,Weapon,Knife,
14455,16865,Weapon,Other,
14456,16866,Weapon,Other,
14457,16867,Weapon,Other,
14458,16868,Weapon,Firearm,
14459,16869,Weapon,Blunt Object,
14460,16870,Weapon,Poison,
14461,16871,Weapon,Poison,
14462,16872,Weapon,Knife,
14463,16873,Weapon,Poison,
14464,16874,Weapon,Other,
14465,16875,Weapon,Blunt Object,
14466,16877,Weapon,Firearm,
14467,16880,Weapon,Firearm,
14468,16881,Weapon,Blunt Object,
14469,16882,Weapon,Knife,
14470,16883,Weapon,Other,
14471,16885,Weapon,Other,
14472,16886,Weapon,Poison,
14473,16887,Weapon,Poison,
14474,16888,Weapon,Blunt Object,
14475,16889,Weapon,Poison,
14476,16890,Weapon,Explosives,
14477,16891,Weapon,Other,
14478,16892,Weapon,Poison,
14479,16893,Weapon,Explosives,
14480,16894,Weapon,Firearm,
14481,16895,Weapon,Blunt Object,
14482,16896,Weapon,Knife,
14483,16898,Weapon,Explosives,
14484,16899,Weapon,Explosives,
14485,16900,Weapon,Firearm,
14486,16901,Weapon,Other,
14487,16902,Weapon,Explosives,
14488,16903,Weapon,Blunt Object,
14489,16904,Weapon,Poison,
14490,16905,Weapon,Explosives,
14491,16906,Weapon,Firearm,
14492,16907,Weapon,Firearm,
14493,16908,Weapon,Blunt Object,
14494,16909,Weapon,Blunt Object,
14495,16910,Weapon,Knife,
14496,16911,Weapon,Poison,
14497,16912,Weapon,Other,
14498,16913,Weapon,Explosives,
14499,16914,Weapon,Poison,
14500,16915,Weapon,Poison,
14501,16916,Weapon,Poison,
14502,16917,Weapon,Explosives,
14503,16918,Weapon,Firearm,
14504,16919,Weapon,Poison,
14505,16920,Weapon,Poison,
14506,16921,Weapon,Blunt Object,
14507,16922,Weapon,Firearm,
14508,16923,Weapon,Other,
14509,16924,Weapon,Blunt Object,
14510,16925,Weapon,Other,
14511,16926,Weapon,Poison,
14512,16927,Weapon,Other,
14513,16928,Weapon,Knife,
14514,16930,Weapon,Firearm,
14515,16931,Weapon,Blunt Object,
14516,16932,Weapon,Other,
14517,16933,Weapon,Explosives,
14518,16934,Weapon,Poison,
14519,16937,Weapon,Poison,
14520,16938,Weapon,Explosives,
14521,16940,Weapon,Firearm,
14522,16941,Weapon,Other,
14523,16942,Weapon,Knife,
14524,16943,Weapon,Blunt Object,
14525,16944,Weapon,Blunt Object,
14526,16945,Weapon,Firearm,
14527,16946,Weapon,Blunt Object,
14528,16947,Weapon,Firearm,
14529,16950,Weapon,Poison,
14530,16951,Weapon,Blunt Object,
14531,16952,Weapon,Poison,
14532,16953,Weapon,Poison,
14533,16954,Weapon,Other,
14534,16955,Weapon,Poison,
14535,16956,Weapon,Blunt Object,
14536,16957,Weapon,Blunt Object,
14537,16958,Weapon,Blunt Object,
14538,16959,Weapon,Explosives,
14539,16961,Weapon,Firearm,
14540,16962,Weapon,Knife,
14541,16963,Weapon,Knife,
14542,16964,Weapon,Blunt Object,
14543,16965,Weapon,Knife,
14544,16967,Weapon,Knife,
14545,16968,Weapon,Knife,
14546,16969,Weapon,Blunt Object,
14547,16970,Weapon,Firearm,
14548,16972,Weapon,Poison,
14549,16973,Weapon,Explosives,
14550,16974,Weapon,Knife,
14551,16975,Weapon,Knife,
14552,16977,Weapon,Poison,
14553,16978,Weapon,Firearm,
14554,16979,Weapon,Knife,
14555,16980,Weapon,Firearm,
14556,16981,Weapon,Other,
14557,16982,Weapon,Firearm,
14558,16983,Weapon,Other,
14559,16985,Weapon,Explosives,
14560,16988,Weapon,Explosives,
14561,16989,Weapon,Knife,
14562,16990,Weapon,Other,
14563,16991,Weapon,Explosives,
14564,16992,Weapon,Explosives,
14565,16993,Weapon,Other,
14566,16994,Weapon,Firearm,
14567,16995,Weapon,Explosives,
14568,16996,Weapon,Blunt Object,
14569,16998,Weapon,Poison,
14570,16999,Weapon,Knife,
14571,17000,Weapon,Firearm,
14572,17001,Weapon,Poison,
14573,17002,Weapon,Firearm,
14574,17003,Weapon,Blunt Object,
14575,17007,Weapon,Blunt Object,
14576,17008,Weapon,Knife,
14577,17009,Weapon,Blunt Object,
14578,17011,Weapon,Blunt Object,
14579,17012,Weapon,Other,
14580,17013,Weapon,Knife,
14581,17014,Weapon,Explosives,
14582,17015,Weapon,Blunt Object,
14583,17018,Weapon,Blunt Object,
14584,17019,Weapon,Other,
14585,17020,Weapon,Knife,
14586,17021,Weapon,Firearm,
14587,17022,Weapon,Poison,
14588,17023,Weapon,Other,
14589,17024,Weapon,Other,
14590,17025,Weapon,Other,
14591,17026,Weapon,Other,
14592,17027,Weapon,Explosives,
14593,17028,Weapon,Blunt Object,
14594,17029,Weapon,Knife,
14595,17030,Weapon,Blunt Object,
14596,17031,Weapon,Poison,
14597,17032,Weapon,Poison,
14598,17034,Weapon,Poison,
14599,17035,Weapon,Other,
14600,17036,Weapon,Blunt Object,
14601,17037,Weapon,Knife,
14602,17039,Weapon,Poison,
14603,17040,Weapon,Blunt Object,
14604,17042,Weapon,Firearm,
14605,17043,Weapon,Firearm,
14606,17044,Weapon,Knife,
14607,17045,Weapon,Explosives,
14608,17046,Weapon,Explosives,
14609,17048,Weapon,Other,
14610,17049,Weapon,Knife,
14611,17050,Weapon,Knife,
14612,17051,Weapon,Other,
14613,17052,Weapon,Other,
14614,17053,Weapon,Blunt Object,
14615,17054,Weapon,Knife,
14616,17055,Weapon,Explosives,
14617,17056,Weapon,Blunt Object,
14618,17057,Weapon,Firearm,
14619,17058,Weapon,Explosives,
14620,17059,Weapon,Blunt Object,
14621,17060,Weapon,Poison,
14622,17061,Weapon,Blunt Object,
14623,17062,Weapon,Other,
14624,17063,Weapon,Poison,
14625,17064,Weapon,Poison,
14626,17066,Weapon,Knife,
14627,17067,Weapon,Knife,
14628,17068,Weapon,Poison,
14629,17069,Weapon,Poison,
14630,17070,Weapon,Firearm,
14631,17071,Weapon,Blunt Object,
14632,17072,Weapon,Firearm,
14633,17073,Weapon,Poison,
14634,17074,Weapon,Explosives,
14635,17075,Weapon,Other,
14636,17076,Weapon,Explosives,
14637,17077,Weapon,Blunt Object,
14638,17078,Weapon,Firearm,
14639,17079,Weapon,Blunt Object,
14640,17080,Weapon,Other,
14641,17081,Weapon,Knife,
14642,17082,Weapon,Knife,
14643,17083,Weapon,Explosives,
14644,17084,Weapon,Knife,
14645,17085,Weapon,Poison,
14646,17086,Weapon,Other,
14647,17087,Weapon,Other,
14648,17088,Weapon,Blunt Object,
14649,17089,Weapon,Knife,
14650,17090,Weapon,Explosives,
14651,17091,Weapon,Poison,
14652,17092,Weapon,Other,
14653,17093,Weapon,Firearm,
14654,17094,Weapon,Explosives,
14655,17095,Weapon,Blunt Object,
14656,17096,Weapon,Explosives,
14657,17097,Weapon,Firearm,
14658,17098,Weapon,Poison,
14659,17099,Weapon,Firearm,
14660,17100,Weapon,Blunt Object,
14661,17101,Weapon,Poison,
14662,17102,Weapon,Knife,
14663,17103,Weapon,Blunt Object,
14664,17104,Weapon,Other,
14665,17105,Weapon,Explosives,
14666,17106,Weapon,Poison,
14667,17108,Weapon,Blunt Object,
14668,17109,Weapon,Firearm,
14669,17110,Weapon,Explosives,
14670,17111,Weapon,Poison,
14671,17112,Weapon,Poison,
14672,17113,Weapon,Firearm,
14673,17114,Weapon,Poison,
14674,17115,Weapon,Poison,
14675,17116,Weapon,Knife,
14676,17117,Weapon,Knife,
14677,17118,Weapon,Knife,
14678,17119,Weapon,Poison,
14679,17120,Weapon,Blunt Object,
14680,17121,Weapon,Explosives,
14681,17122,Weapon,Blunt Object,
14682,17124,Weapon,Firearm,
14683,17125,Weapon,Explosives,
14684,17126,Weapon,Other,
14685,17127,Weapon,Firearm,
14686,17128,Weapon,Knife,
14687,17129,Weapon,Blunt Object,
14688,17130,Weapon,Other,
14689,17131,Weapon,Knife,
14690,17132,Weapon,Knife,
14691,17134,Weapon,Explosives,
14692,17135,Weapon,Blunt Object,
14693,17136,Weapon,Poison,
14694,17137,Weapon,Knife,
14695,17138,Weapon,Poison,
14696,17139,Weapon,Firearm,
14697,17140,Weapon,Poison,
14698,17141,Weapon,Knife,
14699,17142,Weapon,Firearm,
14700,17143,Weapon,Firearm,
14701,17146,Weapon,Firearm,
14702,17147,Weapon,Knife,
14703,17149,Weapon,Explosives,
14704,17150,Weapon,Knife,
14705,17151,Weapon,Poison,
14706,17152,Weapon,Knife,
14707,17153,Weapon,Poison,
14708,17154,Weapon,Blunt Object,
14709,17155,Weapon,Blunt Object,
14710,17156,Weapon,Other,
14711,17157,Weapon,Explosives,
14712,17158,Weapon,Blunt Object,
14713,17159,Weapon,Knife,
14714,17160,Weapon,Other,
14715,17161,Weapon,Knife,
14716,17162,Weapon,Firearm,
14717,17163,Weapon,Other,
14718,17164,Weapon,Other,
14719,17165,Weapon,Firearm,
14720,17166,Weapon,Other,
14721,17167,Weapon,Blunt Object,
14722,17168,Weapon,Other,
14723,17169,Weapon,Blunt Object,
14724,17170,Weapon,Knife,
14725,17171,Weapon,Blunt Object,
14726,17173,Weapon,Poison,
14727,17174,Weapon,Blunt Object,
14728,17175,Weapon,Explosives,
14729,17176,Weapon,Poison,
14730,17177,Weapon,Knife,
14731,17179,Weapon,Poison,
14732,17180,Weapon,Firearm,
14733,17181,Weapon,Explosives,
14734,17182,Weapon,Firearm,
14735,17183,Weapon,Firearm,
14736,17184,Weapon,Knife,
14737,17185,Weapon,Knife,
14738,17186,Weapon,Blunt Object,
14739,17187,Weapon,Other,
14740,17188,Weapon,Knife,
14741,17189,Weapon,Firearm,
14742,17190,Weapon,Knife,
14743,17191,Weapon,Knife,
14744,17193,Weapon,Firearm,
14745,17194,Weapon,Other,
14746,17195,Weapon,Knife,
14747,17196,Weapon,Blunt Object,
14748,17197,Weapon,Blunt Object,
14749,17198,Weapon,Poison,
14750,17201,Weapon,Blunt Object,
14751,17203,Weapon,Explosives,
14752,17204,Weapon,Explosives,
14753,17205,Weapon,Other,
14754,17206,Weapon,Blunt Object,
14755,17207,Weapon,Explosives,
14756,17208,Weapon,Poison,
14757,17209,Weapon,Knife,
14758,17210,Weapon,Explosives,
14759,17211,Weapon,Poison,
14760,17212,Weapon,Poison,
14761,17213,Weapon,Firearm,
14762,17214,Weapon,Explosives,
14763,17215,Weapon,Firearm,
14764,17216,Weapon,Blunt Object,
14765,17217,Weapon,Blunt Object,
14766,17218,Weapon,Firearm,
14767,17219,Weapon,Firearm,
14768,17220,Weapon,Explosives,
14769,17222,Weapon,Firearm,
14770,17223,Weapon,Firearm,
14771,17225,Weapon,Explosives,
14772,17226,Weapon,Knife,
14773,17227,Weapon,Firearm,
14774,17228,Weapon,Firearm,
14775,17229,Weapon,Poison,
14776,17230,Weapon,Knife,
14777,17232,Weapon,Firearm,
14778,17233,Weapon,Explosives,
14779,17234,Weapon,Explosives,
14780,17235,Weapon,Firearm,
14781,17236,Weapon,Blunt Object,
14782,17237,Weapon,Explosives,
14783,17238,Weapon,Firearm,
14784,17239,Weapon,Knife,
14785,17240,Weapon,Firearm,
14786,17241,Weapon,Poison,
14787,17243,Weapon,Poison,
14788,17245,Weapon,Firearm,
14789,17246,Weapon,Explosives,
14790,17247,Weapon,Knife,
14791,17248,Weapon,Knife,
14792,17249,Weapon,Knife,
14793,17251,Weapon,Other,
14794,17252,Weapon,Poison,
14795,17253,Weapon,Poison,
14796,17254,Weapon,Poison,
14797,17255,Weapon,Knife,
14798,17256,Weapon,Firearm,
14799,17257,Weapon,Poison,
14800,17258,Weapon,Blunt Object,
14801,17259,Weapon,Other,
14802,17260,Weapon,Blunt Object,
14803,17261,Weapon,Other,
14804,17262,Weapon,Explosives,
14805,17263,Weapon,Blunt Object,
14806,17264,Weapon,Explosives,
14807,17265,Weapon,Blunt Object,
14808,17266,Weapon,Firearm,
14809,17267,Weapon,Knife,
14810,17268,Weapon,Blunt Object,
14811,17269,Weapon,Firearm,
14812,17270,Weapon,Poison,
14813,17271,Weapon,Knife,
14814,17273,Weapon,Poison,
14815,17274,Weapon,Other,
14816,17276,Weapon,Knife,
14817,17277,Weapon,Explosives,
14818,17278,Weapon,Explosives,
14819,17279,Weapon,Explosives,
14820,17280,Weapon,Explosives,
14821,17281,Weapon,Knife,
14822,17283,Weapon,Firearm,
14823,17284,Weapon,Explosives,
14824,17285,Weapon,Blunt Object,
14825,17286,Weapon,Poison,
14826,17287,Weapon,Knife,
14827,17288,Weapon,Knife,
14828,17289,Weapon,Explosives,
14829,17291,Weapon,Knife,
14830,17292,Weapon,Firearm,
14831,17296,Weapon,Blunt Object,
14832,17297,Weapon,Explosives,
14833,17298,Weapon,Knife,
14834,17299,Weapon,Poison,
14835,17300,Weapon,Firearm,
14836,17302,Weapon,Blunt Object,
14837,17303,Weapon,Blunt Object,
14838,17304,Weapon,Explosives,
14839,17305,Weapon,Explosives,
14840,17306,Weapon,Poison,
14841,17307,Weapon,Other,
14842,17309,Weapon,Blunt Object,
14843,17310,Weapon,Poison,
14844,17311,Weapon,Explosives,
14845,17312,Weapon,Firearm,
14846,17313,Weapon,Explosives,
14847,17315,Weapon,Knife,
14848,17316,Weapon,Firearm,
14849,17317,Weapon,Firearm,
14850,17318,Weapon,Other,
14851,17319,Weapon,Firearm,
14852,17320,Weapon,Poison,
14853,17321,Weapon,Explosives,
14854,17322,Weapon,Blunt Object,
14855,17323,Weapon,Knife,
14856,17324,Weapon,Blunt Object,
14857,17325,Weapon,Blunt Object,
14858,17326,Weapon,Knife,
14859,17328,Weapon,Poison,
14860,17329,Weapon,Firearm,
14861,17330,Weapon,Firearm,
14862,17331,Weapon,Poison,
14863,17332,Weapon,Knife,
14864,17333,Weapon,Blunt Object,
14865,17334,Weapon,Blunt Object,
14866,17336,Weapon,Knife,
14867,17337,Weapon,Knife,
14868,17338,Weapon,Firearm,
14869,17339,Weapon,Blunt Object,
14870,17340,Weapon,Explosives,
14871,17341,Weapon,Other,
14872,17342,Weapon,Poison,
14873,17343,Weapon,Blunt Object,
14874,17344,Weapon,Other,
14875,17345,Weapon,Blunt Object,
14876,17346,Weapon,Poison,
14877,17347,Weapon,Firearm,
14878,17348,Weapon,Poison,
14879,17349,Weapon,Firearm,
14880,17350,Weapon,Blunt Object,
14881,17351,Weapon,Knife,
14882,17352,Weapon,Other,
14883,17353,Weapon,Knife,
14884,17354,Weapon,Explosives,
14885,17355,Weapon,Firearm,
14886,17356,Weapon,Blunt Object,
14887,17358,Weapon,Explosives,
14888,17360,Weapon,Other,
14889,17361,Weapon,Blunt Object,
14890,17362,Weapon,Firearm,
14891,17363,Weapon,Knife,
14892,17365,Weapon,Explosives,
14893,17366,Weapon,Blunt Object,
14894,17367,Weapon,Poison,
14895,17369,Weapon,Blunt Object,
14896,17370,Weapon,Knife,
14897,17371,Weapon,Other,
14898,17372,Weapon,Firearm,
14899,17373,Weapon,Other,
14900,17374,Weapon,Explosives,
14901,17375,Weapon,Blunt Object,
14902,17376,Weapon,Knife,
14903,17378,Weapon,Poison,
14904,17379,Weapon,Blunt Object,
14905,17380,Weapon,Explosives,
14906,17381,Weapon,Blunt Object,
14907,17382,Weapon,Poison,
14908,17384,Weapon,Explosives,
14909,17385,Weapon,Other,
14910,17387,Weapon,Poison,
14911,17388,Weapon,Knife,
14912,17389,Weapon,Explosives,
14913,17390,Weapon,Blunt Object,
14914,17391,Weapon,Poison,
14915,17392,Weapon,Other,
14916,17393,Weapon,Firearm,
14917,17394,Weapon,Poison,
14918,17395,Weapon,Knife,
14919,17396,Weapon,Poison,
14920,17397,Weapon,Firearm,
14921,17398,Weapon,Poison,
14922,17399,Weapon,Blunt Object,
14923,17400,Weapon,Blunt Object,
14924,17401,Weapon,Poison,
14925,17402,Weapon,Poison,
14926,17403,Weapon,Blunt Object,
14927,17404,Weapon,Firearm,
14928,17405,Weapon,Blunt Object,
14929,17407,Weapon,Other,
14930,17409,Weapon,Other,
14931,17410,Weapon,Firearm,
14932,17411,Weapon,Other,
14933,17412,Weapon,Explosives,
14934,17413,Weapon,Knife,
14935,17414,Weapon,Knife,
14936,17415,Weapon,Other,
14937,17416,Weapon,Firearm,
14938,17417,Weapon,Firearm,
14939,17419,Weapon,Explosives,
14940,17420,Weapon,Poison,
14941,17421,Weapon,Blunt Object,
14942,17422,Weapon,Poison,
14943,17423,Weapon,Firearm,
14944,17424,Weapon,Poison,
14945,17425,Weapon,Poison,
14946,17426,Weapon,Blunt Object,
14947,17427,Weapon,Firearm,
14948,17428,Weapon,Explosives,
14949,17429,Weapon,Other,
14950,17430,Weapon,Knife,
14951,17431,Weapon,Knife,
14952,17432,Weapon,Blunt Object,
14953,17433,Weapon,Other,
14954,17434,Weapon,Poison,
14955,17435,Weapon,Other,
14956,17436,Weapon,Blunt Object,
14957,17437,Weapon,Blunt Object,
14958,17438,Weapon,Explosives,
14959,17439,Weapon,Blunt Object,
14960,17441,Weapon,Other,
14961,17442,Weapon,Poison,
14962,17443,Weapon,Poison,
14963,17445,Weapon,Blunt Object,
14964,17446,Weapon,Poison,
14965,17447,Weapon,Blunt Object,
14966,17448,Weapon,Explosives,
14967,17449,Weapon,Blunt Object,
14968,17450,Weapon,Explosives,
14969,17452,Weapon,Poison,
14970,17453,Weapon,Knife,
14971,17454,Weapon,Firearm,
14972,17455,Weapon,Knife,
14973,17456,Weapon,Other,
14974,17457,Weapon,Other,
14975,17458,Weapon,Knife,
14976,17459,Weapon,Knife,
14977,17461,Weapon,Blunt Object,
14978,17462,Weapon,Firearm,
14979,17463,Weapon,Knife,
14980,17465,Weapon,Firearm,
14981,17466,Weapon,Knife,
14982,17467,Weapon,Explosives,
14983,17468,Weapon,Firearm,
14984,17469,Weapon,Explosives,
14985,17470,Weapon,Other,
14986,17471,Weapon,Poison,
14987,17472,Weapon,Firearm,
14988,17473,Weapon,Blunt Object,
14989,17474,Weapon,Firearm,
14990,17475,Weapon,Explosives,
14991,17476,Weapon,Blunt Object,
14992,17477,Weapon,Firearm,
14993,17478,Weapon,Explosives,
14994,17479,Weapon,Poison,
14995,17480,Weapon,Knife,
14996,17481,Weapon,Knife,
14997,17483,Weapon,Firearm,
14998,17484,Weapon,Blunt Object,
14999,17485,Weapon,Knife,
15000,17486,Weapon,Poison,
15001,17487,Weapon,Knife,
15002,17488,Weapon,Knife,
15003,17489,Weapon,Explosives,
15004,17490,Weapon,Other,
15005,17491,Weapon,Poison,
15006,17493,Weapon,Other,
15007,17494,Weapon,Knife,
15008,17495,Weapon,Knife,
15009,17496,Weapon,Firearm,
15010,17497,Weapon,Firearm,
15011,17498,Weapon,Explosives,
15012,17499,Weapon,Knife,
15013,17500,Weapon,Other,
15014,17501,Weapon,Knife,
15015,17503,Weapon,Explosives,
15016,17504,Weapon,Other,
15017,17506,Weapon,Knife,
15018,17507,Weapon,Blunt Object,
15019,17508,Weapon,Other,
15020,17509,Weapon,Firearm,
15021,17510,Weapon,Knife,
15022,17512,Weapon,Explosives,
15023,17513,Weapon,Explosives,
15024,17514,Weapon,Poison,
15025,17515,Weapon,Poison,
15026,17517,Weapon,Blunt Object,
15027,17518,Weapon,Explosives,
15028,17519,Weapon,Other,
15029,17520,Weapon,Knife,
15030,17521,Weapon,Other,
15031,17522,Weapon,Blunt Object,
15032,17523,Weapon,Poison,
15033,17524,Weapon,Poison,
15034,17525,Weapon,Poison,
15035,17526,Weapon,Explosives,
15036,17527,Weapon,Other,
15037,17529,Weapon,Explosives,
15038,17531,Weapon,Blunt Object,
15039,17532,Weapon,Blunt Object,
15040,17533,Weapon,Explosives,
15041,17534,Weapon,Blunt Object,
15042,17536,Weapon,Explosives,
15043,17537,Weapon,Firearm,
15044,17538,Weapon,Knife,
15045,17540,Weapon,Poison,
15046,17542,Weapon,Other,
15047,17543,Weapon,Firearm,
15048,17544,Weapon,Firearm,
15049,17547,Weapon,Other,
15050,17548,Weapon,Explosives,
15051,17549,Weapon,Blunt Object,
15052,17550,Weapon,Blunt Object,
15053,17551,Weapon,Poison,
15054,17552,Weapon,Blunt Object,
15055,17553,Weapon,Knife,
15056,17554,Weapon,Poison,
15057,17555,Weapon,Explosives,
15058,17556,Weapon,Firearm,
15059,17557,Weapon,Firearm,
15060,17559,Weapon,Explosives,
15061,17560,Weapon,Other,
15062,17561,Weapon,Explosives,
15063,17562,Weapon,Blunt Object,
15064,17563,Weapon,Blunt Object,
15065,17564,Weapon,Knife,
15066,17565,Weapon,Knife,
15067,17566,Weapon,Poison,
15068,17568,Weapon,Blunt Object,
15069,17569,Weapon,Blunt Object,
15070,17570,Weapon,Blunt Object,
15071,17571,Weapon,Explosives,
15072,17572,Weapon,Knife,
15073,17573,Weapon,Blunt Object,
15074,17574,Weapon,Firearm,
15075,17575,Weapon,Blunt Object,
15076,17576,Weapon,Other,
15077,17577,Weapon,Blunt Object,
15078,17580,Weapon,Knife,
15079,17581,Weapon,Other,
15080,17582,Weapon,Poison,
15081,17583,Weapon,Firearm,
15082,17584,Weapon,Explosives,
15083,17585,Weapon,Explosives,
15084,17586,Weapon,Explosives,
15085,17587,Weapon,Poison,
15086,17588,Weapon,Other,
15087,17589,Weapon,Poison,
15088,17590,Weapon,Knife,
15089,17593,Weapon,Other,
15090,17594,Weapon,Knife,
15091,17595,Weapon,Blunt Object,
15092,17596,Weapon,Explosives,
15093,17597,Weapon,Firearm,
15094,17598,Weapon,Blunt Object,
15095,17600,Weapon,Blunt Object,
15096,17601,Weapon,Other,
15097,17602,Weapon,Blunt Object,
15098,17603,Weapon,Explosives,
15099,17604,Weapon,Knife,
15100,17605,Weapon,Other,
15101,17606,Weapon,Firearm,
15102,17607,Weapon,Other,
15103,17608,Weapon,Poison,
15104,17609,Weapon,Blunt Object,
15105,17610,Weapon,Explosives,
15106,17611,Weapon,Firearm,
15107,17612,Weapon,Poison,
15108,17613,Weapon,Firearm,
15109,17614,Weapon,Blunt Object,
15110,17615,Weapon,Blunt Object,
15111,17616,Weapon,Blunt Object,
15112,17617,Weapon,Other,
15113,17618,Weapon,Explosives,
15114,17619,Weapon,Explosives,
15115,17620,Weapon,Explosives,
15116,17621,Weapon,Other,
15117,17622,Weapon,Other,
15118,17623,Weapon,Other,
15119,17624,Weapon,Poison,
15120,17626,Weapon,Blunt Object,
15121,17627,Weapon,Blunt Object,
15122,17628,Weapon,Explosives,
15123,17629,Weapon,Blunt Object,
15124,17630,Weapon,Explosives,
15125,17631,Weapon,Poison,
15126,17632,Weapon,Explosives,
15127,17634,Weapon,Firearm,
15128,17635,Weapon,Knife,
15129,17636,Weapon,Poison,
15130,17637,Weapon,Explosives,
15131,17638,Weapon,Firearm,
15132,17640,Weapon,Blunt Object,
15133,17641,Weapon,Other,
15134,17642,Weapon,Poison,
15135,17643,Weapon,Poison,
15136,17644,Weapon,Knife,
15137,17645,Weapon,Knife,
15138,17646,Weapon,Blunt Object,
15139,17648,Weapon,Other,
15140,17649,Weapon,Firearm,
15141,17650,Weapon,Knife,
15142,17651,Weapon,Poison,
15143,17654,Weapon,Blunt Object,
15144,17655,Weapon,Blunt Object,
15145,17656,Weapon,Blunt Object,
15146,17657,Weapon,Knife,
15147,17658,Weapon,Poison,
15148,17660,Weapon,Blunt Object,
15149,17661,Weapon,Blunt Object,
15150,17662,Weapon,Knife,
15151,17663,Weapon,Other,
15152,17665,Weapon,Explosives,
15153,17666,Weapon,Knife,
15154,17669,Weapon,Other,
15155,17671,Weapon,Blunt Object,
15156,17672,Weapon,Other,
15157,17673,Weapon,Blunt Object,
15158,17674,Weapon,Knife,
15159,17675,Weapon,Other,
15160,17676,Weapon,Knife,
15161,17678,Weapon,Other,
15162,17679,Weapon,Firearm,
15163,17680,Weapon,Other,
15164,17681,Weapon,Firearm,
15165,17682,Weapon,Poison,
15166,17683,Weapon,Knife,
15167,17685,Weapon,Blunt Object,
15168,17686,Weapon,Poison,
15169,17687,Weapon,Knife,
15170,17689,Weapon,Knife,
15171,17690,Weapon,Other,
15172,17691,Weapon,Firearm,
15173,17692,Weapon,Explosives,
15174,17693,Weapon,Poison,
15175,17694,Weapon,Other,
15176,17696,Weapon,Other,
15177,17697,Weapon,Blunt Object,
15178,17699,Weapon,Other,
15179,17701,Weapon,Firearm,
15180,17702,Weapon,Poison,
15181,17703,Weapon,Other,
15182,17705,Weapon,Blunt Object,
15183,17707,Weapon,Explosives,
15184,17708,Weapon,Other,
15185,17709,Weapon,Knife,
15186,17710,Weapon,Knife,
15187,17711,Weapon,Other,
15188,17713,Weapon,Knife,
15189,17714,Weapon,Explosives,
15190,17716,Weapon,Explosives,
15191,17718,Weapon,Poison,
15192,17719,Weapon,Other,
15193,17720,Weapon,Other,
15194,17721,Weapon,Blunt Object,
15195,17722,Weapon,Poison,
15196,17723,Weapon,Blunt Object,
15197,17724,Weapon,Knife,
15198,17726,Weapon,Firearm,
15199,17727,Weapon,Blunt Object,
15200,17728,Weapon,Poison,
15201,17729,Weapon,Knife,
15202,17730,Weapon,Poison,
15203,17731,Weapon,Firearm,
15204,17734,Weapon,Other,
15205,17735,Weapon,Blunt Object,
15206,17736,Weapon,Other,
15207,17737,Weapon,Firearm,
15208,17738,Weapon,Blunt Object,
15209,17739,Weapon,Explosives,
15210,17740,Weapon,Firearm,
15211,17741,Weapon,Firearm,
15212,17742,Weapon,Blunt Object,
15213,17744,Weapon,Firearm,
15214,17745,Weapon,Firearm,
15215,17746,Weapon,Poison,
15216,17748,Weapon,Other,
15217,17749,Weapon,Firearm,
15218,17751,Weapon,Firearm,
15219,17753,Weapon,Firearm,
15220,17754,Weapon,Blunt Object,
15221,17755,Weapon,Poison,
15222,17756,Weapon,Firearm,
15223,17757,Weapon,Explosives,
15224,17758,Weapon,Firearm,
15225,17759,Weapon,Other,
15226,17761,Weapon,Blunt Object,
15227,17762,Weapon,Explosives,
15228,17763,Weapon,Firearm,
15229,17765,Weapon,Other,
15230,17766,Weapon,Blunt Object,
15231,17767,Weapon,Explosives,
15232,17768,Weapon,Blunt Object,
15233,17769,Weapon,Knife,
15234,17770,Weapon,Poison,
15235,17771,Weapon,Explosives,
15236,17772,Weapon,Explosives,
15237,17774,Weapon,Firearm,
15238,17775,Weapon,Blunt Object,
15239,17776,Weapon,Firearm,
15240,17777,Weapon,Other,
15241,17778,Weapon,Poison,
15242,17779,Weapon,Firearm,
15243,17780,Weapon,Knife,
15244,17782,Weapon,Blunt Object,
15245,17783,Weapon,Firearm,
15246,17784,Weapon,Other,
15247,17785,Weapon,Firearm,
15248,17786,Weapon,Other,
15249,17787,Weapon,Firearm,
15250,17788,Weapon,Firearm,
15251,17789,Weapon,Poison,
15252,17790,Weapon,Other,
15253,17791,Weapon,Firearm,
15254,17795,Weapon,Explosives,
15255,17796,Weapon,Other,
15256,17797,Weapon,Poison,
15257,17798,Weapon,Explosives,
15258,17799,Weapon,Poison,
15259,17800,Weapon,Poison,
15260,17802,Weapon,Other,
15261,17803,Weapon,Knife,
15262,17804,Weapon,Blunt Object,
15263,17805,Weapon,Other,
15264,17806,Weapon,Knife,
15265,17809,Weapon,Knife,
15266,17810,Weapon,Explosives,
15267,17811,Weapon,Other,
15268,17812,Weapon,Explosives,
15269,17813,Weapon,Poison,
15270,17814,Weapon,Poison,
15271,17815,Weapon,Blunt Object,
15272,17816,Weapon,Other,
15273,17817,Weapon,Knife,
15274,17818,Weapon,Explosives,
15275,17819,Weapon,Explosives,
15276,17820,Weapon,Other,
15277,17821,Weapon,Explosives,
15278,17822,Weapon,Other,
15279,17823,Weapon,Knife,
15280,17824,Weapon,Firearm,
15281,17825,Weapon,Poison,
15282,17826,Weapon,Blunt Object,
15283,17827,Weapon,Firearm,
15284,17828,Weapon,Firearm,
15285,17830,Weapon,Other,
15286,17831,Weapon,Other,
15287,17832,Weapon,Poison,
15288,17833,Weapon,Knife,
15289,17835,Weapon,Poison,
15290,17837,Weapon,Firearm,
15291,17839,Weapon,Explosives,
15292,17840,Weapon,Firearm,
15293,17841,Weapon,Other,
15294,17842,Weapon,Knife,
15295,17843,Weapon,Poison,
15296,17844,Weapon,Blunt Object,
15297,17845,Weapon,Other,
15298,17846,Weapon,Explosives,
15299,17847,Weapon,Poison,
15300,17848,Weapon,Explosives,
15301,17850,Weapon,Poison,
15302,17851,Weapon,Other,
15303,17852,Weapon,Knife,
15304,17854,Weapon,Explosives,
15305,17855,Weapon,Explosives,
15306,17856,Weapon,Explosives,
15307,17857,Weapon,Blunt Object,
15308,17858,Weapon,Knife,
15309,17859,Weapon,Poison,
15310,17860,Weapon,Poison,
15311,17862,Weapon,Other,
15312,17863,Weapon,Poison,
15313,17864,Weapon,Other,
15314,17866,Weapon,Knife,
15315,17868,Weapon,Blunt Object,
15316,17869,Weapon,Blunt Object,
15317,17870,Weapon,Blunt Object,
15318,17872,Weapon,Explosives,
15319,17873,Weapon,Poison,
15320,17874,Weapon,Explosives,
15321,17875,Weapon,Knife,
15322,17876,Weapon,Blunt Object,
15323,17878,Weapon,Knife,
15324,17879,Weapon,Blunt Object,
15325,17880,Weapon,Firearm,
15326,17881,Weapon,Firearm,
15327,17882,Weapon,Explosives,
15328,17883,Weapon,Explosives,
15329,17885,Weapon,Other,
15330,17886,Weapon,Firearm,
15331,17887,Weapon,Other,
15332,17888,Weapon,Other,
15333,17889,Weapon,Other,
15334,17890,Weapon,Firearm,
15335,17891,Weapon,Poison,
15336,17892,Weapon,Blunt Object,
15337,17893,Weapon,Other,
15338,17894,Weapon,Explosives,
15339,17896,Weapon,Other,
15340,17898,Weapon,Firearm,
15341,17899,Weapon,Poison,
15342,17900,Weapon,Firearm,
15343,17901,Weapon,Knife,
15344,17903,Weapon,Blunt Object,
15345,17905,Weapon,Explosives,
15346,17906,Weapon,Knife,
15347,17909,Weapon,Other,
15348,17910,Weapon,Firearm,
15349,17911,Weapon,Other,
15350,17912,Weapon,Poison,
15351,17913,Weapon,Blunt Object,
15352,17915,Weapon,Poison,
15353,17916,Weapon,Blunt Object,
15354,17917,Weapon,Blunt Object,
15355,17919,Weapon,Poison,
15356,17920,Weapon,Blunt Object,
15357,17921,Weapon,Firearm,
15358,17922,Weapon,Other,
15359,17924,Weapon,Poison,
15360,17925,Weapon,Poison,
15361,17926,Weapon,Knife,
15362,17927,Weapon,Firearm,
15363,17928,Weapon,Knife,
15364,17929,Weapon,Poison,
15365,17930,Weapon,Explosives,
15366,17931,Weapon,Firearm,
15367,17932,Weapon,Other,
15368,17933,Weapon,Firearm,
15369,17934,Weapon,Other,
15370,17935,Weapon,Knife,
15371,17936,Weapon,Other,
15372,17937,Weapon,Other,
15373,17939,Weapon,Explosives,
15374,17940,Weapon,Knife,
15375,17941,Weapon,Other,
15376,17942,Weapon,Poison,
15377,17943,Weapon,Firearm,
15378,17944,Weapon,Explosives,
15379,17945,Weapon,Firearm,
15380,17946,Weapon,Knife,
15381,17947,Weapon,Poison,
15382,17948,Weapon,Other,
15383,17949,Weapon,Blunt Object,
15384,17950,Weapon,Poison,
15385,17953,Weapon,Knife,
15386,17954,Weapon,Blunt Object,
15387,17955,Weapon,Knife,
15388,17956,Weapon,Knife,
15389,17957,Weapon,Other,
15390,17959,Weapon,Other,
15391,17960,Weapon,Explosives,
15392,17961,Weapon,Poison,
15393,17962,Weapon,Poison,
15394,17963,Weapon,Blunt Object,
15395,17964,Weapon,Other,
15396,17965,Weapon,Blunt Object,
15397,17966,Weapon,Firearm,
15398,17967,Weapon,Firearm,
15399,17968,Weapon,Explosives,
15400,17969,Weapon,Knife,
15401,17970,Weapon,Poison,
15402,17972,Weapon,Firearm,
15403,17973,Weapon,Blunt Object,
15404,17974,Weapon,Other,
15405,17975,Weapon,Knife,
15406,17976,Weapon,Poison,
15407,17977,Weapon,Knife,
15408,17978,Weapon,Firearm,
15409,17979,Weapon,Knife,
15410,17980,Weapon,Poison,
15411,17981,Weapon,Explosives,
15412,17982,Weapon,Poison,
15413,17983,Weapon,Knife,
15414,17984,Weapon,Poison,
15415,17985,Weapon,Poison,
15416,17986,Weapon,Explosives,
15417,17987,Weapon,Blunt Object,
15418,17988,Weapon,Explosives,
15419,17989,Weapon,Blunt Object,
15420,17990,Weapon,Firearm,
15421,17992,Weapon,Firearm,
15422,17993,Weapon,Firearm,
15423,17994,Weapon,Firearm,
15424,17995,Weapon,Blunt Object,
15425,17996,Weapon,Firearm,
15426,17997,Weapon,Poison,
15427,17999,Weapon,Knife,
15428,18002,Weapon,Blunt Object,
15429,18005,Weapon,Other,
15430,18006,Weapon,Knife,
15431,18007,Weapon,Knife,
15432,18008,Weapon,Poison,
15433,18009,Weapon,Other,
15434,18010,Weapon,Other,
15435,18011,Weapon,Firearm,
15436,18012,Weapon,Knife,
15437,18013,Weapon,Other,
15438,18014,Weapon,Firearm,
15439,18015,Weapon,Poison,
15440,18016,Weapon,Blunt Object,
15441,18017,Weapon,Explosives,
15442,18018,Weapon,Poison,
15443,18019,Weapon,Other,
15444,18020,Weapon,Explosives,
15445,18021,Weapon,Firearm,
15446,18022,Weapon,Poison,
15447,18023,Weapon,Blunt Object,
15448,18025,Weapon,Blunt Object,
15449,18026,Weapon,Firearm,
15450,18027,Weapon,Knife,
15451,18028,Weapon,Other,
15452,18029,Weapon,Other,
15453,18030,Weapon,Other,
15454,18031,Weapon,Blunt Object,
15455,18033,Weapon,Poison,
15456,18034,Weapon,Firearm,
15457,18035,Weapon,Poison,
15458,18036,Weapon,Poison,
15459,18037,Weapon,Poison,
15460,18038,Weapon,Firearm,
15461,18039,Weapon,Firearm,
15462,18040,Weapon,Blunt Object,
15463,18041,Weapon,Other,
15464,18042,Weapon,Firearm,
15465,18043,Weapon,Blunt Object,
15466,18044,Weapon,Blunt Object,
15467,18045,Weapon,Knife,
15468,18047,Weapon,Blunt Object,
15469,18048,Weapon,Firearm,
15470,18049,Weapon,Other,
15471,18050,Weapon,Poison,
15472,18051,Weapon,Explosives,
15473,18052,Weapon,Poison,
15474,18054,Weapon,Knife,
15475,18055,Weapon,Poison,
15476,18056,Weapon,Other,
15477,18057,Weapon,Poison,
15478,18058,Weapon,Firearm,
15479,18059,Weapon,Blunt Object,
15480,18060,Weapon,Explosives,
15481,18061,Weapon,Poison,
15482,18062,Weapon,Blunt Object,
15483,18063,Weapon,Firearm,
15484,18064,Weapon,Poison,
15485,18066,Weapon,Explosives,
15486,18067,Weapon,Knife,
15487,18069,Weapon,Poison,
15488,18070,Weapon,Firearm,
15489,18071,Weapon,Other,
15490,18072,Weapon,Other,
15491,18074,Weapon,Explosives,
15492,18075,Weapon,Poison,
15493,18076,Weapon,Knife,
15494,18077,Weapon,Knife,
15495,18078,Weapon,Other,
15496,18079,Weapon,Knife,
15497,18080,Weapon,Other,
15498,18082,Weapon,Blunt Object,
15499,18083,Weapon,Other,
15500,18084,Weapon,Poison,
15501,18085,Weapon,Poison,
15502,18086,Weapon,Explosives,
15503,18087,Weapon,Firearm,
15504,18088,Weapon,Other,
15505,18089,Weapon,Other,
15506,18092,Weapon,Knife,
15507,18093,Weapon,Poison,
15508,18094,Weapon,Other,
15509,18095,Weapon,Poison,
15510,18096,Weapon,Other,
15511,18098,Weapon,Blunt Object,
15512,18099,Weapon,Other,
15513,18100,Weapon,Firearm,
15514,18101,Weapon,Knife,
15515,18102,Weapon,Firearm,
15516,18103,Weapon,Blunt Object,
15517,18104,Weapon,Firearm,
15518,18105,Weapon,Firearm,
15519,18106,Weapon,Other,
15520,18107,Weapon,Explosives,
15521,18108,Weapon,Firearm,
15522,18109,Weapon,Poison,
15523,18110,Weapon,Other,
15524,18112,Weapon,Explosives,
15525,18115,Weapon,Poison,
15526,18116,Weapon,Poison,
15527,18118,Weapon,Blunt Object,
15528,18119,Weapon,Firearm,
15529,18120,Weapon,Knife,
15530,18122,Weapon,Knife,
15531,18123,Weapon,Other,
15532,18124,Weapon,Blunt Object,
15533,18127,Weapon,Poison,
15534,18130,Weapon,Knife,
15535,18131,Weapon,Explosives,
15536,18132,Weapon,Blunt Object,
15537,18133,Weapon,Poison,
15538,18134,Weapon,Other,
15539,18135,Weapon,Knife,
15540,18136,Weapon,Firearm,
15541,18137,Weapon,Blunt Object,
15542,18138,Weapon,Poison,
15543,18139,Weapon,Poison,
15544,18140,Weapon,Other,
15545,18141,Weapon,Blunt Object,
15546,18143,Weapon,Other,
15547,18144,Weapon,Knife,
15548,18145,Weapon,Knife,
15549,18146,Weapon,Blunt Object,
15550,18147,Weapon,Poison,
15551,18148,Weapon,Knife,
15552,18149,Weapon,Explosives,
15553,18150,Weapon,Firearm,
15554,18152,Weapon,Knife,
15555,18153,Weapon,Blunt Object,
15556,18156,Weapon,Firearm,
15557,18157,Weapon,Other,
15558,18158,Weapon,Firearm,
15559,18159,Weapon,Firearm,
15560,18161,Weapon,Knife,
15561,18162,Weapon,Firearm,
15562,18163,Weapon,Other,
15563,18164,Weapon,Explosives,
15564,18165,Weapon,Knife,
15565,18166,Weapon,Other,
15566,18167,Weapon,Blunt Object,
15567,18168,Weapon,Explosives,
15568,18169,Weapon,Firearm,
15569,18170,Weapon,Other,
15570,18171,Weapon,Other,
15571,18172,Weapon,Knife,
15572,18173,Weapon,Knife,
15573,18174,Weapon,Blunt Object,
15574,18175,Weapon,Explosives,
15575,18176,Weapon,Poison,
15576,18177,Weapon,Poison,
15577,18178,Weapon,Blunt Object,
15578,18179,Weapon,Blunt Object,
15579,18181,Weapon,Poison,
15580,18182,Weapon,Blunt Object,
15581,18183,Weapon,Blunt Object,
15582,18184,Weapon,Explosives,
15583,18185,Weapon,Poison,
15584,18186,Weapon,Blunt Object,
15585,18187,Weapon,Other,
15586,18188,Weapon,Firearm,
15587,18189,Weapon,Firearm,
15588,18190,Weapon,Blunt Object,
15589,18191,Weapon,Poison,
15590,18192,Weapon,Other,
15591,18193,Weapon,Blunt Object,
15592,18194,Weapon,Knife,
15593,18195,Weapon,Other,
15594,18196,Weapon,Knife,
15595,18197,Weapon,Explosives,
15596,18199,Weapon,Poison,
15597,18200,Weapon,Other,
15598,18201,Weapon,Blunt Object,
15599,18202,Weapon,Poison,
15600,18205,Weapon,Firearm,
15601,18206,Weapon,Firearm,
15602,18207,Weapon,Firearm,
15603,18208,Weapon,Knife,
15604,18209,Weapon,Other,
15605,18210,Weapon,Explosives,
15606,18211,Weapon,Explosives,
15607,18212,Weapon,Knife,
15608,18213,Weapon,Poison,
15609,18215,Weapon,Other,
15610,18216,Weapon,Firearm,
15611,18217,Weapon,Firearm,
15612,18218,Weapon,Firearm,
15613,18221,Weapon,Poison,
15614,18222,Weapon,Blunt Object,
15615,18223,Weapon,Knife,
15616,18224,Weapon,Explosives,
15617,18225,Weapon,Other,
15618,18226,Weapon,Explosives,
15619,18227,Weapon,Firearm,
15620,18228,Weapon,Firearm,
15621,18229,Weapon,Poison,
15622,18230,Weapon,Other,
15623,18233,Weapon,Knife,
15624,18234,Weapon,Other,
15625,18235,Weapon,Explosives,
15626,18236,Weapon,Firearm,
15627,18237,Weapon,Blunt Object,
15628,18238,Weapon,Other,
15629,18239,Weapon,Blunt Object,
15630,18241,Weapon,Explosives,
15631,18242,Weapon,Poison,
15632,18244,Weapon,Firearm,
15633,18245,Weapon,Firearm,
15634,18246,Weapon,Blunt Object,
15635,18247,Weapon,Poison,
15636,18248,Weapon,Knife,
15637,18251,Weapon,Explosives,
15638,18252,Weapon,Firearm,
15639,18253,Weapon,Explosives,
15640,18254,Weapon,Other,
15641,18255,Weapon,Explosives,
15642,18256,Weapon,Other,
15643,18257,Weapon,Other,
15644,18260,Weapon,Explosives,
15645,18262,Weapon,Other,
15646,18263,Weapon,Firearm,
15647,18264,Weapon,Other,
15648,18266,Weapon,Other,
15649,18267,Weapon,Knife,
15650,18268,Weapon,Firearm,
15651,18269,Weapon,Firearm,
15652,18270,Weapon,Explosives,
15653,18271,Weapon,Knife,
15654,18272,Weapon,Blunt Object,
15655,18273,Weapon,Firearm,
15656,18274,Weapon,Knife,
15657,18275,Weapon,Explosives,
15658,18276,Weapon,Explosives,
15659,18277,Weapon,Firearm,
15660,18278,Weapon,Firearm,
15661,18279,Weapon,Explosives,
15662,18280,Weapon,Explosives,
15663,18281,Weapon,Poison,
15664,18282,Weapon,Poison,
15665,18283,Weapon,Firearm,
15666,18284,Weapon,Other,
15667,18285,Weapon,Other,
15668,18286,Weapon,Firearm,
15669,18288,Weapon,Blunt Object,
15670,18289,Weapon,Other,
15671,18290,Weapon,Other,
15672,18291,Weapon,Knife,
15673,18292,Weapon,Knife,
15674,18293,Weapon,Firearm,
15675,18294,Weapon,Blunt Object,
15676,18296,Weapon,Explosives,
15677,18298,Weapon,Blunt Object,
15678,18299,Weapon,Explosives,
15679,18300,Weapon,Knife,
15680,18301,Weapon,Blunt Object,
15681,18302,Weapon,Other,
15682,18303,Weapon,Knife,
15683,18304,Weapon,Other,
15684,18306,Weapon,Firearm,
15685,18308,Weapon,Poison,
15686,18309,Weapon,Knife,
15687,18310,Weapon,Poison,
15688,18311,Weapon,Explosives,
15689,18312,Weapon,Poison,
15690,18313,Weapon,Poison,
15691,18314,Weapon,Knife,
15692,18315,Weapon,Blunt Object,
15693,18316,Weapon,Blunt Object,
15694,18317,Weapon,Firearm,
15695,18318,Weapon,Firearm,
15696,18319,Weapon,Knife,
15697,18320,Weapon,Other,
15698,18321,Weapon,Other,
15699,18322,Weapon,Other,
15700,18323,Weapon,Other,
15701,18325,Weapon,Blunt Object,
15702,18326,Weapon,Knife,
15703,18327,Weapon,Knife,
15704,18329,Weapon,Other,
15705,18330,Weapon,Poison,
15706,18331,Weapon,Firearm,
15707,18332,Weapon,Explosives,
15708,18333,Weapon,Explosives,
15709,18334,Weapon,Firearm,
15710,18335,Weapon,Knife,
15711,18336,Weapon,Blunt Object,
15712,18337,Weapon,Explosives,
15713,18338,Weapon,Firearm,
15714,18339,Weapon,Explosives,
15715,18341,Weapon,Poison,
15716,18343,Weapon,Poison,
15717,18344,Weapon,Firearm,
15718,18345,Weapon,Other,
15719,18346,Weapon,Other,
15720,18348,Weapon,Explosives,
15721,18349,Weapon,Explosives,
15722,18350,Weapon,Knife,
15723,18351,Weapon,Explosives,
15724,18352,Weapon,Other,
15725,18353,Weapon,Blunt Object,
15726,18354,Weapon,Firearm,
15727,18356,Weapon,Explosives,
15728,18357,Weapon,Other,
15729,18358,Weapon,Knife,
15730,18359,Weapon,Firearm,
15731,18360,Weapon,Firearm,
15732,18361,Weapon,Explosives,
15733,18362,Weapon,Poison,
15734,18363,Weapon,Other,
15735,18364,Weapon,Firearm,
15736,18365,Weapon,Firearm,
15737,18366,Weapon,Other,
15738,18368,Weapon,Poison,
15739,18369,Weapon,Poison,
15740,18370,Weapon,Other,
15741,18371,Weapon,Firearm,
15742,18372,Weapon,Knife,
15743,18373,Weapon,Explosives,
15744,18374,Weapon,Blunt Object,
15745,18375,Weapon,Explosives,
15746,18376,Weapon,Blunt Object,
15747,18377,Weapon,Other,
15748,18378,Weapon,Poison,
15749,18379,Weapon,Explosives,
15750,18380,Weapon,Other,
15751,18381,Weapon,Other,
15752,18382,Weapon,Poison,
15753,18383,Weapon,Knife,
15754,18384,Weapon,Knife,
15755,18385,Weapon,Poison,
15756,18386,Weapon,Firearm,
15757,18387,Weapon,Knife,
15758,18388,Weapon,Explosives,
15759,18389,Weapon,Knife,
15760,18390,Weapon,Knife,
15761,18391,Weapon,Other,
15762,18392,Weapon,Explosives,
15763,18393,Weapon,Blunt Object,
15764,18394,Weapon,Other,
15765,18395,Weapon,Knife,
15766,18396,Weapon,Knife,
15767,18397,Weapon,Explosives,
15768,18398,Weapon,Firearm,
15769,18399,Weapon,Other,
15770,18400,Weapon,Firearm,
15771,18401,Weapon,Poison,
15772,18402,Weapon,Knife,
15773,18403,Weapon,Knife,
15774,18404,Weapon,Blunt Object,
15775,18405,Weapon,Knife,
15776,18406,Weapon,Other,
15777,18407,Weapon,Firearm,
15778,18408,Weapon,Other,
15779,18409,Weapon,Poison,
15780,18411,Weapon,Poison,
15781,18412,Weapon,Knife,
15782,18413,Weapon,Poison,
15783,18414,Weapon,Other,
15784,18415,Weapon,Poison,
15785,18416,Weapon,Explosives,
15786,18417,Weapon,Poison,
15787,18418,Weapon,Explosives,
15788,18419,Weapon,Explosives,
15789,18420,Weapon,Blunt Object,
15790,18421,Weapon,Explosives,
15791,18422,Weapon,Firearm,
15792,18423,Weapon,Other,
15793,18425,Weapon,Other,
15794,18426,Weapon,Knife,
15795,18427,Weapon,Poison,
15796,18428,Weapon,Firearm,
15797,18429,Weapon,Poison,
15798,18430,Weapon,Explosives,
15799,18431,Weapon,Poison,
15800,18432,Weapon,Explosives,
15801,18433,Weapon,Firearm,
15802,18434,Weapon,Explosives,
15803,18435,Weapon,Poison,
15804,18437,Weapon,Firearm,
15805,18438,Weapon,Knife,
15806,18439,Weapon,Firearm,
15807,18440,Weapon,Blunt Object,
15808,18441,Weapon,Firearm,
15809,18442,Weapon,Poison,
15810,18443,Weapon,Blunt Object,
15811,18444,Weapon,Blunt Object,
15812,18446,Weapon,Knife,
15813,18447,Weapon,Poison,
15814,18448,Weapon,Firearm,
15815,18449,Weapon,Knife,
15816,18450,Weapon,Knife,
15817,18451,Weapon,Knife,
15818,18452,Weapon,Knife,
15819,18453,Weapon,Firearm,
15820,18454,Weapon,Blunt Object,
15821,18456,Weapon,Firearm,
15822,18457,Weapon,Knife,
15823,18458,Weapon,Other,
15824,18459,Weapon,Firearm,
15825,18460,Weapon,Poison,
15826,18462,Weapon,Other,
15827,18463,Weapon,Firearm,
15828,18465,Weapon,Firearm,
15829,18466,Weapon,Blunt Object,
15830,18467,Weapon,Knife,
15831,18468,Weapon,Firearm,
15832,18470,Weapon,Poison,
15833,18472,Weapon,Poison,
15834,18473,Weapon,Explosives,
15835,18474,Weapon,Other,
15836,18475,Weapon,Blunt Object,
15837,18476,Weapon,Blunt Object,
15838,18477,Weapon,Knife,
15839,18478,Weapon,Knife,
15840,18479,Weapon,Poison,
15841,18480,Weapon,Explosives,
15842,18481,Weapon,Knife,
15843,18482,Weapon,Blunt Object,
15844,18483,Weapon,Other,
15845,18484,Weapon,Poison,
15846,18485,Weapon,Firearm,
15847,18487,Weapon,Blunt Object,
15848,18488,Weapon,Firearm,
15849,18490,Weapon,Other,
15850,18491,Weapon,Poison,
15851,18493,Weapon,Firearm,
15852,18494,Weapon,Firearm,
15853,18495,Weapon,Other,
15854,18496,Weapon,Knife,
15855,18497,Weapon,Other,
15856,18498,Weapon,Other,
15857,18499,Weapon,Knife,
15858,18500,Weapon,Other,
15859,18501,Weapon,Explosives,
15860,18503,Weapon,Blunt Object,
15861,18504,Weapon,Knife,
15862,18506,Weapon,Explosives,
15863,18507,Weapon,Poison,
15864,18508,Weapon,Other,
15865,18510,Weapon,Explosives,
15866,18511,Weapon,Blunt Object,
15867,18512,Weapon,Blunt Object,
15868,18513,Weapon,Knife,
15869,18514,Weapon,Firearm,
15870,18515,Weapon,Other,
15871,18516,Weapon,Blunt Object,
15872,18518,Weapon,Other,
15873,18520,Weapon,Explosives,
15874,18521,Weapon,Other,
15875,18523,Weapon,Poison,
15876,18524,Weapon,Other,
15877,18526,Weapon,Firearm,
15878,18528,Weapon,Knife,
15879,18529,Weapon,Knife,
15880,18530,Weapon,Explosives,
15881,18531,Weapon,Knife,
15882,18532,Weapon,Poison,
15883,18533,Weapon,Poison,
15884,18534,Weapon,Knife,
15885,18535,Weapon,Firearm,
15886,18536,Weapon,Poison,
15887,18538,Weapon,Other,
15888,18539,Weapon,Poison,
15889,18540,Weapon,Firearm,
15890,18541,Weapon,Explosives,
15891,18542,Weapon,Knife,
15892,18543,Weapon,Poison,
15893,18544,Weapon,Other,
15894,18545,Weapon,Other,
15895,18546,Weapon,Blunt Object,
15896,18547,Weapon,Poison,
15897,18548,Weapon,Knife,
15898,18549,Weapon,Blunt Object,
15899,18550,Weapon,Other,
15900,18551,Weapon,Knife,
15901,18552,Weapon,Blunt Object,
15902,18554,Weapon,Other,
15903,18555,Weapon,Firearm,
15904,18556,Weapon,Knife,
15905,18557,Weapon,Knife,
15906,18558,Weapon,Knife,
15907,18559,Weapon,Explosives,
15908,18560,Weapon,Firearm,
15909,18561,Weapon,Other,
15910,18562,Weapon,Blunt Object,
15911,18563,Weapon,Poison,
15912,18564,Weapon,Blunt Object,
15913,18565,Weapon,Blunt Object,
15914,18566,Weapon,Other,
15915,18567,Weapon,Poison,
15916,18568,Weapon,Firearm,
15917,18569,Weapon,Poison,
15918,18572,Weapon,Other,
15919,18574,Weapon,Poison,
15920,18575,Weapon,Knife,
15921,18576,Weapon,Other,
15922,18577,Weapon,Blunt Object,
15923,18578,Weapon,Poison,
15924,18579,Weapon,Knife,
15925,18580,Weapon,Poison,
15926,18581,Weapon,Poison,
15927,18582,Weapon,Explosives,
15928,18584,Weapon,Knife,
15929,18585,Weapon,Blunt Object,
15930,18586,Weapon,Other,
15931,18587,Weapon,Blunt Object,
15932,18588,Weapon,Firearm,
15933,18589,Weapon,Blunt Object,
15934,18590,Weapon,Blunt Object,
15935,18592,Weapon,Other,
15936,18593,Weapon,Blunt Object,
15937,18594,Weapon,Other,
15938,18595,Weapon,Explosives,
15939,18596,Weapon,Firearm,
15940,18597,Weapon,Firearm,
15941,18598,Weapon,Poison,
15942,18599,Weapon,Poison,
15943,18600,Weapon,Knife,
15944,18601,Weapon,Poison,
15945,18602,Weapon,Firearm,
15946,18604,Weapon,Explosives,
15947,18605,Weapon,Blunt Object,
15948,18608,Weapon,Knife,
15949,18609,Weapon,Poison,
15950,18610,Weapon,Other,
15951,18611,Weapon,Explosives,
15952,18613,Weapon,Other,
15953,18614,Weapon,Other,
15954,18615,Weapon,Poison,
15955,18616,Weapon,Firearm,
15956,18617,Weapon,Firearm,
15957,18618,Weapon,Blunt Object,
15958,18620,Weapon,Other,
15959,18621,Weapon,Blunt Object,
15960,18622,Weapon,Explosives,
15961,18623,Weapon,Poison,
15962,18624,Weapon,Other,
15963,18626,Weapon,Firearm,
15964,18627,Weapon,Explosives,
15965,18628,Weapon,Explosives,
15966,18630,Weapon,Poison,
15967,18631,Weapon,Knife,
15968,18632,Weapon,Firearm,
15969,18633,Weapon,Poison,
15970,18634,Weapon,Other,
15971,18635,Weapon,Explosives,
15972,18636,Weapon,Other,
15973,18637,Weapon,Poison,
15974,18638,Weapon,Poison,
15975,18639,Weapon,Poison,
15976,18640,Weapon,Knife,
15977,18641,Weapon,Firearm,
15978,18642,Weapon,Other,
15979,18643,Weapon,Explosives,
15980,18644,Weapon,Firearm,
15981,18645,Weapon,Blunt Object,
15982,18647,Weapon,Firearm,
15983,18648,Weapon,Other,
15984,18649,Weapon,Knife,
15985,18650,Weapon,Knife,
15986,18651,Weapon,Poison,
15987,18653,Weapon,Poison,
15988,18654,Weapon,Blunt Object,
15989,18656,Weapon,Firearm,
15990,18657,Weapon,Blunt Object,
15991,18658,Weapon,Knife,
15992,18659,Weapon,Knife,
15993,18660,Weapon,Explosives,
15994,18661,Weapon,Blunt Object,
15995,18662,Weapon,Firearm,
15996,18663,Weapon,Knife,
15997,18665,Weapon,Blunt Object,
15998,18667,Weapon,Explosives,
15999,18668,Weapon,Explosives,
16000,18669,Weapon,Other,
16001,18670,Weapon,Other,
16002,18671,Weapon,Knife,
16003,18672,Weapon,Other,
16004,18673,Weapon,Firearm,
16005,18674,Weapon,Poison,
16006,18675,Weapon,Firearm,
16007,18676,Weapon,Blunt Object,
16008,18677,Weapon,Knife,
16009,18678,Weapon,Firearm,
16010,18681,Weapon,Explosives,
16011,18682,Weapon,Poison,
16012,18683,Weapon,Other,
16013,18684,Weapon,Poison,
16014,18685,Weapon,Other,
16015,18686,Weapon,Other,
16016,18687,Weapon,Knife,
16017,18689,Weapon,Explosives,
16018,18690,Weapon,Knife,
16019,18691,Weapon,Blunt Object,
16020,18692,Weapon,Blunt Object,
16021,18693,Weapon,Explosives,
16022,18694,Weapon,Other,
16023,18695,Weapon,Knife,
16024,18696,Weapon,Blunt Object,
16025,18699,Weapon,Other,
16026,18700,Weapon,Other,
16027,18701,Weapon,Other,
16028,18702,Weapon,Poison,
16029,18703,Weapon,Knife,
16030,18704,Weapon,Firearm,
16031,18705,Weapon,Explosives,
16032,18706,Weapon,Knife,
16033,18707,Weapon,Other,
16034,18710,Weapon,Knife,
16035,18711,Weapon,Firearm,
16036,18712,Weapon,Firearm,
16037,18713,Weapon,Poison,
16038,18715,Weapon,Blunt Object,
16039,18716,Weapon,Explosives,
16040,18718,Weapon,Blunt Object,
16041,18720,Weapon,Blunt Object,
16042,18721,Weapon,Firearm,
16043,18722,Weapon,Poison,
16044,18723,Weapon,Other,
16045,18725,Weapon,Firearm,
16046,18726,Weapon,Knife,
16047,18727,Weapon,Firearm,
16048,18728,Weapon,Blunt Object,
16049,18729,Weapon,Poison,
16050,18730,Weapon,Explosives,
16051,18732,Weapon,Blunt Object,
16052,18733,Weapon,Blunt Object,
16053,18734,Weapon,Other,
16054,18735,Weapon,Firearm,
16055,18736,Weapon,Explosives,
16056,18737,Weapon,Blunt Object,
16057,18739,Weapon,Knife,
16058,18741,Weapon,Other,
16059,18742,Weapon,Other,
16060,18743,Weapon,Knife,
16061,18744,Weapon,Knife,
16062,18745,Weapon,Firearm,
16063,18746,Weapon,Explosives,
16064,18747,Weapon,Poison,
16065,18748,Weapon,Blunt Object,
16066,18749,Weapon,Knife,
16067,18750,Weapon,Blunt Object,
16068,18751,Weapon,Blunt Object,
16069,18752,Weapon,Explosives,
16070,18754,Weapon,Explosives,
16071,18755,Weapon,Other,
16072,18756,Weapon,Blunt Object,
16073,18757,Weapon,Explosives,
16074,18758,Weapon,Firearm,
16075,18760,Weapon,Explosives,
16076,18761,Weapon,Poison,
16077,18762,Weapon,Poison,
16078,18763,Weapon,Firearm,
16079,18764,Weapon,Explosives,
16080,18765,Weapon,Explosives,
16081,18766,Weapon,Other,
16082,18767,Weapon,Other,
16083,18768,Weapon,Firearm,
16084,18770,Weapon,Blunt Object,
16085,18771,Weapon,Blunt Object,
16086,18772,Weapon,Poison,
16087,18773,Weapon,Knife,
16088,18774,Weapon,Blunt Object,
16089,18775,Weapon,Explosives,
16090,18776,Weapon,Explosives,
16091,18778,Weapon,Explosives,
16092,18781,Weapon,Firearm,
16093,18782,Weapon,Firearm,
16094,18783,Weapon,Explosives,
16095,18784,Weapon,Knife,
16096,18785,Weapon,Knife,
16097,18787,Weapon,Knife,
16098,18788,Weapon,Blunt Object,
16099,18789,Weapon,Explosives,
16100,18791,Weapon,Blunt Object,
16101,18792,Weapon,Knife,
16102,18793,Weapon,Firearm,
16103,18794,Weapon,Firearm,
16104,18795,Weapon,Poison,
16105,18796,Weapon,Explosives,
16106,18797,Weapon,Explosives,
16107,18798,Weapon,Blunt Object,
16108,18799,Weapon,Other,
16109,18800,Weapon,Other,
16110,18801,Weapon,Poison,
16111,18802,Weapon,Explosives,
16112,18803,Weapon,Blunt Object,
16113,18804,Weapon,Poison,
16114,18805,Weapon,Firearm,
16115,18806,Weapon,Blunt Object,
16116,18807,Weapon,Firearm,
16117,18808,Weapon,Other,
16118,18810,Weapon,Knife,
16119,18811,Weapon,Poison,
16120,18812,Weapon,Other,
16121,18814,Weapon,Firearm,
16122,18816,Weapon,Firearm,
16123,18817,Weapon,Poison,
16124,18818,Weapon,Other,
16125,18819,Weapon,Explosives,
16126,18820,Weapon,Poison,
16127,18821,Weapon,Knife,
16128,18822,Weapon,Firearm,
16129,18824,Weapon,Firearm,
16130,18825,Weapon,Poison,
16131,18827,Weapon,Other,
16132,18828,Weapon,Poison,
16133,18829,Weapon,Poison,
16134,18830,Weapon,Explosives,
16135,18831,Weapon,Explosives,
16136,18832,Weapon,Firearm,
16137,18834,Weapon,Firearm,
16138,18835,Weapon,Explosives,
16139,18837,Weapon,Knife,
16140,18838,Weapon,Firearm,
16141,18839,Weapon,Knife,
16142,18840,Weapon,Firearm,
16143,18841,Weapon,Poison,
16144,18842,Weapon,Knife,
16145,18843,Weapon,Blunt Object,
16146,18844,Weapon,Blunt Object,
16147,18845,Weapon,Explosives,
16148,18846,Weapon,Knife,
16149,18847,Weapon,Knife,
16150,18848,Weapon,Knife,
16151,18849,Weapon,Poison,
16152,18850,Weapon,Poison,
16153,18851,Weapon,Knife,
16154,18852,Weapon,Knife,
16155,18854,Weapon,Poison,
16156,18856,Weapon,Knife,
16157,18858,Weapon,Knife,
16158,18859,Weapon,Explosives,
16159,18860,Weapon,Firearm,
16160,18861,Weapon,Blunt Object,
16161,18862,Weapon,Explosives,
16162,18864,Weapon,Knife,
16163,18866,Weapon,Blunt Object,
16164,18867,Weapon,Other,
16165,18868,Weapon,Poison,
16166,18869,Weapon,Knife,
16167,18870,Weapon,Blunt Object,
16168,18871,Weapon,Firearm,
16169,18872,Weapon,Other,
16170,18873,Weapon,Other,
16171,18874,Weapon,Other,
16172,18875,Weapon,Blunt Object,
16173,18877,Weapon,Poison,
16174,18878,Weapon,Poison,
16175,18879,Weapon,Knife,
16176,18881,Weapon,Firearm,
16177,18883,Weapon,Poison,
16178,18884,Weapon,Poison,
16179,18885,Weapon,Blunt Object,
16180,18886,Weapon,Poison,
16181,18887,Weapon,Knife,
16182,18888,Weapon,Blunt Object,
16183,18889,Weapon,Firearm,
16184,18890,Weapon,Explosives,
16185,18891,Weapon,Knife,
16186,18892,Weapon,Poison,
16187,18893,Weapon,Poison,
16188,18894,Weapon,Knife,
16189,18895,Weapon,Firearm,
16190,18896,Weapon,Firearm,
16191,18897,Weapon,Firearm,
16192,18898,Weapon,Explosives,
16193,18900,Weapon,Knife,
16194,18901,Weapon,Knife,
16195,18902,Weapon,Firearm,
16196,18903,Weapon,Other,
16197,18904,Weapon,Blunt Object,
16198,18905,Weapon,Explosives,
16199,18906,Weapon,Poison,
16200,18907,Weapon,Firearm,
16201,18908,Weapon,Knife,
16202,18910,Weapon,Poison,
16203,18911,Weapon,Explosives,
16204,18912,Weapon,Blunt Object,
16205,18913,Weapon,Firearm,
16206,18914,Weapon,Knife,
16207,18915,Weapon,Knife,
16208,18916,Weapon,Poison,
16209,18917,Weapon,Blunt Object,
16210,18918,Weapon,Explosives,
16211,18919,Weapon,Poison,
16212,18920,Weapon,Firearm,
16213,18921,Weapon,Blunt Object,
16214,18922,Weapon,Blunt Object,
16215,18923,Weapon,Knife,
16216,18924,Weapon,Poison,
16217,18925,Weapon,Explosives,
16218,18926,Weapon,Firearm,
16219,18927,Weapon,Other,
16220,18928,Weapon,Explosives,
16221,18929,Weapon,Poison,
16222,18930,Weapon,Other,
16223,18931,Weapon,Other,
16224,18932,Weapon,Other,
16225,18933,Weapon,Blunt Object,
16226,18934,Weapon,Firearm,
16227,18935,Weapon,Firearm,
16228,18936,Weapon,Blunt Object,
16229,18937,Weapon,Poison,
16230,18938,Weapon,Knife,
16231,18939,Weapon,Other,
16232,18940,Weapon,Poison,
16233,18941,Weapon,Explosives,
16234,18942,Weapon,Knife,
16235,18943,Weapon,Explosives,
16236,18944,Weapon,Explosives,
16237,18945,Weapon,Blunt Object,
16238,18946,Weapon,Other,
16239,18947,Weapon,Knife,
16240,18948,Weapon,Firearm,
16241,18949,Weapon,Firearm,
16242,18950,Weapon,Other,
16243,18951,Weapon,Blunt Object,
16244,18952,Weapon,Firearm,
16245,18953,Weapon,Poison,
16246,18954,Weapon,Explosives,
16247,18956,Weapon,Poison,
16248,18957,Weapon,Poison,
16249,18959,Weapon,Knife,
16250,18960,Weapon,Explosives,
16251,18961,Weapon,Blunt Object,
16252,18962,Weapon,Other,
16253,18963,Weapon,Other,
16254,18965,Weapon,Poison,
16255,18966,Weapon,Firearm,
16256,18967,Weapon,Firearm,
16257,18970,Weapon,Firearm,
16258,18971,Weapon,Explosives,
16259,18972,Weapon,Poison,
16260,18973,Weapon,Firearm,
16261,18974,Weapon,Knife,
16262,18975,Weapon,Poison,
16263,18977,Weapon,Other,
16264,18979,Weapon,Other,
16265,18980,Weapon,Other,
16266,18982,Weapon,Blunt Object,
16267,18983,Weapon,Poison,
16268,18984,Weapon,Blunt Object,
16269,18985,Weapon,Blunt Object,
16270,18987,Weapon,Other,
16271,18988,Weapon,Firearm,
16272,18989,Weapon,Poison,
16273,18990,Weapon,Firearm,
16274,18991,Weapon,Other,
16275,18992,Weapon,Firearm,
16276,18993,Weapon,Explosives,
16277,18994,Weapon,Other,
16278,18995,Weapon,Blunt Object,
16279,18996,Weapon,Firearm,
16280,18997,Weapon,Other,
16281,18998,Weapon,Explosives,
16282,18999,Weapon,Firearm,
16283,19000,Weapon,Knife,
16284,19001,Weapon,Explosives,
16285,19003,Weapon,Poison,
16286,19004,Weapon,Other,
16287,19005,Weapon,Knife,
16288,19006,Weapon,Knife,
16289,19007,Weapon,Knife,
16290,19008,Weapon,Firearm,
16291,19009,Weapon,Other,
16292,19011,Weapon,Other,
16293,19012,Weapon,Firearm,
16294,19013,Weapon,Other,
16295,19014,Weapon,Knife,
16296,19015,Weapon,Knife,
16297,19016,Weapon,Poison,
16298,19017,Weapon,Knife,
16299,19018,Weapon,Other,
16300,19019,Weapon,Knife,
16301,19020,Weapon,Knife,
16302,19021,Weapon,Firearm,
16303,19022,Weapon,Knife,
16304,19023,Weapon,Blunt Object,
16305,19024,Weapon,Knife,
16306,19025,Weapon,Explosives,
16307,19026,Weapon,Firearm,
16308,19028,Weapon,Knife,
16309,19029,Weapon,Knife,
16310,19030,Weapon,Blunt Object,
16311,19031,Weapon,Other,
16312,19032,Weapon,Poison,
16313,19033,Weapon,Knife,
16314,19034,Weapon,Poison,
16315,19035,Weapon,Firearm,
16316,19036,Weapon,Poison,
16317,19037,Weapon,Knife,
16318,19038,Weapon,Explosives,
16319,19039,Weapon,Firearm,
16320,19040,Weapon,Explosives,
16321,19041,Weapon,Poison,
16322,19042,Weapon,Explosives,
16323,19043,Weapon,Firearm,
16324,19044,Weapon,Poison,
16325,19045,Weapon,Blunt Object,
16326,19046,Weapon,Knife,
16327,19047,Weapon,Explosives,
16328,19048,Weapon,Firearm,
16329,19049,Weapon,Knife,
16330,19050,Weapon,Blunt Object,
16331,19051,Weapon,Other,
16332,19053,Weapon,Knife,
16333,19054,Weapon,Firearm,
16334,19055,Weapon,Knife,
16335,19056,Weapon,Poison,
16336,19057,Weapon,Knife,
16337,19058,Weapon,Blunt Object,
16338,19059,Weapon,Poison,
16339,19060,Weapon,Firearm,
16340,19061,Weapon,Poison,
16341,19062,Weapon,Firearm,
16342,19063,Weapon,Poison,
16343,19064,Weapon,Firearm,
16344,19066,Weapon,Blunt Object,
16345,19067,Weapon,Knife,
16346,19068,Weapon,Other,
16347,19069,Weapon,Poison,
16348,19071,Weapon,Knife,
16349,19072,Weapon,Poison,
16350,19077,Weapon,Firearm,
16351,19078,Weapon,Knife,
16352,19079,Weapon,Poison,
16353,19080,Weapon,Firearm,
16354,19082,Weapon,Other,
16355,19083,Weapon,Explosives,
16356,19084,Weapon,Blunt Object,
16357,19086,Weapon,Other,
16358,19087,Weapon,Explosives,
16359,19088,Weapon,Other,
16360,19089,Weapon,Poison,
16361,19090,Weapon,Poison,
16362,19091,Weapon,Knife,
16363,19093,Weapon,Poison,
16364,19094,Weapon,Knife,
16365,19095,Weapon,Firearm,
16366,19096,Weapon,Poison,
16367,19097,Weapon,Poison,
16368,19098,Weapon,Knife,
16369,19099,Weapon,Explosives,
16370,19100,Weapon,Blunt Object,
16371,19101,Weapon,Poison,
16372,19102,Weapon,Other,
16373,19103,Weapon,Poison,
16374,19104,Weapon,Explosives,
16375,19105,Weapon,Other,
16376,19106,Weapon,Blunt Object,
16377,19107,Weapon,Blunt Object,
16378,19108,Weapon,Other,
16379,19109,Weapon,Firearm,
16380,19110,Weapon,Blunt Object,
16381,19112,Weapon,Knife,
16382,19114,Weapon,Other,
16383,19115,Weapon,Poison,
16384,19116,Weapon,Blunt Object,
16385,19117,Weapon,Poison,
16386,19118,Weapon,Poison,
16387,19119,Weapon,Other,
16388,19120,Weapon,Explosives,
16389,19121,Weapon,Knife,
16390,19122,Weapon,Explosives,
16391,19123,Weapon,Explosives,
16392,19124,Weapon,Explosives,
16393,19125,Weapon,Knife,
16394,19126,Weapon,Firearm,
16395,19129,Weapon,Knife,
16396,19130,Weapon,Poison,
16397,19131,Weapon,Firearm,
16398,19132,Weapon,Knife,
16399,19133,Weapon,Firearm,
16400,19135,Weapon,Other,
16401,19136,Weapon,Knife,
16402,19137,Weapon,Poison,
16403,19138,Weapon,Knife,
16404,19139,Weapon,Explosives,
16405,19140,Weapon,Other,
16406,19141,Weapon,Knife,
16407,19142,Weapon,Poison,
16408,19143,Weapon,Other,
16409,19144,Weapon,Firearm,
16410,19145,Weapon,Firearm,
16411,19146,Weapon,Explosives,
16412,19147,Weapon,Poison,
16413,19150,Weapon,Other,
16414,19151,Weapon,Knife,
16415,19152,Weapon,Firearm,
16416,19153,Weapon,Firearm,
16417,19154,Weapon,Firearm,
16418,19155,Weapon,Blunt Object,
16419,19157,Weapon,Other,
16420,19159,Weapon,Explosives,
16421,19161,Weapon,Poison,
16422,19162,Weapon,Other,
16423,19163,Weapon,Explosives,
16424,19164,Weapon,Poison,
16425,19166,Weapon,Other,
16426,19167,Weapon,Knife,
16427,19168,Weapon,Poison,
16428,19169,Weapon,Other,
16429,19171,Weapon,Knife,
16430,19172,Weapon,Explosives,
16431,19173,Weapon,Knife,
16432,19174,Weapon,Other,
16433,19175,Weapon,Explosives,
16434,19176,Weapon,Explosives,
16435,19177,Weapon,Knife,
16436,19178,Weapon,Explosives,
16437,19179,Weapon,Other,
16438,19180,Weapon,Poison,
16439,19181,Weapon,Firearm,
16440,19182,Weapon,Other,
16441,19183,Weapon,Explosives,
16442,19184,Weapon,Other,
16443,19185,Weapon,Blunt Object,
16444,19186,Weapon,Firearm,
16445,19187,Weapon,Knife,
16446,19189,Weapon,Blunt Object,
16447,19190,Weapon,Other,
16448,19191,Weapon,Firearm,
16449,19192,Weapon,Explosives,
16450,19193,Weapon,Knife,
16451,19194,Weapon,Blunt Object,
16452,19195,Weapon,Firearm,
16453,19196,Weapon,Blunt Object,
16454,19197,Weapon,Blunt Object,
16455,19198,Weapon,Poison,
16456,19199,Weapon,Other,
16457,19200,Weapon,Knife,
16458,19201,Weapon,Blunt Object,
16459,19202,Weapon,Poison,
16460,19203,Weapon,Explosives,
16461,19204,Weapon,Explosives,
16462,19205,Weapon,Knife,
16463,19206,Weapon,Explosives,
16464,19207,Weapon,Poison,
16465,19208,Weapon,Poison,
16466,19209,Weapon,Firearm,
16467,19210,Weapon,Other,
16468,19212,Weapon,Knife,
16469,19213,Weapon,Firearm,
16470,19214,Weapon,Other,
16471,19215,Weapon,Blunt Object,
16472,19217,Weapon,Poison,
16473,19218,Weapon,Other,
16474,19219,Weapon,Firearm,
16475,19220,Weapon,Blunt Object,
16476,19221,Weapon,Poison,
16477,19222,Weapon,Blunt Object,
16478,19225,Weapon,Explosives,
16479,19226,Weapon,Blunt Object,
16480,19227,Weapon,Explosives,
16481,19229,Weapon,Explosives,
16482,19230,Weapon,Knife,
16483,19232,Weapon,Blunt Object,
16484,19233,Weapon,Explosives,
16485,19236,Weapon,Explosives,
16486,19237,Weapon,Poison,
16487,19238,Weapon,Other,
16488,19239,Weapon,Firearm,
16489,19240,Weapon,Knife,
16490,19241,Weapon,Knife,
16491,19242,Weapon,Other,
16492,19243,Weapon,Explosives,
16493,19244,Weapon,Explosives,
16494,19246,Weapon,Explosives,
16495,19248,Weapon,Blunt Object,
16496,19249,Weapon,Firearm,
16497,19250,Weapon,Poison,
16498,19251,Weapon,Firearm,
16499,19252,Weapon,Blunt Object,
16500,19254,Weapon,Blunt Object,
16501,19255,Weapon,Poison,
16502,19256,Weapon,Knife,
16503,19257,Weapon,Explosives,
16504,19258,Weapon,Knife,
16505,19259,Weapon,Blunt Object,
16506,19260,Weapon,Poison,
16507,19261,Weapon,Knife,
16508,19262,Weapon,Explosives,
16509,19263,Weapon,Knife,
16510,19264,Weapon,Firearm,
16511,19266,Weapon,Blunt Object,
16512,19267,Weapon,Explosives,
16513,19268,Weapon,Explosives,
16514,19269,Weapon,Other,
16515,19270,Weapon,Firearm,
16516,19271,Weapon,Poison,
16517,19272,Weapon,Poison,
16518,19273,Weapon,Firearm,
16519,19274,Weapon,Firearm,
16520,19275,Weapon,Other,
16521,19276,Weapon,Explosives,
16522,19278,Weapon,Blunt Object,
16523,19279,Weapon,Other,
16524,19280,Weapon,Knife,
16525,19282,Weapon,Other,
16526,19283,Weapon,Knife,
16527,19284,Weapon,Firearm,
16528,19285,Weapon,Firearm,
16529,19287,Weapon,Other,
16530,19289,Weapon,Other,
16531,19290,Weapon,Poison,
16532,19292,Weapon,Knife,
16533,19293,Weapon,Firearm,
16534,19294,Weapon,Other,
16535,19295,Weapon,Poison,
16536,19298,Weapon,Knife,
16537,19299,Weapon,Blunt Object,
16538,19300,Weapon,Knife,
16539,19302,Weapon,Knife,
16540,19303,Weapon,Explosives,
16541,19304,Weapon,Other,
16542,19305,Weapon,Explosives,
16543,19307,Weapon,Explosives,
16544,19308,Weapon,Firearm,
16545,19309,Weapon,Poison,
16546,19310,Weapon,Blunt Object,
16547,19311,Weapon,Poison,
16548,19312,Weapon,Knife,
16549,19313,Weapon,Poison,
16550,19314,Weapon,Firearm,
16551,19315,Weapon,Knife,
16552,19316,Weapon,Other,
16553,19317,Weapon,Explosives,
16554,19318,Weapon,Blunt Object,
16555,19319,Weapon,Firearm,
16556,19320,Weapon,Blunt Object,
16557,19321,Weapon,Other,
16558,19322,Weapon,Poison,
16559,19323,Weapon,Explosives,
16560,19324,Weapon,Explosives,
16561,19326,Weapon,Firearm,
16562,19327,Weapon,Explosives,
16563,19328,Weapon,Blunt Object,
16564,19329,Weapon,Other,
16565,19330,Weapon,Firearm,
16566,19331,Weapon,Blunt Object,
16567,19332,Weapon,Other,
16568,19333,Weapon,Poison,
16569,19334,Weapon,Explosives,
16570,19335,Weapon,Firearm,
16571,19337,Weapon,Poison,
16572,19338,Weapon,Explosives,
16573,19339,Weapon,Other,
16574,19340,Weapon,Other,
16575,19341,Weapon,Blunt Object,
16576,19342,Weapon,Explosives,
16577,19343,Weapon,Other,
16578,19344,Weapon,Blunt Object,
16579,19345,Weapon,Firearm,
16580,19347,Weapon,Firearm,
16581,19349,Weapon,Other,
16582,19350,Weapon,Firearm,
16583,19351,Weapon,Knife,
16584,19352,Weapon,Firearm,
16585,19353,Weapon,Explosives,
16586,19354,Weapon,Blunt Object,
16587,19355,Weapon,Explosives,
16588,19356,Weapon,Knife,
16589,19357,Weapon,Poison,
16590,19358,Weapon,Firearm,
16591,19359,Weapon,Poison,
16592,19360,Weapon,Explosives,
16593,19361,Weapon,Poison,
16594,19362,Weapon,Knife,
16595,19363,Weapon,Explosives,
16596,19364,Weapon,Blunt Object,
16597,19365,Weapon,Blunt Object,
16598,19366,Weapon,Firearm,
16599,19367,Weapon,Knife,
16600,19369,Weapon,Knife,
16601,19370,Weapon,Firearm,
16602,19371,Weapon,Other,
16603,19372,Weapon,Explosives,
16604,19373,Weapon,Knife,
16605,19375,Weapon,Firearm,
16606,19376,Weapon,Explosives,
16607,19377,Weapon,Poison,
16608,19379,Weapon,Knife,
16609,19380,Weapon,Other,
16610,19381,Weapon,Knife,
16611,19382,Weapon,Firearm,
16612,19383,Weapon,Other,
16613,19384,Weapon,Poison,
16614,19385,Weapon,Explosives,
16615,19386,Weapon,Explosives,
16616,19387,Weapon,Poison,
16617,19388,Weapon,Explosives,
16618,19389,Weapon,Blunt Object,
16619,19390,Weapon,Firearm,
16620,19391,Weapon,Explosives,
16621,19392,Weapon,Poison,
16622,19393,Weapon,Other,
16623,19394,Weapon,Other,
16624,19395,Weapon,Other,
16625,19396,Weapon,Firearm,
16626,19397,Weapon,Knife,
16627,19399,Weapon,Firearm,
16628,19400,Weapon,Other,
16629,19401,Weapon,Firearm,
16630,19402,Weapon,Firearm,
16631,19403,Weapon,Other,
16632,19404,Weapon,Explosives,
16633,19405,Weapon,Blunt Object,
16634,19408,Weapon,Firearm,
16635,19410,Weapon,Firearm,
16636,19411,Weapon,Poison,
16637,19412,Weapon,Firearm,
16638,19413,Weapon,Other,
16639,19414,Weapon,Blunt Object,
16640,19415,Weapon,Firearm,
16641,19417,Weapon,Poison,
16642,19418,Weapon,Blunt Object,
16643,19419,Weapon,Blunt Object,
16644,19420,Weapon,Explosives,
16645,19421,Weapon,Other,
16646,19422,Weapon,Knife,
16647,19423,Weapon,Blunt Object,
16648,19424,Weapon,Firearm,
16649,19425,Weapon,Blunt Object,
16650,19426,Weapon,Other,
16651,19427,Weapon,Poison,
16652,19428,Weapon,Blunt Object,
16653,19429,Weapon,Firearm,
16654,19430,Weapon,Other,
16655,19431,Weapon,Firearm,
16656,19432,Weapon,Other,
16657,19434,Weapon,Explosives,
16658,19435,Weapon,Explosives,
16659,19436,Weapon,Blunt Object,
16660,19437,Weapon,Poison,
16661,19438,Weapon,Knife,
16662,19439,Weapon,Other,
16663,19441,Weapon,Other,
16664,19442,Weapon,Poison,
16665,19443,Weapon,Blunt Object,
16666,19444,Weapon,Poison,
16667,19445,Weapon,Blunt Object,
16668,19446,Weapon,Knife,
16669,19447,Weapon,Knife,
16670,19448,Weapon,Knife,
16671,19449,Weapon,Explosives,
16672,19450,Weapon,Blunt Object,
16673,19451,Weapon,Poison,
16674,19452,Weapon,Knife,
16675,19454,Weapon,Other,
16676,19456,Weapon,Explosives,
16677,19457,Weapon,Blunt Object,
16678,19458,Weapon,Explosives,
16679,19460,Weapon,Other,
16680,19461,Weapon,Explosives,
16681,19462,Weapon,Firearm,
16682,19463,Weapon,Knife,
16683,19464,Weapon,Other,
16684,19465,Weapon,Firearm,
16685,19466,Weapon,Explosives,
16686,19467,Weapon,Poison,
16687,19468,Weapon,Other,
16688,19469,Weapon,Blunt Object,
16689,19470,Weapon,Poison,
16690,19471,Weapon,Poison,
16691,19472,Weapon,Poison,
16692,19473,Weapon,Poison,
16693,19475,Weapon,Firearm,
16694,19476,Weapon,Poison,
16695,19477,Weapon,Other,
16696,19478,Weapon,Other,
16697,19479,Weapon,Explosives,
16698,19480,Weapon,Explosives,
16699,19481,Weapon,Knife,
16700,19482,Weapon,Knife,
16701,19483,Weapon,Blunt Object,
16702,19484,Weapon,Knife,
16703,19486,Weapon,Poison,
16704,19488,Weapon,Firearm,
16705,19491,Weapon,Poison,
16706,19492,Weapon,Explosives,
16707,19493,Weapon,Poison,
16708,19494,Weapon,Poison,
16709,19495,Weapon,Knife,
16710,19496,Weapon,Other,
16711,19497,Weapon,Firearm,
16712,19498,Weapon,Explosives,
16713,19499,Weapon,Blunt Object,
16714,19500,Weapon,Explosives,
16715,19501,Weapon,Poison,
16716,19502,Weapon,Firearm,
16717,19503,Weapon,Explosives,
16718,19504,Weapon,Knife,
16719,19505,Weapon,Other,
16720,19506,Weapon,Firearm,
16721,19507,Weapon,Knife,
16722,19509,Weapon,Knife,
16723,19510,Weapon,Explosives,
16724,19512,Weapon,Firearm,
16725,19513,Weapon,Other,
16726,19514,Weapon,Firearm,
16727,19517,Weapon,Poison,
16728,19518,Weapon,Poison,
16729,19519,Weapon,Firearm,
16730,19521,Weapon,Explosives,
16731,19522,Weapon,Blunt Object,
16732,19523,Weapon,Other,
16733,19524,Weapon,Other,
16734,19525,Weapon,Poison,
16735,19527,Weapon,Explosives,
16736,19528,Weapon,Blunt Object,
16737,19529,Weapon,Knife,
16738,19530,Weapon,Other,
16739,19531,Weapon,Other,
16740,19532,Weapon,Blunt Object,
16741,19533,Weapon,Explosives,
16742,19534,Weapon,Explosives,
16743,19535,Weapon,Other,
16744,19536,Weapon,Other,
16745,19537,Weapon,Blunt Object,
16746,19538,Weapon,Poison,
16747,19539,Weapon,Poison,
16748,19540,Weapon,Explosives,
16749,19541,Weapon,Explosives,
16750,19543,Weapon,Explosives,
16751,19544,Weapon,Poison,
16752,19546,Weapon,Poison,
16753,19547,Weapon,Firearm,
16754,19549,Weapon,Firearm,
16755,19550,Weapon,Firearm,
16756,19551,Weapon,Knife,
16757,19552,Weapon,Explosives,
16758,19553,Weapon,Knife,
16759,19554,Weapon,Other,
16760,19555,Weapon,Knife,
16761,19556,Weapon,Blunt Object,
16762,19557,Weapon,Poison,
16763,19558,Weapon,Knife,
16764,19559,Weapon,Explosives,
16765,19560,Weapon,Other,
16766,19561,Weapon,Explosives,
16767,19562,Weapon,Blunt Object,
16768,19563,Weapon,Explosives,
16769,19564,Weapon,Firearm,
16770,19565,Weapon,Firearm,
16771,19566,Weapon,Firearm,
16772,19568,Weapon,Poison,
16773,19569,Weapon,Firearm,
16774,19570,Weapon,Other,
16775,19571,Weapon,Blunt Object,
16776,19572,Weapon,Blunt Object,
16777,19573,Weapon,Knife,
16778,19574,Weapon,Other,
16779,19575,Weapon,Knife,
16780,19576,Weapon,Poison,
16781,19578,Weapon,Knife,
16782,19579,Weapon,Poison,
16783,19580,Weapon,Poison,
16784,19581,Weapon,Explosives,
16785,19582,Weapon,Firearm,
16786,19583,Weapon,Other,
16787,19584,Weapon,Knife,
16788,19585,Weapon,Poison,
16789,19586,Weapon,Firearm,
16790,19587,Weapon,Firearm,
16791,19588,Weapon,Other,
16792,19590,Weapon,Poison,
16793,19593,Weapon,Blunt Object,
16794,19594,Weapon,Firearm,
16795,19595,Weapon,Firearm,
16796,19596,Weapon,Firearm,
16797,19598,Weapon,Blunt Object,
16798,19600,Weapon,Other,
16799,19601,Weapon,Blunt Object,
16800,19602,Weapon,Other,
16801,19603,Weapon,Firearm,
16802,19604,Weapon,Firearm,
16803,19605,Weapon,Firearm,
16804,19606,Weapon,Poison,
16805,19607,Weapon,Knife,
16806,19608,Weapon,Poison,
16807,19609,Weapon,Poison,
16808,19610,Weapon,Other,
16809,19611,Weapon,Firearm,
16810,19612,Weapon,Firearm,
16811,19613,Weapon,Other,
16812,19614,Weapon,Explosives,
16813,19615,Weapon,Explosives,
16814,19616,Weapon,Explosives,
16815,19617,Weapon,Poison,
16816,19618,Weapon,Blunt Object,
16817,19619,Weapon,Knife,
16818,19620,Weapon,Poison,
16819,19621,Weapon,Poison,
16820,19622,Weapon,Poison,
16821,19623,Weapon,Explosives,
16822,19624,Weapon,Blunt Object,
16823,19625,Weapon,Knife,
16824,19626,Weapon,Firearm,
16825,19627,Weapon,Explosives,
16826,19628,Weapon,Explosives,
16827,19629,Weapon,Poison,
16828,19630,Weapon,Other,
16829,19631,Weapon,Firearm,
16830,19632,Weapon,Firearm,
16831,19633,Weapon,Blunt Object,
16832,19634,Weapon,Firearm,
16833,19636,Weapon,Knife,
16834,19637,Weapon,Poison,
16835,19638,Weapon,Knife,
16836,19639,Weapon,Knife,
16837,19640,Weapon,Firearm,
16838,19641,Weapon,Explosives,
16839,19642,Weapon,Poison,
16840,19643,Weapon,Knife,
16841,19644,Weapon,Poison,
16842,19645,Weapon,Poison,
16843,19646,Weapon,Poison,
16844,19647,Weapon,Knife,
16845,19648,Weapon,Firearm,
16846,19649,Weapon,Blunt Object,
16847,19650,Weapon,Poison,
16848,19651,Weapon,Firearm,
16849,19652,Weapon,Firearm,
16850,19654,Weapon,Poison,
16851,19656,Weapon,Other,
16852,19659,Weapon,Knife,
16853,19660,Weapon,Blunt Object,
16854,19661,Weapon,Explosives,
16855,19662,Weapon,Other,
16856,19663,Weapon,Firearm,
16857,19664,Weapon,Other,
16858,19665,Weapon,Explosives,
16859,19667,Weapon,Poison,
16860,19668,Weapon,Blunt Object,
16861,19670,Weapon,Poison,
16862,19671,Weapon,Explosives,
16863,19672,Weapon,Knife,
16864,19673,Weapon,Firearm,
16865,19674,Weapon,Explosives,
16866,19675,Weapon,Other,
16867,19676,Weapon,Blunt Object,
16868,19678,Weapon,Knife,
16869,19681,Weapon,Firearm,
16870,19683,Weapon,Explosives,
16871,19684,Weapon,Blunt Object,
16872,19685,Weapon,Firearm,
16873,19686,Weapon,Firearm,
16874,19687,Weapon,Blunt Object,
16875,19688,Weapon,Knife,
16876,19689,Weapon,Firearm,
16877,19690,Weapon,Firearm,
16878,19691,Weapon,Explosives,
16879,19692,Weapon,Knife,
16880,19693,Weapon,Firearm,
16881,19694,Weapon,Firearm,
16882,19695,Weapon,Poison,
16883,19696,Weapon,Explosives,
16884,19699,Weapon,Other,
16885,19700,Weapon,Other,
16886,19701,Weapon,Firearm,
16887,19703,Weapon,Poison,
16888,19704,Weapon,Poison,
16889,19705,Weapon,Firearm,
16890,19706,Weapon,Poison,
16891,19707,Weapon,Firearm,
16892,19708,Weapon,Knife,
16893,19709,Weapon,Knife,
16894,19710,Weapon,Poison,
16895,19712,Weapon,Other,
16896,19713,Weapon,Knife,
16897,19715,Weapon,Firearm,
16898,19716,Weapon,Other,
16899,19717,Weapon,Explosives,
16900,19718,Weapon,Firearm,
16901,19719,Weapon,Poison,
16902,19721,Weapon,Knife,
16903,19722,Weapon,Firearm,
16904,19724,Weapon,Blunt Object,
16905,19725,Weapon,Knife,
16906,19726,Weapon,Poison,
16907,19727,Weapon,Blunt Object,
16908,19728,Weapon,Blunt Object,
16909,19729,Weapon,Other,
16910,19730,Weapon,Poison,
16911,19731,Weapon,Explosives,
16912,19733,Weapon,Poison,
16913,19735,Weapon,Knife,
16914,19736,Weapon,Poison,
16915,19738,Weapon,Poison,
16916,19739,Weapon,Knife,
16917,19740,Weapon,Firearm,
16918,19741,Weapon,Blunt Object,
16919,19742,Weapon,Firearm,
16920,19743,Weapon,Other,
16921,19744,Weapon,Other,
16922,19745,Weapon,Explosives,
16923,19746,Weapon,Explosives,
16924,19747,Weapon,Knife,
16925,19748,Weapon,Knife,
16926,19749,Weapon,Blunt Object,
16927,19750,Weapon,Poison,
16928,19751,Weapon,Explosives,
16929,19752,Weapon,Poison,
16930,19753,Weapon,Explosives,
16931,19754,Weapon,Other,
16932,19755,Weapon,Explosives,
16933,19757,Weapon,Explosives,
16934,19758,Weapon,Explosives,
16935,19761,Weapon,Poison,
16936,19762,Weapon,Blunt Object,
16937,19764,Weapon,Firearm,
16938,19765,Weapon,Knife,
16939,19767,Weapon,Other,
16940,19768,Weapon,Firearm,
16941,19769,Weapon,Knife,
16942,19770,Weapon,Explosives,
16943,19771,Weapon,Explosives,
16944,19772,Weapon,Other,
16945,19773,Weapon,Knife,
16946,19774,Weapon,Knife,
16947,19775,Weapon,Explosives,
16948,19776,Weapon,Other,
16949,19777,Weapon,Knife,
16950,19778,Weapon,Explosives,
16951,19780,Weapon,Explosives,
16952,19781,Weapon,Other,
16953,19783,Weapon,Knife,
16954,19786,Weapon,Knife,
16955,19787,Weapon,Knife,
16956,19788,Weapon,Blunt Object,
16957,19789,Weapon,Knife,
16958,19791,Weapon,Blunt Object,
16959,19792,Weapon,Poison,
16960,19793,Weapon,Firearm,
16961,19794,Weapon,Explosives,
16962,19795,Weapon,Poison,
16963,19796,Weapon,Other,
16964,19797,Weapon,Poison,
16965,19798,Weapon,Blunt Object,
16966,19800,Weapon,Firearm,
16967,19801,Weapon,Other,
16968,19802,Weapon,Other,
16969,19803,Weapon,Poison,
16970,19805,Weapon,Other,
16971,19806,Weapon,Poison,
16972,19807,Weapon,Firearm,
16973,19809,Weapon,Poison,
16974,19810,Weapon,Blunt Object,
16975,19813,Weapon,Knife,
16976,19814,Weapon,Poison,
16977,19815,Weapon,Other,
16978,19816,Weapon,Knife,
16979,19817,Weapon,Blunt Object,
16980,19818,Weapon,Knife,
16981,19819,Weapon,Explosives,
16982,19821,Weapon,Other,
16983,19822,Weapon,Poison,
16984,19823,Weapon,Blunt Object,
16985,19824,Weapon,Other,
16986,19825,Weapon,Knife,
16987,19826,Weapon,Explosives,
16988,19830,Weapon,Poison,
16989,19831,Weapon,Poison,
16990,19832,Weapon,Poison,
16991,19834,Weapon,Knife,
16992,19835,Weapon,Poison,
16993,19836,Weapon,Explosives,
16994,19839,Weapon,Knife,
16995,19840,Weapon,Poison,
16996,19841,Weapon,Knife,
16997,19842,Weapon,Poison,
16998,19843,Weapon,Blunt Object,
16999,19844,Weapon,Knife,
17000,19845,Weapon,Other,
17001,19846,Weapon,Explosives,
17002,19847,Weapon,Blunt Object,
17003,19848,Weapon,Knife,
17004,19849,Weapon,Knife,
17005,19850,Weapon,Knife,
17006,19851,Weapon,Blunt Object,
17007,19852,Weapon,Blunt Object,
17008,19853,Weapon,Blunt Object,
17009,19854,Weapon,Firearm,
17010,19855,Weapon,Blunt Object,
17011,19856,Weapon,Firearm,
17012,19857,Weapon,Other,
17013,19859,Weapon,Knife,
17014,19860,Weapon,Knife,
17015,19861,Weapon,Blunt Object,
17016,19862,Weapon,Firearm,
17017,19863,Weapon,Blunt Object,
17018,19864,Weapon,Firearm,
17019,19866,Weapon,Explosives,
17020,19867,Weapon,Other,
17021,19869,Weapon,Firearm,
17022,19870,Weapon,Firearm,
17023,19871,Weapon,Firearm,
17024,19872,Weapon,Knife,
17025,19873,Weapon,Poison,
17026,19874,Weapon,Explosives,
17027,19875,Weapon,Other,
17028,19876,Weapon,Blunt Object,
17029,19878,Weapon,Explosives,
17030,19879,Weapon,Explosives,
17031,19880,Weapon,Blunt Object,
17032,19881,Weapon,Knife,
17033,19882,Weapon,Knife,
17034,19883,Weapon,Firearm,
17035,19884,Weapon,Explosives,
17036,19885,Weapon,Firearm,
17037,19886,Weapon,Blunt Object,
17038,19887,Weapon,Blunt Object,
17039,19888,Weapon,Explosives,
17040,19889,Weapon,Poison,
17041,19891,Weapon,Firearm,
17042,19893,Weapon,Blunt Object,
17043,19894,Weapon,Firearm,
17044,19895,Weapon,Other,
17045,19896,Weapon,Explosives,
17046,19897,Weapon,Blunt Object,
17047,19898,Weapon,Knife,
17048,19899,Weapon,Knife,
17049,19900,Weapon,Blunt Object,
17050,19901,Weapon,Explosives,
17051,19903,Weapon,Firearm,
17052,19904,Weapon,Explosives,
17053,19906,Weapon,Firearm,
17054,19907,Weapon,Poison,
17055,19908,Weapon,Poison,
17056,19909,Weapon,Blunt Object,
17057,19910,Weapon,Other,
17058,19911,Weapon,Knife,
17059,19912,Weapon,Other,
17060,19913,Weapon,Blunt Object,
17061,19914,Weapon,Explosives,
17062,19915,Weapon,Poison,
17063,19916,Weapon,Blunt Object,
17064,19917,Weapon,Blunt Object,
17065,19918,Weapon,Knife,
17066,19919,Weapon,Poison,
17067,19920,Weapon,Poison,
17068,19923,Weapon,Firearm,
17069,19924,Weapon,Firearm,
17070,19925,Weapon,Other,
17071,19927,Weapon,Other,
17072,19928,Weapon,Firearm,
17073,19929,Weapon,Poison,
17074,19930,Weapon,Knife,
17075,19931,Weapon,Firearm,
17076,19932,Weapon,Firearm,
17077,19933,Weapon,Blunt Object,
17078,19935,Weapon,Explosives,
17079,19936,Weapon,Explosives,
17080,19937,Weapon,Knife,
17081,19939,Weapon,Other,
17082,19940,Weapon,Firearm,
17083,19941,Weapon,Explosives,
17084,19942,Weapon,Poison,
17085,19943,Weapon,Poison,
17086,19944,Weapon,Blunt Object,
17087,19945,Weapon,Knife,
17088,19947,Weapon,Knife,
17089,19948,Weapon,Poison,
17090,19949,Weapon,Knife,
17091,19950,Weapon,Explosives,
17092,19951,Weapon,Explosives,
17093,19952,Weapon,Other,
17094,19953,Weapon,Other,
17095,19955,Weapon,Explosives,
17096,19957,Weapon,Other,
17097,19958,Weapon,Poison,
17098,19959,Weapon,Explosives,
17099,19960,Weapon,Blunt Object,
17100,19961,Weapon,Knife,
17101,19962,Weapon,Knife,
17102,19963,Weapon,Poison,
17103,19964,Weapon,Other,
17104,19965,Weapon,Explosives,
17105,19966,Weapon,Explosives,
17106,19968,Weapon,Firearm,
17107,19969,Weapon,Other,
17108,19970,Weapon,Blunt Object,
17109,19971,Weapon,Firearm,
17110,19972,Weapon,Explosives,
17111,19973,Weapon,Other,
17112,19974,Weapon,Blunt Object,
17113,19975,Weapon,Knife,
17114,19976,Weapon,Poison,
17115,19977,Weapon,Poison,
17116,19978,Weapon,Other,
17117,19979,Weapon,Poison,
17118,19980,Weapon,Poison,
17119,19981,Weapon,Other,
17120,19982,Weapon,Blunt Object,
17121,19983,Weapon,Explosives,
17122,19984,Weapon,Firearm,
17123,19985,Weapon,Explosives,
17124,19986,Weapon,Blunt Object,
17125,19988,Weapon,Explosives,
17126,19989,Weapon,Firearm,
17127,19991,Weapon,Explosives,
17128,19992,Weapon,Knife,
17129,19993,Weapon,Other,
17130,19994,Weapon,Firearm,
17131,19995,Weapon,Blunt Object,
17132,19996,Weapon,Other,
17133,19997,Weapon,Poison,
17134,19998,Weapon,Firearm,
17135,19999,Weapon,Knife,
17136,20001,Weapon,Explosives,
17137,20002,Weapon,Knife,
17138,20003,Weapon,Blunt Object,
17139,20004,Weapon,Firearm,
17140,20006,Weapon,Other,
17141,20007,Weapon,Firearm,
17142,20008,Weapon,Explosives,
17143,20009,Weapon,Other,
17144,20010,Weapon,Firearm,
17145,20011,Weapon,Explosives,
17146,20012,Weapon,Firearm,
17147,20013,Weapon,Blunt Object,
17148,20014,Weapon,Other,
17149,20015,Weapon,Firearm,
17150,20016,Weapon,Other,
17151,20017,Weapon,Knife,
17152,20018,Weapon,Firearm,
17153,20019,Weapon,Other,
17154,20020,Weapon,Poison,
17155,20021,Weapon,Explosives,
17156,20022,Weapon,Explosives,
17157,20023,Weapon,Firearm,
17158,20024,Weapon,Firearm,
17159,20025,Weapon,Blunt Object,
17160,20026,Weapon,Poison,
17161,20027,Weapon,Blunt Object,
17162,20028,Weapon,Firearm,
17163,20029,Weapon,Explosives,
17164,20030,Weapon,Explosives,
17165,20031,Weapon,Firearm,
17166,20032,Weapon,Explosives,
17167,20033,Weapon,Blunt Object,
17168,20034,Weapon,Poison,
17169,20035,Weapon,Explosives,
17170,20036,Weapon,Other,
17171,20037,Weapon,Firearm,
17172,20038,Weapon,Poison,
17173,20039,Weapon,Poison,
17174,20040,Weapon,Poison,
17175,20041,Weapon,Blunt Object,
17176,20044,Weapon,Other,
17177,20046,Weapon,Knife,
17178,20047,Weapon,Firearm,
17179,20048,Weapon,Poison,
17180,20049,Weapon,Other,
17181,20051,Weapon,Other,
17182,20052,Weapon,Blunt Object,
17183,20053,Weapon,Poison,
17184,20054,Weapon,Explosives,
17185,20055,Weapon,Explosives,
17186,20056,Weapon,Poison,
17187,20057,Weapon,Poison,
17188,20059,Weapon,Explosives,
17189,20060,Weapon,Explosives,
17190,20061,Weapon,Knife,
17191,20062,Weapon,Poison,
17192,20063,Weapon,Explosives,
17193,20064,Weapon,Explosives,
17194,20065,Weapon,Explosives,
17195,20067,Weapon,Blunt Object,
17196,20070,Weapon,Poison,
17197,20071,Weapon,Poison,
17198,20072,Weapon,Knife,
17199,20073,Weapon,Other,
17200,20074,Weapon,Firearm,
17201,20075,Weapon,Firearm,
17202,20076,Weapon,Firearm,
17203,20077,Weapon,Other,
17204,20078,Weapon,Blunt Object,
17205,20079,Weapon,Knife,
17206,20080,Weapon,Firearm,
17207,20081,Weapon,Explosives,
17208,20082,Weapon,Knife,
17209,20084,Weapon,Poison,
17210,20085,Weapon,Firearm,
17211,20086,Weapon,Firearm,
17212,20088,Weapon,Poison,
17213,20089,Weapon,Poison,
17214,20090,Weapon,Poison,
17215,20091,Weapon,Knife,
17216,20093,Weapon,Knife,
17217,20094,Weapon,Poison,
17218,20096,Weapon,Explosives,
17219,20097,Weapon,Blunt Object,
17220,20098,Weapon,Firearm,
17221,20099,Weapon,Firearm,
17222,20100,Weapon,Knife,
17223,20101,Weapon,Blunt Object,
17224,20102,Weapon,Knife,
17225,20103,Weapon,Blunt Object,
17226,20108,Weapon,Knife,
17227,20109,Weapon,Blunt Object,
17228,20110,Weapon,Knife,
17229,20111,Weapon,Knife,
17230,20113,Weapon,Firearm,
17231,20114,Weapon,Blunt Object,
17232,20115,Weapon,Explosives,
17233,20116,Weapon,Blunt Object,
17234,20117,Weapon,Explosives,
17235,20118,Weapon,Knife,
17236,20119,Weapon,Explosives,
17237,20120,Weapon,Explosives,
17238,20121,Weapon,Blunt Object,
17239,20122,Weapon,Blunt Object,
17240,20123,Weapon,Other,
17241,20124,Weapon,Knife,
17242,20125,Weapon,Explosives,
17243,20126,Weapon,Explosives,
17244,20128,Weapon,Explosives,
17245,20129,Weapon,Poison,
17246,20130,Weapon,Knife,
17247,20131,Weapon,Blunt Object,
17248,20132,Weapon,Knife,
17249,20133,Weapon,Poison,
17250,20134,Weapon,Firearm,
17251,20136,Weapon,Firearm,
17252,20140,Weapon,Poison,
17253,20141,Weapon,Other,
17254,20142,Weapon,Firearm,
17255,20144,Weapon,Knife,
17256,20145,Weapon,Other,
17257,20146,Weapon,Blunt Object,
17258,20147,Weapon,Firearm,
17259,20148,Weapon,Blunt Object,
17260,20149,Weapon,Poison,
17261,20150,Weapon,Knife,
17262,20151,Weapon,Knife,
17263,20152,Weapon,Poison,
17264,20153,Weapon,Firearm,
17265,20154,Weapon,Firearm,
17266,20155,Weapon,Explosives,
17267,20156,Weapon,Explosives,
17268,20157,Weapon,Other,
17269,20158,Weapon,Blunt Object,
17270,20160,Weapon,Poison,
17271,20161,Weapon,Knife,
17272,20162,Weapon,Explosives,
17273,20163,Weapon,Blunt Object,
17274,20164,Weapon,Firearm,
17275,20165,Weapon,Knife,
17276,20166,Weapon,Other,
17277,20167,Weapon,Blunt Object,
17278,20168,Weapon,Explosives,
17279,20170,Weapon,Firearm,
17280,20171,Weapon,Explosives,
17281,20172,Weapon,Poison,
17282,20173,Weapon,Blunt Object,
17283,20176,Weapon,Explosives,
17284,20177,Weapon,Knife,
17285,20178,Weapon,Poison,
17286,20179,Weapon,Knife,
17287,20180,Weapon,Other,
17288,20181,Weapon,Poison,
17289,20182,Weapon,Blunt Object,
17290,20183,Weapon,Knife,
17291,20184,Weapon,Explosives,
17292,20185,Weapon,Blunt Object,
17293,20186,Weapon,Blunt Object,
17294,20187,Weapon,Knife,
17295,20188,Weapon,Blunt Object,
17296,20189,Weapon,Poison,
17297,20190,Weapon,Firearm,
17298,20191,Weapon,Explosives,
17299,20192,Weapon,Knife,
17300,20193,Weapon,Blunt Object,
17301,20194,Weapon,Knife,
17302,20195,Weapon,Explosives,
17303,20196,Weapon,Knife,
17304,20197,Weapon,Explosives,
17305,20199,Weapon,Blunt Object,
17306,20200,Weapon,Blunt Object,
17307,20203,Weapon,Poison,
17308,20204,Weapon,Poison,
17309,20205,Weapon,Firearm,
17310,20206,Weapon,Poison,
17311,20207,Weapon,Other,
17312,20208,Weapon,Poison,
17313,20211,Weapon,Poison,
17314,20212,Weapon,Firearm,
17315,20213,Weapon,Knife,
17316,20214,Weapon,Firearm,
17317,20215,Weapon,Other,
17318,20216,Weapon,Firearm,
17319,20217,Weapon,Other,
17320,20218,Weapon,Poison,
17321,20219,Weapon,Poison,
17322,20220,Weapon,Blunt Object,
17323,20221,Weapon,Blunt Object,
17324,20222,Weapon,Firearm,
17325,20223,Weapon,Poison,
17326,20224,Weapon,Explosives,
17327,20225,Weapon,Knife,
17328,20226,Weapon,Firearm,
17329,20227,Weapon,Blunt Object,
17330,20228,Weapon,Firearm,
17331,20229,Weapon,Knife,
17332,20230,Weapon,Firearm,
17333,20232,Weapon,Other,
17334,20233,Weapon,Knife,
17335,20234,Weapon,Poison,
17336,20235,Weapon,Knife,
17337,20236,Weapon,Firearm,
17338,20237,Weapon,Firearm,
17339,20239,Weapon,Knife,
17340,20240,Weapon,Blunt Object,
17341,20241,Weapon,Firearm,
17342,20242,Weapon,Poison,
17343,20243,Weapon,Poison,
17344,20244,Weapon,Explosives,
17345,20245,Weapon,Knife,
17346,20246,Weapon,Explosives,
17347,20247,Weapon,Firearm,
17348,20248,Weapon,Firearm,
17349,20249,Weapon,Firearm,
17350,20250,Weapon,Blunt Object,
17351,20251,Weapon,Firearm,
17352,20252,Weapon,Explosives,
17353,20253,Weapon,Knife,
17354,20254,Weapon,Other,
17355,20255,Weapon,Explosives,
17356,20256,Weapon,Knife,
17357,20257,Weapon,Firearm,
17358,20258,Weapon,Blunt Object,
17359,20259,Weapon,Poison,
17360,20260,Weapon,Knife,
17361,20262,Weapon,Knife,
17362,20264,Weapon,Knife,
17363,20265,Weapon,Firearm,
17364,20266,Weapon,Blunt Object,
17365,20267,Weapon,Poison,
17366,20268,Weapon,Blunt Object,
17367,20269,Weapon,Firearm,
17368,20270,Weapon,Poison,
17369,20271,Weapon,Knife,
17370,20273,Weapon,Firearm,
17371,20274,Weapon,Knife,
17372,20275,Weapon,Explosives,
17373,20276,Weapon,Knife,
17374,20278,Weapon,Explosives,
17375,20280,Weapon,Other,
17376,20281,Weapon,Firearm,
17377,20282,Weapon,Blunt Object,
17378,20284,Weapon,Explosives,
17379,20285,Weapon,Poison,
17380,20287,Weapon,Explosives,
17381,20288,Weapon,Blunt Object,
17382,20289,Weapon,Blunt Object,
17383,20290,Weapon,Blunt Object,
17384,20291,Weapon,Other,
17385,20293,Weapon,Knife,
17386,20294,Weapon,Blunt Object,
17387,20295,Weapon,Other,
17388,20296,Weapon,Firearm,
17389,20297,Weapon,Firearm,
17390,20298,Weapon,Poison,
17391,20299,Weapon,Knife,
17392,20300,Weapon,Firearm,
17393,20301,Weapon,Blunt Object,
17394,20302,Weapon,Other,
17395,20303,Weapon,Poison,
17396,20304,Weapon,Firearm,
17397,20305,Weapon,Firearm,
17398,20306,Weapon,Other,
17399,20308,Weapon,Poison,
17400,20309,Weapon,Other,
17401,20310,Weapon,Poison,
17402,20311,Weapon,Poison,
17403,20312,Weapon,Other,
17404,20313,Weapon,Other,
17405,20314,Weapon,Blunt Object,
17406,20315,Weapon,Knife,
17407,20316,Weapon,Firearm,
17408,20317,Weapon,Blunt Object,
17409,20318,Weapon,Firearm,
17410,20321,Weapon,Other,
17411,20322,Weapon,Explosives,
17412,20323,Weapon,Other,
17413,20324,Weapon,Explosives,
17414,20325,Weapon,Explosives,
17415,20326,Weapon,Blunt Object,
17416,20327,Weapon,Firearm,
17417,20328,Weapon,Firearm,
17418,20329,Weapon,Firearm,
17419,20331,Weapon,Blunt Object,
17420,20332,Weapon,Blunt Object,
17421,20333,Weapon,Knife,
17422,20334,Weapon,Poison,
17423,20335,Weapon,Firearm,
17424,20336,Weapon,Blunt Object,
17425,20337,Weapon,Knife,
17426,20338,Weapon,Other,
17427,20339,Weapon,Poison,
17428,20340,Weapon,Knife,
17429,20341,Weapon,Firearm,
17430,20342,Weapon,Knife,
17431,20343,Weapon,Firearm,
17432,20344,Weapon,Firearm,
17433,20345,Weapon,Explosives,
17434,20347,Weapon,Poison,
17435,20348,Weapon,Other,
17436,20349,Weapon,Explosives,
17437,20350,Weapon,Explosives,
17438,20351,Weapon,Other,
17439,20352,Weapon,Other,
17440,20353,Weapon,Other,
17441,20354,Weapon,Knife,
17442,20355,Weapon,Other,
17443,20356,Weapon,Firearm,
17444,20357,Weapon,Explosives,
17445,20358,Weapon,Knife,
17446,20359,Weapon,Explosives,
17447,20360,Weapon,Poison,
17448,20361,Weapon,Explosives,
17449,20362,Weapon,Knife,
17450,20363,Weapon,Other,
17451,20365,Weapon,Poison,
17452,20366,Weapon,Firearm,
17453,20367,Weapon,Blunt Object,
17454,20368,Weapon,Knife,
17455,20369,Weapon,Explosives,
17456,20370,Weapon,Other,
17457,20371,Weapon,Firearm,
17458,20372,Weapon,Blunt Object,
17459,20373,Weapon,Poison,
17460,20374,Weapon,Explosives,
17461,20375,Weapon,Poison,
17462,20376,Weapon,Blunt Object,
17463,20377,Weapon,Blunt Object,
17464,20380,Weapon,Firearm,
17465,20381,Weapon,Blunt Object,
17466,20382,Weapon,Poison,
17467,20383,Weapon,Other,
17468,20384,Weapon,Firearm,
17469,20385,Weapon,Explosives,
17470,20387,Weapon,Other,
17471,20388,Weapon,Firearm,
17472,20389,Weapon,Firearm,
17473,20391,Weapon,Poison,
17474,20392,Weapon,Blunt Object,
17475,20393,Weapon,Explosives,
17476,20394,Weapon,Other,
17477,20395,Weapon,Blunt Object,
17478,20396,Weapon,Other,
17479,20397,Weapon,Knife,
17480,20398,Weapon,Explosives,
17481,20399,Weapon,Other,
17482,20400,Weapon,Firearm,
17483,20402,Weapon,Knife,
17484,20403,Weapon,Knife,
17485,20404,Weapon,Firearm,
17486,20405,Weapon,Other,
17487,20407,Weapon,Explosives,
17488,20408,Weapon,Explosives,
17489,20409,Weapon,Poison,
17490,20410,Weapon,Other,
17491,20411,Weapon,Explosives,
17492,20412,Weapon,Knife,
17493,20413,Weapon,Knife,
17494,20415,Weapon,Blunt Object,
17495,20416,Weapon,Firearm,
17496,20417,Weapon,Firearm,
17497,20418,Weapon,Other,
17498,20419,Weapon,Knife,
17499,20420,Weapon,Explosives,
17500,20421,Weapon,Explosives,
17501,20422,Weapon,Knife,
17502,20423,Weapon,Blunt Object,
17503,20424,Weapon,Firearm,
17504,20425,Weapon,Firearm,
17505,20426,Weapon,Firearm,
17506,20427,Weapon,Blunt Object,
17507,20428,Weapon,Explosives,
17508,20429,Weapon,Firearm,
17509,20430,Weapon,Knife,
17510,20431,Weapon,Blunt Object,
17511,20432,Weapon,Other,
17512,20433,Weapon,Explosives,
17513,20434,Weapon,Knife,
17514,20436,Weapon,Firearm,
17515,20437,Weapon,Poison,
17516,20438,Weapon,Explosives,
17517,20440,Weapon,Other,
17518,20441,Weapon,Explosives,
17519,20443,Weapon,Firearm,
17520,20444,Weapon,Poison,
17521,20445,Weapon,Poison,
17522,20446,Weapon,Other,
17523,20447,Weapon,Knife,
17524,20448,Weapon,Explosives,
17525,20451,Weapon,Blunt Object,
17526,20453,Weapon,Explosives,
17527,20454,Weapon,Blunt Object,
17528,20455,Weapon,Firearm,
17529,20456,Weapon,Knife,
17530,20457,Weapon,Firearm,
17531,20458,Weapon,Poison,
17532,20459,Weapon,Knife,
17533,20460,Weapon,Firearm,
17534,20461,Weapon,Blunt Object,
17535,20462,Weapon,Explosives,
17536,20463,Weapon,Explosives,
17537,20464,Weapon,Blunt Object,
17538,20466,Weapon,Other,
17539,20467,Weapon,Blunt Object,
17540,20469,Weapon,Other,
17541,20470,Weapon,Knife,
17542,20471,Weapon,Other,
17543,20472,Weapon,Explosives,
17544,20473,Weapon,Explosives,
17545,20474,Weapon,Firearm,
17546,20475,Weapon,Firearm,
17547,20476,Weapon,Knife,
17548,20477,Weapon,Blunt Object,
17549,20478,Weapon,Poison,
17550,20479,Weapon,Firearm,
17551,20480,Weapon,Explosives,
17552,20481,Weapon,Explosives,
17553,20483,Weapon,Firearm,
17554,20486,Weapon,Firearm,
17555,20488,Weapon,Other,
17556,20490,Weapon,Explosives,
17557,20491,Weapon,Knife,
17558,20492,Weapon,Poison,
17559,20493,Weapon,Explosives,
17560,20494,Weapon,Knife,
17561,20495,Weapon,Explosives,
17562,20496,Weapon,Explosives,
17563,20497,Weapon,Other,
17564,20498,Weapon,Firearm,
17565,20499,Weapon,Knife,
17566,20500,Weapon,Explosives,
17567,20502,Weapon,Other,
17568,20503,Weapon,Blunt Object,
17569,20504,Weapon,Blunt Object,
17570,20505,Weapon,Blunt Object,
17571,20506,Weapon,Explosives,
17572,20507,Weapon,Explosives,
17573,20508,Weapon,Explosives,
17574,20509,Weapon,Explosives,
17575,20510,Weapon,Knife,
17576,20511,Weapon,Poison,
17577,20514,Weapon,Poison,
17578,20515,Weapon,Blunt Object,
17579,20516,Weapon,Poison,
17580,20518,Weapon,Blunt Object,
17581,20519,Weapon,Other,
17582,20521,Weapon,Explosives,
17583,20522,Weapon,Firearm,
17584,20523,Weapon,Knife,
17585,20524,Weapon,Knife,
17586,20525,Weapon,Other,
17587,20526,Weapon,Poison,
17588,20527,Weapon,Explosives,
17589,20528,Weapon,Poison,
17590,20529,Weapon,Other,
17591,20530,Weapon,Other,
17592,20531,Weapon,Knife,
17593,20532,Weapon,Firearm,
17594,20533,Weapon,Poison,
17595,20534,Weapon,Firearm,
17596,20535,Weapon,Knife,
17597,20536,Weapon,Explosives,
17598,20538,Weapon,Explosives,
17599,20539,Weapon,Other,
17600,20540,Weapon,Blunt Object,
17601,20541,Weapon,Other,
17602,20542,Weapon,Other,
17603,20543,Weapon,Poison,
17604,20544,Weapon,Poison,
17605,20545,Weapon,Poison,
17606,20546,Weapon,Blunt Object,
17607,20547,Weapon,Explosives,
17608,20549,Weapon,Firearm,
17609,20550,Weapon,Explosives,
17610,20551,Weapon,Other,
17611,20553,Weapon,Explosives,
17612,20554,Weapon,Blunt Object,
17613,20555,Weapon,Poison,
17614,20556,Weapon,Explosives,
17615,20558,Weapon,Poison,
17616,20559,Weapon,Blunt Object,
17617,20560,Weapon,Poison,
17618,20562,Weapon,Explosives,
17619,20564,Weapon,Poison,
17620,20565,Weapon,Poison,
17621,20566,Weapon,Other,
17622,20567,Weapon,Poison,
17623,20569,Weapon,Other,
17624,20570,Weapon,Knife,
17625,20571,Weapon,Blunt Object,
17626,20572,Weapon,Firearm,
17627,20573,Weapon,Other,
17628,20575,Weapon,Poison,
17629,20576,Weapon,Explosives,
17630,20578,Weapon,Explosives,
17631,20579,Weapon,Other,
17632,20580,Weapon,Other,
17633,20581,Weapon,Poison,
17634,20582,Weapon,Poison,
17635,20583,Weapon,Firearm,
17636,20584,Weapon,Other,
17637,20586,Weapon,Blunt Object,
17638,20587,Weapon,Blunt Object,
17639,20588,Weapon,Poison,
17640,20589,Weapon,Explosives,
17641,20590,Weapon,Other,
17642,20591,Weapon,Other,
17643,20593,Weapon,Blunt Object,
17644,20594,Weapon,Firearm,
17645,20596,Weapon,Knife,
17646,20597,Weapon,Explosives,
17647,20598,Weapon,Firearm,
17648,20599,Weapon,Blunt Object,
17649,20600,Weapon,Explosives,
17650,20601,Weapon,Knife,
17651,20602,Weapon,Explosives,
17652,20603,Weapon,Firearm,
17653,20604,Weapon,Blunt Object,
17654,20606,Weapon,Knife,
17655,20608,Weapon,Blunt Object,
17656,20609,Weapon,Knife,
17657,20611,Weapon,Knife,
17658,20612,Weapon,Other,
17659,20613,Weapon,Other,
17660,20614,Weapon,Firearm,
17661,20615,Weapon,Explosives,
17662,20616,Weapon,Firearm,
17663,20617,Weapon,Knife,
17664,20618,Weapon,Firearm,
17665,20619,Weapon,Other,
17666,20621,Weapon,Firearm,
17667,20622,Weapon,Other,
17668,20623,Weapon,Knife,
17669,20624,Weapon,Knife,
17670,20625,Weapon,Knife,
17671,20626,Weapon,Poison,
17672,20628,Weapon,Poison,
17673,20629,Weapon,Poison,
17674,20630,Weapon,Blunt Object,
17675,20631,Weapon,Explosives,
17676,20632,Weapon,Explosives,
17677,20633,Weapon,Other,
17678,20635,Weapon,Blunt Object,
17679,20636,Weapon,Blunt Object,
17680,20637,Weapon,Firearm,
17681,20638,Weapon,Firearm,
17682,20639,Weapon,Explosives,
17683,20640,Weapon,Firearm,
17684,20641,Weapon,Other,
17685,20642,Weapon,Blunt Object,
17686,20643,Weapon,Explosives,
17687,20644,Weapon,Knife,
17688,20645,Weapon,Blunt Object,
17689,20646,Weapon,Firearm,
17690,20647,Weapon,Knife,
17691,20648,Weapon,Other,
17692,20649,Weapon,Other,
17693,20650,Weapon,Explosives,
17694,20651,Weapon,Blunt Object,
17695,20652,Weapon,Knife,
17696,20653,Weapon,Poison,
17697,20654,Weapon,Blunt Object,
17698,20655,Weapon,Other,
17699,20656,Weapon,Blunt Object,
17700,20657,Weapon,Blunt Object,
17701,20658,Weapon,Other,
17702,20659,Weapon,Blunt Object,
17703,20660,Weapon,Poison,
17704,20662,Weapon,Firearm,
17705,20663,Weapon,Blunt Object,
17706,20664,Weapon,Knife,
17707,20665,Weapon,Explosives,
17708,20666,Weapon,Poison,
17709,20667,Weapon,Explosives,
17710,20668,Weapon,Knife,
17711,20669,Weapon,Poison,
17712,20670,Weapon,Other,
17713,20672,Weapon,Blunt Object,
17714,20673,Weapon,Blunt Object,
17715,20674,Weapon,Other,
17716,20675,Weapon,Firearm,
17717,20676,Weapon,Explosives,
17718,20677,Weapon,Firearm,
17719,20678,Weapon,Blunt Object,
17720,20679,Weapon,Explosives,
17721,20680,Weapon,Firearm,
17722,20681,Weapon,Explosives,
17723,20683,Weapon,Knife,
17724,20685,Weapon,Knife,
17725,20686,Weapon,Poison,
17726,20687,Weapon,Blunt Object,
17727,20688,Weapon,Blunt Object,
17728,20689,Weapon,Blunt Object,
17729,20691,Weapon,Firearm,
17730,20692,Weapon,Explosives,
17731,20693,Weapon,Explosives,
17732,20694,Weapon,Other,
17733,20695,Weapon,Poison,
17734,20696,Weapon,Blunt Object,
17735,20697,Weapon,Blunt Object,
17736,20698,Weapon,Knife,
17737,20699,Weapon,Blunt Object,
17738,20700,Weapon,Explosives,
17739,20701,Weapon,Other,
17740,20702,Weapon,Other,
17741,20703,Weapon,Explosives,
17742,20705,Weapon,Firearm,
17743,20706,Weapon,Explosives,
17744,20707,Weapon,Knife,
17745,20708,Weapon,Poison,
17746,20709,Weapon,Poison,
17747,20710,Weapon,Poison,
17748,20712,Weapon,Blunt Object,
17749,20713,Weapon,Firearm,
17750,20714,Weapon,Poison,
17751,20715,Weapon,Blunt Object,
17752,20717,Weapon,Knife,
17753,20718,Weapon,Explosives,
17754,20720,Weapon,Explosives,
17755,20723,Weapon,Knife,
17756,20724,Weapon,Blunt Object,
17757,20725,Weapon,Blunt Object,
17758,20726,Weapon,Firearm,
17759,20727,Weapon,Poison,
17760,20728,Weapon,Knife,
17761,20729,Weapon,Other,
17762,20730,Weapon,Firearm,
17763,20731,Weapon,Poison,
17764,20733,Weapon,Explosives,
17765,20734,Weapon,Blunt Object,
17766,20735,Weapon,Explosives,
17767,20736,Weapon,Poison,
17768,20737,Weapon,Firearm,
17769,20738,Weapon,Blunt Object,
17770,20739,Weapon,Other,
17771,20740,Weapon,Poison,
17772,20741,Weapon,Blunt Object,
17773,20742,Weapon,Poison,
17774,20743,Weapon,Firearm,
17775,20744,Weapon,Poison,
17776,20745,Weapon,Blunt Object,
17777,20746,Weapon,Firearm,
17778,20748,Weapon,Other,
17779,20749,Weapon,Knife,
17780,20750,Weapon,Firearm,
17781,20751,Weapon,Blunt Object,
17782,20752,Weapon,Poison,
17783,20754,Weapon,Explosives,
17784,20755,Weapon,Explosives,
17785,20756,Weapon,Firearm,
17786,20757,Weapon,Firearm,
17787,20758,Weapon,Blunt Object,
17788,20759,Weapon,Other,
17789,20760,Weapon,Poison,
17790,20761,Weapon,Explosives,
17791,20762,Weapon,Knife,
17792,20763,Weapon,Explosives,
17793,20764,Weapon,Other,
17794,20765,Weapon,Firearm,
17795,20766,Weapon,Other,
17796,20767,Weapon,Poison,
17797,20768,Weapon,Firearm,
17798,20769,Weapon,Knife,
17799,20770,Weapon,Other,
17800,20771,Weapon,Blunt Object,
17801,20772,Weapon,Firearm,
17802,20773,Weapon,Blunt Object,
17803,20774,Weapon,Firearm,
17804,20776,Weapon,Knife,
17805,20777,Weapon,Knife,
17806,20779,Weapon,Poison,
17807,20780,Weapon,Knife,
17808,20781,Weapon,Firearm,
17809,20782,Weapon,Poison,
17810,20784,Weapon,Blunt Object,
17811,20785,Weapon,Blunt Object,
17812,20786,Weapon,Blunt Object,
17813,20787,Weapon,Other,
17814,20788,Weapon,Explosives,
17815,20790,Weapon,Explosives,
17816,20791,Weapon,Poison,
17817,20792,Weapon,Explosives,
17818,20793,Weapon,Poison,
17819,20794,Weapon,Knife,
17820,20795,Weapon,Explosives,
17821,20796,Weapon,Knife,
17822,20797,Weapon,Firearm,
17823,20798,Weapon,Knife,
17824,20799,Weapon,Knife,
17825,20800,Weapon,Explosives,
17826,20801,Weapon,Explosives,
17827,20802,Weapon,Firearm,
17828,20803,Weapon,Poison,
17829,20806,Weapon,Firearm,
17830,20808,Weapon,Knife,
17831,20812,Weapon,Knife,
17832,20813,Weapon,Firearm,
17833,20814,Weapon,Knife,
17834,20815,Weapon,Explosives,
17835,20816,Weapon,Other,
17836,20817,Weapon,Poison,
17837,20818,Weapon,Knife,
17838,20819,Weapon,Blunt Object,
17839,20820,Weapon,Poison,
17840,20821,Weapon,Blunt Object,
17841,20822,Weapon,Poison,
17842,20823,Weapon,Poison,
17843,20824,Weapon,Other,
17844,20825,Weapon,Knife,
17845,20826,Weapon,Blunt Object,
17846,20827,Weapon,Firearm,
17847,20828,Weapon,Other,
17848,20829,Weapon,Firearm,
17849,20831,Weapon,Explosives,
17850,20833,Weapon,Firearm,
17851,20834,Weapon,Poison,
17852,20835,Weapon,Explosives,
17853,20836,Weapon,Explosives,
17854,20838,Weapon,Knife,
17855,20839,Weapon,Poison,
17856,20841,Weapon,Poison,
17857,20842,Weapon,Explosives,
17858,20843,Weapon,Poison,
17859,20844,Weapon,Other,
17860,20845,Weapon,Explosives,
17861,20846,Weapon,Firearm,
17862,20847,Weapon,Poison,
17863,20848,Weapon,Poison,
17864,20849,Weapon,Knife,
17865,20850,Weapon,Explosives,
17866,20852,Weapon,Blunt Object,
17867,20853,Weapon,Other,
17868,20854,Weapon,Blunt Object,
17869,20855,Weapon,Firearm,
17870,20856,Weapon,Other,
17871,20857,Weapon,Explosives,
17872,20858,Weapon,Explosives,
17873,20860,Weapon,Explosives,
17874,20861,Weapon,Explosives,
17875,20862,Weapon,Firearm,
17876,20863,Weapon,Other,
17877,20865,Weapon,Knife,
17878,20866,Weapon,Blunt Object,
17879,20867,Weapon,Explosives,
17880,20868,Weapon,Firearm,
17881,20869,Weapon,Poison,
17882,20870,Weapon,Blunt Object,
17883,20871,Weapon,Poison,
17884,20872,Weapon,Explosives,
17885,20873,Weapon,Poison,
17886,20874,Weapon,Blunt Object,
17887,20875,Weapon,Blunt Object,
17888,20877,Weapon,Firearm,
17889,20878,Weapon,Blunt Object,
17890,20880,Weapon,Poison,
17891,20881,Weapon,Other,
17892,20882,Weapon,Other,
17893,20885,Weapon,Knife,
17894,20886,Weapon,Blunt Object,
17895,20887,Weapon,Knife,
17896,20888,Weapon,Other,
17897,20889,Weapon,Firearm,
17898,20890,Weapon,Knife,
17899,20891,Weapon,Explosives,
17900,20892,Weapon,Blunt Object,
17901,20893,Weapon,Poison,
17902,20894,Weapon,Knife,
17903,20896,Weapon,Firearm,
17904,20897,Weapon,Knife,
17905,20898,Weapon,Firearm,
17906,20899,Weapon,Other,
17907,20900,Weapon,Explosives,
17908,20901,Weapon,Knife,
17909,20902,Weapon,Poison,
17910,20903,Weapon,Blunt Object,
17911,20904,Weapon,Explosives,
17912,20905,Weapon,Poison,
17913,20908,Weapon,Explosives,
17914,20909,Weapon,Firearm,
17915,20910,Weapon,Blunt Object,
17916,20911,Weapon,Explosives,
17917,20912,Weapon,Explosives,
17918,20913,Weapon,Blunt Object,
17919,20914,Weapon,Explosives,
17920,20915,Weapon,Firearm,
17921,20916,Weapon,Poison,
17922,20918,Weapon,Firearm,
17923,20919,Weapon,Firearm,
17924,20920,Weapon,Other,
17925,20921,Weapon,Other,
17926,20922,Weapon,Blunt Object,
17927,20923,Weapon,Poison,
17928,20924,Weapon,Blunt Object,
17929,20925,Weapon,Firearm,
17930,20926,Weapon,Knife,
17931,20927,Weapon,Blunt Object,
17932,20928,Weapon,Other,
17933,20929,Weapon,Blunt Object,
17934,20930,Weapon,Firearm,
17935,20931,Weapon,Blunt Object,
17936,20932,Weapon,Poison,
17937,20933,Weapon,Blunt Object,
17938,20934,Weapon,Explosives,
17939,20935,Weapon,Blunt Object,
17940,20936,Weapon,Explosives,
17941,20937,Weapon,Blunt Object,
17942,20938,Weapon,Explosives,
17943,20939,Weapon,Other,
17944,20940,Weapon,Knife,
17945,20941,Weapon,Knife,
17946,20943,Weapon,Firearm,
17947,20944,Weapon,Other,
17948,20945,Weapon,Other,
17949,20946,Weapon,Poison,
17950,20947,Weapon,Explosives,
17951,20948,Weapon,Firearm,
17952,20949,Weapon,Firearm,
17953,20950,Weapon,Explosives,
17954,20951,Weapon,Explosives,
17955,20952,Weapon,Explosives,
17956,20953,Weapon,Explosives,
17957,20954,Weapon,Other,
17958,20956,Weapon,Explosives,
17959,20957,Weapon,Explosives,
17960,20958,Weapon,Firearm,
17961,20959,Weapon,Explosives,
17962,20960,Weapon,Other,
17963,20962,Weapon,Knife,
17964,20963,Weapon,Other,
17965,20964,Weapon,Firearm,
17966,20965,Weapon,Firearm,
17967,20966,Weapon,Explosives,
17968,20968,Weapon,Knife,
17969,20969,Weapon,Blunt Object,
17970,20970,Weapon,Blunt Object,
17971,20971,Weapon,Blunt Object,
17972,20972,Weapon,Explosives,
17973,20973,Weapon,Blunt Object,
17974,20974,Weapon,Knife,
17975,20976,Weapon,Firearm,
17976,20977,Weapon,Other,
17977,20978,Weapon,Poison,
17978,20979,Weapon,Blunt Object,
17979,20980,Weapon,Other,
17980,20981,Weapon,Knife,
17981,20982,Weapon,Poison,
17982,20983,Weapon,Other,
17983,20984,Weapon,Knife,
17984,20985,Weapon,Poison,
17985,20986,Weapon,Other,
17986,20987,Weapon,Other,
17987,20988,Weapon,Poison,
17988,20989,Weapon,Firearm,
17989,20990,Weapon,Knife,
17990,20991,Weapon,Poison,
17991,20994,Weapon,Explosives,
17992,20996,Weapon,Poison,
17993,20997,Weapon,Explosives,
17994,20998,Weapon,Other,
17995,20999,Weapon,Blunt Object,
17996,21000,Weapon,Firearm,
17997,21001,Weapon,Blunt Object,
17998,21002,Weapon,Knife,
17999,21003,Weapon,Knife,
18000,21004,Weapon,Other,
18001,21005,Weapon,Other,
18002,21006,Weapon,Knife,
18003,21008,Weapon,Blunt Object,
18004,21009,Weapon,Firearm,
18005,21010,Weapon,Other,
18006,21011,Weapon,Firearm,
18007,21012,Weapon,Firearm,
18008,21013,Weapon,Knife,
18009,21014,Weapon,Firearm,
18010,21015,Weapon,Blunt Object,
18011,21016,Weapon,Explosives,
18012,21017,Weapon,Knife,
18013,21018,Weapon,Other,
18014,21019,Weapon,Blunt Object,
18015,21020,Weapon,Blunt Object,
18016,21021,Weapon,Blunt Object,
18017,21022,Weapon,Poison,
18018,21023,Weapon,Knife,
18019,21024,Weapon,Poison,
18020,21025,Weapon,Poison,
18021,21026,Weapon,Poison,
18022,21027,Weapon,Blunt Object,
18023,21028,Weapon,Poison,
18024,21029,Weapon,Poison,
18025,21030,Weapon,Firearm,
18026,21031,Weapon,Knife,
18027,21032,Weapon,Other,
18028,21033,Weapon,Blunt Object,
18029,21034,Weapon,Firearm,
18030,21035,Weapon,Blunt Object,
18031,21036,Weapon,Knife,
18032,21038,Weapon,Firearm,
18033,21039,Weapon,Poison,
18034,21041,Weapon,Blunt Object,
18035,21042,Weapon,Explosives,
18036,21044,Weapon,Knife,
18037,21045,Weapon,Blunt Object,
18038,21046,Weapon,Blunt Object,
18039,21047,Weapon,Poison,
18040,21048,Weapon,Knife,
18041,21049,Weapon,Firearm,
18042,21050,Weapon,Explosives,
18043,21051,Weapon,Firearm,
18044,21052,Weapon,Blunt Object,
18045,21053,Weapon,Blunt Object,
18046,21054,Weapon,Explosives,
18047,21055,Weapon,Firearm,
18048,21056,Weapon,Explosives,
18049,21057,Weapon,Blunt Object,
18050,21058,Weapon,Knife,
18051,21059,Weapon,Knife,
18052,21060,Weapon,Explosives,
18053,21061,Weapon,Blunt Object,
18054,21062,Weapon,Blunt Object,
18055,21063,Weapon,Blunt Object,
18056,21064,Weapon,Knife,
18057,21065,Weapon,Poison,
18058,21066,Weapon,Poison,
18059,21067,Weapon,Poison,
18060,21068,Weapon,Poison,
18061,21069,Weapon,Blunt Object,
18062,21070,Weapon,Knife,
18063,21071,Weapon,Knife,
18064,21073,Weapon,Knife,
18065,21074,Weapon,Firearm,
18066,21075,Weapon,Knife,
18067,21076,Weapon,Knife,
18068,21077,Weapon,Explosives,
18069,21078,Weapon,Other,
18070,21079,Weapon,Poison,
18071,21080,Weapon,Blunt Object,
18072,21081,Weapon,Poison,
18073,21082,Weapon,Firearm,
18074,21083,Weapon,Other,
18075,21084,Weapon,Other,
18076,21085,Weapon,Other,
18077,21087,Weapon,Firearm,
18078,21088,Weapon,Other,
18079,21089,Weapon,Firearm,
18080,21091,Weapon,Blunt Object,
18081,21092,Weapon,Poison,
18082,21093,Weapon,Other,
18083,21094,Weapon,Firearm,
18084,21095,Weapon,Knife,
18085,21096,Weapon,Firearm,
18086,21097,Weapon,Other,
18087,21098,Weapon,Explosives,
18088,21100,Weapon,Explosives,
18089,21101,Weapon,Knife,
18090,21103,Weapon,Knife,
18091,21105,Weapon,Knife,
18092,21106,Weapon,Explosives,
18093,21107,Weapon,Knife,
18094,21108,Weapon,Blunt Object,
18095,21110,Weapon,Firearm,
18096,21111,Weapon,Blunt Object,
18097,21112,Weapon,Blunt Object,
18098,21113,Weapon,Knife,
18099,21114,Weapon,Other,
18100,21115,Weapon,Explosives,
18101,21116,Weapon,Explosives,
18102,21118,Weapon,Poison,
18103,21120,Weapon,Poison,
18104,21121,Weapon,Other,
18105,21122,Weapon,Blunt Object,
18106,21123,Weapon,Other,
18107,21125,Weapon,Poison,
18108,21126,Weapon,Explosives,
18109,21127,Weapon,Poison,
18110,21130,Weapon,Blunt Object,
18111,21131,Weapon,Poison,
18112,21132,Weapon,Knife,
18113,21134,Weapon,Poison,
18114,21135,Weapon,Poison,
18115,21136,Weapon,Explosives,
18116,21137,Weapon,Poison,
18117,21138,Weapon,Explosives,
18118,21139,Weapon,Poison,
18119,21140,Weapon,Poison,
18120,21141,Weapon,Explosives,
18121,21143,Weapon,Other,
18122,21144,Weapon,Other,
18123,21145,Weapon,Other,
18124,21146,Weapon,Firearm,
18125,21147,Weapon,Knife,
18126,21148,Weapon,Blunt Object,
18127,21149,Weapon,Knife,
18128,21150,Weapon,Other,
18129,21151,Weapon,Other,
18130,21152,Weapon,Explosives,
18131,21153,Weapon,Poison,
18132,21154,Weapon,Other,
18133,21155,Weapon,Firearm,
18134,21156,Weapon,Explosives,
18135,21157,Weapon,Explosives,
18136,21158,Weapon,Explosives,
18137,21160,Weapon,Explosives,
18138,21162,Weapon,Firearm,
18139,21163,Weapon,Firearm,
18140,21166,Weapon,Poison,
18141,21168,Weapon,Knife,
18142,21169,Weapon,Blunt Object,
18143,21170,Weapon,Blunt Object,
18144,21171,Weapon,Other,
18145,21172,Weapon,Poison,
18146,21173,Weapon,Blunt Object,
18147,21174,Weapon,Other,
18148,21175,Weapon,Explosives,
18149,21176,Weapon,Other,
18150,21177,Weapon,Poison,
18151,21179,Weapon,Firearm,
18152,21181,Weapon,Blunt Object,
18153,21182,Weapon,Other,
18154,21183,Weapon,Blunt Object,
18155,21185,Weapon,Other,
18156,21186,Weapon,Firearm,
18157,21187,Weapon,Knife,
18158,21188,Weapon,Firearm,
18159,21189,Weapon,Knife,
18160,21190,Weapon,Other,
18161,21191,Weapon,Firearm,
18162,21192,Weapon,Explosives,
18163,21193,Weapon,Blunt Object,
18164,21194,Weapon,Firearm,
18165,21195,Weapon,Explosives,
18166,21197,Weapon,Explosives,
18167,21198,Weapon,Explosives,
18168,21199,Weapon,Explosives,
18169,21201,Weapon,Explosives,
18170,21204,Weapon,Explosives,
18171,21205,Weapon,Other,
18172,21206,Weapon,Explosives,
18173,21207,Weapon,Explosives,
18174,21208,Weapon,Knife,
18175,21209,Weapon,Other,
18176,21210,Weapon,Knife,
18177,21211,Weapon,Explosives,
18178,21212,Weapon,Other,
18179,21213,Weapon,Explosives,
18180,21214,Weapon,Other,
18181,21215,Weapon,Knife,
18182,21216,Weapon,Knife,
18183,21217,Weapon,Explosives,
18184,21218,Weapon,Knife,
18185,21219,Weapon,Blunt Object,
18186,21220,Weapon,Firearm,
18187,21221,Weapon,Other,
18188,21222,Weapon,Knife,
18189,21223,Weapon,Blunt Object,
18190,21225,Weapon,Other,
18191,21226,Weapon,Other,
18192,21229,Weapon,Knife,
18193,21232,Weapon,Other,
18194,21233,Weapon,Other,
18195,21235,Weapon,Knife,
18196,21236,Weapon,Explosives,
18197,21237,Weapon,Poison,
18198,21238,Weapon,Knife,
18199,21239,Weapon,Blunt Object,
18200,21240,Weapon,Explosives,
18201,21241,Weapon,Blunt Object,
18202,21242,Weapon,Firearm,
18203,21244,Weapon,Other,
18204,21245,Weapon,Blunt Object,
18205,21246,Weapon,Poison,
18206,21248,Weapon,Poison,
18207,21249,Weapon,Poison,
18208,21250,Weapon,Firearm,
18209,21251,Weapon,Poison,
18210,21252,Weapon,Other,
18211,21253,Weapon,Firearm,
18212,21254,Weapon,Explosives,
18213,21255,Weapon,Blunt Object,
18214,21257,Weapon,Knife,
18215,21259,Weapon,Explosives,
18216,21260,Weapon,Firearm,
18217,21261,Weapon,Blunt Object,
18218,21262,Weapon,Firearm,
18219,21264,Weapon,Firearm,
18220,21265,Weapon,Knife,
18221,21266,Weapon,Knife,
18222,21267,Weapon,Explosives,
18223,21269,Weapon,Blunt Object,
18224,21270,Weapon,Firearm,
18225,21272,Weapon,Poison,
18226,21274,Weapon,Knife,
18227,21275,Weapon,Knife,
18228,21276,Weapon,Explosives,
18229,21277,Weapon,Blunt Object,
18230,21278,Weapon,Firearm,
18231,21279,Weapon,Poison,
18232,21280,Weapon,Blunt Object,
18233,21281,Weapon,Other,
18234,21283,Weapon,Knife,
18235,21284,Weapon,Explosives,
18236,21285,Weapon,Knife,
18237,21287,Weapon,Poison,
18238,21288,Weapon,Knife,
18239,21289,Weapon,Blunt Object,
18240,21290,Weapon,Poison,
18241,21291,Weapon,Other,
18242,21292,Weapon,Blunt Object,
18243,21293,Weapon,Other,
18244,21294,Weapon,Firearm,
18245,21295,Weapon,Knife,
18246,21296,Weapon,Other,
18247,21297,Weapon,Knife,
18248,21298,Weapon,Knife,
18249,21300,Weapon,Other,
18250,21301,Weapon,Other,
18251,21302,Weapon,Firearm,
18252,21303,Weapon,Knife,
18253,21304,Weapon,Explosives,
18254,21305,Weapon,Other,
18255,21306,Weapon,Firearm,
18256,21307,Weapon,Firearm,
18257,21308,Weapon,Explosives,
18258,21309,Weapon,Other,
18259,21310,Weapon,Knife,
18260,21311,Weapon,Explosives,
18261,21312,Weapon,Explosives,
18262,21313,Weapon,Blunt Object,
18263,21314,Weapon,Poison,
18264,21315,Weapon,Blunt Object,
18265,21316,Weapon,Poison,
18266,21317,Weapon,Poison,
18267,21318,Weapon,Firearm,
18268,21319,Weapon,Explosives,
18269,21320,Weapon,Firearm,
18270,21321,Weapon,Blunt Object,
18271,21323,Weapon,Blunt Object,
18272,21324,Weapon,Knife,
18273,21325,Weapon,Poison,
18274,21327,Weapon,Knife,
18275,21328,Weapon,Other,
18276,21329,Weapon,Knife,
18277,21330,Weapon,Explosives,
18278,21331,Weapon,Other,
18279,21332,Weapon,Firearm,
18280,21333,Weapon,Knife,
18281,21334,Weapon,Blunt Object,
18282,21335,Weapon,Knife,
18283,21336,Weapon,Firearm,
18284,21337,Weapon,Other,
18285,21338,Weapon,Poison,
18286,21340,Weapon,Explosives,
18287,21341,Weapon,Other,
18288,21343,Weapon,Knife,
18289,21344,Weapon,Firearm,
18290,21345,Weapon,Poison,
18291,21346,Weapon,Knife,
18292,21349,Weapon,Explosives,
18293,21350,Weapon,Firearm,
18294,21351,Weapon,Other,
18295,21352,Weapon,Other,
18296,21353,Weapon,Blunt Object,
18297,21354,Weapon,Blunt Object,
18298,21355,Weapon,Other,
18299,21356,Weapon,Firearm,
18300,21357,Weapon,Knife,
18301,21358,Weapon,Firearm,
18302,21359,Weapon,Blunt Object,
18303,21360,Weapon,Blunt Object,
18304,21361,Weapon,Poison,
18305,21362,Weapon,Explosives,
18306,21363,Weapon,Other,
18307,21364,Weapon,Knife,
18308,21365,Weapon,Blunt Object,
18309,21366,Weapon,Poison,
18310,21367,Weapon,Knife,
18311,21368,Weapon,Knife,
18312,21369,Weapon,Knife,
18313,21370,Weapon,Knife,
18314,21371,Weapon,Firearm,
18315,21372,Weapon,Poison,
18316,21374,Weapon,Other,
18317,21375,Weapon,Blunt Object,
18318,21377,Weapon,Firearm,
18319,21378,Weapon,Knife,
18320,21380,Weapon,Blunt Object,
18321,21381,Weapon,Explosives,
18322,21382,Weapon,Blunt Object,
18323,21384,Weapon,Firearm,
18324,21385,Weapon,Poison,
18325,21386,Weapon,Firearm,
18326,21388,Weapon,Explosives,
18327,21389,Weapon,Knife,
18328,21390,Weapon,Knife,
18329,21391,Weapon,Poison,
18330,21392,Weapon,Blunt Object,
18331,21393,Weapon,Firearm,
18332,21394,Weapon,Poison,
18333,21395,Weapon,Blunt Object,
18334,21396,Weapon,Firearm,
18335,21397,Weapon,Poison,
18336,21398,Weapon,Poison,
18337,21399,Weapon,Other,
18338,21400,Weapon,Blunt Object,
18339,21401,Weapon,Other,
18340,21402,Weapon,Poison,
18341,21403,Weapon,Explosives,
18342,21404,Weapon,Knife,
18343,21405,Weapon,Other,
18344,21406,Weapon,Firearm,
18345,21407,Weapon,Knife,
18346,21408,Weapon,Firearm,
18347,21409,Weapon,Other,
18348,21410,Weapon,Other,
18349,21411,Weapon,Knife,
18350,21412,Weapon,Knife,
18351,21413,Weapon,Blunt Object,
18352,21414,Weapon,Other,
18353,21415,Weapon,Knife,
18354,21416,Weapon,Poison,
18355,21417,Weapon,Other,
18356,21418,Weapon,Knife,
18357,21419,Weapon,Blunt Object,
18358,21420,Weapon,Blunt Object,
18359,21421,Weapon,Explosives,
18360,21422,Weapon,Knife,
18361,21423,Weapon,Knife,
18362,21424,Weapon,Firearm,
18363,21425,Weapon,Blunt Object,
18364,21426,Weapon,Poison,
18365,21427,Weapon,Poison,
18366,21428,Weapon,Explosives,
18367,21429,Weapon,Poison,
18368,21430,Weapon,Poison,
18369,21431,Weapon,Poison,
18370,21432,Weapon,Explosives,
18371,21434,Weapon,Blunt Object,
18372,21435,Weapon,Blunt Object,
18373,21436,Weapon,Other,
18374,21437,Weapon,Explosives,
18375,21438,Weapon,Knife,
18376,21439,Weapon,Other,
18377,21440,Weapon,Explosives,
18378,21441,Weapon,Explosives,
18379,21442,Weapon,Firearm,
18380,21443,Weapon,Poison,
18381,21444,Weapon,Poison,
18382,21446,Weapon,Blunt Object,
18383,21447,Weapon,Poison,
18384,21448,Weapon,Explosives,
18385,21449,Weapon,Blunt Object,
18386,21450,Weapon,Other,
18387,21451,Weapon,Explosives,
18388,21452,Weapon,Poison,
18389,21453,Weapon,Other,
18390,21455,Weapon,Other,
18391,21456,Weapon,Explosives,
18392,21457,Weapon,Explosives,
18393,21458,Weapon,Explosives,
18394,21460,Weapon,Knife,
18395,21461,Weapon,Poison,
18396,21462,Weapon,Poison,
18397,21463,Weapon,Explosives,
18398,21464,Weapon,Blunt Object,
18399,21466,Weapon,Other,
18400,21468,Weapon,Knife,
18401,21469,Weapon,Explosives,
18402,21471,Weapon,Poison,
18403,21473,Weapon,Other,
18404,21474,Weapon,Blunt Object,
18405,21475,Weapon,Knife,
18406,21477,Weapon,Poison,
18407,21478,Weapon,Poison,
18408,21480,Weapon,Blunt Object,
18409,21481,Weapon,Knife,
18410,21482,Weapon,Knife,
18411,21483,Weapon,Firearm,
18412,21484,Weapon,Firearm,
18413,21485,Weapon,Blunt Object,
18414,21487,Weapon,Explosives,
18415,21488,Weapon,Explosives,
18416,21489,Weapon,Blunt Object,
18417,21490,Weapon,Other,
18418,21491,Weapon,Other,
18419,21492,Weapon,Blunt Object,
18420,21493,Weapon,Firearm,
18421,21495,Weapon,Firearm,
18422,21496,Weapon,Other,
18423,21497,Weapon,Poison,
18424,21498,Weapon,Poison,
18425,21500,Weapon,Poison,
18426,21501,Weapon,Explosives,
18427,21502,Weapon,Poison,
18428,21503,Weapon,Other,
18429,21504,Weapon,Poison,
18430,21505,Weapon,Knife,
18431,21506,Weapon,Explosives,
18432,21507,Weapon,Knife,
18433,21508,Weapon,Knife,
18434,21509,Weapon,Firearm,
18435,21510,Weapon,Blunt Object,
18436,21512,Weapon,Other,
18437,21513,Weapon,Blunt Object,
18438,21514,Weapon,Blunt Object,
18439,21515,Weapon,Blunt Object,
18440,21516,Weapon,Poison,
18441,21517,Weapon,Blunt Object,
18442,21518,Weapon,Explosives,
18443,21519,Weapon,Explosives,
18444,21520,Weapon,Explosives,
18445,21521,Weapon,Blunt Object,
18446,21522,Weapon,Other,
18447,21523,Weapon,Knife,
18448,21524,Weapon,Other,
18449,21525,Weapon,Other,
18450,21526,Weapon,Firearm,
18451,21527,Weapon,Other,
18452,21528,Weapon,Poison,
18453,21530,Weapon,Explosives,
18454,21531,Weapon,Explosives,
18455,21532,Weapon,Explosives,
18456,21533,Weapon,Poison,
18457,21534,Weapon,Firearm,
18458,21535,Weapon,Other,
18459,21536,Weapon,Explosives,
18460,21537,Weapon,Poison,
18461,21538,Weapon,Knife,
18462,21540,Weapon,Explosives,
18463,21541,Weapon,Other,
18464,21542,Weapon,Knife,
18465,21543,Weapon,Poison,
18466,21544,Weapon,Knife,
18467,21545,Weapon,Explosives,
18468,21547,Weapon,Knife,
18469,21548,Weapon,Poison,
18470,21549,Weapon,Knife,
18471,21550,Weapon,Poison,
18472,21551,Weapon,Blunt Object,
18473,21552,Weapon,Poison,
18474,21553,Weapon,Blunt Object,
18475,21554,Weapon,Poison,
18476,21555,Weapon,Blunt Object,
18477,21556,Weapon,Blunt Object,
18478,21557,Weapon,Blunt Object,
18479,21558,Weapon,Other,
18480,21559,Weapon,Knife,
18481,21560,Weapon,Explosives,
18482,21561,Weapon,Poison,
18483,21562,Weapon,Firearm,
18484,21564,Weapon,Other,
18485,21565,Weapon,Blunt Object,
18486,21566,Weapon,Poison,
18487,21567,Weapon,Other,
18488,21568,Weapon,Explosives,
18489,21571,Weapon,Firearm,
18490,21572,Weapon,Blunt Object,
18491,21573,Weapon,Blunt Object,
18492,21575,Weapon,Blunt Object,
18493,21576,Weapon,Other,
18494,21577,Weapon,Poison,
18495,21579,Weapon,Poison,
18496,21580,Weapon,Other,
18497,21581,Weapon,Poison,
18498,21582,Weapon,Blunt Object,
18499,21583,Weapon,Blunt Object,
18500,21584,Weapon,Knife,
18501,21585,Weapon,Poison,
18502,21586,Weapon,Explosives,
18503,21588,Weapon,Poison,
18504,21589,Weapon,Explosives,
18505,21591,Weapon,Knife,
18506,21594,Weapon,Firearm,
18507,21595,Weapon,Knife,
18508,21596,Weapon,Other,
18509,21597,Weapon,Explosives,
18510,21598,Weapon,Blunt Object,
18511,21599,Weapon,Poison,
18512,21600,Weapon,Explosives,
18513,21601,Weapon,Poison,
18514,21602,Weapon,Knife,
18515,21603,Weapon,Other,
18516,21604,Weapon,Explosives,
18517,21606,Weapon,Blunt Object,
18518,21609,Weapon,Firearm,
18519,21610,Weapon,Firearm,
18520,21611,Weapon,Knife,
18521,21612,Weapon,Other,
18522,21613,Weapon,Blunt Object,
18523,21614,Weapon,Other,
18524,21615,Weapon,Blunt Object,
18525,21616,Weapon,Firearm,
18526,21617,Weapon,Blunt Object,
18527,21618,Weapon,Other,
18528,21619,Weapon,Knife,
18529,21620,Weapon,Knife,
18530,21621,Weapon,Other,
18531,21622,Weapon,Poison,
18532,21623,Weapon,Poison,
18533,21624,Weapon,Poison,
18534,21625,Weapon,Other,
18535,21626,Weapon,Explosives,
18536,21627,Weapon,Explosives,
18537,21628,Weapon,Knife,
18538,21629,Weapon,Blunt Object,
18539,21630,Weapon,Poison,
18540,21631,Weapon,Explosives,
18541,21632,Weapon,Other,
18542,21633,Weapon,Knife,
18543,21634,Weapon,Blunt Object,
18544,21635,Weapon,Knife,
18545,21636,Weapon,Poison,
18546,21637,Weapon,Other,
18547,21640,Weapon,Poison,
18548,21642,Weapon,Firearm,
18549,21643,Weapon,Knife,
18550,21644,Weapon,Explosives,
18551,21645,Weapon,Knife,
18552,21646,Weapon,Knife,
18553,21647,Weapon,Other,
18554,21648,Weapon,Blunt Object,
18555,21649,Weapon,Blunt Object,
18556,21650,Weapon,Poison,
18557,21651,Weapon,Knife,
18558,21652,Weapon,Explosives,
18559,21653,Weapon,Poison,
18560,21654,Weapon,Poison,
18561,21655,Weapon,Other,
18562,21656,Weapon,Knife,
18563,21659,Weapon,Knife,
18564,21661,Weapon,Poison,
18565,21662,Weapon,Other,
18566,21663,Weapon,Explosives,
18567,21664,Weapon,Explosives,
18568,21665,Weapon,Blunt Object,
18569,21667,Weapon,Poison,
18570,21668,Weapon,Explosives,
18571,21669,Weapon,Blunt Object,
18572,21670,Weapon,Other,
18573,21671,Weapon,Blunt Object,
18574,21672,Weapon,Firearm,
18575,21673,Weapon,Knife,
18576,21674,Weapon,Other,
18577,21675,Weapon,Blunt Object,
18578,21677,Weapon,Explosives,
18579,21678,Weapon,Other,
18580,21679,Weapon,Explosives,
18581,21680,Weapon,Blunt Object,
18582,21681,Weapon,Firearm,
18583,21682,Weapon,Knife,
18584,21683,Weapon,Knife,
18585,21684,Weapon,Explosives,
18586,21686,Weapon,Firearm,
18587,21687,Weapon,Blunt Object,
18588,21688,Weapon,Knife,
18589,21690,Weapon,Firearm,
18590,21691,Weapon,Other,
18591,21693,Weapon,Knife,
18592,21694,Weapon,Knife,
18593,21695,Weapon,Knife,
18594,21696,Weapon,Other,
18595,21697,Weapon,Knife,
18596,21698,Weapon,Knife,
18597,21699,Weapon,Other,
18598,21700,Weapon,Other,
18599,21702,Weapon,Other,
18600,21704,Weapon,Blunt Object,
18601,21705,Weapon,Blunt Object,
18602,21706,Weapon,Other,
18603,21707,Weapon,Explosives,
18604,21708,Weapon,Blunt Object,
18605,21709,Weapon,Explosives,
18606,21711,Weapon,Poison,
18607,21712,Weapon,Blunt Object,
18608,21713,Weapon,Blunt Object,
18609,21714,Weapon,Knife,
18610,21716,Weapon,Poison,
18611,21717,Weapon,Poison,
18612,21718,Weapon,Other,
18613,21719,Weapon,Other,
18614,21720,Weapon,Explosives,
18615,21721,Weapon,Other,
18616,21722,Weapon,Explosives,
18617,21723,Weapon,Explosives,
18618,21724,Weapon,Blunt Object,
18619,21725,Weapon,Firearm,
18620,21726,Weapon,Knife,
18621,21727,Weapon,Other,
18622,21728,Weapon,Poison,
18623,21729,Weapon,Knife,
18624,21731,Weapon,Blunt Object,
18625,21732,Weapon,Explosives,
18626,21733,Weapon,Explosives,
18627,21734,Weapon,Poison,
18628,21735,Weapon,Firearm,
18629,21736,Weapon,Other,
18630,21738,Weapon,Other,
18631,21739,Weapon,Explosives,
18632,21740,Weapon,Knife,
18633,21741,Weapon,Explosives,
18634,21743,Weapon,Poison,
18635,21745,Weapon,Blunt Object,
18636,21746,Weapon,Other,
18637,21747,Weapon,Poison,
18638,21748,Weapon,Blunt Object,
18639,21749,Weapon,Explosives,
18640,21750,Weapon,Blunt Object,
18641,21751,Weapon,Poison,
18642,21752,Weapon,Knife,
18643,21753,Weapon,Knife,
18644,21754,Weapon,Blunt Object,
18645,21756,Weapon,Explosives,
18646,21757,Weapon,Firearm,
18647,21760,Weapon,Firearm,
18648,21761,Weapon,Firearm,
18649,21762,Weapon,Other,
18650,21763,Weapon,Poison,
18651,21764,Weapon,Poison,
18652,21765,Weapon,Other,
18653,21766,Weapon,Knife,
18654,21767,Weapon,Explosives,
18655,21768,Weapon,Blunt Object,
18656,21769,Weapon,Explosives,
18657,21770,Weapon,Knife,
18658,21772,Weapon,Knife,
18659,21773,Weapon,Knife,
18660,21774,Weapon,Firearm,
18661,21776,Weapon,Poison,
18662,21778,Weapon,Firearm,
18663,21779,Weapon,Knife,
18664,21780,Weapon,Firearm,
18665,21781,Weapon,Other,
18666,21782,Weapon,Knife,
18667,21783,Weapon,Firearm,
18668,21784,Weapon,Other,
18669,21785,Weapon,Knife,
18670,21786,Weapon,Knife,
18671,21787,Weapon,Blunt Object,
18672,21788,Weapon,Firearm,
18673,21790,Weapon,Poison,
18674,21791,Weapon,Explosives,
18675,21792,Weapon,Poison,
18676,21793,Weapon,Knife,
18677,21794,Weapon,Explosives,
18678,21795,Weapon,Other,
18679,21796,Weapon,Firearm,
18680,21797,Weapon,Poison,
18681,21798,Weapon,Knife,
18682,21799,Weapon,Other,
18683,21800,Weapon,Poison,
18684,21801,Weapon,Blunt Object,
18685,21802,Weapon,Blunt Object,
18686,21803,Weapon,Other,
18687,21804,Weapon,Blunt Object,
18688,21805,Weapon,Firearm,
18689,21806,Weapon,Other,
18690,21807,Weapon,Blunt Object,
18691,21811,Weapon,Knife,
18692,21812,Weapon,Other,
18693,21813,Weapon,Other,
18694,21814,Weapon,Explosives,
18695,21815,Weapon,Firearm,
18696,21816,Weapon,Poison,
18697,21818,Weapon,Explosives,
18698,21819,Weapon,Blunt Object,
18699,21820,Weapon,Firearm,
18700,21821,Weapon,Explosives,
18701,21822,Weapon,Explosives,
18702,21823,Weapon,Knife,
18703,21824,Weapon,Other,
18704,21825,Weapon,Knife,
18705,21826,Weapon,Explosives,
18706,21827,Weapon,Blunt Object,
18707,21828,Weapon,Poison,
18708,21829,Weapon,Knife,
18709,21830,Weapon,Knife,
18710,21832,Weapon,Blunt Object,
18711,21833,Weapon,Poison,
18712,21834,Weapon,Other,
18713,21835,Weapon,Poison,
18714,21836,Weapon,Poison,
18715,21837,Weapon,Other,
18716,21838,Weapon,Blunt Object,
18717,21839,Weapon,Other,
18718,21840,Weapon,Explosives,
18719,21841,Weapon,Blunt Object,
18720,21842,Weapon,Explosives,
18721,21844,Weapon,Blunt Object,
18722,21845,Weapon,Poison,
18723,21846,Weapon,Blunt Object,
18724,21847,Weapon,Knife,
18725,21848,Weapon,Knife,
18726,21849,Weapon,Firearm,
18727,21850,Weapon,Firearm,
18728,21851,Weapon,Blunt Object,
18729,21852,Weapon,Poison,
18730,21853,Weapon,Blunt Object,
18731,21854,Weapon,Poison,
18732,21855,Weapon,Knife,
18733,21856,Weapon,Blunt Object,
18734,21857,Weapon,Explosives,
18735,21858,Weapon,Blunt Object,
18736,21859,Weapon,Explosives,
18737,21860,Weapon,Explosives,
18738,21861,Weapon,Knife,
18739,21862,Weapon,Other,
18740,21863,Weapon,Knife,
18741,21865,Weapon,Knife,
18742,21866,Weapon,Blunt Object,
18743,21867,Weapon,Explosives,
18744,21868,Weapon,Poison,
18745,21869,Weapon,Firearm,
18746,21870,Weapon,Blunt Object,
18747,21871,Weapon,Firearm,
18748,21872,Weapon,Blunt Object,
18749,21873,Weapon,Other,
18750,21874,Weapon,Blunt Object,
18751,21875,Weapon,Firearm,
18752,21877,Weapon,Explosives,
18753,21878,Weapon,Firearm,
18754,21879,Weapon,Blunt Object,
18755,21880,Weapon,Other,
18756,21881,Weapon,Other,
18757,21882,Weapon,Other,
18758,21883,Weapon,Knife,
18759,21884,Weapon,Blunt Object,
18760,21885,Weapon,Knife,
18761,21886,Weapon,Poison,
18762,21887,Weapon,Knife,
18763,21890,Weapon,Blunt Object,
18764,21891,Weapon,Poison,
18765,21892,Weapon,Firearm,
18766,21893,Weapon,Explosives,
18767,21894,Weapon,Explosives,
18768,21895,Weapon,Other,
18769,21896,Weapon,Knife,
18770,21898,Weapon,Knife,
18771,21899,Weapon,Explosives,
18772,21901,Weapon,Knife,
18773,21902,Weapon,Poison,
18774,21904,Weapon,Knife,
18775,21906,Weapon,Explosives,
18776,21907,Weapon,Blunt Object,
18777,21908,Weapon,Knife,
18778,21909,Weapon,Firearm,
18779,21910,Weapon,Knife,
18780,21911,Weapon,Poison,
18781,21912,Weapon,Poison,
18782,21913,Weapon,Knife,
18783,21914,Weapon,Explosives,
18784,21916,Weapon,Explosives,
18785,21917,Weapon,Other,
18786,21918,Weapon,Other,
18787,21919,Weapon,Knife,
18788,21920,Weapon,Firearm,
18789,21921,Weapon,Firearm,
18790,21922,Weapon,Firearm,
18791,21923,Weapon,Knife,
18792,21924,Weapon,Firearm,
18793,21925,Weapon,Other,
18794,21926,Weapon,Firearm,
18795,21927,Weapon,Firearm,
18796,21928,Weapon,Firearm,
18797,21929,Weapon,Knife,
18798,21930,Weapon,Poison,
18799,21931,Weapon,Other,
18800,21932,Weapon,Explosives,
18801,21933,Weapon,Firearm,
18802,21934,Weapon,Explosives,
18803,21935,Weapon,Poison,
18804,21936,Weapon,Knife,
18805,21937,Weapon,Blunt Object,
18806,21938,Weapon,Blunt Object,
18807,21939,Weapon,Knife,
18808,21940,Weapon,Poison,
18809,21941,Weapon,Firearm,
18810,21942,Weapon,Firearm,
18811,21943,Weapon,Poison,
18812,21944,Weapon,Other,
18813,21945,Weapon,Knife,
18814,21946,Weapon,Knife,
18815,21947,Weapon,Explosives,
18816,21948,Weapon,Poison,
18817,21949,Weapon,Explosives,
18818,21951,Weapon,Other,
18819,21952,Weapon,Firearm,
18820,21954,Weapon,Firearm,
18821,21955,Weapon,Explosives,
18822,21956,Weapon,Explosives,
18823,21957,Weapon,Explosives,
18824,21958,Weapon,Knife,
18825,21959,Weapon,Explosives,
18826,21960,Weapon,Knife,
18827,21961,Weapon,Blunt Object,
18828,21962,Weapon,Other,
18829,21963,Weapon,Firearm,
18830,21964,Weapon,Poison,
18831,21966,Weapon,Knife,
18832,21967,Weapon,Explosives,
18833,21969,Weapon,Explosives,
18834,21970,Weapon,Poison,
18835,21971,Weapon,Explosives,
18836,21973,Weapon,Knife,
18837,21974,Weapon,Blunt Object,
18838,21975,Weapon,Knife,
18839,21976,Weapon,Knife,
18840,21977,Weapon,Blunt Object,
18841,21978,Weapon,Explosives,
18842,21979,Weapon,Knife,
18843,21980,Weapon,Knife,
18844,21981,Weapon,Poison,
18845,21983,Weapon,Firearm,
18846,21984,Weapon,Blunt Object,
18847,21986,Weapon,Poison,
18848,21987,Weapon,Knife,
18849,21988,Weapon,Other,
18850,21989,Weapon,Firearm,
18851,21990,Weapon,Firearm,
18852,21991,Weapon,Blunt Object,
18853,21992,Weapon,Poison,
18854,21993,Weapon,Knife,
18855,21994,Weapon,Blunt Object,
18856,21995,Weapon,Firearm,
18857,21996,Weapon,Blunt Object,
18858,21997,Weapon,Blunt Object,
18859,21998,Weapon,Firearm,
18860,21999,Weapon,Knife,
18861,22000,Weapon,Firearm,
18862,22001,Weapon,Explosives,
18863,22002,Weapon,Firearm,
18864,22003,Weapon,Knife,
18865,22004,Weapon,Explosives,
18866,22005,Weapon,Poison,
18867,22006,Weapon,Firearm,
18868,22008,Weapon,Poison,
18869,22009,Weapon,Explosives,
18870,22010,Weapon,Blunt Object,
18871,22011,Weapon,Poison,
18872,22012,Weapon,Poison,
18873,22013,Weapon,Other,
18874,22014,Weapon,Other,
18875,22015,Weapon,Other,
18876,22016,Weapon,Knife,
18877,22017,Weapon,Other,
18878,22018,Weapon,Blunt Object,
18879,22019,Weapon,Knife,
18880,22020,Weapon,Knife,
18881,22021,Weapon,Poison,
18882,22022,Weapon,Other,
18883,22024,Weapon,Explosives,
18884,22025,Weapon,Explosives,
18885,22026,Weapon,Knife,
18886,22027,Weapon,Poison,
18887,22028,Weapon,Knife,
18888,22030,Weapon,Explosives,
18889,22031,Weapon,Poison,
18890,22032,Weapon,Blunt Object,
18891,22033,Weapon,Blunt Object,
18892,22034,Weapon,Explosives,
18893,22035,Weapon,Firearm,
18894,22036,Weapon,Other,
18895,22037,Weapon,Firearm,
18896,22038,Weapon,Knife,
18897,22040,Weapon,Knife,
18898,22041,Weapon,Other,
18899,22042,Weapon,Firearm,
18900,22043,Weapon,Explosives,
18901,22044,Weapon,Blunt Object,
18902,22045,Weapon,Explosives,
18903,22046,Weapon,Explosives,
18904,22047,Weapon,Firearm,
18905,22048,Weapon,Explosives,
18906,22049,Weapon,Firearm,
18907,22050,Weapon,Blunt Object,
18908,22051,Weapon,Knife,
18909,22052,Weapon,Firearm,
18910,22053,Weapon,Explosives,
18911,22055,Weapon,Firearm,
18912,22056,Weapon,Poison,
18913,22057,Weapon,Blunt Object,
18914,22058,Weapon,Blunt Object,
18915,22059,Weapon,Poison,
18916,22061,Weapon,Explosives,
18917,22062,Weapon,Firearm,
18918,22063,Weapon,Poison,
18919,22064,Weapon,Blunt Object,
18920,22066,Weapon,Poison,
18921,22068,Weapon,Knife,
18922,22069,Weapon,Firearm,
18923,22071,Weapon,Poison,
18924,22072,Weapon,Blunt Object,
18925,22073,Weapon,Other,
18926,22074,Weapon,Poison,
18927,22075,Weapon,Poison,
18928,22076,Weapon,Poison,
18929,22077,Weapon,Poison,
18930,22078,Weapon,Firearm,
18931,22079,Weapon,Blunt Object,
18932,22080,Weapon,Blunt Object,
18933,22081,Weapon,Other,
18934,22082,Weapon,Blunt Object,
18935,22083,Weapon,Other,
18936,22086,Weapon,Firearm,
18937,22088,Weapon,Knife,
18938,22089,Weapon,Blunt Object,
18939,22090,Weapon,Knife,
18940,22091,Weapon,Blunt Object,
18941,22092,Weapon,Poison,
18942,22093,Weapon,Other,
18943,22094,Weapon,Knife,
18944,22095,Weapon,Knife,
18945,22098,Weapon,Firearm,
18946,22099,Weapon,Other,
18947,22100,Weapon,Explosives,
18948,22102,Weapon,Firearm,
18949,22103,Weapon,Knife,
18950,22104,Weapon,Blunt Object,
18951,22106,Weapon,Explosives,
18952,22107,Weapon,Other,
18953,22108,Weapon,Poison,
18954,22109,Weapon,Explosives,
18955,22110,Weapon,Knife,
18956,22111,Weapon,Other,
18957,22112,Weapon,Explosives,
18958,22113,Weapon,Firearm,
18959,22114,Weapon,Knife,
18960,22115,Weapon,Other,
18961,22116,Weapon,Knife,
18962,22118,Weapon,Firearm,
18963,22120,Weapon,Other,
18964,22121,Weapon,Explosives,
18965,22122,Weapon,Other,
18966,22123,Weapon,Poison,
18967,22124,Weapon,Firearm,
18968,22125,Weapon,Knife,
18969,22126,Weapon,Poison,
18970,22127,Weapon,Firearm,
18971,22128,Weapon,Poison,
18972,22129,Weapon,Blunt Object,
18973,22130,Weapon,Firearm,
18974,22131,Weapon,Explosives,
18975,22132,Weapon,Other,
18976,22133,Weapon,Other,
18977,22134,Weapon,Blunt Object,
18978,22135,Weapon,Other,
18979,22136,Weapon,Blunt Object,
18980,22137,Weapon,Firearm,
18981,22138,Weapon,Other,
18982,22139,Weapon,Poison,
18983,22140,Weapon,Poison,
18984,22142,Weapon,Firearm,
18985,22143,Weapon,Other,
18986,22144,Weapon,Other,
18987,22145,Weapon,Knife,
18988,22146,Weapon,Explosives,
18989,22147,Weapon,Explosives,
18990,22148,Weapon,Knife,
18991,22149,Weapon,Explosives,
18992,22150,Weapon,Other,
18993,22151,Weapon,Firearm,
18994,22152,Weapon,Poison,
18995,22153,Weapon,Knife,
18996,22154,Weapon,Knife,
18997,22155,Weapon,Firearm,
18998,22156,Weapon,Firearm,
18999,22157,Weapon,Knife,
19000,22158,Weapon,Other,
19001,22159,Weapon,Blunt Object,
19002,22160,Weapon,Knife,
19003,22165,Weapon,Poison,
19004,22166,Weapon,Explosives,
19005,22167,Weapon,Explosives,
19006,22168,Weapon,Knife,
19007,22169,Weapon,Knife,
19008,22170,Weapon,Other,
19009,22172,Weapon,Blunt Object,
19010,22173,Weapon,Knife,
19011,22175,Weapon,Firearm,
19012,22176,Weapon,Explosives,
19013,22177,Weapon,Explosives,
19014,22178,Weapon,Explosives,
19015,22179,Weapon,Explosives,
19016,22180,Weapon,Knife,
19017,22181,Weapon,Blunt Object,
19018,22182,Weapon,Blunt Object,
19019,22183,Weapon,Poison,
19020,22184,Weapon,Blunt Object,
19021,22185,Weapon,Other,
19022,22187,Weapon,Blunt Object,
19023,22188,Weapon,Blunt Object,
19024,22189,Weapon,Knife,
19025,22190,Weapon,Blunt Object,
19026,22191,Weapon,Blunt Object,
19027,22192,Weapon,Firearm,
19028,22193,Weapon,Other,
19029,22194,Weapon,Poison,
19030,22195,Weapon,Other,
19031,22196,Weapon,Poison,
19032,22197,Weapon,Other,
19033,22198,Weapon,Explosives,
19034,22199,Weapon,Knife,
19035,22200,Weapon,Knife,
19036,22202,Weapon,Poison,
19037,22204,Weapon,Explosives,
19038,22205,Weapon,Knife,
19039,22206,Weapon,Knife,
19040,22207,Weapon,Poison,
19041,22208,Weapon,Other,
19042,22209,Weapon,Blunt Object,
19043,22210,Weapon,Knife,
19044,22211,Weapon,Firearm,
19045,22212,Weapon,Firearm,
19046,22213,Weapon,Knife,
19047,22214,Weapon,Firearm,
19048,22215,Weapon,Explosives,
19049,22216,Weapon,Poison,
19050,22217,Weapon,Blunt Object,
19051,22218,Weapon,Poison,
19052,22219,Weapon,Poison,
19053,22220,Weapon,Other,
19054,22221,Weapon,Other,
19055,22222,Weapon,Explosives,
19056,22225,Weapon,Explosives,
19057,22226,Weapon,Knife,
19058,22227,Weapon,Knife,
19059,22228,Weapon,Explosives,
19060,22229,Weapon,Firearm,
19061,22230,Weapon,Poison,
19062,22232,Weapon,Blunt Object,
19063,22233,Weapon,Poison,
19064,22234,Weapon,Explosives,
19065,22235,Weapon,Other,
19066,22236,Weapon,Other,
19067,22237,Weapon,Knife,
19068,22239,Weapon,Firearm,
19069,22240,Weapon,Explosives,
19070,22241,Weapon,Blunt Object,
19071,22242,Weapon,Blunt Object,
19072,22243,Weapon,Firearm,
19073,22244,Weapon,Firearm,
19074,22245,Weapon,Blunt Object,
19075,22246,Weapon,Firearm,
19076,22248,Weapon,Firearm,
19077,22249,Weapon,Poison,
19078,22250,Weapon,Blunt Object,
19079,22251,Weapon,Other,
19080,22252,Weapon,Other,
19081,22253,Weapon,Firearm,
19082,22254,Weapon,Firearm,
19083,22255,Weapon,Explosives,
19084,22256,Weapon,Other,
19085,22257,Weapon,Explosives,
19086,22258,Weapon,Blunt Object,
19087,22259,Weapon,Other,
19088,22260,Weapon,Other,
19089,22261,Weapon,Poison,
19090,22263,Weapon,Poison,
19091,22265,Weapon,Poison,
19092,22266,Weapon,Explosives,
19093,22267,Weapon,Blunt Object,
19094,22268,Weapon,Explosives,
19095,22269,Weapon,Knife,
19096,22271,Weapon,Other,
19097,22272,Weapon,Poison,
19098,22273,Weapon,Firearm,
19099,22274,Weapon,Other,
19100,22275,Weapon,Blunt Object,
19101,22276,Weapon,Poison,
19102,22278,Weapon,Knife,
19103,22280,Weapon,Blunt Object,
19104,22281,Weapon,Other,
19105,22282,Weapon,Knife,
19106,22283,Weapon,Explosives,
19107,22285,Weapon,Other,
19108,22286,Weapon,Explosives,
19109,22287,Weapon,Other,
19110,22288,Weapon,Firearm,
19111,22289,Weapon,Poison,
19112,22290,Weapon,Other,
19113,22291,Weapon,Other,
19114,22292,Weapon,Knife,
19115,22293,Weapon,Blunt Object,
19116,22294,Weapon,Poison,
19117,22295,Weapon,Blunt Object,
19118,22296,Weapon,Explosives,
19119,22297,Weapon,Blunt Object,
19120,22298,Weapon,Blunt Object,
19121,22299,Weapon,Firearm,
19122,22300,Weapon,Explosives,
19123,22301,Weapon,Blunt Object,
19124,22303,Weapon,Explosives,
19125,22305,Weapon,Explosives,
19126,22307,Weapon,Poison,
19127,22308,Weapon,Poison,
19128,22309,Weapon,Firearm,
19129,22310,Weapon,Blunt Object,
19130,22311,Weapon,Explosives,
19131,22312,Weapon,Blunt Object,
19132,22313,Weapon,Explosives,
19133,22314,Weapon,Blunt Object,
19134,22315,Weapon,Firearm,
19135,22316,Weapon,Explosives,
19136,22317,Weapon,Firearm,
19137,22318,Weapon,Other,
19138,22319,Weapon,Blunt Object,
19139,22320,Weapon,Other,
19140,22321,Weapon,Firearm,
19141,22322,Weapon,Blunt Object,
19142,22323,Weapon,Knife,
19143,22324,Weapon,Other,
19144,22325,Weapon,Knife,
19145,22326,Weapon,Other,
19146,22327,Weapon,Firearm,
19147,22328,Weapon,Firearm,
19148,22329,Weapon,Other,
19149,22330,Weapon,Explosives,
19150,22331,Weapon,Blunt Object,
19151,22332,Weapon,Poison,
19152,22333,Weapon,Explosives,
19153,22334,Weapon,Firearm,
19154,22335,Weapon,Firearm,
19155,22336,Weapon,Poison,
19156,22337,Weapon,Firearm,
19157,22338,Weapon,Other,
19158,22339,Weapon,Knife,
19159,22340,Weapon,Firearm,
19160,22341,Weapon,Blunt Object,
19161,22342,Weapon,Knife,
19162,22343,Weapon,Knife,
19163,22344,Weapon,Firearm,
19164,22345,Weapon,Other,
19165,22347,Weapon,Other,
19166,22348,Weapon,Poison,
19167,22350,Weapon,Blunt Object,
19168,22351,Weapon,Blunt Object,
19169,22352,Weapon,Knife,
19170,22353,Weapon,Firearm,
19171,22356,Weapon,Firearm,
19172,22357,Weapon,Explosives,
19173,22358,Weapon,Poison,
19174,22361,Weapon,Firearm,
19175,22362,Weapon,Other,
19176,22364,Weapon,Other,
19177,22365,Weapon,Knife,
19178,22367,Weapon,Firearm,
19179,22368,Weapon,Blunt Object,
19180,22369,Weapon,Other,
19181,22370,Weapon,Firearm,
19182,22371,Weapon,Other,
19183,22372,Weapon,Blunt Object,
19184,22373,Weapon,Explosives,
19185,22374,Weapon,Other,
19186,22376,Weapon,Knife,
19187,22377,Weapon,Poison,
19188,22379,Weapon,Knife,
19189,22381,Weapon,Knife,
19190,22382,Weapon,Knife,
19191,22383,Weapon,Explosives,
19192,22384,Weapon,Blunt Object,
19193,22385,Weapon,Knife,
19194,22386,Weapon,Explosives,
19195,22387,Weapon,Poison,
19196,22388,Weapon,Poison,
19197,22389,Weapon,Blunt Object,
19198,22390,Weapon,Knife,
19199,22391,Weapon,Other,
19200,22392,Weapon,Other,
19201,22393,Weapon,Poison,
19202,22394,Weapon,Blunt Object,
19203,22395,Weapon,Other,
19204,22396,Weapon,Other,
19205,22397,Weapon,Blunt Object,
19206,22398,Weapon,Other,
19207,22400,Weapon,Other,
19208,22401,Weapon,Poison,
19209,22403,Weapon,Knife,
19210,22404,Weapon,Poison,
19211,22405,Weapon,Firearm,
19212,22406,Weapon,Poison,
19213,22407,Weapon,Knife,
19214,22408,Weapon,Poison,
19215,22409,Weapon,Knife,
19216,22410,Weapon,Poison,
19217,22411,Weapon,Firearm,
19218,22413,Weapon,Other,
19219,22415,Weapon,Knife,
19220,22416,Weapon,Poison,
19221,22417,Weapon,Firearm,
19222,22418,Weapon,Poison,
19223,22420,Weapon,Blunt Object,
19224,22421,Weapon,Explosives,
19225,22422,Weapon,Firearm,
19226,22423,Weapon,Knife,
19227,22424,Weapon,Blunt Object,
19228,22425,Weapon,Explosives,
19229,22426,Weapon,Blunt Object,
19230,22427,Weapon,Poison,
19231,22428,Weapon,Blunt Object,
19232,22429,Weapon,Knife,
19233,22430,Weapon,Firearm,
19234,22431,Weapon,Knife,
19235,22432,Weapon,Poison,
19236,22433,Weapon,Blunt Object,
19237,22434,Weapon,Blunt Object,
19238,22435,Weapon,Explosives,
19239,22436,Weapon,Other,
19240,22437,Weapon,Blunt Object,
19241,22438,Weapon,Blunt Object,
19242,22439,Weapon,Explosives,
19243,22440,Weapon,Other,
19244,22441,Weapon,Other,
19245,22442,Weapon,Explosives,
19246,22443,Weapon,Other,
19247,22444,Weapon,Other,
19248,22445,Weapon,Other,
19249,22446,Weapon,Explosives,
19250,22447,Weapon,Firearm,
19251,22448,Weapon,Knife,
19252,22449,Weapon,Knife,
19253,22450,Weapon,Other,
19254,22451,Weapon,Explosives,
19255,22452,Weapon,Firearm,
19256,22453,Weapon,Explosives,
19257,22454,Weapon,Firearm,
19258,22456,Weapon,Knife,
19259,22457,Weapon,Poison,
19260,22458,Weapon,Other,
19261,22459,Weapon,Firearm,
19262,22460,Weapon,Knife,
19263,22461,Weapon,Explosives,
19264,22462,Weapon,Blunt Object,
19265,22463,Weapon,Poison,
19266,22464,Weapon,Poison,
19267,22465,Weapon,Blunt Object,
19268,22466,Weapon,Other,
19269,22468,Weapon,Poison,
19270,22470,Weapon,Other,
19271,22471,Weapon,Poison,
19272,22472,Weapon,Explosives,
19273,22473,Weapon,Blunt Object,
19274,22474,Weapon,Other,
19275,22475,Weapon,Explosives,
19276,22476,Weapon,Poison,
19277,22477,Weapon,Knife,
19278,22479,Weapon,Poison,
19279,22480,Weapon,Other,
19280,22481,Weapon,Explosives,
19281,22483,Weapon,Knife,
19282,22484,Weapon,Explosives,
19283,22485,Weapon,Explosives,
19284,22486,Weapon,Knife,
19285,22487,Weapon,Blunt Object,
19286,22488,Weapon,Other,
19287,22489,Weapon,Other,
19288,22490,Weapon,Blunt Object,
19289,22491,Weapon,Poison,
19290,22492,Weapon,Poison,
19291,22493,Weapon,Blunt Object,
19292,22494,Weapon,Blunt Object,
19293,22495,Weapon,Blunt Object,
19294,22496,Weapon,Explosives,
19295,22497,Weapon,Blunt Object,
19296,22498,Weapon,Firearm,
19297,22499,Weapon,Blunt Object,
19298,22500,Weapon,Poison,
19299,22501,Weapon,Other,
19300,22502,Weapon,Poison,
19301,22503,Weapon,Firearm,
19302,22504,Weapon,Explosives,
19303,22505,Weapon,Knife,
19304,22507,Weapon,Blunt Object,
19305,22509,Weapon,Firearm,
19306,22510,Weapon,Blunt Object,
19307,22511,Weapon,Blunt Object,
19308,22512,Weapon,Explosives,
19309,22513,Weapon,Explosives,
19310,22514,Weapon,Poison,
19311,22515,Weapon,Explosives,
19312,22516,Weapon,Explosives,
19313,22517,Weapon,Other,
19314,22518,Weapon,Firearm,
19315,22520,Weapon,Poison,
19316,22521,Weapon,Poison,
19317,22522,Weapon,Blunt Object,
19318,22523,Weapon,Explosives,
19319,22524,Weapon,Explosives,
19320,22525,Weapon,Explosives,
19321,22526,Weapon,Other,
19322,22527,Weapon,Other,
19323,22528,Weapon,Blunt Object,
19324,22529,Weapon,Other,
19325,22530,Weapon,Firearm,
19326,22531,Weapon,Knife,
19327,22532,Weapon,Blunt Object,
19328,22533,Weapon,Firearm,
19329,22534,Weapon,Poison,
19330,22535,Weapon,Poison,
19331,22536,Weapon,Knife,
19332,22537,Weapon,Other,
19333,22538,Weapon,Firearm,
19334,22539,Weapon,Firearm,
19335,22540,Weapon,Blunt Object,
19336,22541,Weapon,Poison,
19337,22542,Weapon,Firearm,
19338,22543,Weapon,Knife,
19339,22544,Weapon,Explosives,
19340,22545,Weapon,Firearm,
19341,22546,Weapon,Poison,
19342,22547,Weapon,Explosives,
19343,22548,Weapon,Blunt Object,
19344,22549,Weapon,Knife,
19345,22550,Weapon,Poison,
19346,22552,Weapon,Explosives,
19347,22553,Weapon,Firearm,
19348,22556,Weapon,Knife,
19349,22557,Weapon,Firearm,
19350,22558,Weapon,Knife,
19351,22559,Weapon,Explosives,
19352,22560,Weapon,Explosives,
19353,22561,Weapon,Knife,
19354,22562,Weapon,Other,
19355,22563,Weapon,Other,
19356,22564,Weapon,Poison,
19357,22565,Weapon,Explosives,
19358,22566,Weapon,Explosives,
19359,22567,Weapon,Poison,
19360,22568,Weapon,Poison,
19361,22569,Weapon,Firearm,
19362,22570,Weapon,Blunt Object,
19363,22571,Weapon,Explosives,
19364,22573,Weapon,Explosives,
19365,22575,Weapon,Blunt Object,
19366,22576,Weapon,Poison,
19367,22577,Weapon,Poison,
19368,22578,Weapon,Firearm,
19369,22580,Weapon,Firearm,
19370,22583,Weapon,Blunt Object,
19371,22584,Weapon,Explosives,
19372,22586,Weapon,Blunt Object,
19373,22587,Weapon,Knife,
19374,22589,Weapon,Other,
19375,22590,Weapon,Poison,
19376,22591,Weapon,Explosives,
19377,22592,Weapon,Poison,
19378,22593,Weapon,Explosives,
19379,22594,Weapon,Poison,
19380,22595,Weapon,Explosives,
19381,22597,Weapon,Knife,
19382,22599,Weapon,Poison,
19383,22600,Weapon,Knife,
19384,22601,Weapon,Poison,
19385,22602,Weapon,Blunt Object,
19386,22603,Weapon,Firearm,
19387,22604,Weapon,Knife,
19388,22605,Weapon,Other,
19389,22606,Weapon,Poison,
19390,22607,Weapon,Blunt Object,
19391,22608,Weapon,Explosives,
19392,22609,Weapon,Blunt Object,
19393,22610,Weapon,Knife,
19394,22611,Weapon,Explosives,
19395,22613,Weapon,Firearm,
19396,22614,Weapon,Knife,
19397,22615,Weapon,Explosives,
19398,22616,Weapon,Other,
19399,22617,Weapon,Poison,
19400,22618,Weapon,Blunt Object,
19401,22620,Weapon,Explosives,
19402,22621,Weapon,Firearm,
19403,22622,Weapon,Explosives,
19404,22623,Weapon,Firearm,
19405,22624,Weapon,Poison,
19406,22625,Weapon,Knife,
19407,22626,Weapon,Explosives,
19408,22627,Weapon,Explosives,
19409,22628,Weapon,Firearm,
19410,22629,Weapon,Poison,
19411,22630,Weapon,Knife,
19412,22631,Weapon,Firearm,
19413,22632,Weapon,Firearm,
19414,22633,Weapon,Explosives,
19415,22634,Weapon,Other,
19416,22635,Weapon,Knife,
19417,22636,Weapon,Firearm,
19418,22637,Weapon,Poison,
19419,22638,Weapon,Other,
19420,22639,Weapon,Knife,
19421,22640,Weapon,Firearm,
19422,22641,Weapon,Other,
19423,22642,Weapon,Blunt Object,
19424,22643,Weapon,Knife,
19425,22644,Weapon,Poison,
19426,22645,Weapon,Poison,
19427,22646,Weapon,Other,
19428,22647,Weapon,Other,
19429,22648,Weapon,Other,
19430,22649,Weapon,Poison,
19431,22650,Weapon,Blunt Object,
19432,22651,Weapon,Firearm,
19433,22652,Weapon,Poison,
19434,22653,Weapon,Explosives,
19435,22654,Weapon,Blunt Object,
19436,22656,Weapon,Knife,
19437,22658,Weapon,Knife,
19438,22659,Weapon,Other,
19439,22660,Weapon,Other,
19440,22664,Weapon,Explosives,
19441,22665,Weapon,Blunt Object,
19442,22666,Weapon,Explosives,
19443,22667,Weapon,Firearm,
19444,22668,Weapon,Blunt Object,
19445,22669,Weapon,Other,
19446,22670,Weapon,Poison,
19447,22671,Weapon,Poison,
19448,22672,Weapon,Other,
19449,22673,Weapon,Blunt Object,
19450,22675,Weapon,Poison,
19451,22676,Weapon,Explosives,
19452,22677,Weapon,Knife,
19453,22678,Weapon,Explosives,
19454,22679,Weapon,Blunt Object,
19455,22680,Weapon,Blunt Object,
19456,22681,Weapon,Poison,
19457,22682,Weapon,Blunt Object,
19458,22684,Weapon,Explosives,
19459,22685,Weapon,Knife,
19460,22686,Weapon,Other,
19461,22687,Weapon,Firearm,
19462,22688,Weapon,Firearm,
19463,22689,Weapon,Blunt Object,
19464,22690,Weapon,Firearm,
19465,22691,Weapon,Other,
19466,22692,Weapon,Poison,
19467,22693,Weapon,Explosives,
19468,22694,Weapon,Knife,
19469,22695,Weapon,Explosives,
19470,22696,Weapon,Explosives,
19471,22697,Weapon,Explosives,
19472,22698,Weapon,Other,
19473,22699,Weapon,Firearm,
19474,22700,Weapon,Explosives,
19475,22701,Weapon,Other,
19476,22702,Weapon,Other,
19477,22703,Weapon,Explosives,
19478,22704,Weapon,Other,
19479,22705,Weapon,Knife,
19480,22706,Weapon,Explosives,
19481,22707,Weapon,Firearm,
19482,22708,Weapon,Explosives,
19483,22709,Weapon,Explosives,
19484,22710,Weapon,Knife,
19485,22712,Weapon,Firearm,
19486,22713,Weapon,Blunt Object,
19487,22714,Weapon,Other,
19488,22715,Weapon,Other,
19489,22716,Weapon,Firearm,
19490,22718,Weapon,Blunt Object,
19491,22722,Weapon,Other,
19492,22723,Weapon,Poison,
19493,22724,Weapon,Explosives,
19494,22725,Weapon,Firearm,
19495,22726,Weapon,Explosives,
19496,22728,Weapon,Blunt Object,
19497,22729,Weapon,Other,
19498,22730,Weapon,Blunt Object,
19499,22731,Weapon,Poison,
19500,22732,Weapon,Firearm,
19501,22733,Weapon,Blunt Object,
19502,22734,Weapon,Blunt Object,
19503,22736,Weapon,Other,
19504,22737,Weapon,Firearm,
19505,22739,Weapon,Explosives,
19506,22740,Weapon,Poison,
19507,22741,Weapon,Explosives,
19508,22742,Weapon,Firearm,
19509,22743,Weapon,Firearm,
19510,22744,Weapon,Poison,
19511,22745,Weapon,Poison,
19512,22746,Weapon,Blunt Object,
19513,22747,Weapon,Firearm,
19514,22748,Weapon,Firearm,
19515,22749,Weapon,Knife,
19516,22751,Weapon,Firearm,
19517,22752,Weapon,Knife,
19518,22753,Weapon,Knife,
19519,22754,Weapon,Blunt Object,
19520,22755,Weapon,Explosives,
19521,22757,Weapon,Explosives,
19522,22758,Weapon,Firearm,
19523,22759,Weapon,Poison,
19524,22762,Weapon,Explosives,
19525,22763,Weapon,Other,
19526,22764,Weapon,Firearm,
19527,22765,Weapon,Poison,
19528,22766,Weapon,Explosives,
19529,22767,Weapon,Knife,
19530,22769,Weapon,Knife,
19531,22770,Weapon,Knife,
19532,22771,Weapon,Other,
19533,22772,Weapon,Other,
19534,22773,Weapon,Poison,
19535,22774,Weapon,Blunt Object,
19536,22775,Weapon,Knife,
19537,22776,Weapon,Poison,
19538,22777,Weapon,Knife,
19539,22778,Weapon,Poison,
19540,22779,Weapon,Firearm,
19541,22780,Weapon,Other,
19542,22781,Weapon,Firearm,
19543,22782,Weapon,Knife,
19544,22783,Weapon,Other,
19545,22785,Weapon,Knife,
19546,22786,Weapon,Knife,
19547,22788,Weapon,Firearm,
19548,22789,Weapon,Firearm,
19549,22791,Weapon,Firearm,
19550,22792,Weapon,Blunt Object,
19551,22793,Weapon,Poison,
19552,22794,Weapon,Knife,
19553,22795,Weapon,Other,
19554,22796,Weapon,Explosives,
19555,22797,Weapon,Explosives,
19556,22798,Weapon,Firearm,
19557,22799,Weapon,Firearm,
19558,22800,Weapon,Blunt Object,
19559,22802,Weapon,Knife,
19560,22804,Weapon,Knife,
19561,22805,Weapon,Poison,
19562,22806,Weapon,Other,
19563,22807,Weapon,Blunt Object,
19564,22810,Weapon,Other,
19565,22811,Weapon,Blunt Object,
19566,22812,Weapon,Firearm,
19567,22813,Weapon,Knife,
19568,22814,Weapon,Blunt Object,
19569,22815,Weapon,Poison,
19570,22816,Weapon,Knife,
19571,22819,Weapon,Other,
19572,22820,Weapon,Firearm,
19573,22821,Weapon,Knife,
19574,22822,Weapon,Knife,
19575,22823,Weapon,Blunt Object,
19576,22824,Weapon,Firearm,
19577,22825,Weapon,Explosives,
19578,22826,Weapon,Blunt Object,
19579,22828,Weapon,Explosives,
19580,22829,Weapon,Explosives,
19581,22830,Weapon,Poison,
19582,22831,Weapon,Poison,
19583,22832,Weapon,Blunt Object,
19584,22833,Weapon,Firearm,
19585,22835,Weapon,Other,
19586,22836,Weapon,Knife,
19587,22837,Weapon,Knife,
19588,22838,Weapon,Knife,
19589,22839,Weapon,Firearm,
19590,22840,Weapon,Poison,
19591,22841,Weapon,Firearm,
19592,22842,Weapon,Blunt Object,
19593,22843,Weapon,Knife,
19594,22844,Weapon,Firearm,
19595,22845,Weapon,Poison,
19596,22846,Weapon,Knife,
19597,22847,Weapon,Poison,
19598,22848,Weapon,Firearm,
19599,22849,Weapon,Knife,
19600,22850,Weapon,Other,
19601,22852,Weapon,Firearm,
19602,22853,Weapon,Other,
19603,22854,Weapon,Knife,
19604,22855,Weapon,Poison,
19605,22856,Weapon,Poison,
19606,22857,Weapon,Firearm,
19607,22858,Weapon,Firearm,
19608,22859,Weapon,Blunt Object,
19609,22860,Weapon,Knife,
19610,22861,Weapon,Firearm,
19611,22862,Weapon,Firearm,
19612,22863,Weapon,Firearm,
19613,22864,Weapon,Explosives,
19614,22865,Weapon,Other,
19615,22866,Weapon,Explosives,
19616,22867,Weapon,Firearm,
19617,22868,Weapon,Firearm,
19618,22869,Weapon,Poison,
19619,22870,Weapon,Blunt Object,
19620,22871,Weapon,Knife,
19621,22872,Weapon,Blunt Object,
19622,22873,Weapon,Firearm,
19623,22874,Weapon,Knife,
19624,22875,Weapon,Explosives,
19625,22876,Weapon,Explosives,
19626,22877,Weapon,Blunt Object,
19627,22878,Weapon,Firearm,
19628,22879,Weapon,Explosives,
19629,22880,Weapon,Explosives,
19630,22881,Weapon,Poison,
19631,22882,Weapon,Poison,
19632,22883,Weapon,Other,
19633,22884,Weapon,Explosives,
19634,22885,Weapon,Explosives,
19635,22887,Weapon,Blunt Object,
19636,22888,Weapon,Other,
19637,22889,Weapon,Firearm,
19638,22890,Weapon,Firearm,
19639,22891,Weapon,Firearm,
19640,22892,Weapon,Knife,
19641,22893,Weapon,Explosives,
19642,22894,Weapon,Explosives,
19643,22895,Weapon,Firearm,
19644,22896,Weapon,Explosives,
19645,22897,Weapon,Firearm,
19646,22899,Weapon,Knife,
19647,22900,Weapon,Explosives,
19648,22902,Weapon,Poison,
19649,22903,Weapon,Other,
19650,22904,Weapon,Explosives,
19651,22905,Weapon,Poison,
19652,22906,Weapon,Knife,
19653,22909,Weapon,Blunt Object,
19654,22910,Weapon,Other,
19655,22911,Weapon,Blunt Object,
19656,22912,Weapon,Blunt Object,
19657,22913,Weapon,Explosives,
19658,22914,Weapon,Blunt Object,
19659,22915,Weapon,Other,
19660,22916,Weapon,Explosives,
19661,22918,Weapon,Poison,
19662,22920,Weapon,Knife,
19663,22921,Weapon,Firearm,
19664,22923,Weapon,Explosives,
19665,22924,Weapon,Knife,
19666,22925,Weapon,Explosives,
19667,22926,Weapon,Poison,
19668,22927,Weapon,Blunt Object,
19669,22928,Weapon,Blunt Object,
19670,22929,Weapon,Other,
19671,22930,Weapon,Blunt Object,
19672,22931,Weapon,Explosives,
19673,22935,Weapon,Knife,
19674,22936,Weapon,Other,
19675,22939,Weapon,Explosives,
19676,22940,Weapon,Knife,
19677,22941,Weapon,Blunt Object,
19678,22943,Weapon,Knife,
19679,22944,Weapon,Explosives,
19680,22945,Weapon,Knife,
19681,22946,Weapon,Poison,
19682,22948,Weapon,Other,
19683,22949,Weapon,Explosives,
19684,22951,Weapon,Other,
19685,22952,Weapon,Firearm,
19686,22953,Weapon,Blunt Object,
19687,22954,Weapon,Firearm,
19688,22955,Weapon,Firearm,
19689,22956,Weapon,Poison,
19690,22958,Weapon,Knife,
19691,22959,Weapon,Firearm,
19692,22960,Weapon,Poison,
19693,22961,Weapon,Other,
19694,22962,Weapon,Blunt Object,
19695,22963,Weapon,Explosives,
19696,22964,Weapon,Firearm,
19697,22965,Weapon,Blunt Object,
19698,22966,Weapon,Firearm,
19699,22967,Weapon,Poison,
19700,22969,Weapon,Explosives,
19701,22970,Weapon,Other,
19702,22971,Weapon,Blunt Object,
19703,22972,Weapon,Explosives,
19704,22973,Weapon,Knife,
19705,22975,Weapon,Other,
19706,22976,Weapon,Poison,
19707,22977,Weapon,Knife,
19708,22978,Weapon,Knife,
19709,22979,Weapon,Other,
19710,22980,Weapon,Other,
19711,22981,Weapon,Knife,
19712,22982,Weapon,Poison,
19713,22983,Weapon,Other,
19714,22984,Weapon,Knife,
19715,22985,Weapon,Explosives,
19716,22986,Weapon,Knife,
19717,22987,Weapon,Firearm,
19718,22988,Weapon,Blunt Object,
19719,22989,Weapon,Poison,
19720,22990,Weapon,Firearm,
19721,22991,Weapon,Poison,
19722,22992,Weapon,Firearm,
19723,22993,Weapon,Poison,
19724,22994,Weapon,Firearm,
19725,22995,Weapon,Firearm,
19726,22998,Weapon,Poison,
19727,22999,Weapon,Poison,
19728,23000,Weapon,Firearm,
19729,23001,Weapon,Firearm,
19730,23002,Weapon,Blunt Object,
19731,23003,Weapon,Poison,
19732,23004,Weapon,Explosives,
19733,23005,Weapon,Poison,
19734,23006,Weapon,Other,
19735,23008,Weapon,Blunt Object,
19736,23009,Weapon,Other,
19737,23010,Weapon,Firearm,
19738,23011,Weapon,Poison,
19739,23012,Weapon,Other,
19740,23014,Weapon,Poison,
19741,23015,Weapon,Blunt Object,
19742,23016,Weapon,Knife,
19743,23017,Weapon,Knife,
19744,23018,Weapon,Knife,
19745,23020,Weapon,Knife,
19746,23021,Weapon,Poison,
19747,23022,Weapon,Blunt Object,
19748,23023,Weapon,Firearm,
19749,23024,Weapon,Firearm,
19750,23025,Weapon,Firearm,
19751,23027,Weapon,Explosives,
19752,23028,Weapon,Blunt Object,
19753,23029,Weapon,Firearm,
19754,23031,Weapon,Poison,
19755,23032,Weapon,Blunt Object,
19756,23033,Weapon,Explosives,
19757,23034,Weapon,Other,
19758,23036,Weapon,Blunt Object,
19759,23038,Weapon,Poison,
19760,23040,Weapon,Poison,
19761,23041,Weapon,Knife,
19762,23042,Weapon,Firearm,
19763,23043,Weapon,Firearm,
19764,23045,Weapon,Other,
19765,23046,Weapon,Firearm,
19766,23047,Weapon,Blunt Object,
19767,23048,Weapon,Other,
19768,23049,Weapon,Other,
19769,23050,Weapon,Firearm,
19770,23052,Weapon,Knife,
19771,23053,Weapon,Other,
19772,23054,Weapon,Firearm,
19773,23055,Weapon,Firearm,
19774,23056,Weapon,Blunt Object,
19775,23057,Weapon,Poison,
19776,23058,Weapon,Firearm,
19777,23059,Weapon,Blunt Object,
19778,23060,Weapon,Firearm,
19779,23061,Weapon,Other,
19780,23063,Weapon,Firearm,
19781,23064,Weapon,Knife,
19782,23065,Weapon,Blunt Object,
19783,23067,Weapon,Firearm,
19784,23068,Weapon,Other,
19785,23069,Weapon,Knife,
19786,23070,Weapon,Explosives,
19787,23071,Weapon,Poison,
19788,23072,Weapon,Explosives,
19789,23073,Weapon,Poison,
19790,23074,Weapon,Blunt Object,
19791,23076,Weapon,Poison,
19792,23077,Weapon,Knife,
19793,23078,Weapon,Knife,
19794,23079,Weapon,Firearm,
19795,23080,Weapon,Blunt Object,
19796,23081,Weapon,Firearm,
19797,23083,Weapon,Other,
19798,23084,Weapon,Firearm,
19799,23085,Weapon,Firearm,
19800,23087,Weapon,Knife,
19801,23088,Weapon,Other,
19802,23089,Weapon,Poison,
19803,23090,Weapon,Blunt Object,
19804,23091,Weapon,Poison,
19805,23092,Weapon,Knife,
19806,23094,Weapon,Other,
19807,23095,Weapon,Firearm,
19808,23096,Weapon,Poison,
19809,23097,Weapon,Firearm,
19810,23098,Weapon,Firearm,
19811,23099,Weapon,Explosives,
19812,23100,Weapon,Explosives,
19813,23101,Weapon,Other,
19814,23102,Weapon,Explosives,
19815,23103,Weapon,Other,
19816,23105,Weapon,Other,
19817,23106,Weapon,Other,
19818,23107,Weapon,Poison,
19819,23108,Weapon,Firearm,
19820,23110,Weapon,Explosives,
19821,23111,Weapon,Firearm,
19822,23112,Weapon,Explosives,
19823,23113,Weapon,Poison,
19824,23114,Weapon,Poison,
19825,23115,Weapon,Blunt Object,
19826,23117,Weapon,Firearm,
19827,23118,Weapon,Firearm,
19828,23119,Weapon,Knife,
19829,23120,Weapon,Poison,
19830,23121,Weapon,Knife,
19831,23122,Weapon,Firearm,
19832,23123,Weapon,Other,
19833,23124,Weapon,Knife,
19834,23125,Weapon,Explosives,
19835,23126,Weapon,Explosives,
19836,23127,Weapon,Poison,
19837,23128,Weapon,Knife,
19838,23129,Weapon,Knife,
19839,23131,Weapon,Poison,
19840,23132,Weapon,Poison,
19841,23133,Weapon,Blunt Object,
19842,23134,Weapon,Firearm,
19843,23135,Weapon,Other,
19844,23136,Weapon,Firearm,
19845,23137,Weapon,Knife,
19846,23138,Weapon,Explosives,
19847,23139,Weapon,Other,
19848,23141,Weapon,Knife,
19849,23142,Weapon,Other,
19850,23143,Weapon,Firearm,
19851,23144,Weapon,Blunt Object,
19852,23146,Weapon,Blunt Object,
19853,23147,Weapon,Poison,
19854,23148,Weapon,Other,
19855,23149,Weapon,Blunt Object,
19856,23150,Weapon,Knife,
19857,23151,Weapon,Firearm,
19858,23153,Weapon,Poison,
19859,23154,Weapon,Blunt Object,
19860,23155,Weapon,Knife,
19861,23156,Weapon,Other,
19862,23159,Weapon,Blunt Object,
19863,23161,Weapon,Knife,
19864,23162,Weapon,Poison,
19865,23163,Weapon,Poison,
19866,23165,Weapon,Firearm,
19867,23168,Weapon,Blunt Object,
19868,23169,Weapon,Blunt Object,
19869,23170,Weapon,Firearm,
19870,23172,Weapon,Poison,
19871,23173,Weapon,Poison,
19872,23174,Weapon,Blunt Object,
19873,23177,Weapon,Poison,
19874,23178,Weapon,Other,
19875,23179,Weapon,Blunt Object,
19876,23180,Weapon,Poison,
19877,23181,Weapon,Other,
19878,23182,Weapon,Blunt Object,
19879,23183,Weapon,Blunt Object,
19880,23186,Weapon,Poison,
19881,23187,Weapon,Poison,
19882,23188,Weapon,Other,
19883,23189,Weapon,Knife,
19884,23190,Weapon,Explosives,
19885,23191,Weapon,Knife,
19886,23192,Weapon,Poison,
19887,23195,Weapon,Other,
19888,23196,Weapon,Poison,
19889,23197,Weapon,Blunt Object,
19890,23199,Weapon,Firearm,
19891,23200,Weapon,Poison,
19892,23201,Weapon,Knife,
19893,23202,Weapon,Firearm,
19894,23203,Weapon,Explosives,
19895,23204,Weapon,Other,
19896,23205,Weapon,Explosives,
19897,23209,Weapon,Other,
19898,23210,Weapon,Explosives,
19899,23212,Weapon,Blunt Object,
19900,23213,Weapon,Explosives,
19901,23214,Weapon,Explosives,
19902,23215,Weapon,Explosives,
19903,23216,Weapon,Explosives,
19904,23217,Weapon,Knife,
19905,23218,Weapon,Knife,
19906,23219,Weapon,Blunt Object,
19907,23220,Weapon,Other,
19908,23222,Weapon,Knife,
19909,23223,Weapon,Explosives,
19910,23224,Weapon,Knife,
19911,23225,Weapon,Firearm,
19912,23226,Weapon,Poison,
19913,23227,Weapon,Other,
19914,23228,Weapon,Firearm,
19915,23229,Weapon,Firearm,
19916,23230,Weapon,Firearm,
19917,23231,Weapon,Poison,
19918,23232,Weapon,Knife,
19919,23233,Weapon,Firearm,
19920,23234,Weapon,Explosives,
19921,23235,Weapon,Firearm,
19922,23236,Weapon,Poison,
19923,23238,Weapon,Knife,
19924,23239,Weapon,Poison,
19925,23240,Weapon,Knife,
19926,23243,Weapon,Blunt Object,
19927,23244,Weapon,Firearm,
19928,23245,Weapon,Firearm,
19929,23247,Weapon,Firearm,
19930,23248,Weapon,Other,
19931,23249,Weapon,Blunt Object,
19932,23250,Weapon,Firearm,
19933,23251,Weapon,Poison,
19934,23252,Weapon,Knife,
19935,23253,Weapon,Blunt Object,
19936,23254,Weapon,Firearm,
19937,23255,Weapon,Knife,
19938,23257,Weapon,Blunt Object,
19939,23258,Weapon,Firearm,
19940,23259,Weapon,Other,
19941,23260,Weapon,Knife,
19942,23263,Weapon,Firearm,
19943,23264,Weapon,Other,
19944,23265,Weapon,Explosives,
19945,23266,Weapon,Firearm,
19946,23268,Weapon,Explosives,
19947,23269,Weapon,Other,
19948,23270,Weapon,Firearm,
19949,23271,Weapon,Poison,
19950,23272,Weapon,Other,
19951,23273,Weapon,Blunt Object,
19952,23274,Weapon,Poison,
19953,23275,Weapon,Knife,
19954,23276,Weapon,Poison,
19955,23277,Weapon,Poison,
19956,23278,Weapon,Explosives,
19957,23279,Weapon,Other,
19958,23280,Weapon,Explosives,
19959,23281,Weapon,Blunt Object,
19960,23282,Weapon,Blunt Object,
19961,23285,Weapon,Firearm,
19962,23286,Weapon,Firearm,
19963,23288,Weapon,Explosives,
19964,23289,Weapon,Blunt Object,
19965,23290,Weapon,Poison,
19966,23291,Weapon,Blunt Object,
19967,23292,Weapon,Firearm,
19968,23294,Weapon,Other,
19969,23295,Weapon,Explosives,
19970,23296,Weapon,Knife,
19971,23298,Weapon,Knife,
19972,23299,Weapon,Explosives,
19973,23300,Weapon,Knife,
19974,23301,Weapon,Firearm,
19975,23303,Weapon,Other,
19976,23304,Weapon,Explosives,
19977,23305,Weapon,Firearm,
19978,23306,Weapon,Other,
19979,23307,Weapon,Other,
19980,23308,Weapon,Poison,
19981,23309,Weapon,Firearm,
19982,23310,Weapon,Explosives,
19983,23311,Weapon,Explosives,
19984,23312,Weapon,Knife,
19985,23313,Weapon,Poison,
19986,23314,Weapon,Explosives,
19987,23315,Weapon,Explosives,
19988,23317,Weapon,Poison,
19989,23318,Weapon,Explosives,
19990,23319,Weapon,Blunt Object,
19991,23320,Weapon,Other,
19992,23321,Weapon,Explosives,
19993,23322,Weapon,Blunt Object,
19994,23323,Weapon,Firearm,
19995,23324,Weapon,Other,
19996,23325,Weapon,Knife,
19997,23326,Weapon,Explosives,
19998,23327,Weapon,Firearm,
19999,23328,Weapon,Poison,
20000,23329,Weapon,Poison,
20001,23330,Weapon,Blunt Object,
20002,23331,Weapon,Firearm,
20003,23332,Weapon,Explosives,
20004,23333,Weapon,Other,
20005,23334,Weapon,Firearm,
20006,23336,Weapon,Firearm,
20007,23337,Weapon,Firearm,
20008,23339,Weapon,Poison,
20009,23340,Weapon,Firearm,
20010,23341,Weapon,Knife,
20011,23342,Weapon,Poison,
20012,23343,Weapon,Knife,
20013,23345,Weapon,Explosives,
20014,23347,Weapon,Explosives,
20015,23348,Weapon,Firearm,
20016,23349,Weapon,Other,
20017,23350,Weapon,Knife,
20018,23352,Weapon,Blunt Object,
20019,23354,Weapon,Knife,
20020,23355,Weapon,Firearm,
20021,23357,Weapon,Other,
20022,23358,Weapon,Knife,
20023,23360,Weapon,Poison,
20024,23361,Weapon,Other,
20025,23362,Weapon,Other,
20026,23363,Weapon,Blunt Object,
20027,23364,Weapon,Knife,
20028,23365,Weapon,Knife,
20029,23366,Weapon,Poison,
20030,23367,Weapon,Blunt Object,
20031,23371,Weapon,Blunt Object,
20032,23372,Weapon,Other,
20033,23374,Weapon,Poison,
20034,23375,Weapon,Knife,
20035,23376,Weapon,Firearm,
20036,23377,Weapon,Poison,
20037,23378,Weapon,Firearm,
20038,23379,Weapon,Blunt Object,
20039,23380,Weapon,Knife,
20040,23381,Weapon,Other,
20041,23382,Weapon,Poison,
20042,23383,Weapon,Explosives,
20043,23384,Weapon,Explosives,
20044,23385,Weapon,Firearm,
20045,23386,Weapon,Knife,
20046,23387,Weapon,Blunt Object,
20047,23388,Weapon,Explosives,
20048,23389,Weapon,Knife,
20049,23390,Weapon,Knife,
20050,23392,Weapon,Poison,
20051,23393,Weapon,Explosives,
20052,23395,Weapon,Other,
20053,23396,Weapon,Other,
20054,23397,Weapon,Blunt Object,
20055,23398,Weapon,Poison,
20056,23399,Weapon,Firearm,
20057,23400,Weapon,Poison,
20058,23401,Weapon,Poison,
20059,23402,Weapon,Blunt Object,
20060,23403,Weapon,Explosives,
20061,23404,Weapon,Other,
20062,23405,Weapon,Explosives,
20063,23407,Weapon,Other,
20064,23408,Weapon,Poison,
20065,23409,Weapon,Explosives,
20066,23410,Weapon,Explosives,
20067,23411,Weapon,Other,
20068,23412,Weapon,Blunt Object,
20069,23413,Weapon,Blunt Object,
20070,23414,Weapon,Firearm,
20071,23415,Weapon,Poison,
20072,23417,Weapon,Firearm,
20073,23418,Weapon,Knife,
20074,23419,Weapon,Other,
20075,23420,Weapon,Other,
20076,23421,Weapon,Firearm,
20077,23422,Weapon,Blunt Object,
20078,23423,Weapon,Knife,
20079,23424,Weapon,Poison,
20080,23425,Weapon,Knife,
20081,23426,Weapon,Blunt Object,
20082,23427,Weapon,Knife,
20083,23428,Weapon,Knife,
20084,23429,Weapon,Other,
20085,23430,Weapon,Other,
20086,23431,Weapon,Other,
20087,23432,Weapon,Explosives,
20088,23433,Weapon,Other,
20089,23434,Weapon,Firearm,
20090,23435,Weapon,Blunt Object,
20091,23436,Weapon,Other,
20092,23437,Weapon,Blunt Object,
20093,23439,Weapon,Poison,
20094,23440,Weapon,Poison,
20095,23441,Weapon,Other,
20096,23442,Weapon,Explosives,
20097,23443,Weapon,Poison,
20098,23444,Weapon,Firearm,
20099,23445,Weapon,Poison,
20100,23446,Weapon,Other,
20101,23447,Weapon,Explosives,
20102,23448,Weapon,Blunt Object,
20103,23449,Weapon,Knife,
20104,23450,Weapon,Firearm,
20105,23451,Weapon,Blunt Object,
20106,23452,Weapon,Explosives,
20107,23453,Weapon,Blunt Object,
20108,23454,Weapon,Knife,
20109,23455,Weapon,Poison,
20110,23456,Weapon,Knife,
20111,23457,Weapon,Explosives,
20112,23460,Weapon,Blunt Object,
20113,23461,Weapon,Explosives,
20114,23462,Weapon,Poison,
20115,23463,Weapon,Firearm,
20116,23464,Weapon,Other,
20117,23465,Weapon,Blunt Object,
20118,23466,Weapon,Blunt Object,
20119,23467,Weapon,Firearm,
20120,23468,Weapon,Firearm,
20121,23469,Weapon,Knife,
20122,23470,Weapon,Firearm,
20123,23471,Weapon,Knife,
20124,23472,Weapon,Other,
20125,23473,Weapon,Explosives,
20126,23474,Weapon,Explosives,
20127,23475,Weapon,Knife,
20128,23476,Weapon,Firearm,
20129,23477,Weapon,Other,
20130,23478,Weapon,Other,
20131,23480,Weapon,Poison,
20132,23481,Weapon,Blunt Object,
20133,23482,Weapon,Explosives,
20134,23483,Weapon,Other,
20135,23484,Weapon,Blunt Object,
20136,23485,Weapon,Explosives,
20137,23486,Weapon,Knife,
20138,23487,Weapon,Firearm,
20139,23488,Weapon,Explosives,
20140,23489,Weapon,Firearm,
20141,23491,Weapon,Knife,
20142,23492,Weapon,Explosives,
20143,23493,Weapon,Knife,
20144,23495,Weapon,Explosives,
20145,23496,Weapon,Poison,
20146,23498,Weapon,Firearm,
20147,23499,Weapon,Knife,
20148,23501,Weapon,Explosives,
20149,23502,Weapon,Knife,
20150,23503,Weapon,Explosives,
20151,23504,Weapon,Other,
20152,23505,Weapon,Knife,
20153,23506,Weapon,Firearm,
20154,23507,Weapon,Firearm,
20155,23508,Weapon,Firearm,
20156,23509,Weapon,Other,
20157,23510,Weapon,Firearm,
20158,23511,Weapon,Blunt Object,
20159,23513,Weapon,Knife,
20160,23515,Weapon,Knife,
20161,23516,Weapon,Blunt Object,
20162,23517,Weapon,Firearm,
20163,23518,Weapon,Other,
20164,23519,Weapon,Poison,
20165,23520,Weapon,Knife,
20166,23521,Weapon,Poison,
20167,23522,Weapon,Firearm,
20168,23523,Weapon,Firearm,
20169,23524,Weapon,Poison,
20170,23525,Weapon,Poison,
20171,23526,Weapon,Explosives,
20172,23527,Weapon,Other,
20173,23528,Weapon,Firearm,
20174,23529,Weapon,Blunt Object,
20175,23530,Weapon,Knife,
20176,23531,Weapon,Poison,
20177,23532,Weapon,Poison,
20178,23533,Weapon,Knife,
20179,23534,Weapon,Explosives,
20180,23536,Weapon,Explosives,
20181,23538,Weapon,Blunt Object,
20182,23539,Weapon,Firearm,
20183,23540,Weapon,Knife,
20184,23541,Weapon,Explosives,
20185,23542,Weapon,Other,
20186,23543,Weapon,Blunt Object,
20187,23544,Weapon,Explosives,
20188,23546,Weapon,Blunt Object,
20189,23547,Weapon,Explosives,
20190,23550,Weapon,Blunt Object,
20191,23551,Weapon,Explosives,
20192,23552,Weapon,Other,
20193,23553,Weapon,Firearm,
20194,23554,Weapon,Explosives,
20195,23555,Weapon,Poison,
20196,23556,Weapon,Blunt Object,
20197,23557,Weapon,Poison,
20198,23558,Weapon,Explosives,
20199,23559,Weapon,Poison,
20200,23560,Weapon,Poison,
20201,23562,Weapon,Knife,
20202,23563,Weapon,Explosives,
20203,23564,Weapon,Poison,
20204,23565,Weapon,Poison,
20205,23566,Weapon,Poison,
20206,23567,Weapon,Knife,
20207,23568,Weapon,Firearm,
20208,23569,Weapon,Knife,
20209,23570,Weapon,Knife,
20210,23571,Weapon,Blunt Object,
20211,23572,Weapon,Poison,
20212,23573,Weapon,Firearm,
20213,23574,Weapon,Other,
20214,23575,Weapon,Explosives,
20215,23576,Weapon,Explosives,
20216,23579,Weapon,Other,
20217,23580,Weapon,Other,
20218,23583,Weapon,Knife,
20219,23584,Weapon,Blunt Object,
20220,23585,Weapon,Poison,
20221,23586,Weapon,Other,
20222,23587,Weapon,Explosives,
20223,23588,Weapon,Blunt Object,
20224,23589,Weapon,Poison,
20225,23590,Weapon,Poison,
20226,23591,Weapon,Knife,
20227,23592,Weapon,Knife,
20228,23593,Weapon,Explosives,
20229,23594,Weapon,Other,
20230,23595,Weapon,Explosives,
20231,23596,Weapon,Poison,
20232,23598,Weapon,Knife,
20233,23599,Weapon,Explosives,
20234,23600,Weapon,Blunt Object,
20235,23601,Weapon,Firearm,
20236,23602,Weapon,Poison,
20237,23603,Weapon,Blunt Object,
20238,23604,Weapon,Firearm,
20239,23605,Weapon,Explosives,
20240,23606,Weapon,Explosives,
20241,23607,Weapon,Other,
20242,23608,Weapon,Firearm,
20243,23609,Weapon,Firearm,
20244,23610,Weapon,Poison,
20245,23611,Weapon,Blunt Object,
20246,23612,Weapon,Explosives,
20247,23613,Weapon,Poison,
20248,23616,Weapon,Explosives,
20249,23617,Weapon,Poison,
20250,23619,Weapon,Firearm,
20251,23620,Weapon,Blunt Object,
20252,23621,Weapon,Explosives,
20253,23622,Weapon,Explosives,
20254,23624,Weapon,Other,
20255,23625,Weapon,Explosives,
20256,23626,Weapon,Blunt Object,
20257,23627,Weapon,Blunt Object,
20258,23628,Weapon,Firearm,
20259,23629,Weapon,Blunt Object,
20260,23630,Weapon,Blunt Object,
20261,23631,Weapon,Firearm,
20262,23633,Weapon,Poison,
20263,23634,Weapon,Other,
20264,23636,Weapon,Explosives,
20265,23637,Weapon,Knife,
20266,23638,Weapon,Firearm,
20267,23639,Weapon,Firearm,
20268,23640,Weapon,Poison,
20269,23641,Weapon,Other,
20270,23642,Weapon,Explosives,
20271,23643,Weapon,Other,
20272,23644,Weapon,Knife,
20273,23646,Weapon,Poison,
20274,23647,Weapon,Other,
20275,23648,Weapon,Other,
20276,23649,Weapon,Other,
20277,23650,Weapon,Firearm,
20278,23651,Weapon,Knife,
20279,23652,Weapon,Poison,
20280,23653,Weapon,Poison,
20281,23655,Weapon,Explosives,
20282,23656,Weapon,Blunt Object,
20283,23657,Weapon,Knife,
20284,23658,Weapon,Blunt Object,
20285,23659,Weapon,Poison,
20286,23662,Weapon,Firearm,
20287,23663,Weapon,Other,
20288,23664,Weapon,Knife,
20289,23665,Weapon,Poison,
20290,23666,Weapon,Poison,
20291,23667,Weapon,Knife,
20292,23669,Weapon,Knife,
20293,23670,Weapon,Other,
20294,23671,Weapon,Poison,
20295,23672,Weapon,Blunt Object,
20296,23673,Weapon,Firearm,
20297,23674,Weapon,Blunt Object,
20298,23675,Weapon,Firearm,
20299,23676,Weapon,Other,
20300,23677,Weapon,Other,
20301,23678,Weapon,Blunt Object,
20302,23679,Weapon,Explosives,
20303,23680,Weapon,Other,
20304,23681,Weapon,Explosives,
20305,23682,Weapon,Knife,
20306,23683,Weapon,Knife,
20307,23684,Weapon,Explosives,
20308,23685,Weapon,Other,
20309,23686,Weapon,Explosives,
20310,23687,Weapon,Blunt Object,
20311,23688,Weapon,Firearm,
20312,23689,Weapon,Blunt Object,
20313,23690,Weapon,Blunt Object,
20314,23691,Weapon,Knife,
20315,23692,Weapon,Blunt Object,
20316,23693,Weapon,Poison,
20317,23694,Weapon,Blunt Object,
20318,23695,Weapon,Knife,
20319,23697,Weapon,Other,
20320,23699,Weapon,Explosives,
20321,23700,Weapon,Knife,
20322,23702,Weapon,Blunt Object,
20323,23703,Weapon,Firearm,
20324,23704,Weapon,Knife,
20325,23706,Weapon,Firearm,
20326,23707,Weapon,Poison,
20327,23708,Weapon,Firearm,
20328,23709,Weapon,Poison,
20329,23710,Weapon,Other,
20330,23711,Weapon,Blunt Object,
20331,23712,Weapon,Firearm,
20332,23713,Weapon,Knife,
20333,23714,Weapon,Explosives,
20334,23715,Weapon,Firearm,
20335,23717,Weapon,Poison,
20336,23718,Weapon,Poison,
20337,23719,Weapon,Blunt Object,
20338,23720,Weapon,Other,
20339,23721,Weapon,Knife,
20340,23722,Weapon,Blunt Object,
20341,23723,Weapon,Firearm,
20342,23724,Weapon,Firearm,
20343,23725,Weapon,Other,
20344,23726,Weapon,Other,
20345,23727,Weapon,Explosives,
20346,23728,Weapon,Explosives,
20347,23729,Weapon,Poison,
20348,23730,Weapon,Poison,
20349,23731,Weapon,Explosives,
20350,23732,Weapon,Knife,
20351,23733,Weapon,Poison,
20352,23734,Weapon,Blunt Object,
20353,23735,Weapon,Blunt Object,
20354,23736,Weapon,Explosives,
20355,23737,Weapon,Explosives,
20356,23738,Weapon,Other,
20357,23739,Weapon,Other,
20358,23740,Weapon,Blunt Object,
20359,23741,Weapon,Blunt Object,
20360,23743,Weapon,Firearm,
20361,23744,Weapon,Firearm,
20362,23745,Weapon,Knife,
20363,23747,Weapon,Other,
20364,23748,Weapon,Blunt Object,
20365,23750,Weapon,Knife,
20366,23752,Weapon,Other,
20367,23753,Weapon,Firearm,
20368,23754,Weapon,Knife,
20369,23755,Weapon,Poison,
20370,23756,Weapon,Explosives,
20371,23757,Weapon,Poison,
20372,23758,Weapon,Explosives,
20373,23759,Weapon,Blunt Object,
20374,23760,Weapon,Blunt Object,
20375,23761,Weapon,Knife,
20376,23762,Weapon,Other,
20377,23763,Weapon,Poison,
20378,23764,Weapon,Firearm,
20379,23765,Weapon,Blunt Object,
20380,23766,Weapon,Blunt Object,
20381,23767,Weapon,Other,
20382,23768,Weapon,Poison,
20383,23769,Weapon,Knife,
20384,23770,Weapon,Blunt Object,
20385,23771,Weapon,Poison,
20386,23772,Weapon,Poison,
20387,23773,Weapon,Blunt Object,
20388,23774,Weapon,Explosives,
20389,23775,Weapon,Explosives,
20390,23776,Weapon,Explosives,
20391,23777,Weapon,Knife,
20392,23778,Weapon,Poison,
20393,23779,Weapon,Explosives,
20394,23781,Weapon,Knife,
20395,23782,Weapon,Explosives,
20396,23783,Weapon,Knife,
20397,23785,Weapon,Poison,
20398,23786,Weapon,Poison,
20399,23788,Weapon,Blunt Object,
20400,23789,Weapon,Other,
20401,23790,Weapon,Blunt Object,
20402,23791,Weapon,Knife,
20403,23792,Weapon,Blunt Object,
20404,23793,Weapon,Firearm,
20405,23794,Weapon,Other,
20406,23795,Weapon,Explosives,
20407,23796,Weapon,Other,
20408,23798,Weapon,Firearm,
20409,23799,Weapon,Firearm,
20410,23801,Weapon,Knife,
20411,23802,Weapon,Other,
20412,23803,Weapon,Explosives,
20413,23804,Weapon,Knife,
20414,23805,Weapon,Other,
20415,23806,Weapon,Blunt Object,
20416,23807,Weapon,Explosives,
20417,23808,Weapon,Poison,
20418,23809,Weapon,Blunt Object,
20419,23810,Weapon,Other,
20420,23811,Weapon,Explosives,
20421,23812,Weapon,Knife,
20422,23813,Weapon,Firearm,
20423,23814,Weapon,Blunt Object,
20424,23815,Weapon,Knife,
20425,23816,Weapon,Firearm,
20426,23817,Weapon,Firearm,
20427,23818,Weapon,Explosives,
20428,23819,Weapon,Firearm,
20429,23820,Weapon,Knife,
20430,23821,Weapon,Other,
20431,23822,Weapon,Knife,
20432,23823,Weapon,Knife,
20433,23824,Weapon,Firearm,
20434,23825,Weapon,Knife,
20435,23826,Weapon,Firearm,
20436,23827,Weapon,Knife,
20437,23831,Weapon,Poison,
20438,23832,Weapon,Firearm,
20439,23833,Weapon,Poison,
20440,23834,Weapon,Explosives,
20441,23835,Weapon,Firearm,
20442,23836,Weapon,Knife,
20443,23837,Weapon,Explosives,
20444,23838,Weapon,Blunt Object,
20445,23839,Weapon,Poison,
20446,23840,Weapon,Explosives,
20447,23841,Weapon,Firearm,
20448,23842,Weapon,Explosives,
20449,23844,Weapon,Poison,
20450,23845,Weapon,Blunt Object,
20451,23847,Weapon,Firearm,
20452,23848,Weapon,Other,
20453,23849,Weapon,Explosives,
20454,23850,Weapon,Firearm,
20455,23851,Weapon,Other,
20456,23853,Weapon,Other,
20457,23854,Weapon,Firearm,
20458,23855,Weapon,Explosives,
20459,23856,Weapon,Blunt Object,
20460,23857,Weapon,Other,
20461,23858,Weapon,Poison,
20462,23859,Weapon,Explosives,
20463,23860,Weapon,Poison,
20464,23861,Weapon,Blunt Object,
20465,23862,Weapon,Knife,
20466,23863,Weapon,Poison,
20467,23864,Weapon,Firearm,
20468,23865,Weapon,Other,
20469,23866,Weapon,Knife,
20470,23869,Weapon,Other,
20471,23871,Weapon,Firearm,
20472,23872,Weapon,Other,
20473,23873,Weapon,Poison,
20474,23874,Weapon,Knife,
20475,23875,Weapon,Poison,
20476,23876,Weapon,Knife,
20477,23877,Weapon,Explosives,
20478,23879,Weapon,Knife,
20479,23880,Weapon,Other,
20480,23881,Weapon,Poison,
20481,23882,Weapon,Explosives,
20482,23883,Weapon,Knife,
20483,23884,Weapon,Other,
20484,23885,Weapon,Poison,
20485,23886,Weapon,Blunt Object,
20486,23887,Weapon,Poison,
20487,23888,Weapon,Firearm,
20488,23890,Weapon,Firearm,
20489,23891,Weapon,Explosives,
20490,23892,Weapon,Knife,
20491,23893,Weapon,Other,
20492,23895,Weapon,Blunt Object,
20493,23896,Weapon,Explosives,
20494,23897,Weapon,Knife,
20495,23898,Weapon,Poison,
20496,23899,Weapon,Knife,
20497,23900,Weapon,Explosives,
20498,23901,Weapon,Explosives,
20499,23903,Weapon,Knife,
20500,23904,Weapon,Blunt Object,
20501,23905,Weapon,Poison,
20502,23906,Weapon,Other,
20503,23907,Weapon,Explosives,
20504,23908,Weapon,Blunt Object,
20505,23909,Weapon,Knife,
20506,23910,Weapon,Poison,
20507,23911,Weapon,Firearm,
20508,23912,Weapon,Other,
20509,23914,Weapon,Poison,
20510,23915,Weapon,Other,
20511,23916,Weapon,Blunt Object,
20512,23918,Weapon,Explosives,
20513,23919,Weapon,Explosives,
20514,23920,Weapon,Other,
20515,23921,Weapon,Other,
20516,23922,Weapon,Blunt Object,
20517,23923,Weapon,Knife,
20518,23924,Weapon,Other,
20519,23925,Weapon,Poison,
20520,23926,Weapon,Other,
20521,23927,Weapon,Poison,
20522,23928,Weapon,Poison,
20523,23929,Weapon,Other,
20524,23930,Weapon,Poison,
20525,23931,Weapon,Explosives,
20526,23932,Weapon,Other,
20527,23933,Weapon,Firearm,
20528,23934,Weapon,Firearm,
20529,23935,Weapon,Firearm,
20530,23936,Weapon,Explosives,
20531,23937,Weapon,Other,
20532,23938,Weapon,Poison,
20533,23939,Weapon,Knife,
20534,23940,Weapon,Blunt Object,
20535,23941,Weapon,Explosives,
20536,23942,Weapon,Other,
20537,23943,Weapon,Firearm,
20538,23944,Weapon,Poison,
20539,23945,Weapon,Poison,
20540,23946,Weapon,Poison,
20541,23947,Weapon,Firearm,
20542,23948,Weapon,Blunt Object,
20543,23949,Weapon,Other,
20544,23951,Weapon,Blunt Object,
20545,23952,Weapon,Other,
20546,23953,Weapon,Poison,
20547,23954,Weapon,Poison,
20548,23961,Weapon,Knife,
20549,23963,Weapon,Blunt Object,
20550,23964,Weapon,Knife,
20551,23965,Weapon,Other,
20552,23967,Weapon,Blunt Object,
20553,23969,Weapon,Firearm,
20554,23970,Weapon,Knife,
20555,23971,Weapon,Other,
20556,23972,Weapon,Knife,
20557,23973,Weapon,Explosives,
20558,23974,Weapon,Other,
20559,23975,Weapon,Other,
20560,23976,Weapon,Knife,
20561,23977,Weapon,Other,
20562,23978,Weapon,Poison,
20563,23980,Weapon,Blunt Object,
20564,23981,Weapon,Explosives,
20565,23982,Weapon,Explosives,
20566,23983,Weapon,Explosives,
20567,23984,Weapon,Knife,
20568,23985,Weapon,Knife,
20569,23986,Weapon,Firearm,
20570,23987,Weapon,Knife,
20571,23988,Weapon,Explosives,
20572,23989,Weapon,Knife,
20573,23990,Weapon,Explosives,
20574,23991,Weapon,Other,
20575,23992,Weapon,Poison,
20576,23993,Weapon,Blunt Object,
20577,23994,Weapon,Knife,
20578,23995,Weapon,Firearm,
20579,23996,Weapon,Firearm,
20580,23997,Weapon,Other,
20581,23998,Weapon,Knife,
20582,23999,Weapon,Other,
20583,24000,Weapon,Knife,
20584,24001,Weapon,Other,
20585,24003,Weapon,Firearm,
20586,24004,Weapon,Other,
20587,24005,Weapon,Poison,
20588,24006,Weapon,Knife,
20589,24007,Weapon,Other,
20590,24008,Weapon,Poison,
20591,24009,Weapon,Knife,
20592,24010,Weapon,Firearm,
20593,24011,Weapon,Explosives,
20594,24012,Weapon,Knife,
20595,24013,Weapon,Knife,
20596,24014,Weapon,Other,
20597,24015,Weapon,Poison,
20598,24017,Weapon,Blunt Object,
20599,24020,Weapon,Firearm,
20600,24021,Weapon,Blunt Object,
20601,24022,Weapon,Blunt Object,
20602,24023,Weapon,Explosives,
20603,24024,Weapon,Poison,
20604,24025,Weapon,Poison,
20605,24026,Weapon,Other,
20606,24027,Weapon,Other,
20607,24028,Weapon,Firearm,
20608,24029,Weapon,Firearm,
20609,24030,Weapon,Other,
20610,24031,Weapon,Other,
20611,24032,Weapon,Firearm,
20612,24033,Weapon,Other,
20613,24034,Weapon,Explosives,
20614,24036,Weapon,Knife,
20615,24037,Weapon,Firearm,
20616,24038,Weapon,Knife,
20617,24039,Weapon,Blunt Object,
20618,24040,Weapon,Poison,
20619,24041,Weapon,Poison,
20620,24042,Weapon,Poison,
20621,24043,Weapon,Knife,
20622,24044,Weapon,Blunt Object,
20623,24045,Weapon,Other,
20624,24046,Weapon,Knife,
20625,24047,Weapon,Explosives,
20626,24048,Weapon,Explosives,
20627,24050,Weapon,Poison,
20628,24051,Weapon,Other,
20629,24052,Weapon,Explosives,
20630,24053,Weapon,Firearm,
20631,24054,Weapon,Other,
20632,24055,Weapon,Firearm,
20633,24056,Weapon,Poison,
20634,24057,Weapon,Knife,
20635,24058,Weapon,Poison,
20636,24059,Weapon,Knife,
20637,24060,Weapon,Poison,
20638,24062,Weapon,Firearm,
20639,24063,Weapon,Poison,
20640,24064,Weapon,Knife,
20641,24065,Weapon,Poison,
20642,24068,Weapon,Poison,
20643,24069,Weapon,Poison,
20644,24070,Weapon,Knife,
20645,24071,Weapon,Knife,
20646,24072,Weapon,Firearm,
20647,24073,Weapon,Explosives,
20648,24074,Weapon,Explosives,
20649,24076,Weapon,Blunt Object,
20650,24077,Weapon,Explosives,
20651,24078,Weapon,Poison,
20652,24079,Weapon,Knife,
20653,24080,Weapon,Knife,
20654,24081,Weapon,Firearm,
20655,24082,Weapon,Explosives,
20656,24083,Weapon,Poison,
20657,24084,Weapon,Other,
20658,24085,Weapon,Poison,
20659,24086,Weapon,Knife,
20660,24087,Weapon,Other,
20661,24088,Weapon,Other,
20662,24089,Weapon,Poison,
20663,24090,Weapon,Knife,
20664,24091,Weapon,Blunt Object,
20665,24092,Weapon,Poison,
20666,24093,Weapon,Other,
20667,24094,Weapon,Poison,
20668,24096,Weapon,Blunt Object,
20669,24097,Weapon,Poison,
20670,24098,Weapon,Knife,
20671,24099,Weapon,Explosives,
20672,24100,Weapon,Poison,
20673,24101,Weapon,Firearm,
20674,24103,Weapon,Poison,
20675,24104,Weapon,Firearm,
20676,24105,Weapon,Blunt Object,
20677,24106,Weapon,Firearm,
20678,24107,Weapon,Poison,
20679,24108,Weapon,Blunt Object,
20680,24109,Weapon,Firearm,
20681,24110,Weapon,Blunt Object,
20682,24111,Weapon,Blunt Object,
20683,24112,Weapon,Knife,
20684,24113,Weapon,Other,
20685,24114,Weapon,Other,
20686,24115,Weapon,Knife,
20687,24117,Weapon,Knife,
20688,24120,Weapon,Poison,
20689,24121,Weapon,Other,
20690,24122,Weapon,Knife,
20691,24124,Weapon,Blunt Object,
20692,24125,Weapon,Explosives,
20693,24126,Weapon,Poison,
20694,24128,Weapon,Other,
20695,24129,Weapon,Explosives,
20696,24132,Weapon,Blunt Object,
20697,24133,Weapon,Explosives,
20698,24134,Weapon,Poison,
20699,24136,Weapon,Firearm,
20700,24137,Weapon,Blunt Object,
20701,24138,Weapon,Firearm,
20702,24139,Weapon,Firearm,
20703,24140,Weapon,Explosives,
20704,24141,Weapon,Other,
20705,24142,Weapon,Firearm,
20706,24143,Weapon,Explosives,
20707,24144,Weapon,Other,
20708,24145,Weapon,Other,
20709,24146,Weapon,Poison,
20710,24147,Weapon,Firearm,
20711,24148,Weapon,Firearm,
20712,24149,Weapon,Other,
20713,24150,Weapon,Poison,
20714,24151,Weapon,Firearm,
20715,24152,Weapon,Poison,
20716,24153,Weapon,Poison,
20717,24154,Weapon,Explosives,
20718,24155,Weapon,Explosives,
20719,24157,Weapon,Firearm,
20720,24159,Weapon,Blunt Object,
20721,24160,Weapon,Blunt Object,
20722,24161,Weapon,Other,
20723,24162,Weapon,Poison,
20724,24163,Weapon,Knife,
20725,24164,Weapon,Poison,
20726,24165,Weapon,Blunt Object,
20727,24166,Weapon,Explosives,
20728,24168,Weapon,Knife,
20729,24170,Weapon,Firearm,
20730,24174,Weapon,Blunt Object,
20731,24175,Weapon,Blunt Object,
20732,24177,Weapon,Blunt Object,
20733,24178,Weapon,Blunt Object,
20734,24179,Weapon,Explosives,
20735,24180,Weapon,Firearm,
20736,24181,Weapon,Other,
20737,24182,Weapon,Poison,
20738,24184,Weapon,Other,
20739,24185,Weapon,Firearm,
20740,24186,Weapon,Firearm,
20741,24188,Weapon,Poison,
20742,24189,Weapon,Knife,
20743,24190,Weapon,Knife,
20744,24191,Weapon,Other,
20745,24193,Weapon,Poison,
20746,24194,Weapon,Knife,
20747,24195,Weapon,Blunt Object,
20748,24196,Weapon,Blunt Object,
20749,24197,Weapon,Poison,
20750,24198,Weapon,Explosives,
20751,24199,Weapon,Firearm,
20752,24200,Weapon,Blunt Object,
20753,24201,Weapon,Firearm,
20754,24204,Weapon,Explosives,
20755,24207,Weapon,Poison,
20756,24208,Weapon,Firearm,
20757,24209,Weapon,Knife,
20758,24210,Weapon,Blunt Object,
20759,24211,Weapon,Knife,
20760,24212,Weapon,Knife,
20761,24213,Weapon,Poison,
20762,24214,Weapon,Blunt Object,
20763,24215,Weapon,Firearm,
20764,24217,Weapon,Other,
20765,24218,Weapon,Explosives,
20766,24219,Weapon,Knife,
20767,24220,Weapon,Other,
20768,24221,Weapon,Knife,
20769,24222,Weapon,Poison,
20770,24223,Weapon,Blunt Object,
20771,24224,Weapon,Poison,
20772,24225,Weapon,Blunt Object,
20773,24226,Weapon,Blunt Object,
20774,24227,Weapon,Poison,
20775,24228,Weapon,Firearm,
20776,24229,Weapon,Knife,
20777,24230,Weapon,Explosives,
20778,24231,Weapon,Explosives,
20779,24232,Weapon,Knife,
20780,24233,Weapon,Blunt Object,
20781,24234,Weapon,Knife,
20782,24235,Weapon,Firearm,
20783,24236,Weapon,Blunt Object,
20784,24237,Weapon,Knife,
20785,24238,Weapon,Blunt Object,
20786,24239,Weapon,Blunt Object,
20787,24240,Weapon,Blunt Object,
20788,24242,Weapon,Other,
20789,24243,Weapon,Blunt Object,
20790,24244,Weapon,Knife,
20791,24245,Weapon,Firearm,
20792,24246,Weapon,Blunt Object,
20793,24248,Weapon,Explosives,
20794,24249,Weapon,Knife,
20795,24250,Weapon,Other,
20796,24251,Weapon,Other,
20797,24253,Weapon,Other,
20798,24255,Weapon,Other,
20799,24257,Weapon,Blunt Object,
20800,24259,Weapon,Knife,
20801,24260,Weapon,Other,
20802,24261,Weapon,Explosives,
20803,24262,Weapon,Other,
20804,24263,Weapon,Other,
20805,24264,Weapon,Other,
20806,24265,Weapon,Other,
20807,24267,Weapon,Poison,
20808,24269,Weapon,Poison,
20809,24270,Weapon,Poison,
20810,24271,Weapon,Other,
20811,24272,Weapon,Poison,
20812,24273,Weapon,Poison,
20813,24274,Weapon,Explosives,
20814,24275,Weapon,Explosives,
20815,24276,Weapon,Firearm,
20816,24277,Weapon,Other,
20817,24278,Weapon,Poison,
20818,24279,Weapon,Knife,
20819,24280,Weapon,Other,
20820,24281,Weapon,Explosives,
20821,24282,Weapon,Firearm,
20822,24283,Weapon,Blunt Object,
20823,24284,Weapon,Explosives,
20824,24285,Weapon,Knife,
20825,24286,Weapon,Poison,
20826,24287,Weapon,Explosives,
20827,24289,Weapon,Other,
20828,24290,Weapon,Poison,
20829,24291,Weapon,Blunt Object,
20830,24292,Weapon,Explosives,
20831,24293,Weapon,Explosives,
20832,24294,Weapon,Knife,
20833,24296,Weapon,Blunt Object,
20834,24298,Weapon,Firearm,
20835,24299,Weapon,Explosives,
20836,24301,Weapon,Poison,
20837,24302,Weapon,Blunt Object,
20838,24303,Weapon,Other,
20839,24304,Weapon,Firearm,
20840,24305,Weapon,Explosives,
20841,24306,Weapon,Other,
20842,24307,Weapon,Blunt Object,
20843,24308,Weapon,Blunt Object,
20844,24309,Weapon,Knife,
20845,24310,Weapon,Blunt Object,
20846,24311,Weapon,Firearm,
20847,24312,Weapon,Explosives,
20848,24313,Weapon,Other,
20849,24315,Weapon,Knife,
20850,24316,Weapon,Explosives,
20851,24317,Weapon,Blunt Object,
20852,24319,Weapon,Explosives,
20853,24320,Weapon,Blunt Object,
20854,24321,Weapon,Firearm,
20855,24322,Weapon,Knife,
20856,24323,Weapon,Firearm,
20857,24324,Weapon,Firearm,
20858,24325,Weapon,Explosives,
20859,24326,Weapon,Blunt Object,
20860,24327,Weapon,Other,
20861,24328,Weapon,Other,
20862,24329,Weapon,Blunt Object,
20863,24330,Weapon,Firearm,
20864,24332,Weapon,Firearm,
20865,24333,Weapon,Firearm,
20866,24334,Weapon,Firearm,
20867,24335,Weapon,Explosives,
20868,24336,Weapon,Explosives,
20869,24337,Weapon,Other,
20870,24338,Weapon,Blunt Object,
20871,24339,Weapon,Other,
20872,24340,Weapon,Poison,
20873,24341,Weapon,Explosives,
20874,24342,Weapon,Blunt Object,
20875,24343,Weapon,Other,
20876,24344,Weapon,Blunt Object,
20877,24345,Weapon,Knife,
20878,24346,Weapon,Other,
20879,24348,Weapon,Knife,
20880,24349,Weapon,Firearm,
20881,24350,Weapon,Explosives,
20882,24351,Weapon,Explosives,
20883,24352,Weapon,Explosives,
20884,24353,Weapon,Explosives,
20885,24354,Weapon,Explosives,
20886,24355,Weapon,Poison,
20887,24356,Weapon,Knife,
20888,24357,Weapon,Firearm,
20889,24358,Weapon,Explosives,
20890,24359,Weapon,Knife,
20891,24361,Weapon,Blunt Object,
20892,24362,Weapon,Blunt Object,
20893,24363,Weapon,Poison,
20894,24364,Weapon,Other,
20895,24365,Weapon,Blunt Object,
20896,24366,Weapon,Firearm,
20897,24367,Weapon,Poison,
20898,24368,Weapon,Other,
20899,24369,Weapon,Other,
20900,24370,Weapon,Firearm,
20901,24371,Weapon,Firearm,
20902,24372,Weapon,Explosives,
20903,24373,Weapon,Firearm,
20904,24374,Weapon,Explosives,
20905,24376,Weapon,Firearm,
20906,24378,Weapon,Knife,
20907,24382,Weapon,Poison,
20908,24383,Weapon,Poison,
20909,24384,Weapon,Explosives,
20910,24386,Weapon,Poison,
20911,24387,Weapon,Other,
20912,24388,Weapon,Firearm,
20913,24389,Weapon,Other,
20914,24391,Weapon,Knife,
20915,24392,Weapon,Knife,
20916,24393,Weapon,Poison,
20917,24394,Weapon,Other,
20918,24395,Weapon,Firearm,
20919,24396,Weapon,Firearm,
20920,24397,Weapon,Blunt Object,
20921,24398,Weapon,Blunt Object,
20922,24399,Weapon,Knife,
20923,24400,Weapon,Blunt Object,
20924,24401,Weapon,Firearm,
20925,24402,Weapon,Explosives,
20926,24404,Weapon,Knife,
20927,24405,Weapon,Other,
20928,24407,Weapon,Poison,
20929,24408,Weapon,Other,
20930,24409,Weapon,Other,
20931,24410,Weapon,Firearm,
20932,24411,Weapon,Poison,
20933,24413,Weapon,Poison,
20934,24414,Weapon,Poison,
20935,24415,Weapon,Firearm,
20936,24416,Weapon,Firearm,
20937,24417,Weapon,Poison,
20938,24418,Weapon,Poison,
20939,24419,Weapon,Explosives,
20940,24420,Weapon,Knife,
20941,24421,Weapon,Blunt Object,
20942,24422,Weapon,Other,
20943,24423,Weapon,Explosives,
20944,24424,Weapon,Knife,
20945,24426,Weapon,Blunt Object,
20946,24428,Weapon,Blunt Object,
20947,24429,Weapon,Firearm,
20948,24430,Weapon,Other,
20949,24431,Weapon,Knife,
20950,24432,Weapon,Poison,
20951,24433,Weapon,Knife,
20952,24435,Weapon,Other,
20953,24436,Weapon,Knife,
20954,24437,Weapon,Poison,
20955,24438,Weapon,Explosives,
20956,24439,Weapon,Firearm,
20957,24440,Weapon,Firearm,
20958,24441,Weapon,Firearm,
20959,24442,Weapon,Blunt Object,
20960,24443,Weapon,Knife,
20961,24444,Weapon,Firearm,
20962,24445,Weapon,Poison,
20963,24449,Weapon,Poison,
20964,24450,Weapon,Poison,
20965,24451,Weapon,Poison,
20966,24452,Weapon,Blunt Object,
20967,24453,Weapon,Blunt Object,
20968,24455,Weapon,Explosives,
20969,24456,Weapon,Other,
20970,24457,Weapon,Firearm,
20971,24458,Weapon,Firearm,
20972,24459,Weapon,Other,
20973,24461,Weapon,Other,
20974,24462,Weapon,Poison,
20975,24463,Weapon,Knife,
20976,24464,Weapon,Blunt Object,
20977,24465,Weapon,Explosives,
20978,24467,Weapon,Blunt Object,
20979,24468,Weapon,Knife,
20980,24469,Weapon,Knife,
20981,24470,Weapon,Firearm,
20982,24471,Weapon,Knife,
20983,24473,Weapon,Firearm,
20984,24474,Weapon,Poison,
20985,24475,Weapon,Knife,
20986,24476,Weapon,Firearm,
20987,24477,Weapon,Blunt Object,
20988,24478,Weapon,Blunt Object,
20989,24479,Weapon,Blunt Object,
20990,24480,Weapon,Poison,
20991,24484,Weapon,Poison,
20992,24485,Weapon,Firearm,
20993,24487,Weapon,Explosives,
20994,24488,Weapon,Explosives,
20995,24489,Weapon,Knife,
20996,24490,Weapon,Other,
20997,24491,Weapon,Other,
20998,24492,Weapon,Blunt Object,
20999,24493,Weapon,Knife,
21000,24494,Weapon,Firearm,
21001,24495,Weapon,Firearm,
21002,24496,Weapon,Explosives,
21003,24497,Weapon,Explosives,
21004,24498,Weapon,Blunt Object,
21005,24499,Weapon,Poison,
21006,24500,Weapon,Explosives,
21007,24501,Weapon,Explosives,
21008,24502,Weapon,Other,
21009,24503,Weapon,Explosives,
21010,24504,Weapon,Firearm,
21011,24505,Weapon,Explosives,
21012,24506,Weapon,Firearm,
21013,24508,Weapon,Poison,
21014,24509,Weapon,Knife,
21015,24510,Weapon,Knife,
21016,24511,Weapon,Firearm,
21017,24512,Weapon,Blunt Object,
21018,24513,Weapon,Knife,
21019,24515,Weapon,Other,
21020,24516,Weapon,Other,
21021,24517,Weapon,Explosives,
21022,24519,Weapon,Firearm,
21023,24520,Weapon,Explosives,
21024,24521,Weapon,Firearm,
21025,24522,Weapon,Explosives,
21026,24523,Weapon,Other,
21027,24524,Weapon,Explosives,
21028,24525,Weapon,Explosives,
21029,24526,Weapon,Poison,
21030,24527,Weapon,Firearm,
21031,24528,Weapon,Explosives,
21032,24529,Weapon,Knife,
21033,24530,Weapon,Firearm,
21034,24532,Weapon,Explosives,
21035,24533,Weapon,Knife,
21036,24534,Weapon,Other,
21037,24535,Weapon,Explosives,
21038,24536,Weapon,Knife,
21039,24537,Weapon,Knife,
21040,24538,Weapon,Other,
21041,24540,Weapon,Knife,
21042,24541,Weapon,Poison,
21043,24542,Weapon,Knife,
21044,24543,Weapon,Poison,
21045,24544,Weapon,Knife,
21046,24546,Weapon,Knife,
21047,24548,Weapon,Knife,
21048,24549,Weapon,Knife,
21049,24550,Weapon,Poison,
21050,24551,Weapon,Other,
21051,24552,Weapon,Explosives,
21052,24553,Weapon,Other,
21053,24554,Weapon,Explosives,
21054,24555,Weapon,Poison,
21055,24556,Weapon,Blunt Object,
21056,24557,Weapon,Other,
21057,24559,Weapon,Blunt Object,
21058,24560,Weapon,Explosives,
21059,24562,Weapon,Firearm,
21060,24563,Weapon,Poison,
21061,24564,Weapon,Other,
21062,24565,Weapon,Other,
21063,24566,Weapon,Knife,
21064,24567,Weapon,Firearm,
21065,24568,Weapon,Firearm,
21066,24570,Weapon,Explosives,
21067,24571,Weapon,Blunt Object,
21068,24572,Weapon,Blunt Object,
21069,24573,Weapon,Other,
21070,24575,Weapon,Poison,
21071,24576,Weapon,Blunt Object,
21072,24577,Weapon,Knife,
21073,24578,Weapon,Firearm,
21074,24580,Weapon,Firearm,
21075,24581,Weapon,Other,
21076,24582,Weapon,Explosives,
21077,24583,Weapon,Blunt Object,
21078,24584,Weapon,Explosives,
21079,24585,Weapon,Poison,
21080,24586,Weapon,Knife,
21081,24587,Weapon,Knife,
21082,24588,Weapon,Knife,
21083,24589,Weapon,Firearm,
21084,24590,Weapon,Explosives,
21085,24591,Weapon,Explosives,
21086,24592,Weapon,Firearm,
21087,24593,Weapon,Blunt Object,
21088,24594,Weapon,Blunt Object,
21089,24595,Weapon,Explosives,
21090,24596,Weapon,Explosives,
21091,24597,Weapon,Other,
21092,24598,Weapon,Blunt Object,
21093,24599,Weapon,Firearm,
21094,24600,Weapon,Other,
21095,24601,Weapon,Other,
21096,24602,Weapon,Firearm,
21097,24603,Weapon,Poison,
21098,24607,Weapon,Explosives,
21099,24608,Weapon,Knife,
21100,24609,Weapon,Other,
21101,24610,Weapon,Other,
21102,24611,Weapon,Knife,
21103,24612,Weapon,Knife,
21104,24613,Weapon,Explosives,
21105,24614,Weapon,Other,
21106,24615,Weapon,Firearm,
21107,24616,Weapon,Blunt Object,
21108,24618,Weapon,Poison,
21109,24619,Weapon,Blunt Object,
21110,24620,Weapon,Knife,
21111,24622,Weapon,Explosives,
21112,24623,Weapon,Firearm,
21113,24624,Weapon,Knife,
21114,24626,Weapon,Knife,
21115,24627,Weapon,Other,
21116,24628,Weapon,Knife,
21117,24629,Weapon,Knife,
21118,24630,Weapon,Explosives,
21119,24632,Weapon,Blunt Object,
21120,24634,Weapon,Knife,
21121,24635,Weapon,Explosives,
21122,24636,Weapon,Other,
21123,24637,Weapon,Firearm,
21124,24638,Weapon,Blunt Object,
21125,24639,Weapon,Poison,
21126,24640,Weapon,Poison,
21127,24641,Weapon,Knife,
21128,24642,Weapon,Other,
21129,24643,Weapon,Knife,
21130,24645,Weapon,Poison,
21131,24646,Weapon,Poison,
21132,24647,Weapon,Blunt Object,
21133,24648,Weapon,Explosives,
21134,24649,Weapon,Knife,
21135,24650,Weapon,Firearm,
21136,24651,Weapon,Other,
21137,24652,Weapon,Blunt Object,
21138,24653,Weapon,Knife,
21139,24654,Weapon,Firearm,
21140,24655,Weapon,Firearm,
21141,24656,Weapon,Knife,
21142,24657,Weapon,Firearm,
21143,24658,Weapon,Other,
21144,24660,Weapon,Other,
21145,24661,Weapon,Poison,
21146,24662,Weapon,Poison,
21147,24663,Weapon,Poison,
21148,24664,Weapon,Explosives,
21149,24665,Weapon,Firearm,
21150,24666,Weapon,Explosives,
21151,24667,Weapon,Firearm,
21152,24668,Weapon,Poison,
21153,24669,Weapon,Other,
21154,24670,Weapon,Other,
21155,24672,Weapon,Firearm,
21156,24673,Weapon,Other,
21157,24675,Weapon,Poison,
21158,24676,Weapon,Blunt Object,
21159,24677,Weapon,Explosives,
21160,24678,Weapon,Explosives,
21161,24679,Weapon,Knife,
21162,24680,Weapon,Blunt Object,
21163,24681,Weapon,Knife,
21164,24682,Weapon,Knife,
21165,24683,Weapon,Blunt Object,
21166,24684,Weapon,Other,
21167,24686,Weapon,Firearm,
21168,24687,Weapon,Poison,
21169,24688,Weapon,Explosives,
21170,24689,Weapon,Firearm,
21171,24690,Weapon,Poison,
21172,24691,Weapon,Knife,
21173,24692,Weapon,Knife,
21174,24693,Weapon,Firearm,
21175,24694,Weapon,Other,
21176,24695,Weapon,Blunt Object,
21177,24696,Weapon,Firearm,
21178,24697,Weapon,Knife,
21179,24698,Weapon,Other,
21180,24699,Weapon,Other,
21181,24700,Weapon,Other,
21182,24702,Weapon,Poison,
21183,24703,Weapon,Explosives,
21184,24704,Weapon,Blunt Object,
21185,24705,Weapon,Firearm,
21186,24706,Weapon,Knife,
21187,24707,Weapon,Firearm,
21188,24708,Weapon,Blunt Object,
21189,24709,Weapon,Other,
21190,24710,Weapon,Other,
21191,24711,Weapon,Other,
21192,24712,Weapon,Explosives,
21193,24713,Weapon,Explosives,
21194,24714,Weapon,Explosives,
21195,24715,Weapon,Blunt Object,
21196,24716,Weapon,Knife,
21197,24717,Weapon,Poison,
21198,24719,Weapon,Other,
21199,24720,Weapon,Other,
21200,24723,Weapon,Explosives,
21201,24724,Weapon,Explosives,
21202,24725,Weapon,Firearm,
21203,24726,Weapon,Firearm,
21204,24727,Weapon,Poison,
21205,24728,Weapon,Explosives,
21206,24729,Weapon,Poison,
21207,24730,Weapon,Blunt Object,
21208,24731,Weapon,Poison,
21209,24732,Weapon,Other,
21210,24733,Weapon,Explosives,
21211,24734,Weapon,Poison,
21212,24735,Weapon,Poison,
21213,24736,Weapon,Poison,
21214,24737,Weapon,Explosives,
21215,24738,Weapon,Firearm,
21216,24739,Weapon,Other,
21217,24740,Weapon,Explosives,
21218,24741,Weapon,Firearm,
21219,24742,Weapon,Firearm,
21220,24743,Weapon,Explosives,
21221,24744,Weapon,Blunt Object,
21222,24745,Weapon,Knife,
21223,24746,Weapon,Blunt Object,
21224,24747,Weapon,Firearm,
21225,24748,Weapon,Blunt Object,
21226,24749,Weapon,Firearm,
21227,24751,Weapon,Firearm,
21228,24752,Weapon,Knife,
21229,24753,Weapon,Poison,
21230,24755,Weapon,Poison,
21231,24756,Weapon,Knife,
21232,24757,Weapon,Explosives,
21233,24758,Weapon,Explosives,
21234,24759,Weapon,Poison,
21235,24760,Weapon,Poison,
21236,24761,Weapon,Knife,
21237,24762,Weapon,Knife,
21238,24763,Weapon,Knife,
21239,24764,Weapon,Firearm,
21240,24765,Weapon,Poison,
21241,24766,Weapon,Explosives,
21242,24767,Weapon,Firearm,
21243,24768,Weapon,Poison,
21244,24769,Weapon,Explosives,
21245,24770,Weapon,Firearm,
21246,24771,Weapon,Poison,
21247,24772,Weapon,Other,
21248,24774,Weapon,Blunt Object,
21249,24775,Weapon,Explosives,
21250,24776,Weapon,Poison,
21251,24777,Weapon,Blunt Object,
21252,24778,Weapon,Explosives,
21253,24779,Weapon,Firearm,
21254,24780,Weapon,Poison,
21255,24781,Weapon,Blunt Object,
21256,24782,Weapon,Explosives,
21257,24783,Weapon,Firearm,
21258,24785,Weapon,Poison,
21259,24786,Weapon,Firearm,
21260,24787,Weapon,Explosives,
21261,24788,Weapon,Other,
21262,24789,Weapon,Firearm,
21263,24790,Weapon,Other,
21264,24791,Weapon,Poison,
21265,24792,Weapon,Firearm,
21266,24793,Weapon,Knife,
21267,24794,Weapon,Poison,
21268,24795,Weapon,Other,
21269,24796,Weapon,Firearm,
21270,24797,Weapon,Blunt Object,
21271,24798,Weapon,Firearm,
21272,24801,Weapon,Explosives,
21273,24803,Weapon,Explosives,
21274,24804,Weapon,Firearm,
21275,24805,Weapon,Knife,
21276,24806,Weapon,Knife,
21277,24807,Weapon,Knife,
21278,24808,Weapon,Blunt Object,
21279,24809,Weapon,Poison,
21280,24810,Weapon,Other,
21281,24811,Weapon,Blunt Object,
21282,24812,Weapon,Poison,
21283,24814,Weapon,Firearm,
21284,24816,Weapon,Blunt Object,
21285,24817,Weapon,Other,
21286,24818,Weapon,Firearm,
21287,24820,Weapon,Firearm,
21288,24821,Weapon,Poison,
21289,24822,Weapon,Blunt Object,
21290,24824,Weapon,Explosives,
21291,24826,Weapon,Blunt Object,
21292,24828,Weapon,Knife,
21293,24829,Weapon,Firearm,
21294,24830,Weapon,Poison,
21295,24831,Weapon,Firearm,
21296,24832,Weapon,Explosives,
21297,24833,Weapon,Other,
21298,24834,Weapon,Knife,
21299,24835,Weapon,Poison,
21300,24836,Weapon,Knife,
21301,24837,Weapon,Firearm,
21302,24839,Weapon,Explosives,
21303,24840,Weapon,Knife,
21304,24841,Weapon,Knife,
21305,24842,Weapon,Poison,
21306,24844,Weapon,Knife,
21307,24845,Weapon,Explosives,
21308,24846,Weapon,Poison,
21309,24847,Weapon,Knife,
21310,24848,Weapon,Explosives,
21311,24849,Weapon,Poison,
21312,24850,Weapon,Explosives,
21313,24851,Weapon,Other,
21314,24852,Weapon,Knife,
21315,24853,Weapon,Blunt Object,
21316,24854,Weapon,Other,
21317,24855,Weapon,Knife,
21318,24856,Weapon,Firearm,
21319,24857,Weapon,Knife,
21320,24858,Weapon,Blunt Object,
21321,24859,Weapon,Explosives,
21322,24860,Weapon,Explosives,
21323,24861,Weapon,Blunt Object,
21324,24862,Weapon,Poison,
21325,24863,Weapon,Other,
21326,24864,Weapon,Blunt Object,
21327,24865,Weapon,Explosives,
21328,24867,Weapon,Blunt Object,
21329,24868,Weapon,Poison,
21330,24869,Weapon,Knife,
21331,24870,Weapon,Blunt Object,
21332,24871,Weapon,Other,
21333,24872,Weapon,Poison,
21334,24873,Weapon,Firearm,
21335,24874,Weapon,Other,
21336,24875,Weapon,Blunt Object,
21337,24876,Weapon,Poison,
21338,24877,Weapon,Firearm,
21339,24878,Weapon,Other,
21340,24880,Weapon,Firearm,
21341,24881,Weapon,Other,
21342,24882,Weapon,Blunt Object,
21343,24883,Weapon,Blunt Object,
21344,24884,Weapon,Poison,
21345,24885,Weapon,Poison,
21346,24886,Weapon,Explosives,
21347,24887,Weapon,Poison,
21348,24889,Weapon,Poison,
21349,24890,Weapon,Blunt Object,
21350,24892,Weapon,Poison,
21351,24894,Weapon,Knife,
21352,24895,Weapon,Firearm,
21353,24898,Weapon,Explosives,
21354,24899,Weapon,Blunt Object,
21355,24900,Weapon,Poison,
21356,24901,Weapon,Firearm,
21357,24902,Weapon,Poison,
21358,24903,Weapon,Knife,
21359,24904,Weapon,Knife,
21360,24905,Weapon,Other,
21361,24906,Weapon,Blunt Object,
21362,24907,Weapon,Explosives,
21363,24908,Weapon,Explosives,
21364,24909,Weapon,Knife,
21365,24910,Weapon,Poison,
21366,24912,Weapon,Poison,
21367,24913,Weapon,Explosives,
21368,24914,Weapon,Other,
21369,24915,Weapon,Firearm,
21370,24916,Weapon,Explosives,
21371,24917,Weapon,Firearm,
21372,24918,Weapon,Poison,
21373,24919,Weapon,Other,
21374,24921,Weapon,Firearm,
21375,24922,Weapon,Firearm,
21376,24925,Weapon,Other,
21377,24926,Weapon,Firearm,
21378,24927,Weapon,Explosives,
21379,24928,Weapon,Explosives,
21380,24929,Weapon,Blunt Object,
21381,24931,Weapon,Poison,
21382,24933,Weapon,Blunt Object,
21383,24934,Weapon,Firearm,
21384,24937,Weapon,Explosives,
21385,24938,Weapon,Blunt Object,
21386,24939,Weapon,Other,
21387,24940,Weapon,Firearm,
21388,24941,Weapon,Other,
21389,24942,Weapon,Explosives,
21390,24943,Weapon,Blunt Object,
21391,24944,Weapon,Poison,
21392,24945,Weapon,Knife,
21393,24946,Weapon,Explosives,
21394,24947,Weapon,Blunt Object,
21395,24948,Weapon,Other,
21396,24949,Weapon,Other,
21397,24950,Weapon,Firearm,
21398,24951,Weapon,Knife,
21399,24952,Weapon,Explosives,
21400,24953,Weapon,Other,
21401,24954,Weapon,Poison,
21402,24955,Weapon,Explosives,
21403,24956,Weapon,Other,
21404,24957,Weapon,Firearm,
21405,24958,Weapon,Firearm,
21406,24959,Weapon,Blunt Object,
21407,24960,Weapon,Firearm,
21408,24961,Weapon,Firearm,
21409,24962,Weapon,Poison,
21410,24963,Weapon,Knife,
21411,24964,Weapon,Knife,
21412,24965,Weapon,Blunt Object,
21413,24966,Weapon,Knife,
21414,24969,Weapon,Other,
21415,24970,Weapon,Poison,
21416,24971,Weapon,Firearm,
21417,24972,Weapon,Firearm,
21418,24973,Weapon,Poison,
21419,24974,Weapon,Poison,
21420,24975,Weapon,Explosives,
21421,24978,Weapon,Blunt Object,
21422,24979,Weapon,Other,
21423,24980,Weapon,Poison,
21424,24982,Weapon,Firearm,
21425,24983,Weapon,Firearm,
21426,24984,Weapon,Firearm,
21427,24985,Weapon,Poison,
21428,24986,Weapon,Poison,
21429,24987,Weapon,Blunt Object,
21430,24989,Weapon,Blunt Object,
21431,24991,Weapon,Knife,
21432,24992,Weapon,Knife,
21433,24993,Weapon,Explosives,
21434,24994,Weapon,Knife,
21435,24995,Weapon,Poison,
21436,24996,Weapon,Knife,
21437,24997,Weapon,Explosives,
21438,25000,Weapon,Poison,
21439,25001,Weapon,Knife,
21440,25002,Weapon,Blunt Object,
21441,25003,Weapon,Other,
21442,25004,Weapon,Other,
21443,25005,Weapon,Explosives,
21444,25006,Weapon,Blunt Object,
21445,25008,Weapon,Poison,
21446,25010,Weapon,Firearm,
21447,25011,Weapon,Other,
21448,25012,Weapon,Blunt Object,
21449,25014,Weapon,Blunt Object,
21450,25015,Weapon,Blunt Object,
21451,25016,Weapon,Other,
21452,25017,Weapon,Other,
21453,25019,Weapon,Firearm,
21454,25020,Weapon,Other,
21455,25021,Weapon,Poison,
21456,25022,Weapon,Explosives,
21457,25023,Weapon,Knife,
21458,25024,Weapon,Poison,
21459,25025,Weapon,Blunt Object,
21460,25026,Weapon,Poison,
21461,25027,Weapon,Poison,
21462,25028,Weapon,Knife,
21463,25029,Weapon,Other,
21464,25030,Weapon,Knife,
21465,25031,Weapon,Poison,
21466,25032,Weapon,Blunt Object,
21467,25033,Weapon,Poison,
21468,25034,Weapon,Poison,
21469,25035,Weapon,Knife,
21470,25037,Weapon,Knife,
21471,25038,Weapon,Firearm,
21472,25040,Weapon,Blunt Object,
21473,25041,Weapon,Blunt Object,
21474,25042,Weapon,Other,
21475,25043,Weapon,Blunt Object,
21476,25044,Weapon,Poison,
21477,25045,Weapon,Firearm,
21478,25046,Weapon,Firearm,
21479,25047,Weapon,Blunt Object,
21480,25048,Weapon,Other,
21481,25049,Weapon,Other,
21482,25050,Weapon,Firearm,
21483,25051,Weapon,Firearm,
21484,25052,Weapon,Poison,
21485,25053,Weapon,Blunt Object,
21486,25054,Weapon,Blunt Object,
21487,25055,Weapon,Blunt Object,
21488,25056,Weapon,Blunt Object,
21489,25057,Weapon,Blunt Object,
21490,25058,Weapon,Blunt Object,
21491,25059,Weapon,Poison,
21492,25060,Weapon,Knife,
21493,25063,Weapon,Blunt Object,
21494,25064,Weapon,Explosives,
21495,25066,Weapon,Other,
21496,25067,Weapon,Explosives,
21497,25068,Weapon,Other,
21498,25070,Weapon,Blunt Object,
21499,25071,Weapon,Firearm,
21500,25072,Weapon,Knife,
21501,25073,Weapon,Firearm,
21502,25074,Weapon,Poison,
21503,25076,Weapon,Firearm,
21504,25078,Weapon,Explosives,
21505,25079,Weapon,Poison,
21506,25080,Weapon,Poison,
21507,25081,Weapon,Explosives,
21508,25082,Weapon,Explosives,
21509,25084,Weapon,Blunt Object,
21510,25085,Weapon,Firearm,
21511,25087,Weapon,Blunt Object,
21512,25088,Weapon,Explosives,
21513,25089,Weapon,Poison,
21514,25091,Weapon,Blunt Object,
21515,25093,Weapon,Poison,
21516,25095,Weapon,Blunt Object,
21517,25096,Weapon,Knife,
21518,25097,Weapon,Blunt Object,
21519,25098,Weapon,Explosives,
21520,25100,Weapon,Blunt Object,
21521,25101,Weapon,Firearm,
21522,25103,Weapon,Other,
21523,25104,Weapon,Explosives,
21524,25105,Weapon,Poison,
21525,25106,Weapon,Other,
21526,25107,Weapon,Blunt Object,
21527,25108,Weapon,Explosives,
21528,25109,Weapon,Knife,
21529,25110,Weapon,Blunt Object,
21530,25111,Weapon,Knife,
21531,25112,Weapon,Explosives,
21532,25113,Weapon,Poison,
21533,25114,Weapon,Other,
21534,25115,Weapon,Firearm,
21535,25116,Weapon,Other,
21536,25118,Weapon,Knife,
21537,25119,Weapon,Blunt Object,
21538,25120,Weapon,Explosives,
21539,25122,Weapon,Knife,
21540,25123,Weapon,Other,
21541,25126,Weapon,Poison,
21542,25127,Weapon,Blunt Object,
21543,25129,Weapon,Blunt Object,
21544,25130,Weapon,Poison,
21545,25131,Weapon,Explosives,
21546,25132,Weapon,Blunt Object,
21547,25133,Weapon,Poison,
21548,25134,Weapon,Poison,
21549,25135,Weapon,Other,
21550,25137,Weapon,Knife,
21551,25138,Weapon,Knife,
21552,25139,Weapon,Blunt Object,
21553,25140,Weapon,Other,
21554,25141,Weapon,Explosives,
21555,25142,Weapon,Firearm,
21556,25143,Weapon,Knife,
21557,25144,Weapon,Knife,
21558,25147,Weapon,Other,
21559,25148,Weapon,Other,
21560,25149,Weapon,Blunt Object,
21561,25150,Weapon,Blunt Object,
21562,25151,Weapon,Knife,
21563,25152,Weapon,Knife,
21564,25153,Weapon,Knife,
21565,25154,Weapon,Firearm,
21566,25155,Weapon,Other,
21567,25156,Weapon,Explosives,
21568,25157,Weapon,Blunt Object,
21569,25158,Weapon,Knife,
21570,25159,Weapon,Firearm,
21571,25160,Weapon,Firearm,
21572,25163,Weapon,Other,
21573,25164,Weapon,Other,
21574,25165,Weapon,Blunt Object,
21575,25166,Weapon,Knife,
21576,25167,Weapon,Explosives,
21577,25168,Weapon,Explosives,
21578,25169,Weapon,Firearm,
21579,25170,Weapon,Firearm,
21580,25171,Weapon,Blunt Object,
21581,25172,Weapon,Poison,
21582,25173,Weapon,Other,
21583,25174,Weapon,Other,
21584,25175,Weapon,Poison,
21585,25176,Weapon,Other,
21586,25177,Weapon,Knife,
21587,25179,Weapon,Knife,
21588,25180,Weapon,Poison,
21589,25181,Weapon,Other,
21590,25182,Weapon,Other,
21591,25183,Weapon,Poison,
21592,25184,Weapon,Knife,
21593,25185,Weapon,Poison,
21594,25186,Weapon,Firearm,
21595,25188,Weapon,Knife,
21596,25189,Weapon,Explosives,
21597,25190,Weapon,Blunt Object,
21598,25191,Weapon,Poison,
21599,25192,Weapon,Knife,
21600,25193,Weapon,Knife,
21601,25194,Weapon,Firearm,
21602,25195,Weapon,Explosives,
21603,25197,Weapon,Blunt Object,
21604,25198,Weapon,Blunt Object,
21605,25199,Weapon,Knife,
21606,25201,Weapon,Explosives,
21607,25202,Weapon,Poison,
21608,25203,Weapon,Knife,
21609,25204,Weapon,Poison,
21610,25205,Weapon,Other,
21611,25207,Weapon,Blunt Object,
21612,25209,Weapon,Poison,
21613,25210,Weapon,Other,
21614,25211,Weapon,Other,
21615,25212,Weapon,Explosives,
21616,25213,Weapon,Blunt Object,
21617,25214,Weapon,Knife,
21618,25216,Weapon,Blunt Object,
21619,25217,Weapon,Other,
21620,25218,Weapon,Blunt Object,
21621,25219,Weapon,Poison,
21622,25220,Weapon,Knife,
21623,25221,Weapon,Blunt Object,
21624,25223,Weapon,Firearm,
21625,25224,Weapon,Other,
21626,25225,Weapon,Knife,
21627,25227,Weapon,Poison,
21628,25229,Weapon,Knife,
21629,25230,Weapon,Knife,
21630,25231,Weapon,Blunt Object,
21631,25232,Weapon,Blunt Object,
21632,25234,Weapon,Firearm,
21633,25235,Weapon,Knife,
21634,25236,Weapon,Knife,
21635,25237,Weapon,Poison,
21636,25238,Weapon,Knife,
21637,25239,Weapon,Knife,
21638,25240,Weapon,Poison,
21639,25241,Weapon,Other,
21640,25242,Weapon,Blunt Object,
21641,25243,Weapon,Knife,
21642,25244,Weapon,Blunt Object,
21643,25246,Weapon,Firearm,
21644,25247,Weapon,Firearm,
21645,25248,Weapon,Firearm,
21646,25249,Weapon,Blunt Object,
21647,25250,Weapon,Firearm,
21648,25251,Weapon,Firearm,
21649,25253,Weapon,Explosives,
21650,25254,Weapon,Explosives,
21651,25256,Weapon,Firearm,
21652,25258,Weapon,Other,
21653,25259,Weapon,Explosives,
21654,25260,Weapon,Other,
21655,25261,Weapon,Knife,
21656,25262,Weapon,Explosives,
21657,25263,Weapon,Poison,
21658,25264,Weapon,Blunt Object,
21659,25265,Weapon,Blunt Object,
21660,25266,Weapon,Blunt Object,
21661,25267,Weapon,Poison,
21662,25269,Weapon,Knife,
21663,25270,Weapon,Firearm,
21664,25271,Weapon,Explosives,
21665,25273,Weapon,Explosives,
21666,25274,Weapon,Poison,
21667,25275,Weapon,Explosives,
21668,25276,Weapon,Knife,
21669,25277,Weapon,Explosives,
21670,25278,Weapon,Other,
21671,25279,Weapon,Blunt Object,
21672,25280,Weapon,Blunt Object,
21673,25282,Weapon,Blunt Object,
21674,25283,Weapon,Knife,
21675,25284,Weapon,Knife,
21676,25285,Weapon,Other,
21677,25286,Weapon,Poison,
21678,25288,Weapon,Explosives,
21679,25289,Weapon,Other,
21680,25290,Weapon,Firearm,
21681,25291,Weapon,Poison,
21682,25292,Weapon,Explosives,
21683,25293,Weapon,Explosives,
21684,25294,Weapon,Explosives,
21685,25296,Weapon,Blunt Object,
21686,25298,Weapon,Other,
21687,25299,Weapon,Firearm,
21688,25300,Weapon,Explosives,
21689,25301,Weapon,Poison,
21690,25302,Weapon,Other,
21691,25303,Weapon,Other,
21692,25304,Weapon,Other,
21693,25305,Weapon,Knife,
21694,25306,Weapon,Explosives,
21695,25308,Weapon,Firearm,
21696,25309,Weapon,Other,
21697,25310,Weapon,Explosives,
21698,25311,Weapon,Explosives,
21699,25312,Weapon,Other,
21700,25313,Weapon,Other,
21701,25314,Weapon,Explosives,
21702,25315,Weapon,Blunt Object,
21703,25316,Weapon,Explosives,
21704,25318,Weapon,Knife,
21705,25320,Weapon,Other,
21706,25321,Weapon,Firearm,
21707,25322,Weapon,Firearm,
21708,25323,Weapon,Explosives,
21709,25325,Weapon,Other,
21710,25326,Weapon,Blunt Object,
21711,25327,Weapon,Blunt Object,
21712,25329,Weapon,Firearm,
21713,25330,Weapon,Poison,
21714,25331,Weapon,Firearm,
21715,25332,Weapon,Knife,
21716,25333,Weapon,Explosives,
21717,25335,Weapon,Other,
21718,25337,Weapon,Firearm,
21719,25338,Weapon,Explosives,
21720,25339,Weapon,Knife,
21721,25341,Weapon,Poison,
21722,25343,Weapon,Firearm,
21723,25344,Weapon,Knife,
21724,25345,Weapon,Firearm,
21725,25346,Weapon,Poison,
21726,25347,Weapon,Explosives,
21727,25348,Weapon,Explosives,
21728,25349,Weapon,Poison,
21729,25350,Weapon,Knife,
21730,25353,Weapon,Firearm,
21731,25354,Weapon,Firearm,
21732,25355,Weapon,Explosives,
21733,25356,Weapon,Blunt Object,
21734,25357,Weapon,Blunt Object,
21735,25358,Weapon,Other,
21736,25359,Weapon,Other,
21737,25360,Weapon,Poison,
21738,25361,Weapon,Blunt Object,
21739,25362,Weapon,Other,
21740,25363,Weapon,Blunt Object,
21741,25364,Weapon,Poison,
21742,25365,Weapon,Knife,
21743,25367,Weapon,Blunt Object,
21744,25368,Weapon,Poison,
21745,25369,Weapon,Explosives,
21746,25370,Weapon,Other,
21747,25371,Weapon,Other,
21748,25372,Weapon,Firearm,
21749,25373,Weapon,Explosives,
21750,25374,Weapon,Poison,
21751,25375,Weapon,Knife,
21752,25376,Weapon,Explosives,
21753,25377,Weapon,Firearm,
21754,25378,Weapon,Knife,
21755,25379,Weapon,Explosives,
21756,25381,Weapon,Blunt Object,
21757,25382,Weapon,Blunt Object,
21758,25383,Weapon,Firearm,
21759,25384,Weapon,Other,
21760,25385,Weapon,Firearm,
21761,25388,Weapon,Blunt Object,
21762,25389,Weapon,Other,
21763,25390,Weapon,Poison,
21764,25391,Weapon,Poison,
21765,25393,Weapon,Blunt Object,
21766,25394,Weapon,Firearm,
21767,25395,Weapon,Other,
21768,25396,Weapon,Other,
21769,25397,Weapon,Blunt Object,
21770,25399,Weapon,Other,
21771,25401,Weapon,Explosives,
21772,25402,Weapon,Other,
21773,25403,Weapon,Firearm,
21774,25405,Weapon,Explosives,
21775,25406,Weapon,Firearm,
21776,25407,Weapon,Other,
21777,25408,Weapon,Knife,
21778,25409,Weapon,Firearm,
21779,25410,Weapon,Other,
21780,25411,Weapon,Firearm,
21781,25412,Weapon,Blunt Object,
21782,25413,Weapon,Explosives,
21783,25414,Weapon,Firearm,
21784,25415,Weapon,Explosives,
21785,25416,Weapon,Poison,
21786,25419,Weapon,Knife,
21787,25420,Weapon,Blunt Object,
21788,25421,Weapon,Firearm,
21789,25422,Weapon,Knife,
21790,25423,Weapon,Blunt Object,
21791,25424,Weapon,Explosives,
21792,25425,Weapon,Poison,
21793,25426,Weapon,Knife,
21794,25428,Weapon,Blunt Object,
21795,25429,Weapon,Other,
21796,25430,Weapon,Explosives,
21797,25431,Weapon,Poison,
21798,25432,Weapon,Blunt Object,
21799,25433,Weapon,Firearm,
21800,25435,Weapon,Poison,
21801,25436,Weapon,Other,
21802,25438,Weapon,Poison,
21803,25439,Weapon,Blunt Object,
21804,25440,Weapon,Explosives,
21805,25441,Weapon,Explosives,
21806,25442,Weapon,Poison,
21807,25443,Weapon,Blunt Object,
21808,25444,Weapon,Poison,
21809,25446,Weapon,Poison,
21810,25447,Weapon,Other,
21811,25448,Weapon,Knife,
21812,25449,Weapon,Other,
21813,25450,Weapon,Poison,
21814,25451,Weapon,Explosives,
21815,25452,Weapon,Poison,
21816,25453,Weapon,Explosives,
21817,25454,Weapon,Other,
21818,25456,Weapon,Other,
21819,25457,Weapon,Other,
21820,25458,Weapon,Knife,
21821,25459,Weapon,Knife,
21822,25460,Weapon,Knife,
21823,25461,Weapon,Firearm,
21824,25464,Weapon,Other,
21825,25465,Weapon,Explosives,
21826,25466,Weapon,Knife,
21827,25467,Weapon,Poison,
21828,25468,Weapon,Other,
21829,25469,Weapon,Knife,
21830,25470,Weapon,Knife,
21831,25471,Weapon,Explosives,
21832,25472,Weapon,Blunt Object,
21833,25473,Weapon,Explosives,
21834,25474,Weapon,Poison,
21835,25476,Weapon,Knife,
21836,25477,Weapon,Explosives,
21837,25478,Weapon,Firearm,
21838,25479,Weapon,Knife,
21839,25480,Weapon,Knife,
21840,25481,Weapon,Firearm,
21841,25482,Weapon,Firearm,
21842,25483,Weapon,Blunt Object,
21843,25484,Weapon,Explosives,
21844,25485,Weapon,Firearm,
21845,25486,Weapon,Blunt Object,
21846,25488,Weapon,Firearm,
21847,25491,Weapon,Blunt Object,
21848,25492,Weapon,Blunt Object,
21849,25493,Weapon,Explosives,
21850,25494,Weapon,Firearm,
21851,25496,Weapon,Firearm,
21852,25497,Weapon,Blunt Object,
21853,25498,Weapon,Explosives,
21854,25499,Weapon,Poison,
21855,25502,Weapon,Blunt Object,
21856,25503,Weapon,Blunt Object,
21857,25504,Weapon,Knife,
21858,25505,Weapon,Poison,
21859,25506,Weapon,Other,
21860,25507,Weapon,Blunt Object,
21861,25508,Weapon,Blunt Object,
21862,25509,Weapon,Poison,
21863,25510,Weapon,Knife,
21864,25511,Weapon,Other,
21865,25512,Weapon,Poison,
21866,25513,Weapon,Firearm,
21867,25514,Weapon,Other,
21868,25515,Weapon,Poison,
21869,25516,Weapon,Other,
21870,25518,Weapon,Explosives,
21871,25519,Weapon,Blunt Object,
21872,25520,Weapon,Blunt Object,
21873,25521,Weapon,Poison,
21874,25522,Weapon,Poison,
21875,25523,Weapon,Explosives,
21876,25524,Weapon,Firearm,
21877,25525,Weapon,Knife,
21878,25526,Weapon,Firearm,
21879,25527,Weapon,Other,
21880,25528,Weapon,Blunt Object,
21881,25529,Weapon,Explosives,
21882,25530,Weapon,Blunt Object,
21883,25531,Weapon,Firearm,
21884,25532,Weapon,Other,
21885,25533,Weapon,Knife,
21886,25534,Weapon,Knife,
21887,25535,Weapon,Blunt Object,
21888,25536,Weapon,Explosives,
21889,25538,Weapon,Firearm,
21890,25539,Weapon,Blunt Object,
21891,25540,Weapon,Other,
21892,25541,Weapon,Poison,
21893,25542,Weapon,Explosives,
21894,25543,Weapon,Poison,
21895,25544,Weapon,Knife,
21896,25545,Weapon,Knife,
21897,25546,Weapon,Blunt Object,
21898,25550,Weapon,Explosives,
21899,25552,Weapon,Knife,
21900,25553,Weapon,Other,
21901,25554,Weapon,Knife,
21902,25555,Weapon,Explosives,
21903,25556,Weapon,Firearm,
21904,25558,Weapon,Poison,
21905,25559,Weapon,Poison,
21906,25561,Weapon,Blunt Object,
21907,25562,Weapon,Other,
21908,25565,Weapon,Explosives,
21909,25566,Weapon,Other,
21910,25567,Weapon,Blunt Object,
21911,25568,Weapon,Knife,
21912,25569,Weapon,Poison,
21913,25573,Weapon,Poison,
21914,25574,Weapon,Firearm,
21915,25575,Weapon,Poison,
21916,25576,Weapon,Other,
21917,25577,Weapon,Knife,
21918,25578,Weapon,Firearm,
21919,25579,Weapon,Firearm,
21920,25580,Weapon,Firearm,
21921,25581,Weapon,Explosives,
21922,25582,Weapon,Blunt Object,
21923,25584,Weapon,Explosives,
21924,25585,Weapon,Firearm,
21925,25586,Weapon,Firearm,
21926,25587,Weapon,Blunt Object,
21927,25588,Weapon,Other,
21928,25589,Weapon,Knife,
21929,25590,Weapon,Other,
21930,25591,Weapon,Poison,
21931,25593,Weapon,Blunt Object,
21932,25595,Weapon,Blunt Object,
21933,25596,Weapon,Other,
21934,25597,Weapon,Other,
21935,25599,Weapon,Knife,
21936,25600,Weapon,Blunt Object,
21937,25602,Weapon,Blunt Object,
21938,25603,Weapon,Explosives,
21939,25605,Weapon,Firearm,
21940,25606,Weapon,Blunt Object,
21941,25607,Weapon,Explosives,
21942,25608,Weapon,Blunt Object,
21943,25609,Weapon,Explosives,
21944,25610,Weapon,Knife,
21945,25611,Weapon,Blunt Object,
21946,25612,Weapon,Other,
21947,25614,Weapon,Knife,
21948,25615,Weapon,Other,
21949,25616,Weapon,Knife,
21950,25617,Weapon,Knife,
21951,25618,Weapon,Knife,
21952,25619,Weapon,Blunt Object,
21953,25620,Weapon,Knife,
21954,25621,Weapon,Blunt Object,
21955,25622,Weapon,Knife,
21956,25623,Weapon,Poison,
21957,25624,Weapon,Poison,
21958,25625,Weapon,Explosives,
21959,25626,Weapon,Explosives,
21960,25627,Weapon,Poison,
21961,25628,Weapon,Other,
21962,25629,Weapon,Explosives,
21963,25630,Weapon,Poison,
21964,25631,Weapon,Other,
21965,25632,Weapon,Poison,
21966,25634,Weapon,Poison,
21967,25635,Weapon,Other,
21968,25637,Weapon,Poison,
21969,25639,Weapon,Poison,
21970,25641,Weapon,Poison,
21971,25642,Weapon,Poison,
21972,25644,Weapon,Knife,
21973,25645,Weapon,Explosives,
21974,25646,Weapon,Blunt Object,
21975,25648,Weapon,Poison,
21976,25649,Weapon,Knife,
21977,25651,Weapon,Blunt Object,
21978,25653,Weapon,Blunt Object,
21979,25654,Weapon,Other,
21980,25655,Weapon,Poison,
21981,25656,Weapon,Firearm,
21982,25657,Weapon,Firearm,
21983,25658,Weapon,Knife,
21984,25659,Weapon,Blunt Object,
21985,25661,Weapon,Firearm,
21986,25662,Weapon,Blunt Object,
21987,25663,Weapon,Firearm,
21988,25664,Weapon,Poison,
21989,25665,Weapon,Blunt Object,
21990,25666,Weapon,Other,
21991,25667,Weapon,Explosives,
21992,25668,Weapon,Other,
21993,25669,Weapon,Knife,
21994,25670,Weapon,Knife,
21995,25671,Weapon,Blunt Object,
21996,25673,Weapon,Knife,
21997,25674,Weapon,Knife,
21998,25675,Weapon,Blunt Object,
21999,25676,Weapon,Knife,
22000,25677,Weapon,Other,
22001,25678,Weapon,Blunt Object,
22002,25679,Weapon,Blunt Object,
22003,25680,Weapon,Other,
22004,25681,Weapon,Knife,
22005,25683,Weapon,Blunt Object,
22006,25685,Weapon,Poison,
22007,25687,Weapon,Explosives,
22008,25688,Weapon,Other,
22009,25689,Weapon,Firearm,
22010,25690,Weapon,Blunt Object,
22011,25691,Weapon,Poison,
22012,25692,Weapon,Firearm,
22013,25693,Weapon,Blunt Object,
22014,25695,Weapon,Other,
22015,25696,Weapon,Other,
22016,25697,Weapon,Explosives,
22017,25698,Weapon,Knife,
22018,25699,Weapon,Explosives,
22019,25700,Weapon,Other,
22020,25701,Weapon,Explosives,
22021,25702,Weapon,Other,
22022,25703,Weapon,Poison,
22023,25704,Weapon,Firearm,
22024,25705,Weapon,Explosives,
22025,25707,Weapon,Explosives,
22026,25708,Weapon,Blunt Object,
22027,25709,Weapon,Knife,
22028,25710,Weapon,Other,
22029,25711,Weapon,Poison,
22030,25712,Weapon,Other,
22031,25714,Weapon,Poison,
22032,25715,Weapon,Other,
22033,25716,Weapon,Blunt Object,
22034,25717,Weapon,Poison,
22035,25719,Weapon,Other,
22036,25720,Weapon,Blunt Object,
22037,25721,Weapon,Blunt Object,
22038,25722,Weapon,Explosives,
22039,25723,Weapon,Other,
22040,25724,Weapon,Firearm,
22041,25725,Weapon,Knife,
22042,25726,Weapon,Other,
22043,25727,Weapon,Firearm,
22044,25728,Weapon,Knife,
22045,25729,Weapon,Poison,
22046,25731,Weapon,Blunt Object,
22047,25732,Weapon,Blunt Object,
22048,25733,Weapon,Knife,
22049,25734,Weapon,Firearm,
22050,25735,Weapon,Blunt Object,
22051,25736,Weapon,Blunt Object,
22052,25738,Weapon,Knife,
22053,25739,Weapon,Blunt Object,
22054,25740,Weapon,Knife,
22055,25742,Weapon,Firearm,
22056,25743,Weapon,Blunt Object,
22057,25744,Weapon,Firearm,
22058,25745,Weapon,Poison,
22059,25746,Weapon,Firearm,
22060,25747,Weapon,Blunt Object,
22061,25748,Weapon,Poison,
22062,25749,Weapon,Poison,
22063,25750,Weapon,Other,
22064,25752,Weapon,Knife,
22065,25753,Weapon,Other,
22066,25754,Weapon,Firearm,
22067,25755,Weapon,Firearm,
22068,25756,Weapon,Explosives,
22069,25757,Weapon,Explosives,
22070,25758,Weapon,Other,
22071,25759,Weapon,Other,
22072,25760,Weapon,Other,
22073,25761,Weapon,Explosives,
22074,25762,Weapon,Explosives,
22075,25763,Weapon,Firearm,
22076,25765,Weapon,Firearm,
22077,25766,Weapon,Firearm,
22078,25769,Weapon,Poison,
22079,25770,Weapon,Knife,
22080,25771,Weapon,Knife,
22081,25772,Weapon,Other,
22082,25773,Weapon,Blunt Object,
22083,25774,Weapon,Poison,
22084,25775,Weapon,Blunt Object,
22085,25776,Weapon,Poison,
22086,25777,Weapon,Other,
22087,25778,Weapon,Explosives,
22088,25779,Weapon,Blunt Object,
22089,25780,Weapon,Poison,
22090,25781,Weapon,Poison,
22091,25782,Weapon,Poison,
22092,25783,Weapon,Blunt Object,
22093,25784,Weapon,Other,
22094,25785,Weapon,Blunt Object,
22095,25787,Weapon,Explosives,
22096,25788,Weapon,Explosives,
22097,25789,Weapon,Other,
22098,25790,Weapon,Blunt Object,
22099,25791,Weapon,Firearm,
22100,25792,Weapon,Blunt Object,
22101,25793,Weapon,Knife,
22102,25795,Weapon,Other,
22103,25796,Weapon,Knife,
22104,25797,Weapon,Explosives,
22105,25798,Weapon,Blunt Object,
22106,25799,Weapon,Knife,
22107,25800,Weapon,Knife,
22108,25801,Weapon,Explosives,
22109,25803,Weapon,Poison,
22110,25804,Weapon,Firearm,
22111,25806,Weapon,Poison,
22112,25807,Weapon,Other,
22113,25808,Weapon,Firearm,
22114,25809,Weapon,Poison,
22115,25810,Weapon,Explosives,
22116,25811,Weapon,Other,
22117,25812,Weapon,Firearm,
22118,25813,Weapon,Other,
22119,25814,Weapon,Knife,
22120,25815,Weapon,Poison,
22121,25816,Weapon,Other,
22122,25817,Weapon,Explosives,
22123,25818,Weapon,Blunt Object,
22124,25819,Weapon,Blunt Object,
22125,25820,Weapon,Poison,
22126,25821,Weapon,Other,
22127,25822,Weapon,Poison,
22128,25823,Weapon,Explosives,
22129,25826,Weapon,Blunt Object,
22130,25827,Weapon,Explosives,
22131,25828,Weapon,Knife,
22132,25830,Weapon,Other,
22133,25831,Weapon,Knife,
22134,25832,Weapon,Knife,
22135,25833,Weapon,Poison,
22136,25834,Weapon,Poison,
22137,25836,Weapon,Explosives,
22138,25837,Weapon,Explosives,
22139,25838,Weapon,Other,
22140,25839,Weapon,Knife,
22141,25841,Weapon,Blunt Object,
22142,25842,Weapon,Knife,
22143,25843,Weapon,Explosives,
22144,25844,Weapon,Blunt Object,
22145,25845,Weapon,Blunt Object,
22146,25846,Weapon,Firearm,
22147,25848,Weapon,Poison,
22148,25849,Weapon,Firearm,
22149,25850,Weapon,Knife,
22150,25851,Weapon,Explosives,
22151,25853,Weapon,Knife,
22152,25854,Weapon,Firearm,
22153,25856,Weapon,Blunt Object,
22154,25857,Weapon,Other,
22155,25858,Weapon,Poison,
22156,25859,Weapon,Knife,
22157,25860,Weapon,Other,
22158,25863,Weapon,Explosives,
22159,25864,Weapon,Explosives,
22160,25865,Weapon,Blunt Object,
22161,25866,Weapon,Knife,
22162,25867,Weapon,Poison,
22163,25868,Weapon,Other,
22164,25870,Weapon,Other,
22165,25871,Weapon,Other,
22166,25872,Weapon,Firearm,
22167,25874,Weapon,Firearm,
22168,25875,Weapon,Firearm,
22169,25876,Weapon,Poison,
22170,25877,Weapon,Knife,
22171,25878,Weapon,Other,
22172,25879,Weapon,Other,
22173,25881,Weapon,Poison,
22174,25882,Weapon,Other,
22175,25883,Weapon,Knife,
22176,25884,Weapon,Explosives,
22177,25886,Weapon,Poison,
22178,25888,Weapon,Knife,
22179,25889,Weapon,Poison,
22180,25890,Weapon,Blunt Object,
22181,25891,Weapon,Blunt Object,
22182,25892,Weapon,Explosives,
22183,25893,Weapon,Blunt Object,
22184,25894,Weapon,Knife,
22185,25895,Weapon,Explosives,
22186,25896,Weapon,Knife,
22187,25897,Weapon,Firearm,
22188,25898,Weapon,Firearm,
22189,25899,Weapon,Firearm,
22190,25900,Weapon,Blunt Object,
22191,25901,Weapon,Other,
22192,25902,Weapon,Poison,
22193,25903,Weapon,Knife,
22194,25904,Weapon,Firearm,
22195,25905,Weapon,Explosives,
22196,25906,Weapon,Blunt Object,
22197,25908,Weapon,Firearm,
22198,25909,Weapon,Knife,
22199,25910,Weapon,Explosives,
22200,25911,Weapon,Firearm,
22201,25912,Weapon,Explosives,
22202,25913,Weapon,Firearm,
22203,25914,Weapon,Other,
22204,25916,Weapon,Other,
22205,25917,Weapon,Other,
22206,25918,Weapon,Other,
22207,25919,Weapon,Firearm,
22208,25920,Weapon,Firearm,
22209,25923,Weapon,Knife,
22210,25924,Weapon,Knife,
22211,25926,Weapon,Blunt Object,
22212,25927,Weapon,Knife,
22213,25928,Weapon,Knife,
22214,25929,Weapon,Knife,
22215,25930,Weapon,Blunt Object,
22216,25931,Weapon,Firearm,
22217,25932,Weapon,Other,
22218,25933,Weapon,Poison,
22219,25935,Weapon,Poison,
22220,25937,Weapon,Poison,
22221,25941,Weapon,Poison,
22222,25942,Weapon,Blunt Object,
22223,25945,Weapon,Explosives,
22224,25946,Weapon,Other,
22225,25947,Weapon,Explosives,
22226,25948,Weapon,Poison,
22227,25949,Weapon,Firearm,
22228,25950,Weapon,Knife,
22229,25951,Weapon,Blunt Object,
22230,25954,Weapon,Other,
22231,25956,Weapon,Explosives,
22232,25957,Weapon,Poison,
22233,25959,Weapon,Explosives,
22234,25960,Weapon,Knife,
22235,25961,Weapon,Explosives,
22236,25962,Weapon,Other,
22237,25963,Weapon,Knife,
22238,25964,Weapon,Explosives,
22239,25965,Weapon,Blunt Object,
22240,25966,Weapon,Firearm,
22241,25967,Weapon,Firearm,
22242,25968,Weapon,Other,
22243,25969,Weapon,Poison,
22244,25970,Weapon,Other,
22245,25972,Weapon,Blunt Object,
22246,25973,Weapon,Knife,
22247,25974,Weapon,Firearm,
22248,25975,Weapon,Poison,
22249,25976,Weapon,Explosives,
22250,25977,Weapon,Knife,
22251,25981,Weapon,Blunt Object,
22252,25982,Weapon,Firearm,
22253,25983,Weapon,Poison,
22254,25984,Weapon,Other,
22255,25985,Weapon,Blunt Object,
22256,25987,Weapon,Other,
22257,25988,Weapon,Firearm,
22258,25989,Weapon,Firearm,
22259,25991,Weapon,Knife,
22260,25992,Weapon,Firearm,
22261,25994,Weapon,Firearm,
22262,25995,Weapon,Firearm,
22263,25996,Weapon,Other,
22264,25997,Weapon,Explosives,
22265,25998,Weapon,Knife,
22266,25999,Weapon,Explosives,
22267,26001,Weapon,Poison,
22268,26006,Weapon,Knife,
22269,26008,Weapon,Other,
22270,26009,Weapon,Explosives,
22271,26010,Weapon,Poison,
22272,26011,Weapon,Blunt Object,
22273,26012,Weapon,Blunt Object,
22274,26014,Weapon,Knife,
22275,26015,Weapon,Knife,
22276,26016,Weapon,Explosives,
22277,26018,Weapon,Other,
22278,26019,Weapon,Knife,
22279,26020,Weapon,Firearm,
22280,26021,Weapon,Blunt Object,
22281,26022,Weapon,Blunt Object,
22282,26023,Weapon,Firearm,
22283,26024,Weapon,Other,
22284,26026,Weapon,Other,
22285,26027,Weapon,Poison,
22286,26028,Weapon,Poison,
22287,26029,Weapon,Knife,
22288,26030,Weapon,Explosives,
22289,26031,Weapon,Explosives,
22290,26032,Weapon,Blunt Object,
22291,26033,Weapon,Poison,
22292,26034,Weapon,Firearm,
22293,26035,Weapon,Firearm,
22294,26036,Weapon,Blunt Object,
22295,26037,Weapon,Blunt Object,
22296,26038,Weapon,Blunt Object,
22297,26040,Weapon,Other,
22298,26041,Weapon,Firearm,
22299,26042,Weapon,Knife,
22300,26043,Weapon,Firearm,
22301,26044,Weapon,Blunt Object,
22302,26045,Weapon,Blunt Object,
22303,26046,Weapon,Other,
22304,26047,Weapon,Explosives,
22305,26048,Weapon,Knife,
22306,26049,Weapon,Knife,
22307,26050,Weapon,Explosives,
22308,26051,Weapon,Blunt Object,
22309,26052,Weapon,Explosives,
22310,26053,Weapon,Poison,
22311,26054,Weapon,Blunt Object,
22312,26055,Weapon,Explosives,
22313,26057,Weapon,Firearm,
22314,26059,Weapon,Poison,
22315,26060,Weapon,Explosives,
22316,26065,Weapon,Knife,
22317,26066,Weapon,Knife,
22318,26067,Weapon,Knife,
22319,26068,Weapon,Explosives,
22320,26069,Weapon,Other,
22321,26071,Weapon,Explosives,
22322,26072,Weapon,Explosives,
22323,26073,Weapon,Poison,
22324,26074,Weapon,Poison,
22325,26075,Weapon,Explosives,
22326,26076,Weapon,Blunt Object,
22327,26078,Weapon,Firearm,
22328,26079,Weapon,Other,
22329,26080,Weapon,Firearm,
22330,26081,Weapon,Blunt Object,
22331,26082,Weapon,Knife,
22332,26083,Weapon,Poison,
22333,26084,Weapon,Blunt Object,
22334,26085,Weapon,Explosives,
22335,26086,Weapon,Blunt Object,
22336,26087,Weapon,Other,
22337,26088,Weapon,Poison,
22338,26089,Weapon,Poison,
22339,26090,Weapon,Other,
22340,26091,Weapon,Explosives,
22341,26092,Weapon,Firearm,
22342,26093,Weapon,Other,
22343,26094,Weapon,Firearm,
22344,26096,Weapon,Knife,
22345,26099,Weapon,Other,
22346,26100,Weapon,Other,
22347,26101,Weapon,Firearm,
22348,26102,Weapon,Blunt Object,
22349,26103,Weapon,Other,
22350,26104,Weapon,Blunt Object,
22351,26105,Weapon,Blunt Object,
22352,26106,Weapon,Other,
22353,26107,Weapon,Other,
22354,26109,Weapon,Firearm,
22355,26110,Weapon,Explosives,
22356,26111,Weapon,Blunt Object,
22357,26112,Weapon,Firearm,
22358,26113,Weapon,Poison,
22359,26114,Weapon,Firearm,
22360,26115,Weapon,Firearm,
22361,26117,Weapon,Firearm,
22362,26118,Weapon,Knife,
22363,26119,Weapon,Other,
22364,26120,Weapon,Blunt Object,
22365,26121,Weapon,Blunt Object,
22366,26123,Weapon,Explosives,
22367,26124,Weapon,Blunt Object,
22368,26125,Weapon,Blunt Object,
22369,26126,Weapon,Knife,
22370,26127,Weapon,Explosives,
22371,26128,Weapon,Knife,
22372,26129,Weapon,Poison,
22373,26131,Weapon,Firearm,
22374,26133,Weapon,Explosives,
22375,26134,Weapon,Other,
22376,26136,Weapon,Firearm,
22377,26137,Weapon,Other,
22378,26138,Weapon,Blunt Object,
22379,26139,Weapon,Firearm,
22380,26140,Weapon,Knife,
22381,26141,Weapon,Explosives,
22382,26142,Weapon,Other,
22383,26143,Weapon,Knife,
22384,26144,Weapon,Firearm,
22385,26145,Weapon,Other,
22386,26146,Weapon,Explosives,
22387,26147,Weapon,Knife,
22388,26148,Weapon,Explosives,
22389,26149,Weapon,Firearm,
22390,26150,Weapon,Firearm,
22391,26151,Weapon,Poison,
22392,26152,Weapon,Poison,
22393,26153,Weapon,Knife,
22394,26155,Weapon,Poison,
22395,26157,Weapon,Explosives,
22396,26158,Weapon,Firearm,
22397,26160,Weapon,Blunt Object,
22398,26162,Weapon,Blunt Object,
22399,26164,Weapon,Firearm,
22400,26166,Weapon,Other,
22401,26168,Weapon,Explosives,
22402,26170,Weapon,Firearm,
22403,26171,Weapon,Firearm,
22404,26172,Weapon,Blunt Object,
22405,26176,Weapon,Poison,
22406,26177,Weapon,Other,
22407,26184,Weapon,Poison,
22408,26185,Weapon,Firearm,
22409,26186,Weapon,Poison,
22410,26187,Weapon,Knife,
22411,26189,Weapon,Knife,
22412,26190,Weapon,Other,
22413,26191,Weapon,Explosives,
22414,26193,Weapon,Other,
22415,26194,Weapon,Blunt Object,
22416,26195,Weapon,Firearm,
22417,26196,Weapon,Other,
22418,26197,Weapon,Other,
22419,26198,Weapon,Knife,
22420,26199,Weapon,Firearm,
22421,26200,Weapon,Firearm,
22422,26201,Weapon,Blunt Object,
22423,26202,Weapon,Knife,
22424,26203,Weapon,Blunt Object,
22425,26204,Weapon,Firearm,
22426,26205,Weapon,Other,
22427,26206,Weapon,Firearm,
22428,26207,Weapon,Other,
22429,26208,Weapon,Explosives,
22430,26209,Weapon,Firearm,
22431,26210,Weapon,Firearm,
22432,26211,Weapon,Knife,
22433,26212,Weapon,Blunt Object,
22434,26213,Weapon,Blunt Object,
22435,26217,Weapon,Poison,
22436,26218,Weapon,Firearm,
22437,26219,Weapon,Other,
22438,26220,Weapon,Other,
22439,26221,Weapon,Firearm,
22440,26223,Weapon,Blunt Object,
22441,26224,Weapon,Explosives,
22442,26225,Weapon,Poison,
22443,26226,Weapon,Other,
22444,26227,Weapon,Firearm,
22445,26228,Weapon,Poison,
22446,26229,Weapon,Explosives,
22447,26230,Weapon,Other,
22448,26231,Weapon,Explosives,
22449,26232,Weapon,Knife,
22450,26233,Weapon,Knife,
22451,26234,Weapon,Explosives,
22452,26235,Weapon,Blunt Object,
22453,26236,Weapon,Poison,
22454,26237,Weapon,Poison,
22455,26238,Weapon,Blunt Object,
22456,26240,Weapon,Other,
22457,26241,Weapon,Knife,
22458,26242,Weapon,Knife,
22459,26243,Weapon,Other,
22460,26244,Weapon,Firearm,
22461,26245,Weapon,Knife,
22462,26247,Weapon,Firearm,
22463,26248,Weapon,Firearm,
22464,26249,Weapon,Other,
22465,26250,Weapon,Poison,
22466,26251,Weapon,Other,
22467,26253,Weapon,Poison,
22468,26254,Weapon,Poison,
22469,26255,Weapon,Other,
22470,26256,Weapon,Firearm,
22471,26257,Weapon,Explosives,
22472,26258,Weapon,Other,
22473,26259,Weapon,Blunt Object,
22474,26260,Weapon,Poison,
22475,26261,Weapon,Explosives,
22476,26264,Weapon,Poison,
22477,26266,Weapon,Knife,
22478,26267,Weapon,Firearm,
22479,26268,Weapon,Poison,
22480,26269,Weapon,Other,
22481,26270,Weapon,Other,
22482,26271,Weapon,Other,
22483,26272,Weapon,Knife,
22484,26273,Weapon,Poison,
22485,26274,Weapon,Poison,
22486,26275,Weapon,Firearm,
22487,26278,Weapon,Other,
22488,26279,Weapon,Knife,
22489,26280,Weapon,Other,
22490,26281,Weapon,Other,
22491,26284,Weapon,Firearm,
22492,26285,Weapon,Other,
22493,26286,Weapon,Explosives,
22494,26287,Weapon,Blunt Object,
22495,26288,Weapon,Other,
22496,26289,Weapon,Firearm,
22497,26290,Weapon,Poison,
22498,26291,Weapon,Blunt Object,
22499,26292,Weapon,Other,
22500,26293,Weapon,Blunt Object,
22501,26294,Weapon,Other,
22502,26295,Weapon,Firearm,
22503,26296,Weapon,Poison,
22504,26297,Weapon,Explosives,
22505,26298,Weapon,Other,
22506,26299,Weapon,Knife,
22507,26300,Weapon,Blunt Object,
22508,26301,Weapon,Knife,
22509,26302,Weapon,Knife,
22510,26303,Weapon,Knife,
22511,26304,Weapon,Knife,
22512,26305,Weapon,Firearm,
22513,26306,Weapon,Knife,
22514,26307,Weapon,Blunt Object,
22515,26308,Weapon,Knife,
22516,26309,Weapon,Blunt Object,
22517,26310,Weapon,Explosives,
22518,26312,Weapon,Firearm,
22519,26313,Weapon,Knife,
22520,26314,Weapon,Blunt Object,
22521,26315,Weapon,Blunt Object,
22522,26316,Weapon,Knife,
22523,26317,Weapon,Firearm,
22524,26318,Weapon,Other,
22525,26319,Weapon,Explosives,
22526,26320,Weapon,Firearm,
22527,26321,Weapon,Explosives,
22528,26322,Weapon,Poison,
22529,26324,Weapon,Firearm,
22530,26325,Weapon,Knife,
22531,26326,Weapon,Poison,
22532,26327,Weapon,Poison,
22533,26328,Weapon,Other,
22534,26329,Weapon,Blunt Object,
22535,26330,Weapon,Firearm,
22536,26331,Weapon,Explosives,
22537,26332,Weapon,Firearm,
22538,26333,Weapon,Blunt Object,
22539,26334,Weapon,Firearm,
22540,26335,Weapon,Blunt Object,
22541,26336,Weapon,Poison,
22542,26337,Weapon,Other,
22543,26338,Weapon,Blunt Object,
22544,26339,Weapon,Knife,
22545,26340,Weapon,Blunt Object,
22546,26341,Weapon,Firearm,
22547,26342,Weapon,Knife,
22548,26343,Weapon,Blunt Object,
22549,26344,Weapon,Firearm,
22550,26345,Weapon,Explosives,
22551,26346,Weapon,Explosives,
22552,26347,Weapon,Other,
22553,26349,Weapon,Blunt Object,
22554,26350,Weapon,Other,
22555,26352,Weapon,Blunt Object,
22556,26353,Weapon,Poison,
22557,26354,Weapon,Other,
22558,26355,Weapon,Explosives,
22559,26356,Weapon,Explosives,
22560,26358,Weapon,Knife,
22561,26359,Weapon,Firearm,
22562,26360,Weapon,Blunt Object,
22563,26361,Weapon,Poison,
22564,26362,Weapon,Blunt Object,
22565,26363,Weapon,Blunt Object,
22566,26364,Weapon,Firearm,
22567,26365,Weapon,Blunt Object,
22568,26366,Weapon,Knife,
22569,26367,Weapon,Knife,
22570,26368,Weapon,Other,
22571,26369,Weapon,Knife,
22572,26370,Weapon,Firearm,
22573,26371,Weapon,Explosives,
22574,26372,Weapon,Blunt Object,
22575,26373,Weapon,Blunt Object,
22576,26374,Weapon,Other,
22577,26375,Weapon,Explosives,
22578,26376,Weapon,Explosives,
22579,26377,Weapon,Knife,
22580,26378,Weapon,Knife,
22581,26381,Weapon,Blunt Object,
22582,26382,Weapon,Poison,
22583,26383,Weapon,Firearm,
22584,26386,Weapon,Other,
22585,26387,Weapon,Other,
22586,26388,Weapon,Other,
22587,26389,Weapon,Knife,
22588,26391,Weapon,Other,
22589,26393,Weapon,Knife,
22590,26394,Weapon,Poison,
22591,26395,Weapon,Explosives,
22592,26396,Weapon,Explosives,
22593,26397,Weapon,Knife,
22594,26399,Weapon,Explosives,
22595,26400,Weapon,Knife,
22596,26401,Weapon,Other,
22597,26402,Weapon,Poison,
22598,26403,Weapon,Explosives,
22599,26404,Weapon,Poison,
22600,26405,Weapon,Explosives,
22601,26406,Weapon,Firearm,
22602,26407,Weapon,Other,
22603,26409,Weapon,Blunt Object,
22604,26411,Weapon,Other,
22605,26412,Weapon,Blunt Object,
22606,26414,Weapon,Other,
22607,26415,Weapon,Knife,
22608,26416,Weapon,Firearm,
22609,26417,Weapon,Knife,
22610,26418,Weapon,Knife,
22611,26419,Weapon,Other,
22612,26420,Weapon,Knife,
22613,26421,Weapon,Poison,
22614,26422,Weapon,Blunt Object,
22615,26424,Weapon,Explosives,
22616,26425,Weapon,Blunt Object,
22617,26426,Weapon,Blunt Object,
22618,26427,Weapon,Poison,
22619,26428,Weapon,Poison,
22620,26429,Weapon,Knife,
22621,26430,Weapon,Other,
22622,26432,Weapon,Poison,
22623,26433,Weapon,Blunt Object,
22624,26434,Weapon,Knife,
22625,26435,Weapon,Explosives,
22626,26436,Weapon,Explosives,
22627,26437,Weapon,Blunt Object,
22628,26438,Weapon,Poison,
22629,26440,Weapon,Knife,
22630,26441,Weapon,Explosives,
22631,26442,Weapon,Firearm,
22632,26443,Weapon,Poison,
22633,26444,Weapon,Other,
22634,26445,Weapon,Poison,
22635,26446,Weapon,Poison,
22636,26447,Weapon,Poison,
22637,26448,Weapon,Knife,
22638,26449,Weapon,Firearm,
22639,26450,Weapon,Knife,
22640,26451,Weapon,Other,
22641,26453,Weapon,Firearm,
22642,26454,Weapon,Knife,
22643,26455,Weapon,Explosives,
22644,26456,Weapon,Explosives,
22645,26458,Weapon,Other,
22646,26460,Weapon,Firearm,
22647,26461,Weapon,Knife,
22648,26462,Weapon,Other,
22649,26463,Weapon,Blunt Object,
22650,26464,Weapon,Blunt Object,
22651,26465,Weapon,Other,
22652,26466,Weapon,Firearm,
22653,26467,Weapon,Blunt Object,
22654,26468,Weapon,Firearm,
22655,26469,Weapon,Explosives,
22656,26470,Weapon,Poison,
22657,26471,Weapon,Knife,
22658,26472,Weapon,Firearm,
22659,26473,Weapon,Knife,
22660,26474,Weapon,Other,
22661,26478,Weapon,Explosives,
22662,26480,Weapon,Firearm,
22663,26481,Weapon,Blunt Object,
22664,26482,Weapon,Poison,
22665,26483,Weapon,Knife,
22666,26484,Weapon,Explosives,
22667,26485,Weapon,Blunt Object,
22668,26486,Weapon,Firearm,
22669,26487,Weapon,Explosives,
22670,26488,Weapon,Firearm,
22671,26489,Weapon,Knife,
22672,26491,Weapon,Firearm,
22673,26492,Weapon,Other,
22674,26493,Weapon,Explosives,
22675,26494,Weapon,Explosives,
22676,26495,Weapon,Other,
22677,26497,Weapon,Firearm,
22678,26498,Weapon,Explosives,
22679,26499,Weapon,Other,
22680,26500,Weapon,Blunt Object,
22681,26501,Weapon,Blunt Object,
22682,26502,Weapon,Firearm,
22683,26503,Weapon,Explosives,
22684,26504,Weapon,Other,
22685,26505,Weapon,Other,
22686,26506,Weapon,Poison,
22687,26507,Weapon,Firearm,
22688,26508,Weapon,Explosives,
22689,26509,Weapon,Blunt Object,
22690,26510,Weapon,Other,
22691,26511,Weapon,Knife,
22692,26512,Weapon,Poison,
22693,26514,Weapon,Poison,
22694,26515,Weapon,Blunt Object,
22695,26516,Weapon,Other,
22696,26517,Weapon,Firearm,
22697,26518,Weapon,Other,
22698,26519,Weapon,Poison,
22699,26520,Weapon,Explosives,
22700,26522,Weapon,Explosives,
22701,26524,Weapon,Blunt Object,
22702,26525,Weapon,Knife,
22703,26526,Weapon,Knife,
22704,26527,Weapon,Firearm,
22705,26528,Weapon,Knife,
22706,26529,Weapon,Explosives,
22707,26531,Weapon,Knife,
22708,26532,Weapon,Firearm,
22709,26533,Weapon,Explosives,
22710,26534,Weapon,Poison,
22711,26535,Weapon,Explosives,
22712,26536,Weapon,Explosives,
22713,26537,Weapon,Blunt Object,
22714,26538,Weapon,Knife,
22715,26540,Weapon,Firearm,
22716,26541,Weapon,Blunt Object,
22717,26542,Weapon,Knife,
22718,26543,Weapon,Other,
22719,26545,Weapon,Firearm,
22720,26546,Weapon,Knife,
22721,26547,Weapon,Knife,
22722,26548,Weapon,Blunt Object,
22723,26549,Weapon,Knife,
22724,26550,Weapon,Poison,
22725,26551,Weapon,Poison,
22726,26552,Weapon,Poison,
22727,26553,Weapon,Blunt Object,
22728,26554,Weapon,Poison,
22729,26555,Weapon,Explosives,
22730,26556,Weapon,Explosives,
22731,26557,Weapon,Other,
22732,26558,Weapon,Poison,
22733,26560,Weapon,Knife,
22734,26561,Weapon,Knife,
22735,26562,Weapon,Explosives,
22736,26564,Weapon,Explosives,
22737,26565,Weapon,Other,
22738,26566,Weapon,Blunt Object,
22739,26567,Weapon,Blunt Object,
22740,26568,Weapon,Other,
22741,26569,Weapon,Blunt Object,
22742,26570,Weapon,Blunt Object,
22743,26571,Weapon,Firearm,
22744,26572,Weapon,Poison,
22745,26573,Weapon,Poison,
22746,26574,Weapon,Poison,
22747,26575,Weapon,Poison,
22748,26576,Weapon,Firearm,
22749,26577,Weapon,Firearm,
22750,26580,Weapon,Blunt Object,
22751,26581,Weapon,Firearm,
22752,26582,Weapon,Knife,
22753,26583,Weapon,Knife,
22754,26584,Weapon,Other,
22755,26585,Weapon,Explosives,
22756,26586,Weapon,Poison,
22757,26587,Weapon,Explosives,
22758,26588,Weapon,Blunt Object,
22759,26589,Weapon,Firearm,
22760,26590,Weapon,Firearm,
22761,26591,Weapon,Firearm,
22762,26592,Weapon,Knife,
22763,26593,Weapon,Blunt Object,
22764,26594,Weapon,Firearm,
22765,26596,Weapon,Knife,
22766,26597,Weapon,Explosives,
22767,26598,Weapon,Firearm,
22768,26599,Weapon,Other,
22769,26601,Weapon,Other,
22770,26602,Weapon,Knife,
22771,26603,Weapon,Firearm,
22772,26605,Weapon,Blunt Object,
22773,26606,Weapon,Blunt Object,
22774,26607,Weapon,Firearm,
22775,26608,Weapon,Firearm,
22776,26609,Weapon,Knife,
22777,26611,Weapon,Blunt Object,
22778,26612,Weapon,Blunt Object,
22779,26613,Weapon,Explosives,
22780,26614,Weapon,Other,
22781,26615,Weapon,Knife,
22782,26616,Weapon,Knife,
22783,26617,Weapon,Explosives,
22784,26618,Weapon,Poison,
22785,26620,Weapon,Blunt Object,
22786,26622,Weapon,Poison,
22787,26623,Weapon,Poison,
22788,26624,Weapon,Firearm,
22789,26625,Weapon,Explosives,
22790,26626,Weapon,Knife,
22791,26627,Weapon,Other,
22792,26628,Weapon,Poison,
22793,26629,Weapon,Knife,
22794,26630,Weapon,Knife,
22795,26634,Weapon,Firearm,
22796,26635,Weapon,Other,
22797,26636,Weapon,Firearm,
22798,26637,Weapon,Explosives,
22799,26638,Weapon,Other,
22800,26639,Weapon,Blunt Object,
22801,26640,Weapon,Explosives,
22802,26641,Weapon,Knife,
22803,26642,Weapon,Knife,
22804,26643,Weapon,Explosives,
22805,26644,Weapon,Blunt Object,
22806,26645,Weapon,Firearm,
22807,26646,Weapon,Blunt Object,
22808,26647,Weapon,Firearm,
22809,26648,Weapon,Other,
22810,26649,Weapon,Other,
22811,26650,Weapon,Firearm,
22812,26651,Weapon,Other,
22813,26653,Weapon,Blunt Object,
22814,26654,Weapon,Other,
22815,26655,Weapon,Other,
22816,26656,Weapon,Firearm,
22817,26657,Weapon,Knife,
22818,26658,Weapon,Other,
22819,26659,Weapon,Explosives,
22820,26660,Weapon,Explosives,
22821,26661,Weapon,Firearm,
22822,26662,Weapon,Explosives,
22823,26663,Weapon,Knife,
22824,26664,Weapon,Explosives,
22825,26666,Weapon,Blunt Object,
22826,26667,Weapon,Other,
22827,26669,Weapon,Blunt Object,
22828,26670,Weapon,Explosives,
22829,26671,Weapon,Blunt Object,
22830,26672,Weapon,Knife,
22831,26673,Weapon,Explosives,
22832,26674,Weapon,Explosives,
22833,26675,Weapon,Other,
22834,26676,Weapon,Explosives,
22835,26677,Weapon,Firearm,
22836,26678,Weapon,Explosives,
22837,26679,Weapon,Poison,
22838,26680,Weapon,Other,
22839,26681,Weapon,Blunt Object,
22840,26682,Weapon,Blunt Object,
22841,26683,Weapon,Explosives,
22842,26684,Weapon,Other,
22843,26685,Weapon,Knife,
22844,26686,Weapon,Firearm,
22845,26687,Weapon,Blunt Object,
22846,26688,Weapon,Blunt Object,
22847,26690,Weapon,Explosives,
22848,26691,Weapon,Firearm,
22849,26692,Weapon,Blunt Object,
22850,26693,Weapon,Knife,
22851,26694,Weapon,Poison,
22852,26695,Weapon,Knife,
22853,26696,Weapon,Blunt Object,
22854,26697,Weapon,Explosives,
22855,26698,Weapon,Firearm,
22856,26699,Weapon,Other,
22857,26700,Weapon,Blunt Object,
22858,26701,Weapon,Explosives,
22859,26702,Weapon,Blunt Object,
22860,26703,Weapon,Blunt Object,
22861,26704,Weapon,Explosives,
22862,26705,Weapon,Knife,
22863,26706,Weapon,Poison,
22864,26707,Weapon,Other,
22865,26708,Weapon,Explosives,
22866,26710,Weapon,Explosives,
22867,26711,Weapon,Other,
22868,26712,Weapon,Explosives,
22869,26713,Weapon,Firearm,
22870,26714,Weapon,Blunt Object,
22871,26715,Weapon,Other,
22872,26716,Weapon,Blunt Object,
22873,26719,Weapon,Poison,
22874,26720,Weapon,Other,
22875,26721,Weapon,Firearm,
22876,26722,Weapon,Poison,
22877,26724,Weapon,Explosives,
22878,26725,Weapon,Explosives,
22879,26726,Weapon,Blunt Object,
22880,26727,Weapon,Explosives,
22881,26728,Weapon,Knife,
22882,26729,Weapon,Explosives,
22883,26730,Weapon,Blunt Object,
22884,26731,Weapon,Blunt Object,
22885,26732,Weapon,Explosives,
22886,26733,Weapon,Firearm,
22887,26734,Weapon,Poison,
22888,26735,Weapon,Knife,
22889,26736,Weapon,Blunt Object,
22890,26738,Weapon,Explosives,
22891,26739,Weapon,Poison,
22892,26741,Weapon,Poison,
22893,26742,Weapon,Firearm,
22894,26743,Weapon,Other,
22895,26745,Weapon,Knife,
22896,26746,Weapon,Blunt Object,
22897,26747,Weapon,Knife,
22898,26748,Weapon,Blunt Object,
22899,26749,Weapon,Other,
22900,26750,Weapon,Other,
22901,26751,Weapon,Explosives,
22902,26752,Weapon,Other,
22903,26753,Weapon,Explosives,
22904,26754,Weapon,Explosives,
22905,26755,Weapon,Other,
22906,26756,Weapon,Blunt Object,
22907,26758,Weapon,Poison,
22908,26759,Weapon,Blunt Object,
22909,26760,Weapon,Firearm,
22910,26761,Weapon,Blunt Object,
22911,26762,Weapon,Blunt Object,
22912,26764,Weapon,Poison,
22913,26766,Weapon,Other,
22914,26767,Weapon,Explosives,
22915,26768,Weapon,Other,
22916,26769,Weapon,Poison,
22917,26770,Weapon,Other,
22918,26772,Weapon,Blunt Object,
22919,26773,Weapon,Explosives,
22920,26775,Weapon,Explosives,
22921,26776,Weapon,Blunt Object,
22922,26777,Weapon,Explosives,
22923,26778,Weapon,Explosives,
22924,26779,Weapon,Poison,
22925,26780,Weapon,Firearm,
22926,26781,Weapon,Explosives,
22927,26782,Weapon,Blunt Object,
22928,26783,Weapon,Blunt Object,
22929,26784,Weapon,Other,
22930,26785,Weapon,Firearm,
22931,26786,Weapon,Knife,
22932,26787,Weapon,Poison,
22933,26788,Weapon,Firearm,
22934,26789,Weapon,Explosives,
22935,26790,Weapon,Explosives,
22936,26791,Weapon,Other,
22937,26792,Weapon,Knife,
22938,26793,Weapon,Firearm,
22939,26794,Weapon,Explosives,
22940,26795,Weapon,Poison,
22941,26796,Weapon,Poison,
22942,26797,Weapon,Explosives,
22943,26798,Weapon,Other,
22944,26799,Weapon,Explosives,
22945,26800,Weapon,Knife,
22946,26801,Weapon,Explosives,
22947,26804,Weapon,Explosives,
22948,26805,Weapon,Poison,
22949,26807,Weapon,Knife,
22950,26809,Weapon,Other,
22951,26810,Weapon,Blunt Object,
22952,26811,Weapon,Other,
22953,26812,Weapon,Explosives,
22954,26813,Weapon,Explosives,
22955,26814,Weapon,Other,
22956,26815,Weapon,Firearm,
22957,26816,Weapon,Explosives,
22958,26817,Weapon,Knife,
22959,26818,Weapon,Poison,
22960,26819,Weapon,Blunt Object,
22961,26820,Weapon,Explosives,
22962,26821,Weapon,Blunt Object,
22963,26822,Weapon,Knife,
22964,26824,Weapon,Explosives,
22965,26825,Weapon,Other,
22966,26826,Weapon,Blunt Object,
22967,26828,Weapon,Other,
22968,26829,Weapon,Knife,
22969,26830,Weapon,Explosives,
22970,26832,Weapon,Other,
22971,26834,Weapon,Explosives,
22972,26835,Weapon,Firearm,
22973,26836,Weapon,Explosives,
22974,26837,Weapon,Other,
22975,26839,Weapon,Explosives,
22976,26840,Weapon,Knife,
22977,26841,Weapon,Other,
22978,26842,Weapon,Explosives,
22979,26843,Weapon,Knife,
22980,26844,Weapon,Explosives,
22981,26845,Weapon,Blunt Object,
22982,26848,Weapon,Firearm,
22983,26849,Weapon,Poison,
22984,26850,Weapon,Poison,
22985,26851,Weapon,Poison,
22986,26852,Weapon,Knife,
22987,26853,Weapon,Knife,
22988,26854,Weapon,Poison,
22989,26855,Weapon,Firearm,
22990,26856,Weapon,Other,
22991,26857,Weapon,Other,
22992,26858,Weapon,Blunt Object,
22993,26859,Weapon,Explosives,
22994,26860,Weapon,Explosives,
22995,26862,Weapon,Other,
22996,26863,Weapon,Other,
22997,26864,Weapon,Explosives,
22998,26865,Weapon,Firearm,
22999,26866,Weapon,Other,
23000,26867,Weapon,Knife,
23001,26868,Weapon,Other,
23002,26869,Weapon,Explosives,
23003,26870,Weapon,Poison,
23004,26871,Weapon,Knife,
23005,26872,Weapon,Knife,
23006,26874,Weapon,Blunt Object,
23007,26875,Weapon,Other,
23008,26876,Weapon,Blunt Object,
23009,26877,Weapon,Firearm,
23010,26878,Weapon,Firearm,
23011,26880,Weapon,Other,
23012,26881,Weapon,Firearm,
23013,26882,Weapon,Other,
23014,26883,Weapon,Blunt Object,
23015,26884,Weapon,Explosives,
23016,26885,Weapon,Firearm,
23017,26886,Weapon,Other,
23018,26887,Weapon,Firearm,
23019,26889,Weapon,Other,
23020,26890,Weapon,Other,
23021,26891,Weapon,Firearm,
23022,26894,Weapon,Explosives,
23023,26896,Weapon,Blunt Object,
23024,26898,Weapon,Poison,
23025,26899,Weapon,Poison,
23026,26900,Weapon,Poison,
23027,26901,Weapon,Blunt Object,
23028,26902,Weapon,Explosives,
23029,26903,Weapon,Knife,
23030,26904,Weapon,Explosives,
23031,26905,Weapon,Explosives,
23032,26906,Weapon,Firearm,
23033,26907,Weapon,Other,
23034,26908,Weapon,Blunt Object,
23035,26909,Weapon,Other,
23036,26910,Weapon,Firearm,
23037,26911,Weapon,Firearm,
23038,26912,Weapon,Firearm,
23039,26913,Weapon,Knife,
23040,26915,Weapon,Other,
23041,26917,Weapon,Knife,
23042,26918,Weapon,Blunt Object,
23043,26919,Weapon,Other,
23044,26920,Weapon,Explosives,
23045,26921,Weapon,Explosives,
23046,26922,Weapon,Poison,
23047,26923,Weapon,Knife,
23048,26924,Weapon,Other,
23049,26925,Weapon,Other,
23050,26926,Weapon,Blunt Object,
23051,26927,Weapon,Knife,
23052,26928,Weapon,Blunt Object,
23053,26929,Weapon,Other,
23054,26930,Weapon,Explosives,
23055,26931,Weapon,Other,
23056,26932,Weapon,Blunt Object,
23057,26933,Weapon,Other,
23058,26934,Weapon,Blunt Object,
23059,26935,Weapon,Blunt Object,
23060,26937,Weapon,Blunt Object,
23061,26938,Weapon,Poison,
23062,26939,Weapon,Poison,
23063,26940,Weapon,Blunt Object,
23064,26941,Weapon,Poison,
23065,26943,Weapon,Firearm,
23066,26944,Weapon,Blunt Object,
23067,26945,Weapon,Poison,
23068,26946,Weapon,Poison,
23069,26947,Weapon,Poison,
23070,26948,Weapon,Poison,
23071,26949,Weapon,Other,
23072,26951,Weapon,Poison,
23073,26952,Weapon,Knife,
23074,26953,Weapon,Knife,
23075,26954,Weapon,Blunt Object,
23076,26955,Weapon,Poison,
23077,26957,Weapon,Poison,
23078,26959,Weapon,Blunt Object,
23079,26960,Weapon,Explosives,
23080,26961,Weapon,Blunt Object,
23081,26962,Weapon,Explosives,
23082,26964,Weapon,Blunt Object,
23083,26965,Weapon,Firearm,
23084,26967,Weapon,Blunt Object,
23085,26968,Weapon,Other,
23086,26969,Weapon,Firearm,
23087,26970,Weapon,Explosives,
23088,26971,Weapon,Explosives,
23089,26973,Weapon,Other,
23090,26975,Weapon,Blunt Object,
23091,26977,Weapon,Other,
23092,26978,Weapon,Firearm,
23093,26979,Weapon,Blunt Object,
23094,26981,Weapon,Explosives,
23095,26982,Weapon,Poison,
23096,26983,Weapon,Blunt Object,
23097,26984,Weapon,Blunt Object,
23098,26985,Weapon,Explosives,
23099,26987,Weapon,Poison,
23100,26988,Weapon,Knife,
23101,26989,Weapon,Knife,
23102,26990,Weapon,Blunt Object,
23103,26991,Weapon,Firearm,
23104,26992,Weapon,Blunt Object,
23105,26993,Weapon,Other,
23106,26994,Weapon,Blunt Object,
23107,26995,Weapon,Other,
23108,26996,Weapon,Firearm,
23109,26997,Weapon,Blunt Object,
23110,26998,Weapon,Explosives,
23111,26999,Weapon,Other,
23112,27000,Weapon,Knife,
23113,27003,Weapon,Other,
23114,27005,Weapon,Knife,
23115,27006,Weapon,Other,
23116,27007,Weapon,Blunt Object,
23117,27008,Weapon,Poison,
23118,27009,Weapon,Other,
23119,27010,Weapon,Other,
23120,27011,Weapon,Poison,
23121,27012,Weapon,Knife,
23122,27013,Weapon,Other,
23123,27014,Weapon,Knife,
23124,27018,Weapon,Firearm,
23125,27019,Weapon,Other,
23126,27020,Weapon,Blunt Object,
23127,27021,Weapon,Other,
23128,27022,Weapon,Knife,
23129,27025,Weapon,Firearm,
23130,27026,Weapon,Explosives,
23131,27028,Weapon,Firearm,
23132,27029,Weapon,Knife,
23133,27030,Weapon,Knife,
23134,27031,Weapon,Explosives,
23135,27032,Weapon,Blunt Object,
23136,27033,Weapon,Poison,
23137,27034,Weapon,Explosives,
23138,27035,Weapon,Firearm,
23139,27036,Weapon,Explosives,
23140,27037,Weapon,Blunt Object,
23141,27038,Weapon,Poison,
23142,27039,Weapon,Other,
23143,27040,Weapon,Firearm,
23144,27041,Weapon,Other,
23145,27042,Weapon,Knife,
23146,27043,Weapon,Other,
23147,27044,Weapon,Poison,
23148,27045,Weapon,Knife,
23149,27046,Weapon,Firearm,
23150,27047,Weapon,Poison,
23151,27048,Weapon,Explosives,
23152,27049,Weapon,Poison,
23153,27050,Weapon,Firearm,
23154,27053,Weapon,Poison,
23155,27054,Weapon,Poison,
23156,27055,Weapon,Explosives,
23157,27056,Weapon,Blunt Object,
23158,27057,Weapon,Blunt Object,
23159,27059,Weapon,Blunt Object,
23160,27060,Weapon,Blunt Object,
23161,27061,Weapon,Poison,
23162,27062,Weapon,Poison,
23163,27063,Weapon,Poison,
23164,27066,Weapon,Poison,
23165,27067,Weapon,Blunt Object,
23166,27069,Weapon,Knife,
23167,27070,Weapon,Explosives,
23168,27071,Weapon,Poison,
23169,27072,Weapon,Other,
23170,27073,Weapon,Blunt Object,
23171,27074,Weapon,Knife,
23172,27075,Weapon,Poison,
23173,27076,Weapon,Blunt Object,
23174,27078,Weapon,Other,
23175,27079,Weapon,Other,
23176,27080,Weapon,Explosives,
23177,27081,Weapon,Knife,
23178,27083,Weapon,Blunt Object,
23179,27085,Weapon,Blunt Object,
23180,27086,Weapon,Firearm,
23181,27087,Weapon,Blunt Object,
23182,27088,Weapon,Explosives,
23183,27089,Weapon,Other,
23184,27091,Weapon,Other,
23185,27092,Weapon,Blunt Object,
23186,27093,Weapon,Poison,
23187,27095,Weapon,Explosives,
23188,27096,Weapon,Explosives,
23189,27097,Weapon,Blunt Object,
23190,27098,Weapon,Blunt Object,
23191,27099,Weapon,Firearm,
23192,27100,Weapon,Knife,
23193,27101,Weapon,Knife,
23194,27102,Weapon,Blunt Object,
23195,27103,Weapon,Knife,
23196,27104,Weapon,Other,
23197,27105,Weapon,Firearm,
23198,27106,Weapon,Blunt Object,
23199,27107,Weapon,Poison,
23200,27109,Weapon,Knife,
23201,27111,Weapon,Knife,
23202,27112,Weapon,Knife,
23203,27113,Weapon,Explosives,
23204,27114,Weapon,Other,
23205,27115,Weapon,Explosives,
23206,27116,Weapon,Knife,
23207,27117,Weapon,Firearm,
23208,27118,Weapon,Firearm,
23209,27119,Weapon,Other,
23210,27120,Weapon,Other,
23211,27121,Weapon,Other,
23212,27122,Weapon,Blunt Object,
23213,27123,Weapon,Firearm,
23214,27124,Weapon,Poison,
23215,27126,Weapon,Blunt Object,
23216,27128,Weapon,Other,
23217,27129,Weapon,Poison,
23218,27130,Weapon,Blunt Object,
23219,27131,Weapon,Poison,
23220,27132,Weapon,Other,
23221,27133,Weapon,Explosives,
23222,27134,Weapon,Knife,
23223,27135,Weapon,Poison,
23224,27136,Weapon,Explosives,
23225,27137,Weapon,Firearm,
23226,27138,Weapon,Poison,
23227,27139,Weapon,Knife,
23228,27140,Weapon,Firearm,
23229,27141,Weapon,Knife,
23230,27142,Weapon,Poison,
23231,27143,Weapon,Knife,
23232,27144,Weapon,Blunt Object,
23233,27146,Weapon,Poison,
23234,27147,Weapon,Explosives,
23235,27148,Weapon,Poison,
23236,27149,Weapon,Explosives,
23237,27150,Weapon,Other,
23238,27151,Weapon,Explosives,
23239,27152,Weapon,Other,
23240,27153,Weapon,Poison,
23241,27154,Weapon,Knife,
23242,27155,Weapon,Other,
23243,27156,Weapon,Explosives,
23244,27158,Weapon,Firearm,
23245,27159,Weapon,Explosives,
23246,27160,Weapon,Explosives,
23247,27162,Weapon,Other,
23248,27163,Weapon,Firearm,
23249,27164,Weapon,Other,
23250,27166,Weapon,Firearm,
23251,27167,Weapon,Blunt Object,
23252,27168,Weapon,Explosives,
23253,27170,Weapon,Blunt Object,
23254,27171,Weapon,Explosives,
23255,27172,Weapon,Other,
23256,27173,Weapon,Knife,
23257,27174,Weapon,Poison,
23258,27175,Weapon,Explosives,
23259,27176,Weapon,Other,
23260,27178,Weapon,Explosives,
23261,27179,Weapon,Explosives,
23262,27181,Weapon,Knife,
23263,27182,Weapon,Firearm,
23264,27183,Weapon,Blunt Object,
23265,27184,Weapon,Blunt Object,
23266,27185,Weapon,Firearm,
23267,27186,Weapon,Knife,
23268,27187,Weapon,Poison,
23269,27188,Weapon,Firearm,
23270,27189,Weapon,Other,
23271,27190,Weapon,Blunt Object,
23272,27191,Weapon,Poison,
23273,27192,Weapon,Other,
23274,27193,Weapon,Firearm,
23275,27194,Weapon,Firearm,
23276,27195,Weapon,Blunt Object,
23277,27196,Weapon,Poison,
23278,27197,Weapon,Firearm,
23279,27198,Weapon,Other,
23280,27199,Weapon,Other,
23281,27200,Weapon,Other,
23282,27201,Weapon,Blunt Object,
23283,27202,Weapon,Explosives,
23284,27203,Weapon,Firearm,
23285,27204,Weapon,Explosives,
23286,27206,Weapon,Blunt Object,
23287,27207,Weapon,Firearm,
23288,27208,Weapon,Other,
23289,27209,Weapon,Firearm,
23290,27210,Weapon,Firearm,
23291,27211,Weapon,Poison,
23292,27212,Weapon,Poison,
23293,27213,Weapon,Poison,
23294,27214,Weapon,Knife,
23295,27215,Weapon,Explosives,
23296,27217,Weapon,Blunt Object,
23297,27218,Weapon,Blunt Object,
23298,27219,Weapon,Blunt Object,
23299,27220,Weapon,Other,
23300,27221,Weapon,Poison,
23301,27222,Weapon,Knife,
23302,27223,Weapon,Knife,
23303,27224,Weapon,Knife,
23304,27226,Weapon,Explosives,
23305,27227,Weapon,Blunt Object,
23306,27228,Weapon,Knife,
23307,27229,Weapon,Firearm,
23308,27230,Weapon,Explosives,
23309,27232,Weapon,Explosives,
23310,27233,Weapon,Blunt Object,
23311,27234,Weapon,Blunt Object,
23312,27236,Weapon,Knife,
23313,27237,Weapon,Explosives,
23314,27238,Weapon,Explosives,
23315,27239,Weapon,Blunt Object,
23316,27240,Weapon,Firearm,
23317,27241,Weapon,Poison,
23318,27243,Weapon,Other,
23319,27244,Weapon,Firearm,
23320,27245,Weapon,Poison,
23321,27247,Weapon,Firearm,
23322,27250,Weapon,Poison,
23323,27251,Weapon,Explosives,
23324,27252,Weapon,Explosives,
23325,27253,Weapon,Poison,
23326,27254,Weapon,Blunt Object,
23327,27255,Weapon,Poison,
23328,27256,Weapon,Other,
23329,27257,Weapon,Other,
23330,27258,Weapon,Blunt Object,
23331,27259,Weapon,Firearm,
23332,27260,Weapon,Firearm,
23333,27261,Weapon,Other,
23334,27262,Weapon,Blunt Object,
23335,27263,Weapon,Other,
23336,27264,Weapon,Other,
23337,27265,Weapon,Blunt Object,
23338,27266,Weapon,Knife,
23339,27268,Weapon,Blunt Object,
23340,27270,Weapon,Poison,
23341,27271,Weapon,Poison,
23342,27272,Weapon,Poison,
23343,27274,Weapon,Poison,
23344,27276,Weapon,Knife,
23345,27277,Weapon,Blunt Object,
23346,27278,Weapon,Explosives,
23347,27279,Weapon,Poison,
23348,27280,Weapon,Explosives,
23349,27281,Weapon,Knife,
23350,27282,Weapon,Other,
23351,27283,Weapon,Blunt Object,
23352,27284,Weapon,Blunt Object,
23353,27285,Weapon,Other,
23354,27286,Weapon,Poison,
23355,27287,Weapon,Knife,
23356,27288,Weapon,Knife,
23357,27289,Weapon,Knife,
23358,27290,Weapon,Other,
23359,27291,Weapon,Firearm,
23360,27292,Weapon,Explosives,
23361,27293,Weapon,Explosives,
23362,27294,Weapon,Blunt Object,
23363,27295,Weapon,Other,
23364,27296,Weapon,Poison,
23365,27297,Weapon,Firearm,
23366,27299,Weapon,Knife,
23367,27300,Weapon,Firearm,
23368,27301,Weapon,Firearm,
23369,27302,Weapon,Blunt Object,
23370,27303,Weapon,Blunt Object,
23371,27304,Weapon,Explosives,
23372,27305,Weapon,Knife,
23373,27306,Weapon,Other,
23374,27307,Weapon,Firearm,
23375,27308,Weapon,Firearm,
23376,27309,Weapon,Explosives,
23377,27310,Weapon,Blunt Object,
23378,27311,Weapon,Explosives,
23379,27312,Weapon,Explosives,
23380,27313,Weapon,Firearm,
23381,27314,Weapon,Other,
23382,27315,Weapon,Other,
23383,27316,Weapon,Other,
23384,27317,Weapon,Explosives,
23385,27318,Weapon,Firearm,
23386,27319,Weapon,Poison,
23387,27322,Weapon,Knife,
23388,27323,Weapon,Poison,
23389,27324,Weapon,Other,
23390,27325,Weapon,Explosives,
23391,27326,Weapon,Knife,
23392,27327,Weapon,Blunt Object,
23393,27328,Weapon,Knife,
23394,27329,Weapon,Poison,
23395,27330,Weapon,Firearm,
23396,27332,Weapon,Explosives,
23397,27333,Weapon,Explosives,
23398,27335,Weapon,Knife,
23399,27336,Weapon,Poison,
23400,27337,Weapon,Firearm,
23401,27338,Weapon,Explosives,
23402,27339,Weapon,Other,
23403,27340,Weapon,Firearm,
23404,27341,Weapon,Explosives,
23405,27342,Weapon,Knife,
23406,27343,Weapon,Explosives,
23407,27344,Weapon,Explosives,
23408,27345,Weapon,Firearm,
23409,27346,Weapon,Explosives,
23410,27347,Weapon,Explosives,
23411,27348,Weapon,Knife,
23412,27349,Weapon,Firearm,
23413,27350,Weapon,Blunt Object,
23414,27351,Weapon,Knife,
23415,27352,Weapon,Blunt Object,
23416,27353,Weapon,Blunt Object,
23417,27354,Weapon,Firearm,
23418,27355,Weapon,Poison,
23419,27356,Weapon,Blunt Object,
23420,27357,Weapon,Blunt Object,
23421,27358,Weapon,Firearm,
23422,27359,Weapon,Firearm,
23423,27360,Weapon,Poison,
23424,27362,Weapon,Other,
23425,27363,Weapon,Blunt Object,
23426,27364,Weapon,Firearm,
23427,27365,Weapon,Explosives,
23428,27366,Weapon,Firearm,
23429,27367,Weapon,Blunt Object,
23430,27368,Weapon,Knife,
23431,27369,Weapon,Knife,
23432,27371,Weapon,Blunt Object,
23433,27372,Weapon,Explosives,
23434,27373,Weapon,Knife,
23435,27374,Weapon,Explosives,
23436,27375,Weapon,Blunt Object,
23437,27376,Weapon,Other,
23438,27377,Weapon,Poison,
23439,27378,Weapon,Firearm,
23440,27379,Weapon,Knife,
23441,27380,Weapon,Other,
23442,27381,Weapon,Firearm,
23443,27382,Weapon,Other,
23444,27383,Weapon,Poison,
23445,27384,Weapon,Other,
23446,27385,Weapon,Firearm,
23447,27386,Weapon,Knife,
23448,27387,Weapon,Other,
23449,27389,Weapon,Explosives,
23450,27390,Weapon,Explosives,
23451,27391,Weapon,Firearm,
23452,27393,Weapon,Firearm,
23453,27395,Weapon,Knife,
23454,27396,Weapon,Other,
23455,27397,Weapon,Knife,
23456,27398,Weapon,Firearm,
23457,27399,Weapon,Explosives,
23458,27400,Weapon,Firearm,
23459,27401,Weapon,Blunt Object,
23460,27402,Weapon,Other,
23461,27404,Weapon,Poison,
23462,27405,Weapon,Firearm,
23463,27406,Weapon,Firearm,
23464,27407,Weapon,Knife,
23465,27408,Weapon,Knife,
23466,27409,Weapon,Poison,
23467,27410,Weapon,Explosives,
23468,27411,Weapon,Explosives,
23469,27412,Weapon,Explosives,
23470,27414,Weapon,Knife,
23471,27415,Weapon,Knife,
23472,27416,Weapon,Knife,
23473,27417,Weapon,Blunt Object,
23474,27418,Weapon,Blunt Object,
23475,27419,Weapon,Blunt Object,
23476,27420,Weapon,Poison,
23477,27421,Weapon,Blunt Object,
23478,27423,Weapon,Blunt Object,
23479,27424,Weapon,Other,
23480,27425,Weapon,Knife,
23481,27426,Weapon,Firearm,
23482,27428,Weapon,Knife,
23483,27429,Weapon,Knife,
23484,27430,Weapon,Blunt Object,
23485,27432,Weapon,Knife,
23486,27433,Weapon,Other,
23487,27434,Weapon,Firearm,
23488,27435,Weapon,Blunt Object,
23489,27436,Weapon,Knife,
23490,27437,Weapon,Knife,
23491,27438,Weapon,Poison,
23492,27439,Weapon,Knife,
23493,27440,Weapon,Poison,
23494,27441,Weapon,Knife,
23495,27442,Weapon,Firearm,
23496,27443,Weapon,Other,
23497,27445,Weapon,Other,
23498,27447,Weapon,Poison,
23499,27448,Weapon,Other,
23500,27450,Weapon,Blunt Object,
23501,27451,Weapon,Other,
23502,27452,Weapon,Knife,
23503,27453,Weapon,Firearm,
23504,27454,Weapon,Knife,
23505,27455,Weapon,Blunt Object,
23506,27456,Weapon,Poison,
23507,27457,Weapon,Other,
23508,27458,Weapon,Other,
23509,27459,Weapon,Other,
23510,27460,Weapon,Knife,
23511,27462,Weapon,Knife,
23512,27464,Weapon,Blunt Object,
23513,27465,Weapon,Firearm,
23514,27466,Weapon,Blunt Object,
23515,27467,Weapon,Poison,
23516,27468,Weapon,Blunt Object,
23517,27469,Weapon,Firearm,
23518,27470,Weapon,Firearm,
23519,27471,Weapon,Poison,
23520,27472,Weapon,Blunt Object,
23521,27473,Weapon,Other,
23522,27474,Weapon,Knife,
23523,27475,Weapon,Explosives,
23524,27477,Weapon,Firearm,
23525,27478,Weapon,Knife,
23526,27479,Weapon,Other,
23527,27480,Weapon,Firearm,
23528,27481,Weapon,Blunt Object,
23529,27483,Weapon,Explosives,
23530,27484,Weapon,Blunt Object,
23531,27485,Weapon,Firearm,
23532,27486,Weapon,Knife,
23533,27487,Weapon,Explosives,
23534,27488,Weapon,Poison,
23535,27489,Weapon,Poison,
23536,27490,Weapon,Firearm,
23537,27491,Weapon,Poison,
23538,27492,Weapon,Knife,
23539,27493,Weapon,Knife,
23540,27494,Weapon,Firearm,
23541,27495,Weapon,Blunt Object,
23542,27496,Weapon,Firearm,
23543,27498,Weapon,Knife,
23544,27499,Weapon,Firearm,
23545,27500,Weapon,Blunt Object,
23546,27501,Weapon,Firearm,
23547,27502,Weapon,Firearm,
23548,27503,Weapon,Firearm,
23549,27504,Weapon,Poison,
23550,27505,Weapon,Firearm,
23551,27506,Weapon,Poison,
23552,27507,Weapon,Explosives,
23553,27508,Weapon,Knife,
23554,27509,Weapon,Blunt Object,
23555,27510,Weapon,Blunt Object,
23556,27511,Weapon,Blunt Object,
23557,27512,Weapon,Firearm,
23558,27515,Weapon,Blunt Object,
23559,27516,Weapon,Other,
23560,27517,Weapon,Explosives,
23561,27518,Weapon,Knife,
23562,27519,Weapon,Firearm,
23563,27521,Weapon,Blunt Object,
23564,27522,Weapon,Explosives,
23565,27523,Weapon,Knife,
23566,27524,Weapon,Firearm,
23567,27525,Weapon,Poison,
23568,27526,Weapon,Firearm,
23569,27527,Weapon,Poison,
23570,27528,Weapon,Blunt Object,
23571,27529,Weapon,Other,
23572,27530,Weapon,Blunt Object,
23573,27532,Weapon,Explosives,
23574,27533,Weapon,Blunt Object,
23575,27534,Weapon,Explosives,
23576,27535,Weapon,Other,
23577,27536,Weapon,Poison,
23578,27539,Weapon,Knife,
23579,27541,Weapon,Blunt Object,
23580,27543,Weapon,Explosives,
23581,27544,Weapon,Knife,
23582,27545,Weapon,Explosives,
23583,27547,Weapon,Explosives,
23584,27548,Weapon,Poison,
23585,27549,Weapon,Explosives,
23586,27550,Weapon,Explosives,
23587,27551,Weapon,Explosives,
23588,27552,Weapon,Poison,
23589,27553,Weapon,Other,
23590,27555,Weapon,Other,
23591,27556,Weapon,Knife,
23592,27557,Weapon,Explosives,
23593,27558,Weapon,Explosives,
23594,27560,Weapon,Knife,
23595,27561,Weapon,Blunt Object,
23596,27562,Weapon,Firearm,
23597,27563,Weapon,Firearm,
23598,27564,Weapon,Knife,
23599,27565,Weapon,Poison,
23600,27566,Weapon,Explosives,
23601,27567,Weapon,Explosives,
23602,27568,Weapon,Other,
23603,27569,Weapon,Blunt Object,
23604,27570,Weapon,Blunt Object,
23605,27571,Weapon,Blunt Object,
23606,27572,Weapon,Other,
23607,27574,Weapon,Firearm,
23608,27575,Weapon,Poison,
23609,27576,Weapon,Knife,
23610,27577,Weapon,Knife,
23611,27578,Weapon,Knife,
23612,27579,Weapon,Other,
23613,27580,Weapon,Knife,
23614,27581,Weapon,Knife,
23615,27582,Weapon,Other,
23616,27583,Weapon,Knife,
23617,27584,Weapon,Knife,
23618,27585,Weapon,Other,
23619,27586,Weapon,Blunt Object,
23620,27588,Weapon,Other,
23621,27589,Weapon,Explosives,
23622,27590,Weapon,Poison,
23623,27591,Weapon,Other,
23624,27592,Weapon,Other,
23625,27593,Weapon,Poison,
23626,27594,Weapon,Blunt Object,
23627,27595,Weapon,Knife,
23628,27596,Weapon,Poison,
23629,27597,Weapon,Explosives,
23630,27598,Weapon,Firearm,
23631,27599,Weapon,Explosives,
23632,27600,Weapon,Firearm,
23633,27601,Weapon,Explosives,
23634,27602,Weapon,Other,
23635,27603,Weapon,Knife,
23636,27604,Weapon,Blunt Object,
23637,27605,Weapon,Poison,
23638,27606,Weapon,Knife,
23639,27607,Weapon,Other,
23640,27609,Weapon,Explosives,
23641,27610,Weapon,Explosives,
23642,27611,Weapon,Blunt Object,
23643,27612,Weapon,Poison,
23644,27613,Weapon,Blunt Object,
23645,27615,Weapon,Blunt Object,
23646,27618,Weapon,Blunt Object,
23647,27620,Weapon,Knife,
23648,27621,Weapon,Knife,
23649,27622,Weapon,Blunt Object,
23650,27623,Weapon,Blunt Object,
23651,27625,Weapon,Knife,
23652,27626,Weapon,Poison,
23653,27627,Weapon,Blunt Object,
23654,27628,Weapon,Other,
23655,27630,Weapon,Knife,
23656,27631,Weapon,Knife,
23657,27632,Weapon,Knife,
23658,27634,Weapon,Firearm,
23659,27635,Weapon,Firearm,
23660,27636,Weapon,Knife,
23661,27637,Weapon,Poison,
23662,27638,Weapon,Knife,
23663,27640,Weapon,Explosives,
23664,27641,Weapon,Blunt Object,
23665,27643,Weapon,Other,
23666,27644,Weapon,Poison,
23667,27645,Weapon,Explosives,
23668,27646,Weapon,Other,
23669,27647,Weapon,Poison,
23670,27649,Weapon,Knife,
23671,27652,Weapon,Other,
23672,27653,Weapon,Explosives,
23673,27655,Weapon,Other,
23674,27656,Weapon,Firearm,
23675,27657,Weapon,Other,
23676,27658,Weapon,Explosives,
23677,27659,Weapon,Blunt Object,
23678,27661,Weapon,Knife,
23679,27662,Weapon,Blunt Object,
23680,27664,Weapon,Other,
23681,27666,Weapon,Poison,
23682,27667,Weapon,Blunt Object,
23683,27668,Weapon,Poison,
23684,27669,Weapon,Knife,
23685,27670,Weapon,Explosives,
23686,27671,Weapon,Explosives,
23687,27672,Weapon,Poison,
23688,27673,Weapon,Blunt Object,
23689,27674,Weapon,Poison,
23690,27675,Weapon,Other,
23691,27676,Weapon,Explosives,
23692,27677,Weapon,Poison,
23693,27678,Weapon,Explosives,
23694,27679,Weapon,Knife,
23695,27680,Weapon,Explosives,
23696,27682,Weapon,Explosives,
23697,27683,Weapon,Poison,
23698,27685,Weapon,Knife,
23699,27686,Weapon,Knife,
23700,27687,Weapon,Poison,
23701,27688,Weapon,Firearm,
23702,27689,Weapon,Firearm,
23703,27690,Weapon,Firearm,
23704,27691,Weapon,Other,
23705,27692,Weapon,Firearm,
23706,27694,Weapon,Other,
23707,27695,Weapon,Other,
23708,27696,Weapon,Poison,
23709,27697,Weapon,Other,
23710,27699,Weapon,Knife,
23711,27700,Weapon,Poison,
23712,27701,Weapon,Poison,
23713,27702,Weapon,Firearm,
23714,27703,Weapon,Explosives,
23715,27704,Weapon,Poison,
23716,27705,Weapon,Knife,
23717,27706,Weapon,Knife,
23718,27707,Weapon,Poison,
23719,27708,Weapon,Poison,
23720,27709,Weapon,Other,
23721,27710,Weapon,Firearm,
23722,27711,Weapon,Knife,
23723,27712,Weapon,Knife,
23724,27713,Weapon,Knife,
23725,27714,Weapon,Explosives,
23726,27717,Weapon,Explosives,
23727,27718,Weapon,Blunt Object,
23728,27719,Weapon,Knife,
23729,27720,Weapon,Knife,
23730,27723,Weapon,Poison,
23731,27724,Weapon,Poison,
23732,27727,Weapon,Poison,
23733,27729,Weapon,Other,
23734,27730,Weapon,Firearm,
23735,27731,Weapon,Other,
23736,27732,Weapon,Firearm,
23737,27733,Weapon,Poison,
23738,27734,Weapon,Other,
23739,27735,Weapon,Explosives,
23740,27736,Weapon,Other,
23741,27738,Weapon,Explosives,
23742,27739,Weapon,Explosives,
23743,27741,Weapon,Knife,
23744,27742,Weapon,Explosives,
23745,27743,Weapon,Firearm,
23746,27744,Weapon,Explosives,
23747,27745,Weapon,Firearm,
23748,27746,Weapon,Poison,
23749,27747,Weapon,Firearm,
23750,27748,Weapon,Blunt Object,
23751,27749,Weapon,Knife,
23752,27750,Weapon,Other,
23753,27751,Weapon,Explosives,
23754,27752,Weapon,Knife,
23755,27753,Weapon,Explosives,
23756,27754,Weapon,Poison,
23757,27755,Weapon,Poison,
23758,27756,Weapon,Knife,
23759,27757,Weapon,Poison,
23760,27759,Weapon,Other,
23761,27760,Weapon,Blunt Object,
23762,27761,Weapon,Explosives,
23763,27762,Weapon,Other,
23764,27763,Weapon,Knife,
23765,27764,Weapon,Other,
23766,27765,Weapon,Explosives,
23767,27766,Weapon,Blunt Object,
23768,27767,Weapon,Poison,
23769,27768,Weapon,Knife,
23770,27770,Weapon,Other,
23771,27771,Weapon,Poison,
23772,27773,Weapon,Poison,
23773,27774,Weapon,Knife,
23774,27775,Weapon,Blunt Object,
23775,27777,Weapon,Explosives,
23776,27778,Weapon,Other,
23777,27779,Weapon,Other,
23778,27780,Weapon,Explosives,
23779,27781,Weapon,Blunt Object,
23780,27782,Weapon,Explosives,
23781,27783,Weapon,Explosives,
23782,27784,Weapon,Blunt Object,
23783,27785,Weapon,Other,
23784,27786,Weapon,Poison,
23785,27787,Weapon,Blunt Object,
23786,27788,Weapon,Knife,
23787,27789,Weapon,Knife,
23788,27790,Weapon,Poison,
23789,27791,Weapon,Knife,
23790,27792,Weapon,Poison,
23791,27793,Weapon,Other,
23792,27794,Weapon,Other,
23793,27795,Weapon,Explosives,
23794,27796,Weapon,Firearm,
23795,27797,Weapon,Blunt Object,
23796,27798,Weapon,Firearm,
23797,27799,Weapon,Firearm,
23798,27800,Weapon,Knife,
23799,27801,Weapon,Explosives,
23800,27802,Weapon,Knife,
23801,27803,Weapon,Other,
23802,27804,Weapon,Knife,
23803,27805,Weapon,Knife,
23804,27807,Weapon,Knife,
23805,27808,Weapon,Other,
23806,27809,Weapon,Knife,
23807,27810,Weapon,Firearm,
23808,27811,Weapon,Explosives,
23809,27812,Weapon,Poison,
23810,27813,Weapon,Blunt Object,
23811,27814,Weapon,Firearm,
23812,27815,Weapon,Explosives,
23813,27817,Weapon,Knife,
23814,27818,Weapon,Other,
23815,27819,Weapon,Blunt Object,
23816,27820,Weapon,Firearm,
23817,27821,Weapon,Explosives,
23818,27822,Weapon,Firearm,
23819,27823,Weapon,Firearm,
23820,27824,Weapon,Blunt Object,
23821,27825,Weapon,Blunt Object,
23822,27826,Weapon,Poison,
23823,27827,Weapon,Poison,
23824,27828,Weapon,Blunt Object,
23825,27829,Weapon,Blunt Object,
23826,27830,Weapon,Blunt Object,
23827,27831,Weapon,Knife,
23828,27833,Weapon,Poison,
23829,27834,Weapon,Poison,
23830,27836,Weapon,Firearm,
23831,27837,Weapon,Firearm,
23832,27838,Weapon,Poison,
23833,27839,Weapon,Poison,
23834,27841,Weapon,Blunt Object,
23835,27843,Weapon,Firearm,
23836,27844,Weapon,Firearm,
23837,27845,Weapon,Other,
23838,27846,Weapon,Blunt Object,
23839,27847,Weapon,Knife,
23840,27848,Weapon,Knife,
23841,27849,Weapon,Blunt Object,
23842,27851,Weapon,Firearm,
23843,27853,Weapon,Poison,
23844,27854,Weapon,Other,
23845,27855,Weapon,Knife,
23846,27856,Weapon,Other,
23847,27857,Weapon,Poison,
23848,27858,Weapon,Poison,
23849,27859,Weapon,Blunt Object,
23850,27860,Weapon,Poison,
23851,27861,Weapon,Other,
23852,27862,Weapon,Other,
23853,27863,Weapon,Other,
23854,27864,Weapon,Blunt Object,
23855,27865,Weapon,Explosives,
23856,27866,Weapon,Knife,
23857,27867,Weapon,Poison,
23858,27868,Weapon,Poison,
23859,27870,Weapon,Poison,
23860,27871,Weapon,Poison,
23861,27872,Weapon,Other,
23862,27873,Weapon,Other,
23863,27874,Weapon,Knife,
23864,27875,Weapon,Poison,
23865,27876,Weapon,Knife,
23866,27877,Weapon,Explosives,
23867,27878,Weapon,Other,
23868,27879,Weapon,Explosives,
23869,27880,Weapon,Blunt Object,
23870,27881,Weapon,Poison,
23871,27882,Weapon,Firearm,
23872,27883,Weapon,Poison,
23873,27884,Weapon,Explosives,
23874,27885,Weapon,Explosives,
23875,27886,Weapon,Other,
23876,27887,Weapon,Blunt Object,
23877,27888,Weapon,Firearm,
23878,27889,Weapon,Explosives,
23879,27890,Weapon,Blunt Object,
23880,27891,Weapon,Explosives,
23881,27892,Weapon,Other,
23882,27893,Weapon,Poison,
23883,27895,Weapon,Explosives,
23884,27896,Weapon,Explosives,
23885,27897,Weapon,Knife,
23886,27898,Weapon,Explosives,
23887,27899,Weapon,Firearm,
23888,27901,Weapon,Poison,
23889,27903,Weapon,Explosives,
23890,27904,Weapon,Knife,
23891,27905,Weapon,Other,
23892,27907,Weapon,Knife,
23893,27908,Weapon,Explosives,
23894,27909,Weapon,Explosives,
23895,27911,Weapon,Explosives,
23896,27912,Weapon,Explosives,
23897,27913,Weapon,Other,
23898,27914,Weapon,Poison,
23899,27915,Weapon,Explosives,
23900,27916,Weapon,Poison,
23901,27917,Weapon,Explosives,
23902,27918,Weapon,Firearm,
23903,27919,Weapon,Blunt Object,
23904,27920,Weapon,Other,
23905,27921,Weapon,Other,
23906,27922,Weapon,Explosives,
23907,27923,Weapon,Poison,
23908,27924,Weapon,Explosives,
23909,27925,Weapon,Knife,
23910,27927,Weapon,Other,
23911,27928,Weapon,Firearm,
23912,27929,Weapon,Firearm,
23913,27930,Weapon,Poison,
23914,27932,Weapon,Blunt Object,
23915,27934,Weapon,Poison,
23916,27935,Weapon,Blunt Object,
23917,27936,Weapon,Blunt Object,
23918,27938,Weapon,Other,
23919,27940,Weapon,Blunt Object,
23920,27941,Weapon,Poison,
23921,27943,Weapon,Blunt Object,
23922,27944,Weapon,Explosives,
23923,27945,Weapon,Other,
23924,27946,Weapon,Knife,
23925,27947,Weapon,Explosives,
23926,27948,Weapon,Poison,
23927,27949,Weapon,Knife,
23928,27950,Weapon,Blunt Object,
23929,27951,Weapon,Explosives,
23930,27952,Weapon,Firearm,
23931,27953,Weapon,Knife,
23932,27954,Weapon,Other,
23933,27955,Weapon,Other,
23934,27957,Weapon,Blunt Object,
23935,27958,Weapon,Knife,
23936,27959,Weapon,Poison,
23937,27960,Weapon,Knife,
23938,27961,Weapon,Firearm,
23939,27962,Weapon,Other,
23940,27963,Weapon,Explosives,
23941,27964,Weapon,Blunt Object,
23942,27965,Weapon,Explosives,
23943,27966,Weapon,Firearm,
23944,27967,Weapon,Explosives,
23945,27968,Weapon,Firearm,
23946,27969,Weapon,Blunt Object,
23947,27970,Weapon,Knife,
23948,27971,Weapon,Firearm,
23949,27972,Weapon,Poison,
23950,27973,Weapon,Poison,
23951,27974,Weapon,Other,
23952,27975,Weapon,Poison,
23953,27976,Weapon,Poison,
23954,27977,Weapon,Firearm,
23955,27978,Weapon,Explosives,
23956,27979,Weapon,Poison,
23957,27981,Weapon,Poison,
23958,27982,Weapon,Firearm,
23959,27983,Weapon,Other,
23960,27984,Weapon,Other,
23961,27985,Weapon,Poison,
23962,27986,Weapon,Other,
23963,27987,Weapon,Other,
23964,27988,Weapon,Explosives,
23965,27989,Weapon,Firearm,
23966,27990,Weapon,Poison,
23967,27991,Weapon,Firearm,
23968,27992,Weapon,Other,
23969,27993,Weapon,Explosives,
23970,27994,Weapon,Knife,
23971,27995,Weapon,Poison,
23972,27996,Weapon,Firearm,
23973,27997,Weapon,Firearm,
23974,27998,Weapon,Blunt Object,
23975,27999,Weapon,Other,
23976,28000,Weapon,Firearm,
23977,28001,Weapon,Poison,
23978,28002,Weapon,Other,
23979,28003,Weapon,Firearm,
23980,28004,Weapon,Knife,
23981,28006,Weapon,Firearm,
23982,28009,Weapon,Other,
23983,28010,Weapon,Firearm,
23984,28011,Weapon,Knife,
23985,28012,Weapon,Poison,
23986,28014,Weapon,Firearm,
23987,28015,Weapon,Blunt Object,
23988,28016,Weapon,Knife,
23989,28018,Weapon,Firearm,
23990,28019,Weapon,Explosives,
23991,28020,Weapon,Firearm,
23992,28021,Weapon,Knife,
23993,28023,Weapon,Other,
23994,28025,Weapon,Other,
23995,28026,Weapon,Poison,
23996,28027,Weapon,Explosives,
23997,28028,Weapon,Firearm,
23998,28029,Weapon,Firearm,
23999,28030,Weapon,Explosives,
24000,28031,Weapon,Knife,
24001,28032,Weapon,Knife,
24002,28033,Weapon,Knife,
24003,28034,Weapon,Poison,
24004,28035,Weapon,Blunt Object,
24005,28036,Weapon,Explosives,
24006,28037,Weapon,Blunt Object,
24007,28039,Weapon,Knife,
24008,28040,Weapon,Poison,
24009,28041,Weapon,Poison,
24010,28042,Weapon,Firearm,
24011,28043,Weapon,Poison,
24012,28044,Weapon,Explosives,
24013,28045,Weapon,Poison,
24014,28046,Weapon,Explosives,
24015,28047,Weapon,Knife,
24016,28051,Weapon,Other,
24017,28052,Weapon,Firearm,
24018,28053,Weapon,Knife,
24019,28054,Weapon,Poison,
24020,28055,Weapon,Knife,
24021,28056,Weapon,Explosives,
24022,28058,Weapon,Firearm,
24023,28061,Weapon,Blunt Object,
24024,28062,Weapon,Knife,
24025,28063,Weapon,Blunt Object,
24026,28065,Weapon,Knife,
24027,28066,Weapon,Poison,
24028,28067,Weapon,Poison,
24029,28068,Weapon,Other,
24030,28069,Weapon,Other,
24031,28070,Weapon,Other,
24032,28071,Weapon,Knife,
24033,28072,Weapon,Other,
24034,28073,Weapon,Explosives,
24035,28074,Weapon,Knife,
24036,28075,Weapon,Poison,
24037,28076,Weapon,Knife,
24038,28077,Weapon,Explosives,
24039,28078,Weapon,Explosives,
24040,28079,Weapon,Explosives,
24041,28080,Weapon,Blunt Object,
24042,28081,Weapon,Firearm,
24043,28082,Weapon,Poison,
24044,28083,Weapon,Firearm,
24045,28084,Weapon,Other,
24046,28085,Weapon,Blunt Object,
24047,28086,Weapon,Other,
24048,28087,Weapon,Explosives,
24049,28088,Weapon,Knife,
24050,28089,Weapon,Blunt Object,
24051,28090,Weapon,Explosives,
24052,28091,Weapon,Blunt Object,
24053,28092,Weapon,Explosives,
24054,28093,Weapon,Poison,
24055,28094,Weapon,Explosives,
24056,28095,Weapon,Firearm,
24057,28096,Weapon,Explosives,
24058,28097,Weapon,Firearm,
24059,28098,Weapon,Knife,
24060,28100,Weapon,Other,
24061,28101,Weapon,Knife,
24062,28102,Weapon,Firearm,
24063,28103,Weapon,Knife,
24064,28105,Weapon,Blunt Object,
24065,28106,Weapon,Knife,
24066,28109,Weapon,Other,
24067,28110,Weapon,Poison,
24068,28111,Weapon,Explosives,
24069,28112,Weapon,Blunt Object,
24070,28115,Weapon,Poison,
24071,28116,Weapon,Poison,
24072,28117,Weapon,Poison,
24073,28118,Weapon,Other,
24074,28120,Weapon,Poison,
24075,28121,Weapon,Other,
24076,28123,Weapon,Blunt Object,
24077,28125,Weapon,Knife,
24078,28126,Weapon,Knife,
24079,28127,Weapon,Explosives,
24080,28128,Weapon,Explosives,
24081,28129,Weapon,Poison,
24082,28131,Weapon,Knife,
24083,28132,Weapon,Other,
24084,28133,Weapon,Blunt Object,
24085,28135,Weapon,Knife,
24086,28136,Weapon,Poison,
24087,28137,Weapon,Explosives,
24088,28138,Weapon,Poison,
24089,28139,Weapon,Blunt Object,
24090,28140,Weapon,Knife,
24091,28141,Weapon,Blunt Object,
24092,28142,Weapon,Explosives,
24093,28143,Weapon,Knife,
24094,28144,Weapon,Knife,
24095,28146,Weapon,Explosives,
24096,28147,Weapon,Blunt Object,
24097,28148,Weapon,Blunt Object,
24098,28151,Weapon,Knife,
24099,28152,Weapon,Explosives,
24100,28153,Weapon,Other,
24101,28154,Weapon,Firearm,
24102,28155,Weapon,Poison,
24103,28156,Weapon,Knife,
24104,28157,Weapon,Explosives,
24105,28158,Weapon,Explosives,
24106,28159,Weapon,Blunt Object,
24107,28160,Weapon,Blunt Object,
24108,28163,Weapon,Firearm,
24109,28164,Weapon,Poison,
24110,28165,Weapon,Knife,
24111,28166,Weapon,Blunt Object,
24112,28167,Weapon,Blunt Object,
24113,28168,Weapon,Explosives,
24114,28170,Weapon,Poison,
24115,28172,Weapon,Blunt Object,
24116,28173,Weapon,Knife,
24117,28174,Weapon,Explosives,
24118,28175,Weapon,Knife,
24119,28176,Weapon,Poison,
24120,28177,Weapon,Firearm,
24121,28178,Weapon,Poison,
24122,28179,Weapon,Firearm,
24123,28180,Weapon,Firearm,
24124,28181,Weapon,Other,
24125,28182,Weapon,Explosives,
24126,28183,Weapon,Firearm,
24127,28184,Weapon,Knife,
24128,28185,Weapon,Other,
24129,28186,Weapon,Other,
24130,28187,Weapon,Blunt Object,
24131,28188,Weapon,Other,
24132,28189,Weapon,Knife,
24133,28190,Weapon,Knife,
24134,28192,Weapon,Poison,
24135,28193,Weapon,Explosives,
24136,28194,Weapon,Poison,
24137,28195,Weapon,Poison,
24138,28196,Weapon,Firearm,
24139,28198,Weapon,Poison,
24140,28200,Weapon,Poison,
24141,28201,Weapon,Other,
24142,28202,Weapon,Poison,
24143,28203,Weapon,Poison,
24144,28204,Weapon,Other,
24145,28206,Weapon,Explosives,
24146,28207,Weapon,Blunt Object,
24147,28208,Weapon,Knife,
24148,28210,Weapon,Blunt Object,
24149,28211,Weapon,Blunt Object,
24150,28212,Weapon,Firearm,
24151,28213,Weapon,Knife,
24152,28214,Weapon,Firearm,
24153,28215,Weapon,Knife,
24154,28216,Weapon,Other,
24155,28217,Weapon,Other,
24156,28218,Weapon,Blunt Object,
24157,28219,Weapon,Other,
24158,28220,Weapon,Poison,
24159,28221,Weapon,Other,
24160,28222,Weapon,Other,
24161,28223,Weapon,Knife,
24162,28224,Weapon,Firearm,
24163,28225,Weapon,Poison,
24164,28226,Weapon,Knife,
24165,28227,Weapon,Other,
24166,28228,Weapon,Knife,
24167,28231,Weapon,Poison,
24168,28232,Weapon,Poison,
24169,28233,Weapon,Other,
24170,28234,Weapon,Knife,
24171,28236,Weapon,Knife,
24172,28237,Weapon,Poison,
24173,28238,Weapon,Firearm,
24174,28239,Weapon,Blunt Object,
24175,28240,Weapon,Blunt Object,
24176,28241,Weapon,Firearm,
24177,28242,Weapon,Poison,
24178,28243,Weapon,Explosives,
24179,28244,Weapon,Knife,
24180,28245,Weapon,Knife,
24181,28247,Weapon,Other,
24182,28248,Weapon,Blunt Object,
24183,28249,Weapon,Knife,
24184,28250,Weapon,Poison,
24185,28251,Weapon,Explosives,
24186,28253,Weapon,Firearm,
24187,28254,Weapon,Explosives,
24188,28256,Weapon,Explosives,
24189,28258,Weapon,Explosives,
24190,28259,Weapon,Firearm,
24191,28260,Weapon,Knife,
24192,28261,Weapon,Other,
24193,28262,Weapon,Knife,
24194,28263,Weapon,Other,
24195,28264,Weapon,Explosives,
24196,28265,Weapon,Explosives,
24197,28266,Weapon,Other,
24198,28267,Weapon,Poison,
24199,28268,Weapon,Other,
24200,28269,Weapon,Other,
24201,28271,Weapon,Knife,
24202,28272,Weapon,Explosives,
24203,28273,Weapon,Blunt Object,
24204,28274,Weapon,Explosives,
24205,28275,Weapon,Knife,
24206,28276,Weapon,Other,
24207,28277,Weapon,Knife,
24208,28278,Weapon,Firearm,
24209,28279,Weapon,Firearm,
24210,28280,Weapon,Firearm,
24211,28281,Weapon,Other,
24212,28282,Weapon,Poison,
24213,28283,Weapon,Firearm,
24214,28284,Weapon,Knife,
24215,28285,Weapon,Other,
24216,28286,Weapon,Firearm,
24217,28287,Weapon,Other,
24218,28288,Weapon,Blunt Object,
24219,28289,Weapon,Firearm,
24220,28290,Weapon,Knife,
24221,28291,Weapon,Other,
24222,28292,Weapon,Explosives,
24223,28293,Weapon,Blunt Object,
24224,28294,Weapon,Blunt Object,
24225,28295,Weapon,Firearm,
24226,28296,Weapon,Explosives,
24227,28297,Weapon,Firearm,
24228,28298,Weapon,Blunt Object,
24229,28299,Weapon,Other,
24230,28300,Weapon,Knife,
24231,28301,Weapon,Other,
24232,28302,Weapon,Firearm,
24233,28303,Weapon,Blunt Object,
24234,28304,Weapon,Explosives,
24235,28305,Weapon,Firearm,
24236,28306,Weapon,Blunt Object,
24237,28307,Weapon,Firearm,
24238,28308,Weapon,Knife,
24239,28309,Weapon,Other,
24240,28310,Weapon,Knife,
24241,28312,Weapon,Blunt Object,
24242,28313,Weapon,Blunt Object,
24243,28314,Weapon,Firearm,
24244,28315,Weapon,Poison,
24245,28317,Weapon,Poison,
24246,28318,Weapon,Poison,
24247,28319,Weapon,Firearm,
24248,28320,Weapon,Knife,
24249,28321,Weapon,Other,
24250,28322,Weapon,Firearm,
24251,28323,Weapon,Firearm,
24252,28324,Weapon,Knife,
24253,28325,Weapon,Explosives,
24254,28326,Weapon,Poison,
24255,28327,Weapon,Poison,
24256,28328,Weapon,Explosives,
24257,28330,Weapon,Firearm,
24258,28331,Weapon,Firearm,
24259,28332,Weapon,Knife,
24260,28333,Weapon,Poison,
24261,28335,Weapon,Blunt Object,
24262,28336,Weapon,Knife,
24263,28337,Weapon,Blunt Object,
24264,28338,Weapon,Firearm,
24265,28339,Weapon,Other,
24266,28340,Weapon,Knife,
24267,28341,Weapon,Other,
24268,28342,Weapon,Poison,
24269,28343,Weapon,Firearm,
24270,28344,Weapon,Firearm,
24271,28345,Weapon,Poison,
24272,28346,Weapon,Blunt Object,
24273,28347,Weapon,Blunt Object,
24274,28348,Weapon,Blunt Object,
24275,28349,Weapon,Blunt Object,
24276,28351,Weapon,Firearm,
24277,28352,Weapon,Blunt Object,
24278,28353,Weapon,Other,
24279,28354,Weapon,Firearm,
24280,28355,Weapon,Knife,
24281,28356,Weapon,Explosives,
24282,28357,Weapon,Explosives,
24283,28359,Weapon,Blunt Object,
24284,28360,Weapon,Explosives,
24285,28362,Weapon,Poison,
24286,28363,Weapon,Poison,
24287,28365,Weapon,Poison,
24288,28366,Weapon,Firearm,
24289,28367,Weapon,Blunt Object,
24290,28369,Weapon,Knife,
24291,28370,Weapon,Explosives,
24292,28372,Weapon,Firearm,
24293,28374,Weapon,Poison,
24294,28375,Weapon,Other,
24295,28376,Weapon,Poison,
24296,28377,Weapon,Firearm,
24297,28378,Weapon,Blunt Object,
24298,28379,Weapon,Firearm,
24299,28380,Weapon,Blunt Object,
24300,28381,Weapon,Firearm,
24301,28382,Weapon,Other,
24302,28383,Weapon,Knife,
24303,28385,Weapon,Poison,
24304,28386,Weapon,Firearm,
24305,28387,Weapon,Poison,
24306,28388,Weapon,Poison,
24307,28390,Weapon,Blunt Object,
24308,28391,Weapon,Firearm,
24309,28392,Weapon,Explosives,
24310,28393,Weapon,Explosives,
24311,28394,Weapon,Other,
24312,28395,Weapon,Firearm,
24313,28396,Weapon,Blunt Object,
24314,28397,Weapon,Poison,
24315,28398,Weapon,Other,
24316,28400,Weapon,Blunt Object,
24317,28401,Weapon,Poison,
24318,28402,Weapon,Other,
24319,28403,Weapon,Other,
24320,28404,Weapon,Explosives,
24321,28405,Weapon,Other,
24322,28406,Weapon,Other,
24323,28407,Weapon,Explosives,
24324,28408,Weapon,Firearm,
24325,28409,Weapon,Blunt Object,
24326,28410,Weapon,Blunt Object,
24327,28411,Weapon,Poison,
24328,28413,Weapon,Firearm,
24329,28414,Weapon,Other,
24330,28415,Weapon,Blunt Object,
24331,28416,Weapon,Firearm,
24332,28417,Weapon,Other,
24333,28418,Weapon,Knife,
24334,28419,Weapon,Firearm,
24335,28420,Weapon,Firearm,
24336,28422,Weapon,Other,
24337,28423,Weapon,Poison,
24338,28425,Weapon,Knife,
24339,28426,Weapon,Blunt Object,
24340,28428,Weapon,Poison,
24341,28429,Weapon,Knife,
24342,28430,Weapon,Knife,
24343,28431,Weapon,Knife,
24344,28432,Weapon,Other,
24345,28433,Weapon,Knife,
24346,28434,Weapon,Other,
24347,28435,Weapon,Other,
24348,28436,Weapon,Explosives,
24349,28437,Weapon,Other,
24350,28438,Weapon,Other,
24351,28439,Weapon,Poison,
24352,28440,Weapon,Poison,
24353,28441,Weapon,Knife,
24354,28442,Weapon,Firearm,
24355,28444,Weapon,Blunt Object,
24356,28445,Weapon,Firearm,
24357,28446,Weapon,Knife,
24358,28447,Weapon,Blunt Object,
24359,28448,Weapon,Firearm,
24360,28449,Weapon,Knife,
24361,28450,Weapon,Poison,
24362,28451,Weapon,Blunt Object,
24363,28452,Weapon,Other,
24364,28453,Weapon,Firearm,
24365,28454,Weapon,Other,
24366,28455,Weapon,Knife,
24367,28456,Weapon,Knife,
24368,28457,Weapon,Knife,
24369,28458,Weapon,Other,
24370,28459,Weapon,Poison,
24371,28460,Weapon,Knife,
24372,28461,Weapon,Knife,
24373,28462,Weapon,Poison,
24374,28463,Weapon,Knife,
24375,28464,Weapon,Explosives,
24376,28465,Weapon,Explosives,
24377,28466,Weapon,Knife,
24378,28469,Weapon,Blunt Object,
24379,28470,Weapon,Explosives,
24380,28471,Weapon,Knife,
24381,28472,Weapon,Other,
24382,28473,Weapon,Firearm,
24383,28474,Weapon,Explosives,
24384,28475,Weapon,Firearm,
24385,28477,Weapon,Other,
24386,28479,Weapon,Explosives,
24387,28480,Weapon,Poison,
24388,28481,Weapon,Firearm,
24389,28482,Weapon,Knife,
24390,28483,Weapon,Firearm,
24391,28484,Weapon,Other,
24392,28485,Weapon,Explosives,
24393,28487,Weapon,Blunt Object,
24394,28488,Weapon,Blunt Object,
24395,28489,Weapon,Explosives,
24396,28490,Weapon,Other,
24397,28491,Weapon,Explosives,
24398,28492,Weapon,Poison,
24399,28493,Weapon,Explosives,
24400,28494,Weapon,Other,
24401,28495,Weapon,Other,
24402,28496,Weapon,Other,
24403,28497,Weapon,Knife,
24404,28499,Weapon,Poison,
24405,28500,Weapon,Firearm,
24406,28502,Weapon,Explosives,
24407,28503,Weapon,Knife,
24408,28504,Weapon,Other,
24409,28505,Weapon,Firearm,
24410,28506,Weapon,Knife,
24411,28507,Weapon,Blunt Object,
24412,28508,Weapon,Blunt Object,
24413,28509,Weapon,Poison,
24414,28510,Weapon,Firearm,
24415,28511,Weapon,Other,
24416,28512,Weapon,Poison,
24417,28513,Weapon,Knife,
24418,28514,Weapon,Blunt Object,
24419,28515,Weapon,Blunt Object,
24420,28519,Weapon,Firearm,
24421,28520,Weapon,Firearm,
24422,28521,Weapon,Knife,
24423,28522,Weapon,Knife,
24424,28523,Weapon,Explosives,
24425,28524,Weapon,Blunt Object,
24426,28525,Weapon,Poison,
24427,28526,Weapon,Poison,
24428,28527,Weapon,Blunt Object,
24429,28528,Weapon,Firearm,
24430,28529,Weapon,Knife,
24431,28530,Weapon,Other,
24432,28531,Weapon,Other,
24433,28532,Weapon,Poison,
24434,28533,Weapon,Blunt Object,
24435,28534,Weapon,Explosives,
24436,28535,Weapon,Knife,
24437,28536,Weapon,Other,
24438,28537,Weapon,Knife,
24439,28538,Weapon,Poison,
24440,28539,Weapon,Poison,
24441,28540,Weapon,Explosives,
24442,28541,Weapon,Knife,
24443,28542,Weapon,Firearm,
24444,28544,Weapon,Blunt Object,
24445,28545,Weapon,Knife,
24446,28546,Weapon,Poison,
24447,28548,Weapon,Explosives,
24448,28550,Weapon,Blunt Object,
24449,28551,Weapon,Knife,
24450,28552,Weapon,Knife,
24451,28553,Weapon,Explosives,
24452,28554,Weapon,Poison,
24453,28555,Weapon,Knife,
24454,28556,Weapon,Other,
24455,28557,Weapon,Poison,
24456,28558,Weapon,Poison,
24457,28559,Weapon,Blunt Object,
24458,28560,Weapon,Knife,
24459,28561,Weapon,Blunt Object,
24460,28562,Weapon,Explosives,
24461,28563,Weapon,Other,
24462,28564,Weapon,Firearm,
24463,28565,Weapon,Poison,
24464,28566,Weapon,Knife,
24465,28567,Weapon,Firearm,
24466,28568,Weapon,Knife,
24467,28569,Weapon,Knife,
24468,28570,Weapon,Firearm,
24469,28571,Weapon,Poison,
24470,28572,Weapon,Firearm,
24471,28573,Weapon,Blunt Object,
24472,28574,Weapon,Firearm,
24473,28575,Weapon,Other,
24474,28576,Weapon,Knife,
24475,28577,Weapon,Explosives,
24476,28578,Weapon,Knife,
24477,28579,Weapon,Other,
24478,28580,Weapon,Explosives,
24479,28581,Weapon,Blunt Object,
24480,28582,Weapon,Other,
24481,28583,Weapon,Knife,
24482,28584,Weapon,Firearm,
24483,28587,Weapon,Knife,
24484,28588,Weapon,Poison,
24485,28590,Weapon,Blunt Object,
24486,28591,Weapon,Knife,
24487,28592,Weapon,Blunt Object,
24488,28593,Weapon,Other,
24489,28595,Weapon,Firearm,
24490,28596,Weapon,Poison,
24491,28597,Weapon,Firearm,
24492,28598,Weapon,Firearm,
24493,28599,Weapon,Knife,
24494,28600,Weapon,Blunt Object,
24495,28601,Weapon,Explosives,
24496,28602,Weapon,Knife,
24497,28604,Weapon,Other,
24498,28605,Weapon,Other,
24499,28606,Weapon,Knife,
24500,28607,Weapon,Firearm,
24501,28608,Weapon,Knife,
24502,28609,Weapon,Explosives,
24503,28610,Weapon,Firearm,
24504,28612,Weapon,Explosives,
24505,28613,Weapon,Firearm,
24506,28614,Weapon,Explosives,
24507,28615,Weapon,Firearm,
24508,28616,Weapon,Explosives,
24509,28617,Weapon,Other,
24510,28618,Weapon,Explosives,
24511,28619,Weapon,Blunt Object,
24512,28621,Weapon,Explosives,
24513,28622,Weapon,Firearm,
24514,28623,Weapon,Blunt Object,
24515,28624,Weapon,Firearm,
24516,28625,Weapon,Poison,
24517,28626,Weapon,Poison,
24518,28627,Weapon,Knife,
24519,28628,Weapon,Knife,
24520,28630,Weapon,Firearm,
24521,28631,Weapon,Poison,
24522,28633,Weapon,Knife,
24523,28634,Weapon,Blunt Object,
24524,28636,Weapon,Poison,
24525,28637,Weapon,Knife,
24526,28639,Weapon,Other,
24527,28640,Weapon,Other,
24528,28641,Weapon,Other,
24529,28642,Weapon,Other,
24530,28643,Weapon,Blunt Object,
24531,28645,Weapon,Other,
24532,28646,Weapon,Explosives,
24533,28647,Weapon,Poison,
24534,28648,Weapon,Other,
24535,28649,Weapon,Firearm,
24536,28650,Weapon,Other,
24537,28651,Weapon,Firearm,
24538,28653,Weapon,Other,
24539,28654,Weapon,Knife,
24540,28655,Weapon,Knife,
24541,28657,Weapon,Explosives,
24542,28658,Weapon,Poison,
24543,28659,Weapon,Blunt Object,
24544,28660,Weapon,Explosives,
24545,28661,Weapon,Other,
24546,28663,Weapon,Explosives,
24547,28664,Weapon,Blunt Object,
24548,28665,Weapon,Blunt Object,
24549,28666,Weapon,Knife,
24550,28667,Weapon,Knife,
24551,28668,Weapon,Firearm,
24552,28671,Weapon,Firearm,
24553,28672,Weapon,Firearm,
24554,28673,Weapon,Other,
24555,28674,Weapon,Explosives,
24556,28675,Weapon,Knife,
24557,28677,Weapon,Blunt Object,
24558,28678,Weapon,Firearm,
24559,28679,Weapon,Poison,
24560,28680,Weapon,Knife,
24561,28681,Weapon,Explosives,
24562,28683,Weapon,Poison,
24563,28684,Weapon,Poison,
24564,28686,Weapon,Blunt Object,
24565,28687,Weapon,Firearm,
24566,28688,Weapon,Explosives,
24567,28689,Weapon,Knife,
24568,28690,Weapon,Blunt Object,
24569,28691,Weapon,Knife,
24570,28692,Weapon,Poison,
24571,28693,Weapon,Knife,
24572,28694,Weapon,Poison,
24573,28695,Weapon,Other,
24574,28696,Weapon,Other,
24575,28697,Weapon,Explosives,
24576,28698,Weapon,Explosives,
24577,28699,Weapon,Knife,
24578,28700,Weapon,Explosives,
24579,28701,Weapon,Other,
24580,28703,Weapon,Knife,
24581,28704,Weapon,Explosives,
24582,28706,Weapon,Firearm,
24583,28707,Weapon,Knife,
24584,28708,Weapon,Other,
24585,28709,Weapon,Firearm,
24586,28710,Weapon,Firearm,
24587,28711,Weapon,Poison,
24588,28712,Weapon,Knife,
24589,28714,Weapon,Explosives,
24590,28715,Weapon,Poison,
24591,28716,Weapon,Other,
24592,28717,Weapon,Firearm,
24593,28718,Weapon,Explosives,
24594,28719,Weapon,Knife,
24595,28720,Weapon,Firearm,
24596,28721,Weapon,Other,
24597,28722,Weapon,Firearm,
24598,28725,Weapon,Blunt Object,
24599,28726,Weapon,Explosives,
24600,28727,Weapon,Explosives,
24601,28728,Weapon,Firearm,
24602,28730,Weapon,Knife,
24603,28731,Weapon,Explosives,
24604,28732,Weapon,Blunt Object,
24605,28733,Weapon,Knife,
24606,28734,Weapon,Explosives,
24607,28735,Weapon,Other,
24608,28737,Weapon,Poison,
24609,28738,Weapon,Firearm,
24610,28739,Weapon,Poison,
24611,28740,Weapon,Explosives,
24612,28741,Weapon,Other,
24613,28742,Weapon,Explosives,
24614,28743,Weapon,Other,
24615,28745,Weapon,Knife,
24616,28746,Weapon,Knife,
24617,28747,Weapon,Poison,
24618,28748,Weapon,Explosives,
24619,28749,Weapon,Other,
24620,28751,Weapon,Firearm,
24621,28752,Weapon,Poison,
24622,28753,Weapon,Poison,
24623,28754,Weapon,Poison,
24624,28755,Weapon,Other,
24625,28756,Weapon,Blunt Object,
24626,28757,Weapon,Knife,
24627,28759,Weapon,Explosives,
24628,28760,Weapon,Poison,
24629,28761,Weapon,Poison,
24630,28762,Weapon,Other,
24631,28764,Weapon,Firearm,
24632,28765,Weapon,Poison,
24633,28766,Weapon,Firearm,
24634,28767,Weapon,Other,
24635,28768,Weapon,Other,
24636,28769,Weapon,Blunt Object,
24637,28770,Weapon,Explosives,
24638,28771,Weapon,Other,
24639,28772,Weapon,Firearm,
24640,28773,Weapon,Poison,
24641,28774,Weapon,Firearm,
24642,28775,Weapon,Firearm,
24643,28776,Weapon,Explosives,
24644,28777,Weapon,Firearm,
24645,28778,Weapon,Explosives,
24646,28779,Weapon,Explosives,
24647,28780,Weapon,Blunt Object,
24648,28781,Weapon,Firearm,
24649,28782,Weapon,Explosives,
24650,28783,Weapon,Other,
24651,28784,Weapon,Explosives,
24652,28786,Weapon,Poison,
24653,28787,Weapon,Other,
24654,28788,Weapon,Firearm,
24655,28789,Weapon,Blunt Object,
24656,28790,Weapon,Explosives,
24657,28791,Weapon,Blunt Object,
24658,28792,Weapon,Other,
24659,28793,Weapon,Poison,
24660,28795,Weapon,Other,
24661,28796,Weapon,Blunt Object,
24662,28798,Weapon,Explosives,
24663,28800,Weapon,Other,
24664,28801,Weapon,Firearm,
24665,28802,Weapon,Blunt Object,
24666,28803,Weapon,Other,
24667,28804,Weapon,Explosives,
24668,28805,Weapon,Blunt Object,
24669,28806,Weapon,Knife,
24670,28807,Weapon,Poison,
24671,28808,Weapon,Blunt Object,
24672,28809,Weapon,Poison,
24673,28810,Weapon,Explosives,
24674,28811,Weapon,Knife,
24675,28814,Weapon,Explosives,
24676,28815,Weapon,Blunt Object,
24677,28817,Weapon,Other,
24678,28818,Weapon,Knife,
24679,28819,Weapon,Explosives,
24680,28820,Weapon,Blunt Object,
24681,28821,Weapon,Firearm,
24682,28822,Weapon,Poison,
24683,28823,Weapon,Firearm,
24684,28824,Weapon,Firearm,
24685,28825,Weapon,Poison,
24686,28826,Weapon,Other,
24687,28827,Weapon,Blunt Object,
24688,28829,Weapon,Poison,
24689,28830,Weapon,Explosives,
24690,28831,Weapon,Other,
24691,28832,Weapon,Explosives,
24692,28834,Weapon,Other,
24693,28835,Weapon,Firearm,
24694,28836,Weapon,Firearm,
24695,28837,Weapon,Other,
24696,28839,Weapon,Explosives,
24697,28840,Weapon,Other,
24698,28841,Weapon,Knife,
24699,28842,Weapon,Firearm,
24700,28843,Weapon,Other,
24701,28844,Weapon,Knife,
24702,28845,Weapon,Blunt Object,
24703,28846,Weapon,Other,
24704,28847,Weapon,Blunt Object,
24705,28848,Weapon,Poison,
24706,28849,Weapon,Explosives,
24707,28850,Weapon,Blunt Object,
24708,28851,Weapon,Firearm,
24709,28852,Weapon,Knife,
24710,28853,Weapon,Firearm,
24711,28854,Weapon,Blunt Object,
24712,28855,Weapon,Knife,
24713,28856,Weapon,Firearm,
24714,28858,Weapon,Poison,
24715,28859,Weapon,Other,
24716,28860,Weapon,Knife,
24717,28862,Weapon,Other,
24718,28863,Weapon,Firearm,
24719,28864,Weapon,Explosives,
24720,28865,Weapon,Explosives,
24721,28866,Weapon,Other,
24722,28867,Weapon,Other,
24723,28868,Weapon,Knife,
24724,28869,Weapon,Poison,
24725,28870,Weapon,Knife,
24726,28871,Weapon,Other,
24727,28872,Weapon,Blunt Object,
24728,28873,Weapon,Explosives,
24729,28874,Weapon,Blunt Object,
24730,28875,Weapon,Poison,
24731,28876,Weapon,Blunt Object,
24732,28877,Weapon,Knife,
24733,28878,Weapon,Poison,
24734,28880,Weapon,Blunt Object,
24735,28882,Weapon,Blunt Object,
24736,28883,Weapon,Poison,
24737,28884,Weapon,Explosives,
24738,28885,Weapon,Blunt Object,
24739,28886,Weapon,Poison,
24740,28887,Weapon,Firearm,
24741,28888,Weapon,Explosives,
24742,28889,Weapon,Poison,
24743,28890,Weapon,Blunt Object,
24744,28891,Weapon,Blunt Object,
24745,28892,Weapon,Blunt Object,
24746,28893,Weapon,Blunt Object,
24747,28894,Weapon,Explosives,
24748,28895,Weapon,Firearm,
24749,28896,Weapon,Poison,
24750,28897,Weapon,Other,
24751,28898,Weapon,Knife,
24752,28899,Weapon,Firearm,
24753,28900,Weapon,Explosives,
24754,28901,Weapon,Firearm,
24755,28902,Weapon,Firearm,
24756,28903,Weapon,Other,
24757,28904,Weapon,Explosives,
24758,28905,Weapon,Explosives,
24759,28906,Weapon,Explosives,
24760,28908,Weapon,Knife,
24761,28909,Weapon,Firearm,
24762,28910,Weapon,Explosives,
24763,28911,Weapon,Knife,
24764,28912,Weapon,Knife,
24765,28913,Weapon,Explosives,
24766,28914,Weapon,Blunt Object,
24767,28915,Weapon,Blunt Object,
24768,28916,Weapon,Explosives,
24769,28917,Weapon,Firearm,
24770,28918,Weapon,Explosives,
24771,28919,Weapon,Explosives,
24772,28920,Weapon,Knife,
24773,28922,Weapon,Other,
24774,28923,Weapon,Firearm,
24775,28924,Weapon,Other,
24776,28925,Weapon,Poison,
24777,28926,Weapon,Other,
24778,28927,Weapon,Firearm,
24779,28928,Weapon,Firearm,
24780,28929,Weapon,Knife,
24781,28930,Weapon,Firearm,
24782,28931,Weapon,Knife,
24783,28932,Weapon,Blunt Object,
24784,28933,Weapon,Explosives,
24785,28934,Weapon,Blunt Object,
24786,28935,Weapon,Blunt Object,
24787,28936,Weapon,Firearm,
24788,28937,Weapon,Other,
24789,28938,Weapon,Explosives,
24790,28939,Weapon,Other,
24791,28940,Weapon,Firearm,
24792,28941,Weapon,Blunt Object,
24793,28942,Weapon,Explosives,
24794,28943,Weapon,Other,
24795,28944,Weapon,Poison,
24796,28945,Weapon,Blunt Object,
24797,28946,Weapon,Poison,
24798,28947,Weapon,Poison,
24799,28948,Weapon,Explosives,
24800,28949,Weapon,Poison,
24801,28950,Weapon,Knife,
24802,28951,Weapon,Poison,
24803,28952,Weapon,Blunt Object,
24804,28954,Weapon,Explosives,
24805,28956,Weapon,Blunt Object,
24806,28957,Weapon,Poison,
24807,28958,Weapon,Explosives,
24808,28959,Weapon,Other,
24809,28960,Weapon,Explosives,
24810,28961,Weapon,Knife,
24811,28962,Weapon,Other,
24812,28963,Weapon,Explosives,
24813,28964,Weapon,Explosives,
24814,28965,Weapon,Knife,
24815,28966,Weapon,Explosives,
24816,28967,Weapon,Knife,
24817,28968,Weapon,Firearm,
24818,28969,Weapon,Blunt Object,
24819,28970,Weapon,Knife,
24820,28971,Weapon,Other,
24821,28972,Weapon,Explosives,
24822,28973,Weapon,Poison,
24823,28974,Weapon,Blunt Object,
24824,28975,Weapon,Explosives,
24825,28976,Weapon,Firearm,
24826,28977,Weapon,Explosives,
24827,28978,Weapon,Explosives,
24828,28979,Weapon,Other,
24829,28980,Weapon,Firearm,
24830,28981,Weapon,Knife,
24831,28982,Weapon,Knife,
24832,28983,Weapon,Other,
24833,28984,Weapon,Blunt Object,
24834,28985,Weapon,Explosives,
24835,28986,Weapon,Blunt Object,
24836,28987,Weapon,Knife,
24837,28988,Weapon,Other,
24838,28989,Weapon,Knife,
24839,28990,Weapon,Explosives,
24840,28991,Weapon,Firearm,
24841,28992,Weapon,Knife,
24842,28993,Weapon,Knife,
24843,28994,Weapon,Firearm,
24844,28995,Weapon,Other,
24845,28996,Weapon,Other,
24846,28998,Weapon,Blunt Object,
24847,28999,Weapon,Explosives,
24848,29000,Weapon,Firearm,
24849,29001,Weapon,Poison,
24850,29002,Weapon,Other,
24851,29003,Weapon,Explosives,
24852,29004,Weapon,Explosives,
24853,29005,Weapon,Poison,
24854,29006,Weapon,Poison,
24855,29008,Weapon,Other,
24856,29009,Weapon,Blunt Object,
24857,29010,Weapon,Other,
24858,29011,Weapon,Other,
24859,29014,Weapon,Explosives,
24860,29016,Weapon,Knife,
24861,29017,Weapon,Other,
24862,29018,Weapon,Poison,
24863,29019,Weapon,Firearm,
24864,29020,Weapon,Blunt Object,
24865,29021,Weapon,Knife,
24866,29023,Weapon,Blunt Object,
24867,29024,Weapon,Poison,
24868,29025,Weapon,Other,
24869,29026,Weapon,Poison,
24870,29027,Weapon,Other,
24871,29028,Weapon,Explosives,
24872,29029,Weapon,Explosives,
24873,29031,Weapon,Poison,
24874,29032,Weapon,Blunt Object,
24875,29034,Weapon,Other,
24876,29035,Weapon,Other,
24877,29036,Weapon,Other,
24878,29037,Weapon,Poison,
24879,29038,Weapon,Firearm,
24880,29039,Weapon,Other,
24881,29041,Weapon,Knife,
24882,29042,Weapon,Firearm,
24883,29043,Weapon,Explosives,
24884,29044,Weapon,Blunt Object,
24885,29046,Weapon,Blunt Object,
24886,29047,Weapon,Poison,
24887,29048,Weapon,Firearm,
24888,29049,Weapon,Other,
24889,29050,Weapon,Explosives,
24890,29051,Weapon,Firearm,
24891,29052,Weapon,Other,
24892,29054,Weapon,Explosives,
24893,29055,Weapon,Knife,
24894,29057,Weapon,Poison,
24895,29058,Weapon,Knife,
24896,29059,Weapon,Explosives,
24897,29060,Weapon,Explosives,
24898,29061,Weapon,Blunt Object,
24899,29062,Weapon,Blunt Object,
24900,29063,Weapon,Firearm,
24901,29064,Weapon,Blunt Object,
24902,29065,Weapon,Other,
24903,29066,Weapon,Blunt Object,
24904,29067,Weapon,Poison,
24905,29068,Weapon,Firearm,
24906,29069,Weapon,Blunt Object,
24907,29070,Weapon,Explosives,
24908,29072,Weapon,Blunt Object,
24909,29073,Weapon,Blunt Object,
24910,29074,Weapon,Blunt Object,
24911,29075,Weapon,Blunt Object,
24912,29076,Weapon,Knife,
24913,29077,Weapon,Other,
24914,29078,Weapon,Explosives,
24915,29079,Weapon,Explosives,
24916,29080,Weapon,Knife,
24917,29081,Weapon,Explosives,
24918,29082,Weapon,Explosives,
24919,29083,Weapon,Poison,
24920,29084,Weapon,Other,
24921,29085,Weapon,Explosives,
24922,29086,Weapon,Explosives,
24923,29087,Weapon,Poison,
24924,29089,Weapon,Poison,
24925,29090,Weapon,Explosives,
24926,29091,Weapon,Firearm,
24927,29093,Weapon,Explosives,
24928,29095,Weapon,Explosives,
24929,29096,Weapon,Other,
24930,29097,Weapon,Explosives,
24931,29098,Weapon,Poison,
24932,29099,Weapon,Explosives,
24933,29100,Weapon,Knife,
24934,29101,Weapon,Other,
24935,29102,Weapon,Blunt Object,
24936,29103,Weapon,Blunt Object,
24937,29104,Weapon,Explosives,
24938,29105,Weapon,Explosives,
24939,29106,Weapon,Knife,
24940,29107,Weapon,Other,
24941,29108,Weapon,Firearm,
24942,29110,Weapon,Firearm,
24943,29111,Weapon,Explosives,
24944,29112,Weapon,Other,
24945,29113,Weapon,Poison,
24946,29114,Weapon,Poison,
24947,29115,Weapon,Poison,
24948,29116,Weapon,Knife,
24949,29117,Weapon,Explosives,
24950,29118,Weapon,Other,
24951,29119,Weapon,Blunt Object,
24952,29120,Weapon,Blunt Object,
24953,29121,Weapon,Other,
24954,29122,Weapon,Explosives,
24955,29123,Weapon,Poison,
24956,29124,Weapon,Firearm,
24957,29125,Weapon,Explosives,
24958,29127,Weapon,Knife,
24959,29128,Weapon,Explosives,
24960,29129,Weapon,Other,
24961,29130,Weapon,Poison,
24962,29131,Weapon,Explosives,
24963,29132,Weapon,Firearm,
24964,29133,Weapon,Explosives,
24965,29134,Weapon,Knife,
24966,29135,Weapon,Knife,
24967,29136,Weapon,Firearm,
24968,29137,Weapon,Blunt Object,
24969,29138,Weapon,Knife,
24970,29139,Weapon,Poison,
24971,29140,Weapon,Firearm,
24972,29141,Weapon,Blunt Object,
24973,29142,Weapon,Poison,
24974,29143,Weapon,Other,
24975,29144,Weapon,Other,
24976,29145,Weapon,Other,
24977,29146,Weapon,Poison,
24978,29147,Weapon,Knife,
24979,29148,Weapon,Knife,
24980,29149,Weapon,Other,
24981,29150,Weapon,Other,
24982,29152,Weapon,Knife,
24983,29153,Weapon,Other,
24984,29154,Weapon,Other,
24985,29155,Weapon,Explosives,
24986,29156,Weapon,Firearm,
24987,29158,Weapon,Other,
24988,29159,Weapon,Firearm,
24989,29160,Weapon,Blunt Object,
24990,29161,Weapon,Firearm,
24991,29162,Weapon,Other,
24992,29164,Weapon,Blunt Object,
24993,29165,Weapon,Knife,
24994,29166,Weapon,Poison,
24995,29167,Weapon,Firearm,
24996,29168,Weapon,Firearm,
24997,29170,Weapon,Poison,
24998,29172,Weapon,Blunt Object,
24999,29173,Weapon,Explosives,
25000,29174,Weapon,Knife,
25001,29175,Weapon,Poison,
25002,29176,Weapon,Blunt Object,
25003,29177,Weapon,Blunt Object,
25004,29178,Weapon,Knife,
25005,29179,Weapon,Firearm,
25006,29180,Weapon,Knife,
25007,29181,Weapon,Blunt Object,
25008,29182,Weapon,Knife,
25009,29184,Weapon,Knife,
25010,29185,Weapon,Knife,
25011,29186,Weapon,Poison,
25012,29187,Weapon,Poison,
25013,29188,Weapon,Blunt Object,
25014,29189,Weapon,Knife,
25015,29190,Weapon,Poison,
25016,29191,Weapon,Poison,
25017,29192,Weapon,Other,
25018,29193,Weapon,Poison,
25019,29194,Weapon,Other,
25020,29195,Weapon,Blunt Object,
25021,29196,Weapon,Poison,
25022,29197,Weapon,Knife,
25023,29198,Weapon,Blunt Object,
25024,29199,Weapon,Knife,
25025,29200,Weapon,Poison,
25026,29201,Weapon,Knife,
25027,29203,Weapon,Firearm,
25028,29205,Weapon,Explosives,
25029,29206,Weapon,Explosives,
25030,29207,Weapon,Knife,
25031,29208,Weapon,Other,
25032,29209,Weapon,Blunt Object,
25033,29210,Weapon,Poison,
25034,29211,Weapon,Poison,
25035,29212,Weapon,Other,
25036,29213,Weapon,Blunt Object,
25037,29214,Weapon,Firearm,
25038,29215,Weapon,Explosives,
25039,29216,Weapon,Explosives,
25040,29217,Weapon,Firearm,
25041,29218,Weapon,Firearm,
25042,29219,Weapon,Poison,
25043,29220,Weapon,Explosives,
25044,29221,Weapon,Knife,
25045,29222,Weapon,Other,
25046,29223,Weapon,Poison,
25047,29224,Weapon,Firearm,
25048,29225,Weapon,Firearm,
25049,29226,Weapon,Firearm,
25050,29227,Weapon,Other,
25051,29229,Weapon,Other,
25052,29230,Weapon,Poison,
25053,29231,Weapon,Firearm,
25054,29232,Weapon,Poison,
25055,29234,Weapon,Explosives,
25056,29235,Weapon,Explosives,
25057,29236,Weapon,Poison,
25058,29237,Weapon,Knife,
25059,29238,Weapon,Other,
25060,29239,Weapon,Explosives,
25061,29241,Weapon,Knife,
25062,29242,Weapon,Firearm,
25063,29243,Weapon,Explosives,
25064,29244,Weapon,Blunt Object,
25065,29245,Weapon,Explosives,
25066,29247,Weapon,Explosives,
25067,29249,Weapon,Blunt Object,
25068,29250,Weapon,Explosives,
25069,29251,Weapon,Knife,
25070,29252,Weapon,Explosives,
25071,29253,Weapon,Explosives,
25072,29254,Weapon,Other,
25073,29255,Weapon,Knife,
25074,29256,Weapon,Knife,
25075,29257,Weapon,Knife,
25076,29258,Weapon,Explosives,
25077,29260,Weapon,Blunt Object,
25078,29261,Weapon,Poison,
25079,29262,Weapon,Knife,
25080,29263,Weapon,Explosives,
25081,29264,Weapon,Explosives,
25082,29265,Weapon,Knife,
25083,29266,Weapon,Blunt Object,
25084,29267,Weapon,Firearm,
25085,29268,Weapon,Poison,
25086,29269,Weapon,Blunt Object,
25087,29270,Weapon,Firearm,
25088,29271,Weapon,Explosives,
25089,29273,Weapon,Other,
25090,29274,Weapon,Poison,
25091,29276,Weapon,Firearm,
25092,29277,Weapon,Explosives,
25093,29278,Weapon,Firearm,
25094,29280,Weapon,Knife,
25095,29281,Weapon,Poison,
25096,29283,Weapon,Poison,
25097,29285,Weapon,Poison,
25098,29286,Weapon,Poison,
25099,29287,Weapon,Explosives,
25100,29289,Weapon,Blunt Object,
25101,29290,Weapon,Explosives,
25102,29291,Weapon,Firearm,
25103,29293,Weapon,Firearm,
25104,29294,Weapon,Explosives,
25105,29295,Weapon,Knife,
25106,29296,Weapon,Explosives,
25107,29297,Weapon,Poison,
25108,29298,Weapon,Explosives,
25109,29299,Weapon,Explosives,
25110,29300,Weapon,Explosives,
25111,29301,Weapon,Blunt Object,
25112,29302,Weapon,Explosives,
25113,29303,Weapon,Blunt Object,
25114,29304,Weapon,Other,
25115,29305,Weapon,Poison,
25116,29306,Weapon,Other,
25117,29307,Weapon,Blunt Object,
25118,29308,Weapon,Knife,
25119,29309,Weapon,Blunt Object,
25120,29310,Weapon,Other,
25121,29311,Weapon,Firearm,
25122,29312,Weapon,Explosives,
25123,29313,Weapon,Blunt Object,
25124,29314,Weapon,Blunt Object,
25125,29316,Weapon,Blunt Object,
25126,29317,Weapon,Blunt Object,
25127,29318,Weapon,Other,
25128,29319,Weapon,Blunt Object,
25129,29320,Weapon,Explosives,
25130,29321,Weapon,Other,
25131,29322,Weapon,Poison,
25132,29323,Weapon,Firearm,
25133,29324,Weapon,Blunt Object,
25134,29325,Weapon,Firearm,
25135,29327,Weapon,Poison,
25136,29328,Weapon,Other,
25137,29331,Weapon,Other,
25138,29332,Weapon,Explosives,
25139,29333,Weapon,Firearm,
25140,29334,Weapon,Other,
25141,29335,Weapon,Poison,
25142,29336,Weapon,Other,
25143,29337,Weapon,Poison,
25144,29339,Weapon,Poison,
25145,29340,Weapon,Firearm,
25146,29342,Weapon,Blunt Object,
25147,29343,Weapon,Poison,
25148,29344,Weapon,Other,
25149,29345,Weapon,Knife,
25150,29346,Weapon,Poison,
25151,29348,Weapon,Other,
25152,29349,Weapon,Blunt Object,
25153,29351,Weapon,Knife,
25154,29352,Weapon,Knife,
25155,29353,Weapon,Poison,
25156,29354,Weapon,Knife,
25157,29355,Weapon,Poison,
25158,29356,Weapon,Knife,
25159,29357,Weapon,Blunt Object,
25160,29359,Weapon,Explosives,
25161,29360,Weapon,Poison,
25162,29361,Weapon,Firearm,
25163,29362,Weapon,Firearm,
25164,29363,Weapon,Explosives,
25165,29364,Weapon,Firearm,
25166,29365,Weapon,Blunt Object,
25167,29366,Weapon,Firearm,
25168,29368,Weapon,Poison,
25169,29369,Weapon,Knife,
25170,29370,Weapon,Other,
25171,29371,Weapon,Knife,
25172,29373,Weapon,Firearm,
25173,29375,Weapon,Knife,
25174,29377,Weapon,Knife,
25175,29378,Weapon,Poison,
25176,29379,Weapon,Explosives,
25177,29380,Weapon,Knife,
25178,29381,Weapon,Poison,
25179,29382,Weapon,Explosives,
25180,29383,Weapon,Blunt Object,
25181,29384,Weapon,Blunt Object,
25182,29386,Weapon,Blunt Object,
25183,29387,Weapon,Knife,
25184,29388,Weapon,Explosives,
25185,29389,Weapon,Blunt Object,
25186,29390,Weapon,Other,
25187,29391,Weapon,Firearm,
25188,29392,Weapon,Poison,
25189,29393,Weapon,Firearm,
25190,29395,Weapon,Blunt Object,
25191,29396,Weapon,Explosives,
25192,29397,Weapon,Blunt Object,
25193,29398,Weapon,Poison,
25194,29399,Weapon,Firearm,
25195,29400,Weapon,Poison,
25196,29401,Weapon,Poison,
25197,29402,Weapon,Knife,
25198,29403,Weapon,Knife,
25199,29404,Weapon,Poison,
25200,29405,Weapon,Knife,
25201,29406,Weapon,Firearm,
25202,29407,Weapon,Poison,
25203,29408,Weapon,Poison,
25204,29409,Weapon,Poison,
25205,29410,Weapon,Explosives,
25206,29412,Weapon,Firearm,
25207,29413,Weapon,Blunt Object,
25208,29414,Weapon,Knife,
25209,29415,Weapon,Poison,
25210,29416,Weapon,Explosives,
25211,29417,Weapon,Firearm,
25212,29418,Weapon,Other,
25213,29419,Weapon,Explosives,
25214,29420,Weapon,Firearm,
25215,29421,Weapon,Blunt Object,
25216,29422,Weapon,Blunt Object,
25217,29423,Weapon,Firearm,
25218,29424,Weapon,Knife,
25219,29425,Weapon,Firearm,
25220,29426,Weapon,Poison,
25221,29427,Weapon,Poison,
25222,29428,Weapon,Other,
25223,29429,Weapon,Firearm,
25224,29430,Weapon,Other,
25225,29432,Weapon,Blunt Object,
25226,29433,Weapon,Blunt Object,
25227,29434,Weapon,Knife,
25228,29435,Weapon,Firearm,
25229,29436,Weapon,Explosives,
25230,29438,Weapon,Firearm,
25231,29439,Weapon,Firearm,
25232,29440,Weapon,Blunt Object,
25233,29441,Weapon,Explosives,
25234,29442,Weapon,Other,
25235,29443,Weapon,Firearm,
25236,29444,Weapon,Poison,
25237,29445,Weapon,Other,
25238,29447,Weapon,Firearm,
25239,29448,Weapon,Other,
25240,29449,Weapon,Explosives,
25241,29450,Weapon,Firearm,
25242,29451,Weapon,Firearm,
25243,29453,Weapon,Other,
25244,29454,Weapon,Knife,
25245,29455,Weapon,Knife,
25246,29456,Weapon,Knife,
25247,29457,Weapon,Other,
25248,29459,Weapon,Firearm,
25249,29460,Weapon,Firearm,
25250,29461,Weapon,Explosives,
25251,29462,Weapon,Knife,
25252,29463,Weapon,Knife,
25253,29464,Weapon,Knife,
25254,29465,Weapon,Explosives,
25255,29467,Weapon,Poison,
25256,29468,Weapon,Poison,
25257,29469,Weapon,Explosives,
25258,29470,Weapon,Poison,
25259,29471,Weapon,Explosives,
25260,29473,Weapon,Blunt Object,
25261,29474,Weapon,Firearm,
25262,29476,Weapon,Poison,
25263,29477,Weapon,Poison,
25264,29478,Weapon,Firearm,
25265,29479,Weapon,Knife,
25266,29480,Weapon,Blunt Object,
25267,29481,Weapon,Knife,
25268,29482,Weapon,Poison,
25269,29483,Weapon,Poison,
25270,29484,Weapon,Poison,
25271,29485,Weapon,Poison,
25272,29486,Weapon,Other,
25273,29487,Weapon,Other,
25274,29488,Weapon,Blunt Object,
25275,29489,Weapon,Blunt Object,
25276,29490,Weapon,Firearm,
25277,29491,Weapon,Blunt Object,
25278,29493,Weapon,Knife,
25279,29494,Weapon,Other,
25280,29495,Weapon,Blunt Object,
25281,29496,Weapon,Firearm,
25282,29498,Weapon,Poison,
25283,29499,Weapon,Explosives,
25284,29500,Weapon,Blunt Object,
25285,29501,Weapon,Other,
25286,29502,Weapon,Explosives,
25287,29504,Weapon,Blunt Object,
25288,29505,Weapon,Firearm,
25289,29506,Weapon,Explosives,
25290,29508,Weapon,Other,
25291,29509,Weapon,Blunt Object,
25292,29510,Weapon,Firearm,
25293,29511,Weapon,Knife,
25294,29512,Weapon,Firearm,
25295,29514,Weapon,Blunt Object,
25296,29515,Weapon,Knife,
25297,29516,Weapon,Other,
25298,29517,Weapon,Blunt Object,
25299,29518,Weapon,Firearm,
25300,29519,Weapon,Other,
25301,29520,Weapon,Knife,
25302,29521,Weapon,Knife,
25303,29522,Weapon,Explosives,
25304,29523,Weapon,Explosives,
25305,29525,Weapon,Blunt Object,
25306,29526,Weapon,Other,
25307,29527,Weapon,Blunt Object,
25308,29528,Weapon,Explosives,
25309,29529,Weapon,Blunt Object,
25310,29531,Weapon,Blunt Object,
25311,29532,Weapon,Blunt Object,
25312,29535,Weapon,Blunt Object,
25313,29536,Weapon,Knife,
25314,29537,Weapon,Explosives,
25315,29538,Weapon,Explosives,
25316,29539,Weapon,Blunt Object,
25317,29541,Weapon,Explosives,
25318,29542,Weapon,Explosives,
25319,29543,Weapon,Blunt Object,
25320,29544,Weapon,Poison,
25321,29545,Weapon,Explosives,
25322,29546,Weapon,Blunt Object,
25323,29547,Weapon,Explosives,
25324,29548,Weapon,Blunt Object,
25325,29549,Weapon,Knife,
25326,29550,Weapon,Knife,
25327,29551,Weapon,Blunt Object,
25328,29552,Weapon,Explosives,
25329,29553,Weapon,Blunt Object,
25330,29554,Weapon,Poison,
25331,29555,Weapon,Knife,
25332,29556,Weapon,Explosives,
25333,29557,Weapon,Firearm,
25334,29558,Weapon,Firearm,
25335,29559,Weapon,Explosives,
25336,29560,Weapon,Knife,
25337,29561,Weapon,Explosives,
25338,29563,Weapon,Knife,
25339,29564,Weapon,Knife,
25340,29565,Weapon,Other,
25341,29566,Weapon,Firearm,
25342,29567,Weapon,Knife,
25343,29568,Weapon,Poison,
25344,29569,Weapon,Other,
25345,29571,Weapon,Explosives,
25346,29572,Weapon,Knife,
25347,29573,Weapon,Poison,
25348,29574,Weapon,Knife,
25349,29575,Weapon,Blunt Object,
25350,29576,Weapon,Knife,
25351,29577,Weapon,Knife,
25352,29578,Weapon,Blunt Object,
25353,29579,Weapon,Firearm,
25354,29580,Weapon,Explosives,
25355,29581,Weapon,Knife,
25356,29582,Weapon,Blunt Object,
25357,29583,Weapon,Poison,
25358,29584,Weapon,Poison,
25359,29585,Weapon,Blunt Object,
25360,29587,Weapon,Other,
25361,29588,Weapon,Blunt Object,
25362,29589,Weapon,Blunt Object,
25363,29590,Weapon,Firearm,
25364,29591,Weapon,Knife,
25365,29592,Weapon,Poison,
25366,29594,Weapon,Blunt Object,
25367,29596,Weapon,Firearm,
25368,29597,Weapon,Knife,
25369,29598,Weapon,Blunt Object,
25370,29599,Weapon,Explosives,
25371,29600,Weapon,Poison,
25372,29601,Weapon,Blunt Object,
25373,29603,Weapon,Firearm,
25374,29604,Weapon,Blunt Object,
25375,29605,Weapon,Firearm,
25376,29606,Weapon,Explosives,
25377,29607,Weapon,Firearm,
25378,29608,Weapon,Blunt Object,
25379,29609,Weapon,Knife,
25380,29610,Weapon,Firearm,
25381,29611,Weapon,Poison,
25382,29612,Weapon,Explosives,
25383,29613,Weapon,Firearm,
25384,29614,Weapon,Blunt Object,
25385,29615,Weapon,Blunt Object,
25386,29616,Weapon,Blunt Object,
25387,29617,Weapon,Knife,
25388,29618,Weapon,Blunt Object,
25389,29619,Weapon,Explosives,
25390,29620,Weapon,Firearm,
25391,29622,Weapon,Other,
25392,29623,Weapon,Firearm,
25393,29624,Weapon,Explosives,
25394,29625,Weapon,Poison,
25395,29626,Weapon,Knife,
25396,29627,Weapon,Firearm,
25397,29629,Weapon,Explosives,
25398,29630,Weapon,Blunt Object,
25399,29631,Weapon,Blunt Object,
25400,29632,Weapon,Poison,
25401,29633,Weapon,Explosives,
25402,29634,Weapon,Explosives,
25403,29635,Weapon,Poison,
25404,29636,Weapon,Other,
25405,29637,Weapon,Knife,
25406,29638,Weapon,Knife,
25407,29640,Weapon,Blunt Object,
25408,29641,Weapon,Knife,
25409,29643,Weapon,Blunt Object,
25410,29644,Weapon,Other,
25411,29645,Weapon,Other,
25412,29646,Weapon,Firearm,
25413,29647,Weapon,Poison,
25414,29648,Weapon,Firearm,
25415,29649,Weapon,Firearm,
25416,29650,Weapon,Explosives,
25417,29651,Weapon,Other,
25418,29653,Weapon,Blunt Object,
25419,29654,Weapon,Firearm,
25420,29655,Weapon,Blunt Object,
25421,29656,Weapon,Explosives,
25422,29657,Weapon,Blunt Object,
25423,29658,Weapon,Blunt Object,
25424,29660,Weapon,Firearm,
25425,29661,Weapon,Other,
25426,29662,Weapon,Blunt Object,
25427,29663,Weapon,Blunt Object,
25428,29664,Weapon,Knife,
25429,29665,Weapon,Explosives,
25430,29667,Weapon,Blunt Object,
25431,29668,Weapon,Firearm,
25432,29669,Weapon,Firearm,
25433,29670,Weapon,Poison,
25434,29672,Weapon,Blunt Object,
25435,29674,Weapon,Knife,
25436,29675,Weapon,Poison,
25437,29676,Weapon,Explosives,
25438,29677,Weapon,Explosives,
25439,29678,Weapon,Explosives,
25440,29679,Weapon,Explosives,
25441,29680,Weapon,Poison,
25442,29681,Weapon,Firearm,
25443,29682,Weapon,Explosives,
25444,29683,Weapon,Firearm,
25445,29685,Weapon,Other,
25446,29686,Weapon,Firearm,
25447,29688,Weapon,Poison,
25448,29689,Weapon,Explosives,
25449,29690,Weapon,Other,
25450,29691,Weapon,Firearm,
25451,29692,Weapon,Poison,
25452,29693,Weapon,Blunt Object,
25453,29694,Weapon,Poison,
25454,29695,Weapon,Poison,
25455,29697,Weapon,Blunt Object,
25456,29698,Weapon,Blunt Object,
25457,29699,Weapon,Other,
25458,29701,Weapon,Blunt Object,
25459,29702,Weapon,Blunt Object,
25460,29703,Weapon,Blunt Object,
25461,29704,Weapon,Other,
25462,29706,Weapon,Knife,
25463,29707,Weapon,Blunt Object,
25464,29708,Weapon,Blunt Object,
25465,29709,Weapon,Explosives,
25466,29710,Weapon,Explosives,
25467,29711,Weapon,Explosives,
25468,29712,Weapon,Other,
25469,29713,Weapon,Firearm,
25470,29714,Weapon,Knife,
25471,29715,Weapon,Knife,
25472,29716,Weapon,Other,
25473,29717,Weapon,Other,
25474,29718,Weapon,Firearm,
25475,29721,Weapon,Other,
25476,29722,Weapon,Blunt Object,
25477,29723,Weapon,Firearm,
25478,29724,Weapon,Knife,
25479,29725,Weapon,Firearm,
25480,29726,Weapon,Knife,
25481,29728,Weapon,Poison,
25482,29729,Weapon,Poison,
25483,29730,Weapon,Knife,
25484,29731,Weapon,Explosives,
25485,29732,Weapon,Knife,
25486,29733,Weapon,Poison,
25487,29735,Weapon,Other,
25488,29736,Weapon,Firearm,
25489,29738,Weapon,Explosives,
25490,29739,Weapon,Explosives,
25491,29740,Weapon,Blunt Object,
25492,29741,Weapon,Blunt Object,
25493,29742,Weapon,Knife,
25494,29743,Weapon,Blunt Object,
25495,29744,Weapon,Other,
25496,29745,Weapon,Poison,
25497,29746,Weapon,Poison,
25498,29747,Weapon,Poison,
25499,29748,Weapon,Poison,
25500,29749,Weapon,Poison,
25501,29750,Weapon,Other,
25502,29751,Weapon,Other,
25503,29752,Weapon,Poison,
25504,29753,Weapon,Blunt Object,
25505,29754,Weapon,Knife,
25506,29755,Weapon,Blunt Object,
25507,29756,Weapon,Poison,
25508,29757,Weapon,Other,
25509,29758,Weapon,Knife,
25510,29759,Weapon,Other,
25511,29760,Weapon,Explosives,
25512,29761,Weapon,Poison,
25513,29764,Weapon,Blunt Object,
25514,29766,Weapon,Knife,
25515,29767,Weapon,Poison,
25516,29768,Weapon,Knife,
25517,29769,Weapon,Knife,
25518,29770,Weapon,Firearm,
25519,29773,Weapon,Explosives,
25520,29774,Weapon,Explosives,
25521,29775,Weapon,Firearm,
25522,29777,Weapon,Knife,
25523,29778,Weapon,Firearm,
25524,29779,Weapon,Poison,
25525,29780,Weapon,Other,
25526,29781,Weapon,Blunt Object,
25527,29782,Weapon,Poison,
25528,29783,Weapon,Blunt Object,
25529,29784,Weapon,Blunt Object,
25530,29785,Weapon,Explosives,
25531,29786,Weapon,Poison,
25532,29787,Weapon,Blunt Object,
25533,29788,Weapon,Knife,
25534,29789,Weapon,Blunt Object,
25535,29790,Weapon,Blunt Object,
25536,29791,Weapon,Blunt Object,
25537,29792,Weapon,Poison,
25538,29793,Weapon,Knife,
25539,29794,Weapon,Other,
25540,29795,Weapon,Explosives,
25541,29796,Weapon,Explosives,
25542,29797,Weapon,Knife,
25543,29798,Weapon,Poison,
25544,29799,Weapon,Explosives,
25545,29800,Weapon,Knife,
25546,29801,Weapon,Knife,
25547,29802,Weapon,Explosives,
25548,29803,Weapon,Other,
25549,29804,Weapon,Blunt Object,
25550,29805,Weapon,Explosives,
25551,29806,Weapon,Explosives,
25552,29807,Weapon,Blunt Object,
25553,29808,Weapon,Poison,
25554,29809,Weapon,Explosives,
25555,29810,Weapon,Knife,
25556,29811,Weapon,Firearm,
25557,29812,Weapon,Firearm,
25558,29813,Weapon,Firearm,
25559,29815,Weapon,Blunt Object,
25560,29816,Weapon,Blunt Object,
25561,29817,Weapon,Poison,
25562,29818,Weapon,Knife,
25563,29819,Weapon,Other,
25564,29820,Weapon,Other,
25565,29821,Weapon,Blunt Object,
25566,29822,Weapon,Firearm,
25567,29823,Weapon,Blunt Object,
25568,29824,Weapon,Knife,
25569,29825,Weapon,Firearm,
25570,29826,Weapon,Firearm,
25571,29827,Weapon,Knife,
25572,29828,Weapon,Firearm,
25573,29829,Weapon,Poison,
25574,29830,Weapon,Firearm,
25575,29831,Weapon,Knife,
25576,29833,Weapon,Blunt Object,
25577,29834,Weapon,Explosives,
25578,29835,Weapon,Other,
25579,29836,Weapon,Other,
25580,29837,Weapon,Other,
25581,29838,Weapon,Firearm,
25582,29840,Weapon,Explosives,
25583,29841,Weapon,Blunt Object,
25584,29842,Weapon,Firearm,
25585,29844,Weapon,Explosives,
25586,29845,Weapon,Explosives,
25587,29847,Weapon,Blunt Object,
25588,29848,Weapon,Blunt Object,
25589,29849,Weapon,Firearm,
25590,29850,Weapon,Poison,
25591,29851,Weapon,Poison,
25592,29852,Weapon,Poison,
25593,29853,Weapon,Other,
25594,29854,Weapon,Blunt Object,
25595,29855,Weapon,Poison,
25596,29856,Weapon,Poison,
25597,29858,Weapon,Knife,
25598,29859,Weapon,Blunt Object,
25599,29860,Weapon,Other,
25600,29862,Weapon,Blunt Object,
25601,29863,Weapon,Blunt Object,
25602,29864,Weapon,Knife,
25603,29865,Weapon,Other,
25604,29868,Weapon,Poison,
25605,29869,Weapon,Blunt Object,
25606,29870,Weapon,Other,
25607,29871,Weapon,Other,
25608,29872,Weapon,Knife,
25609,29873,Weapon,Poison,
25610,29874,Weapon,Explosives,
25611,29875,Weapon,Other,
25612,29877,Weapon,Blunt Object,
25613,29878,Weapon,Firearm,
25614,29879,Weapon,Blunt Object,
25615,29880,Weapon,Poison,
25616,29881,Weapon,Other,
25617,29882,Weapon,Knife,
25618,29883,Weapon,Knife,
25619,29884,Weapon,Poison,
25620,29885,Weapon,Other,
25621,29886,Weapon,Explosives,
25622,29887,Weapon,Blunt Object,
25623,29888,Weapon,Blunt Object,
25624,29890,Weapon,Knife,
25625,29891,Weapon,Poison,
25626,29892,Weapon,Explosives,
25627,29893,Weapon,Blunt Object,
25628,29894,Weapon,Firearm,
25629,29895,Weapon,Firearm,
25630,29897,Weapon,Blunt Object,
25631,29898,Weapon,Blunt Object,
25632,29899,Weapon,Poison,
25633,29900,Weapon,Other,
25634,29901,Weapon,Explosives,
25635,29902,Weapon,Explosives,
25636,29903,Weapon,Knife,
25637,29904,Weapon,Other,
25638,29905,Weapon,Poison,
25639,29906,Weapon,Poison,
25640,29907,Weapon,Blunt Object,
25641,29908,Weapon,Explosives,
25642,29910,Weapon,Blunt Object,
25643,29911,Weapon,Other,
25644,29912,Weapon,Knife,
25645,29913,Weapon,Firearm,
25646,29914,Weapon,Poison,
25647,29915,Weapon,Explosives,
25648,29916,Weapon,Poison,
25649,29917,Weapon,Knife,
25650,29918,Weapon,Other,
25651,29920,Weapon,Firearm,
25652,29921,Weapon,Explosives,
25653,29923,Weapon,Knife,
25654,29924,Weapon,Poison,
25655,29925,Weapon,Poison,
25656,29927,Weapon,Firearm,
25657,29928,Weapon,Explosives,
25658,29929,Weapon,Knife,
25659,29931,Weapon,Firearm,
25660,29933,Weapon,Other,
25661,29935,Weapon,Poison,
25662,29936,Weapon,Firearm,
25663,29940,Weapon,Other,
25664,29941,Weapon,Firearm,
25665,29942,Weapon,Firearm,
25666,29943,Weapon,Explosives,
25667,29944,Weapon,Blunt Object,
25668,29945,Weapon,Firearm,
25669,29947,Weapon,Explosives,
25670,29948,Weapon,Firearm,
25671,29949,Weapon,Blunt Object,
25672,29951,Weapon,Poison,
25673,29952,Weapon,Firearm,
25674,29953,Weapon,Explosives,
25675,29955,Weapon,Blunt Object,
25676,29956,Weapon,Explosives,
25677,29957,Weapon,Poison,
25678,29958,Weapon,Other,
25679,29959,Weapon,Poison,
25680,29960,Weapon,Poison,
25681,29961,Weapon,Explosives,
25682,29963,Weapon,Explosives,
25683,29964,Weapon,Firearm,
25684,29968,Weapon,Firearm,
25685,29969,Weapon,Blunt Object,
25686,29971,Weapon,Blunt Object,
25687,29973,Weapon,Firearm,
25688,29974,Weapon,Blunt Object,
25689,29975,Weapon,Poison,
25690,29976,Weapon,Knife,
25691,29977,Weapon,Other,
25692,29978,Weapon,Poison,
25693,29979,Weapon,Other,
25694,29980,Weapon,Firearm,
25695,29981,Weapon,Other,
25696,29982,Weapon,Other,
25697,29983,Weapon,Knife,
25698,29984,Weapon,Blunt Object,
25699,29985,Weapon,Poison,
25700,29986,Weapon,Explosives,
25701,29987,Weapon,Knife,
25702,29988,Weapon,Knife,
25703,29989,Weapon,Other,
25704,29990,Weapon,Blunt Object,
25705,29991,Weapon,Poison,
25706,29993,Weapon,Firearm,
25707,29994,Weapon,Other,
25708,29995,Weapon,Explosives,
25709,29997,Weapon,Other,
25710,29998,Weapon,Firearm,
25711,29999,Weapon,Explosives,
25712,30001,Weapon,Knife,
25713,30002,Weapon,Blunt Object,
25714,30003,Weapon,Knife,
25715,30004,Weapon,Other,
25716,30006,Weapon,Knife,
25717,30007,Weapon,Firearm,
25718,30008,Weapon,Blunt Object,
25719,30009,Weapon,Other,
25720,30011,Weapon,Poison,
25721,30012,Weapon,Knife,
25722,30013,Weapon,Knife,
25723,30014,Weapon,Blunt Object,
25724,30015,Weapon,Other,
25725,30016,Weapon,Explosives,
25726,30017,Weapon,Other,
25727,30018,Weapon,Other,
25728,30019,Weapon,Firearm,
25729,30020,Weapon,Poison,
25730,30021,Weapon,Knife,
25731,30022,Weapon,Explosives,
25732,30023,Weapon,Poison,
25733,30024,Weapon,Poison,
25734,30025,Weapon,Firearm,
25735,30026,Weapon,Knife,
25736,30027,Weapon,Firearm,
25737,30028,Weapon,Other,
25738,30029,Weapon,Poison,
25739,30032,Weapon,Other,
25740,30034,Weapon,Poison,
25741,30035,Weapon,Knife,
25742,30036,Weapon,Explosives,
25743,30037,Weapon,Explosives,
25744,30038,Weapon,Other,
25745,30040,Weapon,Firearm,
25746,30041,Weapon,Knife,
25747,30042,Weapon,Explosives,
25748,30044,Weapon,Blunt Object,
25749,30045,Weapon,Explosives,
25750,30046,Weapon,Blunt Object,
25751,30047,Weapon,Blunt Object,
25752,30048,Weapon,Knife,
25753,30049,Weapon,Explosives,
25754,30050,Weapon,Explosives,
25755,30051,Weapon,Blunt Object,
25756,30052,Weapon,Other,
25757,30053,Weapon,Knife,
25758,30054,Weapon,Knife,
25759,30055,Weapon,Explosives,
25760,30056,Weapon,Other,
25761,30057,Weapon,Knife,
25762,30058,Weapon,Knife,
25763,30060,Weapon,Explosives,
25764,30061,Weapon,Other,
25765,30062,Weapon,Other,
25766,30063,Weapon,Blunt Object,
25767,30064,Weapon,Explosives,
25768,30065,Weapon,Blunt Object,
25769,30066,Weapon,Firearm,
25770,30067,Weapon,Blunt Object,
25771,30068,Weapon,Knife,
25772,30070,Weapon,Explosives,
25773,30071,Weapon,Firearm,
25774,30072,Weapon,Firearm,
25775,30073,Weapon,Firearm,
25776,30074,Weapon,Knife,
25777,30075,Weapon,Other,
25778,30076,Weapon,Poison,
25779,30077,Weapon,Explosives,
25780,30078,Weapon,Blunt Object,
25781,30079,Weapon,Firearm,
25782,30080,Weapon,Poison,
25783,30081,Weapon,Blunt Object,
25784,30082,Weapon,Firearm,
25785,30084,Weapon,Firearm,
25786,30085,Weapon,Other,
25787,30086,Weapon,Poison,
25788,30087,Weapon,Explosives,
25789,30090,Weapon,Explosives,
25790,30091,Weapon,Firearm,
25791,30092,Weapon,Poison,
25792,30093,Weapon,Blunt Object,
25793,30094,Weapon,Explosives,
25794,30095,Weapon,Firearm,
25795,30096,Weapon,Knife,
25796,30097,Weapon,Other,
25797,30099,Weapon,Poison,
25798,30100,Weapon,Knife,
25799,30101,Weapon,Explosives,
25800,30102,Weapon,Poison,
25801,30103,Weapon,Knife,
25802,30104,Weapon,Poison,
25803,30105,Weapon,Explosives,
25804,30106,Weapon,Other,
25805,30107,Weapon,Firearm,
25806,30108,Weapon,Firearm,
25807,30109,Weapon,Other,
25808,30110,Weapon,Knife,
25809,30111,Weapon,Knife,
25810,30112,Weapon,Other,
25811,30113,Weapon,Other,
25812,30114,Weapon,Explosives,
25813,30116,Weapon,Knife,
25814,30117,Weapon,Knife,
25815,30118,Weapon,Blunt Object,
25816,30119,Weapon,Knife,
25817,30121,Weapon,Knife,
25818,30122,Weapon,Poison,
25819,30123,Weapon,Other,
25820,30124,Weapon,Poison,
25821,30126,Weapon,Knife,
25822,30127,Weapon,Firearm,
25823,30128,Weapon,Firearm,
25824,30129,Weapon,Firearm,
25825,30131,Weapon,Explosives,
25826,30132,Weapon,Poison,
25827,30133,Weapon,Other,
25828,30134,Weapon,Explosives,
25829,30136,Weapon,Blunt Object,
25830,30137,Weapon,Explosives,
25831,30138,Weapon,Blunt Object,
25832,30140,Weapon,Blunt Object,
25833,30141,Weapon,Firearm,
25834,30142,Weapon,Explosives,
25835,30143,Weapon,Firearm,
25836,30145,Weapon,Blunt Object,
25837,30146,Weapon,Knife,
25838,30147,Weapon,Firearm,
25839,30149,Weapon,Blunt Object,
25840,30150,Weapon,Knife,
25841,30152,Weapon,Blunt Object,
25842,30153,Weapon,Other,
25843,30154,Weapon,Firearm,
25844,30156,Weapon,Poison,
25845,30158,Weapon,Other,
25846,30159,Weapon,Knife,
25847,30160,Weapon,Other,
25848,30161,Weapon,Explosives,
25849,30162,Weapon,Explosives,
25850,30163,Weapon,Poison,
25851,30165,Weapon,Knife,
25852,30166,Weapon,Firearm,
25853,30167,Weapon,Poison,
25854,30168,Weapon,Blunt Object,
25855,30169,Weapon,Firearm,
25856,30170,Weapon,Explosives,
25857,30171,Weapon,Explosives,
25858,30172,Weapon,Poison,
25859,30174,Weapon,Blunt Object,
25860,30175,Weapon,Poison,
25861,30176,Weapon,Firearm,
25862,30177,Weapon,Blunt Object,
25863,30178,Weapon,Firearm,
25864,30179,Weapon,Poison,
25865,30180,Weapon,Explosives,
25866,30181,Weapon,Poison,
25867,30182,Weapon,Firearm,
25868,30184,Weapon,Explosives,
25869,30185,Weapon,Blunt Object,
25870,30187,Weapon,Poison,
25871,30188,Weapon,Blunt Object,
25872,30189,Weapon,Firearm,
25873,30190,Weapon,Poison,
25874,30191,Weapon,Firearm,
25875,30192,Weapon,Poison,
25876,30193,Weapon,Poison,
25877,30194,Weapon,Firearm,
25878,30195,Weapon,Poison,
25879,30197,Weapon,Explosives,
25880,30198,Weapon,Other,
25881,30200,Weapon,Knife,
25882,30201,Weapon,Other,
25883,30202,Weapon,Explosives,
25884,30203,Weapon,Firearm,
25885,30204,Weapon,Other,
25886,30205,Weapon,Knife,
25887,30206,Weapon,Other,
25888,30208,Weapon,Explosives,
25889,30209,Weapon,Firearm,
25890,30210,Weapon,Knife,
25891,30211,Weapon,Poison,
25892,30212,Weapon,Poison,
25893,30213,Weapon,Blunt Object,
25894,30214,Weapon,Blunt Object,
25895,30215,Weapon,Other,
25896,30216,Weapon,Other,
25897,30217,Weapon,Blunt Object,
25898,30218,Weapon,Poison,
25899,30219,Weapon,Firearm,
25900,30220,Weapon,Firearm,
25901,30221,Weapon,Explosives,
25902,30222,Weapon,Blunt Object,
25903,30223,Weapon,Poison,
25904,30224,Weapon,Blunt Object,
25905,30225,Weapon,Other,
25906,30226,Weapon,Knife,
25907,30227,Weapon,Firearm,
25908,30228,Weapon,Blunt Object,
25909,30229,Weapon,Poison,
25910,30230,Weapon,Blunt Object,
25911,30231,Weapon,Firearm,
25912,30232,Weapon,Poison,
25913,30233,Weapon,Other,
25914,30234,Weapon,Knife,
25915,30235,Weapon,Poison,
25916,30236,Weapon,Knife,
25917,30237,Weapon,Firearm,
25918,30238,Weapon,Poison,
25919,30239,Weapon,Other,
25920,30240,Weapon,Blunt Object,
25921,30241,Weapon,Knife,
25922,30243,Weapon,Firearm,
25923,30244,Weapon,Knife,
25924,30245,Weapon,Poison,
25925,30249,Weapon,Knife,
25926,30250,Weapon,Knife,
25927,30252,Weapon,Knife,
25928,30253,Weapon,Poison,
25929,30254,Weapon,Knife,
25930,30255,Weapon,Blunt Object,
25931,30258,Weapon,Other,
25932,30259,Weapon,Firearm,
25933,30261,Weapon,Firearm,
25934,30262,Weapon,Blunt Object,
25935,30263,Weapon,Blunt Object,
25936,30265,Weapon,Poison,
25937,30266,Weapon,Knife,
25938,30267,Weapon,Knife,
25939,30268,Weapon,Firearm,
25940,30269,Weapon,Other,
25941,30270,Weapon,Other,
25942,30271,Weapon,Firearm,
25943,30273,Weapon,Other,
25944,30274,Weapon,Explosives,
25945,30276,Weapon,Explosives,
25946,30278,Weapon,Knife,
25947,30279,Weapon,Knife,
25948,30280,Weapon,Firearm,
25949,30281,Weapon,Blunt Object,
25950,30282,Weapon,Other,
25951,30284,Weapon,Other,
25952,30285,Weapon,Knife,
25953,30286,Weapon,Explosives,
25954,30287,Weapon,Other,
25955,30288,Weapon,Blunt Object,
25956,30289,Weapon,Explosives,
25957,30290,Weapon,Firearm,
25958,30291,Weapon,Firearm,
25959,30293,Weapon,Blunt Object,
25960,30294,Weapon,Other,
25961,30295,Weapon,Poison,
25962,30296,Weapon,Knife,
25963,30297,Weapon,Knife,
25964,30298,Weapon,Other,
25965,30299,Weapon,Other,
25966,30300,Weapon,Knife,
25967,30301,Weapon,Knife,
25968,30302,Weapon,Explosives,
25969,30303,Weapon,Blunt Object,
25970,30304,Weapon,Firearm,
25971,30307,Weapon,Firearm,
25972,30308,Weapon,Poison,
25973,30309,Weapon,Other,
25974,30310,Weapon,Blunt Object,
25975,30311,Weapon,Explosives,
25976,30312,Weapon,Firearm,
25977,30313,Weapon,Poison,
25978,30314,Weapon,Explosives,
25979,30315,Weapon,Blunt Object,
25980,30317,Weapon,Poison,
25981,30318,Weapon,Explosives,
25982,30319,Weapon,Blunt Object,
25983,30320,Weapon,Poison,
25984,30322,Weapon,Poison,
25985,30323,Weapon,Blunt Object,
25986,30324,Weapon,Blunt Object,
25987,30325,Weapon,Firearm,
25988,30326,Weapon,Other,
25989,30327,Weapon,Other,
25990,30328,Weapon,Explosives,
25991,30329,Weapon,Knife,
25992,30330,Weapon,Knife,
25993,30331,Weapon,Knife,
25994,30332,Weapon,Firearm,
25995,30333,Weapon,Knife,
25996,30334,Weapon,Poison,
25997,30335,Weapon,Other,
25998,30336,Weapon,Explosives,
25999,30337,Weapon,Other,
26000,30339,Weapon,Explosives,
26001,30340,Weapon,Explosives,
26002,30341,Weapon,Poison,
26003,30342,Weapon,Poison,
26004,30343,Weapon,Blunt Object,
26005,30345,Weapon,Other,
26006,30346,Weapon,Blunt Object,
26007,30347,Weapon,Knife,
26008,30348,Weapon,Knife,
26009,30349,Weapon,Blunt Object,
26010,30350,Weapon,Explosives,
26011,30351,Weapon,Knife,
26012,30352,Weapon,Firearm,
26013,30353,Weapon,Knife,
26014,30354,Weapon,Firearm,
26015,30355,Weapon,Explosives,
26016,30356,Weapon,Blunt Object,
26017,30357,Weapon,Blunt Object,
26018,30358,Weapon,Blunt Object,
26019,30359,Weapon,Knife,
26020,30361,Weapon,Knife,
26021,30362,Weapon,Blunt Object,
26022,30363,Weapon,Blunt Object,
26023,30364,Weapon,Knife,
26024,30365,Weapon,Explosives,
26025,30366,Weapon,Poison,
26026,30367,Weapon,Firearm,
26027,30371,Weapon,Other,
26028,30372,Weapon,Other,
26029,30373,Weapon,Knife,
26030,30374,Weapon,Explosives,
26031,30375,Weapon,Explosives,
26032,30376,Weapon,Other,
26033,30377,Weapon,Firearm,
26034,30379,Weapon,Explosives,
26035,30380,Weapon,Explosives,
26036,30381,Weapon,Knife,
26037,30382,Weapon,Blunt Object,
26038,30383,Weapon,Explosives,
26039,30384,Weapon,Other,
26040,30386,Weapon,Blunt Object,
26041,30387,Weapon,Other,
26042,30388,Weapon,Other,
26043,30389,Weapon,Explosives,
26044,30390,Weapon,Explosives,
26045,30392,Weapon,Poison,
26046,30393,Weapon,Explosives,
26047,30394,Weapon,Firearm,
26048,30395,Weapon,Other,
26049,30396,Weapon,Blunt Object,
26050,30397,Weapon,Poison,
26051,30398,Weapon,Firearm,
26052,30400,Weapon,Firearm,
26053,30401,Weapon,Explosives,
26054,30403,Weapon,Blunt Object,
26055,30404,Weapon,Other,
26056,30405,Weapon,Knife,
26057,30406,Weapon,Knife,
26058,30408,Weapon,Poison,
26059,30409,Weapon,Explosives,
26060,30410,Weapon,Firearm,
26061,30411,Weapon,Blunt Object,
26062,30412,Weapon,Blunt Object,
26063,30413,Weapon,Knife,
26064,30414,Weapon,Explosives,
26065,30415,Weapon,Poison,
26066,30416,Weapon,Knife,
26067,30417,Weapon,Knife,
26068,30418,Weapon,Other,
26069,30419,Weapon,Poison,
26070,30420,Weapon,Poison,
26071,30421,Weapon,Firearm,
26072,30422,Weapon,Firearm,
26073,30423,Weapon,Other,
26074,30424,Weapon,Poison,
26075,30425,Weapon,Explosives,
26076,30427,Weapon,Blunt Object,
26077,30428,Weapon,Blunt Object,
26078,30429,Weapon,Knife,
26079,30431,Weapon,Firearm,
26080,30432,Weapon,Other,
26081,30433,Weapon,Explosives,
26082,30434,Weapon,Other,
26083,30435,Weapon,Other,
26084,30436,Weapon,Poison,
26085,30437,Weapon,Explosives,
26086,30438,Weapon,Blunt Object,
26087,30439,Weapon,Blunt Object,
26088,30440,Weapon,Other,
26089,30441,Weapon,Blunt Object,
26090,30442,Weapon,Knife,
26091,30443,Weapon,Other,
26092,30444,Weapon,Blunt Object,
26093,30445,Weapon,Blunt Object,
26094,30446,Weapon,Firearm,
26095,30447,Weapon,Poison,
26096,30448,Weapon,Poison,
26097,30449,Weapon,Poison,
26098,30450,Weapon,Blunt Object,
26099,30451,Weapon,Blunt Object,
26100,30452,Weapon,Blunt Object,
26101,30453,Weapon,Firearm,
26102,30454,Weapon,Explosives,
26103,30455,Weapon,Other,
26104,30456,Weapon,Knife,
26105,30457,Weapon,Other,
26106,30458,Weapon,Other,
26107,30459,Weapon,Poison,
26108,30460,Weapon,Knife,
26109,30461,Weapon,Explosives,
26110,30462,Weapon,Explosives,
26111,30463,Weapon,Other,
26112,30465,Weapon,Blunt Object,
26113,30466,Weapon,Firearm,
26114,30467,Weapon,Other,
26115,30469,Weapon,Poison,
26116,30470,Weapon,Other,
26117,30472,Weapon,Other,
26118,30473,Weapon,Poison,
26119,30474,Weapon,Explosives,
26120,30475,Weapon,Other,
26121,30476,Weapon,Knife,
26122,30477,Weapon,Poison,
26123,30479,Weapon,Other,
26124,30480,Weapon,Explosives,
26125,30481,Weapon,Blunt Object,
26126,30482,Weapon,Explosives,
26127,30483,Weapon,Firearm,
26128,30484,Weapon,Knife,
26129,30485,Weapon,Other,
26130,30486,Weapon,Knife,
26131,30487,Weapon,Blunt Object,
26132,30488,Weapon,Other,
26133,30489,Weapon,Knife,
26134,30490,Weapon,Knife,
26135,30491,Weapon,Other,
26136,30493,Weapon,Other,
26137,30494,Weapon,Explosives,
26138,30495,Weapon,Knife,
26139,30496,Weapon,Other,
26140,30497,Weapon,Knife,
26141,30499,Weapon,Other,
26142,30500,Weapon,Firearm,
26143,30502,Weapon,Poison,
26144,30504,Weapon,Blunt Object,
26145,30505,Weapon,Firearm,
26146,30506,Weapon,Poison,
26147,30507,Weapon,Other,
26148,30508,Weapon,Explosives,
26149,30509,Weapon,Firearm,
26150,30510,Weapon,Knife,
26151,30511,Weapon,Blunt Object,
26152,30512,Weapon,Poison,
26153,30513,Weapon,Blunt Object,
26154,30514,Weapon,Other,
26155,30515,Weapon,Blunt Object,
26156,30516,Weapon,Poison,
26157,30518,Weapon,Knife,
26158,30520,Weapon,Firearm,
26159,30521,Weapon,Explosives,
26160,30522,Weapon,Explosives,
26161,30523,Weapon,Other,
26162,30525,Weapon,Knife,
26163,30526,Weapon,Explosives,
26164,30527,Weapon,Poison,
26165,30528,Weapon,Explosives,
26166,30530,Weapon,Blunt Object,
26167,30531,Weapon,Poison,
26168,30533,Weapon,Firearm,
26169,30534,Weapon,Knife,
26170,30535,Weapon,Other,
26171,30536,Weapon,Knife,
26172,30537,Weapon,Knife,
26173,30538,Weapon,Knife,
26174,30539,Weapon,Firearm,
26175,30540,Weapon,Knife,
26176,30541,Weapon,Poison,
26177,30542,Weapon,Knife,
26178,30543,Weapon,Knife,
26179,30544,Weapon,Knife,
26180,30545,Weapon,Other,
26181,30546,Weapon,Poison,
26182,30547,Weapon,Knife,
26183,30548,Weapon,Firearm,
26184,30551,Weapon,Blunt Object,
26185,30552,Weapon,Firearm,
26186,30553,Weapon,Poison,
26187,30555,Weapon,Poison,
26188,30556,Weapon,Poison,
26189,30557,Weapon,Explosives,
26190,30558,Weapon,Other,
26191,30559,Weapon,Explosives,
26192,30560,Weapon,Knife,
26193,30561,Weapon,Blunt Object,
26194,30562,Weapon,Poison,
26195,30563,Weapon,Explosives,
26196,30564,Weapon,Firearm,
26197,30565,Weapon,Explosives,
26198,30566,Weapon,Other,
26199,30567,Weapon,Knife,
26200,30568,Weapon,Firearm,
26201,30569,Weapon,Firearm,
26202,30570,Weapon,Firearm,
26203,30573,Weapon,Explosives,
26204,30574,Weapon,Poison,
26205,30575,Weapon,Firearm,
26206,30576,Weapon,Other,
26207,30577,Weapon,Firearm,
26208,30579,Weapon,Blunt Object,
26209,30581,Weapon,Knife,
26210,30582,Weapon,Explosives,
26211,30583,Weapon,Poison,
26212,30584,Weapon,Knife,
26213,30585,Weapon,Poison,
26214,30586,Weapon,Knife,
26215,30588,Weapon,Blunt Object,
26216,30591,Weapon,Firearm,
26217,30592,Weapon,Knife,
26218,30594,Weapon,Explosives,
26219,30595,Weapon,Other,
26220,30596,Weapon,Knife,
26221,30597,Weapon,Knife,
26222,30598,Weapon,Explosives,
26223,30599,Weapon,Firearm,
26224,30600,Weapon,Poison,
26225,30601,Weapon,Blunt Object,
26226,30602,Weapon,Poison,
26227,30603,Weapon,Firearm,
26228,30604,Weapon,Firearm,
26229,30607,Weapon,Poison,
26230,30608,Weapon,Blunt Object,
26231,30610,Weapon,Other,
26232,30611,Weapon,Blunt Object,
26233,30612,Weapon,Knife,
26234,30613,Weapon,Blunt Object,
26235,30614,Weapon,Blunt Object,
26236,30615,Weapon,Firearm,
26237,30616,Weapon,Blunt Object,
26238,30617,Weapon,Firearm,
26239,30618,Weapon,Knife,
26240,30619,Weapon,Knife,
26241,30620,Weapon,Knife,
26242,30621,Weapon,Blunt Object,
26243,30623,Weapon,Knife,
26244,30624,Weapon,Explosives,
26245,30626,Weapon,Knife,
26246,30627,Weapon,Other,
26247,30630,Weapon,Explosives,
26248,30631,Weapon,Knife,
26249,30632,Weapon,Firearm,
26250,30633,Weapon,Knife,
26251,30634,Weapon,Other,
26252,30635,Weapon,Explosives,
26253,30636,Weapon,Poison,
26254,30637,Weapon,Firearm,
26255,30638,Weapon,Knife,
26256,30639,Weapon,Other,
26257,30640,Weapon,Other,
26258,30643,Weapon,Firearm,
26259,30644,Weapon,Other,
26260,30645,Weapon,Firearm,
26261,30646,Weapon,Other,
26262,30647,Weapon,Firearm,
26263,30648,Weapon,Knife,
26264,30650,Weapon,Knife,
26265,30652,Weapon,Knife,
26266,30653,Weapon,Blunt Object,
26267,30654,Weapon,Other,
26268,30655,Weapon,Poison,
26269,30657,Weapon,Explosives,
26270,30658,Weapon,Explosives,
26271,30659,Weapon,Firearm,
26272,30660,Weapon,Poison,
26273,30661,Weapon,Poison,
26274,30662,Weapon,Other,
26275,30663,Weapon,Firearm,
26276,30664,Weapon,Explosives,
26277,30665,Weapon,Explosives,
26278,30666,Weapon,Other,
26279,30667,Weapon,Other,
26280,30668,Weapon,Firearm,
26281,30669,Weapon,Knife,
26282,30670,Weapon,Knife,
26283,30671,Weapon,Knife,
26284,30673,Weapon,Explosives,
26285,30674,Weapon,Blunt Object,
26286,30675,Weapon,Poison,
26287,30677,Weapon,Knife,
26288,30678,Weapon,Blunt Object,
26289,30679,Weapon,Explosives,
26290,30680,Weapon,Other,
26291,30681,Weapon,Poison,
26292,30682,Weapon,Firearm,
26293,30684,Weapon,Explosives,
26294,30685,Weapon,Poison,
26295,30686,Weapon,Poison,
26296,30687,Weapon,Knife,
26297,30689,Weapon,Explosives,
26298,30690,Weapon,Blunt Object,
26299,30691,Weapon,Blunt Object,
26300,30692,Weapon,Firearm,
26301,30693,Weapon,Poison,
26302,30694,Weapon,Explosives,
26303,30695,Weapon,Other,
26304,30696,Weapon,Knife,
26305,30697,Weapon,Firearm,
26306,30698,Weapon,Firearm,
26307,30699,Weapon,Poison,
26308,30700,Weapon,Blunt Object,
26309,30701,Weapon,Knife,
26310,30702,Weapon,Firearm,
26311,30704,Weapon,Poison,
26312,30705,Weapon,Other,
26313,30706,Weapon,Poison,
26314,30707,Weapon,Explosives,
26315,30709,Weapon,Knife,
26316,30711,Weapon,Poison,
26317,30712,Weapon,Firearm,
26318,30713,Weapon,Explosives,
26319,30714,Weapon,Firearm,
26320,30715,Weapon,Other,
26321,30716,Weapon,Blunt Object,
26322,30717,Weapon,Poison,
26323,30719,Weapon,Explosives,
26324,30720,Weapon,Firearm,
26325,30721,Weapon,Blunt Object,
26326,30723,Weapon,Firearm,
26327,30724,Weapon,Other,
26328,30725,Weapon,Explosives,
26329,30726,Weapon,Knife,
26330,30728,Weapon,Poison,
26331,30730,Weapon,Other,
26332,30731,Weapon,Knife,
26333,30732,Weapon,Knife,
26334,30733,Weapon,Blunt Object,
26335,30734,Weapon,Other,
26336,30735,Weapon,Blunt Object,
26337,30736,Weapon,Blunt Object,
26338,30737,Weapon,Explosives,
26339,30738,Weapon,Blunt Object,
26340,30739,Weapon,Poison,
26341,30740,Weapon,Other,
26342,30741,Weapon,Other,
26343,30742,Weapon,Firearm,
26344,30743,Weapon,Explosives,
26345,30745,Weapon,Blunt Object,
26346,30746,Weapon,Blunt Object,
26347,30747,Weapon,Poison,
26348,30748,Weapon,Explosives,
26349,30749,Weapon,Firearm,
26350,30750,Weapon,Blunt Object,
26351,30751,Weapon,Explosives,
26352,30752,Weapon,Other,
26353,30753,Weapon,Other,
26354,30754,Weapon,Knife,
26355,30755,Weapon,Other,
26356,30756,Weapon,Other,
26357,30757,Weapon,Knife,
26358,30758,Weapon,Blunt Object,
26359,30759,Weapon,Explosives,
26360,30761,Weapon,Firearm,
26361,30763,Weapon,Knife,
26362,30764,Weapon,Explosives,
26363,30765,Weapon,Explosives,
26364,30766,Weapon,Knife,
26365,30767,Weapon,Other,
26366,30768,Weapon,Firearm,
26367,30769,Weapon,Poison,
26368,30770,Weapon,Poison,
26369,30771,Weapon,Firearm,
26370,30773,Weapon,Firearm,
26371,30776,Weapon,Knife,
26372,30777,Weapon,Firearm,
26373,30778,Weapon,Firearm,
26374,30779,Weapon,Blunt Object,
26375,30780,Weapon,Other,
26376,30781,Weapon,Knife,
26377,30782,Weapon,Other,
26378,30783,Weapon,Explosives,
26379,30784,Weapon,Poison,
26380,30786,Weapon,Blunt Object,
26381,30787,Weapon,Explosives,
26382,30788,Weapon,Knife,
26383,30789,Weapon,Knife,
26384,30790,Weapon,Poison,
26385,30791,Weapon,Poison,
26386,30792,Weapon,Knife,
26387,30793,Weapon,Poison,
26388,30794,Weapon,Blunt Object,
26389,30795,Weapon,Knife,
26390,30796,Weapon,Explosives,
26391,30797,Weapon,Firearm,
26392,30799,Weapon,Knife,
26393,30800,Weapon,Other,
26394,30801,Weapon,Knife,
26395,30802,Weapon,Firearm,
26396,30804,Weapon,Explosives,
26397,30805,Weapon,Firearm,
26398,30806,Weapon,Knife,
26399,30807,Weapon,Poison,
26400,30810,Weapon,Blunt Object,
26401,30812,Weapon,Explosives,
26402,30813,Weapon,Firearm,
26403,30815,Weapon,Blunt Object,
26404,30816,Weapon,Other,
26405,30817,Weapon,Firearm,
26406,30818,Weapon,Knife,
26407,30819,Weapon,Explosives,
26408,30820,Weapon,Knife,
26409,30821,Weapon,Poison,
26410,30822,Weapon,Poison,
26411,30823,Weapon,Explosives,
26412,30824,Weapon,Blunt Object,
26413,30825,Weapon,Blunt Object,
26414,30826,Weapon,Blunt Object,
26415,30828,Weapon,Blunt Object,
26416,30829,Weapon,Explosives,
26417,30831,Weapon,Other,
26418,30832,Weapon,Knife,
26419,30833,Weapon,Firearm,
26420,30834,Weapon,Explosives,
26421,30836,Weapon,Knife,
26422,30837,Weapon,Poison,
26423,30838,Weapon,Explosives,
26424,30839,Weapon,Other,
26425,30841,Weapon,Poison,
26426,30842,Weapon,Explosives,
26427,30843,Weapon,Blunt Object,
26428,30844,Weapon,Blunt Object,
26429,30845,Weapon,Poison,
26430,30846,Weapon,Firearm,
26431,30847,Weapon,Poison,
26432,30848,Weapon,Knife,
26433,30849,Weapon,Firearm,
26434,30850,Weapon,Firearm,
26435,30851,Weapon,Poison,
26436,30853,Weapon,Other,
26437,30855,Weapon,Poison,
26438,30856,Weapon,Poison,
26439,30857,Weapon,Blunt Object,
26440,30858,Weapon,Blunt Object,
26441,30859,Weapon,Firearm,
26442,30860,Weapon,Poison,
26443,30861,Weapon,Knife,
26444,30864,Weapon,Other,
26445,30865,Weapon,Explosives,
26446,30867,Weapon,Firearm,
26447,30868,Weapon,Blunt Object,
26448,30870,Weapon,Other,
26449,30871,Weapon,Firearm,
26450,30872,Weapon,Blunt Object,
26451,30873,Weapon,Poison,
26452,30874,Weapon,Poison,
26453,30876,Weapon,Blunt Object,
26454,30877,Weapon,Firearm,
26455,30878,Weapon,Blunt Object,
26456,30879,Weapon,Knife,
26457,30881,Weapon,Poison,
26458,30882,Weapon,Firearm,
26459,30883,Weapon,Other,
26460,30884,Weapon,Knife,
26461,30885,Weapon,Blunt Object,
26462,30886,Weapon,Knife,
26463,30887,Weapon,Other,
26464,30888,Weapon,Knife,
26465,30890,Weapon,Knife,
26466,30891,Weapon,Poison,
26467,30893,Weapon,Other,
26468,30894,Weapon,Firearm,
26469,30895,Weapon,Poison,
26470,30897,Weapon,Other,
26471,30898,Weapon,Firearm,
26472,30900,Weapon,Knife,
26473,30901,Weapon,Other,
26474,30902,Weapon,Knife,
26475,30903,Weapon,Blunt Object,
26476,30905,Weapon,Explosives,
26477,30908,Weapon,Explosives,
26478,30909,Weapon,Explosives,
26479,30911,Weapon,Knife,
26480,30912,Weapon,Firearm,
26481,30915,Weapon,Other,
26482,30916,Weapon,Poison,
26483,30917,Weapon,Knife,
26484,30918,Weapon,Firearm,
26485,30919,Weapon,Poison,
26486,30920,Weapon,Explosives,
26487,30921,Weapon,Poison,
26488,30922,Weapon,Poison,
26489,30924,Weapon,Other,
26490,30925,Weapon,Explosives,
26491,30926,Weapon,Firearm,
26492,30927,Weapon,Other,
26493,30928,Weapon,Other,
26494,30930,Weapon,Knife,
26495,30931,Weapon,Poison,
26496,30932,Weapon,Explosives,
26497,30933,Weapon,Knife,
26498,30935,Weapon,Other,
26499,30936,Weapon,Poison,
26500,30939,Weapon,Knife,
26501,30940,Weapon,Firearm,
26502,30941,Weapon,Other,
26503,30942,Weapon,Knife,
26504,30943,Weapon,Other,
26505,30945,Weapon,Other,
26506,30946,Weapon,Blunt Object,
26507,30947,Weapon,Firearm,
26508,30948,Weapon,Knife,
26509,30949,Weapon,Explosives,
26510,30950,Weapon,Firearm,
26511,30951,Weapon,Other,
26512,30952,Weapon,Blunt Object,
26513,30953,Weapon,Firearm,
26514,30954,Weapon,Firearm,
26515,30955,Weapon,Poison,
26516,30956,Weapon,Blunt Object,
26517,30957,Weapon,Firearm,
26518,30959,Weapon,Knife,
26519,30960,Weapon,Blunt Object,
26520,30961,Weapon,Blunt Object,
26521,30962,Weapon,Explosives,
26522,30963,Weapon,Poison,
26523,30965,Weapon,Knife,
26524,30966,Weapon,Poison,
26525,30967,Weapon,Blunt Object,
26526,30968,Weapon,Blunt Object,
26527,30970,Weapon,Poison,
26528,30972,Weapon,Explosives,
26529,30973,Weapon,Poison,
26530,30974,Weapon,Knife,
26531,30975,Weapon,Other,
26532,30976,Weapon,Firearm,
26533,30977,Weapon,Other,
26534,30978,Weapon,Blunt Object,
26535,30979,Weapon,Firearm,
26536,30980,Weapon,Explosives,
26537,30981,Weapon,Blunt Object,
26538,30982,Weapon,Explosives,
26539,30983,Weapon,Other,
26540,30984,Weapon,Other,
26541,30985,Weapon,Blunt Object,
26542,30986,Weapon,Explosives,
26543,30988,Weapon,Knife,
26544,30990,Weapon,Other,
26545,30991,Weapon,Explosives,
26546,30993,Weapon,Blunt Object,
26547,30994,Weapon,Poison,
26548,30995,Weapon,Explosives,
26549,30997,Weapon,Explosives,
26550,30998,Weapon,Firearm,
26551,30999,Weapon,Blunt Object,
26552,31000,Weapon,Poison,
26553,31001,Weapon,Poison,
26554,31002,Weapon,Blunt Object,
26555,31003,Weapon,Blunt Object,
26556,31004,Weapon,Explosives,
26557,31005,Weapon,Blunt Object,
26558,31006,Weapon,Poison,
26559,31007,Weapon,Other,
26560,31010,Weapon,Poison,
26561,31011,Weapon,Blunt Object,
26562,31012,Weapon,Other,
26563,31013,Weapon,Firearm,
26564,31014,Weapon,Explosives,
26565,31015,Weapon,Knife,
26566,31017,Weapon,Explosives,
26567,31018,Weapon,Knife,
26568,31019,Weapon,Blunt Object,
26569,31020,Weapon,Poison,
26570,31022,Weapon,Knife,
26571,31023,Weapon,Knife,
26572,31024,Weapon,Poison,
26573,31025,Weapon,Blunt Object,
26574,31026,Weapon,Knife,
26575,31027,Weapon,Explosives,
26576,31028,Weapon,Blunt Object,
26577,31029,Weapon,Other,
26578,31030,Weapon,Blunt Object,
26579,31031,Weapon,Blunt Object,
26580,31032,Weapon,Poison,
26581,31033,Weapon,Other,
26582,31034,Weapon,Other,
26583,31035,Weapon,Explosives,
26584,31036,Weapon,Knife,
26585,31037,Weapon,Poison,
26586,31038,Weapon,Blunt Object,
26587,31039,Weapon,Poison,
26588,31040,Weapon,Firearm,
26589,31041,Weapon,Blunt Object,
26590,31042,Weapon,Poison,
26591,31043,Weapon,Other,
26592,31044,Weapon,Blunt Object,
26593,31045,Weapon,Blunt Object,
26594,31046,Weapon,Poison,
26595,31047,Weapon,Explosives,
26596,31048,Weapon,Knife,
26597,31051,Weapon,Other,
26598,31052,Weapon,Knife,
26599,31053,Weapon,Poison,
26600,31054,Weapon,Poison,
26601,31055,Weapon,Poison,
26602,31056,Weapon,Knife,
26603,31057,Weapon,Blunt Object,
26604,31058,Weapon,Knife,
26605,31059,Weapon,Poison,
26606,31060,Weapon,Poison,
26607,31061,Weapon,Poison,
26608,31062,Weapon,Firearm,
26609,31063,Weapon,Knife,
26610,31064,Weapon,Firearm,
26611,31065,Weapon,Firearm,
26612,31066,Weapon,Explosives,
26613,31067,Weapon,Poison,
26614,31069,Weapon,Explosives,
26615,31071,Weapon,Other,
26616,31072,Weapon,Blunt Object,
26617,31073,Weapon,Explosives,
26618,31076,Weapon,Explosives,
26619,31077,Weapon,Blunt Object,
26620,31078,Weapon,Knife,
26621,31079,Weapon,Blunt Object,
26622,31080,Weapon,Firearm,
26623,31082,Weapon,Poison,
26624,31083,Weapon,Firearm,
26625,31084,Weapon,Knife,
26626,31085,Weapon,Knife,
26627,31086,Weapon,Poison,
26628,31087,Weapon,Poison,
26629,31089,Weapon,Knife,
26630,31090,Weapon,Knife,
26631,31091,Weapon,Blunt Object,
26632,31094,Weapon,Knife,
26633,31095,Weapon,Other,
26634,31097,Weapon,Other,
26635,31098,Weapon,Firearm,
26636,31099,Weapon,Firearm,
26637,31100,Weapon,Firearm,
26638,31101,Weapon,Firearm,
26639,31102,Weapon,Blunt Object,
26640,31103,Weapon,Firearm,
26641,31105,Weapon,Other,
26642,31106,Weapon,Explosives,
26643,31107,Weapon,Explosives,
26644,31108,Weapon,Knife,
26645,31109,Weapon,Explosives,
26646,31110,Weapon,Poison,
26647,31111,Weapon,Other,
26648,31112,Weapon,Blunt Object,
26649,31113,Weapon,Explosives,
26650,31114,Weapon,Poison,
26651,31115,Weapon,Poison,
26652,31116,Weapon,Other,
26653,31118,Weapon,Explosives,
26654,31119,Weapon,Explosives,
26655,31120,Weapon,Firearm,
26656,31121,Weapon,Blunt Object,
26657,31122,Weapon,Other,
26658,31123,Weapon,Knife,
26659,31124,Weapon,Firearm,
26660,31125,Weapon,Blunt Object,
26661,31126,Weapon,Other,
26662,31127,Weapon,Other,
26663,31128,Weapon,Other,
26664,31129,Weapon,Blunt Object,
26665,31130,Weapon,Firearm,
26666,31131,Weapon,Firearm,
26667,31132,Weapon,Explosives,
26668,31133,Weapon,Firearm,
26669,31134,Weapon,Poison,
26670,31135,Weapon,Poison,
26671,31136,Weapon,Blunt Object,
26672,31137,Weapon,Other,
26673,31138,Weapon,Blunt Object,
26674,31139,Weapon,Firearm,
26675,31140,Weapon,Other,
26676,31142,Weapon,Firearm,
26677,31143,Weapon,Other,
26678,31144,Weapon,Poison,
26679,31145,Weapon,Firearm,
26680,31148,Weapon,Poison,
26681,31149,Weapon,Firearm,
26682,31150,Weapon,Poison,
26683,31151,Weapon,Explosives,
26684,31152,Weapon,Firearm,
26685,31153,Weapon,Blunt Object,
26686,31154,Weapon,Explosives,
26687,31155,Weapon,Other,
26688,31156,Weapon,Firearm,
26689,31157,Weapon,Poison,
26690,31159,Weapon,Firearm,
26691,31160,Weapon,Knife,
26692,31161,Weapon,Firearm,
26693,31162,Weapon,Other,
26694,31164,Weapon,Explosives,
26695,31165,Weapon,Firearm,
26696,31166,Weapon,Firearm,
26697,31167,Weapon,Knife,
26698,31168,Weapon,Firearm,
26699,31169,Weapon,Blunt Object,
26700,31170,Weapon,Explosives,
26701,31171,Weapon,Explosives,
26702,31172,Weapon,Blunt Object,
26703,31174,Weapon,Firearm,
26704,31175,Weapon,Explosives,
26705,31176,Weapon,Blunt Object,
26706,31177,Weapon,Poison,
26707,31178,Weapon,Knife,
26708,31180,Weapon,Knife,
26709,31181,Weapon,Other,
26710,31182,Weapon,Firearm,
26711,31183,Weapon,Poison,
26712,31184,Weapon,Knife,
26713,31185,Weapon,Other,
26714,31186,Weapon,Firearm,
26715,31187,Weapon,Firearm,
26716,31190,Weapon,Explosives,
26717,31191,Weapon,Blunt Object,
26718,31192,Weapon,Knife,
26719,31193,Weapon,Poison,
26720,31194,Weapon,Knife,
26721,31195,Weapon,Poison,
26722,31196,Weapon,Firearm,
26723,31199,Weapon,Poison,
26724,31201,Weapon,Blunt Object,
26725,31202,Weapon,Firearm,
26726,31203,Weapon,Poison,
26727,31204,Weapon,Poison,
26728,31205,Weapon,Knife,
26729,31206,Weapon,Poison,
26730,31207,Weapon,Explosives,
26731,31208,Weapon,Poison,
26732,31209,Weapon,Firearm,
26733,31210,Weapon,Other,
26734,31211,Weapon,Other,
26735,31213,Weapon,Poison,
26736,31214,Weapon,Firearm,
26737,31215,Weapon,Blunt Object,
26738,31217,Weapon,Blunt Object,
26739,31218,Weapon,Other,
26740,31219,Weapon,Other,
26741,31220,Weapon,Explosives,
26742,31221,Weapon,Poison,
26743,31222,Weapon,Firearm,
26744,31223,Weapon,Explosives,
26745,31224,Weapon,Knife,
26746,31226,Weapon,Blunt Object,
26747,31227,Weapon,Explosives,
26748,31228,Weapon,Other,
26749,31229,Weapon,Knife,
26750,31230,Weapon,Explosives,
26751,31231,Weapon,Poison,
26752,31232,Weapon,Explosives,
26753,31233,Weapon,Other,
26754,31234,Weapon,Explosives,
26755,31235,Weapon,Poison,
26756,31236,Weapon,Blunt Object,
26757,31237,Weapon,Firearm,
26758,31238,Weapon,Poison,
26759,31239,Weapon,Poison,
26760,31241,Weapon,Other,
26761,31242,Weapon,Explosives,
26762,31243,Weapon,Blunt Object,
26763,31244,Weapon,Blunt Object,
26764,31245,Weapon,Blunt Object,
26765,31246,Weapon,Other,
26766,31247,Weapon,Other,
26767,31248,Weapon,Poison,
26768,31249,Weapon,Blunt Object,
26769,31250,Weapon,Explosives,
26770,31251,Weapon,Explosives,
26771,31252,Weapon,Poison,
26772,31253,Weapon,Other,
26773,31254,Weapon,Firearm,
26774,31256,Weapon,Knife,
26775,31257,Weapon,Knife,
26776,31258,Weapon,Poison,
26777,31259,Weapon,Blunt Object,
26778,31260,Weapon,Firearm,
26779,31261,Weapon,Knife,
26780,31262,Weapon,Poison,
26781,31263,Weapon,Poison,
26782,31264,Weapon,Other,
26783,31266,Weapon,Knife,
26784,31267,Weapon,Poison,
26785,31269,Weapon,Firearm,
26786,31270,Weapon,Firearm,
26787,31271,Weapon,Poison,
26788,31272,Weapon,Firearm,
26789,31273,Weapon,Blunt Object,
26790,31274,Weapon,Explosives,
26791,31275,Weapon,Knife,
26792,31276,Weapon,Firearm,
26793,31277,Weapon,Blunt Object,
26794,31278,Weapon,Other,
26795,31279,Weapon,Poison,
26796,31280,Weapon,Knife,
26797,31281,Weapon,Other,
26798,31282,Weapon,Explosives,
26799,31283,Weapon,Knife,
26800,31284,Weapon,Blunt Object,
26801,31285,Weapon,Explosives,
26802,31286,Weapon,Firearm,
26803,31287,Weapon,Explosives,
26804,31289,Weapon,Firearm,
26805,31290,Weapon,Explosives,
26806,31291,Weapon,Explosives,
26807,31292,Weapon,Other,
26808,31293,Weapon,Other,
26809,31294,Weapon,Knife,
26810,31295,Weapon,Firearm,
26811,31296,Weapon,Poison,
26812,31297,Weapon,Explosives,
26813,31298,Weapon,Other,
26814,31299,Weapon,Other,
26815,31300,Weapon,Explosives,
26816,31302,Weapon,Explosives,
26817,31303,Weapon,Firearm,
26818,31305,Weapon,Firearm,
26819,31307,Weapon,Blunt Object,
26820,31309,Weapon,Knife,
26821,31310,Weapon,Poison,
26822,31311,Weapon,Other,
26823,31312,Weapon,Explosives,
26824,31313,Weapon,Explosives,
26825,31314,Weapon,Firearm,
26826,31317,Weapon,Blunt Object,
26827,31318,Weapon,Other,
26828,31319,Weapon,Firearm,
26829,31320,Weapon,Knife,
26830,31322,Weapon,Other,
26831,31323,Weapon,Knife,
26832,31324,Weapon,Firearm,
26833,31325,Weapon,Firearm,
26834,31326,Weapon,Other,
26835,31327,Weapon,Other,
26836,31328,Weapon,Knife,
26837,31329,Weapon,Poison,
26838,31331,Weapon,Other,
26839,31333,Weapon,Firearm,
26840,31334,Weapon,Explosives,
26841,31335,Weapon,Poison,
26842,31336,Weapon,Poison,
26843,31337,Weapon,Knife,
26844,31339,Weapon,Poison,
26845,31340,Weapon,Explosives,
26846,31341,Weapon,Poison,
26847,31342,Weapon,Poison,
26848,31343,Weapon,Poison,
26849,31344,Weapon,Knife,
26850,31345,Weapon,Blunt Object,
26851,31346,Weapon,Knife,
26852,31347,Weapon,Knife,
26853,31348,Weapon,Firearm,
26854,31349,Weapon,Poison,
26855,31350,Weapon,Poison,
26856,31351,Weapon,Poison,
26857,31353,Weapon,Blunt Object,
26858,31354,Weapon,Blunt Object,
26859,31355,Weapon,Blunt Object,
26860,31356,Weapon,Poison,
26861,31357,Weapon,Other,
26862,31358,Weapon,Firearm,
26863,31359,Weapon,Knife,
26864,31360,Weapon,Poison,
26865,31362,Weapon,Knife,
26866,31363,Weapon,Knife,
26867,31364,Weapon,Firearm,
26868,31365,Weapon,Explosives,
26869,31366,Weapon,Firearm,
26870,31368,Weapon,Explosives,
26871,31370,Weapon,Poison,
26872,31371,Weapon,Other,
26873,31372,Weapon,Firearm,
26874,31374,Weapon,Firearm,
26875,31375,Weapon,Firearm,
26876,31377,Weapon,Other,
26877,31379,Weapon,Firearm,
26878,31380,Weapon,Blunt Object,
26879,31381,Weapon,Other,
26880,31383,Weapon,Firearm,
26881,31384,Weapon,Firearm,
26882,31385,Weapon,Explosives,
26883,31386,Weapon,Other,
26884,31387,Weapon,Other,
26885,31388,Weapon,Explosives,
26886,31389,Weapon,Other,
26887,31390,Weapon,Other,
26888,31391,Weapon,Blunt Object,
26889,31392,Weapon,Knife,
26890,31393,Weapon,Explosives,
26891,31394,Weapon,Blunt Object,
26892,31395,Weapon,Explosives,
26893,31396,Weapon,Other,
26894,31397,Weapon,Firearm,
26895,31398,Weapon,Other,
26896,31399,Weapon,Blunt Object,
26897,31401,Weapon,Knife,
26898,31402,Weapon,Knife,
26899,31403,Weapon,Poison,
26900,31405,Weapon,Explosives,
26901,31406,Weapon,Firearm,
26902,31407,Weapon,Knife,
26903,31408,Weapon,Other,
26904,31409,Weapon,Knife,
26905,31410,Weapon,Firearm,
26906,31411,Weapon,Knife,
26907,31412,Weapon,Explosives,
26908,31414,Weapon,Explosives,
26909,31416,Weapon,Poison,
26910,31417,Weapon,Explosives,
26911,31418,Weapon,Explosives,
26912,31419,Weapon,Blunt Object,
26913,31420,Weapon,Knife,
26914,31421,Weapon,Firearm,
26915,31422,Weapon,Explosives,
26916,31423,Weapon,Explosives,
26917,31424,Weapon,Poison,
26918,31425,Weapon,Poison,
26919,31426,Weapon,Explosives,
26920,31428,Weapon,Explosives,
26921,31429,Weapon,Firearm,
26922,31430,Weapon,Explosives,
26923,31431,Weapon,Blunt Object,
26924,31432,Weapon,Firearm,
26925,31433,Weapon,Blunt Object,
26926,31434,Weapon,Poison,
26927,31435,Weapon,Blunt Object,
26928,31438,Weapon,Other,
26929,31440,Weapon,Knife,
26930,31441,Weapon,Poison,
26931,31442,Weapon,Blunt Object,
26932,31443,Weapon,Poison,
26933,31445,Weapon,Firearm,
26934,31446,Weapon,Blunt Object,
26935,31448,Weapon,Explosives,
26936,31450,Weapon,Blunt Object,
26937,31452,Weapon,Other,
26938,31453,Weapon,Explosives,
26939,31454,Weapon,Knife,
26940,31456,Weapon,Other,
26941,31457,Weapon,Firearm,
26942,31458,Weapon,Explosives,
26943,31459,Weapon,Explosives,
26944,31461,Weapon,Explosives,
26945,31462,Weapon,Blunt Object,
26946,31463,Weapon,Blunt Object,
26947,31464,Weapon,Poison,
26948,31465,Weapon,Knife,
26949,31466,Weapon,Blunt Object,
26950,31467,Weapon,Other,
26951,31469,Weapon,Poison,
26952,31470,Weapon,Explosives,
26953,31471,Weapon,Explosives,
26954,31472,Weapon,Blunt Object,
26955,31473,Weapon,Firearm,
26956,31474,Weapon,Poison,
26957,31475,Weapon,Poison,
26958,31476,Weapon,Poison,
26959,31477,Weapon,Firearm,
26960,31478,Weapon,Poison,
26961,31479,Weapon,Explosives,
26962,31480,Weapon,Other,
26963,31481,Weapon,Poison,
26964,31482,Weapon,Explosives,
26965,31483,Weapon,Explosives,
26966,31484,Weapon,Firearm,
26967,31485,Weapon,Other,
26968,31486,Weapon,Knife,
26969,31487,Weapon,Poison,
26970,31488,Weapon,Other,
26971,31489,Weapon,Knife,
26972,31490,Weapon,Other,
26973,31491,Weapon,Firearm,
26974,31492,Weapon,Explosives,
26975,31494,Weapon,Knife,
26976,31495,Weapon,Blunt Object,
26977,31496,Weapon,Poison,
26978,31497,Weapon,Explosives,
26979,31498,Weapon,Knife,
26980,31499,Weapon,Other,
26981,31500,Weapon,Firearm,
26982,31501,Weapon,Firearm,
26983,31505,Weapon,Knife,
26984,31506,Weapon,Blunt Object,
26985,31507,Weapon,Blunt Object,
26986,31508,Weapon,Poison,
26987,31509,Weapon,Firearm,
26988,31510,Weapon,Firearm,
26989,31511,Weapon,Poison,
26990,31512,Weapon,Explosives,
26991,31514,Weapon,Explosives,
26992,31515,Weapon,Knife,
26993,31516,Weapon,Explosives,
26994,31518,Weapon,Firearm,
26995,31520,Weapon,Knife,
26996,31521,Weapon,Other,
26997,31523,Weapon,Poison,
26998,31524,Weapon,Poison,
26999,31525,Weapon,Explosives,
27000,31526,Weapon,Firearm,
27001,31527,Weapon,Explosives,
27002,31528,Weapon,Poison,
27003,31529,Weapon,Poison,
27004,31530,Weapon,Knife,
27005,31531,Weapon,Explosives,
27006,31532,Weapon,Explosives,
27007,31533,Weapon,Explosives,
27008,31534,Weapon,Knife,
27009,31535,Weapon,Blunt Object,
27010,31536,Weapon,Blunt Object,
27011,31537,Weapon,Other,
27012,31538,Weapon,Knife,
27013,31539,Weapon,Knife,
27014,31540,Weapon,Firearm,
27015,31541,Weapon,Explosives,
27016,31542,Weapon,Other,
27017,31543,Weapon,Firearm,
27018,31545,Weapon,Poison,
27019,31546,Weapon,Blunt Object,
27020,31547,Weapon,Poison,
27021,31548,Weapon,Other,
27022,31549,Weapon,Blunt Object,
27023,31551,Weapon,Knife,
27024,31552,Weapon,Blunt Object,
27025,31553,Weapon,Blunt Object,
27026,31554,Weapon,Poison,
27027,31556,Weapon,Firearm,
27028,31558,Weapon,Blunt Object,
27029,31559,Weapon,Knife,
27030,31561,Weapon,Firearm,
27031,31562,Weapon,Other,
27032,31563,Weapon,Explosives,
27033,31564,Weapon,Knife,
27034,31565,Weapon,Poison,
27035,31567,Weapon,Other,
27036,31569,Weapon,Poison,
27037,31570,Weapon,Poison,
27038,31571,Weapon,Firearm,
27039,31572,Weapon,Knife,
27040,31573,Weapon,Blunt Object,
27041,31575,Weapon,Knife,
27042,31576,Weapon,Knife,
27043,31577,Weapon,Poison,
27044,31578,Weapon,Knife,
27045,31579,Weapon,Other,
27046,31580,Weapon,Firearm,
27047,31581,Weapon,Firearm,
27048,31583,Weapon,Other,
27049,31584,Weapon,Blunt Object,
27050,31585,Weapon,Other,
27051,31586,Weapon,Explosives,
27052,31587,Weapon,Poison,
27053,31588,Weapon,Poison,
27054,31590,Weapon,Other,
27055,31591,Weapon,Knife,
27056,31592,Weapon,Other,
27057,31594,Weapon,Other,
27058,31595,Weapon,Explosives,
27059,31596,Weapon,Blunt Object,
27060,31597,Weapon,Explosives,
27061,31598,Weapon,Blunt Object,
27062,31599,Weapon,Blunt Object,
27063,31600,Weapon,Firearm,
27064,31601,Weapon,Poison,
27065,31602,Weapon,Explosives,
27066,31603,Weapon,Blunt Object,
27067,31604,Weapon,Poison,
27068,31605,Weapon,Blunt Object,
27069,31606,Weapon,Blunt Object,
27070,31608,Weapon,Blunt Object,
27071,31609,Weapon,Blunt Object,
27072,31610,Weapon,Knife,
27073,31611,Weapon,Blunt Object,
27074,31612,Weapon,Blunt Object,
27075,31613,Weapon,Blunt Object,
27076,31614,Weapon,Knife,
27077,31615,Weapon,Firearm,
27078,31616,Weapon,Explosives,
27079,31617,Weapon,Other,
27080,31618,Weapon,Explosives,
27081,31619,Weapon,Blunt Object,
27082,31620,Weapon,Poison,
27083,31621,Weapon,Poison,
27084,31622,Weapon,Firearm,
27085,31623,Weapon,Knife,
27086,31624,Weapon,Knife,
27087,31625,Weapon,Blunt Object,
27088,31626,Weapon,Firearm,
27089,31627,Weapon,Firearm,
27090,31628,Weapon,Poison,
27091,31629,Weapon,Knife,
27092,31630,Weapon,Explosives,
27093,31634,Weapon,Other,
27094,31635,Weapon,Knife,
27095,31636,Weapon,Explosives,
27096,31637,Weapon,Poison,
27097,31638,Weapon,Blunt Object,
27098,31639,Weapon,Firearm,
27099,31640,Weapon,Explosives,
27100,31641,Weapon,Poison,
27101,31642,Weapon,Explosives,
27102,31643,Weapon,Blunt Object,
27103,31644,Weapon,Explosives,
27104,31645,Weapon,Explosives,
27105,31646,Weapon,Blunt Object,
27106,31647,Weapon,Blunt Object,
27107,31648,Weapon,Explosives,
27108,31649,Weapon,Knife,
27109,31650,Weapon,Blunt Object,
27110,31651,Weapon,Knife,
27111,31653,Weapon,Explosives,
27112,31654,Weapon,Blunt Object,
27113,31655,Weapon,Poison,
27114,31656,Weapon,Poison,
27115,31657,Weapon,Explosives,
27116,31658,Weapon,Knife,
27117,31659,Weapon,Firearm,
27118,31660,Weapon,Explosives,
27119,31662,Weapon,Poison,
27120,31663,Weapon,Poison,
27121,31664,Weapon,Poison,
27122,31665,Weapon,Explosives,
27123,31666,Weapon,Other,
27124,31667,Weapon,Explosives,
27125,31668,Weapon,Firearm,
27126,31669,Weapon,Poison,
27127,31670,Weapon,Blunt Object,
27128,31671,Weapon,Poison,
27129,31672,Weapon,Poison,
27130,31675,Weapon,Knife,
27131,31676,Weapon,Poison,
27132,31677,Weapon,Poison,
27133,31678,Weapon,Firearm,
27134,31680,Weapon,Other,
27135,31681,Weapon,Knife,
27136,31682,Weapon,Blunt Object,
27137,31685,Weapon,Poison,
27138,31687,Weapon,Explosives,
27139,31688,Weapon,Poison,
27140,31689,Weapon,Explosives,
27141,31690,Weapon,Blunt Object,
27142,31691,Weapon,Other,
27143,31692,Weapon,Blunt Object,
27144,31693,Weapon,Knife,
27145,31694,Weapon,Blunt Object,
27146,31696,Weapon,Other,
27147,31697,Weapon,Poison,
27148,31698,Weapon,Firearm,
27149,31699,Weapon,Blunt Object,
27150,31700,Weapon,Explosives,
27151,31701,Weapon,Other,
27152,31702,Weapon,Blunt Object,
27153,31703,Weapon,Other,
27154,31704,Weapon,Other,
27155,31705,Weapon,Blunt Object,
27156,31707,Weapon,Other,
27157,31708,Weapon,Poison,
27158,31709,Weapon,Explosives,
27159,31710,Weapon,Explosives,
27160,31712,Weapon,Firearm,
27161,31713,Weapon,Poison,
27162,31714,Weapon,Explosives,
27163,31715,Weapon,Poison,
27164,31716,Weapon,Poison,
27165,31717,Weapon,Explosives,
27166,31718,Weapon,Blunt Object,
27167,31719,Weapon,Other,
27168,31720,Weapon,Firearm,
27169,31721,Weapon,Poison,
27170,31722,Weapon,Explosives,
27171,31723,Weapon,Other,
27172,31724,Weapon,Poison,
27173,31725,Weapon,Poison,
27174,31726,Weapon,Firearm,
27175,31727,Weapon,Knife,
27176,31728,Weapon,Blunt Object,
27177,31729,Weapon,Knife,
27178,31730,Weapon,Other,
27179,31731,Weapon,Poison,
27180,31732,Weapon,Firearm,
27181,31734,Weapon,Other,
27182,31735,Weapon,Firearm,
27183,31736,Weapon,Firearm,
27184,31737,Weapon,Explosives,
27185,31738,Weapon,Blunt Object,
27186,31739,Weapon,Other,
27187,31741,Weapon,Poison,
27188,31742,Weapon,Firearm,
27189,31743,Weapon,Other,
27190,31745,Weapon,Poison,
27191,31747,Weapon,Other,
27192,31748,Weapon,Explosives,
27193,31749,Weapon,Firearm,
27194,31752,Weapon,Blunt Object,
27195,31755,Weapon,Firearm,
27196,31756,Weapon,Explosives,
27197,31757,Weapon,Poison,
27198,31759,Weapon,Other,
27199,31761,Weapon,Knife,
27200,31762,Weapon,Poison,
27201,31763,Weapon,Other,
27202,31764,Weapon,Firearm,
27203,31765,Weapon,Blunt Object,
27204,31766,Weapon,Poison,
27205,31767,Weapon,Explosives,
27206,31768,Weapon,Other,
27207,31769,Weapon,Poison,
27208,31770,Weapon,Poison,
27209,31771,Weapon,Poison,
27210,31772,Weapon,Poison,
27211,31773,Weapon,Other,
27212,31774,Weapon,Firearm,
27213,31775,Weapon,Other,
27214,31777,Weapon,Firearm,
27215,31779,Weapon,Explosives,
27216,31780,Weapon,Blunt Object,
27217,31781,Weapon,Blunt Object,
27218,31782,Weapon,Poison,
27219,31783,Weapon,Knife,
27220,31784,Weapon,Knife,
27221,31785,Weapon,Explosives,
27222,31786,Weapon,Firearm,
27223,31788,Weapon,Poison,
27224,31790,Weapon,Firearm,
27225,31791,Weapon,Knife,
27226,31792,Weapon,Explosives,
27227,31793,Weapon,Firearm,
27228,31794,Weapon,Blunt Object,
27229,31795,Weapon,Explosives,
27230,31796,Weapon,Poison,
27231,31799,Weapon,Explosives,
27232,31800,Weapon,Knife,
27233,31802,Weapon,Poison,
27234,31803,Weapon,Explosives,
27235,31804,Weapon,Knife,
27236,31805,Weapon,Other,
27237,31806,Weapon,Knife,
27238,31807,Weapon,Explosives,
27239,31809,Weapon,Explosives,
27240,31810,Weapon,Poison,
27241,31811,Weapon,Poison,
27242,31812,Weapon,Firearm,
27243,31813,Weapon,Blunt Object,
27244,31815,Weapon,Explosives,
27245,31816,Weapon,Explosives,
27246,31817,Weapon,Blunt Object,
27247,31820,Weapon,Blunt Object,
27248,31821,Weapon,Explosives,
27249,31822,Weapon,Poison,
27250,31823,Weapon,Other,
27251,31824,Weapon,Poison,
27252,31825,Weapon,Poison,
27253,31826,Weapon,Poison,
27254,31827,Weapon,Other,
27255,31828,Weapon,Firearm,
27256,31829,Weapon,Explosives,
27257,31830,Weapon,Knife,
27258,31831,Weapon,Blunt Object,
27259,31832,Weapon,Knife,
27260,31833,Weapon,Knife,
27261,31835,Weapon,Other,
27262,31836,Weapon,Firearm,
27263,31837,Weapon,Explosives,
27264,31838,Weapon,Other,
27265,31840,Weapon,Firearm,
27266,31841,Weapon,Poison,
27267,31842,Weapon,Other,
27268,31844,Weapon,Other,
27269,31845,Weapon,Explosives,
27270,31846,Weapon,Other,
27271,31847,Weapon,Blunt Object,
27272,31849,Weapon,Poison,
27273,31851,Weapon,Poison,
27274,31852,Weapon,Other,
27275,31853,Weapon,Firearm,
27276,31854,Weapon,Knife,
27277,31855,Weapon,Other,
27278,31857,Weapon,Poison,
27279,31858,Weapon,Blunt Object,
27280,31859,Weapon,Blunt Object,
27281,31861,Weapon,Firearm,
27282,31862,Weapon,Poison,
27283,31863,Weapon,Blunt Object,
27284,31864,Weapon,Other,
27285,31865,Weapon,Other,
27286,31866,Weapon,Other,
27287,31867,Weapon,Knife,
27288,31868,Weapon,Poison,
27289,31869,Weapon,Firearm,
27290,31870,Weapon,Explosives,
27291,31872,Weapon,Other,
27292,31873,Weapon,Firearm,
27293,31874,Weapon,Firearm,
27294,31876,Weapon,Firearm,
27295,31877,Weapon,Other,
27296,31878,Weapon,Other,
27297,31879,Weapon,Knife,
27298,31880,Weapon,Blunt Object,
27299,31881,Weapon,Other,
27300,31882,Weapon,Other,
27301,31883,Weapon,Knife,
27302,31884,Weapon,Blunt Object,
27303,31885,Weapon,Knife,
27304,31886,Weapon,Firearm,
27305,31887,Weapon,Blunt Object,
27306,31889,Weapon,Knife,
27307,31890,Weapon,Explosives,
27308,31891,Weapon,Firearm,
27309,31892,Weapon,Knife,
27310,31893,Weapon,Explosives,
27311,31894,Weapon,Other,
27312,31895,Weapon,Poison,
27313,31896,Weapon,Knife,
27314,31897,Weapon,Knife,
27315,31898,Weapon,Other,
27316,31899,Weapon,Explosives,
27317,31900,Weapon,Explosives,
27318,31901,Weapon,Blunt Object,
27319,31902,Weapon,Knife,
27320,31904,Weapon,Knife,
27321,31905,Weapon,Explosives,
27322,31907,Weapon,Blunt Object,
27323,31908,Weapon,Poison,
27324,31909,Weapon,Other,
27325,31910,Weapon,Firearm,
27326,31912,Weapon,Poison,
27327,31913,Weapon,Knife,
27328,31915,Weapon,Poison,
27329,31916,Weapon,Knife,
27330,31917,Weapon,Poison,
27331,31919,Weapon,Knife,
27332,31920,Weapon,Knife,
27333,31921,Weapon,Other,
27334,31922,Weapon,Poison,
27335,31923,Weapon,Firearm,
27336,31925,Weapon,Poison,
27337,31926,Weapon,Explosives,
27338,31927,Weapon,Other,
27339,31928,Weapon,Explosives,
27340,31929,Weapon,Knife,
27341,31930,Weapon,Knife,
27342,31931,Weapon,Explosives,
27343,31932,Weapon,Blunt Object,
27344,31933,Weapon,Explosives,
27345,31934,Weapon,Other,
27346,31935,Weapon,Firearm,
27347,31936,Weapon,Blunt Object,
27348,31937,Weapon,Other,
27349,31939,Weapon,Firearm,
27350,31940,Weapon,Blunt Object,
27351,31941,Weapon,Firearm,
27352,31942,Weapon,Blunt Object,
27353,31943,Weapon,Explosives,
27354,31945,Weapon,Poison,
27355,31946,Weapon,Poison,
27356,31947,Weapon,Blunt Object,
27357,31948,Weapon,Other,
27358,31950,Weapon,Explosives,
27359,31951,Weapon,Firearm,
27360,31952,Weapon,Explosives,
27361,31953,Weapon,Poison,
27362,31954,Weapon,Explosives,
27363,31956,Weapon,Knife,
27364,31958,Weapon,Poison,
27365,31960,Weapon,Other,
27366,31963,Weapon,Blunt Object,
27367,31964,Weapon,Poison,
27368,31966,Weapon,Other,
27369,31968,Weapon,Poison,
27370,31969,Weapon,Poison,
27371,31970,Weapon,Blunt Object,
27372,31971,Weapon,Blunt Object,
27373,31972,Weapon,Poison,
27374,31973,Weapon,Other,
27375,31974,Weapon,Poison,
27376,31975,Weapon,Poison,
27377,31976,Weapon,Other,
27378,31977,Weapon,Poison,
27379,31979,Weapon,Explosives,
27380,31981,Weapon,Knife,
27381,31982,Weapon,Explosives,
27382,31983,Weapon,Explosives,
27383,31984,Weapon,Explosives,
27384,31986,Weapon,Firearm,
27385,31987,Weapon,Blunt Object,
27386,31988,Weapon,Blunt Object,
27387,31989,Weapon,Knife,
27388,31990,Weapon,Explosives,
27389,31991,Weapon,Firearm,
27390,31992,Weapon,Firearm,
27391,31993,Weapon,Poison,
27392,31994,Weapon,Explosives,
27393,31995,Weapon,Knife,
27394,31996,Weapon,Explosives,
27395,31997,Weapon,Blunt Object,
27396,31998,Weapon,Knife,
27397,31999,Weapon,Explosives,
27398,32000,Weapon,Poison,
27399,32001,Weapon,Other,
27400,32002,Weapon,Firearm,
27401,32003,Weapon,Knife,
27402,32004,Weapon,Poison,
27403,32005,Weapon,Knife,
27404,32006,Weapon,Poison,
27405,32007,Weapon,Other,
27406,32009,Weapon,Other,
27407,32010,Weapon,Explosives,
27408,32012,Weapon,Poison,
27409,32013,Weapon,Poison,
27410,32014,Weapon,Poison,
27411,32015,Weapon,Firearm,
27412,32016,Weapon,Knife,
27413,32017,Weapon,Blunt Object,
27414,32019,Weapon,Blunt Object,
27415,32020,Weapon,Knife,
27416,32021,Weapon,Explosives,
27417,32022,Weapon,Firearm,
27418,32023,Weapon,Poison,
27419,32024,Weapon,Blunt Object,
27420,32025,Weapon,Knife,
27421,32026,Weapon,Firearm,
27422,32027,Weapon,Other,
27423,32029,Weapon,Blunt Object,
27424,32030,Weapon,Explosives,
27425,32031,Weapon,Knife,
27426,32032,Weapon,Explosives,
27427,32033,Weapon,Other,
27428,32034,Weapon,Blunt Object,
27429,32035,Weapon,Firearm,
27430,32036,Weapon,Poison,
27431,32037,Weapon,Other,
27432,32040,Weapon,Explosives,
27433,32041,Weapon,Poison,
27434,32042,Weapon,Knife,
27435,32044,Weapon,Knife,
27436,32045,Weapon,Explosives,
27437,32047,Weapon,Poison,
27438,32048,Weapon,Explosives,
27439,32049,Weapon,Explosives,
27440,32050,Weapon,Explosives,
27441,32052,Weapon,Knife,
27442,32053,Weapon,Knife,
27443,32054,Weapon,Firearm,
27444,32055,Weapon,Knife,
27445,32056,Weapon,Blunt Object,
27446,32058,Weapon,Poison,
27447,32059,Weapon,Knife,
27448,32060,Weapon,Knife,
27449,32061,Weapon,Other,
27450,32062,Weapon,Other,
27451,32063,Weapon,Explosives,
27452,32064,Weapon,Other,
27453,32065,Weapon,Explosives,
27454,32066,Weapon,Other,
27455,32068,Weapon,Poison,
27456,32069,Weapon,Firearm,
27457,32070,Weapon,Other,
27458,32071,Weapon,Poison,
27459,32073,Weapon,Poison,
27460,32074,Weapon,Poison,
27461,32076,Weapon,Blunt Object,
27462,32077,Weapon,Knife,
27463,32078,Weapon,Other,
27464,32080,Weapon,Explosives,
27465,32081,Weapon,Explosives,
27466,32082,Weapon,Knife,
27467,32083,Weapon,Firearm,
27468,32085,Weapon,Other,
27469,32086,Weapon,Firearm,
27470,32087,Weapon,Poison,
27471,32088,Weapon,Poison,
27472,32089,Weapon,Explosives,
27473,32090,Weapon,Other,
27474,32091,Weapon,Knife,
27475,32092,Weapon,Other,
27476,32093,Weapon,Knife,
27477,32094,Weapon,Knife,
27478,32095,Weapon,Firearm,
27479,32097,Weapon,Other,
27480,32098,Weapon,Firearm,
27481,32099,Weapon,Blunt Object,
27482,32100,Weapon,Poison,
27483,32101,Weapon,Other,
27484,32102,Weapon,Knife,
27485,32103,Weapon,Other,
27486,32104,Weapon,Explosives,
27487,32106,Weapon,Explosives,
27488,32109,Weapon,Other,
27489,32110,Weapon,Blunt Object,
27490,32111,Weapon,Firearm,
27491,32112,Weapon,Firearm,
27492,32113,Weapon,Poison,
27493,32114,Weapon,Explosives,
27494,32115,Weapon,Firearm,
27495,32116,Weapon,Other,
27496,32117,Weapon,Poison,
27497,32118,Weapon,Poison,
27498,32119,Weapon,Firearm,
27499,32120,Weapon,Other,
27500,32121,Weapon,Knife,
27501,32122,Weapon,Poison,
27502,32123,Weapon,Firearm,
27503,32124,Weapon,Explosives,
27504,32125,Weapon,Other,
27505,32126,Weapon,Blunt Object,
27506,32127,Weapon,Poison,
27507,32128,Weapon,Firearm,
27508,32129,Weapon,Knife,
27509,32130,Weapon,Explosives,
27510,32131,Weapon,Firearm,
27511,32132,Weapon,Blunt Object,
27512,32134,Weapon,Explosives,
27513,32136,Weapon,Blunt Object,
27514,32137,Weapon,Other,
27515,32139,Weapon,Knife,
27516,32140,Weapon,Blunt Object,
27517,32141,Weapon,Explosives,
27518,32142,Weapon,Blunt Object,
27519,32143,Weapon,Blunt Object,
27520,32144,Weapon,Firearm,
27521,32145,Weapon,Explosives,
27522,32146,Weapon,Poison,
27523,32147,Weapon,Explosives,
27524,32148,Weapon,Poison,
27525,32149,Weapon,Firearm,
27526,32150,Weapon,Blunt Object,
27527,32152,Weapon,Poison,
27528,32153,Weapon,Blunt Object,
27529,32154,Weapon,Firearm,
27530,32155,Weapon,Knife,
27531,32156,Weapon,Other,
27532,32157,Weapon,Blunt Object,
27533,32158,Weapon,Poison,
27534,32159,Weapon,Blunt Object,
27535,32160,Weapon,Firearm,
27536,32161,Weapon,Firearm,
27537,32162,Weapon,Knife,
27538,32163,Weapon,Blunt Object,
27539,32164,Weapon,Knife,
27540,32165,Weapon,Other,
27541,32166,Weapon,Knife,
27542,32167,Weapon,Other,
27543,32168,Weapon,Knife,
27544,32169,Weapon,Firearm,
27545,32171,Weapon,Other,
27546,32172,Weapon,Other,
27547,32173,Weapon,Blunt Object,
27548,32174,Weapon,Explosives,
27549,32175,Weapon,Blunt Object,
27550,32176,Weapon,Poison,
27551,32177,Weapon,Blunt Object,
27552,32178,Weapon,Explosives,
27553,32179,Weapon,Firearm,
27554,32180,Weapon,Firearm,
27555,32181,Weapon,Explosives,
27556,32182,Weapon,Other,
27557,32183,Weapon,Poison,
27558,32184,Weapon,Firearm,
27559,32185,Weapon,Firearm,
27560,32186,Weapon,Other,
27561,32187,Weapon,Blunt Object,
27562,32190,Weapon,Poison,
27563,32192,Weapon,Firearm,
27564,32193,Weapon,Poison,
27565,32194,Weapon,Other,
27566,32195,Weapon,Other,
27567,32196,Weapon,Firearm,
27568,32197,Weapon,Other,
27569,32200,Weapon,Firearm,
27570,32202,Weapon,Poison,
27571,32203,Weapon,Other,
27572,32204,Weapon,Firearm,
27573,32205,Weapon,Firearm,
27574,32206,Weapon,Blunt Object,
27575,32208,Weapon,Poison,
27576,32209,Weapon,Firearm,
27577,32210,Weapon,Blunt Object,
27578,32211,Weapon,Other,
27579,32212,Weapon,Blunt Object,
27580,32213,Weapon,Other,
27581,32215,Weapon,Knife,
27582,32216,Weapon,Knife,
27583,32217,Weapon,Knife,
27584,32219,Weapon,Blunt Object,
27585,32220,Weapon,Firearm,
27586,32223,Weapon,Poison,
27587,32225,Weapon,Other,
27588,32226,Weapon,Explosives,
27589,32227,Weapon,Poison,
27590,32228,Weapon,Blunt Object,
27591,32229,Weapon,Poison,
27592,32230,Weapon,Other,
27593,32231,Weapon,Knife,
27594,32232,Weapon,Other,
27595,32234,Weapon,Other,
27596,32235,Weapon,Blunt Object,
27597,32236,Weapon,Firearm,
27598,32237,Weapon,Explosives,
27599,32239,Weapon,Other,
27600,32240,Weapon,Blunt Object,
27601,32243,Weapon,Explosives,
27602,32244,Weapon,Blunt Object,
27603,32245,Weapon,Knife,
27604,32246,Weapon,Other,
27605,32247,Weapon,Other,
27606,32248,Weapon,Other,
27607,32249,Weapon,Poison,
27608,32250,Weapon,Other,
27609,32251,Weapon,Firearm,
27610,32252,Weapon,Knife,
27611,32254,Weapon,Poison,
27612,32255,Weapon,Knife,
27613,32256,Weapon,Other,
27614,32258,Weapon,Knife,
27615,32259,Weapon,Blunt Object,
27616,32261,Weapon,Explosives,
27617,32262,Weapon,Knife,
27618,32263,Weapon,Blunt Object,
27619,32264,Weapon,Blunt Object,
27620,32266,Weapon,Blunt Object,
27621,32267,Weapon,Knife,
27622,32268,Weapon,Explosives,
27623,32269,Weapon,Poison,
27624,32270,Weapon,Blunt Object,
27625,32271,Weapon,Blunt Object,
27626,32272,Weapon,Firearm,
27627,32274,Weapon,Other,
27628,32275,Weapon,Firearm,
27629,32276,Weapon,Poison,
27630,32277,Weapon,Other,
27631,32278,Weapon,Knife,
27632,32280,Weapon,Poison,
27633,32281,Weapon,Other,
27634,32282,Weapon,Poison,
27635,32283,Weapon,Firearm,
27636,32284,Weapon,Explosives,
27637,32285,Weapon,Explosives,
27638,32287,Weapon,Other,
27639,32288,Weapon,Explosives,
27640,32289,Weapon,Explosives,
27641,32290,Weapon,Explosives,
27642,32291,Weapon,Poison,
27643,32293,Weapon,Other,
27644,32295,Weapon,Explosives,
27645,32296,Weapon,Poison,
27646,32298,Weapon,Knife,
27647,32300,Weapon,Poison,
27648,32301,Weapon,Explosives,
27649,32302,Weapon,Blunt Object,
27650,32303,Weapon,Poison,
27651,32304,Weapon,Firearm,
27652,32305,Weapon,Firearm,
27653,32306,Weapon,Knife,
27654,32307,Weapon,Firearm,
27655,32308,Weapon,Other,
27656,32309,Weapon,Knife,
27657,32310,Weapon,Knife,
27658,32311,Weapon,Knife,
27659,32313,Weapon,Firearm,
27660,32315,Weapon,Blunt Object,
27661,32316,Weapon,Blunt Object,
27662,32318,Weapon,Poison,
27663,32319,Weapon,Blunt Object,
27664,32320,Weapon,Explosives,
27665,32321,Weapon,Other,
27666,32322,Weapon,Blunt Object,
27667,32323,Weapon,Firearm,
27668,32324,Weapon,Blunt Object,
27669,32326,Weapon,Explosives,
27670,32327,Weapon,Other,
27671,32329,Weapon,Explosives,
27672,32330,Weapon,Explosives,
27673,32331,Weapon,Explosives,
27674,32332,Weapon,Knife,
27675,32333,Weapon,Knife,
27676,32334,Weapon,Knife,
27677,32335,Weapon,Firearm,
27678,32336,Weapon,Poison,
27679,32337,Weapon,Firearm,
27680,32338,Weapon,Knife,
27681,32339,Weapon,Poison,
27682,32340,Weapon,Poison,
27683,32342,Weapon,Knife,
27684,32343,Weapon,Other,
27685,32344,Weapon,Poison,
27686,32345,Weapon,Other,
27687,32346,Weapon,Explosives,
27688,32348,Weapon,Firearm,
27689,32349,Weapon,Explosives,
27690,32350,Weapon,Poison,
27691,32351,Weapon,Poison,
27692,32352,Weapon,Knife,
27693,32353,Weapon,Firearm,
27694,32354,Weapon,Firearm,
27695,32355,Weapon,Firearm,
27696,32356,Weapon,Explosives,
27697,32357,Weapon,Explosives,
27698,32359,Weapon,Poison,
27699,32360,Weapon,Firearm,
27700,32361,Weapon,Firearm,
27701,32362,Weapon,Blunt Object,
27702,32364,Weapon,Knife,
27703,32366,Weapon,Knife,
27704,32368,Weapon,Knife,
27705,32369,Weapon,Firearm,
27706,32370,Weapon,Other,
27707,32371,Weapon,Knife,
27708,32372,Weapon,Poison,
27709,32373,Weapon,Explosives,
27710,32374,Weapon,Explosives,
27711,32375,Weapon,Knife,
27712,32376,Weapon,Poison,
27713,32377,Weapon,Blunt Object,
27714,32378,Weapon,Poison,
27715,32380,Weapon,Blunt Object,
27716,32381,Weapon,Explosives,
27717,32382,Weapon,Other,
27718,32383,Weapon,Other,
27719,32384,Weapon,Firearm,
27720,32385,Weapon,Knife,
27721,32386,Weapon,Other,
27722,32387,Weapon,Firearm,
27723,32388,Weapon,Explosives,
27724,32391,Weapon,Blunt Object,
27725,32392,Weapon,Poison,
27726,32393,Weapon,Poison,
27727,32394,Weapon,Poison,
27728,32397,Weapon,Knife,
27729,32398,Weapon,Other,
27730,32399,Weapon,Explosives,
27731,32400,Weapon,Blunt Object,
27732,32401,Weapon,Other,
27733,32402,Weapon,Blunt Object,
27734,32403,Weapon,Blunt Object,
27735,32404,Weapon,Poison,
27736,32406,Weapon,Other,
27737,32407,Weapon,Firearm,
27738,32409,Weapon,Knife,
27739,32410,Weapon,Explosives,
27740,32411,Weapon,Blunt Object,
27741,32412,Weapon,Knife,
27742,32413,Weapon,Knife,
27743,32415,Weapon,Poison,
27744,32416,Weapon,Poison,
27745,32417,Weapon,Explosives,
27746,32418,Weapon,Poison,
27747,32419,Weapon,Blunt Object,
27748,32421,Weapon,Firearm,
27749,32422,Weapon,Firearm,
27750,32423,Weapon,Other,
27751,32424,Weapon,Other,
27752,32425,Weapon,Explosives,
27753,32426,Weapon,Explosives,
27754,32428,Weapon,Firearm,
27755,32429,Weapon,Firearm,
27756,32430,Weapon,Poison,
27757,32431,Weapon,Poison,
27758,32432,Weapon,Blunt Object,
27759,32433,Weapon,Explosives,
27760,32434,Weapon,Firearm,
27761,32435,Weapon,Firearm,
27762,32436,Weapon,Other,
27763,32437,Weapon,Other,
27764,32438,Weapon,Other,
27765,32439,Weapon,Explosives,
27766,32440,Weapon,Firearm,
27767,32441,Weapon,Poison,
27768,32442,Weapon,Explosives,
27769,32443,Weapon,Blunt Object,
27770,32445,Weapon,Other,
27771,32446,Weapon,Blunt Object,
27772,32447,Weapon,Blunt Object,
27773,32448,Weapon,Knife,
27774,32450,Weapon,Firearm,
27775,32451,Weapon,Explosives,
27776,32452,Weapon,Knife,
27777,32453,Weapon,Explosives,
27778,32454,Weapon,Firearm,
27779,32455,Weapon,Knife,
27780,32456,Weapon,Other,
27781,32457,Weapon,Knife,
27782,32459,Weapon,Blunt Object,
27783,32461,Weapon,Blunt Object,
27784,32462,Weapon,Knife,
27785,32463,Weapon,Firearm,
27786,32464,Weapon,Other,
27787,32465,Weapon,Poison,
27788,32466,Weapon,Other,
27789,32467,Weapon,Poison,
27790,32468,Weapon,Firearm,
27791,32469,Weapon,Blunt Object,
27792,32470,Weapon,Knife,
27793,32471,Weapon,Firearm,
27794,32472,Weapon,Blunt Object,
27795,32473,Weapon,Other,
27796,32475,Weapon,Firearm,
27797,32476,Weapon,Poison,
27798,32477,Weapon,Poison,
27799,32478,Weapon,Other,
27800,32480,Weapon,Other,
27801,32481,Weapon,Blunt Object,
27802,32482,Weapon,Knife,
27803,32483,Weapon,Firearm,
27804,32486,Weapon,Poison,
27805,32487,Weapon,Other,
27806,32490,Weapon,Blunt Object,
27807,32491,Weapon,Knife,
27808,32493,Weapon,Firearm,
27809,32494,Weapon,Poison,
27810,32495,Weapon,Other,
27811,32496,Weapon,Blunt Object,
27812,32497,Weapon,Other,
27813,32498,Weapon,Knife,
27814,32499,Weapon,Knife,
27815,32500,Weapon,Other,
27816,32501,Weapon,Poison,
27817,32502,Weapon,Poison,
27818,32503,Weapon,Explosives,
27819,32505,Weapon,Firearm,
27820,32506,Weapon,Poison,
27821,32507,Weapon,Firearm,
27822,32508,Weapon,Other,
27823,32509,Weapon,Blunt Object,
27824,32510,Weapon,Knife,
27825,32512,Weapon,Knife,
27826,32513,Weapon,Firearm,
27827,32514,Weapon,Other,
27828,32515,Weapon,Other,
27829,32516,Weapon,Knife,
27830,32517,Weapon,Explosives,
27831,32519,Weapon,Knife,
27832,32520,Weapon,Explosives,
27833,32521,Weapon,Poison,
27834,32522,Weapon,Poison,
27835,32523,Weapon,Explosives,
27836,32524,Weapon,Blunt Object,
27837,32525,Weapon,Firearm,
27838,32526,Weapon,Explosives,
27839,32528,Weapon,Other,
27840,32529,Weapon,Explosives,
27841,32530,Weapon,Firearm,
27842,32531,Weapon,Firearm,
27843,32532,Weapon,Other,
27844,32534,Weapon,Knife,
27845,32535,Weapon,Blunt Object,
27846,32537,Weapon,Blunt Object,
27847,32539,Weapon,Knife,
27848,32540,Weapon,Firearm,
27849,32541,Weapon,Explosives,
27850,32542,Weapon,Firearm,
27851,32543,Weapon,Explosives,
27852,32544,Weapon,Other,
27853,32545,Weapon,Firearm,
27854,32546,Weapon,Explosives,
27855,32547,Weapon,Blunt Object,
27856,32548,Weapon,Explosives,
27857,32549,Weapon,Other,
27858,32550,Weapon,Explosives,
27859,32552,Weapon,Poison,
27860,32553,Weapon,Poison,
27861,32554,Weapon,Blunt Object,
27862,32555,Weapon,Knife,
27863,32556,Weapon,Blunt Object,
27864,32557,Weapon,Other,
27865,32558,Weapon,Poison,
27866,32559,Weapon,Explosives,
27867,32560,Weapon,Blunt Object,
27868,32562,Weapon,Knife,
27869,32563,Weapon,Blunt Object,
27870,32564,Weapon,Blunt Object,
27871,32565,Weapon,Blunt Object,
27872,32566,Weapon,Explosives,
27873,32567,Weapon,Firearm,
27874,32568,Weapon,Firearm,
27875,32570,Weapon,Knife,
27876,32571,Weapon,Blunt Object,
27877,32572,Weapon,Blunt Object,
27878,32573,Weapon,Other,
27879,32574,Weapon,Explosives,
27880,32575,Weapon,Knife,
27881,32576,Weapon,Explosives,
27882,32577,Weapon,Knife,
27883,32578,Weapon,Other,
27884,32579,Weapon,Explosives,
27885,32580,Weapon,Poison,
27886,32581,Weapon,Firearm,
27887,32582,Weapon,Blunt Object,
27888,32583,Weapon,Blunt Object,
27889,32585,Weapon,Firearm,
27890,32586,Weapon,Firearm,
27891,32587,Weapon,Firearm,
27892,32588,Weapon,Explosives,
27893,32590,Weapon,Other,
27894,32591,Weapon,Blunt Object,
27895,32592,Weapon,Explosives,
27896,32593,Weapon,Blunt Object,
27897,32594,Weapon,Firearm,
27898,32595,Weapon,Knife,
27899,32596,Weapon,Knife,
27900,32597,Weapon,Knife,
27901,32598,Weapon,Blunt Object,
27902,32599,Weapon,Explosives,
27903,32600,Weapon,Explosives,
27904,32601,Weapon,Poison,
27905,32602,Weapon,Explosives,
27906,32603,Weapon,Blunt Object,
27907,32604,Weapon,Explosives,
27908,32605,Weapon,Explosives,
27909,32607,Weapon,Poison,
27910,32608,Weapon,Knife,
27911,32609,Weapon,Explosives,
27912,32610,Weapon,Other,
27913,32611,Weapon,Poison,
27914,32612,Weapon,Blunt Object,
27915,32613,Weapon,Knife,
27916,32614,Weapon,Knife,
27917,32615,Weapon,Other,
27918,32616,Weapon,Firearm,
27919,32617,Weapon,Firearm,
27920,32618,Weapon,Explosives,
27921,32619,Weapon,Explosives,
27922,32620,Weapon,Firearm,
27923,32621,Weapon,Explosives,
27924,32622,Weapon,Explosives,
27925,32623,Weapon,Other,
27926,32624,Weapon,Blunt Object,
27927,32625,Weapon,Other,
27928,32627,Weapon,Firearm,
27929,32628,Weapon,Firearm,
27930,32629,Weapon,Other,
27931,32631,Weapon,Knife,
27932,32632,Weapon,Blunt Object,
27933,32633,Weapon,Explosives,
27934,32634,Weapon,Knife,
27935,32635,Weapon,Firearm,
27936,32636,Weapon,Poison,
27937,32637,Weapon,Knife,
27938,32638,Weapon,Knife,
27939,32639,Weapon,Knife,
27940,32641,Weapon,Blunt Object,
27941,32642,Weapon,Blunt Object,
27942,32643,Weapon,Other,
27943,32644,Weapon,Explosives,
27944,32645,Weapon,Blunt Object,
27945,32646,Weapon,Knife,
27946,32647,Weapon,Explosives,
27947,32649,Weapon,Poison,
27948,32651,Weapon,Firearm,
27949,32652,Weapon,Firearm,
27950,32653,Weapon,Knife,
27951,32655,Weapon,Poison,
27952,32656,Weapon,Explosives,
27953,32657,Weapon,Firearm,
27954,32658,Weapon,Blunt Object,
27955,32659,Weapon,Poison,
27956,32660,Weapon,Blunt Object,
27957,32662,Weapon,Knife,
27958,32663,Weapon,Poison,
27959,32664,Weapon,Explosives,
27960,32665,Weapon,Poison,
27961,32667,Weapon,Poison,
27962,32668,Weapon,Other,
27963,32669,Weapon,Knife,
27964,32670,Weapon,Poison,
27965,32671,Weapon,Other,
27966,32672,Weapon,Blunt Object,
27967,32673,Weapon,Firearm,
27968,32674,Weapon,Explosives,
27969,32675,Weapon,Firearm,
27970,32676,Weapon,Explosives,
27971,32677,Weapon,Firearm,
27972,32678,Weapon,Explosives,
27973,32679,Weapon,Other,
27974,32681,Weapon,Knife,
27975,32682,Weapon,Knife,
27976,32683,Weapon,Knife,
27977,32684,Weapon,Firearm,
27978,32685,Weapon,Other,
27979,32686,Weapon,Explosives,
27980,32688,Weapon,Blunt Object,
27981,32689,Weapon,Explosives,
27982,32692,Weapon,Poison,
27983,32693,Weapon,Firearm,
27984,32694,Weapon,Other,
27985,32695,Weapon,Explosives,
27986,32696,Weapon,Poison,
27987,32697,Weapon,Poison,
27988,32698,Weapon,Explosives,
27989,32699,Weapon,Poison,
27990,32700,Weapon,Knife,
27991,32701,Weapon,Blunt Object,
27992,32702,Weapon,Explosives,
27993,32703,Weapon,Knife,
27994,32704,Weapon,Firearm,
27995,32705,Weapon,Blunt Object,
27996,32706,Weapon,Explosives,
27997,32707,Weapon,Explosives,
27998,32708,Weapon,Poison,
27999,32709,Weapon,Explosives,
28000,32710,Weapon,Other,
28001,32713,Weapon,Poison,
28002,32714,Weapon,Other,
28003,32715,Weapon,Other,
28004,32716,Weapon,Firearm,
28005,32717,Weapon,Other,
28006,32718,Weapon,Other,
28007,32719,Weapon,Blunt Object,
28008,32720,Weapon,Other,
28009,32721,Weapon,Firearm,
28010,32722,Weapon,Explosives,
28011,32723,Weapon,Poison,
28012,32724,Weapon,Other,
28013,32725,Weapon,Poison,
28014,32726,Weapon,Firearm,
28015,32727,Weapon,Other,
28016,32728,Weapon,Knife,
28017,32729,Weapon,Knife,
28018,32730,Weapon,Firearm,
28019,32731,Weapon,Firearm,
28020,32732,Weapon,Blunt Object,
28021,32733,Weapon,Firearm,
28022,32734,Weapon,Other,
28023,32736,Weapon,Blunt Object,
28024,32738,Weapon,Firearm,
28025,32739,Weapon,Blunt Object,
28026,32741,Weapon,Other,
28027,32742,Weapon,Explosives,
28028,32743,Weapon,Knife,
28029,32744,Weapon,Blunt Object,
28030,32746,Weapon,Knife,
28031,32747,Weapon,Blunt Object,
28032,32748,Weapon,Poison,
28033,32749,Weapon,Explosives,
28034,32750,Weapon,Blunt Object,
28035,32751,Weapon,Knife,
28036,32752,Weapon,Explosives,
28037,32754,Weapon,Knife,
28038,32755,Weapon,Knife,
28039,32756,Weapon,Poison,
28040,32758,Weapon,Knife,
28041,32759,Weapon,Explosives,
28042,32761,Weapon,Explosives,
28043,32762,Weapon,Other,
28044,32763,Weapon,Blunt Object,
28045,32764,Weapon,Firearm,
28046,32765,Weapon,Knife,
28047,32766,Weapon,Other,
28048,32767,Weapon,Other,
28049,32768,Weapon,Firearm,
28050,32769,Weapon,Explosives,
28051,32770,Weapon,Knife,
28052,32771,Weapon,Firearm,
28053,32772,Weapon,Firearm,
28054,32773,Weapon,Explosives,
28055,32774,Weapon,Blunt Object,
28056,32775,Weapon,Poison,
28057,32776,Weapon,Knife,
28058,32778,Weapon,Other,
28059,32779,Weapon,Explosives,
28060,32780,Weapon,Other,
28061,32781,Weapon,Other,
28062,32782,Weapon,Other,
28063,32783,Weapon,Explosives,
28064,32784,Weapon,Blunt Object,
28065,32785,Weapon,Explosives,
28066,32786,Weapon,Explosives,
28067,32787,Weapon,Explosives,
28068,32789,Weapon,Explosives,
28069,32790,Weapon,Blunt Object,
28070,32791,Weapon,Knife,
28071,32792,Weapon,Firearm,
28072,32793,Weapon,Poison,
28073,32795,Weapon,Blunt Object,
28074,32796,Weapon,Poison,
28075,32797,Weapon,Knife,
28076,32799,Weapon,Other,
28077,32800,Weapon,Firearm,
28078,32801,Weapon,Firearm,
28079,32802,Weapon,Firearm,
28080,32803,Weapon,Explosives,
28081,32804,Weapon,Other,
28082,32805,Weapon,Knife,
28083,32806,Weapon,Blunt Object,
28084,32807,Weapon,Firearm,
28085,32808,Weapon,Explosives,
28086,32809,Weapon,Poison,
28087,32810,Weapon,Knife,
28088,32811,Weapon,Poison,
28089,32812,Weapon,Poison,
28090,32813,Weapon,Poison,
28091,32814,Weapon,Poison,
28092,32816,Weapon,Explosives,
28093,32817,Weapon,Knife,
28094,32818,Weapon,Explosives,
28095,32819,Weapon,Firearm,
28096,32820,Weapon,Other,
28097,32821,Weapon,Poison,
28098,32822,Weapon,Other,
28099,32823,Weapon,Blunt Object,
28100,32824,Weapon,Blunt Object,
28101,32825,Weapon,Firearm,
28102,32826,Weapon,Blunt Object,
28103,32827,Weapon,Knife,
28104,32829,Weapon,Other,
28105,32830,Weapon,Poison,
28106,32831,Weapon,Knife,
28107,32832,Weapon,Explosives,
28108,32833,Weapon,Knife,
28109,32834,Weapon,Blunt Object,
28110,32835,Weapon,Knife,
28111,32836,Weapon,Blunt Object,
28112,32837,Weapon,Blunt Object,
28113,32838,Weapon,Poison,
28114,32839,Weapon,Other,
28115,32840,Weapon,Firearm,
28116,32841,Weapon,Poison,
28117,32843,Weapon,Other,
28118,32844,Weapon,Poison,
28119,32845,Weapon,Other,
28120,32847,Weapon,Explosives,
28121,32848,Weapon,Firearm,
28122,32849,Weapon,Knife,
28123,32850,Weapon,Knife,
28124,32852,Weapon,Knife,
28125,32853,Weapon,Poison,
28126,32854,Weapon,Knife,
28127,32855,Weapon,Poison,
28128,32856,Weapon,Other,
28129,32857,Weapon,Firearm,
28130,32859,Weapon,Blunt Object,
28131,32860,Weapon,Knife,
28132,32861,Weapon,Explosives,
28133,32862,Weapon,Other,
28134,32863,Weapon,Explosives,
28135,32864,Weapon,Poison,
28136,32865,Weapon,Blunt Object,
28137,32866,Weapon,Blunt Object,
28138,32868,Weapon,Other,
28139,32869,Weapon,Firearm,
28140,32870,Weapon,Knife,
28141,32871,Weapon,Explosives,
28142,32872,Weapon,Knife,
28143,32874,Weapon,Knife,
28144,32875,Weapon,Firearm,
28145,32876,Weapon,Other,
28146,32877,Weapon,Explosives,
28147,32878,Weapon,Explosives,
28148,32880,Weapon,Explosives,
28149,32881,Weapon,Poison,
28150,32882,Weapon,Firearm,
28151,32884,Weapon,Explosives,
28152,32885,Weapon,Knife,
28153,32886,Weapon,Knife,
28154,32887,Weapon,Other,
28155,32888,Weapon,Poison,
28156,32889,Weapon,Other,
28157,32890,Weapon,Other,
28158,32892,Weapon,Firearm,
28159,32893,Weapon,Knife,
28160,32894,Weapon,Poison,
28161,32897,Weapon,Knife,
28162,32898,Weapon,Knife,
28163,32899,Weapon,Other,
28164,32900,Weapon,Other,
28165,32901,Weapon,Poison,
28166,32902,Weapon,Poison,
28167,32903,Weapon,Knife,
28168,32904,Weapon,Blunt Object,
28169,32906,Weapon,Blunt Object,
28170,32907,Weapon,Explosives,
28171,32908,Weapon,Knife,
28172,32909,Weapon,Knife,
28173,32911,Weapon,Other,
28174,32912,Weapon,Knife,
28175,32913,Weapon,Firearm,
28176,32915,Weapon,Explosives,
28177,32916,Weapon,Other,
28178,32917,Weapon,Knife,
28179,32918,Weapon,Knife,
28180,32919,Weapon,Explosives,
28181,32920,Weapon,Explosives,
28182,32921,Weapon,Other,
28183,32922,Weapon,Firearm,
28184,32923,Weapon,Poison,
28185,32924,Weapon,Firearm,
28186,32925,Weapon,Blunt Object,
28187,32927,Weapon,Explosives,
28188,32928,Weapon,Other,
28189,32929,Weapon,Blunt Object,
28190,32930,Weapon,Knife,
28191,32931,Weapon,Knife,
28192,32932,Weapon,Blunt Object,
28193,32933,Weapon,Knife,
28194,32934,Weapon,Knife,
28195,32935,Weapon,Blunt Object,
28196,32937,Weapon,Blunt Object,
28197,32938,Weapon,Other,
28198,32939,Weapon,Poison,
28199,32940,Weapon,Explosives,
28200,32941,Weapon,Poison,
28201,32942,Weapon,Firearm,
28202,32943,Weapon,Firearm,
28203,32944,Weapon,Explosives,
28204,32945,Weapon,Firearm,
28205,32946,Weapon,Other,
28206,32947,Weapon,Poison,
28207,32949,Weapon,Other,
28208,32950,Weapon,Other,
28209,32951,Weapon,Other,
28210,32952,Weapon,Firearm,
28211,32954,Weapon,Knife,
28212,32955,Weapon,Explosives,
28213,32956,Weapon,Other,
28214,32957,Weapon,Explosives,
28215,32958,Weapon,Knife,
28216,32959,Weapon,Explosives,
28217,32960,Weapon,Knife,
28218,32962,Weapon,Knife,
28219,32963,Weapon,Explosives,
28220,32964,Weapon,Explosives,
28221,32965,Weapon,Other,
28222,32967,Weapon,Poison,
28223,32969,Weapon,Blunt Object,
28224,32971,Weapon,Firearm,
28225,32972,Weapon,Poison,
28226,32973,Weapon,Poison,
28227,32975,Weapon,Firearm,
28228,32976,Weapon,Other,
28229,32977,Weapon,Explosives,
28230,32978,Weapon,Poison,
28231,32979,Weapon,Firearm,
28232,32980,Weapon,Other,
28233,32982,Weapon,Other,
28234,32983,Weapon,Poison,
28235,32984,Weapon,Knife,
28236,32985,Weapon,Explosives,
28237,32986,Weapon,Blunt Object,
28238,32987,Weapon,Other,
28239,32988,Weapon,Knife,
28240,32989,Weapon,Knife,
28241,32990,Weapon,Blunt Object,
28242,32991,Weapon,Blunt Object,
28243,32992,Weapon,Blunt Object,
28244,32993,Weapon,Firearm,
28245,32994,Weapon,Other,
28246,32995,Weapon,Poison,
28247,32996,Weapon,Explosives,
28248,32997,Weapon,Blunt Object,
28249,32998,Weapon,Knife,
28250,32999,Weapon,Knife,
28251,33000,Weapon,Firearm,
28252,33001,Weapon,Blunt Object,
28253,33002,Weapon,Other,
28254,33003,Weapon,Knife,
28255,33004,Weapon,Explosives,
28256,33005,Weapon,Explosives,
28257,33006,Weapon,Blunt Object,
28258,33007,Weapon,Other,
28259,33008,Weapon,Explosives,
28260,33009,Weapon,Other,
28261,33010,Weapon,Knife,
28262,33011,Weapon,Blunt Object,
28263,33012,Weapon,Explosives,
28264,33013,Weapon,Firearm,
28265,33015,Weapon,Knife,
28266,33016,Weapon,Poison,
28267,33017,Weapon,Poison,
28268,33018,Weapon,Poison,
28269,33019,Weapon,Poison,
28270,33021,Weapon,Blunt Object,
28271,33022,Weapon,Explosives,
28272,33023,Weapon,Poison,
28273,33024,Weapon,Other,
28274,33025,Weapon,Other,
28275,33026,Weapon,Poison,
28276,33027,Weapon,Knife,
28277,33028,Weapon,Poison,
28278,33029,Weapon,Explosives,
28279,33030,Weapon,Explosives,
28280,33032,Weapon,Knife,
28281,33033,Weapon,Poison,
28282,33034,Weapon,Firearm,
28283,33035,Weapon,Blunt Object,
28284,33036,Weapon,Blunt Object,
28285,33037,Weapon,Blunt Object,
28286,33038,Weapon,Firearm,
28287,33039,Weapon,Knife,
28288,33040,Weapon,Poison,
28289,33041,Weapon,Firearm,
28290,33042,Weapon,Explosives,
28291,33043,Weapon,Other,
28292,33044,Weapon,Poison,
28293,33045,Weapon,Explosives,
28294,33047,Weapon,Explosives,
28295,33048,Weapon,Poison,
28296,33049,Weapon,Poison,
28297,33051,Weapon,Explosives,
28298,33052,Weapon,Firearm,
28299,33055,Weapon,Other,
28300,33057,Weapon,Knife,
28301,33058,Weapon,Poison,
28302,33059,Weapon,Explosives,
28303,33060,Weapon,Poison,
28304,33061,Weapon,Other,
28305,33062,Weapon,Knife,
28306,33063,Weapon,Blunt Object,
28307,33064,Weapon,Firearm,
28308,33065,Weapon,Other,
28309,33066,Weapon,Explosives,
28310,33067,Weapon,Other,
28311,33068,Weapon,Explosives,
28312,33069,Weapon,Other,
28313,33071,Weapon,Knife,
28314,33072,Weapon,Other,
28315,33074,Weapon,Explosives,
28316,33075,Weapon,Poison,
28317,33078,Weapon,Explosives,
28318,33079,Weapon,Other,
28319,33080,Weapon,Blunt Object,
28320,33081,Weapon,Explosives,
28321,33082,Weapon,Blunt Object,
28322,33083,Weapon,Poison,
28323,33084,Weapon,Blunt Object,
28324,33085,Weapon,Knife,
28325,33086,Weapon,Poison,
28326,33087,Weapon,Other,
28327,33088,Weapon,Poison,
28328,33090,Weapon,Explosives,
28329,33091,Weapon,Firearm,
28330,33092,Weapon,Poison,
28331,33094,Weapon,Explosives,
28332,33096,Weapon,Explosives,
28333,33097,Weapon,Other,
28334,33099,Weapon,Knife,
28335,33100,Weapon,Firearm,
28336,33101,Weapon,Other,
28337,33102,Weapon,Poison,
28338,33103,Weapon,Blunt Object,
28339,33104,Weapon,Poison,
28340,33105,Weapon,Other,
28341,33106,Weapon,Poison,
28342,33107,Weapon,Poison,
28343,33108,Weapon,Explosives,
28344,33109,Weapon,Knife,
28345,33110,Weapon,Explosives,
28346,33112,Weapon,Explosives,
28347,33113,Weapon,Blunt Object,
28348,33114,Weapon,Blunt Object,
28349,33116,Weapon,Blunt Object,
28350,33118,Weapon,Other,
28351,33119,Weapon,Other,
28352,33122,Weapon,Explosives,
28353,33123,Weapon,Knife,
28354,33125,Weapon,Knife,
28355,33127,Weapon,Poison,
28356,33128,Weapon,Poison,
28357,33130,Weapon,Firearm,
28358,33131,Weapon,Blunt Object,
28359,33134,Weapon,Firearm,
28360,33135,Weapon,Explosives,
28361,33136,Weapon,Poison,
28362,33137,Weapon,Blunt Object,
28363,33138,Weapon,Blunt Object,
28364,33139,Weapon,Blunt Object,
28365,33140,Weapon,Other,
28366,33141,Weapon,Blunt Object,
28367,33142,Weapon,Blunt Object,
28368,33143,Weapon,Blunt Object,
28369,33145,Weapon,Knife,
28370,33146,Weapon,Other,
28371,33147,Weapon,Explosives,
28372,33148,Weapon,Knife,
28373,33149,Weapon,Knife,
28374,33150,Weapon,Firearm,
28375,33152,Weapon,Knife,
28376,33153,Weapon,Knife,
28377,33154,Weapon,Firearm,
28378,33156,Weapon,Poison,
28379,33157,Weapon,Other,
28380,33158,Weapon,Poison,
28381,33159,Weapon,Blunt Object,
28382,33160,Weapon,Explosives,
28383,33161,Weapon,Firearm,
28384,33162,Weapon,Other,
28385,33163,Weapon,Explosives,
28386,33164,Weapon,Knife,
28387,33165,Weapon,Blunt Object,
28388,33167,Weapon,Blunt Object,
28389,33168,Weapon,Explosives,
28390,33169,Weapon,Explosives,
28391,33170,Weapon,Knife,
28392,33171,Weapon,Other,
28393,33172,Weapon,Other,
28394,33173,Weapon,Explosives,
28395,33174,Weapon,Blunt Object,
28396,33175,Weapon,Poison,
28397,33176,Weapon,Knife,
28398,33177,Weapon,Blunt Object,
28399,33178,Weapon,Blunt Object,
28400,33179,Weapon,Firearm,
28401,33180,Weapon,Poison,
28402,33181,Weapon,Firearm,
28403,33182,Weapon,Explosives,
28404,33183,Weapon,Knife,
28405,33184,Weapon,Explosives,
28406,33185,Weapon,Other,
28407,33186,Weapon,Explosives,
28408,33187,Weapon,Explosives,
28409,33188,Weapon,Firearm,
28410,33189,Weapon,Firearm,
28411,33190,Weapon,Knife,
28412,33191,Weapon,Other,
28413,33192,Weapon,Other,
28414,33193,Weapon,Knife,
28415,33194,Weapon,Blunt Object,
28416,33195,Weapon,Firearm,
28417,33196,Weapon,Blunt Object,
28418,33197,Weapon,Explosives,
28419,33198,Weapon,Knife,
28420,33199,Weapon,Explosives,
28421,33200,Weapon,Explosives,
28422,33201,Weapon,Firearm,
28423,33202,Weapon,Blunt Object,
28424,33203,Weapon,Poison,
28425,33204,Weapon,Explosives,
28426,33205,Weapon,Knife,
28427,33206,Weapon,Poison,
28428,33208,Weapon,Knife,
28429,33209,Weapon,Firearm,
28430,33210,Weapon,Explosives,
28431,33211,Weapon,Knife,
28432,33212,Weapon,Blunt Object,
28433,33214,Weapon,Firearm,
28434,33215,Weapon,Explosives,
28435,33217,Weapon,Other,
28436,33218,Weapon,Poison,
28437,33219,Weapon,Poison,
28438,33220,Weapon,Poison,
28439,33221,Weapon,Firearm,
28440,33222,Weapon,Poison,
28441,33225,Weapon,Explosives,
28442,33227,Weapon,Poison,
28443,33228,Weapon,Blunt Object,
28444,33229,Weapon,Other,
28445,33232,Weapon,Explosives,
28446,33233,Weapon,Poison,
28447,33234,Weapon,Blunt Object,
28448,33235,Weapon,Poison,
28449,33236,Weapon,Knife,
28450,33237,Weapon,Knife,
28451,33238,Weapon,Explosives,
28452,33239,Weapon,Explosives,
28453,33240,Weapon,Explosives,
28454,33243,Weapon,Knife,
28455,33244,Weapon,Firearm,
28456,33245,Weapon,Poison,
28457,33247,Weapon,Firearm,
28458,33248,Weapon,Blunt Object,
28459,33250,Weapon,Explosives,
28460,33251,Weapon,Poison,
28461,33252,Weapon,Knife,
28462,33253,Weapon,Firearm,
28463,33254,Weapon,Knife,
28464,33255,Weapon,Blunt Object,
28465,33256,Weapon,Blunt Object,
28466,33257,Weapon,Other,
28467,33258,Weapon,Blunt Object,
28468,33259,Weapon,Blunt Object,
28469,33260,Weapon,Firearm,
28470,33261,Weapon,Firearm,
28471,33262,Weapon,Knife,
28472,33263,Weapon,Other,
28473,33264,Weapon,Other,
28474,33265,Weapon,Firearm,
28475,33267,Weapon,Knife,
28476,33268,Weapon,Knife,
28477,33269,Weapon,Other,
28478,33271,Weapon,Poison,
28479,33272,Weapon,Explosives,
28480,33273,Weapon,Other,
28481,33274,Weapon,Other,
28482,33275,Weapon,Other,
28483,33276,Weapon,Other,
28484,33277,Weapon,Firearm,
28485,33279,Weapon,Firearm,
28486,33280,Weapon,Poison,
28487,33281,Weapon,Knife,
28488,33282,Weapon,Knife,
28489,33283,Weapon,Firearm,
28490,33284,Weapon,Explosives,
28491,33285,Weapon,Firearm,
28492,33286,Weapon,Poison,
28493,33287,Weapon,Blunt Object,
28494,33288,Weapon,Knife,
28495,33289,Weapon,Blunt Object,
28496,33290,Weapon,Other,
28497,33291,Weapon,Blunt Object,
28498,33292,Weapon,Blunt Object,
28499,33293,Weapon,Poison,
28500,33294,Weapon,Firearm,
28501,33295,Weapon,Blunt Object,
28502,33296,Weapon,Blunt Object,
28503,33298,Weapon,Blunt Object,
28504,33300,Weapon,Explosives,
28505,33301,Weapon,Firearm,
28506,33302,Weapon,Other,
28507,33303,Weapon,Knife,
28508,33304,Weapon,Explosives,
28509,33305,Weapon,Knife,
28510,33306,Weapon,Poison,
28511,33307,Weapon,Other,
28512,33308,Weapon,Other,
28513,33309,Weapon,Explosives,
28514,33310,Weapon,Blunt Object,
28515,33311,Weapon,Explosives,
28516,33312,Weapon,Blunt Object,
28517,33313,Weapon,Blunt Object,
28518,33314,Weapon,Blunt Object,
28519,33315,Weapon,Firearm,
28520,33316,Weapon,Knife,
28521,33317,Weapon,Blunt Object,
28522,33318,Weapon,Poison,
28523,33319,Weapon,Blunt Object,
28524,33320,Weapon,Knife,
28525,33323,Weapon,Other,
28526,33324,Weapon,Explosives,
28527,33326,Weapon,Blunt Object,
28528,33327,Weapon,Firearm,
28529,33328,Weapon,Other,
28530,33329,Weapon,Poison,
28531,33330,Weapon,Explosives,
28532,33331,Weapon,Blunt Object,
28533,33332,Weapon,Firearm,
28534,33333,Weapon,Poison,
28535,33334,Weapon,Explosives,
28536,33335,Weapon,Poison,
28537,33336,Weapon,Explosives,
28538,33338,Weapon,Knife,
28539,33339,Weapon,Explosives,
28540,33340,Weapon,Other,
28541,33341,Weapon,Explosives,
28542,33342,Weapon,Blunt Object,
28543,33344,Weapon,Other,
28544,33345,Weapon,Knife,
28545,33347,Weapon,Blunt Object,
28546,33348,Weapon,Poison,
28547,33349,Weapon,Knife,
28548,33351,Weapon,Explosives,
28549,33352,Weapon,Blunt Object,
28550,33353,Weapon,Blunt Object,
28551,33354,Weapon,Explosives,
28552,33355,Weapon,Explosives,
28553,33356,Weapon,Blunt Object,
28554,33357,Weapon,Explosives,
28555,33358,Weapon,Poison,
28556,33359,Weapon,Firearm,
28557,33360,Weapon,Firearm,
28558,33361,Weapon,Knife,
28559,33362,Weapon,Knife,
28560,33363,Weapon,Knife,
28561,33364,Weapon,Poison,
28562,33365,Weapon,Knife,
28563,33366,Weapon,Other,
28564,33367,Weapon,Explosives,
28565,33368,Weapon,Poison,
28566,33369,Weapon,Firearm,
28567,33370,Weapon,Firearm,
28568,33371,Weapon,Knife,
28569,33372,Weapon,Poison,
28570,33373,Weapon,Firearm,
28571,33374,Weapon,Poison,
28572,33375,Weapon,Firearm,
28573,33376,Weapon,Blunt Object,
28574,33377,Weapon,Firearm,
28575,33378,Weapon,Explosives,
28576,33379,Weapon,Explosives,
28577,33380,Weapon,Poison,
28578,33381,Weapon,Other,
28579,33382,Weapon,Explosives,
28580,33385,Weapon,Poison,
28581,33386,Weapon,Other,
28582,33387,Weapon,Blunt Object,
28583,33388,Weapon,Firearm,
28584,33389,Weapon,Other,
28585,33390,Weapon,Knife,
28586,33391,Weapon,Knife,
28587,33392,Weapon,Poison,
28588,33393,Weapon,Poison,
28589,33394,Weapon,Blunt Object,
28590,33395,Weapon,Knife,
28591,33396,Weapon,Other,
28592,33397,Weapon,Knife,
28593,33398,Weapon,Firearm,
28594,33399,Weapon,Explosives,
28595,33400,Weapon,Explosives,
28596,33402,Weapon,Other,
28597,33404,Weapon,Knife,
28598,33405,Weapon,Poison,
28599,33406,Weapon,Firearm,
28600,33407,Weapon,Explosives,
28601,33408,Weapon,Firearm,
28602,33409,Weapon,Poison,
28603,33410,Weapon,Explosives,
28604,33411,Weapon,Poison,
28605,33413,Weapon,Poison,
28606,33415,Weapon,Knife,
28607,33416,Weapon,Knife,
28608,33417,Weapon,Poison,
28609,33418,Weapon,Firearm,
28610,33420,Weapon,Poison,
28611,33422,Weapon,Firearm,
28612,33423,Weapon,Blunt Object,
28613,33424,Weapon,Blunt Object,
28614,33426,Weapon,Blunt Object,
28615,33427,Weapon,Knife,
28616,33428,Weapon,Firearm,
28617,33429,Weapon,Poison,
28618,33430,Weapon,Other,
28619,33431,Weapon,Other,
28620,33432,Weapon,Explosives,
28621,33436,Weapon,Firearm,
28622,33437,Weapon,Other,
28623,33438,Weapon,Blunt Object,
28624,33439,Weapon,Other,
28625,33440,Weapon,Explosives,
28626,33441,Weapon,Firearm,
28627,33443,Weapon,Poison,
28628,33445,Weapon,Explosives,
28629,33446,Weapon,Explosives,
28630,33447,Weapon,Other,
28631,33448,Weapon,Firearm,
28632,33449,Weapon,Knife,
28633,33451,Weapon,Other,
28634,33452,Weapon,Blunt Object,
28635,33453,Weapon,Firearm,
28636,33454,Weapon,Poison,
28637,33455,Weapon,Explosives,
28638,33456,Weapon,Knife,
28639,33457,Weapon,Blunt Object,
28640,33459,Weapon,Poison,
28641,33460,Weapon,Explosives,
28642,33462,Weapon,Knife,
28643,33463,Weapon,Knife,
28644,33464,Weapon,Poison,
28645,33465,Weapon,Explosives,
28646,33466,Weapon,Firearm,
28647,33468,Weapon,Knife,
28648,33469,Weapon,Poison,
28649,33470,Weapon,Blunt Object,
28650,33471,Weapon,Blunt Object,
28651,33472,Weapon,Firearm,
28652,33473,Weapon,Poison,
28653,33474,Weapon,Poison,
28654,33475,Weapon,Firearm,
28655,33477,Weapon,Firearm,
28656,33478,Weapon,Poison,
28657,33479,Weapon,Poison,
28658,33480,Weapon,Blunt Object,
28659,33481,Weapon,Explosives,
28660,33482,Weapon,Other,
28661,33483,Weapon,Poison,
28662,33485,Weapon,Blunt Object,
28663,33486,Weapon,Blunt Object,
28664,33487,Weapon,Blunt Object,
28665,33488,Weapon,Firearm,
28666,33489,Weapon,Blunt Object,
28667,33490,Weapon,Poison,
28668,33491,Weapon,Firearm,
28669,33492,Weapon,Firearm,
28670,33493,Weapon,Firearm,
28671,33494,Weapon,Explosives,
28672,33495,Weapon,Explosives,
28673,33496,Weapon,Blunt Object,
28674,33497,Weapon,Knife,
28675,33498,Weapon,Blunt Object,
28676,33499,Weapon,Firearm,
28677,33500,Weapon,Other,
28678,33502,Weapon,Knife,
28679,33503,Weapon,Blunt Object,
28680,33504,Weapon,Other,
28681,33505,Weapon,Firearm,
28682,33506,Weapon,Other,
28683,33507,Weapon,Blunt Object,
28684,33508,Weapon,Blunt Object,
28685,33509,Weapon,Firearm,
28686,33510,Weapon,Other,
28687,33511,Weapon,Firearm,
28688,33512,Weapon,Poison,
28689,33513,Weapon,Other,
28690,33514,Weapon,Explosives,
28691,33515,Weapon,Poison,
28692,33518,Weapon,Firearm,
28693,33519,Weapon,Other,
28694,33521,Weapon,Firearm,
28695,33522,Weapon,Explosives,
28696,33523,Weapon,Blunt Object,
28697,33524,Weapon,Blunt Object,
28698,33526,Weapon,Knife,
28699,33529,Weapon,Poison,
28700,33530,Weapon,Explosives,
28701,33531,Weapon,Poison,
28702,33532,Weapon,Blunt Object,
28703,33534,Weapon,Blunt Object,
28704,33535,Weapon,Firearm,
28705,33536,Weapon,Firearm,
28706,33537,Weapon,Explosives,
28707,33538,Weapon,Blunt Object,
28708,33540,Weapon,Blunt Object,
28709,33541,Weapon,Explosives,
28710,33542,Weapon,Other,
28711,33543,Weapon,Firearm,
28712,33544,Weapon,Firearm,
28713,33545,Weapon,Poison,
28714,33546,Weapon,Knife,
28715,33547,Weapon,Blunt Object,
28716,33548,Weapon,Blunt Object,
28717,33550,Weapon,Explosives,
28718,33551,Weapon,Poison,
28719,33553,Weapon,Other,
28720,33554,Weapon,Firearm,
28721,33555,Weapon,Firearm,
28722,33556,Weapon,Blunt Object,
28723,33558,Weapon,Other,
28724,33559,Weapon,Firearm,
28725,33560,Weapon,Knife,
28726,33561,Weapon,Explosives,
28727,33562,Weapon,Explosives,
28728,33563,Weapon,Other,
28729,33564,Weapon,Explosives,
28730,33565,Weapon,Firearm,
28731,33566,Weapon,Explosives,
28732,33567,Weapon,Other,
28733,33569,Weapon,Poison,
28734,33571,Weapon,Knife,
28735,33572,Weapon,Explosives,
28736,33573,Weapon,Poison,
28737,33574,Weapon,Other,
28738,33575,Weapon,Poison,
28739,33576,Weapon,Firearm,
28740,33578,Weapon,Other,
28741,33579,Weapon,Explosives,
28742,33580,Weapon,Firearm,
28743,33581,Weapon,Other,
28744,33582,Weapon,Knife,
28745,33584,Weapon,Knife,
28746,33586,Weapon,Blunt Object,
28747,33587,Weapon,Firearm,
28748,33588,Weapon,Explosives,
28749,33589,Weapon,Other,
28750,33590,Weapon,Blunt Object,
28751,33591,Weapon,Blunt Object,
28752,33592,Weapon,Poison,
28753,33593,Weapon,Blunt Object,
28754,33594,Weapon,Explosives,
28755,33595,Weapon,Explosives,
28756,33596,Weapon,Explosives,
28757,33597,Weapon,Other,
28758,33598,Weapon,Knife,
28759,33599,Weapon,Poison,
28760,33602,Weapon,Explosives,
28761,33605,Weapon,Other,
28762,33606,Weapon,Explosives,
28763,33607,Weapon,Poison,
28764,33609,Weapon,Explosives,
28765,33610,Weapon,Explosives,
28766,33611,Weapon,Poison,
28767,33613,Weapon,Firearm,
28768,33614,Weapon,Explosives,
28769,33615,Weapon,Explosives,
28770,33616,Weapon,Knife,
28771,33617,Weapon,Other,
28772,33618,Weapon,Poison,
28773,33619,Weapon,Other,
28774,33620,Weapon,Knife,
28775,33621,Weapon,Other,
28776,33622,Weapon,Blunt Object,
28777,33623,Weapon,Blunt Object,
28778,33624,Weapon,Explosives,
28779,33625,Weapon,Other,
28780,33626,Weapon,Other,
28781,33627,Weapon,Other,
28782,33628,Weapon,Firearm,
28783,33629,Weapon,Other,
28784,33630,Weapon,Knife,
28785,33631,Weapon,Poison,
28786,33632,Weapon,Knife,
28787,33633,Weapon,Other,
28788,33634,Weapon,Explosives,
28789,33636,Weapon,Explosives,
28790,33637,Weapon,Explosives,
28791,33638,Weapon,Explosives,
28792,33639,Weapon,Explosives,
28793,33641,Weapon,Firearm,
28794,33642,Weapon,Explosives,
28795,33644,Weapon,Other,
28796,33645,Weapon,Knife,
28797,33646,Weapon,Firearm,
28798,33647,Weapon,Firearm,
28799,33648,Weapon,Other,
28800,33650,Weapon,Other,
28801,33651,Weapon,Blunt Object,
28802,33652,Weapon,Poison,
28803,33653,Weapon,Poison,
28804,33654,Weapon,Explosives,
28805,33656,Weapon,Other,
28806,33657,Weapon,Other,
28807,33658,Weapon,Knife,
28808,33659,Weapon,Knife,
28809,33660,Weapon,Knife,
28810,33661,Weapon,Blunt Object,
28811,33662,Weapon,Explosives,
28812,33663,Weapon,Blunt Object,
28813,33664,Weapon,Explosives,
28814,33665,Weapon,Other,
28815,33666,Weapon,Firearm,
28816,33667,Weapon,Other,
28817,33668,Weapon,Knife,
28818,33669,Weapon,Blunt Object,
28819,33672,Weapon,Explosives,
28820,33673,Weapon,Explosives,
28821,33675,Weapon,Knife,
28822,33676,Weapon,Explosives,
28823,33677,Weapon,Other,
28824,33678,Weapon,Other,
28825,33679,Weapon,Blunt Object,
28826,33680,Weapon,Blunt Object,
28827,33681,Weapon,Other,
28828,33683,Weapon,Explosives,
28829,33684,Weapon,Other,
28830,33685,Weapon,Firearm,
28831,33686,Weapon,Blunt Object,
28832,33687,Weapon,Firearm,
28833,33688,Weapon,Explosives,
28834,33689,Weapon,Poison,
28835,33690,Weapon,Knife,
28836,33691,Weapon,Knife,
28837,33692,Weapon,Blunt Object,
28838,33693,Weapon,Knife,
28839,33695,Weapon,Poison,
28840,33696,Weapon,Knife,
28841,33697,Weapon,Poison,
28842,33698,Weapon,Firearm,
28843,33699,Weapon,Blunt Object,
28844,33700,Weapon,Firearm,
28845,33701,Weapon,Firearm,
28846,33702,Weapon,Explosives,
28847,33703,Weapon,Poison,
28848,33704,Weapon,Explosives,
28849,33705,Weapon,Firearm,
28850,33707,Weapon,Poison,
28851,33708,Weapon,Other,
28852,33709,Weapon,Other,
28853,33710,Weapon,Other,
28854,33712,Weapon,Explosives,
28855,33713,Weapon,Poison,
28856,33715,Weapon,Firearm,
28857,33716,Weapon,Explosives,
28858,33717,Weapon,Other,
28859,33718,Weapon,Firearm,
28860,33719,Weapon,Firearm,
28861,33720,Weapon,Blunt Object,
28862,33721,Weapon,Knife,
28863,33723,Weapon,Knife,
28864,33724,Weapon,Firearm,
28865,33725,Weapon,Explosives,
28866,33726,Weapon,Knife,
28867,33727,Weapon,Blunt Object,
28868,33728,Weapon,Other,
28869,33730,Weapon,Other,
28870,33731,Weapon,Explosives,
28871,33734,Weapon,Explosives,
28872,33735,Weapon,Firearm,
28873,33736,Weapon,Blunt Object,
28874,33737,Weapon,Poison,
28875,33738,Weapon,Explosives,
28876,33740,Weapon,Firearm,
28877,33741,Weapon,Other,
28878,33742,Weapon,Other,
28879,33743,Weapon,Poison,
28880,33745,Weapon,Firearm,
28881,33746,Weapon,Knife,
28882,33747,Weapon,Explosives,
28883,33748,Weapon,Poison,
28884,33749,Weapon,Other,
28885,33751,Weapon,Other,
28886,33752,Weapon,Blunt Object,
28887,33753,Weapon,Explosives,
28888,33755,Weapon,Other,
28889,33757,Weapon,Knife,
28890,33758,Weapon,Blunt Object,
28891,33759,Weapon,Knife,
28892,33760,Weapon,Explosives,
28893,33761,Weapon,Explosives,
28894,33762,Weapon,Knife,
28895,33763,Weapon,Blunt Object,
28896,33764,Weapon,Firearm,
28897,33765,Weapon,Blunt Object,
28898,33766,Weapon,Other,
28899,33768,Weapon,Knife,
28900,33769,Weapon,Knife,
28901,33773,Weapon,Poison,
28902,33774,Weapon,Other,
28903,33775,Weapon,Blunt Object,
28904,33776,Weapon,Explosives,
28905,33778,Weapon,Firearm,
28906,33780,Weapon,Blunt Object,
28907,33781,Weapon,Blunt Object,
28908,33782,Weapon,Other,
28909,33784,Weapon,Other,
28910,33785,Weapon,Knife,
28911,33786,Weapon,Knife,
28912,33787,Weapon,Knife,
28913,33788,Weapon,Other,
28914,33790,Weapon,Poison,
28915,33791,Weapon,Blunt Object,
28916,33792,Weapon,Blunt Object,
28917,33793,Weapon,Knife,
28918,33794,Weapon,Knife,
28919,33795,Weapon,Explosives,
28920,33796,Weapon,Other,
28921,33797,Weapon,Explosives,
28922,33798,Weapon,Firearm,
28923,33799,Weapon,Firearm,
28924,33800,Weapon,Firearm,
28925,33801,Weapon,Poison,
28926,33802,Weapon,Blunt Object,
28927,33803,Weapon,Firearm,
28928,33804,Weapon,Other,
28929,33805,Weapon,Other,
28930,33807,Weapon,Poison,
28931,33808,Weapon,Explosives,
28932,33809,Weapon,Poison,
28933,33810,Weapon,Blunt Object,
28934,33811,Weapon,Firearm,
28935,33812,Weapon,Other,
28936,33813,Weapon,Blunt Object,
28937,33814,Weapon,Other,
28938,33815,Weapon,Explosives,
28939,33816,Weapon,Firearm,
28940,33817,Weapon,Other,
28941,33818,Weapon,Poison,
28942,33819,Weapon,Knife,
28943,33820,Weapon,Explosives,
28944,33821,Weapon,Poison,
28945,33822,Weapon,Firearm,
28946,33823,Weapon,Knife,
28947,33824,Weapon,Knife,
28948,33825,Weapon,Poison,
28949,33826,Weapon,Firearm,
28950,33828,Weapon,Blunt Object,
28951,33829,Weapon,Firearm,
28952,33830,Weapon,Explosives,
28953,33831,Weapon,Other,
28954,33832,Weapon,Knife,
28955,33833,Weapon,Poison,
28956,33835,Weapon,Poison,
28957,33836,Weapon,Other,
28958,33837,Weapon,Firearm,
28959,33838,Weapon,Blunt Object,
28960,33839,Weapon,Knife,
28961,33840,Weapon,Poison,
28962,33841,Weapon,Blunt Object,
28963,33842,Weapon,Blunt Object,
28964,33843,Weapon,Firearm,
28965,33844,Weapon,Knife,
28966,33846,Weapon,Poison,
28967,33847,Weapon,Explosives,
28968,33848,Weapon,Other,
28969,33849,Weapon,Knife,
28970,33851,Weapon,Blunt Object,
28971,33852,Weapon,Explosives,
28972,33853,Weapon,Blunt Object,
28973,33854,Weapon,Poison,
28974,33855,Weapon,Explosives,
28975,33856,Weapon,Knife,
28976,33857,Weapon,Explosives,
28977,33858,Weapon,Explosives,
28978,33859,Weapon,Firearm,
28979,33860,Weapon,Knife,
28980,33861,Weapon,Knife,
28981,33863,Weapon,Knife,
28982,33864,Weapon,Poison,
28983,33865,Weapon,Poison,
28984,33866,Weapon,Poison,
28985,33867,Weapon,Firearm,
28986,33868,Weapon,Knife,
28987,33869,Weapon,Knife,
28988,33870,Weapon,Explosives,
28989,33872,Weapon,Poison,
28990,33873,Weapon,Blunt Object,
28991,33875,Weapon,Explosives,
28992,33876,Weapon,Blunt Object,
28993,33877,Weapon,Other,
28994,33878,Weapon,Blunt Object,
28995,33879,Weapon,Poison,
28996,33880,Weapon,Explosives,
28997,33881,Weapon,Explosives,
28998,33882,Weapon,Firearm,
28999,33883,Weapon,Poison,
29000,33884,Weapon,Blunt Object,
29001,33885,Weapon,Knife,
29002,33886,Weapon,Poison,
29003,33888,Weapon,Other,
29004,33889,Weapon,Explosives,
29005,33890,Weapon,Blunt Object,
29006,33891,Weapon,Poison,
29007,33892,Weapon,Firearm,
29008,33893,Weapon,Knife,
29009,33894,Weapon,Poison,
29010,33895,Weapon,Poison,
29011,33896,Weapon,Other,
29012,33897,Weapon,Knife,
29013,33898,Weapon,Other,
29014,33899,Weapon,Blunt Object,
29015,33900,Weapon,Poison,
29016,33901,Weapon,Knife,
29017,33902,Weapon,Explosives,
29018,33904,Weapon,Poison,
29019,33905,Weapon,Explosives,
29020,33906,Weapon,Blunt Object,
29021,33907,Weapon,Explosives,
29022,33908,Weapon,Poison,
29023,33909,Weapon,Firearm,
29024,33910,Weapon,Other,
29025,33911,Weapon,Explosives,
29026,33913,Weapon,Blunt Object,
29027,33914,Weapon,Explosives,
29028,33915,Weapon,Other,
29029,33916,Weapon,Knife,
29030,33917,Weapon,Other,
29031,33918,Weapon,Knife,
29032,33919,Weapon,Blunt Object,
29033,33920,Weapon,Blunt Object,
29034,33921,Weapon,Poison,
29035,33922,Weapon,Blunt Object,
29036,33923,Weapon,Other,
29037,33924,Weapon,Poison,
29038,33925,Weapon,Blunt Object,
29039,33926,Weapon,Poison,
29040,33927,Weapon,Poison,
29041,33928,Weapon,Poison,
29042,33929,Weapon,Firearm,
29043,33930,Weapon,Firearm,
29044,33931,Weapon,Knife,
29045,33932,Weapon,Explosives,
29046,33933,Weapon,Explosives,
29047,33934,Weapon,Explosives,
29048,33935,Weapon,Knife,
29049,33937,Weapon,Poison,
29050,33938,Weapon,Poison,
29051,33940,Weapon,Other,
29052,33941,Weapon,Poison,
29053,33942,Weapon,Other,
29054,33943,Weapon,Firearm,
29055,33944,Weapon,Knife,
29056,33945,Weapon,Knife,
29057,33946,Weapon,Explosives,
29058,33947,Weapon,Other,
29059,33948,Weapon,Explosives,
29060,33949,Weapon,Explosives,
29061,33950,Weapon,Knife,
29062,33951,Weapon,Knife,
29063,33952,Weapon,Other,
29064,33953,Weapon,Explosives,
29065,33954,Weapon,Explosives,
29066,33955,Weapon,Explosives,
29067,33956,Weapon,Blunt Object,
29068,33957,Weapon,Poison,
29069,33958,Weapon,Poison,
29070,33959,Weapon,Poison,
29071,33960,Weapon,Firearm,
29072,33961,Weapon,Explosives,
29073,33962,Weapon,Explosives,
29074,33963,Weapon,Explosives,
29075,33964,Weapon,Explosives,
29076,33965,Weapon,Explosives,
29077,33966,Weapon,Knife,
29078,33967,Weapon,Knife,
29079,33968,Weapon,Knife,
29080,33969,Weapon,Blunt Object,
29081,33970,Weapon,Blunt Object,
29082,33971,Weapon,Blunt Object,
29083,33972,Weapon,Knife,
29084,33973,Weapon,Explosives,
29085,33975,Weapon,Poison,
29086,33976,Weapon,Blunt Object,
29087,33977,Weapon,Other,
29088,33978,Weapon,Poison,
29089,33979,Weapon,Knife,
29090,33980,Weapon,Knife,
29091,33982,Weapon,Other,
29092,33983,Weapon,Other,
29093,33984,Weapon,Firearm,
29094,33985,Weapon,Firearm,
29095,33986,Weapon,Poison,
29096,33987,Weapon,Explosives,
29097,33988,Weapon,Knife,
29098,33989,Weapon,Poison,
29099,33990,Weapon,Other,
29100,33991,Weapon,Firearm,
29101,33993,Weapon,Other,
29102,33994,Weapon,Other,
29103,33995,Weapon,Other,
29104,33996,Weapon,Firearm,
29105,33997,Weapon,Blunt Object,
29106,33998,Weapon,Blunt Object,
29107,33999,Weapon,Firearm,
29108,34000,Weapon,Knife,
29109,34001,Weapon,Blunt Object,
29110,34002,Weapon,Poison,
29111,34003,Weapon,Blunt Object,
29112,34004,Weapon,Blunt Object,
29113,34005,Weapon,Knife,
29114,34006,Weapon,Explosives,
29115,34007,Weapon,Explosives,
29116,34008,Weapon,Other,
29117,34009,Weapon,Firearm,
29118,34010,Weapon,Knife,
29119,34012,Weapon,Other,
29120,34015,Weapon,Firearm,
29121,34016,Weapon,Explosives,
29122,34017,Weapon,Other,
29123,34018,Weapon,Other,
29124,34019,Weapon,Knife,
29125,34020,Weapon,Knife,
29126,34021,Weapon,Explosives,
29127,34023,Weapon,Other,
29128,34024,Weapon,Firearm,
29129,34025,Weapon,Blunt Object,
29130,34026,Weapon,Blunt Object,
29131,34027,Weapon,Knife,
29132,34028,Weapon,Other,
29133,34030,Weapon,Poison,
29134,34031,Weapon,Firearm,
29135,34033,Weapon,Explosives,
29136,34034,Weapon,Firearm,
29137,34035,Weapon,Blunt Object,
29138,34036,Weapon,Firearm,
29139,34037,Weapon,Firearm,
29140,34039,Weapon,Explosives,
29141,34040,Weapon,Firearm,
29142,34041,Weapon,Explosives,
29143,34042,Weapon,Other,
29144,34043,Weapon,Other,
29145,34044,Weapon,Explosives,
29146,34045,Weapon,Firearm,
29147,34046,Weapon,Knife,
29148,34047,Weapon,Knife,
29149,34048,Weapon,Other,
29150,34051,Weapon,Other,
29151,34052,Weapon,Blunt Object,
29152,34053,Weapon,Blunt Object,
29153,34054,Weapon,Poison,
29154,34055,Weapon,Blunt Object,
29155,34057,Weapon,Other,
29156,34058,Weapon,Blunt Object,
29157,34059,Weapon,Other,
29158,34060,Weapon,Other,
29159,34061,Weapon,Blunt Object,
29160,34062,Weapon,Firearm,
29161,34063,Weapon,Explosives,
29162,34064,Weapon,Blunt Object,
29163,34065,Weapon,Poison,
29164,34066,Weapon,Explosives,
29165,34067,Weapon,Firearm,
29166,34068,Weapon,Blunt Object,
29167,34069,Weapon,Firearm,
29168,34071,Weapon,Knife,
29169,34073,Weapon,Poison,
29170,34074,Weapon,Firearm,
29171,34075,Weapon,Explosives,
29172,34076,Weapon,Blunt Object,
29173,34077,Weapon,Blunt Object,
29174,34079,Weapon,Blunt Object,
29175,34080,Weapon,Knife,
29176,34081,Weapon,Other,
29177,34082,Weapon,Firearm,
29178,34083,Weapon,Explosives,
29179,34084,Weapon,Firearm,
29180,34085,Weapon,Knife,
29181,34086,Weapon,Other,
29182,34087,Weapon,Explosives,
29183,34088,Weapon,Firearm,
29184,34089,Weapon,Poison,
29185,34090,Weapon,Firearm,
29186,34091,Weapon,Blunt Object,
29187,34092,Weapon,Other,
29188,34094,Weapon,Poison,
29189,34095,Weapon,Knife,
29190,34096,Weapon,Firearm,
29191,34097,Weapon,Firearm,
29192,34098,Weapon,Poison,
29193,34099,Weapon,Blunt Object,
29194,34100,Weapon,Explosives,
29195,34101,Weapon,Firearm,
29196,34102,Weapon,Firearm,
29197,34103,Weapon,Knife,
29198,34104,Weapon,Poison,
29199,34105,Weapon,Explosives,
29200,34106,Weapon,Blunt Object,
29201,34107,Weapon,Explosives,
29202,34108,Weapon,Other,
29203,34109,Weapon,Firearm,
29204,34110,Weapon,Poison,
29205,34111,Weapon,Blunt Object,
29206,34112,Weapon,Other,
29207,34113,Weapon,Poison,
29208,34114,Weapon,Firearm,
29209,34115,Weapon,Blunt Object,
29210,34116,Weapon,Knife,
29211,34117,Weapon,Poison,
29212,34118,Weapon,Firearm,
29213,34119,Weapon,Firearm,
29214,34120,Weapon,Firearm,
29215,34122,Weapon,Blunt Object,
29216,34123,Weapon,Explosives,
29217,34125,Weapon,Knife,
29218,34126,Weapon,Blunt Object,
29219,34127,Weapon,Explosives,
29220,34128,Weapon,Knife,
29221,34129,Weapon,Firearm,
29222,34130,Weapon,Other,
29223,34132,Weapon,Other,
29224,34133,Weapon,Poison,
29225,34134,Weapon,Firearm,
29226,34135,Weapon,Blunt Object,
29227,34136,Weapon,Poison,
29228,34137,Weapon,Blunt Object,
29229,34138,Weapon,Explosives,
29230,34139,Weapon,Blunt Object,
29231,34140,Weapon,Poison,
29232,34141,Weapon,Blunt Object,
29233,34142,Weapon,Blunt Object,
29234,34143,Weapon,Blunt Object,
29235,34144,Weapon,Explosives,
29236,34146,Weapon,Poison,
29237,34148,Weapon,Other,
29238,34149,Weapon,Explosives,
29239,34150,Weapon,Poison,
29240,34151,Weapon,Other,
29241,34152,Weapon,Other,
29242,34154,Weapon,Knife,
29243,34155,Weapon,Knife,
29244,34156,Weapon,Poison,
29245,34157,Weapon,Blunt Object,
29246,34158,Weapon,Blunt Object,
29247,34159,Weapon,Poison,
29248,34160,Weapon,Firearm,
29249,34161,Weapon,Firearm,
29250,34162,Weapon,Firearm,
29251,34164,Weapon,Other,
29252,34165,Weapon,Blunt Object,
29253,34167,Weapon,Explosives,
29254,34168,Weapon,Blunt Object,
29255,34169,Weapon,Other,
29256,34171,Weapon,Firearm,
29257,34172,Weapon,Other,
29258,34173,Weapon,Explosives,
29259,34174,Weapon,Poison,
29260,34175,Weapon,Knife,
29261,34176,Weapon,Blunt Object,
29262,34178,Weapon,Knife,
29263,34179,Weapon,Firearm,
29264,34181,Weapon,Other,
29265,34182,Weapon,Firearm,
29266,34183,Weapon,Knife,
29267,34184,Weapon,Firearm,
29268,34185,Weapon,Other,
29269,34186,Weapon,Knife,
29270,34188,Weapon,Firearm,
29271,34189,Weapon,Other,
29272,34190,Weapon,Other,
29273,34192,Weapon,Other,
29274,34193,Weapon,Poison,
29275,34194,Weapon,Firearm,
29276,34195,Weapon,Firearm,
29277,34197,Weapon,Explosives,
29278,34199,Weapon,Firearm,
29279,34200,Weapon,Poison,
29280,34201,Weapon,Explosives,
29281,34202,Weapon,Explosives,
29282,34203,Weapon,Other,
29283,34204,Weapon,Firearm,
29284,34205,Weapon,Firearm,
29285,34206,Weapon,Poison,
29286,34207,Weapon,Other,
29287,34209,Weapon,Firearm,
29288,34211,Weapon,Other,
29289,34212,Weapon,Blunt Object,
29290,34213,Weapon,Firearm,
29291,34214,Weapon,Blunt Object,
29292,34217,Weapon,Knife,
29293,34218,Weapon,Poison,
29294,34219,Weapon,Poison,
29295,34220,Weapon,Firearm,
29296,34221,Weapon,Poison,
29297,34222,Weapon,Knife,
29298,34223,Weapon,Other,
29299,34224,Weapon,Other,
29300,34225,Weapon,Poison,
29301,34226,Weapon,Poison,
29302,34227,Weapon,Firearm,
29303,34228,Weapon,Blunt Object,
29304,34229,Weapon,Poison,
29305,34230,Weapon,Firearm,
29306,34231,Weapon,Poison,
29307,34232,Weapon,Explosives,
29308,34234,Weapon,Other,
29309,34235,Weapon,Other,
29310,34237,Weapon,Firearm,
29311,34238,Weapon,Other,
29312,34239,Weapon,Knife,
29313,34240,Weapon,Firearm,
29314,34241,Weapon,Other,
29315,34242,Weapon,Other,
29316,34243,Weapon,Explosives,
29317,34244,Weapon,Firearm,
29318,34246,Weapon,Firearm,
29319,34247,Weapon,Firearm,
29320,34249,Weapon,Poison,
29321,34250,Weapon,Firearm,
29322,34251,Weapon,Explosives,
29323,34252,Weapon,Explosives,
29324,34253,Weapon,Knife,
29325,34254,Weapon,Other,
29326,34255,Weapon,Knife,
29327,34256,Weapon,Explosives,
29328,34257,Weapon,Knife,
29329,34258,Weapon,Knife,
29330,34259,Weapon,Poison,
29331,34260,Weapon,Poison,
29332,34261,Weapon,Knife,
29333,34262,Weapon,Poison,
29334,34263,Weapon,Poison,
29335,34264,Weapon,Blunt Object,
29336,34265,Weapon,Explosives,
29337,34266,Weapon,Poison,
29338,34267,Weapon,Poison,
29339,34268,Weapon,Knife,
29340,34269,Weapon,Other,
29341,34270,Weapon,Blunt Object,
29342,34271,Weapon,Firearm,
29343,34272,Weapon,Knife,
29344,34273,Weapon,Explosives,
29345,34274,Weapon,Explosives,
29346,34275,Weapon,Blunt Object,
29347,34276,Weapon,Poison,
29348,34277,Weapon,Blunt Object,
29349,34278,Weapon,Other,
29350,34279,Weapon,Poison,
29351,34280,Weapon,Firearm,
29352,34281,Weapon,Blunt Object,
29353,34282,Weapon,Blunt Object,
29354,34283,Weapon,Poison,
29355,34284,Weapon,Other,
29356,34285,Weapon,Firearm,
29357,34286,Weapon,Knife,
29358,34287,Weapon,Firearm,
29359,34288,Weapon,Blunt Object,
29360,34289,Weapon,Firearm,
29361,34291,Weapon,Firearm,
29362,34292,Weapon,Blunt Object,
29363,34293,Weapon,Other,
29364,34294,Weapon,Other,
29365,34295,Weapon,Explosives,
29366,34296,Weapon,Knife,
29367,34297,Weapon,Blunt Object,
29368,34298,Weapon,Blunt Object,
29369,34299,Weapon,Firearm,
29370,34300,Weapon,Firearm,
29371,34301,Weapon,Firearm,
29372,34302,Weapon,Explosives,
29373,34303,Weapon,Explosives,
29374,34304,Weapon,Blunt Object,
29375,34305,Weapon,Explosives,
29376,34306,Weapon,Knife,
29377,34308,Weapon,Explosives,
29378,34309,Weapon,Poison,
29379,34311,Weapon,Knife,
29380,34312,Weapon,Other,
29381,34313,Weapon,Other,
29382,34314,Weapon,Knife,
29383,34316,Weapon,Knife,
29384,34317,Weapon,Firearm,
29385,34319,Weapon,Knife,
29386,34320,Weapon,Blunt Object,
29387,34321,Weapon,Poison,
29388,34322,Weapon,Firearm,
29389,34324,Weapon,Knife,
29390,34325,Weapon,Explosives,
29391,34326,Weapon,Poison,
29392,34327,Weapon,Poison,
29393,34328,Weapon,Explosives,
29394,34329,Weapon,Knife,
29395,34330,Weapon,Other,
29396,34331,Weapon,Blunt Object,
29397,34332,Weapon,Other,
29398,34333,Weapon,Other,
29399,34334,Weapon,Firearm,
29400,34335,Weapon,Blunt Object,
29401,34336,Weapon,Blunt Object,
29402,34338,Weapon,Other,
29403,34339,Weapon,Firearm,
29404,34341,Weapon,Other,
29405,34343,Weapon,Other,
29406,34347,Weapon,Other,
29407,34350,Weapon,Knife,
29408,34351,Weapon,Blunt Object,
29409,34352,Weapon,Explosives,
29410,34353,Weapon,Firearm,
29411,34354,Weapon,Explosives,
29412,34355,Weapon,Knife,
29413,34356,Weapon,Other,
29414,34357,Weapon,Poison,
29415,34358,Weapon,Other,
29416,34361,Weapon,Knife,
29417,34362,Weapon,Knife,
29418,34363,Weapon,Explosives,
29419,34364,Weapon,Firearm,
29420,34365,Weapon,Blunt Object,
29421,34366,Weapon,Poison,
29422,34367,Weapon,Poison,
29423,34369,Weapon,Explosives,
29424,34370,Weapon,Explosives,
29425,34371,Weapon,Knife,
29426,34372,Weapon,Firearm,
29427,34373,Weapon,Knife,
29428,34374,Weapon,Explosives,
29429,34375,Weapon,Other,
29430,34376,Weapon,Blunt Object,
29431,34377,Weapon,Firearm,
29432,34378,Weapon,Poison,
29433,34380,Weapon,Other,
29434,34381,Weapon,Blunt Object,
29435,34383,Weapon,Other,
29436,34384,Weapon,Other,
29437,34385,Weapon,Other,
29438,34387,Weapon,Firearm,
29439,34388,Weapon,Firearm,
29440,34389,Weapon,Other,
29441,34390,Weapon,Explosives,
29442,34391,Weapon,Explosives,
29443,34392,Weapon,Knife,
29444,34393,Weapon,Other,
29445,34394,Weapon,Firearm,
29446,34395,Weapon,Firearm,
29447,34396,Weapon,Firearm,
29448,34397,Weapon,Other,
29449,34399,Weapon,Other,
29450,34400,Weapon,Explosives,
29451,34401,Weapon,Knife,
29452,34402,Weapon,Blunt Object,
29453,34403,Weapon,Knife,
29454,34404,Weapon,Firearm,
29455,34405,Weapon,Knife,
29456,34406,Weapon,Poison,
29457,34407,Weapon,Blunt Object,
29458,34408,Weapon,Other,
29459,34409,Weapon,Poison,
29460,34410,Weapon,Knife,
29461,34411,Weapon,Explosives,
29462,34412,Weapon,Knife,
29463,34413,Weapon,Explosives,
29464,34415,Weapon,Poison,
29465,34416,Weapon,Explosives,
29466,34418,Weapon,Knife,
29467,34419,Weapon,Blunt Object,
29468,34420,Weapon,Other,
29469,34421,Weapon,Poison,
29470,34422,Weapon,Firearm,
29471,34423,Weapon,Explosives,
29472,34424,Weapon,Poison,
29473,34425,Weapon,Poison,
29474,34428,Weapon,Poison,
29475,34429,Weapon,Firearm,
29476,34430,Weapon,Other,
29477,34431,Weapon,Firearm,
29478,34432,Weapon,Knife,
29479,34433,Weapon,Firearm,
29480,34435,Weapon,Knife,
29481,34436,Weapon,Poison,
29482,34437,Weapon,Other,
29483,34438,Weapon,Blunt Object,
29484,34439,Weapon,Blunt Object,
29485,34440,Weapon,Explosives,
29486,34441,Weapon,Blunt Object,
29487,34442,Weapon,Blunt Object,
29488,34444,Weapon,Blunt Object,
29489,34445,Weapon,Knife,
29490,34447,Weapon,Explosives,
29491,34448,Weapon,Firearm,
29492,34451,Weapon,Poison,
29493,34452,Weapon,Explosives,
29494,34453,Weapon,Knife,
29495,34454,Weapon,Blunt Object,
29496,34455,Weapon,Explosives,
29497,34457,Weapon,Blunt Object,
29498,34458,Weapon,Poison,
29499,34459,Weapon,Knife,
29500,34460,Weapon,Knife,
29501,34461,Weapon,Knife,
29502,34462,Weapon,Other,
29503,34465,Weapon,Knife,
29504,34466,Weapon,Explosives,
29505,34467,Weapon,Firearm,
29506,34468,Weapon,Explosives,
29507,34469,Weapon,Poison,
29508,34470,Weapon,Other,
29509,34471,Weapon,Explosives,
29510,34473,Weapon,Knife,
29511,34474,Weapon,Blunt Object,
29512,34475,Weapon,Poison,
29513,34476,Weapon,Poison,
29514,34477,Weapon,Poison,
29515,34478,Weapon,Blunt Object,
29516,34479,Weapon,Other,
29517,34480,Weapon,Knife,
29518,34481,Weapon,Other,
29519,34482,Weapon,Blunt Object,
29520,34483,Weapon,Blunt Object,
29521,34484,Weapon,Blunt Object,
29522,34485,Weapon,Blunt Object,
29523,34486,Weapon,Blunt Object,
29524,34487,Weapon,Blunt Object,
29525,34488,Weapon,Firearm,
29526,34489,Weapon,Poison,
29527,34490,Weapon,Explosives,
29528,34491,Weapon,Other,
29529,34492,Weapon,Explosives,
29530,34494,Weapon,Poison,
29531,34495,Weapon,Poison,
29532,34496,Weapon,Other,
29533,34497,Weapon,Explosives,
29534,34500,Weapon,Explosives,
29535,34501,Weapon,Poison,
29536,34502,Weapon,Poison,
29537,34504,Weapon,Firearm,
29538,34505,Weapon,Other,
29539,34506,Weapon,Explosives,
29540,34508,Weapon,Explosives,
29541,34510,Weapon,Other,
29542,34511,Weapon,Explosives,
29543,34512,Weapon,Blunt Object,
29544,34513,Weapon,Explosives,
29545,34514,Weapon,Other,
29546,34515,Weapon,Firearm,
29547,34516,Weapon,Explosives,
29548,34517,Weapon,Poison,
29549,34518,Weapon,Firearm,
29550,34519,Weapon,Explosives,
29551,34520,Weapon,Poison,
29552,34521,Weapon,Other,
29553,34522,Weapon,Knife,
29554,34523,Weapon,Blunt Object,
29555,34524,Weapon,Firearm,
29556,34525,Weapon,Firearm,
29557,34526,Weapon,Poison,
29558,34527,Weapon,Poison,
29559,34528,Weapon,Other,
29560,34531,Weapon,Poison,
29561,34532,Weapon,Other,
29562,34533,Weapon,Poison,
29563,34534,Weapon,Blunt Object,
29564,34535,Weapon,Explosives,
29565,34536,Weapon,Firearm,
29566,34537,Weapon,Explosives,
29567,34538,Weapon,Blunt Object,
29568,34539,Weapon,Knife,
29569,34540,Weapon,Other,
29570,34542,Weapon,Knife,
29571,34543,Weapon,Blunt Object,
29572,34544,Weapon,Blunt Object,
29573,34545,Weapon,Other,
29574,34546,Weapon,Blunt Object,
29575,34547,Weapon,Knife,
29576,34548,Weapon,Blunt Object,
29577,34550,Weapon,Firearm,
29578,34551,Weapon,Firearm,
29579,34552,Weapon,Blunt Object,
29580,34553,Weapon,Blunt Object,
29581,34554,Weapon,Firearm,
29582,34555,Weapon,Poison,
29583,34557,Weapon,Explosives,
29584,34559,Weapon,Poison,
29585,34560,Weapon,Poison,
29586,34561,Weapon,Firearm,
29587,34562,Weapon,Knife,
29588,34563,Weapon,Knife,
29589,34564,Weapon,Firearm,
29590,34565,Weapon,Poison,
29591,34566,Weapon,Explosives,
29592,34567,Weapon,Other,
29593,34568,Weapon,Poison,
29594,34569,Weapon,Firearm,
29595,34570,Weapon,Other,
29596,34571,Weapon,Blunt Object,
29597,34572,Weapon,Knife,
29598,34573,Weapon,Other,
29599,34574,Weapon,Firearm,
29600,34575,Weapon,Poison,
29601,34576,Weapon,Knife,
29602,34577,Weapon,Blunt Object,
29603,34578,Weapon,Blunt Object,
29604,34579,Weapon,Knife,
29605,34580,Weapon,Explosives,
29606,34581,Weapon,Explosives,
29607,34582,Weapon,Poison,
29608,34583,Weapon,Explosives,
29609,34584,Weapon,Knife,
29610,34585,Weapon,Blunt Object,
29611,34586,Weapon,Knife,
29612,34587,Weapon,Firearm,
29613,34588,Weapon,Knife,
29614,34589,Weapon,Firearm,
29615,34590,Weapon,Blunt Object,
29616,34591,Weapon,Blunt Object,
29617,34592,Weapon,Poison,
29618,34594,Weapon,Other,
29619,34595,Weapon,Poison,
29620,34596,Weapon,Poison,
29621,34597,Weapon,Knife,
29622,34598,Weapon,Knife,
29623,34599,Weapon,Firearm,
29624,34600,Weapon,Explosives,
29625,34601,Weapon,Blunt Object,
29626,34602,Weapon,Knife,
29627,34603,Weapon,Other,
29628,34604,Weapon,Explosives,
29629,34606,Weapon,Explosives,
29630,34607,Weapon,Blunt Object,
29631,34608,Weapon,Blunt Object,
29632,34609,Weapon,Other,
29633,34610,Weapon,Knife,
29634,34611,Weapon,Blunt Object,
29635,34612,Weapon,Other,
29636,34614,Weapon,Explosives,
29637,34615,Weapon,Knife,
29638,34616,Weapon,Blunt Object,
29639,34617,Weapon,Knife,
29640,34618,Weapon,Explosives,
29641,34619,Weapon,Blunt Object,
29642,34620,Weapon,Knife,
29643,34621,Weapon,Blunt Object,
29644,34622,Weapon,Blunt Object,
29645,34624,Weapon,Blunt Object,
29646,34625,Weapon,Firearm,
29647,34627,Weapon,Knife,
29648,34628,Weapon,Explosives,
29649,34630,Weapon,Other,
29650,34631,Weapon,Blunt Object,
29651,34632,Weapon,Other,
29652,34633,Weapon,Poison,
29653,34634,Weapon,Blunt Object,
29654,34635,Weapon,Knife,
29655,34637,Weapon,Other,
29656,34638,Weapon,Explosives,
29657,34639,Weapon,Knife,
29658,34640,Weapon,Other,
29659,34641,Weapon,Firearm,
29660,34642,Weapon,Explosives,
29661,34643,Weapon,Other,
29662,34644,Weapon,Knife,
29663,34645,Weapon,Firearm,
29664,34646,Weapon,Poison,
29665,34647,Weapon,Other,
29666,34650,Weapon,Other,
29667,34651,Weapon,Knife,
29668,34652,Weapon,Firearm,
29669,34653,Weapon,Blunt Object,
29670,34654,Weapon,Blunt Object,
29671,34655,Weapon,Poison,
29672,34657,Weapon,Firearm,
29673,34658,Weapon,Poison,
29674,34659,Weapon,Blunt Object,
29675,34660,Weapon,Blunt Object,
29676,34661,Weapon,Blunt Object,
29677,34662,Weapon,Explosives,
29678,34664,Weapon,Explosives,
29679,34665,Weapon,Explosives,
29680,34666,Weapon,Poison,
29681,34667,Weapon,Explosives,
29682,34668,Weapon,Firearm,
29683,34669,Weapon,Other,
29684,34670,Weapon,Explosives,
29685,34671,Weapon,Blunt Object,
29686,34672,Weapon,Firearm,
29687,34673,Weapon,Poison,
29688,34675,Weapon,Explosives,
29689,34676,Weapon,Poison,
29690,34678,Weapon,Poison,
29691,34679,Weapon,Firearm,
29692,34681,Weapon,Knife,
29693,34684,Weapon,Explosives,
29694,34685,Weapon,Explosives,
29695,34687,Weapon,Firearm,
29696,34688,Weapon,Other,
29697,34689,Weapon,Blunt Object,
29698,34690,Weapon,Knife,
29699,34691,Weapon,Explosives,
29700,34692,Weapon,Blunt Object,
29701,34693,Weapon,Knife,
29702,34694,Weapon,Other,
29703,34695,Weapon,Knife,
29704,34696,Weapon,Blunt Object,
29705,34697,Weapon,Blunt Object,
29706,34698,Weapon,Explosives,
29707,34699,Weapon,Blunt Object,
29708,34700,Weapon,Blunt Object,
29709,34701,Weapon,Blunt Object,
29710,34702,Weapon,Other,
29711,34703,Weapon,Knife,
29712,34704,Weapon,Knife,
29713,34705,Weapon,Other,
29714,34706,Weapon,Explosives,
29715,34707,Weapon,Knife,
29716,34708,Weapon,Knife,
29717,34709,Weapon,Firearm,
29718,34710,Weapon,Poison,
29719,34712,Weapon,Poison,
29720,34713,Weapon,Other,
29721,34714,Weapon,Explosives,
29722,34715,Weapon,Other,
29723,34716,Weapon,Knife,
29724,34717,Weapon,Blunt Object,
29725,34718,Weapon,Poison,
29726,34719,Weapon,Blunt Object,
29727,34720,Weapon,Other,
29728,34721,Weapon,Firearm,
29729,34722,Weapon,Poison,
29730,34723,Weapon,Other,
29731,34724,Weapon,Knife,
29732,34725,Weapon,Blunt Object,
29733,34726,Weapon,Firearm,
29734,34728,Weapon,Poison,
29735,34730,Weapon,Blunt Object,
29736,34731,Weapon,Firearm,
29737,34734,Weapon,Blunt Object,
29738,34735,Weapon,Other,
29739,34736,Weapon,Firearm,
29740,34737,Weapon,Blunt Object,
29741,34738,Weapon,Other,
29742,34739,Weapon,Firearm,
29743,34740,Weapon,Explosives,
29744,34742,Weapon,Firearm,
29745,34743,Weapon,Explosives,
29746,34744,Weapon,Poison,
29747,34746,Weapon,Other,
29748,34747,Weapon,Other,
29749,34749,Weapon,Firearm,
29750,34750,Weapon,Firearm,
29751,34751,Weapon,Knife,
29752,34752,Weapon,Explosives,
29753,34753,Weapon,Other,
29754,34754,Weapon,Firearm,
29755,34755,Weapon,Knife,
29756,34757,Weapon,Poison,
29757,34758,Weapon,Poison,
29758,34759,Weapon,Poison,
29759,34760,Weapon,Other,
29760,34761,Weapon,Blunt Object,
29761,34762,Weapon,Other,
29762,34763,Weapon,Blunt Object,
29763,34764,Weapon,Explosives,
29764,34765,Weapon,Poison,
29765,34766,Weapon,Knife,
29766,34767,Weapon,Explosives,
29767,34768,Weapon,Blunt Object,
29768,34769,Weapon,Explosives,
29769,34771,Weapon,Firearm,
29770,34772,Weapon,Blunt Object,
29771,34773,Weapon,Other,
29772,34774,Weapon,Explosives,
29773,34775,Weapon,Blunt Object,
29774,34776,Weapon,Knife,
29775,34777,Weapon,Explosives,
29776,34778,Weapon,Poison,
29777,34780,Weapon,Knife,
29778,34781,Weapon,Firearm,
29779,34782,Weapon,Other,
29780,34783,Weapon,Explosives,
29781,34784,Weapon,Other,
29782,34785,Weapon,Other,
29783,34786,Weapon,Firearm,
29784,34787,Weapon,Other,
29785,34789,Weapon,Blunt Object,
29786,34790,Weapon,Firearm,
29787,34791,Weapon,Explosives,
29788,34792,Weapon,Knife,
29789,34793,Weapon,Explosives,
29790,34794,Weapon,Explosives,
29791,34795,Weapon,Other,
29792,34796,Weapon,Firearm,
29793,34797,Weapon,Firearm,
29794,34798,Weapon,Poison,
29795,34799,Weapon,Poison,
29796,34800,Weapon,Explosives,
29797,34801,Weapon,Other,
29798,34802,Weapon,Knife,
29799,34803,Weapon,Blunt Object,
29800,34805,Weapon,Firearm,
29801,34806,Weapon,Poison,
29802,34807,Weapon,Other,
29803,34808,Weapon,Poison,
29804,34809,Weapon,Other,
29805,34811,Weapon,Other,
29806,34812,Weapon,Blunt Object,
29807,34813,Weapon,Firearm,
29808,34814,Weapon,Poison,
29809,34815,Weapon,Explosives,
29810,34816,Weapon,Poison,
29811,34819,Weapon,Poison,
29812,34820,Weapon,Explosives,
29813,34821,Weapon,Poison,
29814,34822,Weapon,Knife,
29815,34823,Weapon,Knife,
29816,34824,Weapon,Blunt Object,
29817,34825,Weapon,Knife,
29818,34826,Weapon,Explosives,
29819,34827,Weapon,Poison,
29820,34828,Weapon,Firearm,
29821,34830,Weapon,Blunt Object,
29822,34831,Weapon,Poison,
29823,34832,Weapon,Firearm,
29824,34833,Weapon,Blunt Object,
29825,34834,Weapon,Blunt Object,
29826,34835,Weapon,Knife,
29827,34836,Weapon,Firearm,
29828,34837,Weapon,Firearm,
29829,34838,Weapon,Poison,
29830,34842,Weapon,Explosives,
29831,34843,Weapon,Other,
29832,34844,Weapon,Firearm,
29833,34846,Weapon,Firearm,
29834,34848,Weapon,Firearm,
29835,34849,Weapon,Other,
29836,34852,Weapon,Other,
29837,34853,Weapon,Blunt Object,
29838,34854,Weapon,Knife,
29839,34855,Weapon,Knife,
29840,34856,Weapon,Other,
29841,34858,Weapon,Other,
29842,34859,Weapon,Blunt Object,
29843,34860,Weapon,Blunt Object,
29844,34861,Weapon,Blunt Object,
29845,34862,Weapon,Other,
29846,34863,Weapon,Blunt Object,
29847,34864,Weapon,Knife,
29848,34865,Weapon,Knife,
29849,34866,Weapon,Explosives,
29850,34867,Weapon,Explosives,
29851,34868,Weapon,Knife,
29852,34869,Weapon,Poison,
29853,34870,Weapon,Other,
29854,34872,Weapon,Knife,
29855,34873,Weapon,Poison,
29856,34874,Weapon,Knife,
29857,34875,Weapon,Explosives,
29858,34876,Weapon,Blunt Object,
29859,34877,Weapon,Explosives,
29860,34878,Weapon,Explosives,
29861,34879,Weapon,Explosives,
29862,34880,Weapon,Firearm,
29863,34881,Weapon,Explosives,
29864,34882,Weapon,Explosives,
29865,34883,Weapon,Other,
29866,34884,Weapon,Poison,
29867,34885,Weapon,Poison,
29868,34886,Weapon,Poison,
29869,34887,Weapon,Knife,
29870,34888,Weapon,Firearm,
29871,34890,Weapon,Firearm,
29872,34892,Weapon,Firearm,
29873,34893,Weapon,Explosives,
29874,34894,Weapon,Firearm,
29875,34896,Weapon,Knife,
29876,34897,Weapon,Explosives,
29877,34899,Weapon,Explosives,
29878,34900,Weapon,Explosives,
29879,34901,Weapon,Knife,
29880,34902,Weapon,Knife,
29881,34903,Weapon,Blunt Object,
29882,34904,Weapon,Other,
29883,34905,Weapon,Other,
29884,34906,Weapon,Other,
29885,34907,Weapon,Knife,
29886,34908,Weapon,Explosives,
29887,34909,Weapon,Firearm,
29888,34910,Weapon,Other,
29889,34912,Weapon,Firearm,
29890,34913,Weapon,Explosives,
29891,34914,Weapon,Explosives,
29892,34915,Weapon,Other,
29893,34918,Weapon,Other,
29894,34919,Weapon,Explosives,
29895,34920,Weapon,Blunt Object,
29896,34921,Weapon,Blunt Object,
29897,34922,Weapon,Firearm,
29898,34923,Weapon,Firearm,
29899,34924,Weapon,Explosives,
29900,34925,Weapon,Poison,
29901,34926,Weapon,Poison,
29902,34927,Weapon,Other,
29903,34929,Weapon,Other,
29904,34930,Weapon,Explosives,
29905,34931,Weapon,Firearm,
29906,34932,Weapon,Other,
29907,34933,Weapon,Knife,
29908,34934,Weapon,Blunt Object,
29909,34935,Weapon,Knife,
29910,34937,Weapon,Explosives,
29911,34938,Weapon,Poison,
29912,34939,Weapon,Blunt Object,
29913,34940,Weapon,Poison,
29914,34942,Weapon,Poison,
29915,34943,Weapon,Other,
29916,34944,Weapon,Explosives,
29917,34945,Weapon,Firearm,
29918,34946,Weapon,Firearm,
29919,34947,Weapon,Firearm,
29920,34949,Weapon,Firearm,
29921,34950,Weapon,Poison,
29922,34951,Weapon,Other,
29923,34952,Weapon,Explosives,
29924,34953,Weapon,Poison,
29925,34954,Weapon,Blunt Object,
29926,34955,Weapon,Poison,
29927,34956,Weapon,Knife,
29928,34957,Weapon,Poison,
29929,34959,Weapon,Poison,
29930,34960,Weapon,Poison,
29931,34961,Weapon,Poison,
29932,34962,Weapon,Blunt Object,
29933,34964,Weapon,Other,
29934,34967,Weapon,Explosives,
29935,34968,Weapon,Blunt Object,
29936,34969,Weapon,Firearm,
29937,34970,Weapon,Blunt Object,
29938,34971,Weapon,Explosives,
29939,34972,Weapon,Poison,
29940,34973,Weapon,Other,
29941,34974,Weapon,Other,
29942,34975,Weapon,Knife,
29943,34976,Weapon,Firearm,
29944,34977,Weapon,Blunt Object,
29945,34979,Weapon,Explosives,
29946,34980,Weapon,Poison,
29947,34981,Weapon,Poison,
29948,34982,Weapon,Explosives,
29949,34983,Weapon,Other,
29950,34984,Weapon,Poison,
29951,34985,Weapon,Blunt Object,
29952,34986,Weapon,Other,
29953,34987,Weapon,Explosives,
29954,34988,Weapon,Explosives,
29955,34989,Weapon,Knife,
29956,34990,Weapon,Firearm,
29957,34991,Weapon,Poison,
29958,34992,Weapon,Firearm,
29959,34993,Weapon,Firearm,
29960,34994,Weapon,Firearm,
29961,34995,Weapon,Other,
29962,34996,Weapon,Explosives,
29963,34997,Weapon,Poison,
29964,35000,Weapon,Blunt Object,
29965,35001,Weapon,Knife,
29966,35002,Weapon,Blunt Object,
29967,35003,Weapon,Knife,
29968,35004,Weapon,Explosives,
29969,35005,Weapon,Poison,
29970,35006,Weapon,Firearm,
29971,35007,Weapon,Other,
29972,35008,Weapon,Firearm,
29973,35010,Weapon,Explosives,
29974,35011,Weapon,Knife,
29975,35012,Weapon,Poison,
29976,35013,Weapon,Firearm,
29977,35014,Weapon,Explosives,
29978,35015,Weapon,Other,
29979,35016,Weapon,Blunt Object,
29980,35017,Weapon,Knife,
29981,35018,Weapon,Explosives,
29982,35019,Weapon,Poison,
29983,35020,Weapon,Poison,
29984,35021,Weapon,Blunt Object,
29985,35022,Weapon,Blunt Object,
29986,35023,Weapon,Knife,
29987,35024,Weapon,Knife,
29988,35026,Weapon,Blunt Object,
29989,35028,Weapon,Blunt Object,
29990,35029,Weapon,Knife,
29991,35030,Weapon,Knife,
29992,35031,Weapon,Knife,
29993,35032,Weapon,Explosives,
29994,35033,Weapon,Knife,
29995,35035,Weapon,Knife,
29996,35036,Weapon,Knife,
29997,35038,Weapon,Other,
29998,35039,Weapon,Explosives,
29999,35040,Weapon,Blunt Object,
30000,35041,Weapon,Other,
30001,35042,Weapon,Knife,
30002,35043,Weapon,Firearm,
30003,35047,Weapon,Explosives,
30004,35049,Weapon,Firearm,
30005,35050,Weapon,Blunt Object,
30006,35051,Weapon,Poison,
30007,35052,Weapon,Explosives,
30008,35053,Weapon,Blunt Object,
30009,35054,Weapon,Other,
30010,35055,Weapon,Knife,
30011,35056,Weapon,Explosives,
30012,35057,Weapon,Poison,
30013,35058,Weapon,Explosives,
30014,35059,Weapon,Knife,
30015,35060,Weapon,Explosives,
30016,35062,Weapon,Blunt Object,
30017,35063,Weapon,Blunt Object,
30018,35064,Weapon,Other,
30019,35065,Weapon,Firearm,
30020,35066,Weapon,Other,
30021,35067,Weapon,Poison,
30022,35068,Weapon,Knife,
30023,35069,Weapon,Blunt Object,
30024,35070,Weapon,Poison,
30025,35071,Weapon,Firearm,
30026,35072,Weapon,Knife,
30027,35073,Weapon,Blunt Object,
30028,35074,Weapon,Firearm,
30029,35076,Weapon,Knife,
30030,35077,Weapon,Poison,
30031,35078,Weapon,Knife,
30032,35079,Weapon,Knife,
30033,35080,Weapon,Poison,
30034,35081,Weapon,Explosives,
30035,35082,Weapon,Knife,
30036,35083,Weapon,Poison,
30037,35084,Weapon,Blunt Object,
30038,35085,Weapon,Blunt Object,
30039,35086,Weapon,Explosives,
30040,35087,Weapon,Knife,
30041,35088,Weapon,Other,
30042,35091,Weapon,Other,
30043,35092,Weapon,Knife,
30044,35093,Weapon,Explosives,
30045,35094,Weapon,Blunt Object,
30046,35095,Weapon,Other,
30047,35096,Weapon,Knife,
30048,35098,Weapon,Explosives,
30049,35099,Weapon,Knife,
30050,35100,Weapon,Knife,
30051,35101,Weapon,Firearm,
30052,35102,Weapon,Blunt Object,
30053,35103,Weapon,Explosives,
30054,35104,Weapon,Other,
30055,35105,Weapon,Firearm,
30056,35106,Weapon,Explosives,
30057,35107,Weapon,Knife,
30058,35108,Weapon,Other,
30059,35109,Weapon,Firearm,
30060,35111,Weapon,Knife,
30061,35113,Weapon,Knife,
30062,35114,Weapon,Firearm,
30063,35115,Weapon,Blunt Object,
30064,35116,Weapon,Firearm,
30065,35117,Weapon,Explosives,
30066,35118,Weapon,Other,
30067,35119,Weapon,Other,
30068,35121,Weapon,Firearm,
30069,35122,Weapon,Blunt Object,
30070,35123,Weapon,Knife,
30071,35124,Weapon,Firearm,
30072,35126,Weapon,Knife,
30073,35127,Weapon,Other,
30074,35128,Weapon,Explosives,
30075,35129,Weapon,Blunt Object,
30076,35130,Weapon,Other,
30077,35132,Weapon,Explosives,
30078,35133,Weapon,Other,
30079,35134,Weapon,Blunt Object,
30080,35135,Weapon,Blunt Object,
30081,35136,Weapon,Explosives,
30082,35137,Weapon,Blunt Object,
30083,35140,Weapon,Poison,
30084,35142,Weapon,Firearm,
30085,35143,Weapon,Poison,
30086,35144,Weapon,Knife,
30087,35145,Weapon,Poison,
30088,35146,Weapon,Firearm,
30089,35147,Weapon,Blunt Object,
30090,35148,Weapon,Explosives,
30091,35150,Weapon,Firearm,
30092,35151,Weapon,Blunt Object,
30093,35152,Weapon,Knife,
30094,35153,Weapon,Explosives,
30095,35154,Weapon,Other,
30096,35155,Weapon,Blunt Object,
30097,35156,Weapon,Poison,
30098,35157,Weapon,Other,
30099,35158,Weapon,Knife,
30100,35159,Weapon,Knife,
30101,35161,Weapon,Explosives,
30102,35162,Weapon,Blunt Object,
30103,35164,Weapon,Knife,
30104,35165,Weapon,Knife,
30105,35166,Weapon,Poison,
30106,35168,Weapon,Blunt Object,
30107,35169,Weapon,Explosives,
30108,35170,Weapon,Firearm,
30109,35171,Weapon,Explosives,
30110,35172,Weapon,Poison,
30111,35173,Weapon,Firearm,
30112,35174,Weapon,Firearm,
30113,35175,Weapon,Knife,
30114,35176,Weapon,Blunt Object,
30115,35177,Weapon,Other,
30116,35178,Weapon,Explosives,
30117,35179,Weapon,Knife,
30118,35180,Weapon,Poison,
30119,35181,Weapon,Poison,
30120,35182,Weapon,Knife,
30121,35183,Weapon,Firearm,
30122,35184,Weapon,Knife,
30123,35186,Weapon,Poison,
30124,35187,Weapon,Explosives,
30125,35188,Weapon,Poison,
30126,35189,Weapon,Firearm,
30127,35191,Weapon,Other,
30128,35192,Weapon,Firearm,
30129,35193,Weapon,Explosives,
30130,35194,Weapon,Blunt Object,
30131,35195,Weapon,Poison,
30132,35196,Weapon,Other,
30133,35197,Weapon,Other,
30134,35198,Weapon,Knife,
30135,35199,Weapon,Poison,
30136,35200,Weapon,Other,
30137,35201,Weapon,Blunt Object,
30138,35202,Weapon,Explosives,
30139,35203,Weapon,Firearm,
30140,35204,Weapon,Poison,
30141,35205,Weapon,Poison,
30142,35206,Weapon,Blunt Object,
30143,35207,Weapon,Knife,
30144,35208,Weapon,Knife,
30145,35210,Weapon,Knife,
30146,35211,Weapon,Explosives,
30147,35212,Weapon,Explosives,
30148,35214,Weapon,Blunt Object,
30149,35215,Weapon,Poison,
30150,35216,Weapon,Other,
30151,35218,Weapon,Poison,
30152,35219,Weapon,Poison,
30153,35220,Weapon,Knife,
30154,35221,Weapon,Firearm,
30155,35222,Weapon,Firearm,
30156,35223,Weapon,Blunt Object,
30157,35224,Weapon,Knife,
30158,35225,Weapon,Poison,
30159,35226,Weapon,Blunt Object,
30160,35227,Weapon,Firearm,
30161,35228,Weapon,Poison,
30162,35229,Weapon,Knife,
30163,35230,Weapon,Other,
30164,35231,Weapon,Poison,
30165,35234,Weapon,Blunt Object,
30166,35235,Weapon,Knife,
30167,35236,Weapon,Explosives,
30168,35238,Weapon,Poison,
30169,35240,Weapon,Knife,
30170,35242,Weapon,Blunt Object,
30171,35243,Weapon,Knife,
30172,35244,Weapon,Knife,
30173,35245,Weapon,Poison,
30174,35246,Weapon,Poison,
30175,35247,Weapon,Knife,
30176,35248,Weapon,Explosives,
30177,35249,Weapon,Other,
30178,35250,Weapon,Knife,
30179,35251,Weapon,Blunt Object,
30180,35252,Weapon,Firearm,
30181,35253,Weapon,Explosives,
30182,35254,Weapon,Blunt Object,
30183,35255,Weapon,Knife,
30184,35256,Weapon,Other,
30185,35257,Weapon,Explosives,
30186,35258,Weapon,Other,
30187,35259,Weapon,Firearm,
30188,35260,Weapon,Firearm,
30189,35262,Weapon,Other,
30190,35263,Weapon,Firearm,
30191,35264,Weapon,Blunt Object,
30192,35265,Weapon,Other,
30193,35266,Weapon,Knife,
30194,35267,Weapon,Firearm,
30195,35268,Weapon,Other,
30196,35269,Weapon,Other,
30197,35270,Weapon,Knife,
30198,35271,Weapon,Explosives,
30199,35273,Weapon,Knife,
30200,35274,Weapon,Blunt Object,
30201,35275,Weapon,Explosives,
30202,35276,Weapon,Blunt Object,
30203,35277,Weapon,Blunt Object,
30204,35278,Weapon,Other,
30205,35281,Weapon,Blunt Object,
30206,35282,Weapon,Knife,
30207,35283,Weapon,Knife,
30208,35284,Weapon,Firearm,
30209,35285,Weapon,Firearm,
30210,35286,Weapon,Poison,
30211,35288,Weapon,Other,
30212,35289,Weapon,Other,
30213,35290,Weapon,Explosives,
30214,35291,Weapon,Knife,
30215,35292,Weapon,Firearm,
30216,35293,Weapon,Firearm,
30217,35294,Weapon,Knife,
30218,35295,Weapon,Poison,
30219,35296,Weapon,Other,
30220,35297,Weapon,Blunt Object,
30221,35298,Weapon,Knife,
30222,35300,Weapon,Firearm,
30223,35301,Weapon,Other,
30224,35302,Weapon,Other,
30225,35303,Weapon,Blunt Object,
30226,35304,Weapon,Firearm,
30227,35305,Weapon,Firearm,
30228,35306,Weapon,Knife,
30229,35308,Weapon,Knife,
30230,35309,Weapon,Poison,
30231,35310,Weapon,Poison,
30232,35312,Weapon,Blunt Object,
30233,35313,Weapon,Knife,
30234,35314,Weapon,Firearm,
30235,35315,Weapon,Other,
30236,35316,Weapon,Other,
30237,35317,Weapon,Explosives,
30238,35319,Weapon,Blunt Object,
30239,35320,Weapon,Blunt Object,
30240,35321,Weapon,Explosives,
30241,35322,Weapon,Knife,
30242,35323,Weapon,Firearm,
30243,35324,Weapon,Explosives,
30244,35325,Weapon,Poison,
30245,35326,Weapon,Firearm,
30246,35327,Weapon,Blunt Object,
30247,35328,Weapon,Poison,
30248,35329,Weapon,Firearm,
30249,35330,Weapon,Other,
30250,35331,Weapon,Poison,
30251,35332,Weapon,Knife,
30252,35333,Weapon,Firearm,
30253,35334,Weapon,Explosives,
30254,35335,Weapon,Explosives,
30255,35336,Weapon,Blunt Object,
30256,35337,Weapon,Knife,
30257,35338,Weapon,Explosives,
30258,35339,Weapon,Blunt Object,
30259,35340,Weapon,Knife,
30260,35341,Weapon,Knife,
30261,35342,Weapon,Blunt Object,
30262,35343,Weapon,Blunt Object,
30263,35344,Weapon,Knife,
30264,35345,Weapon,Explosives,
30265,35346,Weapon,Other,
30266,35347,Weapon,Firearm,
30267,35348,Weapon,Other,
30268,35349,Weapon,Explosives,
30269,35351,Weapon,Poison,
30270,35352,Weapon,Poison,
30271,35353,Weapon,Blunt Object,
30272,35354,Weapon,Poison,
30273,35355,Weapon,Explosives,
30274,35356,Weapon,Blunt Object,
30275,35357,Weapon,Blunt Object,
30276,35358,Weapon,Firearm,
30277,35359,Weapon,Blunt Object,
30278,35360,Weapon,Firearm,
30279,35361,Weapon,Firearm,
30280,35363,Weapon,Firearm,
30281,35364,Weapon,Knife,
30282,35365,Weapon,Knife,
30283,35367,Weapon,Knife,
30284,35368,Weapon,Blunt Object,
30285,35369,Weapon,Poison,
30286,35370,Weapon,Firearm,
30287,35371,Weapon,Other,
30288,35372,Weapon,Firearm,
30289,35373,Weapon,Knife,
30290,35374,Weapon,Knife,
30291,35376,Weapon,Blunt Object,
30292,35377,Weapon,Blunt Object,
30293,35378,Weapon,Blunt Object,
30294,35379,Weapon,Knife,
30295,35380,Weapon,Knife,
30296,35383,Weapon,Blunt Object,
30297,35384,Weapon,Explosives,
30298,35385,Weapon,Explosives,
30299,35386,Weapon,Other,
30300,35387,Weapon,Knife,
30301,35389,Weapon,Other,
30302,35390,Weapon,Explosives,
30303,35391,Weapon,Firearm,
30304,35392,Weapon,Knife,
30305,35395,Weapon,Explosives,
30306,35396,Weapon,Poison,
30307,35397,Weapon,Explosives,
30308,35398,Weapon,Poison,
30309,35399,Weapon,Knife,
30310,35400,Weapon,Explosives,
30311,35401,Weapon,Other,
30312,35402,Weapon,Knife,
30313,35403,Weapon,Knife,
30314,35405,Weapon,Explosives,
30315,35406,Weapon,Poison,
30316,35407,Weapon,Knife,
30317,35408,Weapon,Firearm,
30318,35409,Weapon,Firearm,
30319,35410,Weapon,Blunt Object,
30320,35411,Weapon,Poison,
30321,35413,Weapon,Blunt Object,
30322,35415,Weapon,Knife,
30323,35416,Weapon,Knife,
30324,35417,Weapon,Firearm,
30325,35418,Weapon,Blunt Object,
30326,35419,Weapon,Poison,
30327,35420,Weapon,Other,
30328,35421,Weapon,Other,
30329,35423,Weapon,Other,
30330,35424,Weapon,Blunt Object,
30331,35425,Weapon,Other,
30332,35426,Weapon,Firearm,
30333,35427,Weapon,Firearm,
30334,35429,Weapon,Firearm,
30335,35431,Weapon,Knife,
30336,35433,Weapon,Poison,
30337,35434,Weapon,Firearm,
30338,35435,Weapon,Explosives,
30339,35436,Weapon,Firearm,
30340,35437,Weapon,Poison,
30341,35439,Weapon,Other,
30342,35441,Weapon,Explosives,
30343,35443,Weapon,Firearm,
30344,35445,Weapon,Firearm,
30345,35446,Weapon,Other,
30346,35447,Weapon,Other,
30347,35448,Weapon,Blunt Object,
30348,35449,Weapon,Knife,
30349,35450,Weapon,Explosives,
30350,35451,Weapon,Knife,
30351,35452,Weapon,Firearm,
30352,35454,Weapon,Blunt Object,
30353,35455,Weapon,Knife,
30354,35456,Weapon,Explosives,
30355,35458,Weapon,Firearm,
30356,35459,Weapon,Other,
30357,35460,Weapon,Explosives,
30358,35461,Weapon,Poison,
30359,35462,Weapon,Blunt Object,
30360,35463,Weapon,Other,
30361,35464,Weapon,Blunt Object,
30362,35466,Weapon,Poison,
30363,35467,Weapon,Blunt Object,
30364,35469,Weapon,Knife,
30365,35472,Weapon,Blunt Object,
30366,35474,Weapon,Other,
30367,35475,Weapon,Explosives,
30368,35476,Weapon,Other,
30369,35477,Weapon,Other,
30370,35478,Weapon,Poison,
30371,35480,Weapon,Other,
30372,35481,Weapon,Poison,
30373,35482,Weapon,Firearm,
30374,35483,Weapon,Blunt Object,
30375,35484,Weapon,Firearm,
30376,35485,Weapon,Explosives,
30377,35486,Weapon,Knife,
30378,35487,Weapon,Explosives,
30379,35488,Weapon,Explosives,
30380,35489,Weapon,Other,
30381,35490,Weapon,Blunt Object,
30382,35491,Weapon,Firearm,
30383,35493,Weapon,Explosives,
30384,35494,Weapon,Firearm,
30385,35495,Weapon,Other,
30386,35496,Weapon,Explosives,
30387,35498,Weapon,Knife,
30388,35500,Weapon,Firearm,
30389,35501,Weapon,Other,
30390,35502,Weapon,Other,
30391,35503,Weapon,Other,
30392,35505,Weapon,Knife,
30393,35506,Weapon,Poison,
30394,35507,Weapon,Firearm,
30395,35508,Weapon,Blunt Object,
30396,35509,Weapon,Other,
30397,35510,Weapon,Other,
30398,35511,Weapon,Blunt Object,
30399,35512,Weapon,Poison,
30400,35513,Weapon,Firearm,
30401,35514,Weapon,Blunt Object,
30402,35515,Weapon,Poison,
30403,35516,Weapon,Explosives,
30404,35517,Weapon,Blunt Object,
30405,35518,Weapon,Explosives,
30406,35519,Weapon,Blunt Object,
30407,35520,Weapon,Poison,
30408,35522,Weapon,Explosives,
30409,35523,Weapon,Blunt Object,
30410,35524,Weapon,Blunt Object,
30411,35525,Weapon,Poison,
30412,35526,Weapon,Poison,
30413,35527,Weapon,Knife,
30414,35528,Weapon,Knife,
30415,35529,Weapon,Blunt Object,
30416,35530,Weapon,Explosives,
30417,35531,Weapon,Poison,
30418,35533,Weapon,Blunt Object,
30419,35534,Weapon,Firearm,
30420,35536,Weapon,Knife,
30421,35538,Weapon,Firearm,
30422,35540,Weapon,Poison,
30423,35541,Weapon,Explosives,
30424,35542,Weapon,Firearm,
30425,35543,Weapon,Blunt Object,
30426,35544,Weapon,Firearm,
30427,35545,Weapon,Explosives,
30428,35546,Weapon,Other,
30429,35547,Weapon,Blunt Object,
30430,35549,Weapon,Firearm,
30431,35550,Weapon,Knife,
30432,35551,Weapon,Other,
30433,35552,Weapon,Firearm,
30434,35553,Weapon,Other,
30435,35554,Weapon,Explosives,
30436,35555,Weapon,Other,
30437,35556,Weapon,Knife,
30438,35557,Weapon,Other,
30439,35558,Weapon,Blunt Object,
30440,35559,Weapon,Knife,
30441,35560,Weapon,Explosives,
30442,35561,Weapon,Poison,
30443,35562,Weapon,Explosives,
30444,35563,Weapon,Knife,
30445,35564,Weapon,Knife,
30446,35565,Weapon,Firearm,
30447,35566,Weapon,Blunt Object,
30448,35567,Weapon,Knife,
30449,35568,Weapon,Explosives,
30450,35569,Weapon,Knife,
30451,35570,Weapon,Other,
30452,35572,Weapon,Poison,
30453,35573,Weapon,Poison,
30454,35574,Weapon,Blunt Object,
30455,35575,Weapon,Poison,
30456,35576,Weapon,Firearm,
30457,35577,Weapon,Poison,
30458,35578,Weapon,Other,
30459,35579,Weapon,Firearm,
30460,35581,Weapon,Poison,
30461,35582,Weapon,Knife,
30462,35584,Weapon,Knife,
30463,35586,Weapon,Explosives,
30464,35587,Weapon,Knife,
30465,35588,Weapon,Knife,
30466,35589,Weapon,Explosives,
30467,35590,Weapon,Blunt Object,
30468,35591,Weapon,Explosives,
30469,35592,Weapon,Other,
30470,35593,Weapon,Explosives,
30471,35594,Weapon,Other,
30472,35595,Weapon,Poison,
30473,35596,Weapon,Explosives,
30474,35597,Weapon,Poison,
30475,35598,Weapon,Explosives,
30476,35600,Weapon,Explosives,
30477,35601,Weapon,Knife,
30478,35603,Weapon,Firearm,
30479,35604,Weapon,Firearm,
30480,35605,Weapon,Blunt Object,
30481,35606,Weapon,Other,
30482,35608,Weapon,Poison,
30483,35609,Weapon,Knife,
30484,35612,Weapon,Knife,
30485,35613,Weapon,Blunt Object,
30486,35615,Weapon,Other,
30487,35616,Weapon,Knife,
30488,35617,Weapon,Other,
30489,35619,Weapon,Explosives,
30490,35620,Weapon,Blunt Object,
30491,35621,Weapon,Explosives,
30492,35622,Weapon,Explosives,
30493,35623,Weapon,Blunt Object,
30494,35624,Weapon,Firearm,
30495,35626,Weapon,Explosives,
30496,35627,Weapon,Explosives,
30497,35628,Weapon,Poison,
30498,35629,Weapon,Knife,
30499,35630,Weapon,Firearm,
30500,35631,Weapon,Blunt Object,
30501,35632,Weapon,Knife,
30502,35633,Weapon,Firearm,
30503,35634,Weapon,Other,
30504,35635,Weapon,Poison,
30505,35636,Weapon,Blunt Object,
30506,35637,Weapon,Explosives,
30507,35638,Weapon,Knife,
30508,35639,Weapon,Poison,
30509,35640,Weapon,Explosives,
30510,35641,Weapon,Firearm,
30511,35642,Weapon,Other,
30512,35644,Weapon,Other,
30513,35645,Weapon,Firearm,
30514,35646,Weapon,Explosives,
30515,35647,Weapon,Firearm,
30516,35648,Weapon,Firearm,
30517,35649,Weapon,Blunt Object,
30518,35650,Weapon,Poison,
30519,35651,Weapon,Firearm,
30520,35652,Weapon,Other,
30521,35653,Weapon,Explosives,
30522,35654,Weapon,Poison,
30523,35656,Weapon,Blunt Object,
30524,35657,Weapon,Knife,
30525,35658,Weapon,Blunt Object,
30526,35659,Weapon,Firearm,
30527,35660,Weapon,Explosives,
30528,35661,Weapon,Firearm,
30529,35663,Weapon,Knife,
30530,35664,Weapon,Poison,
30531,35665,Weapon,Poison,
30532,35666,Weapon,Firearm,
30533,35667,Weapon,Blunt Object,
30534,35669,Weapon,Firearm,
30535,35670,Weapon,Explosives,
30536,35671,Weapon,Poison,
30537,35672,Weapon,Firearm,
30538,35673,Weapon,Other,
30539,35674,Weapon,Firearm,
30540,35675,Weapon,Blunt Object,
30541,35676,Weapon,Blunt Object,
30542,35677,Weapon,Knife,
30543,35678,Weapon,Poison,
30544,35679,Weapon,Firearm,
30545,35680,Weapon,Poison,
30546,35684,Weapon,Poison,
30547,35685,Weapon,Other,
30548,35688,Weapon,Blunt Object,
30549,35689,Weapon,Explosives,
30550,35690,Weapon,Firearm,
30551,35691,Weapon,Poison,
30552,35692,Weapon,Knife,
30553,35693,Weapon,Poison,
30554,35694,Weapon,Other,
30555,35695,Weapon,Poison,
30556,35696,Weapon,Firearm,
30557,35697,Weapon,Blunt Object,
30558,35698,Weapon,Explosives,
30559,35699,Weapon,Poison,
30560,35701,Weapon,Poison,
30561,35702,Weapon,Blunt Object,
30562,35704,Weapon,Knife,
30563,35705,Weapon,Poison,
30564,35706,Weapon,Knife,
30565,35707,Weapon,Poison,
30566,35708,Weapon,Knife,
30567,35709,Weapon,Blunt Object,
30568,35710,Weapon,Blunt Object,
30569,35711,Weapon,Explosives,
30570,35712,Weapon,Poison,
30571,35713,Weapon,Firearm,
30572,35715,Weapon,Poison,
30573,35716,Weapon,Explosives,
30574,35717,Weapon,Explosives,
30575,35718,Weapon,Other,
30576,35719,Weapon,Poison,
30577,35720,Weapon,Poison,
30578,35721,Weapon,Blunt Object,
30579,35722,Weapon,Other,
30580,35723,Weapon,Explosives,
30581,35724,Weapon,Blunt Object,
30582,35725,Weapon,Other,
30583,35726,Weapon,Poison,
30584,35727,Weapon,Firearm,
30585,35728,Weapon,Firearm,
30586,35729,Weapon,Poison,
30587,35730,Weapon,Explosives,
30588,35731,Weapon,Poison,
30589,35732,Weapon,Poison,
30590,35734,Weapon,Knife,
30591,35735,Weapon,Other,
30592,35736,Weapon,Explosives,
30593,35737,Weapon,Blunt Object,
30594,35738,Weapon,Blunt Object,
30595,35740,Weapon,Explosives,
30596,35741,Weapon,Other,
30597,35742,Weapon,Firearm,
30598,35744,Weapon,Other,
30599,35745,Weapon,Poison,
30600,35746,Weapon,Firearm,
30601,35750,Weapon,Knife,
30602,35751,Weapon,Blunt Object,
30603,35752,Weapon,Knife,
30604,35753,Weapon,Other,
30605,35754,Weapon,Other,
30606,35755,Weapon,Firearm,
30607,35756,Weapon,Blunt Object,
30608,35757,Weapon,Other,
30609,35759,Weapon,Firearm,
30610,35760,Weapon,Blunt Object,
30611,35762,Weapon,Explosives,
30612,35763,Weapon,Knife,
30613,35764,Weapon,Knife,
30614,35765,Weapon,Other,
30615,35766,Weapon,Explosives,
30616,35767,Weapon,Knife,
30617,35769,Weapon,Blunt Object,
30618,35770,Weapon,Blunt Object,
30619,35771,Weapon,Knife,
30620,35772,Weapon,Poison,
30621,35773,Weapon,Blunt Object,
30622,35774,Weapon,Knife,
30623,35775,Weapon,Other,
30624,35776,Weapon,Knife,
30625,35777,Weapon,Poison,
30626,35778,Weapon,Blunt Object,
30627,35780,Weapon,Poison,
30628,35782,Weapon,Knife,
30629,35783,Weapon,Poison,
30630,35784,Weapon,Explosives,
30631,35787,Weapon,Firearm,
30632,35788,Weapon,Knife,
30633,35789,Weapon,Knife,
30634,35790,Weapon,Knife,
30635,35791,Weapon,Knife,
30636,35792,Weapon,Poison,
30637,35793,Weapon,Blunt Object,
30638,35794,Weapon,Other,
30639,35795,Weapon,Blunt Object,
30640,35796,Weapon,Explosives,
30641,35797,Weapon,Explosives,
30642,35798,Weapon,Other,
30643,35799,Weapon,Knife,
30644,35800,Weapon,Explosives,
30645,35801,Weapon,Poison,
30646,35802,Weapon,Firearm,
30647,35803,Weapon,Knife,
30648,35804,Weapon,Blunt Object,
30649,35805,Weapon,Explosives,
30650,35806,Weapon,Other,
30651,35807,Weapon,Blunt Object,
30652,35809,Weapon,Knife,
30653,35810,Weapon,Explosives,
30654,35811,Weapon,Knife,
30655,35812,Weapon,Knife,
30656,35813,Weapon,Firearm,
30657,35815,Weapon,Poison,
30658,35816,Weapon,Other,
30659,35817,Weapon,Firearm,
30660,35819,Weapon,Blunt Object,
30661,35820,Weapon,Knife,
30662,35821,Weapon,Blunt Object,
30663,35822,Weapon,Poison,
30664,35823,Weapon,Poison,
30665,35824,Weapon,Knife,
30666,35825,Weapon,Poison,
30667,35826,Weapon,Poison,
30668,35828,Weapon,Blunt Object,
30669,35829,Weapon,Blunt Object,
30670,35830,Weapon,Blunt Object,
30671,35831,Weapon,Knife,
30672,35832,Weapon,Knife,
30673,35833,Weapon,Poison,
30674,35834,Weapon,Knife,
30675,35835,Weapon,Firearm,
30676,35836,Weapon,Blunt Object,
30677,35837,Weapon,Firearm,
30678,35838,Weapon,Explosives,
30679,35839,Weapon,Poison,
30680,35840,Weapon,Explosives,
30681,35841,Weapon,Firearm,
30682,35843,Weapon,Knife,
30683,35844,Weapon,Firearm,
30684,35845,Weapon,Other,
30685,35846,Weapon,Firearm,
30686,35848,Weapon,Poison,
30687,35849,Weapon,Poison,
30688,35850,Weapon,Explosives,
30689,35851,Weapon,Firearm,
30690,35852,Weapon,Other,
30691,35853,Weapon,Other,
30692,35854,Weapon,Knife,
30693,35855,Weapon,Explosives,
30694,35857,Weapon,Poison,
30695,35858,Weapon,Knife,
30696,35859,Weapon,Explosives,
30697,35860,Weapon,Other,
30698,35861,Weapon,Poison,
30699,35862,Weapon,Blunt Object,
30700,35864,Weapon,Poison,
30701,35865,Weapon,Knife,
30702,35866,Weapon,Blunt Object,
30703,35867,Weapon,Knife,
30704,35868,Weapon,Explosives,
30705,35869,Weapon,Poison,
30706,35870,Weapon,Blunt Object,
30707,35871,Weapon,Firearm,
30708,35872,Weapon,Other,
30709,35874,Weapon,Blunt Object,
30710,35875,Weapon,Poison,
30711,35876,Weapon,Poison,
30712,35877,Weapon,Firearm,
30713,35878,Weapon,Firearm,
30714,35880,Weapon,Firearm,
30715,35881,Weapon,Explosives,
30716,35882,Weapon,Knife,
30717,35886,Weapon,Blunt Object,
30718,35887,Weapon,Firearm,
30719,35888,Weapon,Knife,
30720,35889,Weapon,Firearm,
30721,35890,Weapon,Knife,
30722,35891,Weapon,Explosives,
30723,35892,Weapon,Blunt Object,
30724,35893,Weapon,Other,
30725,35894,Weapon,Blunt Object,
30726,35895,Weapon,Explosives,
30727,35897,Weapon,Other,
30728,35898,Weapon,Poison,
30729,35900,Weapon,Firearm,
30730,35903,Weapon,Poison,
30731,35904,Weapon,Poison,
30732,35905,Weapon,Knife,
30733,35906,Weapon,Other,
30734,35907,Weapon,Other,
30735,35909,Weapon,Poison,
30736,35910,Weapon,Other,
30737,35911,Weapon,Other,
30738,35912,Weapon,Knife,
30739,35913,Weapon,Firearm,
30740,35914,Weapon,Blunt Object,
30741,35915,Weapon,Explosives,
30742,35916,Weapon,Firearm,
30743,35917,Weapon,Knife,
30744,35918,Weapon,Poison,
30745,35919,Weapon,Knife,
30746,35920,Weapon,Blunt Object,
30747,35921,Weapon,Blunt Object,
30748,35922,Weapon,Firearm,
30749,35923,Weapon,Knife,
30750,35924,Weapon,Explosives,
30751,35925,Weapon,Blunt Object,
30752,35926,Weapon,Knife,
30753,35927,Weapon,Explosives,
30754,35928,Weapon,Explosives,
30755,35929,Weapon,Firearm,
30756,35931,Weapon,Knife,
30757,35932,Weapon,Poison,
30758,35933,Weapon,Other,
30759,35934,Weapon,Poison,
30760,35935,Weapon,Knife,
30761,35937,Weapon,Knife,
30762,35938,Weapon,Other,
30763,35939,Weapon,Firearm,
30764,35940,Weapon,Explosives,
30765,35941,Weapon,Blunt Object,
30766,35942,Weapon,Knife,
30767,35943,Weapon,Knife,
30768,35944,Weapon,Knife,
30769,35945,Weapon,Explosives,
30770,35946,Weapon,Knife,
30771,35947,Weapon,Explosives,
30772,35948,Weapon,Other,
30773,35950,Weapon,Firearm,
30774,35951,Weapon,Other,
30775,35952,Weapon,Other,
30776,35953,Weapon,Knife,
30777,35954,Weapon,Explosives,
30778,35956,Weapon,Other,
30779,35957,Weapon,Explosives,
30780,35958,Weapon,Blunt Object,
30781,35959,Weapon,Firearm,
30782,35960,Weapon,Knife,
30783,35961,Weapon,Explosives,
30784,35963,Weapon,Knife,
30785,35964,Weapon,Other,
30786,35965,Weapon,Poison,
30787,35966,Weapon,Knife,
30788,35967,Weapon,Knife,
30789,35968,Weapon,Blunt Object,
30790,35969,Weapon,Explosives,
30791,35970,Weapon,Explosives,
30792,35971,Weapon,Other,
30793,35972,Weapon,Firearm,
30794,35973,Weapon,Blunt Object,
30795,35975,Weapon,Poison,
30796,35976,Weapon,Blunt Object,
30797,35977,Weapon,Explosives,
30798,35978,Weapon,Blunt Object,
30799,35979,Weapon,Explosives,
30800,35980,Weapon,Other,
30801,35981,Weapon,Poison,
30802,35982,Weapon,Knife,
30803,35983,Weapon,Other,
30804,35985,Weapon,Explosives,
30805,35986,Weapon,Explosives,
30806,35987,Weapon,Knife,
30807,35988,Weapon,Firearm,
30808,35989,Weapon,Poison,
30809,35990,Weapon,Firearm,
30810,35991,Weapon,Firearm,
30811,35992,Weapon,Other,
30812,35993,Weapon,Blunt Object,
30813,35996,Weapon,Firearm,
30814,35997,Weapon,Firearm,
30815,35998,Weapon,Blunt Object,
30816,35999,Weapon,Explosives,
30817,36001,Weapon,Knife,
30818,36002,Weapon,Knife,
30819,36003,Weapon,Other,
30820,36004,Weapon,Blunt Object,
30821,36005,Weapon,Firearm,
30822,36006,Weapon,Other,
30823,36007,Weapon,Explosives,
30824,36008,Weapon,Knife,
30825,36009,Weapon,Other,
30826,36010,Weapon,Other,
30827,36011,Weapon,Poison,
30828,36012,Weapon,Other,
30829,36013,Weapon,Blunt Object,
30830,36014,Weapon,Blunt Object,
30831,36015,Weapon,Other,
30832,36016,Weapon,Explosives,
30833,36017,Weapon,Firearm,
30834,36019,Weapon,Knife,
30835,36021,Weapon,Explosives,
30836,36022,Weapon,Blunt Object,
30837,36023,Weapon,Firearm,
30838,36024,Weapon,Explosives,
30839,36025,Weapon,Knife,
30840,36026,Weapon,Explosives,
30841,36027,Weapon,Firearm,
30842,36028,Weapon,Blunt Object,
30843,36029,Weapon,Blunt Object,
30844,36030,Weapon,Explosives,
30845,36031,Weapon,Firearm,
30846,36032,Weapon,Explosives,
30847,36033,Weapon,Explosives,
30848,36034,Weapon,Poison,
30849,36035,Weapon,Explosives,
30850,36036,Weapon,Explosives,
30851,36037,Weapon,Explosives,
30852,36038,Weapon,Firearm,
30853,36039,Weapon,Explosives,
30854,36040,Weapon,Explosives,
30855,36042,Weapon,Firearm,
30856,36043,Weapon,Firearm,
30857,36045,Weapon,Firearm,
30858,36046,Weapon,Poison,
30859,36047,Weapon,Knife,
30860,36048,Weapon,Other,
30861,36049,Weapon,Blunt Object,
30862,36050,Weapon,Firearm,
30863,36052,Weapon,Explosives,
30864,36053,Weapon,Poison,
30865,36054,Weapon,Firearm,
30866,36055,Weapon,Poison,
30867,36056,Weapon,Firearm,
30868,36057,Weapon,Firearm,
30869,36060,Weapon,Poison,
30870,36061,Weapon,Explosives,
30871,36062,Weapon,Blunt Object,
30872,36063,Weapon,Other,
30873,36064,Weapon,Other,
30874,36065,Weapon,Explosives,
30875,36067,Weapon,Other,
30876,36068,Weapon,Knife,
30877,36069,Weapon,Knife,
30878,36070,Weapon,Knife,
30879,36071,Weapon,Poison,
30880,36072,Weapon,Firearm,
30881,36073,Weapon,Other,
30882,36074,Weapon,Poison,
30883,36075,Weapon,Knife,
30884,36076,Weapon,Poison,
30885,36077,Weapon,Poison,
30886,36078,Weapon,Knife,
30887,36079,Weapon,Knife,
30888,36080,Weapon,Poison,
30889,36083,Weapon,Firearm,
30890,36084,Weapon,Poison,
30891,36085,Weapon,Knife,
30892,36086,Weapon,Explosives,
30893,36087,Weapon,Other,
30894,36088,Weapon,Poison,
30895,36089,Weapon,Poison,
30896,36090,Weapon,Other,
30897,36092,Weapon,Poison,
30898,36093,Weapon,Poison,
30899,36094,Weapon,Other,
30900,36095,Weapon,Knife,
30901,36097,Weapon,Knife,
30902,36098,Weapon,Firearm,
30903,36100,Weapon,Firearm,
30904,36101,Weapon,Firearm,
30905,36102,Weapon,Knife,
30906,36103,Weapon,Explosives,
30907,36104,Weapon,Poison,
30908,36105,Weapon,Firearm,
30909,36106,Weapon,Other,
30910,36107,Weapon,Firearm,
30911,36108,Weapon,Blunt Object,
30912,36109,Weapon,Other,
30913,36110,Weapon,Blunt Object,
30914,36111,Weapon,Firearm,
30915,36112,Weapon,Poison,
30916,36113,Weapon,Poison,
30917,36114,Weapon,Firearm,
30918,36115,Weapon,Other,
30919,36116,Weapon,Knife,
30920,36117,Weapon,Blunt Object,
30921,36118,Weapon,Blunt Object,
30922,36119,Weapon,Poison,
30923,36120,Weapon,Other,
30924,36121,Weapon,Firearm,
30925,36122,Weapon,Explosives,
30926,36124,Weapon,Poison,
30927,36126,Weapon,Other,
30928,36127,Weapon,Other,
30929,36128,Weapon,Knife,
30930,36129,Weapon,Firearm,
30931,36131,Weapon,Explosives,
30932,36132,Weapon,Poison,
30933,36133,Weapon,Blunt Object,
30934,36134,Weapon,Explosives,
30935,36136,Weapon,Firearm,
30936,36137,Weapon,Knife,
30937,36138,Weapon,Poison,
30938,36139,Weapon,Firearm,
30939,36140,Weapon,Firearm,
30940,36141,Weapon,Knife,
30941,36142,Weapon,Firearm,
30942,36143,Weapon,Blunt Object,
30943,36144,Weapon,Firearm,
30944,36145,Weapon,Poison,
30945,36146,Weapon,Blunt Object,
30946,36147,Weapon,Blunt Object,
30947,36148,Weapon,Other,
30948,36149,Weapon,Blunt Object,
30949,36151,Weapon,Other,
30950,36152,Weapon,Poison,
30951,36154,Weapon,Firearm,
30952,36155,Weapon,Blunt Object,
30953,36156,Weapon,Blunt Object,
30954,36157,Weapon,Explosives,
30955,36158,Weapon,Blunt Object,
30956,36159,Weapon,Other,
30957,36160,Weapon,Other,
30958,36161,Weapon,Blunt Object,
30959,36162,Weapon,Blunt Object,
30960,36163,Weapon,Explosives,
30961,36164,Weapon,Other,
30962,36165,Weapon,Poison,
30963,36166,Weapon,Poison,
30964,36167,Weapon,Explosives,
30965,36168,Weapon,Explosives,
30966,36169,Weapon,Firearm,
30967,36170,Weapon,Poison,
30968,36171,Weapon,Firearm,
30969,36172,Weapon,Other,
30970,36173,Weapon,Explosives,
30971,36174,Weapon,Explosives,
30972,36175,Weapon,Blunt Object,
30973,36176,Weapon,Firearm,
30974,36177,Weapon,Other,
30975,36178,Weapon,Knife,
30976,36180,Weapon,Knife,
30977,36181,Weapon,Poison,
30978,36182,Weapon,Knife,
30979,36183,Weapon,Knife,
30980,36184,Weapon,Explosives,
30981,36185,Weapon,Firearm,
30982,36186,Weapon,Explosives,
30983,36187,Weapon,Blunt Object,
30984,36189,Weapon,Firearm,
30985,36190,Weapon,Other,
30986,36193,Weapon,Poison,
30987,36194,Weapon,Explosives,
30988,36195,Weapon,Other,
30989,36196,Weapon,Blunt Object,
30990,36197,Weapon,Blunt Object,
30991,36198,Weapon,Other,
30992,36199,Weapon,Other,
30993,36200,Weapon,Firearm,
30994,36201,Weapon,Poison,
30995,36202,Weapon,Poison,
30996,36203,Weapon,Blunt Object,
30997,36204,Weapon,Explosives,
30998,36205,Weapon,Firearm,
30999,36206,Weapon,Blunt Object,
31000,36208,Weapon,Explosives,
31001,36209,Weapon,Firearm,
31002,36211,Weapon,Explosives,
31003,36213,Weapon,Blunt Object,
31004,36214,Weapon,Firearm,
31005,36215,Weapon,Knife,
31006,36216,Weapon,Explosives,
31007,36217,Weapon,Other,
31008,36218,Weapon,Poison,
31009,36219,Weapon,Explosives,
31010,36220,Weapon,Blunt Object,
31011,36221,Weapon,Knife,
31012,36222,Weapon,Explosives,
31013,36223,Weapon,Explosives,
31014,36224,Weapon,Poison,
31015,36225,Weapon,Other,
31016,36226,Weapon,Other,
31017,36227,Weapon,Other,
31018,36228,Weapon,Blunt Object,
31019,36229,Weapon,Firearm,
31020,36231,Weapon,Poison,
31021,36232,Weapon,Poison,
31022,36233,Weapon,Other,
31023,36234,Weapon,Other,
31024,36235,Weapon,Poison,
31025,36236,Weapon,Firearm,
31026,36238,Weapon,Poison,
31027,36239,Weapon,Firearm,
31028,36240,Weapon,Poison,
31029,36243,Weapon,Blunt Object,
31030,36245,Weapon,Blunt Object,
31031,36246,Weapon,Firearm,
31032,36248,Weapon,Knife,
31033,36249,Weapon,Blunt Object,
31034,36250,Weapon,Poison,
31035,36251,Weapon,Explosives,
31036,36252,Weapon,Knife,
31037,36253,Weapon,Explosives,
31038,36254,Weapon,Poison,
31039,36255,Weapon,Explosives,
31040,36256,Weapon,Other,
31041,36258,Weapon,Poison,
31042,36259,Weapon,Explosives,
31043,36260,Weapon,Poison,
31044,36261,Weapon,Explosives,
31045,36262,Weapon,Explosives,
31046,36263,Weapon,Explosives,
31047,36264,Weapon,Explosives,
31048,36266,Weapon,Blunt Object,
31049,36267,Weapon,Firearm,
31050,36268,Weapon,Other,
31051,36269,Weapon,Knife,
31052,36270,Weapon,Knife,
31053,36272,Weapon,Poison,
31054,36273,Weapon,Poison,
31055,36274,Weapon,Explosives,
31056,36275,Weapon,Knife,
31057,36276,Weapon,Explosives,
31058,36277,Weapon,Firearm,
31059,36279,Weapon,Explosives,
31060,36281,Weapon,Poison,
31061,36282,Weapon,Knife,
31062,36283,Weapon,Other,
31063,36284,Weapon,Poison,
31064,36285,Weapon,Poison,
31065,36286,Weapon,Explosives,
31066,36287,Weapon,Explosives,
31067,36288,Weapon,Knife,
31068,36290,Weapon,Firearm,
31069,36291,Weapon,Other,
31070,36292,Weapon,Blunt Object,
31071,36293,Weapon,Poison,
31072,36295,Weapon,Blunt Object,
31073,36297,Weapon,Explosives,
31074,36298,Weapon,Poison,
31075,36299,Weapon,Explosives,
31076,36300,Weapon,Explosives,
31077,36301,Weapon,Explosives,
31078,36302,Weapon,Explosives,
31079,36303,Weapon,Firearm,
31080,36304,Weapon,Poison,
31081,36305,Weapon,Knife,
31082,36306,Weapon,Firearm,
31083,36308,Weapon,Poison,
31084,36309,Weapon,Poison,
31085,36310,Weapon,Poison,
31086,36311,Weapon,Poison,
31087,36312,Weapon,Other,
31088,36313,Weapon,Blunt Object,
31089,36314,Weapon,Blunt Object,
31090,36315,Weapon,Firearm,
31091,36316,Weapon,Other,
31092,36319,Weapon,Firearm,
31093,36320,Weapon,Firearm,
31094,36321,Weapon,Firearm,
31095,36322,Weapon,Other,
31096,36323,Weapon,Explosives,
31097,36324,Weapon,Other,
31098,36325,Weapon,Explosives,
31099,36326,Weapon,Knife,
31100,36327,Weapon,Knife,
31101,36328,Weapon,Poison,
31102,36329,Weapon,Poison,
31103,36330,Weapon,Knife,
31104,36333,Weapon,Firearm,
31105,36334,Weapon,Blunt Object,
31106,36335,Weapon,Knife,
31107,36336,Weapon,Other,
31108,36337,Weapon,Knife,
31109,36338,Weapon,Blunt Object,
31110,36339,Weapon,Poison,
31111,36341,Weapon,Firearm,
31112,36342,Weapon,Blunt Object,
31113,36343,Weapon,Other,
31114,36344,Weapon,Firearm,
31115,36345,Weapon,Poison,
31116,36346,Weapon,Knife,
31117,36347,Weapon,Firearm,
31118,36348,Weapon,Poison,
31119,36349,Weapon,Poison,
31120,36350,Weapon,Knife,
31121,36351,Weapon,Other,
31122,36352,Weapon,Knife,
31123,36353,Weapon,Firearm,
31124,36354,Weapon,Explosives,
31125,36355,Weapon,Firearm,
31126,36356,Weapon,Other,
31127,36357,Weapon,Blunt Object,
31128,36358,Weapon,Poison,
31129,36359,Weapon,Blunt Object,
31130,36360,Weapon,Firearm,
31131,36361,Weapon,Firearm,
31132,36362,Weapon,Explosives,
31133,36363,Weapon,Other,
31134,36365,Weapon,Other,
31135,36366,Weapon,Other,
31136,36367,Weapon,Poison,
31137,36368,Weapon,Firearm,
31138,36369,Weapon,Firearm,
31139,36370,Weapon,Explosives,
31140,36371,Weapon,Other,
31141,36372,Weapon,Firearm,
31142,36373,Weapon,Blunt Object,
31143,36374,Weapon,Other,
31144,36375,Weapon,Knife,
31145,36377,Weapon,Other,
31146,36379,Weapon,Blunt Object,
31147,36380,Weapon,Blunt Object,
31148,36381,Weapon,Other,
31149,36382,Weapon,Firearm,
31150,36383,Weapon,Poison,
31151,36384,Weapon,Knife,
31152,36385,Weapon,Explosives,
31153,36386,Weapon,Explosives,
31154,36387,Weapon,Poison,
31155,36388,Weapon,Poison,
31156,36389,Weapon,Poison,
31157,36390,Weapon,Poison,
31158,36391,Weapon,Other,
31159,36392,Weapon,Knife,
31160,36394,Weapon,Knife,
31161,36395,Weapon,Explosives,
31162,36396,Weapon,Blunt Object,
31163,36397,Weapon,Explosives,
31164,36398,Weapon,Blunt Object,
31165,36399,Weapon,Knife,
31166,36400,Weapon,Knife,
31167,36401,Weapon,Other,
31168,36402,Weapon,Blunt Object,
31169,36403,Weapon,Blunt Object,
31170,36404,Weapon,Poison,
31171,36405,Weapon,Blunt Object,
31172,36406,Weapon,Blunt Object,
31173,36407,Weapon,Explosives,
31174,36408,Weapon,Firearm,
31175,36409,Weapon,Other,
31176,36411,Weapon,Knife,
31177,36412,Weapon,Other,
31178,36413,Weapon,Explosives,
31179,36414,Weapon,Other,
31180,36415,Weapon,Blunt Object,
31181,36416,Weapon,Firearm,
31182,36417,Weapon,Firearm,
31183,36418,Weapon,Other,
31184,36419,Weapon,Poison,
31185,36421,Weapon,Other,
31186,36422,Weapon,Firearm,
31187,36423,Weapon,Firearm,
31188,36424,Weapon,Firearm,
31189,36425,Weapon,Blunt Object,
31190,36426,Weapon,Knife,
31191,36427,Weapon,Blunt Object,
31192,36428,Weapon,Firearm,
31193,36429,Weapon,Knife,
31194,36430,Weapon,Blunt Object,
31195,36431,Weapon,Blunt Object,
31196,36432,Weapon,Knife,
31197,36433,Weapon,Blunt Object,
31198,36435,Weapon,Other,
31199,36437,Weapon,Blunt Object,
31200,36438,Weapon,Poison,
31201,36439,Weapon,Explosives,
31202,36440,Weapon,Blunt Object,
31203,36441,Weapon,Poison,
31204,36442,Weapon,Blunt Object,
31205,36443,Weapon,Blunt Object,
31206,36446,Weapon,Firearm,
31207,36447,Weapon,Knife,
31208,36448,Weapon,Blunt Object,
31209,36449,Weapon,Explosives,
31210,36450,Weapon,Poison,
31211,36451,Weapon,Explosives,
31212,36452,Weapon,Other,
31213,36453,Weapon,Poison,
31214,36454,Weapon,Knife,
31215,36455,Weapon,Poison,
31216,36456,Weapon,Knife,
31217,36457,Weapon,Other,
31218,36458,Weapon,Firearm,
31219,36459,Weapon,Explosives,
31220,36460,Weapon,Knife,
31221,36461,Weapon,Blunt Object,
31222,36464,Weapon,Knife,
31223,36465,Weapon,Explosives,
31224,36466,Weapon,Firearm,
31225,36467,Weapon,Blunt Object,
31226,36468,Weapon,Other,
31227,36470,Weapon,Explosives,
31228,36471,Weapon,Blunt Object,
31229,36472,Weapon,Blunt Object,
31230,36473,Weapon,Blunt Object,
31231,36474,Weapon,Firearm,
31232,36475,Weapon,Blunt Object,
31233,36476,Weapon,Firearm,
31234,36477,Weapon,Firearm,
31235,36478,Weapon,Poison,
31236,36479,Weapon,Knife,
31237,36480,Weapon,Blunt Object,
31238,36481,Weapon,Firearm,
31239,36482,Weapon,Knife,
31240,36483,Weapon,Explosives,
31241,36484,Weapon,Other,
31242,36485,Weapon,Explosives,
31243,36486,Weapon,Firearm,
31244,36487,Weapon,Other,
31245,36488,Weapon,Other,
31246,36489,Weapon,Poison,
31247,36490,Weapon,Poison,
31248,36491,Weapon,Blunt Object,
31249,36492,Weapon,Knife,
31250,36493,Weapon,Explosives,
31251,36494,Weapon,Firearm,
31252,36495,Weapon,Knife,
31253,36496,Weapon,Knife,
31254,36497,Weapon,Blunt Object,
31255,36498,Weapon,Explosives,
31256,36499,Weapon,Firearm,
31257,36500,Weapon,Firearm,
31258,36501,Weapon,Explosives,
31259,36502,Weapon,Blunt Object,
31260,36503,Weapon,Poison,
31261,36504,Weapon,Explosives,
31262,36505,Weapon,Blunt Object,
31263,36506,Weapon,Explosives,
31264,36507,Weapon,Firearm,
31265,36508,Weapon,Poison,
31266,36509,Weapon,Other,
31267,36510,Weapon,Blunt Object,
31268,36511,Weapon,Knife,
31269,36512,Weapon,Blunt Object,
31270,36513,Weapon,Other,
31271,36514,Weapon,Other,
31272,36515,Weapon,Explosives,
31273,36516,Weapon,Explosives,
31274,36517,Weapon,Poison,
31275,36518,Weapon,Explosives,
31276,36519,Weapon,Firearm,
31277,36520,Weapon,Blunt Object,
31278,36521,Weapon,Poison,
31279,36522,Weapon,Explosives,
31280,36523,Weapon,Poison,
31281,36524,Weapon,Firearm,
31282,36525,Weapon,Explosives,
31283,36526,Weapon,Firearm,
31284,36529,Weapon,Explosives,
31285,36530,Weapon,Knife,
31286,36531,Weapon,Firearm,
31287,36532,Weapon,Blunt Object,
31288,36535,Weapon,Knife,
31289,36536,Weapon,Poison,
31290,36537,Weapon,Knife,
31291,36538,Weapon,Explosives,
31292,36539,Weapon,Other,
31293,36540,Weapon,Explosives,
31294,36541,Weapon,Explosives,
31295,36542,Weapon,Firearm,
31296,36544,Weapon,Other,
31297,36545,Weapon,Other,
31298,36546,Weapon,Poison,
31299,36547,Weapon,Explosives,
31300,36548,Weapon,Poison,
31301,36549,Weapon,Poison,
31302,36550,Weapon,Firearm,
31303,36551,Weapon,Explosives,
31304,36552,Weapon,Knife,
31305,36553,Weapon,Poison,
31306,36554,Weapon,Firearm,
31307,36555,Weapon,Knife,
31308,36556,Weapon,Other,
31309,36557,Weapon,Explosives,
31310,36558,Weapon,Blunt Object,
31311,36559,Weapon,Poison,
31312,36560,Weapon,Blunt Object,
31313,36562,Weapon,Other,
31314,36563,Weapon,Blunt Object,
31315,36564,Weapon,Poison,
31316,36565,Weapon,Explosives,
31317,36566,Weapon,Explosives,
31318,36567,Weapon,Explosives,
31319,36568,Weapon,Other,
31320,36569,Weapon,Blunt Object,
31321,36570,Weapon,Explosives,
31322,36571,Weapon,Poison,
31323,36572,Weapon,Poison,
31324,36573,Weapon,Explosives,
31325,36574,Weapon,Blunt Object,
31326,36576,Weapon,Knife,
31327,36577,Weapon,Firearm,
31328,36578,Weapon,Explosives,
31329,36579,Weapon,Blunt Object,
31330,36580,Weapon,Blunt Object,
31331,36581,Weapon,Knife,
31332,36582,Weapon,Poison,
31333,36584,Weapon,Knife,
31334,36585,Weapon,Knife,
31335,36586,Weapon,Other,
31336,36587,Weapon,Other,
31337,36588,Weapon,Knife,
31338,36589,Weapon,Knife,
31339,36590,Weapon,Explosives,
31340,36591,Weapon,Explosives,
31341,36593,Weapon,Explosives,
31342,36594,Weapon,Other,
31343,36595,Weapon,Explosives,
31344,36597,Weapon,Firearm,
31345,36598,Weapon,Other,
31346,36599,Weapon,Other,
31347,36600,Weapon,Poison,
31348,36602,Weapon,Poison,
31349,36603,Weapon,Blunt Object,
31350,36604,Weapon,Blunt Object,
31351,36606,Weapon,Other,
31352,36607,Weapon,Explosives,
31353,36609,Weapon,Poison,
31354,36611,Weapon,Poison,
31355,36612,Weapon,Knife,
31356,36613,Weapon,Knife,
31357,36614,Weapon,Other,
31358,36615,Weapon,Blunt Object,
31359,36617,Weapon,Firearm,
31360,36618,Weapon,Poison,
31361,36619,Weapon,Knife,
31362,36620,Weapon,Explosives,
31363,36622,Weapon,Knife,
31364,36623,Weapon,Poison,
31365,36624,Weapon,Knife,
31366,36626,Weapon,Knife,
31367,36627,Weapon,Other,
31368,36628,Weapon,Explosives,
31369,36629,Weapon,Explosives,
31370,36630,Weapon,Poison,
31371,36631,Weapon,Blunt Object,
31372,36632,Weapon,Other,
31373,36633,Weapon,Knife,
31374,36634,Weapon,Poison,
31375,36635,Weapon,Explosives,
31376,36636,Weapon,Other,
31377,36637,Weapon,Explosives,
31378,36639,Weapon,Explosives,
31379,36640,Weapon,Other,
31380,36641,Weapon,Knife,
31381,36642,Weapon,Poison,
31382,36643,Weapon,Blunt Object,
31383,36644,Weapon,Explosives,
31384,36646,Weapon,Knife,
31385,36647,Weapon,Other,
31386,36648,Weapon,Blunt Object,
31387,36649,Weapon,Blunt Object,
31388,36650,Weapon,Poison,
31389,36651,Weapon,Firearm,
31390,36652,Weapon,Firearm,
31391,36653,Weapon,Explosives,
31392,36655,Weapon,Firearm,
31393,36656,Weapon,Blunt Object,
31394,36657,Weapon,Knife,
31395,36658,Weapon,Blunt Object,
31396,36659,Weapon,Poison,
31397,36661,Weapon,Knife,
31398,36662,Weapon,Other,
31399,36663,Weapon,Firearm,
31400,36665,Weapon,Poison,
31401,36667,Weapon,Explosives,
31402,36668,Weapon,Explosives,
31403,36670,Weapon,Explosives,
31404,36674,Weapon,Blunt Object,
31405,36675,Weapon,Knife,
31406,36677,Weapon,Blunt Object,
31407,36678,Weapon,Other,
31408,36679,Weapon,Poison,
31409,36680,Weapon,Blunt Object,
31410,36681,Weapon,Blunt Object,
31411,36682,Weapon,Poison,
31412,36683,Weapon,Firearm,
31413,36684,Weapon,Poison,
31414,36685,Weapon,Poison,
31415,36688,Weapon,Other,
31416,36689,Weapon,Knife,
31417,36690,Weapon,Other,
31418,36691,Weapon,Poison,
31419,36693,Weapon,Other,
31420,36695,Weapon,Poison,
31421,36697,Weapon,Knife,
31422,36699,Weapon,Firearm,
31423,36700,Weapon,Knife,
31424,36701,Weapon,Knife,
31425,36703,Weapon,Explosives,
31426,36704,Weapon,Blunt Object,
31427,36705,Weapon,Poison,
31428,36707,Weapon,Poison,
31429,36709,Weapon,Blunt Object,
31430,36710,Weapon,Poison,
31431,36711,Weapon,Blunt Object,
31432,36712,Weapon,Poison,
31433,36714,Weapon,Poison,
31434,36715,Weapon,Explosives,
31435,36716,Weapon,Knife,
31436,36717,Weapon,Poison,
31437,36718,Weapon,Blunt Object,
31438,36719,Weapon,Other,
31439,36720,Weapon,Poison,
31440,36721,Weapon,Poison,
31441,36722,Weapon,Knife,
31442,36723,Weapon,Poison,
31443,36724,Weapon,Poison,
31444,36725,Weapon,Other,
31445,36727,Weapon,Knife,
31446,36729,Weapon,Explosives,
31447,36731,Weapon,Firearm,
31448,36732,Weapon,Knife,
31449,36733,Weapon,Explosives,
31450,36734,Weapon,Blunt Object,
31451,36735,Weapon,Firearm,
31452,36736,Weapon,Firearm,
31453,36738,Weapon,Firearm,
31454,36739,Weapon,Explosives,
31455,36740,Weapon,Firearm,
31456,36742,Weapon,Blunt Object,
31457,36743,Weapon,Knife,
31458,36744,Weapon,Poison,
31459,36746,Weapon,Blunt Object,
31460,36747,Weapon,Explosives,
31461,36748,Weapon,Other,
31462,36749,Weapon,Knife,
31463,36750,Weapon,Blunt Object,
31464,36751,Weapon,Firearm,
31465,36753,Weapon,Blunt Object,
31466,36754,Weapon,Poison,
31467,36755,Weapon,Other,
31468,36756,Weapon,Poison,
31469,36757,Weapon,Firearm,
31470,36759,Weapon,Other,
31471,36760,Weapon,Firearm,
31472,36761,Weapon,Firearm,
31473,36762,Weapon,Blunt Object,
31474,36764,Weapon,Explosives,
31475,36767,Weapon,Blunt Object,
31476,36768,Weapon,Other,
31477,36770,Weapon,Firearm,
31478,36771,Weapon,Blunt Object,
31479,36772,Weapon,Explosives,
31480,36773,Weapon,Firearm,
31481,36774,Weapon,Blunt Object,
31482,36775,Weapon,Explosives,
31483,36776,Weapon,Knife,
31484,36777,Weapon,Poison,
31485,36778,Weapon,Explosives,
31486,36779,Weapon,Knife,
31487,36780,Weapon,Other,
31488,36781,Weapon,Knife,
31489,36783,Weapon,Firearm,
31490,36784,Weapon,Firearm,
31491,36785,Weapon,Explosives,
31492,36786,Weapon,Firearm,
31493,36787,Weapon,Blunt Object,
31494,36788,Weapon,Poison,
31495,36790,Weapon,Blunt Object,
31496,36791,Weapon,Other,
31497,36792,Weapon,Blunt Object,
31498,36794,Weapon,Firearm,
31499,36795,Weapon,Knife,
31500,36797,Weapon,Poison,
31501,36798,Weapon,Blunt Object,
31502,36799,Weapon,Poison,
31503,36801,Weapon,Firearm,
31504,36802,Weapon,Firearm,
31505,36803,Weapon,Firearm,
31506,36805,Weapon,Explosives,
31507,36806,Weapon,Blunt Object,
31508,36807,Weapon,Blunt Object,
31509,36809,Weapon,Explosives,
31510,36810,Weapon,Explosives,
31511,36811,Weapon,Firearm,
31512,36812,Weapon,Explosives,
31513,36813,Weapon,Poison,
31514,36815,Weapon,Knife,
31515,36816,Weapon,Firearm,
31516,36817,Weapon,Knife,
31517,36818,Weapon,Other,
31518,36819,Weapon,Blunt Object,
31519,36821,Weapon,Poison,
31520,36822,Weapon,Knife,
31521,36823,Weapon,Other,
31522,36824,Weapon,Blunt Object,
31523,36826,Weapon,Blunt Object,
31524,36827,Weapon,Knife,
31525,36828,Weapon,Other,
31526,36829,Weapon,Blunt Object,
31527,36830,Weapon,Poison,
31528,36831,Weapon,Other,
31529,36832,Weapon,Blunt Object,
31530,36833,Weapon,Blunt Object,
31531,36834,Weapon,Explosives,
31532,36835,Weapon,Explosives,
31533,36837,Weapon,Firearm,
31534,36838,Weapon,Poison,
31535,36839,Weapon,Blunt Object,
31536,36840,Weapon,Other,
31537,36841,Weapon,Knife,
31538,36842,Weapon,Blunt Object,
31539,36843,Weapon,Firearm,
31540,36844,Weapon,Other,
31541,36846,Weapon,Poison,
31542,36847,Weapon,Blunt Object,
31543,36848,Weapon,Explosives,
31544,36849,Weapon,Poison,
31545,36850,Weapon,Blunt Object,
31546,36852,Weapon,Knife,
31547,36853,Weapon,Firearm,
31548,36854,Weapon,Poison,
31549,36855,Weapon,Blunt Object,
31550,36856,Weapon,Poison,
31551,36857,Weapon,Knife,
31552,36860,Weapon,Firearm,
31553,36862,Weapon,Firearm,
31554,36863,Weapon,Poison,
31555,36864,Weapon,Knife,
31556,36866,Weapon,Poison,
31557,36867,Weapon,Poison,
31558,36868,Weapon,Blunt Object,
31559,36870,Weapon,Blunt Object,
31560,36871,Weapon,Poison,
31561,36872,Weapon,Firearm,
31562,36873,Weapon,Explosives,
31563,36874,Weapon,Knife,
31564,36875,Weapon,Knife,
31565,36876,Weapon,Knife,
31566,36877,Weapon,Explosives,
31567,36878,Weapon,Other,
31568,36879,Weapon,Other,
31569,36880,Weapon,Blunt Object,
31570,36882,Weapon,Poison,
31571,36884,Weapon,Poison,
31572,36885,Weapon,Explosives,
31573,36886,Weapon,Firearm,
31574,36887,Weapon,Explosives,
31575,36888,Weapon,Firearm,
31576,36890,Weapon,Explosives,
31577,36891,Weapon,Firearm,
31578,36892,Weapon,Explosives,
31579,36893,Weapon,Poison,
31580,36895,Weapon,Firearm,
31581,36896,Weapon,Firearm,
31582,36897,Weapon,Knife,
31583,36898,Weapon,Blunt Object,
31584,36899,Weapon,Explosives,
31585,36900,Weapon,Explosives,
31586,36901,Weapon,Knife,
31587,36902,Weapon,Poison,
31588,36903,Weapon,Knife,
31589,36904,Weapon,Poison,
31590,36905,Weapon,Blunt Object,
31591,36906,Weapon,Firearm,
31592,36907,Weapon,Knife,
31593,36908,Weapon,Knife,
31594,36909,Weapon,Firearm,
31595,36910,Weapon,Knife,
31596,36911,Weapon,Blunt Object,
31597,36912,Weapon,Other,
31598,36913,Weapon,Poison,
31599,36915,Weapon,Knife,
31600,36916,Weapon,Blunt Object,
31601,36918,Weapon,Poison,
31602,36919,Weapon,Blunt Object,
31603,36920,Weapon,Knife,
31604,36921,Weapon,Firearm,
31605,36922,Weapon,Knife,
31606,36923,Weapon,Explosives,
31607,36924,Weapon,Firearm,
31608,36926,Weapon,Blunt Object,
31609,36927,Weapon,Knife,
31610,36928,Weapon,Poison,
31611,36929,Weapon,Poison,
31612,36930,Weapon,Knife,
31613,36931,Weapon,Other,
31614,36932,Weapon,Knife,
31615,36934,Weapon,Knife,
31616,36935,Weapon,Poison,
31617,36936,Weapon,Explosives,
31618,36937,Weapon,Poison,
31619,36938,Weapon,Poison,
31620,36939,Weapon,Explosives,
31621,36940,Weapon,Explosives,
31622,36941,Weapon,Blunt Object,
31623,36942,Weapon,Poison,
31624,36943,Weapon,Other,
31625,36944,Weapon,Explosives,
31626,36945,Weapon,Explosives,
31627,36946,Weapon,Blunt Object,
31628,36947,Weapon,Other,
31629,36948,Weapon,Knife,
31630,36949,Weapon,Knife,
31631,36950,Weapon,Knife,
31632,36951,Weapon,Explosives,
31633,36952,Weapon,Other,
31634,36954,Weapon,Knife,
31635,36955,Weapon,Explosives,
31636,36956,Weapon,Knife,
31637,36957,Weapon,Poison,
31638,36958,Weapon,Poison,
31639,36959,Weapon,Other,
31640,36960,Weapon,Explosives,
31641,36961,Weapon,Other,
31642,36962,Weapon,Other,
31643,36964,Weapon,Blunt Object,
31644,36965,Weapon,Firearm,
31645,36966,Weapon,Blunt Object,
31646,36967,Weapon,Explosives,
31647,36968,Weapon,Blunt Object,
31648,36970,Weapon,Poison,
31649,36972,Weapon,Firearm,
31650,36973,Weapon,Knife,
31651,36974,Weapon,Firearm,
31652,36976,Weapon,Blunt Object,
31653,36977,Weapon,Firearm,
31654,36978,Weapon,Explosives,
31655,36979,Weapon,Other,
31656,36980,Weapon,Blunt Object,
31657,36981,Weapon,Blunt Object,
31658,36982,Weapon,Explosives,
31659,36983,Weapon,Knife,
31660,36985,Weapon,Explosives,
31661,36986,Weapon,Firearm,
31662,36990,Weapon,Firearm,
31663,36991,Weapon,Explosives,
31664,36992,Weapon,Firearm,
31665,36993,Weapon,Other,
31666,36994,Weapon,Other,
31667,36995,Weapon,Blunt Object,
31668,36996,Weapon,Knife,
31669,36997,Weapon,Other,
31670,36998,Weapon,Poison,
31671,36999,Weapon,Knife,
31672,37000,Weapon,Firearm,
31673,37001,Weapon,Explosives,
31674,37002,Weapon,Other,
31675,37003,Weapon,Other,
31676,37004,Weapon,Blunt Object,
31677,37005,Weapon,Poison,
31678,37006,Weapon,Knife,
31679,37007,Weapon,Knife,
31680,37008,Weapon,Explosives,
31681,37009,Weapon,Knife,
31682,37010,Weapon,Poison,
31683,37012,Weapon,Knife,
31684,37013,Weapon,Poison,
31685,37014,Weapon,Blunt Object,
31686,37015,Weapon,Firearm,
31687,37016,Weapon,Firearm,
31688,37017,Weapon,Blunt Object,
31689,37018,Weapon,Blunt Object,
31690,37020,Weapon,Poison,
31691,37023,Weapon,Poison,
31692,37024,Weapon,Poison,
31693,37025,Weapon,Blunt Object,
31694,37026,Weapon,Other,
31695,37028,Weapon,Firearm,
31696,37030,Weapon,Knife,
31697,37031,Weapon,Poison,
31698,37032,Weapon,Explosives,
31699,37033,Weapon,Firearm,
31700,37034,Weapon,Knife,
31701,37035,Weapon,Blunt Object,
31702,37038,Weapon,Blunt Object,
31703,37041,Weapon,Firearm,
31704,37042,Weapon,Blunt Object,
31705,37043,Weapon,Knife,
31706,37045,Weapon,Blunt Object,
31707,37046,Weapon,Explosives,
31708,37049,Weapon,Knife,
31709,37050,Weapon,Poison,
31710,37051,Weapon,Poison,
31711,37052,Weapon,Other,
31712,37053,Weapon,Firearm,
31713,37054,Weapon,Other,
31714,37055,Weapon,Blunt Object,
31715,37056,Weapon,Knife,
31716,37057,Weapon,Knife,
31717,37058,Weapon,Explosives,
31718,37059,Weapon,Other,
31719,37060,Weapon,Explosives,
31720,37061,Weapon,Blunt Object,
31721,37062,Weapon,Other,
31722,37063,Weapon,Other,
31723,37064,Weapon,Firearm,
31724,37065,Weapon,Poison,
31725,37066,Weapon,Explosives,
31726,37067,Weapon,Poison,
31727,37069,Weapon,Poison,
31728,37070,Weapon,Knife,
31729,37071,Weapon,Firearm,
31730,37072,Weapon,Firearm,
31731,37073,Weapon,Firearm,
31732,37074,Weapon,Knife,
31733,37075,Weapon,Knife,
31734,37076,Weapon,Poison,
31735,37077,Weapon,Poison,
31736,37078,Weapon,Explosives,
31737,37081,Weapon,Knife,
31738,37082,Weapon,Poison,
31739,37083,Weapon,Poison,
31740,37084,Weapon,Poison,
31741,37085,Weapon,Other,
31742,37086,Weapon,Blunt Object,
31743,37087,Weapon,Other,
31744,37088,Weapon,Blunt Object,
31745,37089,Weapon,Poison,
31746,37090,Weapon,Other,
31747,37091,Weapon,Knife,
31748,37092,Weapon,Explosives,
31749,37093,Weapon,Other,
31750,37095,Weapon,Explosives,
31751,37097,Weapon,Blunt Object,
31752,37098,Weapon,Firearm,
31753,37099,Weapon,Blunt Object,
31754,37100,Weapon,Knife,
31755,37101,Weapon,Poison,
31756,37102,Weapon,Other,
31757,37103,Weapon,Explosives,
31758,37104,Weapon,Explosives,
31759,37105,Weapon,Knife,
31760,37106,Weapon,Knife,
31761,37107,Weapon,Poison,
31762,37108,Weapon,Poison,
31763,37109,Weapon,Explosives,
31764,37110,Weapon,Firearm,
31765,37112,Weapon,Other,
31766,37113,Weapon,Explosives,
31767,37114,Weapon,Explosives,
31768,37115,Weapon,Poison,
31769,37116,Weapon,Other,
31770,37117,Weapon,Explosives,
31771,37118,Weapon,Blunt Object,
31772,37120,Weapon,Poison,
31773,37121,Weapon,Firearm,
31774,37122,Weapon,Other,
31775,37123,Weapon,Other,
31776,37124,Weapon,Knife,
31777,37125,Weapon,Knife,
31778,37126,Weapon,Knife,
31779,37127,Weapon,Explosives,
31780,37128,Weapon,Poison,
31781,37129,Weapon,Firearm,
31782,37130,Weapon,Explosives,
31783,37131,Weapon,Poison,
31784,37132,Weapon,Poison,
31785,37133,Weapon,Explosives,
31786,37134,Weapon,Explosives,
31787,37135,Weapon,Firearm,
31788,37136,Weapon,Other,
31789,37137,Weapon,Explosives,
31790,37138,Weapon,Poison,
31791,37139,Weapon,Other,
31792,37140,Weapon,Other,
31793,37141,Weapon,Blunt Object,
31794,37142,Weapon,Poison,
31795,37143,Weapon,Other,
31796,37146,Weapon,Knife,
31797,37147,Weapon,Knife,
31798,37148,Weapon,Firearm,
31799,37149,Weapon,Knife,
31800,37150,Weapon,Other,
31801,37151,Weapon,Explosives,
31802,37152,Weapon,Knife,
31803,37153,Weapon,Explosives,
31804,37154,Weapon,Blunt Object,
31805,37155,Weapon,Knife,
31806,37156,Weapon,Other,
31807,37158,Weapon,Firearm,
31808,37159,Weapon,Poison,
31809,37160,Weapon,Knife,
31810,37161,Weapon,Poison,
31811,37162,Weapon,Poison,
31812,37163,Weapon,Poison,
31813,37164,Weapon,Poison,
31814,37165,Weapon,Knife,
31815,37166,Weapon,Blunt Object,
31816,37167,Weapon,Knife,
31817,37168,Weapon,Explosives,
31818,37169,Weapon,Explosives,
31819,37170,Weapon,Blunt Object,
31820,37171,Weapon,Firearm,
31821,37172,Weapon,Poison,
31822,37173,Weapon,Blunt Object,
31823,37174,Weapon,Knife,
31824,37175,Weapon,Other,
31825,37176,Weapon,Blunt Object,
31826,37178,Weapon,Explosives,
31827,37179,Weapon,Knife,
31828,37180,Weapon,Other,
31829,37182,Weapon,Blunt Object,
31830,37183,Weapon,Knife,
31831,37184,Weapon,Other,
31832,37185,Weapon,Knife,
31833,37186,Weapon,Blunt Object,
31834,37187,Weapon,Firearm,
31835,37190,Weapon,Poison,
31836,37191,Weapon,Explosives,
31837,37192,Weapon,Poison,
31838,37194,Weapon,Knife,
31839,37195,Weapon,Knife,
31840,37196,Weapon,Other,
31841,37197,Weapon,Firearm,
31842,37198,Weapon,Knife,
31843,37199,Weapon,Firearm,
31844,37200,Weapon,Poison,
31845,37201,Weapon,Other,
31846,37202,Weapon,Other,
31847,37204,Weapon,Blunt Object,
31848,37205,Weapon,Knife,
31849,37206,Weapon,Blunt Object,
31850,37207,Weapon,Blunt Object,
31851,37209,Weapon,Poison,
31852,37210,Weapon,Knife,
31853,37211,Weapon,Firearm,
31854,37212,Weapon,Explosives,
31855,37213,Weapon,Firearm,
31856,37214,Weapon,Blunt Object,
31857,37216,Weapon,Knife,
31858,37217,Weapon,Firearm,
31859,37218,Weapon,Knife,
31860,37219,Weapon,Blunt Object,
31861,37220,Weapon,Knife,
31862,37221,Weapon,Poison,
31863,37223,Weapon,Knife,
31864,37224,Weapon,Blunt Object,
31865,37225,Weapon,Firearm,
31866,37226,Weapon,Explosives,
31867,37227,Weapon,Other,
31868,37228,Weapon,Poison,
31869,37229,Weapon,Firearm,
31870,37230,Weapon,Explosives,
31871,37231,Weapon,Blunt Object,
31872,37232,Weapon,Other,
31873,37233,Weapon,Knife,
31874,37234,Weapon,Blunt Object,
31875,37235,Weapon,Explosives,
31876,37236,Weapon,Explosives,
31877,37237,Weapon,Knife,
31878,37238,Weapon,Firearm,
31879,37239,Weapon,Firearm,
31880,37242,Weapon,Blunt Object,
31881,37243,Weapon,Blunt Object,
31882,37245,Weapon,Other,
31883,37246,Weapon,Firearm,
31884,37247,Weapon,Knife,
31885,37249,Weapon,Explosives,
31886,37250,Weapon,Firearm,
31887,37251,Weapon,Other,
31888,37252,Weapon,Other,
31889,37253,Weapon,Explosives,
31890,37254,Weapon,Other,
31891,37256,Weapon,Knife,
31892,37257,Weapon,Other,
31893,37260,Weapon,Other,
31894,37262,Weapon,Knife,
31895,37263,Weapon,Blunt Object,
31896,37264,Weapon,Blunt Object,
31897,37265,Weapon,Poison,
31898,37266,Weapon,Other,
31899,37268,Weapon,Explosives,
31900,37269,Weapon,Firearm,
31901,37270,Weapon,Poison,
31902,37271,Weapon,Blunt Object,
31903,37272,Weapon,Blunt Object,
31904,37273,Weapon,Knife,
31905,37274,Weapon,Explosives,
31906,37276,Weapon,Poison,
31907,37277,Weapon,Blunt Object,
31908,37278,Weapon,Other,
31909,37280,Weapon,Explosives,
31910,37281,Weapon,Poison,
31911,37282,Weapon,Knife,
31912,37283,Weapon,Knife,
31913,37284,Weapon,Firearm,
31914,37285,Weapon,Firearm,
31915,37286,Weapon,Knife,
31916,37287,Weapon,Poison,
31917,37288,Weapon,Explosives,
31918,37289,Weapon,Blunt Object,
31919,37290,Weapon,Blunt Object,
31920,37291,Weapon,Explosives,
31921,37292,Weapon,Explosives,
31922,37293,Weapon,Firearm,
31923,37294,Weapon,Blunt Object,
31924,37295,Weapon,Other,
31925,37296,Weapon,Explosives,
31926,37297,Weapon,Knife,
31927,37298,Weapon,Firearm,
31928,37299,Weapon,Other,
31929,37300,Weapon,Poison,
31930,37301,Weapon,Explosives,
31931,37302,Weapon,Blunt Object,
31932,37303,Weapon,Knife,
31933,37304,Weapon,Poison,
31934,37305,Weapon,Knife,
31935,37306,Weapon,Knife,
31936,37308,Weapon,Blunt Object,
31937,37309,Weapon,Firearm,
31938,37310,Weapon,Poison,
31939,37311,Weapon,Blunt Object,
31940,37312,Weapon,Blunt Object,
31941,37313,Weapon,Blunt Object,
31942,37314,Weapon,Poison,
31943,37316,Weapon,Other,
31944,37317,Weapon,Firearm,
31945,37318,Weapon,Explosives,
31946,37319,Weapon,Other,
31947,37320,Weapon,Poison,
31948,37321,Weapon,Other,
31949,37322,Weapon,Firearm,
31950,37323,Weapon,Blunt Object,
31951,37324,Weapon,Blunt Object,
31952,37325,Weapon,Knife,
31953,37326,Weapon,Blunt Object,
31954,37327,Weapon,Other,
31955,37328,Weapon,Blunt Object,
31956,37329,Weapon,Poison,
31957,37331,Weapon,Explosives,
31958,37333,Weapon,Poison,
31959,37334,Weapon,Explosives,
31960,37335,Weapon,Blunt Object,
31961,37337,Weapon,Explosives,
31962,37338,Weapon,Firearm,
31963,37339,Weapon,Other,
31964,37340,Weapon,Poison,
31965,37341,Weapon,Poison,
31966,37342,Weapon,Poison,
31967,37343,Weapon,Firearm,
31968,37344,Weapon,Blunt Object,
31969,37345,Weapon,Blunt Object,
31970,37346,Weapon,Poison,
31971,37347,Weapon,Poison,
31972,37348,Weapon,Blunt Object,
31973,37349,Weapon,Poison,
31974,37350,Weapon,Explosives,
31975,37351,Weapon,Explosives,
31976,37352,Weapon,Knife,
31977,37353,Weapon,Poison,
31978,37356,Weapon,Knife,
31979,37357,Weapon,Other,
31980,37358,Weapon,Explosives,
31981,37359,Weapon,Firearm,
31982,37361,Weapon,Blunt Object,
31983,37362,Weapon,Poison,
31984,37363,Weapon,Explosives,
31985,37364,Weapon,Explosives,
31986,37365,Weapon,Knife,
31987,37366,Weapon,Firearm,
31988,37367,Weapon,Poison,
31989,37368,Weapon,Firearm,
31990,37369,Weapon,Firearm,
31991,37370,Weapon,Other,
31992,37371,Weapon,Other,
31993,37373,Weapon,Firearm,
31994,37374,Weapon,Firearm,
31995,37376,Weapon,Knife,
31996,37377,Weapon,Other,
31997,37378,Weapon,Blunt Object,
31998,37379,Weapon,Explosives,
31999,37380,Weapon,Firearm,
32000,37381,Weapon,Firearm,
32001,37382,Weapon,Poison,
32002,37384,Weapon,Explosives,
32003,37385,Weapon,Other,
32004,37386,Weapon,Firearm,
32005,37387,Weapon,Poison,
32006,37388,Weapon,Blunt Object,
32007,37389,Weapon,Explosives,
32008,37390,Weapon,Other,
32009,37391,Weapon,Knife,
32010,37392,Weapon,Blunt Object,
32011,37393,Weapon,Explosives,
32012,37394,Weapon,Explosives,
32013,37395,Weapon,Firearm,
32014,37396,Weapon,Poison,
32015,37397,Weapon,Blunt Object,
32016,37398,Weapon,Firearm,
32017,37399,Weapon,Blunt Object,
32018,37400,Weapon,Poison,
32019,37401,Weapon,Firearm,
32020,37402,Weapon,Poison,
32021,37403,Weapon,Other,
32022,37404,Weapon,Explosives,
32023,37405,Weapon,Firearm,
32024,37406,Weapon,Firearm,
32025,37407,Weapon,Knife,
32026,37408,Weapon,Blunt Object,
32027,37409,Weapon,Explosives,
32028,37410,Weapon,Other,
32029,37413,Weapon,Firearm,
32030,37414,Weapon,Knife,
32031,37415,Weapon,Poison,
32032,37416,Weapon,Other,
32033,37417,Weapon,Explosives,
32034,37418,Weapon,Explosives,
32035,37419,Weapon,Knife,
32036,37420,Weapon,Knife,
32037,37421,Weapon,Firearm,
32038,37422,Weapon,Poison,
32039,37423,Weapon,Knife,
32040,37424,Weapon,Knife,
32041,37425,Weapon,Firearm,
32042,37426,Weapon,Blunt Object,
32043,37427,Weapon,Poison,
32044,37428,Weapon,Firearm,
32045,37429,Weapon,Explosives,
32046,37430,Weapon,Blunt Object,
32047,37431,Weapon,Poison,
32048,37433,Weapon,Other,
32049,37434,Weapon,Explosives,
32050,37435,Weapon,Knife,
32051,37436,Weapon,Knife,
32052,37439,Weapon,Other,
32053,37440,Weapon,Poison,
32054,37441,Weapon,Knife,
32055,37443,Weapon,Explosives,
32056,37444,Weapon,Explosives,
32057,37446,Weapon,Knife,
32058,37447,Weapon,Poison,
32059,37448,Weapon,Other,
32060,37449,Weapon,Blunt Object,
32061,37450,Weapon,Explosives,
32062,37451,Weapon,Other,
32063,37452,Weapon,Knife,
32064,37453,Weapon,Knife,
32065,37455,Weapon,Blunt Object,
32066,37456,Weapon,Explosives,
32067,37457,Weapon,Blunt Object,
32068,37458,Weapon,Explosives,
32069,37459,Weapon,Explosives,
32070,37460,Weapon,Blunt Object,
32071,37462,Weapon,Explosives,
32072,37463,Weapon,Knife,
32073,37464,Weapon,Knife,
32074,37465,Weapon,Knife,
32075,37467,Weapon,Explosives,
32076,37468,Weapon,Other,
32077,37470,Weapon,Blunt Object,
32078,37471,Weapon,Knife,
32079,37472,Weapon,Blunt Object,
32080,37473,Weapon,Explosives,
32081,37474,Weapon,Poison,
32082,37475,Weapon,Explosives,
32083,37477,Weapon,Poison,
32084,37479,Weapon,Other,
32085,37480,Weapon,Poison,
32086,37481,Weapon,Firearm,
32087,37483,Weapon,Knife,
32088,37484,Weapon,Explosives,
32089,37485,Weapon,Explosives,
32090,37486,Weapon,Explosives,
32091,37487,Weapon,Other,
32092,37488,Weapon,Blunt Object,
32093,37489,Weapon,Poison,
32094,37490,Weapon,Other,
32095,37491,Weapon,Blunt Object,
32096,37492,Weapon,Knife,
32097,37493,Weapon,Firearm,
32098,37494,Weapon,Knife,
32099,37495,Weapon,Poison,
32100,37496,Weapon,Knife,
32101,37497,Weapon,Firearm,
32102,37499,Weapon,Blunt Object,
32103,37500,Weapon,Knife,
32104,37501,Weapon,Blunt Object,
32105,37503,Weapon,Other,
32106,37504,Weapon,Poison,
32107,37505,Weapon,Explosives,
32108,37506,Weapon,Blunt Object,
32109,37507,Weapon,Firearm,
32110,37508,Weapon,Other,
32111,37510,Weapon,Poison,
32112,37511,Weapon,Firearm,
32113,37512,Weapon,Other,
32114,37513,Weapon,Explosives,
32115,37514,Weapon,Firearm,
32116,37515,Weapon,Other,
32117,37516,Weapon,Blunt Object,
32118,37517,Weapon,Poison,
32119,37518,Weapon,Other,
32120,37519,Weapon,Blunt Object,
32121,37520,Weapon,Poison,
32122,37523,Weapon,Other,
32123,37524,Weapon,Knife,
32124,37525,Weapon,Blunt Object,
32125,37526,Weapon,Blunt Object,
32126,37527,Weapon,Blunt Object,
32127,37528,Weapon,Firearm,
32128,37529,Weapon,Blunt Object,
32129,37532,Weapon,Other,
32130,37533,Weapon,Firearm,
32131,37534,Weapon,Knife,
32132,37535,Weapon,Poison,
32133,37537,Weapon,Knife,
32134,37538,Weapon,Explosives,
32135,37539,Weapon,Other,
32136,37540,Weapon,Poison,
32137,37542,Weapon,Poison,
32138,37543,Weapon,Other,
32139,37544,Weapon,Knife,
32140,37545,Weapon,Blunt Object,
32141,37546,Weapon,Firearm,
32142,37547,Weapon,Firearm,
32143,37548,Weapon,Poison,
32144,37549,Weapon,Explosives,
32145,37550,Weapon,Blunt Object,
32146,37551,Weapon,Knife,
32147,37552,Weapon,Other,
32148,37553,Weapon,Blunt Object,
32149,37554,Weapon,Firearm,
32150,37555,Weapon,Knife,
32151,37556,Weapon,Other,
32152,37557,Weapon,Blunt Object,
32153,37559,Weapon,Knife,
32154,37560,Weapon,Knife,
32155,37561,Weapon,Explosives,
32156,37562,Weapon,Knife,
32157,37563,Weapon,Blunt Object,
32158,37565,Weapon,Other,
32159,37566,Weapon,Poison,
32160,37567,Weapon,Blunt Object,
32161,37569,Weapon,Knife,
32162,37570,Weapon,Firearm,
32163,37571,Weapon,Firearm,
32164,37573,Weapon,Other,
32165,37574,Weapon,Knife,
32166,37575,Weapon,Knife,
32167,37576,Weapon,Poison,
32168,37577,Weapon,Firearm,
32169,37578,Weapon,Firearm,
32170,37579,Weapon,Other,
32171,37580,Weapon,Poison,
32172,37581,Weapon,Poison,
32173,37583,Weapon,Firearm,
32174,37584,Weapon,Blunt Object,
32175,37585,Weapon,Other,
32176,37586,Weapon,Poison,
32177,37587,Weapon,Other,
32178,37588,Weapon,Blunt Object,
32179,37589,Weapon,Knife,
32180,37590,Weapon,Poison,
32181,37591,Weapon,Other,
32182,37593,Weapon,Firearm,
32183,37594,Weapon,Other,
32184,37595,Weapon,Firearm,
32185,37596,Weapon,Knife,
32186,37597,Weapon,Other,
32187,37598,Weapon,Blunt Object,
32188,37599,Weapon,Firearm,
32189,37602,Weapon,Other,
32190,37603,Weapon,Poison,
32191,37604,Weapon,Explosives,
32192,37606,Weapon,Poison,
32193,37608,Weapon,Knife,
32194,37609,Weapon,Poison,
32195,37610,Weapon,Firearm,
32196,37611,Weapon,Firearm,
32197,37612,Weapon,Explosives,
32198,37613,Weapon,Firearm,
32199,37614,Weapon,Other,
32200,37615,Weapon,Other,
32201,37616,Weapon,Explosives,
32202,37617,Weapon,Explosives,
32203,37618,Weapon,Firearm,
32204,37620,Weapon,Firearm,
32205,37622,Weapon,Knife,
32206,37623,Weapon,Other,
32207,37625,Weapon,Explosives,
32208,37626,Weapon,Explosives,
32209,37627,Weapon,Knife,
32210,37628,Weapon,Explosives,
32211,37629,Weapon,Knife,
32212,37630,Weapon,Knife,
32213,37631,Weapon,Blunt Object,
32214,37632,Weapon,Knife,
32215,37633,Weapon,Knife,
32216,37635,Weapon,Blunt Object,
32217,37636,Weapon,Poison,
32218,37637,Weapon,Poison,
32219,37638,Weapon,Poison,
32220,37639,Weapon,Knife,
32221,37640,Weapon,Knife,
32222,37642,Weapon,Firearm,
32223,37643,Weapon,Blunt Object,
32224,37644,Weapon,Poison,
32225,37645,Weapon,Other,
32226,37647,Weapon,Blunt Object,
32227,37649,Weapon,Blunt Object,
32228,37650,Weapon,Blunt Object,
32229,37651,Weapon,Other,
32230,37652,Weapon,Other,
32231,37653,Weapon,Firearm,
32232,37654,Weapon,Blunt Object,
32233,37656,Weapon,Poison,
32234,37658,Weapon,Firearm,
32235,37659,Weapon,Firearm,
32236,37660,Weapon,Blunt Object,
32237,37662,Weapon,Other,
32238,37663,Weapon,Firearm,
32239,37665,Weapon,Poison,
32240,37667,Weapon,Explosives,
32241,37668,Weapon,Explosives,
32242,37669,Weapon,Blunt Object,
32243,37670,Weapon,Explosives,
32244,37671,Weapon,Firearm,
32245,37672,Weapon,Explosives,
32246,37673,Weapon,Poison,
32247,37674,Weapon,Firearm,
32248,37675,Weapon,Explosives,
32249,37676,Weapon,Explosives,
32250,37677,Weapon,Other,
32251,37678,Weapon,Poison,
32252,37679,Weapon,Knife,
32253,37680,Weapon,Knife,
32254,37681,Weapon,Blunt Object,
32255,37682,Weapon,Poison,
32256,37683,Weapon,Knife,
32257,37684,Weapon,Poison,
32258,37685,Weapon,Knife,
32259,37687,Weapon,Knife,
32260,37688,Weapon,Knife,
32261,37689,Weapon,Explosives,
32262,37690,Weapon,Other,
32263,37691,Weapon,Poison,
32264,37692,Weapon,Explosives,
32265,37693,Weapon,Blunt Object,
32266,37695,Weapon,Blunt Object,
32267,37696,Weapon,Knife,
32268,37697,Weapon,Firearm,
32269,37698,Weapon,Poison,
32270,37699,Weapon,Poison,
32271,37700,Weapon,Poison,
32272,37701,Weapon,Explosives,
32273,37702,Weapon,Blunt Object,
32274,37703,Weapon,Other,
32275,37704,Weapon,Firearm,
32276,37705,Weapon,Other,
32277,37706,Weapon,Other,
32278,37708,Weapon,Knife,
32279,37709,Weapon,Poison,
32280,37710,Weapon,Blunt Object,
32281,37711,Weapon,Firearm,
32282,37712,Weapon,Blunt Object,
32283,37713,Weapon,Other,
32284,37714,Weapon,Knife,
32285,37715,Weapon,Other,
32286,37716,Weapon,Explosives,
32287,37717,Weapon,Other,
32288,37718,Weapon,Knife,
32289,37720,Weapon,Other,
32290,37721,Weapon,Firearm,
32291,37722,Weapon,Explosives,
32292,37723,Weapon,Other,
32293,37724,Weapon,Knife,
32294,37725,Weapon,Knife,
32295,37726,Weapon,Blunt Object,
32296,37727,Weapon,Other,
32297,37728,Weapon,Firearm,
32298,37729,Weapon,Firearm,
32299,37730,Weapon,Knife,
32300,37731,Weapon,Other,
32301,37732,Weapon,Knife,
32302,37733,Weapon,Blunt Object,
32303,37734,Weapon,Knife,
32304,37736,Weapon,Poison,
32305,37737,Weapon,Explosives,
32306,37738,Weapon,Blunt Object,
32307,37739,Weapon,Firearm,
32308,37741,Weapon,Knife,
32309,37743,Weapon,Poison,
32310,37744,Weapon,Poison,
32311,37745,Weapon,Other,
32312,37746,Weapon,Knife,
32313,37747,Weapon,Firearm,
32314,37748,Weapon,Poison,
32315,37749,Weapon,Knife,
32316,37750,Weapon,Explosives,
32317,37752,Weapon,Firearm,
32318,37754,Weapon,Poison,
32319,37755,Weapon,Firearm,
32320,37756,Weapon,Explosives,
32321,37757,Weapon,Firearm,
32322,37758,Weapon,Other,
32323,37759,Weapon,Other,
32324,37760,Weapon,Other,
32325,37761,Weapon,Other,
32326,37762,Weapon,Explosives,
32327,37763,Weapon,Poison,
32328,37764,Weapon,Other,
32329,37765,Weapon,Other,
32330,37766,Weapon,Knife,
32331,37767,Weapon,Knife,
32332,37768,Weapon,Firearm,
32333,37769,Weapon,Blunt Object,
32334,37770,Weapon,Knife,
32335,37771,Weapon,Knife,
32336,37772,Weapon,Blunt Object,
32337,37774,Weapon,Explosives,
32338,37776,Weapon,Other,
32339,37777,Weapon,Knife,
32340,37778,Weapon,Other,
32341,37781,Weapon,Explosives,
32342,37782,Weapon,Blunt Object,
32343,37783,Weapon,Explosives,
32344,37785,Weapon,Blunt Object,
32345,37786,Weapon,Explosives,
32346,37787,Weapon,Other,
32347,37788,Weapon,Firearm,
32348,37789,Weapon,Other,
32349,37790,Weapon,Knife,
32350,37791,Weapon,Explosives,
32351,37792,Weapon,Knife,
32352,37793,Weapon,Explosives,
32353,37794,Weapon,Other,
32354,37795,Weapon,Firearm,
32355,37796,Weapon,Firearm,
32356,37798,Weapon,Firearm,
32357,37799,Weapon,Explosives,
32358,37800,Weapon,Poison,
32359,37801,Weapon,Blunt Object,
32360,37802,Weapon,Firearm,
32361,37804,Weapon,Firearm,
32362,37805,Weapon,Firearm,
32363,37807,Weapon,Knife,
32364,37809,Weapon,Poison,
32365,37810,Weapon,Explosives,
32366,37811,Weapon,Blunt Object,
32367,37812,Weapon,Blunt Object,
32368,37813,Weapon,Knife,
32369,37814,Weapon,Knife,
32370,37815,Weapon,Knife,
32371,37817,Weapon,Poison,
32372,37818,Weapon,Firearm,
32373,37819,Weapon,Blunt Object,
32374,37820,Weapon,Knife,
32375,37821,Weapon,Poison,
32376,37822,Weapon,Other,
32377,37823,Weapon,Explosives,
32378,37824,Weapon,Explosives,
32379,37825,Weapon,Knife,
32380,37826,Weapon,Blunt Object,
32381,37827,Weapon,Knife,
32382,37828,Weapon,Explosives,
32383,37829,Weapon,Other,
32384,37830,Weapon,Knife,
32385,37831,Weapon,Firearm,
32386,37832,Weapon,Explosives,
32387,37833,Weapon,Poison,
32388,37834,Weapon,Blunt Object,
32389,37835,Weapon,Knife,
32390,37837,Weapon,Explosives,
32391,37838,Weapon,Blunt Object,
32392,37839,Weapon,Poison,
32393,37840,Weapon,Other,
32394,37841,Weapon,Explosives,
32395,37842,Weapon,Knife,
32396,37843,Weapon,Other,
32397,37844,Weapon,Knife,
32398,37845,Weapon,Knife,
32399,37847,Weapon,Firearm,
32400,37848,Weapon,Poison,
32401,37849,Weapon,Knife,
32402,37850,Weapon,Other,
32403,37851,Weapon,Firearm,
32404,37853,Weapon,Poison,
32405,37854,Weapon,Blunt Object,
32406,37855,Weapon,Other,
32407,37856,Weapon,Blunt Object,
32408,37857,Weapon,Explosives,
32409,37858,Weapon,Other,
32410,37859,Weapon,Explosives,
32411,37860,Weapon,Blunt Object,
32412,37861,Weapon,Other,
32413,37862,Weapon,Blunt Object,
32414,37863,Weapon,Firearm,
32415,37864,Weapon,Poison,
32416,37865,Weapon,Blunt Object,
32417,37866,Weapon,Poison,
32418,37867,Weapon,Firearm,
32419,37868,Weapon,Knife,
32420,37869,Weapon,Poison,
32421,37870,Weapon,Other,
32422,37871,Weapon,Firearm,
32423,37873,Weapon,Firearm,
32424,37874,Weapon,Other,
32425,37876,Weapon,Knife,
32426,37877,Weapon,Firearm,
32427,37878,Weapon,Firearm,
32428,37879,Weapon,Blunt Object,
32429,37880,Weapon,Poison,
32430,37881,Weapon,Other,
32431,37882,Weapon,Poison,
32432,37883,Weapon,Blunt Object,
32433,37884,Weapon,Blunt Object,
32434,37885,Weapon,Blunt Object,
32435,37886,Weapon,Firearm,
32436,37888,Weapon,Poison,
32437,37891,Weapon,Knife,
32438,37892,Weapon,Other,
32439,37894,Weapon,Other,
32440,37895,Weapon,Other,
32441,37896,Weapon,Knife,
32442,37897,Weapon,Other,
32443,37898,Weapon,Other,
32444,37899,Weapon,Blunt Object,
32445,37900,Weapon,Knife,
32446,37901,Weapon,Other,
32447,37902,Weapon,Explosives,
32448,37903,Weapon,Firearm,
32449,37904,Weapon,Explosives,
32450,37905,Weapon,Other,
32451,37906,Weapon,Firearm,
32452,37907,Weapon,Firearm,
32453,37908,Weapon,Blunt Object,
32454,37909,Weapon,Poison,
32455,37910,Weapon,Knife,
32456,37911,Weapon,Firearm,
32457,37912,Weapon,Explosives,
32458,37913,Weapon,Firearm,
32459,37914,Weapon,Firearm,
32460,37915,Weapon,Other,
32461,37917,Weapon,Knife,
32462,37918,Weapon,Knife,
32463,37920,Weapon,Knife,
32464,37921,Weapon,Poison,
32465,37923,Weapon,Knife,
32466,37924,Weapon,Firearm,
32467,37925,Weapon,Blunt Object,
32468,37926,Weapon,Explosives,
32469,37927,Weapon,Explosives,
32470,37929,Weapon,Firearm,
32471,37930,Weapon,Explosives,
32472,37931,Weapon,Poison,
32473,37932,Weapon,Knife,
32474,37933,Weapon,Other,
32475,37935,Weapon,Other,
32476,37936,Weapon,Firearm,
32477,37937,Weapon,Other,
32478,37938,Weapon,Explosives,
32479,37939,Weapon,Poison,
32480,37940,Weapon,Blunt Object,
32481,37941,Weapon,Blunt Object,
32482,37942,Weapon,Knife,
32483,37944,Weapon,Knife,
32484,37945,Weapon,Explosives,
32485,37947,Weapon,Knife,
32486,37948,Weapon,Other,
32487,37949,Weapon,Blunt Object,
32488,37950,Weapon,Knife,
32489,37951,Weapon,Blunt Object,
32490,37954,Weapon,Blunt Object,
32491,37955,Weapon,Other,
32492,37956,Weapon,Poison,
32493,37957,Weapon,Explosives,
32494,37959,Weapon,Other,
32495,37960,Weapon,Explosives,
32496,37961,Weapon,Other,
32497,37962,Weapon,Poison,
32498,37963,Weapon,Firearm,
32499,37965,Weapon,Poison,
32500,37966,Weapon,Poison,
32501,37967,Weapon,Knife,
32502,37968,Weapon,Blunt Object,
32503,37969,Weapon,Blunt Object,
32504,37970,Weapon,Firearm,
32505,37973,Weapon,Knife,
32506,37974,Weapon,Other,
32507,37975,Weapon,Explosives,
32508,37976,Weapon,Firearm,
32509,37977,Weapon,Explosives,
32510,37978,Weapon,Poison,
32511,37979,Weapon,Knife,
32512,37981,Weapon,Other,
32513,37982,Weapon,Knife,
32514,37983,Weapon,Explosives,
32515,37985,Weapon,Knife,
32516,37986,Weapon,Blunt Object,
32517,37987,Weapon,Poison,
32518,37988,Weapon,Poison,
32519,37989,Weapon,Other,
32520,37992,Weapon,Firearm,
32521,37993,Weapon,Knife,
32522,37994,Weapon,Knife,
32523,37995,Weapon,Firearm,
32524,37996,Weapon,Blunt Object,
32525,37997,Weapon,Poison,
32526,37998,Weapon,Blunt Object,
32527,37999,Weapon,Other,
32528,38000,Weapon,Poison,
32529,38001,Weapon,Poison,
32530,38002,Weapon,Other,
32531,38003,Weapon,Firearm,
32532,38004,Weapon,Firearm,
32533,38005,Weapon,Explosives,
32534,38006,Weapon,Other,
32535,38007,Weapon,Poison,
32536,38008,Weapon,Explosives,
32537,38009,Weapon,Knife,
32538,38010,Weapon,Explosives,
32539,38011,Weapon,Firearm,
32540,38012,Weapon,Firearm,
32541,38013,Weapon,Blunt Object,
32542,38014,Weapon,Explosives,
32543,38015,Weapon,Poison,
32544,38016,Weapon,Explosives,
32545,38017,Weapon,Blunt Object,
32546,38018,Weapon,Poison,
32547,38019,Weapon,Poison,
32548,38020,Weapon,Poison,
32549,38021,Weapon,Other,
32550,38022,Weapon,Knife,
32551,38023,Weapon,Knife,
32552,38024,Weapon,Explosives,
32553,38025,Weapon,Other,
32554,38027,Weapon,Firearm,
32555,38028,Weapon,Poison,
32556,38029,Weapon,Blunt Object,
32557,38031,Weapon,Poison,
32558,38032,Weapon,Blunt Object,
32559,38034,Weapon,Blunt Object,
32560,38035,Weapon,Explosives,
32561,38036,Weapon,Explosives,
32562,38037,Weapon,Knife,
32563,38038,Weapon,Firearm,
32564,38039,Weapon,Blunt Object,
32565,38040,Weapon,Firearm,
32566,38041,Weapon,Other,
32567,38042,Weapon,Poison,
32568,38043,Weapon,Blunt Object,
32569,38044,Weapon,Poison,
32570,38045,Weapon,Explosives,
32571,38046,Weapon,Other,
32572,38047,Weapon,Blunt Object,
32573,38048,Weapon,Other,
32574,38049,Weapon,Blunt Object,
32575,38052,Weapon,Poison,
32576,38053,Weapon,Explosives,
32577,38054,Weapon,Blunt Object,
32578,38055,Weapon,Firearm,
32579,38056,Weapon,Blunt Object,
32580,38057,Weapon,Knife,
32581,38058,Weapon,Poison,
32582,38059,Weapon,Firearm,
32583,38060,Weapon,Blunt Object,
32584,38061,Weapon,Knife,
32585,38062,Weapon,Blunt Object,
32586,38063,Weapon,Knife,
32587,38064,Weapon,Poison,
32588,38065,Weapon,Blunt Object,
32589,38066,Weapon,Poison,
32590,38067,Weapon,Knife,
32591,38068,Weapon,Blunt Object,
32592,38070,Weapon,Other,
32593,38071,Weapon,Blunt Object,
32594,38072,Weapon,Knife,
32595,38073,Weapon,Blunt Object,
32596,38074,Weapon,Explosives,
32597,38075,Weapon,Knife,
32598,38076,Weapon,Poison,
32599,38078,Weapon,Firearm,
32600,38079,Weapon,Blunt Object,
32601,38080,Weapon,Blunt Object,
32602,38081,Weapon,Poison,
32603,38082,Weapon,Other,
32604,38083,Weapon,Firearm,
32605,38084,Weapon,Firearm,
32606,38086,Weapon,Poison,
32607,38087,Weapon,Knife,
32608,38088,Weapon,Firearm,
32609,38089,Weapon,Blunt Object,
32610,38090,Weapon,Poison,
32611,38091,Weapon,Knife,
32612,38092,Weapon,Poison,
32613,38093,Weapon,Firearm,
32614,38094,Weapon,Firearm,
32615,38095,Weapon,Explosives,
32616,38096,Weapon,Blunt Object,
32617,38097,Weapon,Knife,
32618,38099,Weapon,Explosives,
32619,38100,Weapon,Poison,
32620,38102,Weapon,Explosives,
32621,38103,Weapon,Other,
32622,38104,Weapon,Knife,
32623,38105,Weapon,Other,
32624,38106,Weapon,Other,
32625,38107,Weapon,Blunt Object,
32626,38109,Weapon,Firearm,
32627,38110,Weapon,Knife,
32628,38111,Weapon,Explosives,
32629,38112,Weapon,Explosives,
32630,38113,Weapon,Explosives,
32631,38115,Weapon,Other,
32632,38116,Weapon,Poison,
32633,38117,Weapon,Firearm,
32634,38118,Weapon,Other,
32635,38119,Weapon,Poison,
32636,38120,Weapon,Firearm,
32637,38121,Weapon,Explosives,
32638,38122,Weapon,Poison,
32639,38123,Weapon,Blunt Object,
32640,38124,Weapon,Other,
32641,38125,Weapon,Firearm,
32642,38126,Weapon,Poison,
32643,38127,Weapon,Knife,
32644,38128,Weapon,Blunt Object,
32645,38129,Weapon,Firearm,
32646,38131,Weapon,Poison,
32647,38132,Weapon,Other,
32648,38133,Weapon,Explosives,
32649,38134,Weapon,Explosives,
32650,38135,Weapon,Blunt Object,
32651,38136,Weapon,Firearm,
32652,38137,Weapon,Firearm,
32653,38138,Weapon,Poison,
32654,38139,Weapon,Firearm,
32655,38140,Weapon,Poison,
32656,38141,Weapon,Firearm,
32657,38142,Weapon,Knife,
32658,38143,Weapon,Blunt Object,
32659,38144,Weapon,Other,
32660,38146,Weapon,Poison,
32661,38147,Weapon,Firearm,
32662,38148,Weapon,Firearm,
32663,38149,Weapon,Blunt Object,
32664,38150,Weapon,Explosives,
32665,38151,Weapon,Other,
32666,38152,Weapon,Firearm,
32667,38153,Weapon,Knife,
32668,38154,Weapon,Poison,
32669,38155,Weapon,Poison,
32670,38159,Weapon,Poison,
32671,38160,Weapon,Other,
32672,38161,Weapon,Firearm,
32673,38162,Weapon,Poison,
32674,38163,Weapon,Firearm,
32675,38164,Weapon,Other,
32676,38165,Weapon,Explosives,
32677,38166,Weapon,Knife,
32678,38167,Weapon,Explosives,
32679,38169,Weapon,Knife,
32680,38171,Weapon,Knife,
32681,38173,Weapon,Poison,
32682,38174,Weapon,Blunt Object,
32683,38175,Weapon,Other,
32684,38176,Weapon,Knife,
32685,38177,Weapon,Explosives,
32686,38178,Weapon,Knife,
32687,38179,Weapon,Blunt Object,
32688,38180,Weapon,Other,
32689,38182,Weapon,Firearm,
32690,38183,Weapon,Knife,
32691,38184,Weapon,Blunt Object,
32692,38185,Weapon,Explosives,
32693,38187,Weapon,Knife,
32694,38189,Weapon,Other,
32695,38190,Weapon,Knife,
32696,38192,Weapon,Poison,
32697,38194,Weapon,Firearm,
32698,38195,Weapon,Blunt Object,
32699,38196,Weapon,Knife,
32700,38197,Weapon,Knife,
32701,38198,Weapon,Other,
32702,38199,Weapon,Blunt Object,
32703,38200,Weapon,Explosives,
32704,38201,Weapon,Explosives,
32705,38204,Weapon,Blunt Object,
32706,38205,Weapon,Firearm,
32707,38206,Weapon,Explosives,
32708,38207,Weapon,Blunt Object,
32709,38208,Weapon,Knife,
32710,38209,Weapon,Knife,
32711,38210,Weapon,Explosives,
32712,38211,Weapon,Blunt Object,
32713,38212,Weapon,Poison,
32714,38213,Weapon,Knife,
32715,38214,Weapon,Firearm,
32716,38215,Weapon,Other,
32717,38216,Weapon,Firearm,
32718,38217,Weapon,Knife,
32719,38219,Weapon,Firearm,
32720,38220,Weapon,Blunt Object,
32721,38221,Weapon,Poison,
32722,38222,Weapon,Blunt Object,
32723,38223,Weapon,Other,
32724,38224,Weapon,Other,
32725,38225,Weapon,Poison,
32726,38226,Weapon,Blunt Object,
32727,38227,Weapon,Other,
32728,38228,Weapon,Poison,
32729,38229,Weapon,Explosives,
32730,38230,Weapon,Poison,
32731,38231,Weapon,Blunt Object,
32732,38232,Weapon,Other,
32733,38233,Weapon,Blunt Object,
32734,38234,Weapon,Knife,
32735,38235,Weapon,Knife,
32736,38236,Weapon,Other,
32737,38237,Weapon,Poison,
32738,38238,Weapon,Other,
32739,38241,Weapon,Blunt Object,
32740,38242,Weapon,Blunt Object,
32741,38243,Weapon,Blunt Object,
32742,38244,Weapon,Poison,
32743,38246,Weapon,Knife,
32744,38247,Weapon,Firearm,
32745,38249,Weapon,Blunt Object,
32746,38250,Weapon,Explosives,
32747,38251,Weapon,Explosives,
32748,38252,Weapon,Poison,
32749,38253,Weapon,Blunt Object,
32750,38254,Weapon,Blunt Object,
32751,38255,Weapon,Explosives,
32752,38256,Weapon,Explosives,
32753,38257,Weapon,Knife,
32754,38258,Weapon,Other,
32755,38259,Weapon,Other,
32756,38260,Weapon,Explosives,
32757,38261,Weapon,Blunt Object,
32758,38263,Weapon,Blunt Object,
32759,38264,Weapon,Knife,
32760,38268,Weapon,Blunt Object,
32761,38269,Weapon,Poison,
32762,38270,Weapon,Blunt Object,
32763,38271,Weapon,Firearm,
32764,38272,Weapon,Other,
32765,38273,Weapon,Explosives,
32766,38275,Weapon,Poison,
32767,38276,Weapon,Poison,
32768,38277,Weapon,Other,
32769,38278,Weapon,Explosives,
32770,38279,Weapon,Other,
32771,38280,Weapon,Other,
32772,38281,Weapon,Blunt Object,
32773,38282,Weapon,Poison,
32774,38283,Weapon,Blunt Object,
32775,38285,Weapon,Blunt Object,
32776,38286,Weapon,Knife,
32777,38287,Weapon,Firearm,
32778,38288,Weapon,Blunt Object,
32779,38289,Weapon,Poison,
32780,38290,Weapon,Knife,
32781,38291,Weapon,Knife,
32782,38292,Weapon,Other,
32783,38293,Weapon,Knife,
32784,38295,Weapon,Explosives,
32785,38296,Weapon,Firearm,
32786,38297,Weapon,Other,
32787,38298,Weapon,Explosives,
32788,38300,Weapon,Firearm,
32789,38302,Weapon,Other,
32790,38303,Weapon,Firearm,
32791,38305,Weapon,Blunt Object,
32792,38307,Weapon,Poison,
32793,38308,Weapon,Poison,
32794,38309,Weapon,Firearm,
32795,38310,Weapon,Other,
32796,38311,Weapon,Poison,
32797,38312,Weapon,Firearm,
32798,38313,Weapon,Firearm,
32799,38314,Weapon,Explosives,
32800,38315,Weapon,Other,
32801,38317,Weapon,Blunt Object,
32802,38318,Weapon,Other,
32803,38319,Weapon,Poison,
32804,38320,Weapon,Blunt Object,
32805,38321,Weapon,Firearm,
32806,38322,Weapon,Other,
32807,38323,Weapon,Poison,
32808,38324,Weapon,Blunt Object,
32809,38325,Weapon,Knife,
32810,38326,Weapon,Explosives,
32811,38328,Weapon,Other,
32812,38330,Weapon,Other,
32813,38331,Weapon,Blunt Object,
32814,38332,Weapon,Poison,
32815,38333,Weapon,Explosives,
32816,38334,Weapon,Knife,
32817,38335,Weapon,Firearm,
32818,38336,Weapon,Blunt Object,
32819,38337,Weapon,Other,
32820,38338,Weapon,Firearm,
32821,38339,Weapon,Other,
32822,38340,Weapon,Knife,
32823,38341,Weapon,Explosives,
32824,38342,Weapon,Explosives,
32825,38343,Weapon,Blunt Object,
32826,38344,Weapon,Firearm,
32827,38346,Weapon,Other,
32828,38347,Weapon,Blunt Object,
32829,38348,Weapon,Other,
32830,38349,Weapon,Firearm,
32831,38350,Weapon,Explosives,
32832,38351,Weapon,Explosives,
32833,38352,Weapon,Other,
32834,38353,Weapon,Other,
32835,38354,Weapon,Knife,
32836,38357,Weapon,Blunt Object,
32837,38358,Weapon,Knife,
32838,38359,Weapon,Firearm,
32839,38360,Weapon,Other,
32840,38361,Weapon,Knife,
32841,38362,Weapon,Firearm,
32842,38363,Weapon,Poison,
32843,38364,Weapon,Knife,
32844,38365,Weapon,Firearm,
32845,38366,Weapon,Firearm,
32846,38367,Weapon,Blunt Object,
32847,38368,Weapon,Explosives,
32848,38370,Weapon,Blunt Object,
32849,38371,Weapon,Firearm,
32850,38373,Weapon,Blunt Object,
32851,38374,Weapon,Explosives,
32852,38375,Weapon,Other,
32853,38376,Weapon,Poison,
32854,38377,Weapon,Other,
32855,38379,Weapon,Firearm,
32856,38380,Weapon,Explosives,
32857,38381,Weapon,Other,
32858,38382,Weapon,Poison,
32859,38386,Weapon,Blunt Object,
32860,38387,Weapon,Other,
32861,38388,Weapon,Other,
32862,38389,Weapon,Knife,
32863,38390,Weapon,Poison,
32864,38392,Weapon,Knife,
32865,38393,Weapon,Poison,
32866,38394,Weapon,Poison,
32867,38395,Weapon,Firearm,
32868,38396,Weapon,Poison,
32869,38397,Weapon,Poison,
32870,38399,Weapon,Poison,
32871,38400,Weapon,Poison,
32872,38402,Weapon,Firearm,
32873,38403,Weapon,Blunt Object,
32874,38405,Weapon,Knife,
32875,38406,Weapon,Blunt Object,
32876,38407,Weapon,Other,
32877,38408,Weapon,Blunt Object,
32878,38410,Weapon,Blunt Object,
32879,38411,Weapon,Blunt Object,
32880,38412,Weapon,Firearm,
32881,38413,Weapon,Knife,
32882,38414,Weapon,Firearm,
32883,38415,Weapon,Poison,
32884,38416,Weapon,Blunt Object,
32885,38417,Weapon,Firearm,
32886,38418,Weapon,Other,
32887,38419,Weapon,Firearm,
32888,38420,Weapon,Blunt Object,
32889,38421,Weapon,Knife,
32890,38422,Weapon,Knife,
32891,38423,Weapon,Poison,
32892,38424,Weapon,Blunt Object,
32893,38426,Weapon,Firearm,
32894,38427,Weapon,Knife,
32895,38428,Weapon,Explosives,
32896,38429,Weapon,Knife,
32897,38430,Weapon,Other,
32898,38431,Weapon,Explosives,
32899,38432,Weapon,Blunt Object,
32900,38433,Weapon,Blunt Object,
32901,38434,Weapon,Explosives,
32902,38435,Weapon,Knife,
32903,38436,Weapon,Other,
32904,38438,Weapon,Blunt Object,
32905,38441,Weapon,Knife,
32906,38442,Weapon,Firearm,
32907,38443,Weapon,Knife,
32908,38444,Weapon,Poison,
32909,38445,Weapon,Blunt Object,
32910,38446,Weapon,Firearm,
32911,38447,Weapon,Firearm,
32912,38448,Weapon,Poison,
32913,38449,Weapon,Blunt Object,
32914,38450,Weapon,Blunt Object,
32915,38451,Weapon,Firearm,
32916,38452,Weapon,Explosives,
32917,38453,Weapon,Explosives,
32918,38454,Weapon,Other,
32919,38455,Weapon,Explosives,
32920,38456,Weapon,Firearm,
32921,38457,Weapon,Explosives,
32922,38458,Weapon,Knife,
32923,38461,Weapon,Explosives,
32924,38462,Weapon,Knife,
32925,38463,Weapon,Other,
32926,38464,Weapon,Firearm,
32927,38465,Weapon,Other,
32928,38466,Weapon,Firearm,
32929,38467,Weapon,Poison,
32930,38468,Weapon,Blunt Object,
32931,38472,Weapon,Blunt Object,
32932,38473,Weapon,Knife,
32933,38474,Weapon,Firearm,
32934,38475,Weapon,Blunt Object,
32935,38476,Weapon,Firearm,
32936,38477,Weapon,Knife,
32937,38478,Weapon,Blunt Object,
32938,38479,Weapon,Explosives,
32939,38480,Weapon,Blunt Object,
32940,38481,Weapon,Poison,
32941,38482,Weapon,Knife,
32942,38483,Weapon,Firearm,
32943,38484,Weapon,Blunt Object,
32944,38485,Weapon,Poison,
32945,38487,Weapon,Poison,
32946,38488,Weapon,Explosives,
32947,38489,Weapon,Poison,
32948,38490,Weapon,Poison,
32949,38491,Weapon,Other,
32950,38492,Weapon,Knife,
32951,38493,Weapon,Poison,
32952,38494,Weapon,Other,
32953,38495,Weapon,Blunt Object,
32954,38496,Weapon,Blunt Object,
32955,38497,Weapon,Blunt Object,
32956,38499,Weapon,Knife,
32957,38500,Weapon,Poison,
32958,38501,Weapon,Firearm,
32959,38502,Weapon,Knife,
32960,38503,Weapon,Other,
32961,38505,Weapon,Other,
32962,38506,Weapon,Blunt Object,
32963,38507,Weapon,Knife,
32964,38508,Weapon,Other,
32965,38509,Weapon,Firearm,
32966,38510,Weapon,Poison,
32967,38511,Weapon,Explosives,
32968,38512,Weapon,Poison,
32969,38513,Weapon,Explosives,
32970,38514,Weapon,Other,
32971,38515,Weapon,Other,
32972,38517,Weapon,Blunt Object,
32973,38518,Weapon,Poison,
32974,38519,Weapon,Blunt Object,
32975,38521,Weapon,Knife,
32976,38522,Weapon,Knife,
32977,38524,Weapon,Blunt Object,
32978,38525,Weapon,Knife,
32979,38526,Weapon,Poison,
32980,38527,Weapon,Blunt Object,
32981,38528,Weapon,Firearm,
32982,38529,Weapon,Other,
32983,38530,Weapon,Poison,
32984,38531,Weapon,Poison,
32985,38532,Weapon,Firearm,
32986,38533,Weapon,Explosives,
32987,38534,Weapon,Blunt Object,
32988,38535,Weapon,Blunt Object,
32989,38536,Weapon,Firearm,
32990,38537,Weapon,Blunt Object,
32991,38539,Weapon,Knife,
32992,38541,Weapon,Knife,
32993,38542,Weapon,Blunt Object,
32994,38543,Weapon,Explosives,
32995,38544,Weapon,Other,
32996,38545,Weapon,Firearm,
32997,38546,Weapon,Explosives,
32998,38547,Weapon,Other,
32999,38548,Weapon,Blunt Object,
33000,38549,Weapon,Firearm,
33001,38550,Weapon,Firearm,
33002,38553,Weapon,Blunt Object,
33003,38554,Weapon,Other,
33004,38555,Weapon,Blunt Object,
33005,38556,Weapon,Poison,
33006,38557,Weapon,Firearm,
33007,38559,Weapon,Knife,
33008,38560,Weapon,Firearm,
33009,38561,Weapon,Poison,
33010,38562,Weapon,Knife,
33011,38563,Weapon,Blunt Object,
33012,38565,Weapon,Blunt Object,
33013,38567,Weapon,Knife,
33014,38568,Weapon,Blunt Object,
33015,38569,Weapon,Knife,
33016,38570,Weapon,Knife,
33017,38571,Weapon,Other,
33018,38572,Weapon,Blunt Object,
33019,38574,Weapon,Knife,
33020,38575,Weapon,Explosives,
33021,38576,Weapon,Explosives,
33022,38578,Weapon,Blunt Object,
33023,38579,Weapon,Blunt Object,
33024,38580,Weapon,Other,
33025,38581,Weapon,Blunt Object,
33026,38582,Weapon,Blunt Object,
33027,38583,Weapon,Other,
33028,38584,Weapon,Other,
33029,38585,Weapon,Other,
33030,38586,Weapon,Other,
33031,38587,Weapon,Blunt Object,
33032,38588,Weapon,Other,
33033,38589,Weapon,Knife,
33034,38591,Weapon,Blunt Object,
33035,38593,Weapon,Other,
33036,38595,Weapon,Poison,
33037,38596,Weapon,Explosives,
33038,38598,Weapon,Blunt Object,
33039,38599,Weapon,Poison,
33040,38600,Weapon,Other,
33041,38601,Weapon,Blunt Object,
33042,38602,Weapon,Firearm,
33043,38603,Weapon,Explosives,
33044,38604,Weapon,Blunt Object,
33045,38605,Weapon,Blunt Object,
33046,38606,Weapon,Other,
33047,38607,Weapon,Knife,
33048,38608,Weapon,Other,
33049,38609,Weapon,Knife,
33050,38610,Weapon,Knife,
33051,38611,Weapon,Firearm,
33052,38613,Weapon,Other,
33053,38614,Weapon,Poison,
33054,38615,Weapon,Explosives,
33055,38616,Weapon,Explosives,
33056,38617,Weapon,Firearm,
33057,38618,Weapon,Blunt Object,
33058,38620,Weapon,Blunt Object,
33059,38621,Weapon,Knife,
33060,38623,Weapon,Blunt Object,
33061,38624,Weapon,Knife,
33062,38625,Weapon,Knife,
33063,38626,Weapon,Knife,
33064,38627,Weapon,Knife,
33065,38629,Weapon,Explosives,
33066,38630,Weapon,Explosives,
33067,38631,Weapon,Knife,
33068,38633,Weapon,Other,
33069,38634,Weapon,Explosives,
33070,38635,Weapon,Blunt Object,
33071,38636,Weapon,Knife,
33072,38637,Weapon,Other,
33073,38638,Weapon,Poison,
33074,38639,Weapon,Firearm,
33075,38641,Weapon,Other,
33076,38642,Weapon,Other,
33077,38643,Weapon,Poison,
33078,38644,Weapon,Poison,
33079,38645,Weapon,Other,
33080,38646,Weapon,Other,
33081,38647,Weapon,Knife,
33082,38648,Weapon,Explosives,
33083,38649,Weapon,Other,
33084,38650,Weapon,Other,
33085,38651,Weapon,Other,
33086,38652,Weapon,Blunt Object,
33087,38653,Weapon,Blunt Object,
33088,38654,Weapon,Firearm,
33089,38655,Weapon,Blunt Object,
33090,38657,Weapon,Poison,
33091,38658,Weapon,Blunt Object,
33092,38659,Weapon,Firearm,
33093,38660,Weapon,Explosives,
33094,38661,Weapon,Other,
33095,38662,Weapon,Other,
33096,38663,Weapon,Blunt Object,
33097,38664,Weapon,Poison,
33098,38665,Weapon,Poison,
33099,38666,Weapon,Firearm,
33100,38667,Weapon,Blunt Object,
33101,38668,Weapon,Blunt Object,
33102,38669,Weapon,Firearm,
33103,38670,Weapon,Blunt Object,
33104,38673,Weapon,Firearm,
33105,38675,Weapon,Knife,
33106,38676,Weapon,Blunt Object,
33107,38677,Weapon,Explosives,
33108,38678,Weapon,Firearm,
33109,38679,Weapon,Firearm,
33110,38680,Weapon,Other,
33111,38681,Weapon,Blunt Object,
33112,38682,Weapon,Other,
33113,38683,Weapon,Poison,
33114,38686,Weapon,Poison,
33115,38687,Weapon,Knife,
33116,38688,Weapon,Blunt Object,
33117,38689,Weapon,Knife,
33118,38690,Weapon,Blunt Object,
33119,38691,Weapon,Knife,
33120,38692,Weapon,Firearm,
33121,38693,Weapon,Poison,
33122,38694,Weapon,Blunt Object,
33123,38695,Weapon,Explosives,
33124,38696,Weapon,Other,
33125,38697,Weapon,Poison,
33126,38698,Weapon,Other,
33127,38699,Weapon,Firearm,
33128,38700,Weapon,Firearm,
33129,38701,Weapon,Firearm,
33130,38702,Weapon,Explosives,
33131,38703,Weapon,Explosives,
33132,38704,Weapon,Poison,
33133,38706,Weapon,Firearm,
33134,38707,Weapon,Explosives,
33135,38708,Weapon,Knife,
33136,38709,Weapon,Explosives,
33137,38710,Weapon,Knife,
33138,38711,Weapon,Other,
33139,38712,Weapon,Knife,
33140,38713,Weapon,Other,
33141,38714,Weapon,Explosives,
33142,38715,Weapon,Blunt Object,
33143,38716,Weapon,Blunt Object,
33144,38717,Weapon,Knife,
33145,38718,Weapon,Explosives,
33146,38721,Weapon,Explosives,
33147,38722,Weapon,Other,
33148,38723,Weapon,Blunt Object,
33149,38724,Weapon,Firearm,
33150,38725,Weapon,Knife,
33151,38726,Weapon,Blunt Object,
33152,38727,Weapon,Knife,
33153,38728,Weapon,Poison,
33154,38729,Weapon,Blunt Object,
33155,38730,Weapon,Poison,
33156,38731,Weapon,Other,
33157,38732,Weapon,Poison,
33158,38734,Weapon,Other,
33159,38736,Weapon,Explosives,
33160,38737,Weapon,Other,
33161,38739,Weapon,Blunt Object,
33162,38740,Weapon,Knife,
33163,38741,Weapon,Poison,
33164,38742,Weapon,Explosives,
33165,38743,Weapon,Other,
33166,38744,Weapon,Firearm,
33167,38745,Weapon,Poison,
33168,38746,Weapon,Poison,
33169,38747,Weapon,Poison,
33170,38748,Weapon,Explosives,
33171,38750,Weapon,Explosives,
33172,38751,Weapon,Explosives,
33173,38752,Weapon,Knife,
33174,38753,Weapon,Knife,
33175,38754,Weapon,Knife,
33176,38755,Weapon,Knife,
33177,38756,Weapon,Other,
33178,38757,Weapon,Firearm,
33179,38759,Weapon,Other,
33180,38760,Weapon,Poison,
33181,38762,Weapon,Blunt Object,
33182,38763,Weapon,Knife,
33183,38764,Weapon,Poison,
33184,38765,Weapon,Explosives,
33185,38766,Weapon,Blunt Object,
33186,38767,Weapon,Explosives,
33187,38768,Weapon,Poison,
33188,38769,Weapon,Other,
33189,38770,Weapon,Blunt Object,
33190,38771,Weapon,Explosives,
33191,38772,Weapon,Knife,
33192,38773,Weapon,Poison,
33193,38774,Weapon,Knife,
33194,38775,Weapon,Firearm,
33195,38776,Weapon,Poison,
33196,38777,Weapon,Explosives,
33197,38778,Weapon,Poison,
33198,38779,Weapon,Other,
33199,38780,Weapon,Knife,
33200,38781,Weapon,Knife,
33201,38782,Weapon,Firearm,
33202,38783,Weapon,Firearm,
33203,38784,Weapon,Knife,
33204,38785,Weapon,Poison,
33205,38787,Weapon,Knife,
33206,38788,Weapon,Knife,
33207,38789,Weapon,Poison,
33208,38791,Weapon,Blunt Object,
33209,38793,Weapon,Explosives,
33210,38794,Weapon,Knife,
33211,38795,Weapon,Knife,
33212,38796,Weapon,Blunt Object,
33213,38797,Weapon,Knife,
33214,38799,Weapon,Explosives,
33215,38800,Weapon,Explosives,
33216,38801,Weapon,Explosives,
33217,38802,Weapon,Explosives,
33218,38803,Weapon,Firearm,
33219,38805,Weapon,Knife,
33220,38806,Weapon,Blunt Object,
33221,38807,Weapon,Blunt Object,
33222,38808,Weapon,Other,
33223,38809,Weapon,Knife,
33224,38810,Weapon,Firearm,
33225,38812,Weapon,Firearm,
33226,38813,Weapon,Poison,
33227,38814,Weapon,Knife,
33228,38816,Weapon,Firearm,
33229,38817,Weapon,Firearm,
33230,38818,Weapon,Firearm,
33231,38819,Weapon,Blunt Object,
33232,38820,Weapon,Blunt Object,
33233,38822,Weapon,Blunt Object,
33234,38823,Weapon,Firearm,
33235,38824,Weapon,Firearm,
33236,38825,Weapon,Poison,
33237,38826,Weapon,Knife,
33238,38827,Weapon,Knife,
33239,38829,Weapon,Poison,
33240,38831,Weapon,Blunt Object,
33241,38832,Weapon,Poison,
33242,38833,Weapon,Poison,
33243,38834,Weapon,Poison,
33244,38835,Weapon,Blunt Object,
33245,38836,Weapon,Knife,
33246,38838,Weapon,Explosives,
33247,38839,Weapon,Blunt Object,
33248,38840,Weapon,Knife,
33249,38841,Weapon,Knife,
33250,38842,Weapon,Explosives,
33251,38843,Weapon,Poison,
33252,38844,Weapon,Poison,
33253,38845,Weapon,Explosives,
33254,38847,Weapon,Blunt Object,
33255,38850,Weapon,Other,
33256,38851,Weapon,Firearm,
33257,38852,Weapon,Firearm,
33258,38854,Weapon,Explosives,
33259,38855,Weapon,Other,
33260,38859,Weapon,Other,
33261,38861,Weapon,Other,
33262,38862,Weapon,Blunt Object,
33263,38863,Weapon,Blunt Object,
33264,38864,Weapon,Explosives,
33265,38865,Weapon,Knife,
33266,38866,Weapon,Blunt Object,
33267,38867,Weapon,Poison,
33268,38869,Weapon,Other,
33269,38870,Weapon,Knife,
33270,38871,Weapon,Firearm,
33271,38872,Weapon,Firearm,
33272,38873,Weapon,Poison,
33273,38874,Weapon,Knife,
33274,38875,Weapon,Blunt Object,
33275,38876,Weapon,Knife,
33276,38877,Weapon,Poison,
33277,38879,Weapon,Knife,
33278,38880,Weapon,Knife,
33279,38881,Weapon,Firearm,
33280,38882,Weapon,Explosives,
33281,38884,Weapon,Firearm,
33282,38885,Weapon,Knife,
33283,38886,Weapon,Other,
33284,38887,Weapon,Explosives,
33285,38888,Weapon,Knife,
33286,38889,Weapon,Blunt Object,
33287,38890,Weapon,Firearm,
33288,38891,Weapon,Poison,
33289,38892,Weapon,Knife,
33290,38893,Weapon,Firearm,
33291,38895,Weapon,Poison,
33292,38896,Weapon,Firearm,
33293,38897,Weapon,Firearm,
33294,38898,Weapon,Knife,
33295,38899,Weapon,Other,
33296,38900,Weapon,Poison,
33297,38901,Weapon,Knife,
33298,38902,Weapon,Other,
33299,38903,Weapon,Explosives,
33300,38904,Weapon,Explosives,
33301,38905,Weapon,Firearm,
33302,38906,Weapon,Explosives,
33303,38907,Weapon,Firearm,
33304,38908,Weapon,Blunt Object,
33305,38909,Weapon,Knife,
33306,38910,Weapon,Poison,
33307,38911,Weapon,Knife,
33308,38913,Weapon,Poison,
33309,38914,Weapon,Knife,
33310,38915,Weapon,Poison,
33311,38916,Weapon,Explosives,
33312,38917,Weapon,Knife,
33313,38918,Weapon,Knife,
33314,38921,Weapon,Knife,
33315,38922,Weapon,Poison,
33316,38923,Weapon,Blunt Object,
33317,38924,Weapon,Blunt Object,
33318,38925,Weapon,Firearm,
33319,38926,Weapon,Firearm,
33320,38927,Weapon,Other,
33321,38928,Weapon,Blunt Object,
33322,38929,Weapon,Knife,
33323,38930,Weapon,Firearm,
33324,38931,Weapon,Knife,
33325,38932,Weapon,Other,
33326,38933,Weapon,Firearm,
33327,38934,Weapon,Knife,
33328,38935,Weapon,Poison,
33329,38936,Weapon,Blunt Object,
33330,38937,Weapon,Blunt Object,
33331,38939,Weapon,Firearm,
33332,38940,Weapon,Blunt Object,
33333,38941,Weapon,Other,
33334,38942,Weapon,Explosives,
33335,38943,Weapon,Other,
33336,38944,Weapon,Knife,
33337,38945,Weapon,Explosives,
33338,38946,Weapon,Explosives,
33339,38947,Weapon,Firearm,
33340,38948,Weapon,Other,
33341,38949,Weapon,Firearm,
33342,38951,Weapon,Other,
33343,38952,Weapon,Explosives,
33344,38953,Weapon,Blunt Object,
33345,38955,Weapon,Blunt Object,
33346,38956,Weapon,Explosives,
33347,38957,Weapon,Explosives,
33348,38958,Weapon,Blunt Object,
33349,38959,Weapon,Firearm,
33350,38961,Weapon,Blunt Object,
33351,38963,Weapon,Knife,
33352,38964,Weapon,Other,
33353,38966,Weapon,Knife,
33354,38967,Weapon,Poison,
33355,38970,Weapon,Other,
33356,38971,Weapon,Knife,
33357,38972,Weapon,Firearm,
33358,38973,Weapon,Poison,
33359,38974,Weapon,Blunt Object,
33360,38976,Weapon,Knife,
33361,38978,Weapon,Poison,
33362,38979,Weapon,Other,
33363,38980,Weapon,Blunt Object,
33364,38981,Weapon,Knife,
33365,38982,Weapon,Explosives,
33366,38983,Weapon,Firearm,
33367,38984,Weapon,Firearm,
33368,38985,Weapon,Other,
33369,38986,Weapon,Explosives,
33370,38987,Weapon,Firearm,
33371,38988,Weapon,Blunt Object,
33372,38989,Weapon,Firearm,
33373,38993,Weapon,Knife,
33374,38994,Weapon,Poison,
33375,38995,Weapon,Knife,
33376,38996,Weapon,Knife,
33377,38997,Weapon,Poison,
33378,38998,Weapon,Blunt Object,
33379,38999,Weapon,Poison,
33380,39000,Weapon,Knife,
33381,39001,Weapon,Other,
33382,39002,Weapon,Knife,
33383,39003,Weapon,Knife,
33384,39004,Weapon,Firearm,
33385,39005,Weapon,Blunt Object,
33386,39006,Weapon,Knife,
33387,39007,Weapon,Poison,
33388,39008,Weapon,Knife,
33389,39009,Weapon,Other,
33390,39011,Weapon,Firearm,
33391,39012,Weapon,Explosives,
33392,39014,Weapon,Blunt Object,
33393,39015,Weapon,Poison,
33394,39016,Weapon,Other,
33395,39017,Weapon,Poison,
33396,39018,Weapon,Knife,
33397,39019,Weapon,Poison,
33398,39021,Weapon,Other,
33399,39023,Weapon,Blunt Object,
33400,39024,Weapon,Poison,
33401,39025,Weapon,Firearm,
33402,39026,Weapon,Explosives,
33403,39027,Weapon,Knife,
33404,39029,Weapon,Other,
33405,39030,Weapon,Blunt Object,
33406,39031,Weapon,Blunt Object,
33407,39032,Weapon,Poison,
33408,39033,Weapon,Poison,
33409,39035,Weapon,Firearm,
33410,39036,Weapon,Other,
33411,39037,Weapon,Firearm,
33412,39038,Weapon,Blunt Object,
33413,39039,Weapon,Explosives,
33414,39041,Weapon,Explosives,
33415,39042,Weapon,Blunt Object,
33416,39043,Weapon,Explosives,
33417,39044,Weapon,Explosives,
33418,39046,Weapon,Other,
33419,39047,Weapon,Blunt Object,
33420,39048,Weapon,Knife,
33421,39049,Weapon,Poison,
33422,39051,Weapon,Other,
33423,39052,Weapon,Poison,
33424,39053,Weapon,Poison,
33425,39054,Weapon,Blunt Object,
33426,39055,Weapon,Firearm,
33427,39056,Weapon,Other,
33428,39057,Weapon,Other,
33429,39058,Weapon,Other,
33430,39059,Weapon,Other,
33431,39060,Weapon,Explosives,
33432,39061,Weapon,Firearm,
33433,39062,Weapon,Poison,
33434,39063,Weapon,Other,
33435,39064,Weapon,Poison,
33436,39065,Weapon,Explosives,
33437,39066,Weapon,Knife,
33438,39068,Weapon,Other,
33439,39069,Weapon,Firearm,
33440,39070,Weapon,Other,
33441,39071,Weapon,Knife,
33442,39072,Weapon,Explosives,
33443,39074,Weapon,Other,
33444,39075,Weapon,Other,
33445,39076,Weapon,Other,
33446,39077,Weapon,Blunt Object,
33447,39079,Weapon,Blunt Object,
33448,39081,Weapon,Blunt Object,
33449,39082,Weapon,Poison,
33450,39083,Weapon,Firearm,
33451,39084,Weapon,Knife,
33452,39085,Weapon,Knife,
33453,39086,Weapon,Poison,
33454,39087,Weapon,Poison,
33455,39088,Weapon,Poison,
33456,39089,Weapon,Blunt Object,
33457,39090,Weapon,Other,
33458,39091,Weapon,Poison,
33459,39092,Weapon,Knife,
33460,39093,Weapon,Explosives,
33461,39094,Weapon,Poison,
33462,39095,Weapon,Poison,
33463,39097,Weapon,Poison,
33464,39099,Weapon,Explosives,
33465,39100,Weapon,Firearm,
33466,39101,Weapon,Poison,
33467,39102,Weapon,Poison,
33468,39103,Weapon,Knife,
33469,39104,Weapon,Explosives,
33470,39106,Weapon,Poison,
33471,39107,Weapon,Blunt Object,
33472,39109,Weapon,Other,
33473,39110,Weapon,Poison,
33474,39111,Weapon,Poison,
33475,39112,Weapon,Knife,
33476,39114,Weapon,Other,
33477,39116,Weapon,Other,
33478,39117,Weapon,Poison,
33479,39118,Weapon,Knife,
33480,39119,Weapon,Firearm,
33481,39120,Weapon,Other,
33482,39122,Weapon,Explosives,
33483,39123,Weapon,Knife,
33484,39124,Weapon,Poison,
33485,39125,Weapon,Explosives,
33486,39126,Weapon,Knife,
33487,39128,Weapon,Poison,
33488,39129,Weapon,Firearm,
33489,39130,Weapon,Other,
33490,39131,Weapon,Knife,
33491,39132,Weapon,Blunt Object,
33492,39133,Weapon,Blunt Object,
33493,39134,Weapon,Firearm,
33494,39138,Weapon,Other,
33495,39140,Weapon,Other,
33496,39142,Weapon,Other,
33497,39144,Weapon,Other,
33498,39145,Weapon,Knife,
33499,39146,Weapon,Knife,
33500,39147,Weapon,Firearm,
33501,39148,Weapon,Explosives,
33502,39149,Weapon,Knife,
33503,39150,Weapon,Other,
33504,39151,Weapon,Knife,
33505,39152,Weapon,Firearm,
33506,39153,Weapon,Explosives,
33507,39154,Weapon,Knife,
33508,39155,Weapon,Firearm,
33509,39157,Weapon,Blunt Object,
33510,39159,Weapon,Knife,
33511,39160,Weapon,Other,
33512,39161,Weapon,Poison,
33513,39162,Weapon,Other,
33514,39163,Weapon,Firearm,
33515,39164,Weapon,Poison,
33516,39165,Weapon,Other,
33517,39166,Weapon,Poison,
33518,39167,Weapon,Firearm,
33519,39168,Weapon,Firearm,
33520,39169,Weapon,Poison,
33521,39170,Weapon,Other,
33522,39171,Weapon,Blunt Object,
33523,39172,Weapon,Firearm,
33524,39173,Weapon,Poison,
33525,39174,Weapon,Blunt Object,
33526,39176,Weapon,Poison,
33527,39177,Weapon,Firearm,
33528,39178,Weapon,Explosives,
33529,39179,Weapon,Firearm,
33530,39180,Weapon,Blunt Object,
33531,39181,Weapon,Explosives,
33532,39182,Weapon,Explosives,
33533,39184,Weapon,Explosives,
33534,39185,Weapon,Knife,
33535,39186,Weapon,Blunt Object,
33536,39187,Weapon,Firearm,
33537,39188,Weapon,Knife,
33538,39189,Weapon,Poison,
33539,39190,Weapon,Blunt Object,
33540,39191,Weapon,Explosives,
33541,39192,Weapon,Explosives,
33542,39193,Weapon,Other,
33543,39195,Weapon,Blunt Object,
33544,39196,Weapon,Blunt Object,
33545,39197,Weapon,Other,
33546,39198,Weapon,Other,
33547,39199,Weapon,Explosives,
33548,39200,Weapon,Blunt Object,
33549,39201,Weapon,Explosives,
33550,39203,Weapon,Explosives,
33551,39204,Weapon,Explosives,
33552,39205,Weapon,Knife,
33553,39208,Weapon,Other,
33554,39209,Weapon,Knife,
33555,39210,Weapon,Explosives,
33556,39213,Weapon,Poison,
33557,39214,Weapon,Explosives,
33558,39215,Weapon,Knife,
33559,39216,Weapon,Firearm,
33560,39218,Weapon,Poison,
33561,39219,Weapon,Poison,
33562,39220,Weapon,Poison,
33563,39221,Weapon,Firearm,
33564,39222,Weapon,Blunt Object,
33565,39223,Weapon,Other,
33566,39224,Weapon,Other,
33567,39225,Weapon,Blunt Object,
33568,39227,Weapon,Explosives,
33569,39228,Weapon,Blunt Object,
33570,39229,Weapon,Blunt Object,
33571,39231,Weapon,Explosives,
33572,39232,Weapon,Other,
33573,39233,Weapon,Poison,
33574,39234,Weapon,Poison,
33575,39235,Weapon,Knife,
33576,39236,Weapon,Other,
33577,39237,Weapon,Firearm,
33578,39238,Weapon,Knife,
33579,39239,Weapon,Firearm,
33580,39240,Weapon,Other,
33581,39241,Weapon,Explosives,
33582,39242,Weapon,Other,
33583,39243,Weapon,Explosives,
33584,39244,Weapon,Poison,
33585,39245,Weapon,Blunt Object,
33586,39248,Weapon,Other,
33587,39249,Weapon,Blunt Object,
33588,39250,Weapon,Knife,
33589,39251,Weapon,Explosives,
33590,39253,Weapon,Poison,
33591,39254,Weapon,Explosives,
33592,39255,Weapon,Poison,
33593,39256,Weapon,Other,
33594,39257,Weapon,Other,
33595,39258,Weapon,Knife,
33596,39260,Weapon,Other,
33597,39262,Weapon,Other,
33598,39265,Weapon,Knife,
33599,39266,Weapon,Knife,
33600,39267,Weapon,Firearm,
33601,39268,Weapon,Blunt Object,
33602,39269,Weapon,Blunt Object,
33603,39270,Weapon,Poison,
33604,39271,Weapon,Other,
33605,39272,Weapon,Explosives,
33606,39273,Weapon,Firearm,
33607,39274,Weapon,Poison,
33608,39276,Weapon,Knife,
33609,39277,Weapon,Firearm,
33610,39279,Weapon,Other,
33611,39280,Weapon,Other,
33612,39282,Weapon,Blunt Object,
33613,39283,Weapon,Knife,
33614,39284,Weapon,Poison,
33615,39285,Weapon,Firearm,
33616,39286,Weapon,Explosives,
33617,39287,Weapon,Poison,
33618,39288,Weapon,Knife,
33619,39289,Weapon,Poison,
33620,39291,Weapon,Blunt Object,
33621,39293,Weapon,Other,
33622,39294,Weapon,Poison,
33623,39295,Weapon,Other,
33624,39296,Weapon,Poison,
33625,39297,Weapon,Blunt Object,
33626,39298,Weapon,Blunt Object,
33627,39299,Weapon,Explosives,
33628,39301,Weapon,Explosives,
33629,39302,Weapon,Other,
33630,39303,Weapon,Firearm,
33631,39304,Weapon,Blunt Object,
33632,39305,Weapon,Firearm,
33633,39308,Weapon,Explosives,
33634,39309,Weapon,Other,
33635,39310,Weapon,Firearm,
33636,39311,Weapon,Blunt Object,
33637,39312,Weapon,Poison,
33638,39313,Weapon,Knife,
33639,39314,Weapon,Knife,
33640,39315,Weapon,Poison,
33641,39316,Weapon,Knife,
33642,39317,Weapon,Firearm,
33643,39318,Weapon,Other,
33644,39319,Weapon,Blunt Object,
33645,39320,Weapon,Knife,
33646,39321,Weapon,Blunt Object,
33647,39322,Weapon,Knife,
33648,39323,Weapon,Other,
33649,39324,Weapon,Explosives,
33650,39325,Weapon,Poison,
33651,39326,Weapon,Poison,
33652,39327,Weapon,Other,
33653,39328,Weapon,Firearm,
33654,39329,Weapon,Blunt Object,
33655,39330,Weapon,Poison,
33656,39331,Weapon,Other,
33657,39332,Weapon,Poison,
33658,39333,Weapon,Blunt Object,
33659,39335,Weapon,Other,
33660,39336,Weapon,Explosives,
33661,39337,Weapon,Firearm,
33662,39338,Weapon,Explosives,
33663,39339,Weapon,Firearm,
33664,39341,Weapon,Blunt Object,
33665,39342,Weapon,Knife,
33666,39343,Weapon,Explosives,
33667,39344,Weapon,Knife,
33668,39345,Weapon,Other,
33669,39347,Weapon,Blunt Object,
33670,39348,Weapon,Explosives,
33671,39349,Weapon,Blunt Object,
33672,39351,Weapon,Knife,
33673,39352,Weapon,Poison,
33674,39353,Weapon,Explosives,
33675,39354,Weapon,Firearm,
33676,39355,Weapon,Other,
33677,39356,Weapon,Other,
33678,39357,Weapon,Explosives,
33679,39358,Weapon,Knife,
33680,39359,Weapon,Blunt Object,
33681,39360,Weapon,Firearm,
33682,39363,Weapon,Knife,
33683,39364,Weapon,Poison,
33684,39365,Weapon,Other,
33685,39366,Weapon,Poison,
33686,39367,Weapon,Knife,
33687,39368,Weapon,Other,
33688,39370,Weapon,Firearm,
33689,39372,Weapon,Firearm,
33690,39373,Weapon,Explosives,
33691,39374,Weapon,Explosives,
33692,39375,Weapon,Other,
33693,39376,Weapon,Knife,
33694,39377,Weapon,Poison,
33695,39378,Weapon,Explosives,
33696,39380,Weapon,Firearm,
33697,39381,Weapon,Firearm,
33698,39382,Weapon,Blunt Object,
33699,39383,Weapon,Explosives,
33700,39384,Weapon,Knife,
33701,39385,Weapon,Explosives,
33702,39387,Weapon,Explosives,
33703,39388,Weapon,Blunt Object,
33704,39389,Weapon,Other,
33705,39390,Weapon,Blunt Object,
33706,39391,Weapon,Knife,
33707,39392,Weapon,Knife,
33708,39393,Weapon,Explosives,
33709,39394,Weapon,Knife,
33710,39395,Weapon,Blunt Object,
33711,39396,Weapon,Firearm,
33712,39397,Weapon,Blunt Object,
33713,39398,Weapon,Firearm,
33714,39399,Weapon,Poison,
33715,39400,Weapon,Knife,
33716,39401,Weapon,Explosives,
33717,39402,Weapon,Firearm,
33718,39404,Weapon,Poison,
33719,39405,Weapon,Firearm,
33720,39406,Weapon,Explosives,
33721,39407,Weapon,Poison,
33722,39408,Weapon,Poison,
33723,39409,Weapon,Poison,
33724,39410,Weapon,Explosives,
33725,39411,Weapon,Poison,
33726,39412,Weapon,Blunt Object,
33727,39414,Weapon,Blunt Object,
33728,39415,Weapon,Knife,
33729,39416,Weapon,Blunt Object,
33730,39417,Weapon,Explosives,
33731,39418,Weapon,Blunt Object,
33732,39420,Weapon,Poison,
33733,39421,Weapon,Knife,
33734,39422,Weapon,Knife,
33735,39423,Weapon,Explosives,
33736,39424,Weapon,Blunt Object,
33737,39425,Weapon,Explosives,
33738,39426,Weapon,Blunt Object,
33739,39427,Weapon,Poison,
33740,39428,Weapon,Poison,
33741,39429,Weapon,Poison,
33742,39430,Weapon,Knife,
33743,39431,Weapon,Blunt Object,
33744,39432,Weapon,Other,
33745,39433,Weapon,Poison,
33746,39434,Weapon,Firearm,
33747,39435,Weapon,Explosives,
33748,39436,Weapon,Blunt Object,
33749,39437,Weapon,Blunt Object,
33750,39438,Weapon,Blunt Object,
33751,39439,Weapon,Other,
33752,39440,Weapon,Firearm,
33753,39441,Weapon,Explosives,
33754,39442,Weapon,Explosives,
33755,39444,Weapon,Knife,
33756,39445,Weapon,Firearm,
33757,39446,Weapon,Blunt Object,
33758,39447,Weapon,Knife,
33759,39448,Weapon,Blunt Object,
33760,39449,Weapon,Firearm,
33761,39452,Weapon,Firearm,
33762,39454,Weapon,Blunt Object,
33763,39455,Weapon,Explosives,
33764,39456,Weapon,Other,
33765,39457,Weapon,Firearm,
33766,39459,Weapon,Blunt Object,
33767,39460,Weapon,Firearm,
33768,39462,Weapon,Knife,
33769,39463,Weapon,Knife,
33770,39464,Weapon,Firearm,
33771,39465,Weapon,Explosives,
33772,39466,Weapon,Firearm,
33773,39467,Weapon,Other,
33774,39468,Weapon,Explosives,
33775,39469,Weapon,Knife,
33776,39470,Weapon,Poison,
33777,39471,Weapon,Explosives,
33778,39473,Weapon,Blunt Object,
33779,39474,Weapon,Poison,
33780,39475,Weapon,Blunt Object,
33781,39476,Weapon,Other,
33782,39478,Weapon,Knife,
33783,39479,Weapon,Firearm,
33784,39480,Weapon,Explosives,
33785,39481,Weapon,Firearm,
33786,39482,Weapon,Firearm,
33787,39483,Weapon,Firearm,
33788,39484,Weapon,Firearm,
33789,39485,Weapon,Knife,
33790,39486,Weapon,Explosives,
33791,39487,Weapon,Poison,
33792,39488,Weapon,Knife,
33793,39489,Weapon,Blunt Object,
33794,39490,Weapon,Other,
33795,39491,Weapon,Blunt Object,
33796,39492,Weapon,Knife,
33797,39493,Weapon,Knife,
33798,39494,Weapon,Poison,
33799,39495,Weapon,Other,
33800,39496,Weapon,Blunt Object,
33801,39497,Weapon,Other,
33802,39498,Weapon,Other,
33803,39499,Weapon,Other,
33804,39500,Weapon,Explosives,
33805,39502,Weapon,Knife,
33806,39503,Weapon,Knife,
33807,39504,Weapon,Knife,
33808,39505,Weapon,Firearm,
33809,39506,Weapon,Knife,
33810,39507,Weapon,Blunt Object,
33811,39508,Weapon,Knife,
33812,39509,Weapon,Knife,
33813,39510,Weapon,Knife,
33814,39511,Weapon,Firearm,
33815,39512,Weapon,Blunt Object,
33816,39513,Weapon,Knife,
33817,39514,Weapon,Explosives,
33818,39515,Weapon,Knife,
33819,39516,Weapon,Knife,
33820,39517,Weapon,Explosives,
33821,39518,Weapon,Explosives,
33822,39520,Weapon,Knife,
33823,39521,Weapon,Explosives,
33824,39522,Weapon,Firearm,
33825,39523,Weapon,Other,
33826,39524,Weapon,Knife,
33827,39525,Weapon,Firearm,
33828,39527,Weapon,Firearm,
33829,39528,Weapon,Other,
33830,39529,Weapon,Explosives,
33831,39530,Weapon,Firearm,
33832,39531,Weapon,Blunt Object,
33833,39532,Weapon,Poison,
33834,39533,Weapon,Knife,
33835,39535,Weapon,Firearm,
33836,39536,Weapon,Other,
33837,39537,Weapon,Other,
33838,39538,Weapon,Explosives,
33839,39539,Weapon,Poison,
33840,39540,Weapon,Blunt Object,
33841,39541,Weapon,Firearm,
33842,39542,Weapon,Blunt Object,
33843,39543,Weapon,Explosives,
33844,39544,Weapon,Other,
33845,39545,Weapon,Firearm,
33846,39546,Weapon,Poison,
33847,39547,Weapon,Knife,
33848,39550,Weapon,Explosives,
33849,39551,Weapon,Other,
33850,39553,Weapon,Knife,
33851,39554,Weapon,Blunt Object,
33852,39555,Weapon,Knife,
33853,39556,Weapon,Firearm,
33854,39557,Weapon,Knife,
33855,39558,Weapon,Poison,
33856,39559,Weapon,Poison,
33857,39560,Weapon,Knife,
33858,39561,Weapon,Blunt Object,
33859,39562,Weapon,Firearm,
33860,39563,Weapon,Other,
33861,39564,Weapon,Other,
33862,39565,Weapon,Other,
33863,39566,Weapon,Knife,
33864,39567,Weapon,Blunt Object,
33865,39568,Weapon,Knife,
33866,39569,Weapon,Poison,
33867,39570,Weapon,Poison,
33868,39571,Weapon,Other,
33869,39572,Weapon,Poison,
33870,39573,Weapon,Poison,
33871,39574,Weapon,Blunt Object,
33872,39575,Weapon,Explosives,
33873,39576,Weapon,Poison,
33874,39577,Weapon,Firearm,
33875,39579,Weapon,Poison,
33876,39581,Weapon,Firearm,
33877,39582,Weapon,Poison,
33878,39583,Weapon,Firearm,
33879,39584,Weapon,Firearm,
33880,39585,Weapon,Poison,
33881,39586,Weapon,Other,
33882,39587,Weapon,Firearm,
33883,39590,Weapon,Other,
33884,39591,Weapon,Explosives,
33885,39592,Weapon,Explosives,
33886,39593,Weapon,Explosives,
33887,39594,Weapon,Poison,
33888,39595,Weapon,Poison,
33889,39597,Weapon,Knife,
33890,39598,Weapon,Other,
33891,39599,Weapon,Blunt Object,
33892,39600,Weapon,Blunt Object,
33893,39601,Weapon,Blunt Object,
33894,39602,Weapon,Blunt Object,
33895,39603,Weapon,Blunt Object,
33896,39604,Weapon,Knife,
33897,39605,Weapon,Knife,
33898,39606,Weapon,Poison,
33899,39607,Weapon,Explosives,
33900,39608,Weapon,Knife,
33901,39609,Weapon,Knife,
33902,39610,Weapon,Firearm,
33903,39611,Weapon,Blunt Object,
33904,39612,Weapon,Blunt Object,
33905,39613,Weapon,Firearm,
33906,39614,Weapon,Other,
33907,39615,Weapon,Other,
33908,39616,Weapon,Other,
33909,39617,Weapon,Other,
33910,39618,Weapon,Explosives,
33911,39619,Weapon,Blunt Object,
33912,39620,Weapon,Knife,
33913,39621,Weapon,Other,
33914,39622,Weapon,Poison,
33915,39623,Weapon,Explosives,
33916,39624,Weapon,Knife,
33917,39625,Weapon,Blunt Object,
33918,39626,Weapon,Other,
33919,39627,Weapon,Explosives,
33920,39628,Weapon,Knife,
33921,39629,Weapon,Poison,
33922,39630,Weapon,Blunt Object,
33923,39631,Weapon,Blunt Object,
33924,39632,Weapon,Knife,
33925,39633,Weapon,Other,
33926,39634,Weapon,Firearm,
33927,39635,Weapon,Explosives,
33928,39636,Weapon,Blunt Object,
33929,39641,Weapon,Other,
33930,39642,Weapon,Other,
33931,39643,Weapon,Knife,
33932,39644,Weapon,Knife,
33933,39645,Weapon,Other,
33934,39646,Weapon,Firearm,
33935,39648,Weapon,Explosives,
33936,39650,Weapon,Poison,
33937,39652,Weapon,Blunt Object,
33938,39655,Weapon,Poison,
33939,39656,Weapon,Explosives,
33940,39657,Weapon,Knife,
33941,39658,Weapon,Poison,
33942,39659,Weapon,Blunt Object,
33943,39660,Weapon,Firearm,
33944,39661,Weapon,Poison,
33945,39663,Weapon,Poison,
33946,39665,Weapon,Blunt Object,
33947,39666,Weapon,Poison,
33948,39667,Weapon,Poison,
33949,39670,Weapon,Poison,
33950,39671,Weapon,Poison,
33951,39673,Weapon,Other,
33952,39674,Weapon,Explosives,
33953,39675,Weapon,Firearm,
33954,39676,Weapon,Other,
33955,39677,Weapon,Poison,
33956,39679,Weapon,Knife,
33957,39680,Weapon,Blunt Object,
33958,39681,Weapon,Firearm,
33959,39682,Weapon,Poison,
33960,39684,Weapon,Knife,
33961,39685,Weapon,Blunt Object,
33962,39686,Weapon,Firearm,
33963,39687,Weapon,Poison,
33964,39688,Weapon,Other,
33965,39689,Weapon,Blunt Object,
33966,39690,Weapon,Explosives,
33967,39691,Weapon,Poison,
33968,39692,Weapon,Poison,
33969,39693,Weapon,Poison,
33970,39694,Weapon,Knife,
33971,39695,Weapon,Knife,
33972,39696,Weapon,Firearm,
33973,39697,Weapon,Explosives,
33974,39698,Weapon,Explosives,
33975,39699,Weapon,Explosives,
33976,39700,Weapon,Explosives,
33977,39701,Weapon,Blunt Object,
33978,39702,Weapon,Blunt Object,
33979,39703,Weapon,Explosives,
33980,39704,Weapon,Firearm,
33981,39705,Weapon,Firearm,
33982,39706,Weapon,Poison,
33983,39707,Weapon,Blunt Object,
33984,39708,Weapon,Other,
33985,39709,Weapon,Blunt Object,
33986,39710,Weapon,Poison,
33987,39711,Weapon,Other,
33988,39712,Weapon,Firearm,
33989,39713,Weapon,Other,
33990,39714,Weapon,Firearm,
33991,39716,Weapon,Knife,
33992,39717,Weapon,Poison,
33993,39718,Weapon,Poison,
33994,39720,Weapon,Explosives,
33995,39721,Weapon,Knife,
33996,39723,Weapon,Knife,
33997,39724,Weapon,Poison,
33998,39725,Weapon,Explosives,
33999,39726,Weapon,Firearm,
34000,39727,Weapon,Knife,
34001,39728,Weapon,Blunt Object,
34002,39730,Weapon,Knife,
34003,39731,Weapon,Other,
34004,39732,Weapon,Other,
34005,39733,Weapon,Explosives,
34006,39734,Weapon,Poison,
34007,39735,Weapon,Knife,
34008,39736,Weapon,Poison,
34009,39737,Weapon,Blunt Object,
34010,39739,Weapon,Poison,
34011,39740,Weapon,Knife,
34012,39741,Weapon,Blunt Object,
34013,39742,Weapon,Knife,
34014,39743,Weapon,Poison,
34015,39745,Weapon,Firearm,
34016,39747,Weapon,Blunt Object,
34017,39748,Weapon,Explosives,
34018,39751,Weapon,Other,
34019,39752,Weapon,Other,
34020,39753,Weapon,Other,
34021,39754,Weapon,Blunt Object,
34022,39755,Weapon,Explosives,
34023,39756,Weapon,Poison,
34024,39757,Weapon,Other,
34025,39758,Weapon,Firearm,
34026,39759,Weapon,Other,
34027,39760,Weapon,Blunt Object,
34028,39761,Weapon,Explosives,
34029,39762,Weapon,Other,
34030,39763,Weapon,Poison,
34031,39764,Weapon,Blunt Object,
34032,39765,Weapon,Poison,
34033,39766,Weapon,Blunt Object,
34034,39767,Weapon,Blunt Object,
34035,39768,Weapon,Poison,
34036,39769,Weapon,Poison,
34037,39770,Weapon,Firearm,
34038,39771,Weapon,Poison,
34039,39773,Weapon,Other,
34040,39774,Weapon,Knife,
34041,39775,Weapon,Explosives,
34042,39776,Weapon,Poison,
34043,39777,Weapon,Blunt Object,
34044,39779,Weapon,Knife,
34045,39780,Weapon,Other,
34046,39782,Weapon,Knife,
34047,39783,Weapon,Firearm,
34048,39784,Weapon,Blunt Object,
34049,39786,Weapon,Blunt Object,
34050,39787,Weapon,Explosives,
34051,39788,Weapon,Other,
34052,39789,Weapon,Poison,
34053,39791,Weapon,Knife,
34054,39792,Weapon,Blunt Object,
34055,39793,Weapon,Firearm,
34056,39794,Weapon,Other,
34057,39795,Weapon,Poison,
34058,39796,Weapon,Blunt Object,
34059,39797,Weapon,Other,
34060,39798,Weapon,Firearm,
34061,39800,Weapon,Poison,
34062,39801,Weapon,Firearm,
34063,39803,Weapon,Explosives,
34064,39804,Weapon,Firearm,
34065,39805,Weapon,Knife,
34066,39806,Weapon,Explosives,
34067,39807,Weapon,Blunt Object,
34068,39808,Weapon,Explosives,
34069,39810,Weapon,Firearm,
34070,39811,Weapon,Explosives,
34071,39812,Weapon,Knife,
34072,39813,Weapon,Poison,
34073,39814,Weapon,Explosives,
34074,39816,Weapon,Poison,
34075,39817,Weapon,Knife,
34076,39818,Weapon,Knife,
34077,39819,Weapon,Firearm,
34078,39820,Weapon,Explosives,
34079,39821,Weapon,Knife,
34080,39822,Weapon,Blunt Object,
34081,39823,Weapon,Firearm,
34082,39824,Weapon,Firearm,
34083,39825,Weapon,Explosives,
34084,39826,Weapon,Blunt Object,
34085,39827,Weapon,Blunt Object,
34086,39828,Weapon,Knife,
34087,39829,Weapon,Poison,
34088,39830,Weapon,Explosives,
34089,39831,Weapon,Poison,
34090,39832,Weapon,Knife,
34091,39833,Weapon,Firearm,
34092,39834,Weapon,Explosives,
34093,39835,Weapon,Firearm,
34094,39837,Weapon,Poison,
34095,39838,Weapon,Knife,
34096,39840,Weapon,Knife,
34097,39841,Weapon,Explosives,
34098,39842,Weapon,Other,
34099,39843,Weapon,Firearm,
34100,39845,Weapon,Poison,
34101,39846,Weapon,Explosives,
34102,39847,Weapon,Blunt Object,
34103,39848,Weapon,Explosives,
34104,39849,Weapon,Firearm,
34105,39850,Weapon,Firearm,
34106,39851,Weapon,Knife,
34107,39852,Weapon,Poison,
34108,39853,Weapon,Knife,
34109,39854,Weapon,Blunt Object,
34110,39855,Weapon,Firearm,
34111,39857,Weapon,Blunt Object,
34112,39858,Weapon,Firearm,
34113,39859,Weapon,Blunt Object,
34114,39860,Weapon,Knife,
34115,39861,Weapon,Knife,
34116,39863,Weapon,Blunt Object,
34117,39864,Weapon,Firearm,
34118,39865,Weapon,Knife,
34119,39866,Weapon,Blunt Object,
34120,39867,Weapon,Knife,
34121,39868,Weapon,Firearm,
34122,39869,Weapon,Knife,
34123,39870,Weapon,Knife,
34124,39871,Weapon,Knife,
34125,39873,Weapon,Blunt Object,
34126,39874,Weapon,Firearm,
34127,39876,Weapon,Poison,
34128,39877,Weapon,Explosives,
34129,39879,Weapon,Blunt Object,
34130,39880,Weapon,Other,
34131,39881,Weapon,Poison,
34132,39883,Weapon,Other,
34133,39884,Weapon,Knife,
34134,39885,Weapon,Firearm,
34135,39886,Weapon,Blunt Object,
34136,39887,Weapon,Other,
34137,39888,Weapon,Firearm,
34138,39889,Weapon,Other,
34139,39890,Weapon,Other,
34140,39891,Weapon,Firearm,
34141,39892,Weapon,Poison,
34142,39894,Weapon,Explosives,
34143,39895,Weapon,Firearm,
34144,39898,Weapon,Other,
34145,39899,Weapon,Firearm,
34146,39900,Weapon,Knife,
34147,39902,Weapon,Blunt Object,
34148,39903,Weapon,Blunt Object,
34149,39904,Weapon,Blunt Object,
34150,39905,Weapon,Other,
34151,39907,Weapon,Other,
34152,39908,Weapon,Other,
34153,39909,Weapon,Other,
34154,39910,Weapon,Blunt Object,
34155,39911,Weapon,Other,
34156,39912,Weapon,Knife,
34157,39913,Weapon,Explosives,
34158,39914,Weapon,Other,
34159,39915,Weapon,Firearm,
34160,39918,Weapon,Blunt Object,
34161,39919,Weapon,Firearm,
34162,39920,Weapon,Knife,
34163,39921,Weapon,Firearm,
34164,39922,Weapon,Blunt Object,
34165,39923,Weapon,Poison,
34166,39924,Weapon,Explosives,
34167,39925,Weapon,Other,
34168,39927,Weapon,Blunt Object,
34169,39928,Weapon,Firearm,
34170,39929,Weapon,Poison,
34171,39930,Weapon,Other,
34172,39932,Weapon,Other,
34173,39933,Weapon,Knife,
34174,39934,Weapon,Knife,
34175,39935,Weapon,Knife,
34176,39936,Weapon,Firearm,
34177,39937,Weapon,Blunt Object,
34178,39938,Weapon,Explosives,
34179,39939,Weapon,Blunt Object,
34180,39940,Weapon,Firearm,
34181,39941,Weapon,Explosives,
34182,39942,Weapon,Poison,
34183,39943,Weapon,Firearm,
34184,39946,Weapon,Firearm,
34185,39947,Weapon,Other,
34186,39948,Weapon,Blunt Object,
34187,39949,Weapon,Other,
34188,39950,Weapon,Firearm,
34189,39951,Weapon,Poison,
34190,39952,Weapon,Firearm,
34191,39953,Weapon,Other,
34192,39954,Weapon,Knife,
34193,39955,Weapon,Poison,
34194,39956,Weapon,Poison,
34195,39957,Weapon,Other,
34196,39958,Weapon,Firearm,
34197,39959,Weapon,Blunt Object,
34198,39960,Weapon,Knife,
34199,39961,Weapon,Other,
34200,39963,Weapon,Other,
34201,39964,Weapon,Poison,
34202,39965,Weapon,Other,
34203,39967,Weapon,Explosives,
34204,39968,Weapon,Knife,
34205,39969,Weapon,Firearm,
34206,39970,Weapon,Other,
34207,39971,Weapon,Other,
34208,39972,Weapon,Other,
34209,39973,Weapon,Other,
34210,39974,Weapon,Blunt Object,
34211,39975,Weapon,Knife,
34212,39976,Weapon,Other,
34213,39977,Weapon,Other,
34214,39978,Weapon,Poison,
34215,39981,Weapon,Other,
34216,39982,Weapon,Knife,
34217,39983,Weapon,Firearm,
34218,39984,Weapon,Explosives,
34219,39985,Weapon,Knife,
34220,39986,Weapon,Other,
34221,39987,Weapon,Other,
34222,39988,Weapon,Other,
34223,39989,Weapon,Poison,
34224,39990,Weapon,Firearm,
34225,39992,Weapon,Other,
34226,39993,Weapon,Explosives,
34227,39994,Weapon,Blunt Object,
34228,39995,Weapon,Other,
34229,39996,Weapon,Explosives,
34230,39997,Weapon,Other,
34231,39998,Weapon,Knife,
34232,40000,Weapon,Explosives,
34233,40001,Weapon,Blunt Object,
34234,40002,Weapon,Firearm,
34235,40003,Weapon,Explosives,
34236,40004,Weapon,Poison,
34237,40005,Weapon,Blunt Object,
34238,40006,Weapon,Other,
34239,40007,Weapon,Other,
34240,40008,Weapon,Blunt Object,
34241,40010,Weapon,Poison,
34242,40011,Weapon,Blunt Object,
34243,40013,Weapon,Firearm,
34244,40014,Weapon,Knife,
34245,40016,Weapon,Blunt Object,
34246,40018,Weapon,Blunt Object,
34247,40019,Weapon,Poison,
34248,40020,Weapon,Firearm,
34249,40021,Weapon,Knife,
34250,40022,Weapon,Other,
34251,40023,Weapon,Other,
34252,40024,Weapon,Blunt Object,
34253,40025,Weapon,Poison,
34254,40026,Weapon,Firearm,
34255,40028,Weapon,Knife,
34256,40029,Weapon,Firearm,
34257,40030,Weapon,Other,
34258,40031,Weapon,Knife,
34259,40032,Weapon,Other,
34260,40033,Weapon,Knife,
34261,40034,Weapon,Poison,
34262,40036,Weapon,Blunt Object,
34263,40037,Weapon,Poison,
34264,40038,Weapon,Poison,
34265,40039,Weapon,Knife,
34266,40042,Weapon,Poison,
34267,40043,Weapon,Knife,
34268,40044,Weapon,Blunt Object,
34269,40045,Weapon,Other,
34270,40046,Weapon,Explosives,
34271,40047,Weapon,Other,
34272,40048,Weapon,Blunt Object,
34273,40049,Weapon,Firearm,
34274,40050,Weapon,Blunt Object,
34275,40052,Weapon,Explosives,
34276,40053,Weapon,Explosives,
34277,40055,Weapon,Other,
34278,40056,Weapon,Firearm,
34279,40057,Weapon,Poison,
34280,40058,Weapon,Knife,
34281,40059,Weapon,Blunt Object,
34282,40060,Weapon,Poison,
34283,40061,Weapon,Knife,
34284,40062,Weapon,Firearm,
34285,40063,Weapon,Firearm,
34286,40064,Weapon,Firearm,
34287,40065,Weapon,Explosives,
34288,40066,Weapon,Explosives,
34289,40067,Weapon,Firearm,
34290,40068,Weapon,Poison,
34291,40069,Weapon,Knife,
34292,40070,Weapon,Explosives,
34293,40072,Weapon,Knife,
34294,40073,Weapon,Poison,
34295,40074,Weapon,Poison,
34296,40075,Weapon,Explosives,
34297,40076,Weapon,Poison,
34298,40078,Weapon,Knife,
34299,40080,Weapon,Knife,
34300,40081,Weapon,Poison,
34301,40082,Weapon,Firearm,
34302,40083,Weapon,Knife,
34303,40084,Weapon,Other,
34304,40085,Weapon,Explosives,
34305,40086,Weapon,Poison,
34306,40087,Weapon,Other,
34307,40088,Weapon,Poison,
34308,40089,Weapon,Explosives,
34309,40090,Weapon,Explosives,
34310,40092,Weapon,Poison,
34311,40093,Weapon,Poison,
34312,40094,Weapon,Blunt Object,
34313,40095,Weapon,Other,
34314,40096,Weapon,Other,
34315,40097,Weapon,Poison,
34316,40098,Weapon,Explosives,
34317,40099,Weapon,Explosives,
34318,40100,Weapon,Knife,
34319,40101,Weapon,Blunt Object,
34320,40102,Weapon,Other,
34321,40103,Weapon,Knife,
34322,40104,Weapon,Firearm,
34323,40105,Weapon,Other,
34324,40106,Weapon,Firearm,
34325,40107,Weapon,Poison,
34326,40108,Weapon,Explosives,
34327,40109,Weapon,Poison,
34328,40110,Weapon,Firearm,
34329,40112,Weapon,Firearm,
34330,40113,Weapon,Poison,
34331,40114,Weapon,Firearm,
34332,40115,Weapon,Blunt Object,
34333,40116,Weapon,Poison,
34334,40117,Weapon,Blunt Object,
34335,40118,Weapon,Blunt Object,
34336,40120,Weapon,Other,
34337,40121,Weapon,Blunt Object,
34338,40122,Weapon,Explosives,
34339,40123,Weapon,Explosives,
34340,40124,Weapon,Explosives,
34341,40127,Weapon,Other,
34342,40128,Weapon,Knife,
34343,40129,Weapon,Explosives,
34344,40130,Weapon,Blunt Object,
34345,40132,Weapon,Poison,
34346,40133,Weapon,Firearm,
34347,40134,Weapon,Poison,
34348,40135,Weapon,Blunt Object,
34349,40136,Weapon,Firearm,
34350,40138,Weapon,Knife,
34351,40139,Weapon,Other,
34352,40140,Weapon,Explosives,
34353,40141,Weapon,Knife,
34354,40142,Weapon,Poison,
34355,40143,Weapon,Poison,
34356,40144,Weapon,Firearm,
34357,40145,Weapon,Knife,
34358,40146,Weapon,Explosives,
34359,40147,Weapon,Other,
34360,40148,Weapon,Poison,
34361,40149,Weapon,Other,
34362,40150,Weapon,Other,
34363,40151,Weapon,Knife,
34364,40153,Weapon,Blunt Object,
34365,40154,Weapon,Blunt Object,
34366,40155,Weapon,Explosives,
34367,40156,Weapon,Firearm,
34368,40158,Weapon,Other,
34369,40159,Weapon,Blunt Object,
34370,40160,Weapon,Poison,
