Victim_ID,Name,Age,Gender,Contact,Address,User_ID
1,,16,Male,,,
2,,37,Male,,,
3,,48,Female,,,
4,,49,Female,,,
5,,30,Female,,,
6,,16,Male,,,
7,,64,Female,,,
8,,78,Other,,,
9,,41,Other,,,
10,,29,Male,,,
11,,71,Male,,,
12,,26,Male,,,
13,,36,Female,,,
14,,32,Other,,,
15,,77,Female,,,
16,,51,Female,,,
17,,61,Male,,,
18,,64,Female,,,
19,,11,Male,,,
20,,62,Female,,,
21,,50,Female,,,
22,,64,Female,,,
23,,69,Female,,,
24,,77,Female,,,
25,,18,Female,,,
26,,60,Male,,,
27,,49,Male,,,
28,,41,Female,,,
29,,33,Female,,,
30,,37,Female,,,
31,,32,Female,,,
32,,60,Male,,,
33,,73,Female,,,
34,,24,Female,,,
35,,34,Female,,,
36,,32,Female,,,
37,,33,Female,,,
38,,22,Female,,,
39,,32,Female,,,
40,,69,Female,,,
41,,28,Female,,,
42,,42,Male,,,
43,,40,Male,,,
44,,44,Male,,,
45,,44,Female,,,
46,,67,Male,,,
47,,47,Female,,,
48,,38,Female,,,
49,,77,Female,,,
50,,37,Female,,,
51,,54,Female,,,
52,,38,Female,,,
53,,29,Male,,,
54,,75,Male,,,
55,,61,Female,,,
56,,49,Female,,,
57,,67,Female,,,
58,,70,Female,,,
59,,75,Female,,,
60,,53,Female,,,
61,,16,Male,,,
62,,30,Male,,,
63,,56,Male,,,
64,,19,Female,,,
65,,58,Female,,,
66,,45,Female,,,
67,,25,Male,,,
68,,22,Male,,,
69,,59,Female,,,
70,,31,Female,,,
71,,58,Female,,,
72,,53,Female,,,
73,,35,Female,,,
74,,36,Male,,,
75,,70,Female,,,
76,,52,Male,,,
77,,25,Female,,,
78,,58,Female,,,
79,,39,Female,,,
80,,54,Female,,,
81,,61,Female,,,
82,,16,Female,,,
83,,25,Female,,,
84,,72,Female,,,
85,,48,Male,,,
86,,22,Male,,,
87,,30,Female,,,
88,,11,Female,,,
89,,16,Female,,,
90,,73,Female,,,
91,,72,Female,,,
92,,60,Female,,,
93,,53,Male,,,
94,,42,Female,,,
95,,10,Male,,,
96,,51,Female,,,
97,,26,Female,,,
98,,71,Male,,,
99,,74,Female,,,
100,,13,Female,,,
101,,50,Female,,,
102,,69,Female,,,
103,,34,Female,,,
104,,38,Female,,,
105,,44,Female,,,
106,,69,Female,,,
107,,12,Female,,,
108,,21,Female,,,
109,,55,Female,,,
110,,15,Female,,,
111,,58,Female,,,
112,,37,Female,,,
113,,49,Female,,,
114,,30,Male,,,
115,,50,Female,,,
116,,64,Female,,,
117,,43,Male,,,
118,,32,Male,,,
119,,14,Male,,,
120,,70,Male,,,
121,,78,Female,,,
122,,22,Female,,,
123,,60,Female,,,
124,,44,Female,,,
125,,30,Male,,,
126,,62,Female,,,
127,,42,Female,,,
128,,73,Female,,,
129,,25,Male,,,
130,,33,Male,,,
131,,13,Female,,,
132,,39,Female,,,
133,,18,Male,,,
134,,75,Female,,,
135,,50,Female,,,
136,,71,Female,,,
137,,38,Female,,,
138,,12,Male,,,
139,,57,Female,,,
140,,47,Female,,,
141,,73,Female,,,
142,,41,Female,,,
143,,45,Female,,,
144,,79,Female,,,
145,,17,Male,,,
146,,15,Female,,,
147,,44,Female,,,
148,,28,Female,,,
149,,41,Female,,,
150,,46,Female,,,
151,,35,Female,,,
152,,67,Male,,,
153,,23,Female,,,
154,,39,Female,,,
155,,48,Female,,,
156,,71,Female,,,
157,,32,Female,,,
158,,18,Female,,,
159,,38,Female,,,
160,,27,Female,,,
161,,30,Female,,,
162,,17,Female,,,
163,,39,Female,,,
164,,66,Female,,,
165,,11,Female,,,
166,,54,Male,,,
167,,79,Male,,,
168,,12,Female,,,
169,,19,Female,,,
170,,21,Female,,,
171,,24,Male,,,
172,,58,Male,,,
173,,51,Female,,,
174,,40,Female,,,
175,,64,Male,,,
176,,66,Female,,,
177,,28,Female,,,
178,,54,Female,,,
179,,42,Female,,,
180,,72,Male,,,
181,,23,Female,,,
182,,53,Female,,,
183,,28,Female,,,
184,,27,Female,,,
185,,67,Female,,,
186,,70,Female,,,
187,,75,Female,,,
188,,66,Female,,,
189,,24,Female,,,
190,,44,Male,,,
191,,63,Female,,,
192,,18,Male,,,
193,,19,Female,,,
194,,49,Male,,,
195,,33,Female,,,
196,,56,Male,,,
197,,32,Male,,,
198,,25,Female,,,
199,,62,Female,,,
200,,56,Female,,,
201,,27,Female,,,
202,,63,Male,,,
203,,34,Female,,,
204,,16,Female,,,
205,,59,Female,,,
206,,44,Female,,,
207,,21,Female,,,
208,,59,Male,,,
209,,41,Female,,,
210,,43,Female,,,
211,,15,Male,,,
212,,34,Male,,,
213,,19,Female,,,
214,,73,Male,,,
215,,44,Male,,,
216,,14,Female,,,
217,,73,Male,,,
218,,49,Female,,,
219,,61,Male,,,
220,,68,Female,,,
221,,24,Female,,,
222,,69,Female,,,
223,,55,Female,,,
224,,49,Female,,,
225,,40,Female,,,
226,,51,Female,,,
227,,35,Female,,,
228,,65,Female,,,
229,,61,Female,,,
230,,35,Male,,,
231,,45,Male,,,
232,,32,Female,,,
233,,11,Female,,,
234,,40,Male,,,
235,,23,Female,,,
236,,14,Male,,,
237,,23,Male,,,
238,,35,Male,,,
239,,65,Male,,,
240,,51,Female,,,
241,,35,Female,,,
242,,59,Female,,,
243,,48,Female,,,
244,,18,Female,,,
245,,58,Female,,,
246,,65,Female,,,
247,,38,Female,,,
248,,77,Female,,,
249,,70,Female,,,
250,,11,Female,,,
251,,45,Female,,,
252,,71,Female,,,
253,,11,Male,,,
254,,39,Male,,,
255,,68,Male,,,
256,,76,Male,,,
257,,47,Male,,,
258,,22,Female,,,
259,,33,Male,,,
260,,55,Female,,,
261,,11,Female,,,
262,,49,Male,,,
263,,56,Female,,,
264,,69,Female,,,
265,,79,Female,,,
266,,17,Female,,,
267,,71,Female,,,
268,,16,Female,,,
269,,71,Male,,,
270,,50,Male,,,
271,,38,Male,,,
272,,39,Female,,,
273,,36,Male,,,
274,,56,Female,,,
275,,78,Male,,,
276,,21,Male,,,
277,,10,Female,,,
278,,44,Female,,,
279,,58,Male,,,
280,,45,Female,,,
281,,12,Female,,,
282,,62,Female,,,
283,,48,Female,,,
284,,55,Female,,,
285,,70,Female,,,
286,,38,Male,,,
287,,12,Female,,,
288,,30,Female,,,
289,,25,Female,,,
290,,22,Female,,,
291,,69,Female,,,
292,,31,Female,,,
293,,59,Male,,,
294,,51,Female,,,
295,,48,Male,,,
296,,62,Male,,,
297,,50,Male,,,
298,,32,Male,,,
299,,40,Female,,,
300,,55,Female,,,
301,,64,Male,,,
302,,59,Female,,,
303,,12,Female,,,
304,,30,Female,,,
305,,13,Female,,,
306,,27,Male,,,
307,,50,Female,,,
308,,66,Female,,,
309,,26,Male,,,
310,,35,Female,,,
311,,29,Female,,,
312,,32,Female,,,
313,,37,Female,,,
314,,18,Female,,,
315,,60,Male,,,
316,,42,Male,,,
317,,42,Female,,,
318,,67,Male,,,
319,,79,Female,,,
320,,41,Male,,,
321,,45,Male,,,
322,,62,Male,,,
323,,64,Female,,,
324,,67,Male,,,
325,,67,Female,,,
326,,45,Female,,,
327,,53,Female,,,
328,,68,Male,,,
329,,70,Male,,,
330,,42,Female,,,
331,,15,Female,,,
332,,57,Male,,,
333,,70,Male,,,
334,,42,Male,,,
335,,77,Female,,,
336,,40,Female,,,
337,,53,Female,,,
338,,21,Male,,,
339,,64,Female,,,
340,,36,Female,,,
341,,14,Female,,,
342,,30,Female,,,
343,,46,Male,,,
344,,48,Female,,,
345,,60,Female,,,
346,,11,Male,,,
347,,76,Female,,,
348,,55,Male,,,
349,,17,Female,,,
350,,50,Female,,,
351,,73,Female,,,
352,,44,Female,,,
353,,64,Female,,,
354,,78,Female,,,
355,,54,Female,,,
356,,25,Female,,,
357,,44,Male,,,
358,,12,Female,,,
359,,31,Female,,,
360,,14,Female,,,
361,,14,Male,,,
362,,26,Female,,,
363,,51,Female,,,
364,,11,Female,,,
365,,43,Female,,,
366,,69,Male,,,
367,,59,Male,,,
368,,31,Male,,,
369,,46,Female,,,
370,,28,Male,,,
371,,62,Female,,,
372,,36,Female,,,
373,,24,Female,,,
374,,36,Female,,,
375,,28,Female,,,
376,,29,Female,,,
377,,44,Male,,,
378,,27,Female,,,
379,,19,Female,,,
380,,36,Female,,,
381,,69,Female,,,
382,,63,Female,,,
383,,38,Female,,,
384,,73,Female,,,
385,,57,Male,,,
386,,45,Female,,,
387,,13,Female,,,
388,,59,Female,,,
389,,79,Female,,,
390,,19,Male,,,
391,,51,Female,,,
392,,54,Female,,,
393,,54,Male,,,
394,,56,Male,,,
395,,65,Female,,,
396,,35,Female,,,
397,,69,Male,,,
398,,78,Female,,,
399,,19,Female,,,
400,,67,Female,,,
401,,66,Female,,,
402,,36,Female,,,
403,,52,Male,,,
404,,77,Female,,,
405,,38,Female,,,
406,,14,Female,,,
407,,69,Male,,,
408,,52,Female,,,
409,,72,Male,,,
410,,49,Female,,,
411,,29,Male,,,
412,,46,Male,,,
413,,60,Female,,,
414,,30,Female,,,
415,,52,Female,,,
416,,23,Female,,,
417,,47,Female,,,
418,,36,Male,,,
419,,40,Male,,,
420,,12,Female,,,
421,,66,Female,,,
422,,33,Female,,,
423,,28,Male,,,
424,,40,Female,,,
425,,45,Male,,,
426,,73,Female,,,
427,,29,Female,,,
428,,33,Female,,,
429,,16,Male,,,
430,,46,Female,,,
431,,14,Female,,,
432,,76,Female,,,
433,,61,Male,,,
434,,45,Male,,,
435,,13,Female,,,
436,,53,Female,,,
437,,17,Male,,,
438,,18,Female,,,
439,,18,Female,,,
440,,79,Female,,,
441,,28,Male,,,
442,,79,Female,,,
443,,78,Female,,,
444,,22,Female,,,
445,,31,Female,,,
446,,54,Male,,,
447,,35,Female,,,
448,,64,Female,,,
449,,30,Female,,,
450,,69,Male,,,
451,,42,Female,,,
452,,68,Male,,,
453,,55,Female,,,
454,,70,Female,,,
455,,68,Female,,,
456,,56,Female,,,
457,,62,Male,,,
458,,62,Male,,,
459,,44,Female,,,
460,,58,Male,,,
461,,27,Male,,,
462,,73,Female,,,
463,,54,Male,,,
464,,59,Female,,,
465,,27,Female,,,
466,,53,Female,,,
467,,39,Male,,,
468,,67,Female,,,
469,,74,Female,,,
470,,72,Female,,,
471,,58,Male,,,
472,,76,Female,,,
473,,43,Female,,,
474,,45,Male,,,
475,,28,Female,,,
476,,67,Female,,,
477,,47,Male,,,
478,,77,Female,,,
479,,57,Male,,,
480,,54,Female,,,
481,,39,Female,,,
482,,12,Male,,,
483,,24,Female,,,
484,,17,Male,,,
485,,11,Female,,,
486,,15,Male,,,
487,,48,Male,,,
488,,32,Female,,,
489,,65,Male,,,
490,,21,Female,,,
491,,60,Male,,,
492,,40,Female,,,
493,,54,Female,,,
494,,28,Female,,,
495,,63,Female,,,
496,,21,Male,,,
497,,75,Male,,,
498,,16,Female,,,
499,,31,Female,,,
500,,67,Female,,,
501,,18,Male,,,
502,,59,Female,,,
503,,41,Female,,,
504,,70,Female,,,
505,,62,Female,,,
506,,16,Female,,,
507,,32,Female,,,
508,,10,Female,,,
509,,48,Male,,,
510,,58,Male,,,
511,,26,Female,,,
512,,65,Female,,,
513,,71,Female,,,
514,,62,Male,,,
515,,43,Female,,,
516,,69,Male,,,
517,,12,Female,,,
518,,19,Female,,,
519,,26,Female,,,
520,,66,Female,,,
521,,73,Female,,,
522,,61,Female,,,
523,,64,Male,,,
524,,34,Female,,,
525,,47,Female,,,
526,,11,Female,,,
527,,14,Female,,,
528,,38,Female,,,
529,,43,Female,,,
530,,22,Female,,,
531,,13,Male,,,
532,,33,Male,,,
533,,49,Male,,,
534,,74,Male,,,
535,,47,Female,,,
536,,68,Female,,,
537,,26,Male,,,
538,,34,Male,,,
539,,52,Male,,,
540,,59,Female,,,
541,,29,Male,,,
542,,11,Male,,,
543,,78,Female,,,
544,,24,Female,,,
545,,31,Female,,,
546,,14,Female,,,
547,,64,Male,,,
548,,73,Female,,,
549,,48,Male,,,
550,,30,Male,,,
551,,61,Female,,,
552,,13,Female,,,
553,,79,Female,,,
554,,36,Male,,,
555,,11,Female,,,
556,,37,Male,,,
557,,43,Female,,,
558,,51,Female,,,
559,,53,Female,,,
560,,71,Female,,,
561,,75,Male,,,
562,,20,Male,,,
563,,61,Female,,,
564,,27,Male,,,
565,,63,Female,,,
566,,48,Male,,,
567,,30,Female,,,
568,,73,Female,,,
569,,67,Female,,,
570,,10,Female,,,
571,,21,Female,,,
572,,75,Female,,,
573,,44,Female,,,
574,,31,Female,,,
575,,13,Female,,,
576,,30,Female,,,
577,,51,Female,,,
578,,27,Female,,,
579,,21,Female,,,
580,,56,Female,,,
581,,72,Male,,,
582,,69,Male,,,
583,,13,Male,,,
584,,22,Female,,,
585,,25,Female,,,
586,,40,Female,,,
587,,16,Female,,,
588,,59,Male,,,
589,,65,Female,,,
590,,53,Female,,,
591,,16,Male,,,
592,,20,Female,,,
593,,65,Female,,,
594,,24,Male,,,
595,,55,Female,,,
596,,11,Female,,,
597,,12,Female,,,
598,,35,Female,,,
599,,70,Male,,,
600,,55,Female,,,
601,,41,Male,,,
602,,41,Female,,,
603,,41,Female,,,
604,,46,Female,,,
605,,78,Female,,,
606,,20,Female,,,
607,,15,Female,,,
608,,70,Male,,,
609,,52,Male,,,
610,,38,Female,,,
611,,16,Female,,,
612,,32,Female,,,
613,,29,Male,,,
614,,25,Female,,,
615,,46,Female,,,
616,,70,Female,,,
617,,51,Male,,,
618,,42,Female,,,
619,,25,Male,,,
620,,34,Female,,,
621,,53,Male,,,
622,,77,Female,,,
623,,48,Female,,,
624,,46,Male,,,
625,,66,Female,,,
626,,47,Male,,,
627,,77,Male,,,
628,,12,Male,,,
629,,59,Female,,,
630,,19,Male,,,
631,,18,Female,,,
632,,25,Female,,,
633,,60,Female,,,
634,,32,Female,,,
635,,28,Female,,,
636,,35,Female,,,
637,,49,Female,,,
638,,79,Female,,,
639,,37,Female,,,
640,,77,Male,,,
641,,31,Female,,,
642,,75,Female,,,
643,,72,Male,,,
644,,77,Male,,,
645,,43,Female,,,
646,,37,Female,,,
647,,11,Female,,,
648,,22,Female,,,
649,,28,Male,,,
650,,57,Female,,,
651,,62,Male,,,
652,,56,Male,,,
653,,66,Female,,,
654,,38,Male,,,
655,,30,Male,,,
656,,68,Female,,,
657,,64,Male,,,
658,,40,Female,,,
659,,70,Female,,,
660,,18,Female,,,
661,,10,Female,,,
662,,12,Male,,,
663,,33,Female,,,
664,,22,Female,,,
665,,54,Female,,,
666,,32,Female,,,
667,,71,Male,,,
668,,43,Female,,,
669,,49,Male,,,
670,,54,Female,,,
671,,27,Female,,,
672,,19,Male,,,
673,,51,Female,,,
674,,56,Female,,,
675,,33,Female,,,
676,,22,Female,,,
677,,36,Female,,,
678,,12,Female,,,
679,,26,Female,,,
680,,55,Female,,,
681,,25,Female,,,
682,,66,Female,,,
683,,55,Female,,,
684,,24,Female,,,
685,,20,Female,,,
686,,50,Female,,,
687,,24,Male,,,
688,,10,Female,,,
689,,62,Male,,,
690,,59,Female,,,
691,,70,Male,,,
692,,62,Male,,,
693,,71,Male,,,
694,,32,Female,,,
695,,52,Female,,,
696,,50,Male,,,
697,,18,Female,,,
698,,18,Female,,,
699,,32,Male,,,
700,,17,Female,,,
701,,76,Female,,,
702,,27,Male,,,
703,,28,Female,,,
704,,79,Male,,,
705,,55,Female,,,
706,,29,Female,,,
707,,69,Female,,,
708,,24,Male,,,
709,,48,Female,,,
710,,35,Male,,,
711,,46,Female,,,
712,,32,Male,,,
713,,34,Female,,,
714,,10,Female,,,
715,,41,Female,,,
716,,30,Male,,,
717,,54,Female,,,
718,,77,Female,,,
719,,57,Male,,,
720,,70,Female,,,
721,,11,Male,,,
722,,46,Female,,,
723,,47,Female,,,
724,,21,Male,,,
725,,12,Male,,,
726,,23,Male,,,
727,,17,Female,,,
728,,56,Female,,,
729,,42,Male,,,
730,,11,Female,,,
731,,51,Male,,,
732,,51,Female,,,
733,,33,Male,,,
734,,16,Male,,,
735,,27,Male,,,
736,,53,Male,,,
737,,56,Female,,,
738,,19,Female,,,
739,,73,Male,,,
740,,22,Female,,,
741,,78,Female,,,
742,,62,Male,,,
743,,43,Male,,,
744,,26,Female,,,
745,,43,Female,,,
746,,12,Female,,,
747,,22,Male,,,
748,,22,Female,,,
749,,39,Male,,,
750,,59,Male,,,
751,,51,Male,,,
752,,37,Female,,,
753,,20,Female,,,
754,,66,Female,,,
755,,14,Female,,,
756,,50,Female,,,
757,,51,Female,,,
758,,67,Female,,,
759,,73,Female,,,
760,,31,Female,,,
761,,15,Male,,,
762,,46,Female,,,
763,,30,Female,,,
764,,73,Female,,,
765,,32,Female,,,
766,,68,Male,,,
767,,69,Female,,,
768,,43,Female,,,
769,,47,Female,,,
770,,17,Male,,,
771,,11,Male,,,
772,,51,Female,,,
773,,25,Female,,,
774,,34,Female,,,
775,,34,Male,,,
776,,78,Female,,,
777,,70,Female,,,
778,,12,Female,,,
779,,15,Female,,,
780,,54,Female,,,
781,,45,Female,,,
782,,11,Male,,,
783,,35,Female,,,
784,,40,Female,,,
785,,25,Female,,,
786,,44,Female,,,
787,,52,Female,,,
788,,46,Male,,,
789,,25,Male,,,
790,,62,Female,,,
791,,41,Female,,,
792,,63,Male,,,
793,,19,Female,,,
794,,12,Female,,,
795,,77,Male,,,
796,,50,Female,,,
797,,62,Male,,,
798,,42,Female,,,
799,,23,Female,,,
800,,12,Female,,,
801,,57,Female,,,
802,,73,Male,,,
803,,73,Male,,,
804,,52,Male,,,
805,,20,Male,,,
806,,15,Male,,,
807,,14,Female,,,
808,,57,Male,,,
809,,53,Male,,,
810,,46,Male,,,
811,,29,Female,,,
812,,43,Female,,,
813,,75,Female,,,
814,,20,Female,,,
815,,60,Male,,,
816,,64,Male,,,
817,,16,Female,,,
818,,67,Female,,,
819,,37,Female,,,
820,,62,Female,,,
821,,76,Female,,,
822,,13,Female,,,
823,,34,Female,,,
824,,65,Male,,,
825,,54,Male,,,
826,,68,Female,,,
827,,18,Female,,,
828,,46,Female,,,
829,,75,Male,,,
830,,19,Male,,,
831,,67,Female,,,
832,,38,Female,,,
833,,14,Male,,,
834,,16,Female,,,
835,,36,Female,,,
836,,52,Male,,,
837,,28,Female,,,
838,,41,Female,,,
839,,66,Male,,,
840,,35,Female,,,
841,,22,Male,,,
842,,63,Female,,,
843,,72,Female,,,
844,,52,Female,,,
845,,23,Female,,,
846,,28,Female,,,
847,,36,Female,,,
848,,27,Female,,,
849,,53,Male,,,
850,,36,Female,,,
851,,49,Male,,,
852,,52,Female,,,
853,,13,Male,,,
854,,75,Male,,,
855,,10,Female,,,
856,,38,Female,,,
857,,32,Female,,,
858,,67,Male,,,
859,,72,Female,,,
860,,12,Male,,,
861,,45,Female,,,
862,,74,Male,,,
863,,15,Male,,,
864,,50,Female,,,
865,,59,Female,,,
866,,66,Female,,,
867,,71,Female,,,
868,,22,Female,,,
869,,57,Male,,,
870,,65,Female,,,
871,,59,Female,,,
872,,60,Female,,,
873,,76,Female,,,
874,,58,Male,,,
875,,72,Male,,,
876,,65,Male,,,
877,,75,Female,,,
878,,10,Male,,,
879,,42,Female,,,
880,,73,Female,,,
881,,25,Female,,,
882,,45,Female,,,
883,,38,Male,,,
884,,17,Male,,,
885,,70,Male,,,
886,,27,Male,,,
887,,62,Male,,,
888,,79,Male,,,
889,,79,Female,,,
890,,19,Male,,,
891,,37,Female,,,
892,,31,Male,,,
893,,34,Male,,,
894,,18,Male,,,
895,,49,Female,,,
896,,42,Female,,,
897,,56,Female,,,
898,,76,Female,,,
899,,58,Female,,,
900,,77,Male,,,
901,,68,Female,,,
902,,63,Female,,,
903,,65,Female,,,
904,,62,Male,,,
905,,53,Female,,,
906,,17,Female,,,
907,,67,Male,,,
908,,57,Male,,,
909,,74,Female,,,
910,,29,Male,,,
911,,27,Male,,,
912,,25,Female,,,
913,,28,Female,,,
914,,20,Female,,,
915,,44,Male,,,
916,,30,Female,,,
917,,12,Female,,,
918,,40,Female,,,
919,,36,Female,,,
920,,74,Male,,,
921,,21,Female,,,
922,,30,Female,,,
923,,72,Male,,,
924,,21,Female,,,
925,,11,Female,,,
926,,58,Female,,,
927,,27,Female,,,
928,,15,Female,,,
929,,36,Female,,,
930,,16,Female,,,
931,,18,Female,,,
932,,37,Female,,,
933,,52,Female,,,
934,,49,Female,,,
935,,16,Female,,,
936,,15,Female,,,
937,,23,Female,,,
938,,75,Male,,,
939,,58,Male,,,
940,,52,Female,,,
941,,26,Female,,,
942,,36,Female,,,
943,,73,Female,,,
944,,61,Female,,,
945,,64,Male,,,
946,,25,Female,,,
947,,76,Male,,,
948,,55,Female,,,
949,,44,Female,,,
950,,11,Male,,,
951,,72,Female,,,
952,,63,Male,,,
953,,79,Male,,,
954,,49,Male,,,
955,,20,Male,,,
956,,69,Male,,,
957,,61,Female,,,
958,,33,Male,,,
959,,23,Female,,,
960,,48,Female,,,
961,,29,Male,,,
962,,71,Female,,,
963,,41,Female,,,
964,,32,Female,,,
965,,41,Female,,,
966,,57,Female,,,
967,,50,Female,,,
968,,15,Female,,,
969,,37,Male,,,
970,,70,Female,,,
971,,32,Male,,,
972,,34,Female,,,
973,,72,Male,,,
974,,23,Female,,,
975,,55,Male,,,
976,,37,Male,,,
977,,66,Female,,,
978,,14,Female,,,
979,,32,Male,,,
980,,61,Female,,,
981,,15,Female,,,
982,,60,Female,,,
983,,35,Female,,,
984,,69,Male,,,
985,,42,Female,,,
986,,50,Male,,,
987,,44,Female,,,
988,,32,Female,,,
989,,36,Male,,,
990,,79,Female,,,
991,,54,Female,,,
992,,44,Male,,,
993,,44,Female,,,
994,,72,Female,,,
995,,26,Female,,,
996,,30,Female,,,
997,,14,Male,,,
998,,47,Male,,,
999,,30,Male,,,
1000,,14,Male,,,
1001,,46,Female,,,
1002,,41,Male,,,
1003,,21,Female,,,
1004,,60,Female,,,
1005,,67,Male,,,
1006,,15,Male,,,
1007,,73,Female,,,
1008,,64,Female,,,
1009,,31,Female,,,
1010,,43,Male,,,
1011,,14,Female,,,
1012,,70,Female,,,
1013,,60,Male,,,
1014,,42,Female,,,
1015,,41,Female,,,
1016,,63,Female,,,
1017,,34,Female,,,
1018,,55,Male,,,
1019,,55,Female,,,
1020,,55,Female,,,
1021,,34,Female,,,
1022,,38,Female,,,
1023,,55,Female,,,
1024,,56,Male,,,
1025,,39,Female,,,
1026,,65,Female,,,
1027,,53,Female,,,
1028,,62,Male,,,
1029,,18,Female,,,
1030,,52,Male,,,
1031,,27,Male,,,
1032,,41,Female,,,
1033,,77,Female,,,
1034,,23,Female,,,
1035,,36,Male,,,
1036,,41,Female,,,
1037,,60,Female,,,
1038,,73,Male,,,
1039,,56,Male,,,
1040,,10,Female,,,
1041,,52,Female,,,
1042,,63,Female,,,
1043,,36,Female,,,
1044,,11,Female,,,
1045,,35,Female,,,
1046,,42,Female,,,
1047,,66,Female,,,
1048,,58,Female,,,
1049,,22,Female,,,
1050,,54,Male,,,
1051,,42,Female,,,
1052,,32,Female,,,
1053,,44,Female,,,
1054,,14,Male,,,
1055,,25,Female,,,
1056,,48,Male,,,
1057,,16,Female,,,
1058,,27,Male,,,
1059,,13,Male,,,
1060,,16,Male,,,
1061,,42,Female,,,
1062,,42,Male,,,
1063,,60,Female,,,
1064,,62,Female,,,
1065,,22,Female,,,
1066,,47,Male,,,
1067,,31,Female,,,
1068,,32,Female,,,
1069,,18,Female,,,
1070,,53,Male,,,
1071,,35,Female,,,
1072,,57,Female,,,
1073,,42,Female,,,
1074,,19,Female,,,
1075,,17,Female,,,
1076,,74,Male,,,
1077,,50,Female,,,
1078,,50,Male,,,
1079,,64,Female,,,
1080,,67,Female,,,
1081,,41,Female,,,
1082,,66,Male,,,
1083,,16,Female,,,
1084,,57,Female,,,
1085,,28,Male,,,
1086,,45,Male,,,
1087,,34,Female,,,
1088,,42,Female,,,
1089,,72,Female,,,
1090,,79,Female,,,
1091,,38,Female,,,
1092,,56,Male,,,
1093,,41,Female,,,
1094,,36,Male,,,
1095,,39,Male,,,
1096,,36,Female,,,
1097,,73,Female,,,
1098,,52,Female,,,
1099,,18,Female,,,
1100,,72,Female,,,
1101,,34,Female,,,
1102,,76,Male,,,
1103,,61,Female,,,
1104,,66,Male,,,
1105,,77,Female,,,
1106,,53,Female,,,
1107,,42,Female,,,
1108,,46,Female,,,
1109,,25,Female,,,
1110,,39,Female,,,
1111,,60,Male,,,
1112,,46,Female,,,
1113,,25,Female,,,
1114,,23,Female,,,
1115,,40,Male,,,
1116,,56,Male,,,
1117,,36,Female,,,
1118,,18,Male,,,
1119,,76,Female,,,
1120,,23,Female,,,
1121,,33,Male,,,
1122,,41,Female,,,
1123,,27,Female,,,
1124,,37,Female,,,
1125,,46,Female,,,
1126,,41,Female,,,
1127,,63,Male,,,
1128,,41,Female,,,
1129,,65,Female,,,
1130,,78,Female,,,
1131,,70,Female,,,
1132,,75,Male,,,
1133,,60,Male,,,
1134,,34,Male,,,
1135,,10,Female,,,
1136,,69,Male,,,
1137,,34,Male,,,
1138,,67,Female,,,
1139,,40,Female,,,
1140,,56,Female,,,
1141,,16,Female,,,
1142,,66,Female,,,
1143,,63,Female,,,
1144,,54,Male,,,
1145,,45,Female,,,
1146,,56,Female,,,
1147,,62,Female,,,
1148,,78,Female,,,
1149,,64,Female,,,
1150,,60,Female,,,
1151,,30,Female,,,
1152,,38,Male,,,
1153,,76,Female,,,
1154,,41,Male,,,
1155,,72,Female,,,
1156,,31,Female,,,
1157,,26,Female,,,
1158,,79,Female,,,
1159,,15,Female,,,
1160,,67,Male,,,
1161,,32,Female,,,
1162,,78,Male,,,
1163,,73,Female,,,
1164,,12,Female,,,
1165,,57,Female,,,
1166,,78,Male,,,
1167,,73,Male,,,
1168,,46,Male,,,
1169,,69,Male,,,
1170,,36,Male,,,
1171,,56,Male,,,
1172,,38,Female,,,
1173,,31,Female,,,
1174,,67,Female,,,
1175,,54,Female,,,
1176,,10,Female,,,
1177,,47,Male,,,
1178,,70,Female,,,
1179,,71,Female,,,
1180,,10,Female,,,
1181,,73,Female,,,
1182,,79,Female,,,
1183,,77,Female,,,
1184,,55,Female,,,
1185,,64,Male,,,
1186,,25,Female,,,
1187,,75,Female,,,
1188,,70,Female,,,
1189,,39,Female,,,
1190,,27,Male,,,
1191,,76,Female,,,
1192,,65,Female,,,
1193,,12,Female,,,
1194,,55,Female,,,
1195,,77,Male,,,
1196,,43,Male,,,
1197,,65,Female,,,
1198,,64,Female,,,
1199,,52,Female,,,
1200,,72,Male,,,
1201,,24,Female,,,
1202,,23,Male,,,
1203,,14,Female,,,
1204,,23,Female,,,
1205,,64,Male,,,
1206,,25,Female,,,
1207,,41,Male,,,
1208,,52,Male,,,
1209,,33,Female,,,
1210,,42,Male,,,
1211,,53,Female,,,
1212,,76,Male,,,
1213,,73,Female,,,
1214,,62,Female,,,
1215,,38,Female,,,
1216,,39,Male,,,
1217,,60,Male,,,
1218,,79,Female,,,
1219,,43,Male,,,
1220,,79,Male,,,
1221,,21,Female,,,
1222,,73,Female,,,
1223,,13,Female,,,
1224,,59,Female,,,
1225,,56,Female,,,
1226,,44,Female,,,
1227,,62,Male,,,
1228,,40,Female,,,
1229,,73,Male,,,
1230,,51,Male,,,
1231,,70,Female,,,
1232,,16,Male,,,
1233,,41,Female,,,
1234,,22,Female,,,
1235,,62,Male,,,
1236,,30,Female,,,
1237,,56,Female,,,
1238,,51,Female,,,
1239,,18,Female,,,
1240,,32,Male,,,
1241,,40,Male,,,
1242,,28,Female,,,
1243,,55,Female,,,
1244,,14,Male,,,
1245,,14,Female,,,
1246,,43,Male,,,
1247,,76,Male,,,
1248,,17,Male,,,
1249,,24,Female,,,
1250,,60,Female,,,
1251,,31,Male,,,
1252,,30,Female,,,
1253,,27,Female,,,
1254,,67,Female,,,
1255,,55,Male,,,
1256,,60,Male,,,
1257,,74,Male,,,
1258,,49,Female,,,
1259,,61,Female,,,
1260,,65,Male,,,
1261,,66,Male,,,
1262,,21,Female,,,
1263,,49,Female,,,
1264,,30,Female,,,
1265,,76,Male,,,
1266,,22,Male,,,
1267,,58,Female,,,
1268,,36,Female,,,
1269,,53,Female,,,
1270,,49,Male,,,
1271,,62,Male,,,
1272,,30,Female,,,
1273,,16,Male,,,
1274,,73,Male,,,
1275,,79,Female,,,
1276,,59,Female,,,
1277,,34,Female,,,
1278,,27,Male,,,
1279,,20,Male,,,
1280,,40,Female,,,
1281,,33,Female,,,
1282,,31,Female,,,
1283,,57,Female,,,
1284,,14,Female,,,
1285,,70,Male,,,
1286,,74,Male,,,
1287,,43,Male,,,
1288,,74,Female,,,
1289,,27,Male,,,
1290,,51,Female,,,
1291,,59,Female,,,
1292,,78,Female,,,
1293,,11,Female,,,
1294,,51,Female,,,
1295,,50,Female,,,
1296,,67,Male,,,
1297,,59,Male,,,
1298,,13,Female,,,
1299,,48,Female,,,
1300,,28,Male,,,
1301,,63,Male,,,
1302,,29,Female,,,
1303,,76,Male,,,
1304,,35,Female,,,
1305,,21,Female,,,
1306,,26,Male,,,
1307,,12,Male,,,
1308,,55,Female,,,
1309,,71,Female,,,
1310,,75,Female,,,
1311,,55,Female,,,
1312,,34,Male,,,
1313,,75,Female,,,
1314,,22,Male,,,
1315,,13,Male,,,
1316,,24,Male,,,
1317,,12,Female,,,
1318,,31,Female,,,
1319,,52,Female,,,
1320,,74,Female,,,
1321,,50,Female,,,
1322,,68,Female,,,
1323,,67,Female,,,
1324,,46,Female,,,
1325,,72,Male,,,
1326,,19,Female,,,
1327,,26,Male,,,
1328,,28,Female,,,
1329,,54,Male,,,
1330,,27,Female,,,
1331,,15,Male,,,
1332,,72,Female,,,
1333,,28,Female,,,
1334,,51,Female,,,
1335,,54,Female,,,
1336,,73,Female,,,
1337,,48,Male,,,
1338,,53,Female,,,
1339,,67,Male,,,
1340,,57,Female,,,
1341,,52,Female,,,
1342,,46,Female,,,
1343,,21,Female,,,
1344,,72,Male,,,
1345,,46,Male,,,
1346,,52,Female,,,
1347,,45,Male,,,
1348,,17,Male,,,
1349,,20,Female,,,
1350,,65,Female,,,
1351,,33,Female,,,
1352,,35,Female,,,
1353,,39,Female,,,
1354,,13,Female,,,
1355,,75,Female,,,
1356,,45,Female,,,
1357,,26,Female,,,
1358,,58,Female,,,
1359,,29,Female,,,
1360,,41,Female,,,
1361,,49,Male,,,
1362,,68,Male,,,
1363,,29,Female,,,
1364,,21,Female,,,
1365,,26,Female,,,
1366,,79,Female,,,
1367,,36,Male,,,
1368,,37,Female,,,
1369,,53,Female,,,
1370,,39,Female,,,
1371,,55,Female,,,
1372,,40,Female,,,
1373,,63,Male,,,
1374,,45,Female,,,
1375,,49,Male,,,
1376,,43,Female,,,
1377,,75,Female,,,
1378,,28,Female,,,
1379,,49,Female,,,
1380,,63,Female,,,
1381,,68,Female,,,
1382,,53,Female,,,
1383,,50,Male,,,
1384,,33,Female,,,
1385,,17,Male,,,
1386,,72,Female,,,
1387,,35,Male,,,
1388,,11,Female,,,
1389,,18,Female,,,
1390,,71,Female,,,
1391,,30,Female,,,
1392,,18,Female,,,
1393,,65,Female,,,
1394,,20,Male,,,
1395,,62,Male,,,
1396,,36,Female,,,
1397,,55,Male,,,
1398,,61,Female,,,
1399,,46,Female,,,
1400,,37,Female,,,
1401,,13,Female,,,
1402,,30,Female,,,
1403,,59,Female,,,
1404,,61,Female,,,
1405,,77,Female,,,
1406,,21,Female,,,
1407,,55,Female,,,
1408,,61,Female,,,
1409,,61,Male,,,
1410,,49,Female,,,
1411,,61,Female,,,
1412,,19,Female,,,
1413,,24,Female,,,
1414,,37,Female,,,
1415,,27,Female,,,
1416,,36,Male,,,
1417,,27,Male,,,
1418,,43,Female,,,
1419,,47,Male,,,
1420,,76,Female,,,
1421,,61,Female,,,
1422,,69,Male,,,
1423,,74,Female,,,
1424,,55,Male,,,
1425,,27,Male,,,
1426,,23,Female,,,
1427,,72,Female,,,
1428,,19,Female,,,
1429,,55,Female,,,
1430,,34,Female,,,
1431,,27,Female,,,
1432,,14,Female,,,
1433,,57,Female,,,
1434,,65,Male,,,
1435,,12,Female,,,
1436,,58,Female,,,
1437,,38,Female,,,
1438,,62,Male,,,
1439,,36,Male,,,
1440,,50,Female,,,
1441,,68,Female,,,
1442,,45,Female,,,
1443,,15,Female,,,
1444,,77,Male,,,
1445,,19,Female,,,
1446,,75,Female,,,
1447,,19,Female,,,
1448,,33,Female,,,
1449,,53,Male,,,
1450,,42,Female,,,
1451,,27,Female,,,
1452,,49,Female,,,
1453,,24,Female,,,
1454,,21,Female,,,
1455,,52,Female,,,
1456,,78,Female,,,
1457,,11,Female,,,
1458,,78,Female,,,
1459,,40,Male,,,
1460,,21,Female,,,
1461,,45,Female,,,
1462,,68,Male,,,
1463,,70,Male,,,
1464,,72,Female,,,
1465,,48,Female,,,
1466,,30,Female,,,
1467,,51,Female,,,
1468,,70,Female,,,
1469,,36,Female,,,
1470,,29,Female,,,
1471,,45,Female,,,
1472,,22,Male,,,
1473,,64,Female,,,
1474,,66,Female,,,
1475,,77,Female,,,
1476,,16,Female,,,
1477,,27,Female,,,
1478,,67,Male,,,
1479,,73,Male,,,
1480,,19,Female,,,
1481,,35,Female,,,
1482,,58,Female,,,
1483,,21,Female,,,
1484,,21,Female,,,
1485,,54,Female,,,
1486,,29,Female,,,
1487,,53,Female,,,
1488,,73,Female,,,
1489,,72,Female,,,
1490,,11,Female,,,
1491,,39,Female,,,
1492,,76,Female,,,
1493,,63,Female,,,
1494,,55,Female,,,
1495,,16,Male,,,
1496,,77,Female,,,
1497,,11,Female,,,
1498,,33,Male,,,
1499,,32,Female,,,
1500,,24,Female,,,
1501,,33,Male,,,
1502,,76,Female,,,
1503,,79,Male,,,
1504,,14,Female,,,
1505,,36,Female,,,
1506,,21,Male,,,
1507,,56,Female,,,
1508,,52,Female,,,
1509,,46,Female,,,
1510,,79,Male,,,
1511,,22,Female,,,
1512,,39,Female,,,
1513,,10,Female,,,
1514,,50,Female,,,
1515,,72,Female,,,
1516,,10,Female,,,
1517,,19,Male,,,
1518,,79,Female,,,
1519,,77,Female,,,
1520,,24,Male,,,
1521,,23,Male,,,
1522,,37,Female,,,
1523,,42,Female,,,
1524,,51,Female,,,
1525,,69,Male,,,
1526,,60,Female,,,
1527,,40,Male,,,
1528,,59,Female,,,
1529,,14,Male,,,
1530,,61,Male,,,
1531,,39,Female,,,
1532,,60,Female,,,
1533,,53,Male,,,
1534,,62,Female,,,
1535,,55,Female,,,
1536,,51,Female,,,
1537,,70,Female,,,
1538,,18,Male,,,
1539,,16,Female,,,
1540,,42,Female,,,
1541,,72,Female,,,
1542,,35,Male,,,
1543,,21,Male,,,
1544,,25,Female,,,
1545,,79,Female,,,
1546,,55,Male,,,
1547,,64,Female,,,
1548,,63,Male,,,
1549,,26,Female,,,
1550,,15,Female,,,
1551,,17,Male,,,
1552,,48,Female,,,
1553,,60,Female,,,
1554,,71,Female,,,
1555,,15,Male,,,
1556,,30,Male,,,
1557,,64,Male,,,
1558,,57,Female,,,
1559,,19,Female,,,
1560,,29,Female,,,
1561,,64,Female,,,
1562,,21,Female,,,
1563,,75,Male,,,
1564,,63,Female,,,
1565,,26,Male,,,
1566,,19,Female,,,
1567,,25,Female,,,
1568,,54,Male,,,
1569,,77,Female,,,
1570,,71,Male,,,
1571,,51,Female,,,
1572,,33,Female,,,
1573,,22,Male,,,
1574,,19,Female,,,
1575,,47,Female,,,
1576,,45,Female,,,
1577,,25,Female,,,
1578,,49,Female,,,
1579,,20,Female,,,
1580,,21,Female,,,
1581,,40,Male,,,
1582,,20,Female,,,
1583,,67,Female,,,
1584,,45,Female,,,
1585,,16,Male,,,
1586,,66,Female,,,
1587,,28,Female,,,
1588,,66,Female,,,
1589,,39,Female,,,
1590,,32,Male,,,
1591,,25,Female,,,
1592,,14,Female,,,
1593,,59,Female,,,
1594,,48,Male,,,
1595,,51,Female,,,
1596,,19,Male,,,
1597,,70,Female,,,
1598,,38,Female,,,
1599,,53,Male,,,
1600,,38,Female,,,
1601,,24,Female,,,
1602,,20,Male,,,
1603,,49,Female,,,
1604,,74,Female,,,
1605,,40,Female,,,
1606,,14,Male,,,
1607,,22,Female,,,
1608,,30,Male,,,
1609,,71,Male,,,
1610,,51,Female,,,
1611,,67,Female,,,
1612,,30,Female,,,
1613,,49,Female,,,
1614,,49,Female,,,
1615,,61,Male,,,
1616,,21,Female,,,
1617,,11,Female,,,
1618,,45,Female,,,
1619,,37,Male,,,
1620,,25,Female,,,
1621,,39,Female,,,
1622,,54,Female,,,
1623,,50,Female,,,
1624,,22,Male,,,
1625,,30,Male,,,
1626,,13,Male,,,
1627,,24,Female,,,
1628,,15,Male,,,
1629,,16,Male,,,
1630,,39,Male,,,
1631,,23,Male,,,
1632,,63,Female,,,
1633,,61,Female,,,
1634,,20,Male,,,
1635,,20,Male,,,
1636,,12,Female,,,
1637,,25,Female,,,
1638,,76,Female,,,
1639,,78,Male,,,
1640,,31,Female,,,
1641,,53,Male,,,
1642,,34,Female,,,
1643,,73,Female,,,
1644,,22,Female,,,
1645,,32,Female,,,
1646,,12,Female,,,
1647,,38,Female,,,
1648,,48,Male,,,
1649,,59,Male,,,
1650,,64,Female,,,
1651,,58,Male,,,
1652,,57,Female,,,
1653,,25,Male,,,
1654,,68,Female,,,
1655,,73,Female,,,
1656,,47,Male,,,
1657,,63,Female,,,
1658,,50,Female,,,
1659,,10,Female,,,
1660,,38,Female,,,
1661,,39,Female,,,
1662,,25,Male,,,
1663,,51,Female,,,
1664,,26,Female,,,
1665,,11,Female,,,
1666,,16,Female,,,
1667,,28,Female,,,
1668,,64,Female,,,
1669,,29,Female,,,
1670,,15,Male,,,
1671,,57,Female,,,
1672,,54,Female,,,
1673,,37,Female,,,
1674,,67,Female,,,
1675,,73,Female,,,
1676,,11,Male,,,
1677,,41,Female,,,
1678,,19,Female,,,
1679,,61,Male,,,
1680,,67,Female,,,
1681,,35,Female,,,
1682,,18,Female,,,
1683,,12,Male,,,
1684,,20,Female,,,
1685,,57,Male,,,
1686,,58,Male,,,
1687,,51,Male,,,
1688,,45,Female,,,
1689,,47,Female,,,
1690,,46,Female,,,
1691,,33,Female,,,
1692,,34,Female,,,
1693,,28,Male,,,
1694,,18,Male,,,
1695,,48,Male,,,
1696,,55,Male,,,
1697,,76,Female,,,
1698,,53,Female,,,
1699,,15,Male,,,
1700,,46,Male,,,
1701,,16,Male,,,
1702,,50,Female,,,
1703,,31,Male,,,
1704,,14,Male,,,
1705,,76,Female,,,
1706,,70,Female,,,
1707,,63,Female,,,
1708,,77,Male,,,
1709,,50,Female,,,
1710,,33,Male,,,
1711,,76,Female,,,
1712,,39,Male,,,
1713,,45,Male,,,
1714,,54,Female,,,
1715,,13,Female,,,
1716,,53,Male,,,
1717,,45,Female,,,
1718,,38,Female,,,
1719,,33,Male,,,
1720,,14,Female,,,
1721,,11,Female,,,
1722,,37,Male,,,
1723,,53,Male,,,
1724,,33,Male,,,
1725,,19,Male,,,
1726,,21,Male,,,
1727,,40,Female,,,
1728,,48,Female,,,
1729,,69,Female,,,
1730,,71,Male,,,
1731,,13,Female,,,
1732,,60,Female,,,
1733,,33,Male,,,
1734,,49,Female,,,
1735,,29,Male,,,
1736,,29,Female,,,
1737,,23,Female,,,
1738,,21,Female,,,
1739,,73,Female,,,
1740,,37,Male,,,
1741,,24,Female,,,
1742,,49,Female,,,
1743,,46,Female,,,
1744,,49,Male,,,
1745,,23,Male,,,
1746,,35,Male,,,
1747,,25,Female,,,
1748,,50,Male,,,
1749,,48,Female,,,
1750,,42,Male,,,
1751,,19,Female,,,
1752,,67,Male,,,
1753,,34,Female,,,
1754,,53,Female,,,
1755,,34,Female,,,
1756,,24,Female,,,
1757,,79,Male,,,
1758,,28,Female,,,
1759,,55,Female,,,
1760,,43,Female,,,
1761,,17,Female,,,
1762,,24,Male,,,
1763,,25,Female,,,
1764,,55,Male,,,
1765,,49,Female,,,
1766,,26,Male,,,
1767,,29,Male,,,
1768,,30,Female,,,
1769,,27,Female,,,
1770,,58,Male,,,
1771,,19,Male,,,
1772,,60,Female,,,
1773,,39,Female,,,
1774,,29,Male,,,
1775,,19,Male,,,
1776,,15,Female,,,
1777,,34,Female,,,
1778,,77,Female,,,
1779,,53,Female,,,
1780,,13,Female,,,
1781,,43,Female,,,
1782,,58,Female,,,
1783,,53,Male,,,
1784,,55,Female,,,
1785,,23,Female,,,
1786,,18,Female,,,
1787,,47,Male,,,
1788,,21,Female,,,
1789,,36,Female,,,
1790,,76,Female,,,
1791,,13,Female,,,
1792,,49,Male,,,
1793,,31,Female,,,
1794,,32,Female,,,
1795,,36,Female,,,
1796,,74,Female,,,
1797,,56,Male,,,
1798,,71,Female,,,
1799,,52,Female,,,
1800,,67,Male,,,
1801,,12,Male,,,
1802,,15,Female,,,
1803,,14,Female,,,
1804,,22,Female,,,
1805,,47,Male,,,
1806,,21,Female,,,
1807,,67,Female,,,
1808,,33,Female,,,
1809,,38,Female,,,
1810,,14,Female,,,
1811,,21,Female,,,
1812,,33,Female,,,
1813,,18,Female,,,
1814,,57,Female,,,
1815,,19,Male,,,
1816,,48,Female,,,
1817,,33,Female,,,
1818,,74,Female,,,
1819,,18,Female,,,
1820,,53,Female,,,
1821,,21,Male,,,
1822,,17,Male,,,
1823,,34,Female,,,
1824,,19,Female,,,
1825,,32,Female,,,
1826,,58,Male,,,
1827,,30,Male,,,
1828,,72,Female,,,
1829,,30,Female,,,
1830,,19,Male,,,
1831,,51,Male,,,
1832,,72,Female,,,
1833,,50,Female,,,
1834,,62,Female,,,
1835,,15,Male,,,
1836,,18,Female,,,
1837,,26,Male,,,
1838,,69,Female,,,
1839,,78,Male,,,
1840,,49,Male,,,
1841,,53,Female,,,
1842,,42,Male,,,
1843,,53,Female,,,
1844,,31,Female,,,
1845,,58,Male,,,
1846,,54,Female,,,
1847,,11,Female,,,
1848,,66,Male,,,
1849,,44,Male,,,
1850,,75,Female,,,
1851,,45,Female,,,
1852,,58,Female,,,
1853,,30,Female,,,
1854,,52,Female,,,
1855,,21,Female,,,
1856,,27,Female,,,
1857,,22,Male,,,
1858,,30,Female,,,
1859,,48,Female,,,
1860,,31,Female,,,
1861,,68,Female,,,
1862,,43,Female,,,
1863,,47,Female,,,
1864,,52,Male,,,
1865,,54,Female,,,
1866,,35,Female,,,
1867,,44,Female,,,
1868,,74,Male,,,
1869,,78,Male,,,
1870,,72,Male,,,
1871,,11,Male,,,
1872,,79,Male,,,
1873,,66,Female,,,
1874,,63,Female,,,
1875,,69,Female,,,
1876,,46,Male,,,
1877,,10,Female,,,
1878,,42,Female,,,
1879,,12,Female,,,
1880,,21,Female,,,
1881,,57,Female,,,
1882,,61,Female,,,
1883,,26,Female,,,
1884,,66,Male,,,
1885,,79,Male,,,
1886,,61,Female,,,
1887,,11,Male,,,
1888,,46,Female,,,
1889,,48,Female,,,
1890,,66,Female,,,
1891,,67,Female,,,
1892,,30,Female,,,
1893,,18,Female,,,
1894,,71,Female,,,
1895,,55,Female,,,
1896,,25,Male,,,
1897,,78,Female,,,
1898,,16,Male,,,
1899,,65,Male,,,
1900,,57,Female,,,
1901,,20,Female,,,
1902,,45,Male,,,
1903,,65,Female,,,
1904,,31,Male,,,
1905,,13,Male,,,
1906,,56,Male,,,
1907,,65,Female,,,
1908,,25,Female,,,
1909,,44,Male,,,
1910,,54,Female,,,
1911,,62,Female,,,
1912,,65,Female,,,
1913,,71,Female,,,
1914,,24,Female,,,
1915,,67,Female,,,
1916,,71,Female,,,
1917,,38,Female,,,
1918,,39,Female,,,
1919,,20,Male,,,
1920,,50,Female,,,
1921,,20,Male,,,
1922,,40,Female,,,
1923,,71,Female,,,
1924,,60,Male,,,
1925,,49,Male,,,
1926,,38,Male,,,
1927,,59,Female,,,
1928,,67,Female,,,
1929,,24,Female,,,
1930,,21,Female,,,
1931,,28,Male,,,
1932,,29,Female,,,
1933,,58,Male,,,
1934,,78,Female,,,
1935,,43,Female,,,
1936,,68,Female,,,
1937,,12,Female,,,
1938,,75,Male,,,
1939,,57,Female,,,
1940,,60,Male,,,
1941,,11,Male,,,
1942,,33,Male,,,
1943,,44,Female,,,
1944,,21,Female,,,
1945,,66,Female,,,
1946,,24,Female,,,
1947,,30,Female,,,
1948,,28,Male,,,
1949,,67,Female,,,
1950,,78,Female,,,
1951,,60,Male,,,
1952,,10,Female,,,
1953,,52,Male,,,
1954,,44,Female,,,
1955,,10,Female,,,
1956,,10,Female,,,
1957,,79,Female,,,
1958,,22,Male,,,
1959,,50,Female,,,
1960,,26,Female,,,
1961,,61,Female,,,
1962,,79,Male,,,
1963,,27,Female,,,
1964,,50,Female,,,
1965,,64,Male,,,
1966,,75,Female,,,
1967,,55,Female,,,
1968,,40,Male,,,
1969,,44,Female,,,
1970,,39,Female,,,
1971,,22,Female,,,
1972,,50,Female,,,
1973,,65,Female,,,
1974,,79,Male,,,
1975,,25,Female,,,
1976,,36,Female,,,
1977,,40,Male,,,
1978,,63,Female,,,
1979,,47,Female,,,
1980,,44,Female,,,
1981,,68,Male,,,
1982,,56,Male,,,
1983,,37,Male,,,
1984,,18,Female,,,
1985,,38,Female,,,
1986,,53,Female,,,
1987,,75,Female,,,
1988,,61,Female,,,
1989,,54,Male,,,
1990,,71,Female,,,
1991,,27,Female,,,
1992,,33,Female,,,
1993,,50,Female,,,
1994,,20,Male,,,
1995,,30,Female,,,
1996,,56,Female,,,
1997,,74,Female,,,
1998,,45,Male,,,
1999,,49,Female,,,
2000,,22,Female,,,
2001,,10,Male,,,
2002,,53,Female,,,
2003,,77,Female,,,
2004,,26,Female,,,
2005,,14,Male,,,
2006,,20,Female,,,
2007,,64,Female,,,
2008,,19,Male,,,
2009,,64,Female,,,
2010,,32,Female,,,
2011,,50,Male,,,
2012,,11,Male,,,
2013,,44,Female,,,
2014,,43,Female,,,
2015,,52,Female,,,
2016,,19,Female,,,
2017,,63,Male,,,
2018,,11,Female,,,
2019,,40,Male,,,
2020,,40,Female,,,
2021,,62,Male,,,
2022,,78,Male,,,
2023,,17,Male,,,
2024,,26,Female,,,
2025,,19,Female,,,
2026,,53,Female,,,
2027,,70,Female,,,
2028,,50,Male,,,
2029,,77,Female,,,
2030,,35,Male,,,
2031,,39,Female,,,
2032,,40,Male,,,
2033,,65,Female,,,
2034,,26,Female,,,
2035,,14,Female,,,
2036,,78,Female,,,
2037,,43,Male,,,
2038,,76,Male,,,
2039,,59,Female,,,
2040,,36,Female,,,
2041,,33,Female,,,
2042,,42,Male,,,
2043,,49,Female,,,
2044,,75,Female,,,
2045,,32,Female,,,
2046,,74,Male,,,
2047,,24,Female,,,
2048,,62,Male,,,
2049,,60,Female,,,
2050,,35,Female,,,
2051,,46,Female,,,
2052,,45,Female,,,
2053,,65,Female,,,
2054,,26,Female,,,
2055,,20,Female,,,
2056,,68,Female,,,
2057,,32,Female,,,
2058,,53,Female,,,
2059,,14,Male,,,
2060,,24,Male,,,
2061,,38,Female,,,
2062,,49,Female,,,
2063,,19,Male,,,
2064,,35,Female,,,
2065,,22,Female,,,
2066,,42,Female,,,
2067,,76,Female,,,
2068,,72,Female,,,
2069,,25,Female,,,
2070,,54,Female,,,
2071,,20,Female,,,
2072,,12,Male,,,
2073,,40,Female,,,
2074,,60,Female,,,
2075,,38,Female,,,
2076,,28,Male,,,
2077,,50,Female,,,
2078,,39,Male,,,
2079,,38,Female,,,
2080,,68,Female,,,
2081,,17,Female,,,
2082,,11,Male,,,
2083,,40,Female,,,
2084,,46,Female,,,
2085,,62,Male,,,
2086,,47,Female,,,
2087,,14,Female,,,
2088,,25,Female,,,
2089,,46,Male,,,
2090,,57,Male,,,
2091,,32,Female,,,
2092,,75,Male,,,
2093,,26,Female,,,
2094,,62,Female,,,
2095,,52,Female,,,
2096,,39,Female,,,
2097,,66,Female,,,
2098,,25,Female,,,
2099,,65,Female,,,
2100,,45,Female,,,
2101,,72,Female,,,
2102,,38,Female,,,
2103,,47,Male,,,
2104,,35,Male,,,
2105,,35,Female,,,
2106,,28,Female,,,
2107,,75,Female,,,
2108,,63,Female,,,
2109,,30,Female,,,
2110,,37,Female,,,
2111,,53,Male,,,
2112,,32,Female,,,
2113,,28,Female,,,
2114,,75,Female,,,
2115,,46,Male,,,
2116,,18,Female,,,
2117,,35,Male,,,
2118,,50,Female,,,
2119,,10,Female,,,
2120,,50,Female,,,
2121,,30,Female,,,
2122,,70,Male,,,
2123,,79,Female,,,
2124,,79,Female,,,
2125,,48,Male,,,
2126,,18,Female,,,
2127,,53,Female,,,
2128,,20,Female,,,
2129,,59,Male,,,
2130,,74,Female,,,
2131,,13,Male,,,
2132,,47,Male,,,
2133,,62,Male,,,
2134,,25,Female,,,
2135,,75,Female,,,
2136,,29,Male,,,
2137,,53,Female,,,
2138,,77,Female,,,
2139,,16,Female,,,
2140,,64,Female,,,
2141,,74,Female,,,
2142,,47,Female,,,
2143,,58,Male,,,
2144,,10,Male,,,
2145,,20,Female,,,
2146,,52,Female,,,
2147,,21,Male,,,
2148,,48,Male,,,
2149,,69,Female,,,
2150,,65,Female,,,
2151,,58,Female,,,
2152,,23,Female,,,
2153,,29,Female,,,
2154,,56,Female,,,
2155,,59,Female,,,
2156,,27,Female,,,
2157,,55,Male,,,
2158,,70,Male,,,
2159,,61,Female,,,
2160,,16,Female,,,
2161,,64,Female,,,
2162,,53,Female,,,
2163,,34,Female,,,
2164,,50,Female,,,
2165,,70,Female,,,
2166,,68,Female,,,
2167,,22,Male,,,
2168,,16,Male,,,
2169,,73,Male,,,
2170,,58,Male,,,
2171,,60,Female,,,
2172,,75,Female,,,
2173,,51,Male,,,
2174,,71,Male,,,
2175,,77,Male,,,
2176,,55,Male,,,
2177,,62,Female,,,
2178,,28,Female,,,
2179,,40,Female,,,
2180,,68,Female,,,
2181,,11,Male,,,
2182,,46,Female,,,
2183,,18,Female,,,
2184,,21,Female,,,
2185,,45,Male,,,
2186,,34,Female,,,
2187,,58,Female,,,
2188,,79,Male,,,
2189,,41,Female,,,
2190,,28,Female,,,
2191,,60,Male,,,
2192,,37,Female,,,
2193,,25,Female,,,
2194,,24,Male,,,
2195,,27,Female,,,
2196,,48,Female,,,
2197,,45,Male,,,
2198,,17,Female,,,
2199,,23,Female,,,
2200,,11,Female,,,
2201,,16,Male,,,
2202,,62,Male,,,
2203,,27,Female,,,
2204,,72,Female,,,
2205,,72,Female,,,
2206,,58,Female,,,
2207,,15,Female,,,
2208,,31,Male,,,
2209,,46,Female,,,
2210,,68,Female,,,
2211,,17,Female,,,
2212,,77,Female,,,
2213,,72,Female,,,
2214,,43,Female,,,
2215,,51,Female,,,
2216,,73,Female,,,
2217,,67,Female,,,
2218,,57,Female,,,
2219,,20,Female,,,
2220,,10,Male,,,
2221,,39,Male,,,
2222,,74,Female,,,
2223,,61,Female,,,
2224,,30,Female,,,
2225,,79,Female,,,
2226,,56,Female,,,
2227,,48,Male,,,
2228,,45,Female,,,
2229,,11,Female,,,
2230,,41,Female,,,
2231,,23,Female,,,
2232,,43,Male,,,
2233,,65,Female,,,
2234,,74,Female,,,
2235,,68,Male,,,
2236,,24,Female,,,
2237,,19,Female,,,
2238,,44,Female,,,
2239,,63,Male,,,
2240,,67,Male,,,
2241,,78,Female,,,
2242,,56,Female,,,
2243,,13,Male,,,
2244,,37,Male,,,
2245,,45,Female,,,
2246,,78,Female,,,
2247,,34,Female,,,
2248,,17,Male,,,
2249,,66,Female,,,
2250,,41,Male,,,
2251,,25,Male,,,
2252,,51,Female,,,
2253,,58,Male,,,
2254,,68,Female,,,
2255,,74,Male,,,
2256,,67,Female,,,
2257,,25,Female,,,
2258,,35,Male,,,
2259,,40,Female,,,
2260,,12,Female,,,
2261,,32,Male,,,
2262,,41,Male,,,
2263,,39,Male,,,
2264,,45,Female,,,
2265,,50,Female,,,
2266,,32,Male,,,
2267,,22,Female,,,
2268,,18,Female,,,
2269,,40,Female,,,
2270,,18,Female,,,
2271,,23,Male,,,
2272,,52,Female,,,
2273,,15,Female,,,
2274,,20,Male,,,
2275,,23,Male,,,
2276,,33,Female,,,
2277,,50,Female,,,
2278,,38,Female,,,
2279,,76,Female,,,
2280,,11,Male,,,
2281,,61,Female,,,
2282,,50,Male,,,
2283,,21,Female,,,
2284,,55,Female,,,
2285,,19,Female,,,
2286,,73,Male,,,
2287,,39,Male,,,
2288,,22,Male,,,
2289,,21,Female,,,
2290,,54,Male,,,
2291,,46,Female,,,
2292,,61,Female,,,
2293,,49,Female,,,
2294,,13,Female,,,
2295,,47,Female,,,
2296,,32,Male,,,
2297,,63,Female,,,
2298,,56,Male,,,
2299,,13,Female,,,
2300,,68,Female,,,
2301,,23,Female,,,
2302,,10,Female,,,
2303,,57,Female,,,
2304,,15,Male,,,
2305,,77,Female,,,
2306,,51,Male,,,
2307,,25,Male,,,
2308,,44,Female,,,
2309,,19,Male,,,
2310,,46,Male,,,
2311,,38,Female,,,
2312,,45,Male,,,
2313,,72,Male,,,
2314,,17,Female,,,
2315,,63,Male,,,
2316,,27,Female,,,
2317,,14,Female,,,
2318,,57,Male,,,
2319,,38,Female,,,
2320,,11,Female,,,
2321,,75,Male,,,
2322,,75,Male,,,
2323,,44,Male,,,
2324,,24,Female,,,
2325,,18,Female,,,
2326,,59,Female,,,
2327,,29,Male,,,
2328,,57,Female,,,
2329,,26,Female,,,
2330,,62,Male,,,
2331,,34,Female,,,
2332,,76,Male,,,
2333,,11,Female,,,
2334,,37,Female,,,
2335,,13,Male,,,
2336,,37,Female,,,
2337,,19,Female,,,
2338,,17,Male,,,
2339,,32,Female,,,
2340,,48,Female,,,
2341,,71,Male,,,
2342,,42,Male,,,
2343,,36,Male,,,
2344,,74,Female,,,
2345,,23,Male,,,
2346,,49,Female,,,
2347,,10,Female,,,
2348,,31,Female,,,
2349,,32,Female,,,
2350,,16,Female,,,
2351,,43,Male,,,
2352,,78,Female,,,
2353,,14,Female,,,
2354,,52,Female,,,
2355,,46,Male,,,
2356,,73,Male,,,
2357,,47,Male,,,
2358,,67,Male,,,
2359,,60,Male,,,
2360,,29,Female,,,
2361,,45,Female,,,
2362,,24,Female,,,
2363,,21,Female,,,
2364,,17,Female,,,
2365,,10,Male,,,
2366,,46,Male,,,
2367,,15,Male,,,
2368,,75,Male,,,
2369,,50,Male,,,
2370,,74,Female,,,
2371,,29,Female,,,
2372,,13,Female,,,
2373,,42,Male,,,
2374,,56,Female,,,
2375,,53,Male,,,
2376,,70,Male,,,
2377,,20,Female,,,
2378,,24,Female,,,
2379,,54,Female,,,
2380,,53,Female,,,
2381,,43,Female,,,
2382,,67,Female,,,
2383,,12,Male,,,
2384,,58,Male,,,
2385,,33,Female,,,
2386,,23,Female,,,
2387,,61,Female,,,
2388,,56,Female,,,
2389,,63,Female,,,
2390,,42,Male,,,
2391,,11,Female,,,
2392,,47,Female,,,
2393,,64,Female,,,
2394,,25,Female,,,
2395,,70,Male,,,
2396,,10,Female,,,
2397,,29,Male,,,
2398,,30,Female,,,
2399,,56,Female,,,
2400,,44,Female,,,
2401,,47,Male,,,
2402,,18,Female,,,
2403,,11,Female,,,
2404,,14,Male,,,
2405,,42,Male,,,
2406,,12,Female,,,
2407,,40,Male,,,
2408,,69,Female,,,
2409,,37,Female,,,
2410,,30,Female,,,
2411,,68,Female,,,
2412,,11,Female,,,
2413,,21,Male,,,
2414,,77,Male,,,
2415,,22,Female,,,
2416,,64,Female,,,
2417,,43,Female,,,
2418,,34,Female,,,
2419,,10,Female,,,
2420,,65,Female,,,
2421,,23,Male,,,
2422,,69,Female,,,
2423,,33,Female,,,
2424,,33,Female,,,
2425,,39,Male,,,
2426,,77,Female,,,
2427,,73,Female,,,
2428,,58,Male,,,
2429,,64,Male,,,
2430,,18,Female,,,
2431,,67,Male,,,
2432,,26,Female,,,
2433,,71,Male,,,
2434,,12,Female,,,
2435,,10,Female,,,
2436,,77,Female,,,
2437,,67,Female,,,
2438,,60,Male,,,
2439,,63,Female,,,
2440,,69,Male,,,
2441,,62,Male,,,
2442,,31,Female,,,
2443,,66,Male,,,
2444,,79,Male,,,
2445,,37,Female,,,
2446,,38,Female,,,
2447,,72,Male,,,
2448,,20,Female,,,
2449,,33,Female,,,
2450,,68,Female,,,
2451,,46,Female,,,
2452,,74,Female,,,
2453,,61,Female,,,
2454,,30,Female,,,
2455,,42,Female,,,
2456,,75,Female,,,
2457,,36,Female,,,
2458,,39,Female,,,
2459,,63,Male,,,
2460,,16,Female,,,
2461,,12,Female,,,
2462,,26,Female,,,
2463,,55,Female,,,
2464,,28,Female,,,
2465,,74,Female,,,
2466,,40,Male,,,
2467,,79,Female,,,
2468,,79,Female,,,
2469,,27,Female,,,
2470,,37,Female,,,
2471,,17,Male,,,
2472,,77,Female,,,
2473,,46,Female,,,
2474,,12,Male,,,
2475,,27,Female,,,
2476,,31,Female,,,
2477,,49,Female,,,
2478,,75,Female,,,
2479,,40,Female,,,
2480,,47,Female,,,
2481,,29,Female,,,
2482,,60,Female,,,
2483,,25,Female,,,
2484,,19,Female,,,
2485,,19,Male,,,
2486,,34,Female,,,
2487,,29,Male,,,
2488,,21,Female,,,
2489,,64,Female,,,
2490,,72,Male,,,
2491,,20,Female,,,
2492,,11,Male,,,
2493,,26,Female,,,
2494,,32,Male,,,
2495,,33,Female,,,
2496,,22,Female,,,
2497,,77,Female,,,
2498,,63,Male,,,
2499,,67,Male,,,
2500,,74,Female,,,
2501,,13,Male,,,
2502,,67,Female,,,
2503,,35,Female,,,
2504,,12,Female,,,
2505,,64,Male,,,
2506,,20,Female,,,
2507,,36,Male,,,
2508,,33,Female,,,
2509,,63,Male,,,
2510,,52,Male,,,
2511,,69,Female,,,
2512,,25,Female,,,
2513,,36,Male,,,
2514,,72,Female,,,
2515,,77,Female,,,
2516,,21,Female,,,
2517,,58,Female,,,
2518,,25,Female,,,
2519,,62,Male,,,
2520,,26,Male,,,
2521,,18,Female,,,
2522,,27,Male,,,
2523,,66,Female,,,
2524,,28,Male,,,
2525,,23,Female,,,
2526,,32,Female,,,
2527,,10,Male,,,
2528,,34,Female,,,
2529,,79,Female,,,
2530,,73,Female,,,
2531,,10,Male,,,
2532,,27,Female,,,
2533,,72,Female,,,
2534,,54,Female,,,
2535,,12,Female,,,
2536,,44,Female,,,
2537,,30,Female,,,
2538,,46,Female,,,
2539,,72,Female,,,
2540,,65,Female,,,
2541,,37,Male,,,
2542,,73,Male,,,
2543,,20,Male,,,
2544,,51,Female,,,
2545,,34,Male,,,
2546,,33,Male,,,
2547,,61,Female,,,
2548,,12,Female,,,
2549,,76,Male,,,
2550,,54,Female,,,
2551,,64,Female,,,
2552,,33,Female,,,
2553,,73,Male,,,
2554,,40,Female,,,
2555,,36,Female,,,
2556,,75,Male,,,
2557,,76,Male,,,
2558,,51,Male,,,
2559,,56,Female,,,
2560,,59,Female,,,
2561,,26,Female,,,
2562,,61,Female,,,
2563,,58,Female,,,
2564,,63,Female,,,
2565,,11,Female,,,
2566,,36,Female,,,
2567,,74,Male,,,
2568,,18,Male,,,
2569,,42,Male,,,
2570,,41,Female,,,
2571,,76,Male,,,
2572,,10,Female,,,
2573,,33,Male,,,
2574,,60,Female,,,
2575,,65,Female,,,
2576,,38,Female,,,
2577,,14,Female,,,
2578,,55,Female,,,
2579,,33,Female,,,
2580,,59,Male,,,
2581,,12,Female,,,
2582,,56,Male,,,
2583,,67,Male,,,
2584,,29,Female,,,
2585,,69,Female,,,
2586,,17,Female,,,
2587,,17,Female,,,
2588,,22,Male,,,
2589,,55,Male,,,
2590,,34,Male,,,
2591,,48,Male,,,
2592,,14,Female,,,
2593,,79,Female,,,
2594,,67,Female,,,
2595,,68,Male,,,
2596,,48,Male,,,
2597,,12,Male,,,
2598,,61,Male,,,
2599,,50,Female,,,
2600,,41,Female,,,
2601,,32,Male,,,
2602,,78,Female,,,
2603,,73,Male,,,
2604,,50,Male,,,
2605,,40,Male,,,
2606,,76,Female,,,
2607,,76,Female,,,
2608,,72,Female,,,
2609,,59,Female,,,
2610,,41,Female,,,
2611,,17,Female,,,
2612,,60,Female,,,
2613,,55,Female,,,
2614,,21,Female,,,
2615,,70,Female,,,
2616,,29,Female,,,
2617,,44,Female,,,
2618,,11,Female,,,
2619,,36,Female,,,
2620,,65,Male,,,
2621,,18,Male,,,
2622,,10,Female,,,
2623,,58,Male,,,
2624,,66,Male,,,
2625,,61,Male,,,
2626,,50,Female,,,
2627,,33,Male,,,
2628,,52,Male,,,
2629,,68,Male,,,
2630,,26,Female,,,
2631,,29,Female,,,
2632,,46,Female,,,
2633,,63,Female,,,
2634,,22,Female,,,
2635,,27,Male,,,
2636,,28,Female,,,
2637,,75,Female,,,
2638,,76,Female,,,
2639,,19,Female,,,
2640,,60,Female,,,
2641,,44,Female,,,
2642,,54,Male,,,
2643,,76,Male,,,
2644,,63,Male,,,
2645,,24,Female,,,
2646,,28,Female,,,
2647,,79,Male,,,
2648,,26,Female,,,
2649,,33,Male,,,
2650,,23,Female,,,
2651,,70,Male,,,
2652,,52,Female,,,
2653,,60,Male,,,
2654,,26,Female,,,
2655,,63,Female,,,
2656,,62,Female,,,
2657,,52,Female,,,
2658,,46,Female,,,
2659,,77,Female,,,
2660,,60,Male,,,
2661,,20,Male,,,
2662,,43,Female,,,
2663,,10,Male,,,
2664,,66,Female,,,
2665,,34,Male,,,
2666,,64,Female,,,
2667,,73,Female,,,
2668,,21,Male,,,
2669,,29,Female,,,
2670,,19,Male,,,
2671,,40,Female,,,
2672,,16,Female,,,
2673,,17,Male,,,
2674,,38,Male,,,
2675,,44,Male,,,
2676,,70,Female,,,
2677,,75,Male,,,
2678,,47,Female,,,
2679,,70,Male,,,
2680,,32,Female,,,
2681,,75,Male,,,
2682,,51,Female,,,
2683,,52,Female,,,
2684,,62,Female,,,
2685,,56,Female,,,
2686,,62,Female,,,
2687,,50,Male,,,
2688,,15,Male,,,
2689,,13,Female,,,
2690,,33,Female,,,
2691,,67,Female,,,
2692,,12,Female,,,
2693,,28,Male,,,
2694,,66,Male,,,
2695,,33,Female,,,
2696,,30,Male,,,
2697,,29,Female,,,
2698,,52,Female,,,
2699,,20,Female,,,
2700,,77,Male,,,
2701,,38,Female,,,
2702,,58,Female,,,
2703,,70,Female,,,
2704,,15,Male,,,
2705,,43,Female,,,
2706,,48,Male,,,
2707,,63,Female,,,
2708,,68,Female,,,
2709,,65,Female,,,
2710,,68,Male,,,
2711,,51,Male,,,
2712,,66,Male,,,
2713,,10,Female,,,
2714,,70,Female,,,
2715,,13,Male,,,
2716,,27,Male,,,
2717,,49,Female,,,
2718,,63,Male,,,
2719,,55,Female,,,
2720,,41,Female,,,
2721,,57,Female,,,
2722,,76,Female,,,
2723,,36,Male,,,
2724,,42,Female,,,
2725,,56,Male,,,
2726,,19,Male,,,
2727,,58,Male,,,
2728,,63,Female,,,
2729,,21,Male,,,
2730,,48,Male,,,
2731,,55,Male,,,
2732,,23,Female,,,
2733,,65,Male,,,
2734,,58,Female,,,
2735,,56,Female,,,
2736,,34,Female,,,
2737,,29,Female,,,
2738,,39,Male,,,
2739,,24,Male,,,
2740,,40,Female,,,
2741,,35,Male,,,
2742,,74,Female,,,
2743,,26,Female,,,
2744,,57,Female,,,
2745,,33,Male,,,
2746,,34,Female,,,
2747,,18,Female,,,
2748,,40,Female,,,
2749,,53,Female,,,
2750,,39,Female,,,
2751,,64,Female,,,
2752,,29,Male,,,
2753,,19,Female,,,
2754,,23,Male,,,
2755,,27,Male,,,
2756,,76,Female,,,
2757,,72,Female,,,
2758,,76,Female,,,
2759,,27,Female,,,
2760,,78,Female,,,
2761,,68,Female,,,
2762,,35,Female,,,
2763,,42,Female,,,
2764,,18,Female,,,
2765,,45,Male,,,
2766,,16,Female,,,
2767,,46,Male,,,
2768,,66,Male,,,
2769,,61,Male,,,
2770,,15,Female,,,
2771,,10,Female,,,
2772,,74,Male,,,
2773,,74,Male,,,
2774,,50,Female,,,
2775,,49,Male,,,
2776,,20,Female,,,
2777,,64,Female,,,
2778,,43,Male,,,
2779,,25,Female,,,
2780,,14,Female,,,
2781,,37,Female,,,
2782,,71,Male,,,
2783,,27,Female,,,
2784,,21,Female,,,
2785,,32,Female,,,
2786,,57,Female,,,
2787,,63,Male,,,
2788,,59,Female,,,
2789,,36,Female,,,
2790,,29,Female,,,
2791,,19,Female,,,
2792,,60,Male,,,
2793,,76,Female,,,
2794,,79,Male,,,
2795,,75,Female,,,
2796,,38,Female,,,
2797,,47,Male,,,
2798,,35,Female,,,
2799,,25,Female,,,
2800,,49,Female,,,
2801,,71,Female,,,
2802,,40,Female,,,
2803,,18,Male,,,
2804,,75,Female,,,
2805,,76,Male,,,
2806,,61,Male,,,
2807,,71,Female,,,
2808,,71,Male,,,
2809,,29,Male,,,
2810,,78,Male,,,
2811,,40,Male,,,
2812,,32,Female,,,
2813,,61,Female,,,
2814,,41,Female,,,
2815,,66,Female,,,
2816,,31,Male,,,
2817,,79,Female,,,
2818,,19,Female,,,
2819,,38,Female,,,
2820,,50,Male,,,
2821,,62,Male,,,
2822,,34,Male,,,
2823,,76,Male,,,
2824,,34,Male,,,
2825,,46,Male,,,
2826,,71,Male,,,
2827,,11,Female,,,
2828,,62,Male,,,
2829,,26,Female,,,
2830,,59,Female,,,
2831,,22,Female,,,
2832,,11,Female,,,
2833,,37,Male,,,
2834,,65,Female,,,
2835,,74,Male,,,
2836,,39,Female,,,
2837,,78,Male,,,
2838,,34,Female,,,
2839,,59,Male,,,
2840,,44,Male,,,
2841,,53,Male,,,
2842,,23,Female,,,
2843,,41,Female,,,
2844,,54,Female,,,
2845,,52,Female,,,
2846,,10,Female,,,
2847,,29,Female,,,
2848,,49,Female,,,
2849,,40,Male,,,
2850,,54,Female,,,
2851,,36,Male,,,
2852,,45,Female,,,
2853,,68,Male,,,
2854,,68,Female,,,
2855,,38,Female,,,
2856,,58,Female,,,
2857,,26,Male,,,
2858,,73,Female,,,
2859,,18,Male,,,
2860,,62,Male,,,
2861,,50,Female,,,
2862,,26,Female,,,
2863,,29,Female,,,
2864,,76,Female,,,
2865,,40,Male,,,
2866,,25,Female,,,
2867,,11,Male,,,
2868,,47,Female,,,
2869,,63,Female,,,
2870,,40,Female,,,
2871,,59,Female,,,
2872,,35,Male,,,
2873,,78,Female,,,
2874,,13,Female,,,
2875,,78,Female,,,
2876,,40,Female,,,
2877,,53,Female,,,
2878,,52,Female,,,
2879,,79,Male,,,
2880,,76,Female,,,
2881,,56,Male,,,
2882,,78,Male,,,
2883,,21,Female,,,
2884,,68,Female,,,
2885,,33,Female,,,
2886,,38,Female,,,
2887,,78,Female,,,
2888,,13,Female,,,
2889,,23,Female,,,
2890,,22,Female,,,
2891,,10,Male,,,
2892,,63,Female,,,
2893,,24,Male,,,
2894,,69,Male,,,
2895,,62,Female,,,
2896,,77,Female,,,
2897,,39,Female,,,
2898,,37,Male,,,
2899,,75,Female,,,
2900,,70,Male,,,
2901,,21,Female,,,
2902,,17,Female,,,
2903,,13,Male,,,
2904,,68,Female,,,
2905,,18,Female,,,
2906,,63,Female,,,
2907,,72,Female,,,
2908,,54,Female,,,
2909,,61,Female,,,
2910,,69,Female,,,
2911,,69,Female,,,
2912,,50,Female,,,
2913,,30,Female,,,
2914,,57,Male,,,
2915,,50,Female,,,
2916,,27,Female,,,
2917,,27,Male,,,
2918,,28,Female,,,
2919,,57,Female,,,
2920,,12,Female,,,
2921,,33,Female,,,
2922,,79,Female,,,
2923,,33,Female,,,
2924,,78,Female,,,
2925,,70,Male,,,
2926,,38,Female,,,
2927,,25,Female,,,
2928,,70,Male,,,
2929,,38,Female,,,
2930,,24,Male,,,
2931,,14,Male,,,
2932,,29,Male,,,
2933,,57,Male,,,
2934,,48,Female,,,
2935,,13,Female,,,
2936,,74,Female,,,
2937,,74,Male,,,
2938,,63,Female,,,
2939,,32,Male,,,
2940,,66,Female,,,
2941,,17,Male,,,
2942,,43,Male,,,
2943,,20,Female,,,
2944,,40,Female,,,
2945,,31,Male,,,
2946,,23,Female,,,
2947,,78,Female,,,
2948,,14,Male,,,
2949,,10,Male,,,
2950,,75,Female,,,
2951,,70,Female,,,
2952,,75,Female,,,
2953,,75,Female,,,
2954,,61,Male,,,
2955,,43,Female,,,
2956,,29,Female,,,
2957,,69,Female,,,
2958,,36,Female,,,
2959,,62,Female,,,
2960,,68,Female,,,
2961,,36,Female,,,
2962,,21,Female,,,
2963,,37,Male,,,
2964,,75,Male,,,
2965,,35,Female,,,
2966,,76,Female,,,
2967,,22,Male,,,
2968,,70,Male,,,
2969,,14,Female,,,
2970,,11,Female,,,
2971,,47,Female,,,
2972,,39,Female,,,
2973,,61,Female,,,
2974,,47,Female,,,
2975,,26,Male,,,
2976,,30,Female,,,
2977,,52,Female,,,
2978,,29,Male,,,
2979,,15,Female,,,
2980,,11,Female,,,
2981,,14,Male,,,
2982,,34,Female,,,
2983,,67,Male,,,
2984,,76,Female,,,
2985,,47,Female,,,
2986,,23,Male,,,
2987,,53,Male,,,
2988,,15,Female,,,
2989,,50,Male,,,
2990,,50,Male,,,
2991,,39,Female,,,
2992,,45,Female,,,
2993,,50,Female,,,
2994,,18,Female,,,
2995,,22,Female,,,
2996,,55,Male,,,
2997,,24,Male,,,
2998,,42,Female,,,
2999,,22,Female,,,
3000,,27,Male,,,
3001,,74,Female,,,
3002,,70,Female,,,
3003,,63,Female,,,
3004,,47,Female,,,
3005,,10,Female,,,
3006,,18,Male,,,
3007,,22,Female,,,
3008,,14,Female,,,
3009,,75,Female,,,
3010,,52,Female,,,
3011,,65,Female,,,
3012,,44,Male,,,
3013,,74,Female,,,
3014,,36,Male,,,
3015,,76,Female,,,
3016,,66,Male,,,
3017,,30,Female,,,
3018,,24,Female,,,
3019,,25,Female,,,
3020,,73,Female,,,
3021,,39,Male,,,
3022,,48,Male,,,
3023,,69,Female,,,
3024,,22,Male,,,
3025,,66,Female,,,
3026,,44,Female,,,
3027,,19,Female,,,
3028,,42,Male,,,
3029,,16,Female,,,
3030,,57,Male,,,
3031,,47,Female,,,
3032,,72,Female,,,
3033,,15,Female,,,
3034,,66,Male,,,
3035,,22,Female,,,
3036,,61,Male,,,
3037,,28,Male,,,
3038,,66,Male,,,
3039,,55,Female,,,
3040,,72,Female,,,
3041,,51,Female,,,
3042,,23,Female,,,
3043,,60,Female,,,
3044,,54,Male,,,
3045,,51,Female,,,
3046,,35,Female,,,
3047,,51,Female,,,
3048,,49,Male,,,
3049,,54,Male,,,
3050,,15,Female,,,
3051,,10,Female,,,
3052,,62,Female,,,
3053,,12,Female,,,
3054,,68,Male,,,
3055,,61,Male,,,
3056,,74,Female,,,
3057,,77,Female,,,
3058,,77,Female,,,
3059,,15,Female,,,
3060,,36,Female,,,
3061,,54,Female,,,
3062,,72,Female,,,
3063,,46,Female,,,
3064,,48,Female,,,
3065,,40,Male,,,
3066,,57,Female,,,
3067,,35,Female,,,
3068,,42,Female,,,
3069,,41,Female,,,
3070,,39,Male,,,
3071,,10,Female,,,
3072,,13,Female,,,
3073,,68,Female,,,
3074,,70,Female,,,
3075,,67,Female,,,
3076,,12,Male,,,
3077,,49,Female,,,
3078,,77,Female,,,
3079,,57,Female,,,
3080,,71,Male,,,
3081,,56,Female,,,
3082,,69,Female,,,
3083,,66,Female,,,
3084,,56,Female,,,
3085,,34,Female,,,
3086,,53,Male,,,
3087,,68,Male,,,
3088,,71,Male,,,
3089,,61,Female,,,
3090,,57,Male,,,
3091,,69,Male,,,
3092,,51,Male,,,
3093,,23,Female,,,
3094,,74,Female,,,
3095,,20,Female,,,
3096,,22,Female,,,
3097,,62,Female,,,
3098,,74,Female,,,
3099,,28,Female,,,
3100,,79,Female,,,
3101,,21,Male,,,
3102,,47,Female,,,
3103,,21,Male,,,
3104,,51,Female,,,
3105,,22,Male,,,
3106,,38,Female,,,
3107,,16,Female,,,
3108,,58,Male,,,
3109,,45,Female,,,
3110,,39,Female,,,
3111,,59,Male,,,
3112,,36,Male,,,
3113,,19,Male,,,
3114,,45,Female,,,
3115,,35,Male,,,
3116,,15,Female,,,
3117,,65,Male,,,
3118,,39,Female,,,
3119,,77,Female,,,
3120,,62,Female,,,
3121,,24,Female,,,
3122,,39,Female,,,
3123,,34,Female,,,
3124,,38,Female,,,
3125,,33,Male,,,
3126,,48,Female,,,
3127,,17,Female,,,
3128,,41,Female,,,
3129,,39,Female,,,
3130,,72,Female,,,
3131,,69,Male,,,
3132,,11,Female,,,
3133,,77,Female,,,
3134,,13,Female,,,
3135,,20,Male,,,
3136,,39,Female,,,
3137,,22,Male,,,
3138,,41,Female,,,
3139,,43,Female,,,
3140,,51,Female,,,
3141,,25,Female,,,
3142,,11,Female,,,
3143,,53,Male,,,
3144,,12,Male,,,
3145,,20,Male,,,
3146,,31,Female,,,
3147,,78,Male,,,
3148,,39,Female,,,
3149,,69,Female,,,
3150,,69,Female,,,
3151,,65,Male,,,
3152,,73,Female,,,
3153,,40,Male,,,
3154,,70,Male,,,
3155,,74,Female,,,
3156,,14,Female,,,
3157,,38,Female,,,
3158,,23,Male,,,
3159,,19,Female,,,
3160,,37,Male,,,
3161,,24,Male,,,
3162,,36,Female,,,
3163,,69,Male,,,
3164,,23,Male,,,
3165,,43,Female,,,
3166,,15,Female,,,
3167,,47,Female,,,
3168,,48,Male,,,
3169,,31,Male,,,
3170,,42,Male,,,
3171,,54,Male,,,
3172,,14,Female,,,
3173,,42,Male,,,
3174,,38,Female,,,
3175,,36,Female,,,
3176,,25,Male,,,
3177,,22,Male,,,
3178,,21,Female,,,
3179,,49,Female,,,
3180,,25,Female,,,
3181,,28,Male,,,
3182,,45,Female,,,
3183,,30,Female,,,
3184,,48,Male,,,
3185,,13,Male,,,
3186,,25,Male,,,
3187,,26,Male,,,
3188,,79,Male,,,
3189,,55,Female,,,
3190,,47,Female,,,
3191,,32,Female,,,
3192,,61,Male,,,
3193,,61,Female,,,
3194,,34,Female,,,
3195,,14,Female,,,
3196,,29,Female,,,
3197,,36,Female,,,
3198,,33,Female,,,
3199,,36,Male,,,
3200,,11,Female,,,
3201,,72,Female,,,
3202,,22,Female,,,
3203,,64,Female,,,
3204,,14,Female,,,
3205,,29,Female,,,
3206,,57,Female,,,
3207,,10,Male,,,
3208,,66,Female,,,
3209,,16,Female,,,
3210,,57,Male,,,
3211,,66,Female,,,
3212,,11,Female,,,
3213,,46,Female,,,
3214,,61,Male,,,
3215,,19,Female,,,
3216,,28,Female,,,
3217,,60,Female,,,
3218,,42,Female,,,
3219,,29,Male,,,
3220,,10,Female,,,
3221,,41,Female,,,
3222,,25,Male,,,
3223,,57,Male,,,
3224,,45,Female,,,
3225,,29,Female,,,
3226,,67,Female,,,
3227,,30,Male,,,
3228,,75,Female,,,
3229,,52,Male,,,
3230,,16,Male,,,
3231,,66,Female,,,
3232,,34,Male,,,
3233,,33,Male,,,
3234,,49,Male,,,
3235,,22,Male,,,
3236,,49,Female,,,
3237,,57,Male,,,
3238,,14,Female,,,
3239,,11,Male,,,
3240,,22,Male,,,
3241,,13,Female,,,
3242,,10,Male,,,
3243,,43,Female,,,
3244,,63,Male,,,
3245,,23,Female,,,
3246,,34,Male,,,
3247,,34,Female,,,
3248,,46,Male,,,
3249,,38,Female,,,
3250,,17,Female,,,
3251,,41,Female,,,
3252,,34,Female,,,
3253,,71,Female,,,
3254,,51,Male,,,
3255,,34,Male,,,
3256,,79,Female,,,
3257,,40,Male,,,
3258,,54,Female,,,
3259,,24,Male,,,
3260,,17,Male,,,
3261,,47,Female,,,
3262,,18,Male,,,
3263,,39,Female,,,
3264,,38,Female,,,
3265,,71,Female,,,
3266,,53,Female,,,
3267,,25,Female,,,
3268,,78,Female,,,
3269,,51,Female,,,
3270,,63,Male,,,
3271,,42,Male,,,
3272,,72,Female,,,
3273,,22,Female,,,
3274,,26,Female,,,
3275,,65,Female,,,
3276,,20,Male,,,
3277,,71,Male,,,
3278,,39,Female,,,
3279,,13,Male,,,
3280,,60,Male,,,
3281,,69,Female,,,
3282,,56,Female,,,
3283,,66,Female,,,
3284,,48,Female,,,
3285,,10,Female,,,
3286,,23,Male,,,
3287,,35,Female,,,
3288,,19,Female,,,
3289,,73,Male,,,
3290,,60,Female,,,
3291,,16,Male,,,
3292,,38,Male,,,
3293,,44,Male,,,
3294,,17,Male,,,
3295,,61,Male,,,
3296,,20,Male,,,
3297,,46,Female,,,
3298,,51,Female,,,
3299,,27,Female,,,
3300,,27,Male,,,
3301,,26,Female,,,
3302,,25,Female,,,
3303,,46,Female,,,
3304,,23,Female,,,
3305,,75,Male,,,
3306,,22,Female,,,
3307,,49,Male,,,
3308,,24,Female,,,
3309,,32,Female,,,
3310,,26,Female,,,
3311,,15,Female,,,
3312,,12,Male,,,
3313,,23,Male,,,
3314,,27,Female,,,
3315,,22,Male,,,
3316,,67,Male,,,
3317,,45,Female,,,
3318,,52,Female,,,
3319,,38,Male,,,
3320,,62,Male,,,
3321,,72,Female,,,
3322,,13,Female,,,
3323,,38,Male,,,
3324,,25,Male,,,
3325,,72,Female,,,
3326,,64,Female,,,
3327,,10,Female,,,
3328,,16,Female,,,
3329,,68,Female,,,
3330,,58,Female,,,
3331,,48,Female,,,
3332,,17,Male,,,
3333,,59,Male,,,
3334,,30,Female,,,
3335,,73,Female,,,
3336,,57,Female,,,
3337,,21,Female,,,
3338,,18,Female,,,
3339,,64,Female,,,
3340,,37,Male,,,
3341,,28,Male,,,
3342,,17,Female,,,
3343,,50,Female,,,
3344,,70,Female,,,
3345,,12,Male,,,
3346,,14,Male,,,
3347,,12,Male,,,
3348,,74,Male,,,
3349,,55,Female,,,
3350,,55,Female,,,
3351,,79,Male,,,
3352,,72,Female,,,
3353,,16,Male,,,
3354,,50,Male,,,
3355,,68,Female,,,
3356,,57,Female,,,
3357,,60,Male,,,
3358,,34,Female,,,
3359,,43,Female,,,
3360,,65,Male,,,
3361,,42,Male,,,
3362,,46,Male,,,
3363,,41,Male,,,
3364,,78,Male,,,
3365,,79,Female,,,
3366,,64,Female,,,
3367,,65,Male,,,
3368,,34,Male,,,
3369,,42,Female,,,
3370,,46,Male,,,
3371,,37,Female,,,
3372,,58,Female,,,
3373,,31,Male,,,
3374,,57,Female,,,
3375,,18,Female,,,
3376,,55,Male,,,
3377,,65,Female,,,
3378,,28,Female,,,
3379,,26,Female,,,
3380,,61,Female,,,
3381,,43,Female,,,
3382,,30,Male,,,
3383,,30,Female,,,
3384,,45,Male,,,
3385,,74,Male,,,
3386,,38,Female,,,
3387,,52,Female,,,
3388,,47,Male,,,
3389,,39,Female,,,
3390,,26,Male,,,
3391,,15,Female,,,
3392,,11,Female,,,
3393,,79,Female,,,
3394,,50,Female,,,
3395,,50,Female,,,
3396,,27,Female,,,
3397,,13,Male,,,
3398,,12,Female,,,
3399,,32,Female,,,
3400,,34,Female,,,
3401,,48,Female,,,
3402,,39,Male,,,
3403,,32,Male,,,
3404,,73,Female,,,
3405,,62,Female,,,
3406,,46,Female,,,
3407,,15,Female,,,
3408,,19,Female,,,
3409,,29,Male,,,
3410,,29,Female,,,
3411,,29,Female,,,
3412,,68,Female,,,
3413,,61,Male,,,
3414,,18,Female,,,
3415,,51,Female,,,
3416,,32,Male,,,
3417,,65,Female,,,
3418,,37,Female,,,
3419,,40,Female,,,
3420,,49,Female,,,
3421,,53,Male,,,
3422,,23,Male,,,
3423,,24,Female,,,
3424,,69,Male,,,
3425,,62,Female,,,
3426,,53,Male,,,
3427,,44,Female,,,
3428,,55,Male,,,
3429,,73,Male,,,
3430,,22,Female,,,
3431,,30,Female,,,
3432,,65,Male,,,
3433,,67,Female,,,
3434,,52,Male,,,
3435,,13,Female,,,
3436,,14,Male,,,
3437,,50,Male,,,
3438,,61,Female,,,
3439,,32,Female,,,
3440,,44,Male,,,
3441,,49,Male,,,
3442,,22,Female,,,
3443,,61,Female,,,
3444,,21,Female,,,
3445,,70,Female,,,
3446,,15,Male,,,
3447,,27,Male,,,
3448,,62,Female,,,
3449,,21,Female,,,
3450,,66,Male,,,
3451,,41,Female,,,
3452,,12,Female,,,
3453,,25,Male,,,
3454,,77,Male,,,
3455,,68,Female,,,
3456,,17,Female,,,
3457,,63,Female,,,
3458,,11,Male,,,
3459,,10,Female,,,
3460,,41,Female,,,
3461,,43,Male,,,
3462,,50,Male,,,
3463,,24,Female,,,
3464,,63,Male,,,
3465,,73,Male,,,
3466,,28,Male,,,
3467,,37,Female,,,
3468,,62,Female,,,
3469,,67,Female,,,
3470,,29,Male,,,
3471,,44,Female,,,
3472,,15,Female,,,
3473,,62,Female,,,
3474,,55,Male,,,
3475,,79,Male,,,
3476,,14,Male,,,
3477,,20,Female,,,
3478,,69,Male,,,
3479,,27,Male,,,
3480,,41,Male,,,
3481,,41,Female,,,
3482,,42,Male,,,
3483,,20,Female,,,
3484,,76,Male,,,
3485,,14,Female,,,
3486,,72,Female,,,
3487,,75,Female,,,
3488,,37,Female,,,
3489,,70,Male,,,
3490,,68,Female,,,
3491,,26,Female,,,
3492,,60,Female,,,
3493,,16,Female,,,
3494,,77,Female,,,
3495,,43,Male,,,
3496,,56,Female,,,
3497,,31,Female,,,
3498,,79,Male,,,
3499,,57,Female,,,
3500,,79,Male,,,
3501,,65,Female,,,
3502,,15,Female,,,
3503,,35,Male,,,
3504,,29,Female,,,
3505,,43,Female,,,
3506,,30,Female,,,
3507,,76,Female,,,
3508,,75,Female,,,
3509,,53,Female,,,
3510,,37,Male,,,
3511,,27,Female,,,
3512,,47,Female,,,
3513,,66,Female,,,
3514,,22,Female,,,
3515,,31,Female,,,
3516,,46,Male,,,
3517,,11,Male,,,
3518,,18,Male,,,
3519,,44,Female,,,
3520,,35,Female,,,
3521,,67,Female,,,
3522,,14,Male,,,
3523,,24,Female,,,
3524,,38,Female,,,
3525,,31,Female,,,
3526,,78,Female,,,
3527,,47,Male,,,
3528,,29,Female,,,
3529,,13,Male,,,
3530,,49,Male,,,
3531,,18,Male,,,
3532,,26,Female,,,
3533,,63,Male,,,
3534,,28,Male,,,
3535,,73,Female,,,
3536,,66,Female,,,
3537,,13,Female,,,
3538,,30,Female,,,
3539,,22,Female,,,
3540,,48,Female,,,
3541,,46,Female,,,
3542,,39,Female,,,
3543,,77,Male,,,
3544,,16,Male,,,
3545,,42,Female,,,
3546,,12,Female,,,
3547,,53,Male,,,
3548,,28,Female,,,
3549,,43,Female,,,
3550,,31,Female,,,
3551,,14,Female,,,
3552,,57,Female,,,
3553,,45,Male,,,
3554,,20,Female,,,
3555,,75,Male,,,
3556,,40,Male,,,
3557,,73,Male,,,
3558,,40,Male,,,
3559,,75,Male,,,
3560,,64,Male,,,
3561,,78,Male,,,
3562,,35,Female,,,
3563,,55,Female,,,
3564,,72,Female,,,
3565,,51,Female,,,
3566,,12,Male,,,
3567,,11,Female,,,
3568,,54,Male,,,
3569,,15,Female,,,
3570,,20,Female,,,
3571,,40,Male,,,
3572,,23,Female,,,
3573,,19,Female,,,
3574,,30,Female,,,
3575,,62,Female,,,
3576,,48,Female,,,
3577,,54,Female,,,
3578,,62,Female,,,
3579,,54,Female,,,
3580,,57,Male,,,
3581,,57,Female,,,
3582,,51,Male,,,
3583,,19,Female,,,
3584,,56,Female,,,
3585,,13,Female,,,
3586,,58,Female,,,
3587,,48,Male,,,
3588,,75,Female,,,
3589,,23,Female,,,
3590,,13,Female,,,
3591,,76,Female,,,
3592,,37,Male,,,
3593,,41,Female,,,
3594,,61,Male,,,
3595,,41,Male,,,
3596,,53,Female,,,
3597,,42,Female,,,
3598,,45,Female,,,
3599,,11,Female,,,
3600,,24,Female,,,
3601,,26,Male,,,
3602,,40,Female,,,
3603,,30,Male,,,
3604,,75,Female,,,
3605,,12,Female,,,
3606,,61,Female,,,
3607,,53,Male,,,
3608,,26,Female,,,
3609,,49,Female,,,
3610,,24,Female,,,
3611,,45,Female,,,
3612,,51,Female,,,
3613,,22,Male,,,
3614,,49,Male,,,
3615,,68,Female,,,
3616,,65,Male,,,
3617,,42,Male,,,
3618,,17,Female,,,
3619,,46,Female,,,
3620,,54,Female,,,
3621,,37,Female,,,
3622,,43,Male,,,
3623,,56,Female,,,
3624,,77,Female,,,
3625,,23,Female,,,
3626,,19,Male,,,
3627,,67,Female,,,
3628,,61,Female,,,
3629,,56,Male,,,
3630,,69,Male,,,
3631,,25,Male,,,
3632,,66,Female,,,
3633,,78,Female,,,
3634,,78,Male,,,
3635,,78,Male,,,
3636,,53,Female,,,
3637,,78,Female,,,
3638,,34,Female,,,
3639,,68,Male,,,
3640,,55,Male,,,
3641,,61,Male,,,
3642,,34,Male,,,
3643,,16,Female,,,
3644,,48,Female,,,
3645,,43,Male,,,
3646,,10,Female,,,
3647,,34,Female,,,
3648,,73,Female,,,
3649,,72,Female,,,
3650,,48,Female,,,
3651,,25,Male,,,
3652,,41,Male,,,
3653,,54,Female,,,
3654,,55,Female,,,
3655,,21,Female,,,
3656,,33,Female,,,
3657,,62,Female,,,
3658,,41,Male,,,
3659,,11,Female,,,
3660,,36,Female,,,
3661,,71,Male,,,
3662,,64,Female,,,
3663,,50,Male,,,
3664,,25,Male,,,
3665,,52,Male,,,
3666,,53,Male,,,
3667,,35,Female,,,
3668,,49,Male,,,
3669,,74,Female,,,
3670,,58,Male,,,
3671,,65,Female,,,
3672,,24,Male,,,
3673,,28,Female,,,
3674,,17,Female,,,
3675,,13,Female,,,
3676,,10,Female,,,
3677,,49,Female,,,
3678,,65,Female,,,
3679,,64,Female,,,
3680,,39,Female,,,
3681,,60,Female,,,
3682,,68,Female,,,
3683,,74,Female,,,
3684,,69,Female,,,
3685,,31,Male,,,
3686,,32,Female,,,
3687,,74,Female,,,
3688,,53,Female,,,
3689,,30,Female,,,
3690,,66,Male,,,
3691,,45,Female,,,
3692,,11,Male,,,
3693,,32,Female,,,
3694,,49,Female,,,
3695,,29,Female,,,
3696,,66,Female,,,
3697,,25,Male,,,
3698,,48,Female,,,
3699,,54,Male,,,
3700,,54,Female,,,
3701,,58,Male,,,
3702,,13,Male,,,
3703,,45,Female,,,
3704,,44,Female,,,
3705,,63,Male,,,
3706,,13,Female,,,
3707,,30,Female,,,
3708,,28,Female,,,
3709,,53,Female,,,
3710,,67,Female,,,
3711,,63,Female,,,
3712,,74,Male,,,
3713,,75,Female,,,
3714,,14,Female,,,
3715,,60,Female,,,
3716,,55,Female,,,
3717,,13,Female,,,
3718,,35,Male,,,
3719,,20,Male,,,
3720,,56,Female,,,
3721,,47,Female,,,
3722,,39,Female,,,
3723,,76,Male,,,
3724,,11,Female,,,
3725,,32,Female,,,
3726,,38,Male,,,
3727,,56,Male,,,
3728,,71,Female,,,
3729,,76,Male,,,
3730,,78,Female,,,
3731,,77,Female,,,
3732,,59,Male,,,
3733,,18,Female,,,
3734,,57,Male,,,
3735,,42,Male,,,
3736,,15,Female,,,
3737,,47,Female,,,
3738,,17,Female,,,
3739,,55,Male,,,
3740,,50,Female,,,
3741,,52,Female,,,
3742,,59,Male,,,
3743,,15,Female,,,
3744,,25,Male,,,
3745,,58,Male,,,
3746,,42,Female,,,
3747,,48,Female,,,
3748,,68,Male,,,
3749,,18,Female,,,
3750,,46,Female,,,
3751,,33,Male,,,
3752,,21,Female,,,
3753,,11,Female,,,
3754,,66,Male,,,
3755,,73,Female,,,
3756,,19,Female,,,
3757,,60,Female,,,
3758,,60,Female,,,
3759,,12,Male,,,
3760,,61,Female,,,
3761,,40,Male,,,
3762,,59,Male,,,
3763,,34,Female,,,
3764,,18,Male,,,
3765,,49,Male,,,
3766,,57,Male,,,
3767,,24,Female,,,
3768,,27,Female,,,
3769,,74,Female,,,
3770,,17,Female,,,
3771,,36,Female,,,
3772,,64,Female,,,
3773,,77,Female,,,
3774,,74,Female,,,
3775,,68,Male,,,
3776,,58,Female,,,
3777,,59,Male,,,
3778,,49,Female,,,
3779,,48,Male,,,
3780,,20,Male,,,
3781,,36,Male,,,
3782,,21,Female,,,
3783,,33,Female,,,
3784,,38,Male,,,
3785,,52,Female,,,
3786,,57,Male,,,
3787,,14,Male,,,
3788,,20,Male,,,
3789,,42,Female,,,
3790,,44,Female,,,
3791,,79,Female,,,
3792,,18,Female,,,
3793,,46,Female,,,
3794,,27,Male,,,
3795,,34,Female,,,
3796,,26,Female,,,
3797,,13,Female,,,
3798,,30,Male,,,
3799,,26,Female,,,
3800,,33,Female,,,
3801,,42,Female,,,
3802,,15,Female,,,
3803,,68,Female,,,
3804,,69,Female,,,
3805,,18,Male,,,
3806,,73,Female,,,
3807,,61,Female,,,
3808,,25,Female,,,
3809,,16,Male,,,
3810,,71,Female,,,
3811,,51,Female,,,
3812,,72,Male,,,
3813,,15,Male,,,
3814,,61,Female,,,
3815,,49,Female,,,
3816,,38,Female,,,
3817,,16,Male,,,
3818,,74,Male,,,
3819,,77,Male,,,
3820,,20,Female,,,
3821,,28,Male,,,
3822,,46,Male,,,
3823,,31,Female,,,
3824,,72,Female,,,
3825,,46,Female,,,
3826,,18,Female,,,
3827,,62,Female,,,
3828,,58,Female,,,
3829,,17,Male,,,
3830,,14,Female,,,
3831,,56,Male,,,
3832,,23,Female,,,
3833,,62,Female,,,
3834,,75,Female,,,
3835,,68,Male,,,
3836,,25,Male,,,
3837,,73,Female,,,
3838,,35,Female,,,
3839,,40,Female,,,
3840,,60,Male,,,
3841,,23,Male,,,
3842,,75,Male,,,
3843,,17,Female,,,
3844,,19,Female,,,
3845,,19,Female,,,
3846,,20,Female,,,
3847,,19,Female,,,
3848,,10,Male,,,
3849,,23,Female,,,
3850,,69,Female,,,
3851,,49,Female,,,
3852,,51,Female,,,
3853,,35,Male,,,
3854,,53,Female,,,
3855,,39,Female,,,
3856,,52,Female,,,
3857,,71,Female,,,
3858,,34,Female,,,
3859,,42,Male,,,
3860,,52,Female,,,
3861,,20,Female,,,
3862,,74,Female,,,
3863,,13,Male,,,
3864,,56,Male,,,
3865,,44,Male,,,
3866,,75,Male,,,
3867,,43,Female,,,
3868,,34,Male,,,
3869,,67,Female,,,
3870,,59,Male,,,
3871,,24,Female,,,
3872,,10,Female,,,
3873,,67,Female,,,
3874,,13,Female,,,
3875,,21,Female,,,
3876,,59,Male,,,
3877,,39,Male,,,
3878,,52,Female,,,
3879,,41,Female,,,
3880,,54,Female,,,
3881,,36,Male,,,
3882,,22,Female,,,
3883,,30,Female,,,
3884,,22,Female,,,
3885,,63,Female,,,
3886,,65,Female,,,
3887,,50,Female,,,
3888,,32,Male,,,
3889,,17,Female,,,
3890,,13,Female,,,
3891,,15,Male,,,
3892,,48,Female,,,
3893,,40,Female,,,
3894,,72,Female,,,
3895,,21,Male,,,
3896,,65,Female,,,
3897,,42,Female,,,
3898,,20,Male,,,
3899,,72,Female,,,
3900,,15,Female,,,
3901,,22,Female,,,
3902,,43,Male,,,
3903,,39,Female,,,
3904,,41,Female,,,
3905,,72,Female,,,
3906,,16,Female,,,
3907,,72,Female,,,
3908,,13,Male,,,
3909,,71,Male,,,
3910,,38,Female,,,
3911,,56,Female,,,
3912,,42,Female,,,
3913,,17,Female,,,
3914,,69,Female,,,
3915,,41,Female,,,
3916,,54,Female,,,
3917,,76,Female,,,
3918,,77,Female,,,
3919,,65,Male,,,
3920,,71,Female,,,
3921,,59,Female,,,
3922,,72,Female,,,
3923,,61,Female,,,
3924,,40,Male,,,
3925,,29,Female,,,
3926,,46,Female,,,
3927,,42,Male,,,
3928,,57,Male,,,
3929,,21,Female,,,
3930,,51,Female,,,
3931,,76,Female,,,
3932,,44,Male,,,
3933,,40,Female,,,
3934,,64,Female,,,
3935,,62,Male,,,
3936,,68,Female,,,
3937,,66,Female,,,
3938,,61,Female,,,
3939,,13,Male,,,
3940,,33,Female,,,
3941,,70,Female,,,
3942,,13,Female,,,
3943,,14,Female,,,
3944,,33,Female,,,
3945,,77,Female,,,
3946,,72,Female,,,
3947,,73,Female,,,
3948,,34,Male,,,
3949,,41,Female,,,
3950,,64,Female,,,
3951,,60,Male,,,
3952,,39,Female,,,
3953,,61,Female,,,
3954,,60,Female,,,
3955,,77,Female,,,
3956,,33,Female,,,
3957,,38,Female,,,
3958,,22,Female,,,
3959,,20,Female,,,
3960,,24,Male,,,
3961,,25,Female,,,
3962,,43,Male,,,
3963,,29,Female,,,
3964,,14,Male,,,
3965,,37,Female,,,
3966,,20,Male,,,
3967,,30,Female,,,
3968,,21,Female,,,
3969,,71,Male,,,
3970,,30,Female,,,
3971,,19,Female,,,
3972,,76,Female,,,
3973,,30,Male,,,
3974,,41,Female,,,
3975,,68,Male,,,
3976,,40,Female,,,
3977,,33,Female,,,
3978,,21,Female,,,
3979,,48,Female,,,
3980,,58,Female,,,
3981,,19,Male,,,
3982,,10,Female,,,
3983,,68,Female,,,
3984,,25,Female,,,
3985,,72,Female,,,
3986,,50,Female,,,
3987,,28,Male,,,
3988,,60,Female,,,
3989,,39,Female,,,
3990,,69,Male,,,
3991,,26,Male,,,
3992,,71,Female,,,
3993,,19,Female,,,
3994,,46,Female,,,
3995,,35,Male,,,
3996,,14,Female,,,
3997,,70,Male,,,
3998,,47,Female,,,
3999,,31,Female,,,
4000,,30,Female,,,
4001,,79,Male,,,
4002,,16,Female,,,
4003,,35,Male,,,
4004,,56,Female,,,
4005,,39,Female,,,
4006,,20,Male,,,
4007,,52,Female,,,
4008,,52,Female,,,
4009,,33,Male,,,
4010,,66,Male,,,
4011,,76,Female,,,
4012,,31,Female,,,
4013,,27,Male,,,
4014,,78,Male,,,
4015,,31,Female,,,
4016,,59,Male,,,
4017,,31,Female,,,
4018,,22,Female,,,
4019,,65,Female,,,
4020,,14,Male,,,
4021,,68,Male,,,
4022,,55,Male,,,
4023,,28,Male,,,
4024,,35,Male,,,
4025,,68,Female,,,
4026,,51,Male,,,
4027,,31,Female,,,
4028,,33,Female,,,
4029,,73,Female,,,
4030,,31,Female,,,
4031,,33,Male,,,
4032,,38,Female,,,
4033,,44,Female,,,
4034,,28,Female,,,
4035,,40,Female,,,
4036,,30,Female,,,
4037,,16,Male,,,
4038,,75,Male,,,
4039,,42,Male,,,
4040,,21,Female,,,
4041,,22,Female,,,
4042,,20,Male,,,
4043,,27,Male,,,
4044,,36,Male,,,
4045,,78,Male,,,
4046,,35,Female,,,
4047,,72,Male,,,
4048,,22,Female,,,
4049,,24,Female,,,
4050,,73,Female,,,
4051,,76,Female,,,
4052,,21,Female,,,
4053,,49,Male,,,
4054,,61,Female,,,
4055,,21,Female,,,
4056,,68,Female,,,
4057,,78,Female,,,
4058,,21,Female,,,
4059,,60,Male,,,
4060,,10,Male,,,
4061,,18,Female,,,
4062,,16,Female,,,
4063,,48,Male,,,
4064,,41,Female,,,
4065,,25,Male,,,
4066,,56,Male,,,
4067,,14,Male,,,
4068,,62,Male,,,
4069,,78,Female,,,
4070,,77,Male,,,
4071,,30,Female,,,
4072,,56,Male,,,
4073,,27,Female,,,
4074,,21,Female,,,
4075,,17,Female,,,
4076,,62,Male,,,
4077,,33,Male,,,
4078,,79,Female,,,
4079,,36,Male,,,
4080,,24,Male,,,
4081,,13,Female,,,
4082,,17,Female,,,
4083,,43,Male,,,
4084,,17,Female,,,
4085,,63,Female,,,
4086,,51,Female,,,
4087,,27,Male,,,
4088,,67,Female,,,
4089,,13,Female,,,
4090,,76,Female,,,
4091,,76,Female,,,
4092,,14,Male,,,
4093,,60,Female,,,
4094,,13,Female,,,
4095,,78,Male,,,
4096,,33,Male,,,
4097,,55,Male,,,
4098,,58,Female,,,
4099,,51,Female,,,
4100,,19,Female,,,
4101,,31,Female,,,
4102,,20,Female,,,
4103,,54,Female,,,
4104,,26,Male,,,
4105,,76,Male,,,
4106,,40,Female,,,
4107,,30,Male,,,
4108,,32,Male,,,
4109,,59,Male,,,
4110,,57,Female,,,
4111,,48,Male,,,
4112,,31,Male,,,
4113,,59,Female,,,
4114,,60,Female,,,
4115,,57,Male,,,
4116,,21,Male,,,
4117,,57,Male,,,
4118,,38,Female,,,
4119,,44,Female,,,
4120,,79,Male,,,
4121,,61,Female,,,
4122,,74,Female,,,
4123,,34,Female,,,
4124,,78,Female,,,
4125,,38,Female,,,
4126,,56,Female,,,
4127,,13,Male,,,
4128,,56,Female,,,
4129,,57,Female,,,
4130,,39,Male,,,
4131,,38,Male,,,
4132,,23,Male,,,
4133,,39,Male,,,
4134,,25,Female,,,
4135,,64,Female,,,
4136,,54,Male,,,
4137,,41,Female,,,
4138,,24,Female,,,
4139,,40,Female,,,
4140,,53,Female,,,
4141,,28,Female,,,
4142,,35,Female,,,
4143,,72,Male,,,
4144,,10,Female,,,
4145,,49,Female,,,
4146,,30,Female,,,
4147,,10,Male,,,
4148,,18,Female,,,
4149,,56,Female,,,
4150,,48,Female,,,
4151,,41,Female,,,
4152,,39,Female,,,
4153,,49,Male,,,
4154,,30,Female,,,
4155,,48,Female,,,
4156,,31,Female,,,
4157,,62,Female,,,
4158,,57,Female,,,
4159,,57,Female,,,
4160,,47,Female,,,
4161,,70,Male,,,
4162,,67,Female,,,
4163,,72,Female,,,
4164,,28,Female,,,
4165,,18,Female,,,
4166,,75,Female,,,
4167,,23,Female,,,
4168,,64,Female,,,
4169,,53,Male,,,
4170,,45,Female,,,
4171,,35,Female,,,
4172,,38,Female,,,
4173,,65,Female,,,
4174,,75,Male,,,
4175,,35,Male,,,
4176,,49,Female,,,
4177,,34,Male,,,
4178,,40,Female,,,
4179,,79,Male,,,
4180,,50,Female,,,
4181,,62,Female,,,
4182,,77,Male,,,
4183,,70,Male,,,
4184,,56,Female,,,
4185,,25,Female,,,
4186,,68,Male,,,
4187,,33,Male,,,
4188,,25,Male,,,
4189,,17,Female,,,
4190,,73,Female,,,
4191,,74,Female,,,
4192,,16,Female,,,
4193,,52,Male,,,
4194,,35,Male,,,
4195,,69,Female,,,
4196,,42,Female,,,
4197,,25,Female,,,
4198,,53,Female,,,
4199,,77,Male,,,
4200,,57,Male,,,
4201,,66,Female,,,
4202,,56,Female,,,
4203,,31,Female,,,
4204,,54,Female,,,
4205,,73,Female,,,
4206,,39,Female,,,
4207,,23,Female,,,
4208,,26,Female,,,
4209,,27,Female,,,
4210,,75,Female,,,
4211,,17,Male,,,
4212,,79,Female,,,
4213,,21,Female,,,
4214,,37,Female,,,
4215,,29,Female,,,
4216,,14,Female,,,
4217,,55,Female,,,
4218,,76,Male,,,
4219,,18,Female,,,
4220,,40,Female,,,
4221,,13,Male,,,
4222,,33,Female,,,
4223,,42,Male,,,
4224,,66,Female,,,
4225,,22,Female,,,
4226,,22,Female,,,
4227,,76,Male,,,
4228,,40,Female,,,
4229,,40,Female,,,
4230,,63,Male,,,
4231,,61,Male,,,
4232,,71,Male,,,
4233,,63,Male,,,
4234,,56,Female,,,
4235,,30,Female,,,
4236,,56,Female,,,
4237,,33,Male,,,
4238,,26,Female,,,
4239,,62,Male,,,
4240,,75,Female,,,
4241,,10,Female,,,
4242,,64,Female,,,
4243,,60,Female,,,
4244,,41,Male,,,
4245,,38,Female,,,
4246,,12,Female,,,
4247,,25,Female,,,
4248,,10,Female,,,
4249,,76,Female,,,
4250,,39,Female,,,
4251,,68,Female,,,
4252,,60,Female,,,
4253,,51,Female,,,
4254,,65,Male,,,
4255,,77,Male,,,
4256,,14,Female,,,
4257,,73,Female,,,
4258,,38,Male,,,
4259,,45,Female,,,
4260,,61,Female,,,
4261,,71,Male,,,
4262,,28,Male,,,
4263,,24,Female,,,
4264,,12,Female,,,
4265,,26,Female,,,
4266,,31,Female,,,
4267,,11,Female,,,
4268,,56,Female,,,
4269,,21,Female,,,
4270,,15,Female,,,
4271,,66,Female,,,
4272,,37,Female,,,
4273,,78,Male,,,
4274,,35,Female,,,
4275,,33,Female,,,
4276,,25,Female,,,
4277,,30,Female,,,
4278,,31,Female,,,
4279,,57,Female,,,
4280,,22,Female,,,
4281,,12,Male,,,
4282,,26,Female,,,
4283,,55,Female,,,
4284,,77,Female,,,
4285,,14,Female,,,
4286,,21,Female,,,
4287,,18,Male,,,
4288,,63,Female,,,
4289,,57,Female,,,
4290,,74,Male,,,
4291,,66,Female,,,
4292,,41,Female,,,
4293,,52,Female,,,
4294,,72,Male,,,
4295,,54,Female,,,
4296,,58,Female,,,
4297,,69,Female,,,
4298,,24,Female,,,
4299,,58,Female,,,
4300,,51,Male,,,
4301,,69,Female,,,
4302,,61,Female,,,
4303,,77,Female,,,
4304,,52,Female,,,
4305,,66,Male,,,
4306,,63,Female,,,
4307,,40,Female,,,
4308,,47,Female,,,
4309,,19,Female,,,
4310,,56,Female,,,
4311,,31,Female,,,
4312,,58,Female,,,
4313,,10,Female,,,
4314,,78,Female,,,
4315,,62,Female,,,
4316,,54,Female,,,
4317,,69,Female,,,
4318,,42,Male,,,
4319,,63,Female,,,
4320,,48,Female,,,
4321,,36,Male,,,
4322,,47,Female,,,
4323,,63,Female,,,
4324,,77,Female,,,
4325,,38,Female,,,
4326,,20,Male,,,
4327,,48,Male,,,
4328,,48,Female,,,
4329,,62,Male,,,
4330,,69,Female,,,
4331,,38,Male,,,
4332,,66,Female,,,
4333,,70,Female,,,
4334,,64,Female,,,
4335,,78,Male,,,
4336,,30,Female,,,
4337,,50,Female,,,
4338,,43,Male,,,
4339,,72,Female,,,
4340,,31,Male,,,
4341,,41,Male,,,
4342,,73,Female,,,
4343,,56,Female,,,
4344,,74,Female,,,
4345,,70,Female,,,
4346,,32,Female,,,
4347,,75,Male,,,
4348,,40,Male,,,
4349,,14,Female,,,
4350,,75,Female,,,
4351,,25,Female,,,
4352,,48,Male,,,
4353,,10,Female,,,
4354,,44,Female,,,
4355,,19,Female,,,
4356,,74,Female,,,
4357,,68,Female,,,
4358,,28,Female,,,
4359,,13,Female,,,
4360,,31,Female,,,
4361,,25,Female,,,
4362,,29,Female,,,
4363,,52,Female,,,
4364,,15,Female,,,
4365,,22,Female,,,
4366,,17,Female,,,
4367,,78,Male,,,
4368,,42,Male,,,
4369,,52,Female,,,
4370,,25,Female,,,
4371,,49,Female,,,
4372,,19,Female,,,
4373,,18,Female,,,
4374,,27,Female,,,
4375,,28,Female,,,
4376,,43,Male,,,
4377,,47,Female,,,
4378,,49,Female,,,
4379,,61,Male,,,
4380,,15,Male,,,
4381,,61,Female,,,
4382,,36,Female,,,
4383,,13,Female,,,
4384,,33,Female,,,
4385,,26,Female,,,
4386,,40,Female,,,
4387,,56,Female,,,
4388,,32,Female,,,
4389,,11,Female,,,
4390,,22,Male,,,
4391,,41,Female,,,
4392,,50,Female,,,
4393,,72,Female,,,
4394,,54,Female,,,
4395,,77,Female,,,
4396,,41,Male,,,
4397,,53,Female,,,
4398,,23,Male,,,
4399,,64,Female,,,
4400,,43,Male,,,
4401,,74,Male,,,
4402,,25,Female,,,
4403,,63,Female,,,
4404,,16,Male,,,
4405,,12,Female,,,
4406,,40,Female,,,
4407,,67,Female,,,
4408,,73,Female,,,
4409,,79,Female,,,
4410,,13,Female,,,
4411,,16,Female,,,
4412,,55,Female,,,
4413,,42,Male,,,
4414,,10,Female,,,
4415,,44,Female,,,
4416,,73,Male,,,
4417,,28,Female,,,
4418,,32,Male,,,
4419,,14,Male,,,
4420,,64,Male,,,
4421,,73,Female,,,
4422,,25,Female,,,
4423,,51,Female,,,
4424,,20,Female,,,
4425,,26,Female,,,
4426,,33,Female,,,
4427,,33,Female,,,
4428,,19,Female,,,
4429,,65,Female,,,
4430,,20,Female,,,
4431,,44,Female,,,
4432,,13,Male,,,
4433,,35,Female,,,
4434,,76,Female,,,
4435,,34,Female,,,
4436,,40,Male,,,
4437,,46,Male,,,
4438,,15,Female,,,
4439,,79,Female,,,
4440,,56,Female,,,
4441,,53,Female,,,
4442,,64,Male,,,
4443,,14,Female,,,
4444,,13,Female,,,
4445,,54,Male,,,
4446,,11,Female,,,
4447,,50,Male,,,
4448,,14,Female,,,
4449,,27,Male,,,
4450,,38,Female,,,
4451,,59,Male,,,
4452,,36,Female,,,
4453,,35,Female,,,
4454,,51,Female,,,
4455,,55,Female,,,
4456,,52,Female,,,
4457,,31,Female,,,
4458,,59,Female,,,
4459,,64,Female,,,
4460,,53,Male,,,
4461,,45,Male,,,
4462,,21,Female,,,
4463,,45,Female,,,
4464,,65,Female,,,
4465,,21,Male,,,
4466,,30,Female,,,
4467,,71,Male,,,
4468,,13,Male,,,
4469,,60,Female,,,
4470,,42,Female,,,
4471,,52,Male,,,
4472,,30,Male,,,
4473,,14,Female,,,
4474,,43,Male,,,
4475,,45,Female,,,
4476,,56,Female,,,
4477,,18,Female,,,
4478,,69,Female,,,
4479,,57,Female,,,
4480,,63,Male,,,
4481,,44,Female,,,
4482,,37,Male,,,
4483,,78,Female,,,
4484,,68,Female,,,
4485,,18,Female,,,
4486,,51,Female,,,
4487,,31,Female,,,
4488,,69,Female,,,
4489,,31,Female,,,
4490,,77,Male,,,
4491,,46,Female,,,
4492,,54,Male,,,
4493,,43,Female,,,
4494,,49,Male,,,
4495,,54,Female,,,
4496,,27,Female,,,
4497,,27,Female,,,
4498,,78,Female,,,
4499,,41,Female,,,
4500,,20,Female,,,
4501,,17,Male,,,
4502,,43,Male,,,
4503,,66,Male,,,
4504,,28,Female,,,
4505,,30,Female,,,
4506,,38,Female,,,
4507,,65,Female,,,
4508,,79,Female,,,
4509,,77,Female,,,
4510,,35,Female,,,
4511,,73,Female,,,
4512,,70,Male,,,
4513,,77,Female,,,
4514,,24,Female,,,
4515,,23,Female,,,
4516,,15,Male,,,
4517,,74,Male,,,
4518,,32,Female,,,
4519,,59,Male,,,
4520,,13,Male,,,
4521,,79,Female,,,
4522,,58,Female,,,
4523,,60,Female,,,
4524,,23,Female,,,
4525,,37,Male,,,
4526,,60,Female,,,
4527,,57,Male,,,
4528,,75,Female,,,
4529,,72,Female,,,
4530,,10,Female,,,
4531,,30,Female,,,
4532,,33,Female,,,
4533,,48,Female,,,
4534,,59,Male,,,
4535,,49,Male,,,
4536,,57,Female,,,
4537,,47,Female,,,
4538,,33,Female,,,
4539,,36,Male,,,
4540,,11,Female,,,
4541,,75,Female,,,
4542,,32,Female,,,
4543,,17,Female,,,
4544,,69,Female,,,
4545,,23,Female,,,
4546,,12,Male,,,
4547,,55,Female,,,
4548,,74,Male,,,
4549,,36,Male,,,
4550,,21,Male,,,
4551,,72,Female,,,
4552,,52,Female,,,
4553,,26,Female,,,
4554,,74,Female,,,
4555,,56,Male,,,
4556,,10,Male,,,
4557,,46,Female,,,
4558,,31,Female,,,
4559,,48,Female,,,
4560,,28,Female,,,
4561,,31,Female,,,
4562,,41,Male,,,
4563,,31,Female,,,
4564,,60,Female,,,
4565,,13,Female,,,
4566,,72,Female,,,
4567,,35,Female,,,
4568,,25,Female,,,
4569,,63,Female,,,
4570,,79,Female,,,
4571,,30,Female,,,
4572,,16,Male,,,
4573,,20,Male,,,
4574,,61,Female,,,
4575,,28,Female,,,
4576,,15,Male,,,
4577,,20,Male,,,
4578,,71,Female,,,
4579,,34,Female,,,
4580,,65,Female,,,
4581,,75,Female,,,
4582,,48,Female,,,
4583,,73,Female,,,
4584,,64,Male,,,
4585,,30,Female,,,
4586,,12,Male,,,
4587,,22,Female,,,
4588,,11,Male,,,
4589,,52,Female,,,
4590,,14,Male,,,
4591,,49,Female,,,
4592,,56,Female,,,
4593,,53,Female,,,
4594,,40,Male,,,
4595,,15,Female,,,
4596,,39,Female,,,
4597,,60,Male,,,
4598,,47,Male,,,
4599,,22,Male,,,
4600,,42,Female,,,
4601,,30,Female,,,
4602,,69,Female,,,
4603,,39,Male,,,
4604,,32,Female,,,
4605,,66,Female,,,
4606,,77,Male,,,
4607,,39,Female,,,
4608,,76,Female,,,
4609,,61,Male,,,
4610,,69,Male,,,
4611,,22,Female,,,
4612,,44,Male,,,
4613,,54,Female,,,
4614,,42,Female,,,
4615,,66,Female,,,
4616,,74,Male,,,
4617,,54,Male,,,
4618,,42,Female,,,
4619,,58,Female,,,
4620,,10,Female,,,
4621,,51,Female,,,
4622,,62,Female,,,
4623,,29,Female,,,
4624,,67,Female,,,
4625,,14,Female,,,
4626,,41,Male,,,
4627,,36,Female,,,
4628,,36,Female,,,
4629,,36,Female,,,
4630,,34,Female,,,
4631,,45,Female,,,
4632,,11,Female,,,
4633,,20,Female,,,
4634,,70,Male,,,
4635,,24,Female,,,
4636,,74,Female,,,
4637,,42,Female,,,
4638,,40,Female,,,
4639,,67,Female,,,
4640,,32,Male,,,
4641,,78,Male,,,
4642,,33,Female,,,
4643,,29,Male,,,
4644,,40,Male,,,
4645,,62,Male,,,
4646,,30,Male,,,
4647,,24,Male,,,
4648,,13,Female,,,
4649,,62,Female,,,
4650,,26,Female,,,
4651,,27,Female,,,
4652,,18,Female,,,
4653,,32,Male,,,
4654,,77,Female,,,
4655,,14,Male,,,
4656,,72,Female,,,
4657,,18,Male,,,
4658,,27,Female,,,
4659,,67,Female,,,
4660,,29,Male,,,
4661,,57,Male,,,
4662,,78,Male,,,
4663,,14,Female,,,
4664,,37,Female,,,
4665,,37,Male,,,
4666,,15,Female,,,
4667,,70,Female,,,
4668,,42,Female,,,
4669,,23,Male,,,
4670,,31,Male,,,
4671,,28,Female,,,
4672,,27,Male,,,
4673,,10,Male,,,
4674,,29,Male,,,
4675,,48,Female,,,
4676,,79,Male,,,
4677,,43,Male,,,
4678,,65,Male,,,
4679,,60,Female,,,
4680,,16,Male,,,
4681,,77,Female,,,
4682,,36,Female,,,
4683,,48,Male,,,
4684,,59,Male,,,
4685,,29,Female,,,
4686,,15,Female,,,
4687,,51,Female,,,
4688,,79,Female,,,
4689,,50,Male,,,
4690,,43,Female,,,
4691,,51,Female,,,
4692,,22,Female,,,
4693,,61,Male,,,
4694,,71,Female,,,
4695,,45,Female,,,
4696,,29,Female,,,
4697,,39,Female,,,
4698,,69,Female,,,
4699,,38,Male,,,
4700,,31,Female,,,
4701,,47,Female,,,
4702,,27,Male,,,
4703,,69,Female,,,
4704,,18,Male,,,
4705,,17,Female,,,
4706,,23,Female,,,
4707,,61,Male,,,
4708,,76,Female,,,
4709,,30,Female,,,
4710,,58,Male,,,
4711,,78,Female,,,
4712,,53,Female,,,
4713,,38,Female,,,
4714,,18,Female,,,
4715,,28,Male,,,
4716,,79,Female,,,
4717,,64,Male,,,
4718,,20,Female,,,
4719,,56,Female,,,
4720,,76,Female,,,
4721,,17,Male,,,
4722,,66,Female,,,
4723,,37,Male,,,
4724,,62,Female,,,
4725,,25,Male,,,
4726,,70,Female,,,
4727,,24,Male,,,
4728,,33,Female,,,
4729,,55,Male,,,
4730,,57,Female,,,
4731,,37,Female,,,
4732,,72,Female,,,
4733,,47,Female,,,
4734,,72,Male,,,
4735,,66,Female,,,
4736,,29,Male,,,
4737,,78,Female,,,
4738,,21,Female,,,
4739,,35,Male,,,
4740,,28,Female,,,
4741,,21,Male,,,
4742,,40,Female,,,
4743,,38,Female,,,
4744,,62,Female,,,
4745,,57,Female,,,
4746,,70,Female,,,
4747,,66,Female,,,
4748,,19,Female,,,
4749,,35,Male,,,
4750,,67,Male,,,
4751,,16,Male,,,
4752,,27,Male,,,
4753,,66,Male,,,
4754,,54,Female,,,
4755,,70,Female,,,
4756,,17,Female,,,
4757,,75,Female,,,
4758,,17,Male,,,
4759,,63,Male,,,
4760,,50,Female,,,
4761,,61,Female,,,
4762,,35,Female,,,
4763,,60,Female,,,
4764,,15,Female,,,
4765,,37,Female,,,
4766,,62,Female,,,
4767,,34,Female,,,
4768,,15,Female,,,
4769,,44,Female,,,
4770,,31,Female,,,
4771,,35,Male,,,
4772,,13,Female,,,
4773,,39,Male,,,
4774,,38,Female,,,
4775,,16,Female,,,
4776,,51,Female,,,
4777,,40,Male,,,
4778,,46,Female,,,
4779,,20,Female,,,
4780,,24,Female,,,
4781,,41,Male,,,
4782,,62,Female,,,
4783,,52,Female,,,
4784,,22,Female,,,
4785,,59,Male,,,
4786,,31,Male,,,
4787,,41,Male,,,
4788,,13,Male,,,
4789,,40,Female,,,
4790,,19,Female,,,
4791,,57,Female,,,
4792,,36,Female,,,
4793,,76,Female,,,
4794,,30,Female,,,
4795,,59,Male,,,
4796,,15,Male,,,
4797,,31,Female,,,
4798,,24,Male,,,
4799,,74,Female,,,
4800,,42,Female,,,
4801,,24,Male,,,
4802,,27,Female,,,
4803,,31,Male,,,
4804,,52,Male,,,
4805,,13,Male,,,
4806,,13,Male,,,
4807,,16,Female,,,
4808,,12,Female,,,
4809,,46,Female,,,
4810,,45,Male,,,
4811,,48,Female,,,
4812,,39,Female,,,
4813,,21,Female,,,
4814,,30,Female,,,
4815,,43,Male,,,
4816,,69,Female,,,
4817,,22,Female,,,
4818,,26,Male,,,
4819,,68,Male,,,
4820,,49,Male,,,
4821,,24,Female,,,
4822,,27,Male,,,
4823,,13,Male,,,
4824,,25,Male,,,
4825,,76,Male,,,
4826,,32,Male,,,
4827,,22,Male,,,
4828,,78,Female,,,
4829,,67,Male,,,
4830,,29,Female,,,
4831,,10,Female,,,
4832,,34,Female,,,
4833,,14,Female,,,
4834,,26,Female,,,
4835,,40,Male,,,
4836,,75,Male,,,
4837,,43,Female,,,
4838,,72,Male,,,
4839,,47,Female,,,
4840,,63,Female,,,
4841,,64,Male,,,
4842,,13,Female,,,
4843,,22,Male,,,
4844,,64,Female,,,
4845,,63,Male,,,
4846,,30,Female,,,
4847,,27,Male,,,
4848,,11,Female,,,
4849,,23,Female,,,
4850,,50,Female,,,
4851,,60,Female,,,
4852,,12,Male,,,
4853,,47,Female,,,
4854,,63,Male,,,
4855,,57,Female,,,
4856,,67,Female,,,
4857,,52,Female,,,
4858,,52,Male,,,
4859,,57,Female,,,
4860,,61,Female,,,
4861,,55,Male,,,
4862,,58,Male,,,
4863,,28,Female,,,
4864,,12,Female,,,
4865,,75,Male,,,
4866,,14,Female,,,
4867,,74,Female,,,
4868,,27,Male,,,
4869,,67,Male,,,
4870,,69,Female,,,
4871,,22,Female,,,
4872,,21,Male,,,
4873,,11,Female,,,
4874,,19,Female,,,
4875,,47,Female,,,
4876,,42,Female,,,
4877,,17,Male,,,
4878,,20,Female,,,
4879,,47,Male,,,
4880,,40,Male,,,
4881,,19,Male,,,
4882,,55,Female,,,
4883,,22,Female,,,
4884,,25,Male,,,
4885,,15,Female,,,
4886,,17,Male,,,
4887,,43,Female,,,
4888,,46,Male,,,
4889,,33,Female,,,
4890,,41,Male,,,
4891,,57,Female,,,
4892,,41,Female,,,
4893,,61,Female,,,
4894,,78,Female,,,
4895,,19,Female,,,
4896,,15,Female,,,
4897,,58,Male,,,
4898,,31,Female,,,
4899,,49,Female,,,
4900,,24,Female,,,
4901,,32,Male,,,
4902,,52,Female,,,
4903,,73,Female,,,
4904,,68,Female,,,
4905,,35,Female,,,
4906,,77,Female,,,
4907,,15,Male,,,
4908,,78,Female,,,
4909,,63,Male,,,
4910,,26,Male,,,
4911,,62,Female,,,
4912,,40,Male,,,
4913,,52,Male,,,
4914,,78,Female,,,
4915,,60,Male,,,
4916,,69,Female,,,
4917,,59,Male,,,
4918,,25,Female,,,
4919,,34,Male,,,
4920,,76,Female,,,
4921,,18,Female,,,
4922,,51,Female,,,
4923,,24,Male,,,
4924,,18,Female,,,
4925,,46,Female,,,
4926,,15,Male,,,
4927,,12,Female,,,
4928,,70,Female,,,
4929,,26,Female,,,
4930,,39,Female,,,
4931,,31,Female,,,
4932,,75,Female,,,
4933,,61,Male,,,
4934,,71,Female,,,
4935,,61,Male,,,
4936,,76,Female,,,
4937,,32,Male,,,
4938,,42,Female,,,
4939,,59,Female,,,
4940,,27,Female,,,
4941,,35,Female,,,
4942,,21,Female,,,
4943,,67,Female,,,
4944,,14,Female,,,
4945,,69,Female,,,
4946,,40,Female,,,
4947,,14,Male,,,
4948,,67,Male,,,
4949,,68,Male,,,
4950,,50,Female,,,
4951,,62,Male,,,
4952,,11,Male,,,
4953,,59,Female,,,
4954,,34,Female,,,
4955,,50,Female,,,
4956,,55,Female,,,
4957,,67,Female,,,
4958,,21,Female,,,
4959,,69,Male,,,
4960,,18,Female,,,
4961,,76,Male,,,
4962,,71,Male,,,
4963,,22,Female,,,
4964,,61,Female,,,
4965,,34,Female,,,
4966,,52,Female,,,
4967,,26,Male,,,
4968,,15,Male,,,
4969,,77,Male,,,
4970,,41,Male,,,
4971,,26,Male,,,
4972,,59,Female,,,
4973,,26,Female,,,
4974,,32,Female,,,
4975,,50,Male,,,
4976,,38,Female,,,
4977,,25,Male,,,
4978,,18,Female,,,
4979,,63,Male,,,
4980,,69,Female,,,
4981,,34,Female,,,
4982,,13,Female,,,
4983,,60,Male,,,
4984,,47,Female,,,
4985,,61,Female,,,
4986,,46,Female,,,
4987,,31,Female,,,
4988,,28,Female,,,
4989,,25,Female,,,
4990,,64,Male,,,
4991,,73,Male,,,
4992,,21,Male,,,
4993,,79,Female,,,
4994,,56,Female,,,
4995,,15,Female,,,
4996,,34,Female,,,
4997,,37,Female,,,
4998,,26,Female,,,
4999,,79,Female,,,
5000,,30,Female,,,
5001,,19,Male,,,
5002,,27,Female,,,
5003,,50,Female,,,
5004,,67,Female,,,
5005,,62,Female,,,
5006,,12,Female,,,
5007,,49,Female,,,
5008,,76,Female,,,
5009,,60,Female,,,
5010,,36,Female,,,
5011,,52,Male,,,
5012,,41,Female,,,
5013,,27,Female,,,
5014,,64,Male,,,
5015,,68,Female,,,
5016,,66,Male,,,
5017,,24,Male,,,
5018,,25,Male,,,
5019,,79,Female,,,
5020,,34,Female,,,
5021,,76,Female,,,
5022,,41,Male,,,
5023,,77,Male,,,
5024,,61,Male,,,
5025,,28,Male,,,
5026,,64,Female,,,
5027,,20,Female,,,
5028,,61,Female,,,
5029,,29,Female,,,
5030,,64,Male,,,
5031,,60,Male,,,
5032,,12,Female,,,
5033,,27,Male,,,
5034,,23,Female,,,
5035,,16,Female,,,
5036,,67,Male,,,
5037,,28,Female,,,
5038,,27,Female,,,
5039,,13,Male,,,
5040,,77,Female,,,
5041,,44,Female,,,
5042,,30,Male,,,
5043,,53,Female,,,
5044,,76,Female,,,
5045,,58,Female,,,
5046,,16,Male,,,
5047,,37,Female,,,
5048,,24,Female,,,
5049,,73,Female,,,
5050,,47,Male,,,
5051,,49,Female,,,
5052,,35,Male,,,
5053,,16,Female,,,
5054,,23,Female,,,
5055,,51,Male,,,
5056,,67,Female,,,
5057,,59,Female,,,
5058,,22,Female,,,
5059,,20,Male,,,
5060,,35,Female,,,
5061,,30,Male,,,
5062,,58,Female,,,
5063,,49,Male,,,
5064,,25,Female,,,
5065,,24,Female,,,
5066,,26,Female,,,
5067,,28,Female,,,
5068,,74,Female,,,
5069,,26,Male,,,
5070,,48,Male,,,
5071,,34,Female,,,
5072,,41,Male,,,
5073,,74,Female,,,
5074,,17,Female,,,
5075,,74,Female,,,
5076,,22,Female,,,
5077,,19,Male,,,
5078,,50,Female,,,
5079,,32,Female,,,
5080,,76,Female,,,
5081,,42,Female,,,
5082,,38,Female,,,
5083,,38,Female,,,
5084,,23,Female,,,
5085,,25,Female,,,
5086,,13,Male,,,
5087,,53,Male,,,
5088,,56,Female,,,
5089,,25,Female,,,
5090,,33,Male,,,
5091,,55,Male,,,
5092,,17,Female,,,
5093,,28,Male,,,
5094,,50,Female,,,
5095,,46,Female,,,
5096,,70,Male,,,
5097,,24,Female,,,
5098,,72,Female,,,
5099,,64,Female,,,
5100,,78,Female,,,
5101,,67,Male,,,
5102,,24,Female,,,
5103,,68,Female,,,
5104,,74,Male,,,
5105,,19,Female,,,
5106,,57,Female,,,
5107,,38,Male,,,
5108,,18,Female,,,
5109,,67,Male,,,
5110,,59,Female,,,
5111,,41,Male,,,
5112,,14,Male,,,
5113,,14,Female,,,
5114,,42,Female,,,
5115,,24,Male,,,
5116,,11,Female,,,
5117,,45,Female,,,
5118,,40,Female,,,
5119,,48,Female,,,
5120,,33,Female,,,
5121,,36,Female,,,
5122,,35,Female,,,
5123,,74,Female,,,
5124,,39,Female,,,
5125,,11,Male,,,
5126,,57,Female,,,
5127,,17,Female,,,
5128,,32,Male,,,
5129,,79,Female,,,
5130,,52,Female,,,
5131,,48,Female,,,
5132,,34,Male,,,
5133,,15,Female,,,
5134,,58,Male,,,
5135,,14,Male,,,
5136,,33,Male,,,
5137,,32,Female,,,
5138,,35,Female,,,
5139,,32,Female,,,
5140,,16,Female,,,
5141,,34,Male,,,
5142,,18,Female,,,
5143,,70,Female,,,
5144,,25,Male,,,
5145,,54,Female,,,
5146,,45,Female,,,
5147,,23,Female,,,
5148,,66,Female,,,
5149,,51,Male,,,
5150,,34,Female,,,
5151,,77,Female,,,
5152,,65,Male,,,
5153,,64,Male,,,
5154,,58,Female,,,
5155,,34,Male,,,
5156,,16,Male,,,
5157,,31,Male,,,
5158,,72,Female,,,
5159,,48,Female,,,
5160,,19,Female,,,
5161,,64,Female,,,
5162,,51,Female,,,
5163,,78,Female,,,
5164,,32,Female,,,
5165,,27,Female,,,
5166,,20,Male,,,
5167,,70,Female,,,
5168,,14,Male,,,
5169,,14,Male,,,
5170,,71,Female,,,
5171,,65,Male,,,
5172,,22,Female,,,
5173,,49,Female,,,
5174,,59,Female,,,
5175,,13,Male,,,
5176,,75,Female,,,
5177,,10,Female,,,
5178,,62,Female,,,
5179,,50,Female,,,
5180,,73,Male,,,
5181,,24,Female,,,
5182,,41,Female,,,
5183,,17,Male,,,
5184,,51,Female,,,
5185,,26,Female,,,
5186,,79,Female,,,
5187,,49,Male,,,
5188,,13,Female,,,
5189,,12,Female,,,
5190,,55,Female,,,
5191,,29,Male,,,
5192,,35,Female,,,
5193,,48,Male,,,
5194,,50,Male,,,
5195,,25,Male,,,
5196,,34,Female,,,
5197,,29,Male,,,
5198,,64,Male,,,
5199,,78,Female,,,
5200,,62,Male,,,
5201,,14,Female,,,
5202,,42,Female,,,
5203,,13,Male,,,
5204,,42,Female,,,
5205,,59,Female,,,
5206,,59,Female,,,
5207,,11,Female,,,
5208,,67,Male,,,
5209,,31,Female,,,
5210,,10,Female,,,
5211,,58,Male,,,
5212,,61,Male,,,
5213,,48,Female,,,
5214,,42,Female,,,
5215,,34,Female,,,
5216,,77,Male,,,
5217,,22,Male,,,
5218,,61,Female,,,
5219,,15,Female,,,
5220,,43,Female,,,
5221,,67,Male,,,
5222,,17,Female,,,
5223,,68,Female,,,
5224,,60,Male,,,
5225,,21,Female,,,
5226,,22,Male,,,
5227,,25,Female,,,
5228,,23,Female,,,
5229,,71,Male,,,
5230,,17,Female,,,
5231,,48,Male,,,
5232,,40,Male,,,
5233,,21,Female,,,
5234,,71,Female,,,
5235,,43,Male,,,
5236,,25,Male,,,
5237,,41,Female,,,
5238,,48,Male,,,
5239,,50,Female,,,
5240,,29,Female,,,
5241,,71,Female,,,
5242,,44,Male,,,
5243,,25,Female,,,
5244,,31,Female,,,
5245,,60,Female,,,
5246,,75,Female,,,
5247,,57,Male,,,
5248,,31,Male,,,
5249,,16,Female,,,
5250,,17,Female,,,
5251,,79,Female,,,
5252,,74,Female,,,
5253,,18,Female,,,
5254,,47,Female,,,
5255,,23,Female,,,
5256,,10,Male,,,
5257,,72,Female,,,
5258,,77,Female,,,
5259,,55,Female,,,
5260,,68,Male,,,
5261,,41,Female,,,
5262,,42,Female,,,
5263,,67,Male,,,
5264,,74,Male,,,
5265,,71,Male,,,
5266,,32,Female,,,
5267,,42,Female,,,
5268,,65,Female,,,
5269,,78,Female,,,
5270,,16,Male,,,
5271,,32,Male,,,
5272,,22,Female,,,
5273,,16,Female,,,
5274,,47,Female,,,
5275,,12,Male,,,
5276,,53,Female,,,
5277,,62,Female,,,
5278,,13,Female,,,
5279,,43,Male,,,
5280,,77,Female,,,
5281,,37,Female,,,
5282,,30,Female,,,
5283,,56,Female,,,
5284,,12,Female,,,
5285,,56,Female,,,
5286,,57,Female,,,
5287,,45,Female,,,
5288,,53,Male,,,
5289,,28,Female,,,
5290,,30,Male,,,
5291,,59,Female,,,
5292,,50,Female,,,
5293,,53,Male,,,
5294,,42,Female,,,
5295,,49,Female,,,
5296,,68,Female,,,
5297,,18,Female,,,
5298,,42,Male,,,
5299,,41,Female,,,
5300,,68,Female,,,
5301,,50,Female,,,
5302,,17,Female,,,
5303,,58,Male,,,
5304,,52,Male,,,
5305,,53,Male,,,
5306,,62,Male,,,
5307,,62,Male,,,
5308,,61,Male,,,
5309,,26,Female,,,
5310,,48,Female,,,
5311,,30,Male,,,
5312,,78,Female,,,
5313,,26,Male,,,
5314,,66,Female,,,
5315,,72,Female,,,
5316,,61,Male,,,
5317,,39,Male,,,
5318,,46,Male,,,
5319,,33,Male,,,
5320,,38,Female,,,
5321,,14,Male,,,
5322,,45,Female,,,
5323,,48,Female,,,
5324,,50,Female,,,
5325,,54,Female,,,
5326,,25,Female,,,
5327,,62,Female,,,
5328,,68,Female,,,
5329,,70,Male,,,
5330,,65,Female,,,
5331,,35,Male,,,
5332,,23,Female,,,
5333,,28,Female,,,
5334,,66,Female,,,
5335,,68,Female,,,
5336,,38,Male,,,
5337,,27,Female,,,
5338,,16,Female,,,
5339,,48,Male,,,
5340,,60,Female,,,
5341,,43,Female,,,
5342,,27,Male,,,
5343,,29,Male,,,
5344,,55,Female,,,
5345,,65,Male,,,
5346,,51,Female,,,
5347,,35,Female,,,
5348,,10,Female,,,
5349,,45,Female,,,
5350,,60,Male,,,
5351,,48,Female,,,
5352,,32,Female,,,
5353,,50,Female,,,
5354,,34,Male,,,
5355,,35,Male,,,
5356,,62,Female,,,
5357,,61,Female,,,
5358,,46,Female,,,
5359,,20,Female,,,
5360,,69,Female,,,
5361,,63,Female,,,
5362,,58,Female,,,
5363,,73,Male,,,
5364,,24,Female,,,
5365,,54,Male,,,
5366,,28,Female,,,
5367,,76,Female,,,
5368,,32,Male,,,
5369,,44,Male,,,
5370,,65,Female,,,
5371,,56,Male,,,
5372,,15,Female,,,
5373,,19,Female,,,
5374,,77,Male,,,
5375,,67,Female,,,
5376,,44,Male,,,
5377,,53,Female,,,
5378,,54,Female,,,
5379,,52,Female,,,
5380,,72,Male,,,
5381,,10,Female,,,
5382,,78,Male,,,
5383,,44,Male,,,
5384,,49,Female,,,
5385,,72,Male,,,
5386,,31,Male,,,
5387,,28,Female,,,
5388,,25,Male,,,
5389,,70,Female,,,
5390,,23,Female,,,
5391,,63,Female,,,
5392,,46,Male,,,
5393,,23,Female,,,
5394,,26,Male,,,
5395,,25,Male,,,
5396,,14,Male,,,
5397,,79,Male,,,
5398,,40,Female,,,
5399,,72,Female,,,
5400,,70,Female,,,
5401,,26,Female,,,
5402,,73,Female,,,
5403,,43,Male,,,
5404,,27,Female,,,
5405,,30,Female,,,
5406,,52,Male,,,
5407,,48,Female,,,
5408,,23,Female,,,
5409,,79,Female,,,
5410,,21,Female,,,
5411,,25,Male,,,
5412,,27,Female,,,
5413,,72,Female,,,
5414,,38,Female,,,
5415,,17,Male,,,
5416,,34,Male,,,
5417,,76,Male,,,
5418,,66,Male,,,
5419,,33,Female,,,
5420,,37,Female,,,
5421,,43,Male,,,
5422,,18,Female,,,
5423,,17,Female,,,
5424,,70,Female,,,
5425,,62,Female,,,
5426,,56,Female,,,
5427,,69,Female,,,
5428,,70,Male,,,
5429,,21,Female,,,
5430,,33,Female,,,
5431,,23,Female,,,
5432,,53,Male,,,
5433,,17,Female,,,
5434,,70,Male,,,
5435,,15,Female,,,
5436,,15,Male,,,
5437,,50,Female,,,
5438,,48,Female,,,
5439,,20,Female,,,
5440,,35,Female,,,
5441,,79,Female,,,
5442,,49,Female,,,
5443,,75,Female,,,
5444,,38,Female,,,
5445,,57,Female,,,
5446,,25,Female,,,
5447,,58,Female,,,
5448,,43,Female,,,
5449,,65,Male,,,
5450,,43,Female,,,
5451,,10,Female,,,
5452,,18,Male,,,
5453,,24,Female,,,
5454,,24,Female,,,
5455,,61,Male,,,
5456,,78,Female,,,
5457,,27,Female,,,
5458,,37,Female,,,
5459,,32,Female,,,
5460,,68,Male,,,
5461,,44,Male,,,
5462,,51,Female,,,
5463,,22,Male,,,
5464,,10,Female,,,
5465,,35,Male,,,
5466,,14,Female,,,
5467,,61,Female,,,
5468,,39,Female,,,
5469,,12,Male,,,
5470,,66,Female,,,
5471,,75,Male,,,
5472,,36,Female,,,
5473,,71,Female,,,
5474,,36,Female,,,
5475,,50,Female,,,
5476,,73,Male,,,
5477,,32,Female,,,
5478,,42,Female,,,
5479,,38,Male,,,
5480,,61,Female,,,
5481,,55,Female,,,
5482,,28,Female,,,
5483,,43,Female,,,
5484,,46,Female,,,
5485,,15,Male,,,
5486,,37,Female,,,
5487,,66,Female,,,
5488,,28,Female,,,
5489,,73,Female,,,
5490,,60,Female,,,
5491,,79,Male,,,
5492,,65,Male,,,
5493,,12,Female,,,
5494,,37,Female,,,
5495,,54,Male,,,
5496,,63,Female,,,
5497,,66,Male,,,
5498,,28,Female,,,
5499,,42,Female,,,
5500,,34,Male,,,
5501,,70,Female,,,
5502,,14,Female,,,
5503,,72,Male,,,
5504,,22,Female,,,
5505,,25,Female,,,
5506,,70,Male,,,
5507,,58,Male,,,
5508,,58,Male,,,
5509,,58,Male,,,
5510,,23,Female,,,
5511,,32,Female,,,
5512,,12,Female,,,
5513,,76,Female,,,
5514,,61,Female,,,
5515,,21,Female,,,
5516,,32,Female,,,
5517,,22,Female,,,
5518,,37,Female,,,
5519,,40,Female,,,
5520,,23,Female,,,
5521,,14,Female,,,
5522,,60,Male,,,
5523,,29,Male,,,
5524,,22,Male,,,
5525,,67,Female,,,
5526,,13,Female,,,
5527,,50,Male,,,
5528,,72,Male,,,
5529,,40,Female,,,
5530,,22,Female,,,
5531,,15,Male,,,
5532,,21,Female,,,
5533,,42,Female,,,
5534,,70,Male,,,
5535,,49,Male,,,
5536,,52,Female,,,
5537,,50,Female,,,
5538,,18,Male,,,
5539,,43,Male,,,
5540,,49,Male,,,
5541,,75,Male,,,
5542,,17,Male,,,
5543,,58,Female,,,
5544,,54,Male,,,
5545,,33,Female,,,
5546,,11,Female,,,
5547,,19,Female,,,
5548,,21,Male,,,
5549,,63,Female,,,
5550,,29,Female,,,
5551,,26,Female,,,
5552,,12,Female,,,
5553,,17,Female,,,
5554,,59,Male,,,
5555,,71,Female,,,
5556,,20,Female,,,
5557,,25,Female,,,
5558,,50,Female,,,
5559,,46,Male,,,
5560,,31,Female,,,
5561,,36,Male,,,
5562,,28,Male,,,
5563,,28,Female,,,
5564,,34,Female,,,
5565,,37,Female,,,
5566,,44,Female,,,
5567,,62,Female,,,
5568,,69,Male,,,
5569,,69,Male,,,
5570,,69,Female,,,
5571,,35,Male,,,
5572,,77,Male,,,
5573,,51,Male,,,
5574,,65,Female,,,
5575,,17,Female,,,
5576,,73,Female,,,
5577,,71,Female,,,
5578,,62,Female,,,
5579,,17,Female,,,
5580,,56,Female,,,
5581,,13,Female,,,
5582,,26,Female,,,
5583,,43,Male,,,
5584,,65,Female,,,
5585,,74,Female,,,
5586,,42,Female,,,
5587,,40,Male,,,
5588,,55,Female,,,
5589,,22,Female,,,
5590,,65,Female,,,
5591,,24,Female,,,
5592,,69,Male,,,
5593,,15,Female,,,
5594,,65,Female,,,
5595,,41,Female,,,
5596,,22,Female,,,
5597,,17,Female,,,
5598,,37,Female,,,
5599,,43,Male,,,
5600,,16,Male,,,
5601,,13,Male,,,
5602,,41,Female,,,
5603,,44,Female,,,
5604,,55,Male,,,
5605,,33,Female,,,
5606,,75,Female,,,
5607,,48,Female,,,
5608,,43,Male,,,
5609,,18,Female,,,
5610,,46,Male,,,
5611,,40,Male,,,
5612,,75,Male,,,
5613,,11,Female,,,
5614,,53,Female,,,
5615,,19,Female,,,
5616,,42,Female,,,
5617,,13,Female,,,
5618,,70,Male,,,
5619,,67,Male,,,
5620,,13,Female,,,
5621,,31,Female,,,
5622,,55,Male,,,
5623,,53,Male,,,
5624,,48,Female,,,
5625,,47,Male,,,
5626,,62,Female,,,
5627,,20,Female,,,
5628,,22,Female,,,
5629,,74,Male,,,
5630,,14,Female,,,
5631,,13,Female,,,
5632,,14,Female,,,
5633,,49,Male,,,
5634,,75,Male,,,
5635,,24,Female,,,
5636,,28,Female,,,
5637,,41,Male,,,
5638,,32,Male,,,
5639,,30,Female,,,
5640,,76,Female,,,
5641,,51,Female,,,
5642,,44,Female,,,
5643,,58,Female,,,
5644,,45,Female,,,
5645,,39,Female,,,
5646,,57,Female,,,
5647,,16,Female,,,
5648,,16,Female,,,
5649,,38,Female,,,
5650,,52,Male,,,
5651,,66,Female,,,
5652,,39,Female,,,
5653,,57,Female,,,
5654,,58,Male,,,
5655,,24,Female,,,
5656,,18,Female,,,
5657,,66,Male,,,
5658,,68,Female,,,
5659,,39,Female,,,
5660,,22,Male,,,
5661,,34,Female,,,
5662,,64,Female,,,
5663,,73,Female,,,
5664,,70,Female,,,
5665,,46,Female,,,
5666,,63,Male,,,
5667,,10,Female,,,
5668,,24,Female,,,
5669,,50,Female,,,
5670,,21,Female,,,
5671,,47,Female,,,
5672,,57,Male,,,
5673,,57,Male,,,
5674,,22,Male,,,
5675,,25,Female,,,
5676,,69,Female,,,
5677,,46,Female,,,
5678,,59,Male,,,
5679,,73,Female,,,
5680,,42,Male,,,
5681,,73,Male,,,
5682,,38,Female,,,
5683,,38,Female,,,
5684,,57,Male,,,
5685,,49,Male,,,
5686,,38,Female,,,
5687,,39,Female,,,
5688,,11,Male,,,
5689,,22,Female,,,
5690,,69,Female,,,
5691,,29,Female,,,
5692,,41,Male,,,
5693,,40,Female,,,
5694,,40,Male,,,
5695,,72,Male,,,
5696,,76,Male,,,
5697,,64,Female,,,
5698,,72,Female,,,
5699,,13,Female,,,
5700,,32,Female,,,
5701,,35,Male,,,
5702,,37,Female,,,
5703,,57,Female,,,
5704,,48,Male,,,
5705,,24,Male,,,
5706,,77,Female,,,
5707,,59,Female,,,
5708,,18,Female,,,
5709,,27,Male,,,
5710,,15,Female,,,
5711,,19,Female,,,
5712,,10,Female,,,
5713,,55,Female,,,
5714,,54,Male,,,
5715,,25,Male,,,
5716,,45,Male,,,
5717,,40,Female,,,
5718,,78,Female,,,
5719,,64,Female,,,
5720,,51,Female,,,
5721,,50,Female,,,
5722,,77,Female,,,
5723,,59,Female,,,
5724,,32,Female,,,
5725,,13,Male,,,
5726,,17,Female,,,
5727,,11,Male,,,
5728,,65,Male,,,
5729,,32,Female,,,
5730,,26,Female,,,
5731,,36,Female,,,
5732,,30,Female,,,
5733,,61,Female,,,
5734,,67,Female,,,
5735,,37,Female,,,
5736,,52,Male,,,
5737,,78,Female,,,
5738,,41,Female,,,
5739,,66,Female,,,
5740,,24,Female,,,
5741,,42,Female,,,
5742,,29,Female,,,
5743,,56,Female,,,
5744,,31,Male,,,
5745,,53,Male,,,
5746,,65,Female,,,
5747,,78,Male,,,
5748,,60,Female,,,
5749,,59,Female,,,
5750,,17,Female,,,
5751,,14,Female,,,
5752,,41,Female,,,
5753,,69,Female,,,
5754,,56,Female,,,
5755,,37,Male,,,
5756,,46,Female,,,
5757,,38,Female,,,
5758,,73,Male,,,
5759,,24,Male,,,
5760,,26,Female,,,
5761,,54,Male,,,
5762,,70,Female,,,
5763,,48,Male,,,
5764,,62,Male,,,
5765,,59,Female,,,
5766,,62,Female,,,
5767,,38,Male,,,
5768,,26,Male,,,
5769,,13,Female,,,
5770,,34,Male,,,
5771,,53,Female,,,
5772,,43,Female,,,
5773,,40,Female,,,
5774,,33,Female,,,
5775,,46,Female,,,
5776,,39,Female,,,
5777,,29,Female,,,
5778,,76,Female,,,
5779,,48,Female,,,
5780,,51,Female,,,
5781,,52,Female,,,
5782,,52,Male,,,
5783,,16,Male,,,
5784,,39,Female,,,
5785,,47,Female,,,
5786,,26,Female,,,
5787,,68,Female,,,
5788,,34,Male,,,
5789,,69,Male,,,
5790,,76,Male,,,
5791,,78,Male,,,
5792,,60,Male,,,
5793,,64,Male,,,
5794,,31,Female,,,
5795,,59,Female,,,
5796,,22,Female,,,
5797,,16,Female,,,
5798,,62,Male,,,
5799,,23,Female,,,
5800,,12,Female,,,
5801,,34,Male,,,
5802,,28,Male,,,
5803,,32,Female,,,
5804,,17,Male,,,
5805,,33,Male,,,
5806,,46,Female,,,
5807,,67,Female,,,
5808,,53,Female,,,
5809,,18,Female,,,
5810,,27,Female,,,
5811,,63,Female,,,
5812,,35,Male,,,
5813,,66,Female,,,
5814,,62,Female,,,
5815,,53,Female,,,
5816,,79,Female,,,
5817,,24,Male,,,
5818,,67,Male,,,
5819,,15,Female,,,
5820,,69,Female,,,
5821,,36,Male,,,
5822,,51,Female,,,
5823,,51,Male,,,
5824,,30,Female,,,
5825,,56,Female,,,
5826,,62,Female,,,
5827,,64,Male,,,
5828,,46,Female,,,
5829,,11,Male,,,
5830,,76,Male,,,
5831,,43,Female,,,
5832,,39,Male,,,
5833,,43,Female,,,
5834,,40,Female,,,
5835,,21,Male,,,
5836,,16,Male,,,
5837,,47,Male,,,
5838,,11,Female,,,
5839,,30,Female,,,
5840,,35,Male,,,
5841,,24,Male,,,
5842,,27,Female,,,
5843,,72,Male,,,
5844,,38,Female,,,
5845,,38,Female,,,
5846,,60,Female,,,
5847,,76,Male,,,
5848,,75,Female,,,
5849,,68,Female,,,
5850,,59,Male,,,
5851,,54,Female,,,
5852,,69,Female,,,
5853,,53,Male,,,
5854,,36,Male,,,
5855,,64,Female,,,
5856,,30,Female,,,
5857,,22,Female,,,
5858,,63,Female,,,
5859,,39,Male,,,
5860,,10,Male,,,
5861,,10,Female,,,
5862,,13,Male,,,
5863,,33,Male,,,
5864,,29,Female,,,
5865,,14,Male,,,
5866,,21,Male,,,
5867,,61,Female,,,
5868,,41,Female,,,
5869,,24,Male,,,
5870,,25,Female,,,
5871,,51,Female,,,
5872,,41,Female,,,
5873,,36,Female,,,
5874,,61,Female,,,
5875,,37,Female,,,
5876,,15,Female,,,
5877,,28,Male,,,
5878,,69,Female,,,
5879,,14,Female,,,
5880,,73,Female,,,
5881,,65,Female,,,
5882,,24,Female,,,
5883,,33,Male,,,
5884,,51,Male,,,
5885,,10,Male,,,
5886,,51,Male,,,
5887,,12,Female,,,
5888,,44,Male,,,
5889,,12,Male,,,
5890,,76,Female,,,
5891,,67,Female,,,
5892,,43,Male,,,
5893,,24,Male,,,
5894,,18,Female,,,
5895,,47,Female,,,
5896,,14,Female,,,
5897,,56,Female,,,
5898,,12,Female,,,
5899,,65,Male,,,
5900,,78,Female,,,
5901,,63,Male,,,
5902,,18,Male,,,
5903,,32,Female,,,
5904,,18,Male,,,
5905,,53,Male,,,
5906,,10,Female,,,
5907,,25,Male,,,
5908,,41,Female,,,
5909,,29,Male,,,
5910,,36,Male,,,
5911,,18,Female,,,
5912,,18,Female,,,
5913,,73,Female,,,
5914,,72,Female,,,
5915,,32,Female,,,
5916,,43,Female,,,
5917,,11,Female,,,
5918,,59,Female,,,
5919,,39,Male,,,
5920,,74,Male,,,
5921,,74,Female,,,
5922,,55,Female,,,
5923,,38,Male,,,
5924,,59,Male,,,
5925,,51,Female,,,
5926,,75,Female,,,
5927,,57,Female,,,
5928,,27,Male,,,
5929,,33,Male,,,
5930,,29,Female,,,
5931,,54,Male,,,
5932,,46,Female,,,
5933,,33,Female,,,
5934,,39,Female,,,
5935,,11,Female,,,
5936,,37,Female,,,
5937,,26,Male,,,
5938,,35,Male,,,
5939,,64,Male,,,
5940,,15,Female,,,
5941,,33,Female,,,
5942,,77,Male,,,
5943,,31,Female,,,
5944,,41,Female,,,
5945,,52,Female,,,
5946,,34,Male,,,
5947,,66,Female,,,
5948,,76,Female,,,
5949,,68,Female,,,
5950,,19,Female,,,
5951,,63,Male,,,
5952,,21,Female,,,
5953,,62,Female,,,
5954,,60,Male,,,
5955,,10,Female,,,
5956,,36,Female,,,
5957,,70,Female,,,
5958,,67,Male,,,
5959,,13,Female,,,
5960,,17,Male,,,
5961,,32,Female,,,
5962,,52,Male,,,
5963,,19,Female,,,
5964,,30,Male,,,
5965,,75,Male,,,
5966,,50,Female,,,
5967,,57,Female,,,
5968,,17,Female,,,
5969,,48,Female,,,
5970,,55,Male,,,
5971,,63,Female,,,
5972,,61,Male,,,
5973,,67,Female,,,
5974,,39,Female,,,
5975,,53,Male,,,
5976,,15,Male,,,
5977,,45,Female,,,
5978,,60,Female,,,
5979,,75,Male,,,
5980,,41,Female,,,
5981,,21,Female,,,
5982,,36,Female,,,
5983,,36,Female,,,
5984,,26,Female,,,
5985,,39,Female,,,
5986,,16,Female,,,
5987,,57,Female,,,
5988,,36,Female,,,
5989,,23,Male,,,
5990,,61,Male,,,
5991,,50,Female,,,
5992,,42,Male,,,
5993,,19,Female,,,
5994,,40,Female,,,
5995,,58,Female,,,
5996,,17,Female,,,
5997,,57,Female,,,
5998,,27,Male,,,
5999,,48,Female,,,
6000,,26,Female,,,
6001,,51,Female,,,
6002,,52,Male,,,
6003,,15,Male,,,
6004,,34,Male,,,
6005,,15,Female,,,
6006,,53,Female,,,
6007,,62,Female,,,
6008,,72,Male,,,
6009,,41,Male,,,
6010,,71,Female,,,
6011,,43,Female,,,
6012,,29,Male,,,
6013,,31,Female,,,
6014,,44,Male,,,
6015,,73,Female,,,
6016,,62,Male,,,
6017,,46,Male,,,
6018,,75,Male,,,
6019,,54,Male,,,
6020,,72,Female,,,
6021,,49,Male,,,
6022,,47,Female,,,
6023,,21,Female,,,
6024,,20,Female,,,
6025,,17,Male,,,
6026,,61,Male,,,
6027,,36,Female,,,
6028,,45,Male,,,
6029,,46,Female,,,
6030,,62,Male,,,
6031,,12,Male,,,
6032,,20,Male,,,
6033,,27,Female,,,
6034,,49,Male,,,
6035,,65,Female,,,
6036,,54,Female,,,
6037,,47,Female,,,
6038,,52,Male,,,
6039,,28,Female,,,
6040,,40,Male,,,
6041,,71,Female,,,
6042,,63,Female,,,
6043,,12,Female,,,
6044,,32,Female,,,
6045,,25,Female,,,
6046,,64,Female,,,
6047,,45,Female,,,
6048,,42,Female,,,
6049,,79,Female,,,
6050,,21,Male,,,
6051,,70,Male,,,
6052,,39,Male,,,
6053,,57,Male,,,
6054,,45,Female,,,
6055,,71,Female,,,
6056,,78,Female,,,
6057,,27,Female,,,
6058,,45,Male,,,
6059,,79,Female,,,
6060,,46,Female,,,
6061,,31,Female,,,
6062,,79,Female,,,
6063,,65,Female,,,
6064,,57,Male,,,
6065,,46,Female,,,
6066,,23,Female,,,
6067,,45,Female,,,
6068,,57,Female,,,
6069,,58,Male,,,
6070,,40,Male,,,
6071,,59,Female,,,
6072,,63,Male,,,
6073,,13,Male,,,
6074,,20,Female,,,
6075,,52,Male,,,
6076,,64,Female,,,
6077,,50,Female,,,
6078,,70,Female,,,
6079,,16,Male,,,
6080,,34,Female,,,
6081,,79,Male,,,
6082,,22,Female,,,
6083,,25,Male,,,
6084,,32,Female,,,
6085,,66,Male,,,
6086,,54,Male,,,
6087,,13,Male,,,
6088,,62,Female,,,
6089,,71,Male,,,
6090,,51,Female,,,
6091,,77,Female,,,
6092,,36,Female,,,
6093,,28,Female,,,
6094,,65,Male,,,
6095,,70,Male,,,
6096,,43,Female,,,
6097,,40,Female,,,
6098,,28,Female,,,
6099,,74,Female,,,
6100,,52,Female,,,
6101,,41,Female,,,
6102,,38,Female,,,
6103,,46,Female,,,
6104,,10,Female,,,
6105,,13,Female,,,
6106,,10,Female,,,
6107,,70,Male,,,
6108,,31,Male,,,
6109,,79,Male,,,
6110,,49,Female,,,
6111,,15,Female,,,
6112,,14,Female,,,
6113,,13,Female,,,
6114,,57,Male,,,
6115,,61,Male,,,
6116,,65,Male,,,
6117,,51,Female,,,
6118,,37,Female,,,
6119,,76,Female,,,
6120,,13,Male,,,
6121,,28,Female,,,
6122,,27,Female,,,
6123,,53,Female,,,
6124,,63,Male,,,
6125,,40,Male,,,
6126,,47,Female,,,
6127,,61,Male,,,
6128,,50,Female,,,
6129,,69,Female,,,
6130,,76,Male,,,
6131,,31,Female,,,
6132,,24,Female,,,
6133,,76,Female,,,
6134,,28,Male,,,
6135,,43,Male,,,
6136,,70,Female,,,
6137,,69,Female,,,
6138,,54,Male,,,
6139,,59,Female,,,
6140,,41,Female,,,
6141,,60,Male,,,
6142,,74,Female,,,
6143,,23,Male,,,
6144,,32,Female,,,
6145,,79,Male,,,
6146,,40,Female,,,
6147,,63,Male,,,
6148,,67,Female,,,
6149,,16,Female,,,
6150,,48,Female,,,
6151,,53,Male,,,
6152,,71,Female,,,
6153,,67,Female,,,
6154,,52,Female,,,
6155,,76,Male,,,
6156,,29,Male,,,
6157,,42,Male,,,
6158,,67,Female,,,
6159,,18,Female,,,
6160,,36,Female,,,
6161,,59,Female,,,
6162,,47,Male,,,
6163,,34,Male,,,
6164,,63,Male,,,
6165,,37,Male,,,
6166,,46,Male,,,
6167,,13,Male,,,
6168,,55,Female,,,
6169,,31,Female,,,
6170,,70,Female,,,
6171,,24,Male,,,
6172,,28,Male,,,
6173,,77,Female,,,
6174,,24,Male,,,
6175,,25,Male,,,
6176,,20,Male,,,
6177,,76,Male,,,
6178,,54,Male,,,
6179,,65,Female,,,
6180,,20,Female,,,
6181,,70,Female,,,
6182,,48,Male,,,
6183,,79,Male,,,
6184,,11,Female,,,
6185,,34,Female,,,
6186,,16,Female,,,
6187,,32,Female,,,
6188,,40,Male,,,
6189,,11,Female,,,
6190,,73,Male,,,
6191,,26,Male,,,
6192,,76,Female,,,
6193,,34,Female,,,
6194,,20,Male,,,
6195,,74,Male,,,
6196,,64,Male,,,
6197,,69,Male,,,
6198,,68,Male,,,
6199,,36,Female,,,
6200,,34,Female,,,
6201,,69,Female,,,
6202,,62,Female,,,
6203,,45,Female,,,
6204,,61,Female,,,
6205,,44,Male,,,
6206,,77,Male,,,
6207,,33,Female,,,
6208,,52,Male,,,
6209,,19,Male,,,
6210,,60,Female,,,
6211,,29,Male,,,
6212,,12,Female,,,
6213,,76,Female,,,
6214,,73,Female,,,
6215,,38,Male,,,
6216,,52,Female,,,
6217,,74,Male,,,
6218,,13,Male,,,
6219,,40,Male,,,
6220,,79,Male,,,
6221,,17,Male,,,
6222,,59,Male,,,
6223,,32,Female,,,
6224,,47,Female,,,
6225,,56,Female,,,
6226,,13,Female,,,
6227,,25,Female,,,
6228,,52,Male,,,
6229,,31,Female,,,
6230,,68,Female,,,
6231,,32,Female,,,
6232,,78,Female,,,
6233,,43,Female,,,
6234,,53,Female,,,
6235,,70,Female,,,
6236,,79,Male,,,
6237,,40,Female,,,
6238,,72,Female,,,
6239,,10,Female,,,
6240,,41,Female,,,
6241,,29,Female,,,
6242,,64,Female,,,
6243,,64,Male,,,
6244,,68,Male,,,
6245,,64,Female,,,
6246,,54,Female,,,
6247,,44,Female,,,
6248,,62,Male,,,
6249,,17,Male,,,
6250,,15,Female,,,
6251,,29,Female,,,
6252,,41,Female,,,
6253,,13,Female,,,
6254,,39,Male,,,
6255,,45,Female,,,
6256,,57,Female,,,
6257,,22,Female,,,
6258,,59,Female,,,
6259,,77,Female,,,
6260,,73,Female,,,
6261,,22,Female,,,
6262,,70,Male,,,
6263,,64,Female,,,
6264,,66,Female,,,
6265,,17,Male,,,
6266,,24,Female,,,
6267,,75,Female,,,
6268,,40,Female,,,
6269,,74,Male,,,
6270,,38,Female,,,
6271,,69,Male,,,
6272,,68,Male,,,
6273,,64,Female,,,
6274,,32,Female,,,
6275,,69,Female,,,
6276,,26,Female,,,
6277,,19,Female,,,
6278,,68,Male,,,
6279,,26,Female,,,
6280,,57,Female,,,
6281,,24,Male,,,
6282,,46,Female,,,
6283,,66,Female,,,
6284,,17,Male,,,
6285,,77,Female,,,
6286,,53,Female,,,
6287,,10,Female,,,
6288,,29,Male,,,
6289,,74,Female,,,
6290,,59,Female,,,
6291,,69,Female,,,
6292,,23,Female,,,
6293,,20,Female,,,
6294,,57,Female,,,
6295,,29,Female,,,
6296,,61,Female,,,
6297,,23,Female,,,
6298,,34,Male,,,
6299,,19,Male,,,
6300,,34,Female,,,
6301,,55,Female,,,
6302,,38,Female,,,
6303,,27,Female,,,
6304,,32,Female,,,
6305,,58,Male,,,
6306,,67,Female,,,
6307,,26,Female,,,
6308,,25,Male,,,
6309,,12,Female,,,
6310,,59,Female,,,
6311,,34,Female,,,
6312,,78,Female,,,
6313,,70,Male,,,
6314,,47,Female,,,
6315,,35,Male,,,
6316,,23,Female,,,
6317,,28,Male,,,
6318,,64,Male,,,
6319,,67,Female,,,
6320,,23,Female,,,
6321,,28,Female,,,
6322,,79,Male,,,
6323,,38,Male,,,
6324,,61,Female,,,
6325,,70,Female,,,
6326,,19,Male,,,
6327,,55,Female,,,
6328,,27,Male,,,
6329,,66,Male,,,
6330,,37,Female,,,
6331,,49,Male,,,
6332,,59,Female,,,
6333,,27,Female,,,
6334,,20,Male,,,
6335,,49,Male,,,
6336,,43,Female,,,
6337,,64,Female,,,
6338,,37,Male,,,
6339,,17,Female,,,
6340,,68,Female,,,
6341,,66,Female,,,
6342,,19,Female,,,
6343,,62,Male,,,
6344,,55,Female,,,
6345,,64,Female,,,
6346,,60,Male,,,
6347,,14,Female,,,
6348,,50,Female,,,
6349,,21,Female,,,
6350,,58,Female,,,
6351,,68,Male,,,
6352,,51,Female,,,
6353,,66,Male,,,
6354,,40,Female,,,
6355,,77,Female,,,
6356,,31,Female,,,
6357,,56,Male,,,
6358,,57,Female,,,
6359,,63,Male,,,
6360,,50,Female,,,
6361,,46,Female,,,
6362,,52,Female,,,
6363,,45,Female,,,
6364,,62,Female,,,
6365,,77,Female,,,
6366,,31,Female,,,
6367,,63,Male,,,
6368,,39,Male,,,
6369,,23,Male,,,
6370,,70,Male,,,
6371,,27,Female,,,
6372,,16,Female,,,
6373,,19,Female,,,
6374,,32,Female,,,
6375,,54,Male,,,
6376,,51,Female,,,
6377,,26,Male,,,
6378,,54,Female,,,
6379,,32,Male,,,
6380,,24,Female,,,
6381,,10,Female,,,
6382,,10,Male,,,
6383,,37,Female,,,
6384,,27,Female,,,
6385,,47,Male,,,
6386,,37,Female,,,
6387,,71,Female,,,
6388,,31,Female,,,
6389,,64,Female,,,
6390,,45,Female,,,
6391,,60,Female,,,
6392,,43,Male,,,
6393,,53,Male,,,
6394,,44,Female,,,
6395,,68,Female,,,
6396,,73,Female,,,
6397,,55,Female,,,
6398,,35,Female,,,
6399,,75,Female,,,
6400,,78,Female,,,
6401,,78,Female,,,
6402,,41,Male,,,
6403,,48,Female,,,
6404,,75,Male,,,
6405,,74,Female,,,
6406,,35,Female,,,
6407,,43,Female,,,
6408,,38,Male,,,
6409,,49,Female,,,
6410,,71,Male,,,
6411,,77,Female,,,
6412,,76,Female,,,
6413,,66,Female,,,
6414,,63,Female,,,
6415,,47,Female,,,
6416,,54,Male,,,
6417,,63,Male,,,
6418,,58,Female,,,
6419,,79,Female,,,
6420,,50,Female,,,
6421,,56,Male,,,
6422,,43,Female,,,
6423,,50,Male,,,
6424,,17,Male,,,
6425,,62,Male,,,
6426,,48,Female,,,
6427,,26,Female,,,
6428,,31,Male,,,
6429,,51,Female,,,
6430,,17,Female,,,
6431,,70,Male,,,
6432,,27,Male,,,
6433,,51,Female,,,
6434,,68,Female,,,
6435,,33,Female,,,
6436,,47,Male,,,
6437,,69,Female,,,
6438,,75,Female,,,
6439,,50,Female,,,
6440,,74,Female,,,
6441,,26,Female,,,
6442,,62,Male,,,
6443,,28,Female,,,
6444,,11,Male,,,
6445,,23,Male,,,
6446,,45,Male,,,
6447,,57,Male,,,
6448,,56,Male,,,
6449,,33,Male,,,
6450,,12,Female,,,
6451,,13,Female,,,
6452,,52,Female,,,
6453,,22,Male,,,
6454,,35,Female,,,
6455,,67,Female,,,
6456,,18,Male,,,
6457,,64,Female,,,
6458,,18,Male,,,
6459,,70,Female,,,
6460,,56,Male,,,
6461,,60,Female,,,
6462,,29,Male,,,
6463,,63,Female,,,
6464,,75,Female,,,
6465,,19,Female,,,
6466,,38,Female,,,
6467,,28,Female,,,
6468,,45,Female,,,
6469,,29,Male,,,
6470,,12,Male,,,
6471,,46,Female,,,
6472,,28,Female,,,
6473,,49,Female,,,
6474,,31,Male,,,
6475,,38,Female,,,
6476,,32,Female,,,
6477,,61,Female,,,
6478,,59,Female,,,
6479,,43,Female,,,
6480,,32,Male,,,
6481,,79,Male,,,
6482,,79,Male,,,
6483,,74,Female,,,
6484,,23,Male,,,
6485,,79,Female,,,
6486,,28,Male,,,
6487,,11,Male,,,
6488,,53,Female,,,
6489,,59,Male,,,
6490,,44,Female,,,
6491,,29,Male,,,
6492,,58,Female,,,
6493,,17,Male,,,
6494,,29,Female,,,
6495,,72,Female,,,
6496,,23,Female,,,
6497,,27,Female,,,
6498,,68,Male,,,
6499,,16,Female,,,
6500,,12,Female,,,
6501,,76,Female,,,
6502,,26,Female,,,
6503,,50,Male,,,
6504,,38,Female,,,
6505,,34,Female,,,
6506,,63,Female,,,
6507,,51,Female,,,
6508,,37,Female,,,
6509,,61,Female,,,
6510,,37,Male,,,
6511,,61,Male,,,
6512,,55,Female,,,
6513,,15,Female,,,
6514,,56,Female,,,
6515,,67,Female,,,
6516,,65,Male,,,
6517,,25,Female,,,
6518,,29,Male,,,
6519,,52,Male,,,
6520,,42,Male,,,
6521,,22,Male,,,
6522,,38,Female,,,
6523,,53,Female,,,
6524,,62,Male,,,
6525,,20,Female,,,
6526,,13,Female,,,
6527,,59,Female,,,
6528,,36,Male,,,
6529,,35,Female,,,
6530,,35,Female,,,
6531,,53,Female,,,
6532,,78,Female,,,
6533,,73,Female,,,
6534,,48,Female,,,
6535,,14,Female,,,
6536,,41,Female,,,
6537,,32,Female,,,
6538,,30,Male,,,
6539,,15,Female,,,
6540,,31,Female,,,
6541,,23,Male,,,
6542,,22,Female,,,
6543,,74,Female,,,
6544,,75,Female,,,
6545,,25,Female,,,
6546,,33,Male,,,
6547,,68,Female,,,
6548,,33,Female,,,
6549,,60,Male,,,
6550,,12,Female,,,
6551,,74,Male,,,
6552,,77,Female,,,
6553,,63,Female,,,
6554,,76,Male,,,
6555,,21,Male,,,
6556,,63,Female,,,
6557,,42,Female,,,
6558,,14,Female,,,
6559,,68,Male,,,
6560,,40,Female,,,
6561,,36,Female,,,
6562,,44,Female,,,
6563,,41,Female,,,
6564,,48,Female,,,
6565,,68,Female,,,
6566,,42,Female,,,
6567,,66,Female,,,
6568,,52,Female,,,
6569,,11,Female,,,
6570,,36,Female,,,
6571,,43,Male,,,
6572,,17,Female,,,
6573,,79,Female,,,
6574,,74,Female,,,
6575,,46,Female,,,
6576,,63,Female,,,
6577,,12,Male,,,
6578,,46,Male,,,
6579,,36,Female,,,
6580,,35,Male,,,
6581,,18,Male,,,
6582,,25,Female,,,
6583,,10,Female,,,
6584,,32,Female,,,
6585,,57,Female,,,
6586,,61,Female,,,
6587,,26,Male,,,
6588,,27,Male,,,
6589,,17,Female,,,
6590,,38,Female,,,
6591,,42,Female,,,
6592,,50,Female,,,
6593,,36,Female,,,
6594,,72,Male,,,
6595,,66,Male,,,
6596,,47,Female,,,
6597,,77,Female,,,
6598,,59,Female,,,
6599,,67,Male,,,
6600,,61,Female,,,
6601,,57,Female,,,
6602,,65,Female,,,
6603,,59,Male,,,
6604,,44,Female,,,
6605,,45,Female,,,
6606,,34,Female,,,
6607,,74,Male,,,
6608,,17,Female,,,
6609,,62,Male,,,
6610,,45,Female,,,
6611,,31,Female,,,
6612,,70,Female,,,
6613,,56,Male,,,
6614,,30,Female,,,
6615,,16,Female,,,
6616,,25,Male,,,
6617,,40,Female,,,
6618,,44,Male,,,
6619,,25,Male,,,
6620,,50,Female,,,
6621,,24,Female,,,
6622,,25,Female,,,
6623,,29,Male,,,
6624,,78,Female,,,
6625,,59,Female,,,
6626,,16,Female,,,
6627,,62,Male,,,
6628,,39,Female,,,
6629,,37,Female,,,
6630,,54,Female,,,
6631,,74,Male,,,
6632,,25,Female,,,
6633,,72,Female,,,
6634,,24,Male,,,
6635,,69,Male,,,
6636,,48,Female,,,
6637,,39,Male,,,
6638,,37,Female,,,
6639,,46,Female,,,
6640,,70,Female,,,
6641,,70,Male,,,
6642,,20,Female,,,
6643,,52,Female,,,
6644,,62,Female,,,
6645,,43,Female,,,
6646,,70,Female,,,
6647,,14,Female,,,
6648,,47,Male,,,
6649,,50,Male,,,
6650,,15,Female,,,
6651,,23,Male,,,
6652,,79,Female,,,
6653,,61,Female,,,
6654,,61,Female,,,
6655,,78,Male,,,
6656,,58,Female,,,
6657,,75,Male,,,
6658,,68,Male,,,
6659,,76,Male,,,
6660,,49,Male,,,
6661,,20,Male,,,
6662,,63,Female,,,
6663,,49,Female,,,
6664,,47,Male,,,
6665,,33,Female,,,
6666,,44,Female,,,
6667,,73,Female,,,
6668,,32,Male,,,
6669,,28,Female,,,
6670,,10,Female,,,
6671,,54,Female,,,
6672,,32,Male,,,
6673,,22,Female,,,
6674,,25,Male,,,
6675,,78,Male,,,
6676,,67,Male,,,
6677,,29,Female,,,
6678,,58,Male,,,
6679,,73,Female,,,
6680,,52,Male,,,
6681,,49,Female,,,
6682,,26,Female,,,
6683,,68,Male,,,
6684,,74,Female,,,
6685,,58,Female,,,
6686,,48,Female,,,
6687,,23,Female,,,
6688,,76,Male,,,
6689,,71,Female,,,
6690,,26,Female,,,
6691,,78,Female,,,
6692,,42,Male,,,
6693,,21,Male,,,
6694,,78,Male,,,
6695,,22,Male,,,
6696,,15,Female,,,
6697,,68,Male,,,
6698,,76,Female,,,
6699,,44,Female,,,
6700,,33,Male,,,
6701,,78,Male,,,
6702,,52,Male,,,
6703,,73,Female,,,
6704,,48,Female,,,
6705,,62,Female,,,
6706,,48,Female,,,
6707,,33,Female,,,
6708,,26,Female,,,
6709,,41,Female,,,
6710,,66,Female,,,
6711,,35,Female,,,
6712,,19,Female,,,
6713,,77,Female,,,
6714,,79,Female,,,
6715,,35,Female,,,
6716,,61,Male,,,
6717,,51,Male,,,
6718,,71,Male,,,
6719,,48,Female,,,
6720,,34,Female,,,
6721,,75,Female,,,
6722,,49,Male,,,
6723,,26,Male,,,
6724,,53,Female,,,
6725,,78,Female,,,
6726,,73,Male,,,
6727,,10,Male,,,
6728,,53,Female,,,
6729,,50,Female,,,
6730,,24,Male,,,
6731,,31,Male,,,
6732,,19,Female,,,
6733,,73,Female,,,
6734,,56,Male,,,
6735,,79,Male,,,
6736,,61,Female,,,
6737,,30,Female,,,
6738,,51,Female,,,
6739,,67,Male,,,
6740,,70,Female,,,
6741,,35,Female,,,
6742,,28,Female,,,
6743,,75,Male,,,
6744,,42,Female,,,
6745,,30,Female,,,
6746,,46,Female,,,
6747,,34,Female,,,
6748,,28,Female,,,
6749,,36,Female,,,
6750,,65,Female,,,
6751,,75,Female,,,
6752,,60,Male,,,
6753,,67,Male,,,
6754,,32,Female,,,
6755,,67,Male,,,
6756,,23,Male,,,
6757,,77,Female,,,
6758,,43,Female,,,
6759,,58,Male,,,
6760,,68,Female,,,
6761,,25,Female,,,
6762,,29,Male,,,
6763,,32,Male,,,
6764,,12,Female,,,
6765,,10,Female,,,
6766,,59,Female,,,
6767,,76,Female,,,
6768,,69,Female,,,
6769,,24,Female,,,
6770,,38,Female,,,
6771,,53,Male,,,
6772,,34,Male,,,
6773,,73,Male,,,
6774,,76,Male,,,
6775,,36,Female,,,
6776,,71,Male,,,
6777,,78,Female,,,
6778,,13,Male,,,
6779,,65,Female,,,
6780,,59,Female,,,
6781,,15,Female,,,
6782,,67,Male,,,
6783,,32,Male,,,
6784,,59,Female,,,
6785,,49,Female,,,
6786,,18,Female,,,
6787,,57,Male,,,
6788,,70,Female,,,
6789,,29,Female,,,
6790,,77,Female,,,
6791,,34,Female,,,
6792,,68,Male,,,
6793,,38,Male,,,
6794,,10,Female,,,
6795,,77,Female,,,
6796,,50,Male,,,
6797,,60,Female,,,
6798,,67,Male,,,
6799,,56,Female,,,
6800,,77,Male,,,
6801,,44,Female,,,
6802,,13,Female,,,
6803,,27,Male,,,
6804,,52,Female,,,
6805,,36,Female,,,
6806,,22,Female,,,
6807,,78,Female,,,
6808,,70,Female,,,
6809,,33,Female,,,
6810,,18,Male,,,
6811,,74,Female,,,
6812,,32,Male,,,
6813,,35,Male,,,
6814,,23,Female,,,
6815,,37,Female,,,
6816,,78,Female,,,
6817,,16,Male,,,
6818,,75,Female,,,
6819,,58,Male,,,
6820,,14,Female,,,
6821,,54,Female,,,
6822,,25,Female,,,
6823,,50,Male,,,
6824,,51,Male,,,
6825,,21,Male,,,
6826,,21,Female,,,
6827,,72,Female,,,
6828,,12,Male,,,
6829,,19,Male,,,
6830,,39,Female,,,
6831,,43,Male,,,
6832,,61,Female,,,
6833,,18,Female,,,
6834,,34,Female,,,
6835,,19,Female,,,
6836,,63,Female,,,
6837,,32,Female,,,
6838,,49,Female,,,
6839,,25,Male,,,
6840,,20,Male,,,
6841,,35,Female,,,
6842,,45,Female,,,
6843,,59,Female,,,
6844,,79,Male,,,
6845,,60,Female,,,
6846,,73,Female,,,
6847,,31,Female,,,
6848,,14,Male,,,
6849,,77,Male,,,
6850,,50,Male,,,
6851,,20,Male,,,
6852,,51,Female,,,
6853,,75,Female,,,
6854,,60,Male,,,
6855,,70,Female,,,
6856,,58,Male,,,
6857,,19,Female,,,
6858,,78,Male,,,
6859,,44,Female,,,
6860,,66,Male,,,
6861,,65,Female,,,
6862,,64,Female,,,
6863,,24,Male,,,
6864,,21,Male,,,
6865,,65,Male,,,
6866,,19,Male,,,
6867,,78,Female,,,
6868,,66,Female,,,
6869,,60,Female,,,
6870,,77,Female,,,
6871,,78,Female,,,
6872,,68,Male,,,
6873,,22,Female,,,
6874,,14,Female,,,
6875,,16,Female,,,
6876,,72,Female,,,
6877,,27,Female,,,
6878,,51,Male,,,
6879,,50,Female,,,
6880,,41,Female,,,
6881,,16,Female,,,
6882,,14,Male,,,
6883,,18,Female,,,
6884,,52,Female,,,
6885,,58,Female,,,
6886,,53,Female,,,
6887,,37,Female,,,
6888,,21,Male,,,
6889,,62,Female,,,
6890,,60,Male,,,
6891,,54,Female,,,
6892,,75,Male,,,
6893,,10,Female,,,
6894,,22,Female,,,
6895,,35,Female,,,
6896,,34,Female,,,
6897,,12,Female,,,
6898,,53,Female,,,
6899,,40,Female,,,
6900,,33,Female,,,
6901,,68,Female,,,
6902,,32,Female,,,
6903,,71,Female,,,
6904,,10,Male,,,
6905,,55,Male,,,
6906,,26,Female,,,
6907,,54,Female,,,
6908,,41,Male,,,
6909,,47,Female,,,
6910,,21,Female,,,
6911,,56,Male,,,
6912,,68,Female,,,
6913,,76,Female,,,
6914,,35,Female,,,
6915,,68,Female,,,
6916,,20,Female,,,
6917,,37,Male,,,
6918,,76,Female,,,
6919,,53,Female,,,
6920,,54,Male,,,
6921,,74,Male,,,
6922,,17,Female,,,
6923,,72,Male,,,
6924,,19,Male,,,
6925,,74,Female,,,
6926,,50,Male,,,
6927,,54,Female,,,
6928,,71,Female,,,
6929,,51,Female,,,
6930,,29,Female,,,
6931,,26,Female,,,
6932,,55,Female,,,
6933,,37,Male,,,
6934,,49,Female,,,
6935,,51,Female,,,
6936,,53,Female,,,
6937,,36,Female,,,
6938,,65,Female,,,
6939,,62,Female,,,
6940,,31,Female,,,
6941,,29,Female,,,
6942,,73,Female,,,
6943,,72,Female,,,
6944,,45,Female,,,
6945,,79,Male,,,
6946,,67,Female,,,
6947,,40,Male,,,
6948,,78,Male,,,
6949,,53,Male,,,
6950,,64,Male,,,
6951,,53,Male,,,
6952,,15,Female,,,
6953,,53,Female,,,
6954,,46,Female,,,
6955,,37,Female,,,
6956,,16,Female,,,
6957,,42,Male,,,
6958,,47,Female,,,
6959,,39,Male,,,
6960,,37,Female,,,
6961,,39,Male,,,
6962,,25,Female,,,
6963,,66,Female,,,
6964,,47,Male,,,
6965,,43,Male,,,
6966,,35,Female,,,
6967,,40,Male,,,
6968,,13,Female,,,
6969,,47,Female,,,
6970,,33,Male,,,
6971,,50,Female,,,
6972,,29,Female,,,
6973,,60,Female,,,
6974,,45,Female,,,
6975,,67,Female,,,
6976,,16,Female,,,
6977,,16,Female,,,
6978,,33,Male,,,
6979,,70,Male,,,
6980,,56,Female,,,
6981,,18,Female,,,
6982,,62,Male,,,
6983,,15,Male,,,
6984,,10,Male,,,
6985,,60,Female,,,
6986,,19,Female,,,
6987,,12,Female,,,
6988,,72,Female,,,
6989,,65,Female,,,
6990,,46,Male,,,
6991,,22,Female,,,
6992,,50,Female,,,
6993,,64,Female,,,
6994,,73,Male,,,
6995,,69,Female,,,
6996,,18,Female,,,
6997,,39,Male,,,
6998,,74,Female,,,
6999,,19,Male,,,
7000,,39,Male,,,
7001,,22,Female,,,
7002,,16,Female,,,
7003,,52,Female,,,
7004,,39,Female,,,
7005,,42,Male,,,
7006,,70,Male,,,
7007,,40,Female,,,
7008,,61,Female,,,
7009,,37,Male,,,
7010,,75,Female,,,
7011,,36,Male,,,
7012,,10,Female,,,
7013,,19,Female,,,
7014,,19,Female,,,
7015,,51,Male,,,
7016,,43,Female,,,
7017,,54,Female,,,
7018,,53,Female,,,
7019,,73,Female,,,
7020,,29,Female,,,
7021,,63,Female,,,
7022,,10,Male,,,
7023,,62,Female,,,
7024,,62,Male,,,
7025,,52,Female,,,
7026,,15,Female,,,
7027,,14,Male,,,
7028,,74,Female,,,
7029,,13,Female,,,
7030,,61,Female,,,
7031,,71,Female,,,
7032,,49,Female,,,
7033,,55,Male,,,
7034,,67,Female,,,
7035,,23,Female,,,
7036,,21,Female,,,
7037,,19,Female,,,
7038,,46,Female,,,
7039,,60,Female,,,
7040,,44,Female,,,
7041,,10,Male,,,
7042,,59,Female,,,
7043,,33,Female,,,
7044,,37,Female,,,
7045,,25,Female,,,
7046,,19,Female,,,
7047,,27,Female,,,
7048,,51,Female,,,
7049,,53,Female,,,
7050,,70,Female,,,
7051,,61,Male,,,
7052,,36,Female,,,
7053,,30,Female,,,
7054,,48,Male,,,
7055,,17,Female,,,
7056,,74,Female,,,
7057,,36,Female,,,
7058,,52,Female,,,
7059,,50,Male,,,
7060,,73,Female,,,
7061,,78,Female,,,
7062,,41,Female,,,
7063,,53,Female,,,
7064,,39,Female,,,
7065,,50,Female,,,
7066,,24,Female,,,
7067,,72,Male,,,
7068,,49,Female,,,
7069,,56,Male,,,
7070,,18,Female,,,
7071,,77,Female,,,
7072,,14,Female,,,
7073,,28,Female,,,
7074,,44,Male,,,
7075,,51,Female,,,
7076,,37,Female,,,
7077,,52,Female,,,
7078,,13,Male,,,
7079,,56,Female,,,
7080,,20,Female,,,
7081,,55,Male,,,
7082,,15,Female,,,
7083,,71,Female,,,
7084,,10,Male,,,
7085,,10,Female,,,
7086,,28,Female,,,
7087,,68,Female,,,
7088,,73,Female,,,
7089,,57,Male,,,
7090,,58,Female,,,
7091,,27,Male,,,
7092,,54,Male,,,
7093,,73,Male,,,
7094,,37,Female,,,
7095,,70,Male,,,
7096,,73,Female,,,
7097,,53,Male,,,
7098,,38,Female,,,
7099,,56,Male,,,
7100,,35,Female,,,
7101,,33,Female,,,
7102,,47,Female,,,
7103,,44,Male,,,
7104,,10,Male,,,
7105,,58,Male,,,
7106,,15,Male,,,
7107,,15,Female,,,
7108,,54,Female,,,
7109,,21,Female,,,
7110,,34,Male,,,
7111,,35,Female,,,
7112,,43,Male,,,
7113,,68,Male,,,
7114,,56,Female,,,
7115,,48,Male,,,
7116,,61,Male,,,
7117,,18,Female,,,
7118,,56,Male,,,
7119,,23,Male,,,
7120,,47,Female,,,
7121,,43,Female,,,
7122,,15,Female,,,
7123,,71,Female,,,
7124,,34,Female,,,
7125,,73,Female,,,
7126,,15,Female,,,
7127,,58,Female,,,
7128,,14,Female,,,
7129,,73,Male,,,
7130,,57,Female,,,
7131,,60,Female,,,
7132,,64,Male,,,
7133,,37,Female,,,
7134,,29,Male,,,
7135,,10,Female,,,
7136,,60,Female,,,
7137,,23,Male,,,
7138,,40,Female,,,
7139,,23,Male,,,
7140,,32,Female,,,
7141,,65,Female,,,
7142,,43,Female,,,
7143,,33,Female,,,
7144,,33,Male,,,
7145,,28,Male,,,
7146,,76,Female,,,
7147,,45,Female,,,
7148,,60,Male,,,
7149,,15,Male,,,
7150,,64,Female,,,
7151,,17,Female,,,
7152,,74,Male,,,
7153,,40,Female,,,
7154,,66,Female,,,
7155,,68,Female,,,
7156,,33,Female,,,
7157,,56,Female,,,
7158,,39,Female,,,
7159,,55,Female,,,
7160,,66,Female,,,
7161,,66,Male,,,
7162,,20,Female,,,
7163,,49,Female,,,
7164,,54,Male,,,
7165,,76,Female,,,
7166,,56,Male,,,
7167,,49,Female,,,
7168,,17,Male,,,
7169,,68,Male,,,
7170,,16,Female,,,
7171,,27,Male,,,
7172,,43,Female,,,
7173,,60,Male,,,
7174,,20,Male,,,
7175,,34,Female,,,
7176,,44,Male,,,
7177,,25,Female,,,
7178,,40,Female,,,
7179,,24,Female,,,
7180,,21,Female,,,
7181,,59,Male,,,
7182,,40,Female,,,
7183,,31,Female,,,
7184,,30,Female,,,
7185,,29,Female,,,
7186,,12,Female,,,
7187,,76,Female,,,
7188,,23,Female,,,
7189,,61,Male,,,
7190,,74,Female,,,
7191,,35,Female,,,
7192,,45,Female,,,
7193,,68,Female,,,
7194,,47,Male,,,
7195,,68,Female,,,
7196,,41,Female,,,
7197,,72,Female,,,
7198,,48,Female,,,
7199,,54,Female,,,
7200,,23,Male,,,
7201,,78,Female,,,
7202,,34,Male,,,
7203,,12,Female,,,
7204,,59,Female,,,
7205,,50,Female,,,
7206,,48,Male,,,
7207,,19,Female,,,
7208,,64,Female,,,
7209,,59,Female,,,
7210,,31,Male,,,
7211,,32,Female,,,
7212,,58,Female,,,
7213,,42,Female,,,
7214,,26,Female,,,
7215,,42,Female,,,
7216,,10,Male,,,
7217,,63,Male,,,
7218,,72,Female,,,
7219,,32,Male,,,
7220,,63,Female,,,
7221,,64,Male,,,
7222,,65,Male,,,
7223,,10,Female,,,
7224,,57,Female,,,
7225,,10,Male,,,
7226,,67,Female,,,
7227,,26,Male,,,
7228,,26,Male,,,
7229,,41,Female,,,
7230,,77,Female,,,
7231,,57,Male,,,
7232,,48,Female,,,
7233,,19,Female,,,
7234,,43,Male,,,
7235,,28,Female,,,
7236,,25,Male,,,
7237,,49,Female,,,
7238,,31,Male,,,
7239,,62,Male,,,
7240,,16,Male,,,
7241,,28,Female,,,
7242,,54,Female,,,
7243,,54,Female,,,
7244,,44,Male,,,
7245,,31,Female,,,
7246,,20,Male,,,
7247,,14,Male,,,
7248,,21,Male,,,
7249,,77,Female,,,
7250,,26,Female,,,
7251,,46,Female,,,
7252,,15,Female,,,
7253,,66,Female,,,
7254,,38,Female,,,
7255,,49,Female,,,
7256,,77,Male,,,
7257,,54,Female,,,
7258,,28,Male,,,
7259,,30,Female,,,
7260,,39,Male,,,
7261,,63,Male,,,
7262,,75,Female,,,
7263,,19,Female,,,
7264,,39,Male,,,
7265,,61,Male,,,
7266,,11,Male,,,
7267,,62,Female,,,
7268,,26,Female,,,
7269,,43,Male,,,
7270,,52,Female,,,
7271,,26,Female,,,
7272,,36,Female,,,
7273,,45,Male,,,
7274,,24,Male,,,
7275,,44,Female,,,
7276,,19,Female,,,
7277,,69,Female,,,
7278,,19,Female,,,
7279,,60,Female,,,
7280,,40,Male,,,
7281,,15,Male,,,
7282,,50,Female,,,
7283,,54,Female,,,
7284,,46,Female,,,
7285,,46,Female,,,
7286,,23,Male,,,
7287,,46,Female,,,
7288,,40,Female,,,
7289,,16,Male,,,
7290,,73,Male,,,
7291,,23,Female,,,
7292,,24,Female,,,
7293,,35,Male,,,
7294,,39,Male,,,
7295,,64,Male,,,
7296,,44,Male,,,
7297,,20,Male,,,
7298,,22,Female,,,
7299,,61,Male,,,
7300,,54,Female,,,
7301,,34,Female,,,
7302,,66,Female,,,
7303,,23,Female,,,
7304,,55,Female,,,
7305,,19,Male,,,
7306,,69,Female,,,
7307,,36,Male,,,
7308,,78,Female,,,
7309,,25,Female,,,
7310,,26,Female,,,
7311,,17,Male,,,
7312,,70,Male,,,
7313,,42,Male,,,
7314,,51,Female,,,
7315,,15,Male,,,
7316,,30,Male,,,
7317,,58,Female,,,
7318,,63,Female,,,
7319,,69,Female,,,
7320,,66,Male,,,
7321,,71,Female,,,
7322,,52,Female,,,
7323,,51,Male,,,
7324,,61,Female,,,
7325,,25,Male,,,
7326,,16,Male,,,
7327,,29,Female,,,
7328,,34,Female,,,
7329,,10,Male,,,
7330,,10,Male,,,
7331,,34,Female,,,
7332,,50,Male,,,
7333,,59,Male,,,
7334,,62,Female,,,
7335,,14,Female,,,
7336,,47,Female,,,
7337,,12,Male,,,
7338,,77,Female,,,
7339,,14,Female,,,
7340,,44,Male,,,
7341,,37,Female,,,
7342,,41,Female,,,
7343,,22,Female,,,
7344,,36,Female,,,
7345,,27,Female,,,
7346,,74,Female,,,
7347,,64,Female,,,
7348,,52,Male,,,
7349,,52,Female,,,
7350,,56,Female,,,
7351,,39,Male,,,
7352,,23,Female,,,
7353,,36,Female,,,
7354,,49,Female,,,
7355,,79,Female,,,
7356,,77,Female,,,
7357,,34,Female,,,
7358,,64,Male,,,
7359,,58,Male,,,
7360,,60,Female,,,
7361,,79,Female,,,
7362,,34,Male,,,
7363,,50,Female,,,
7364,,19,Female,,,
7365,,27,Female,,,
7366,,52,Female,,,
7367,,50,Female,,,
7368,,13,Male,,,
7369,,66,Female,,,
7370,,54,Female,,,
7371,,73,Female,,,
7372,,58,Female,,,
7373,,42,Female,,,
7374,,61,Female,,,
7375,,61,Female,,,
7376,,66,Female,,,
7377,,65,Female,,,
7378,,77,Female,,,
7379,,73,Male,,,
7380,,76,Female,,,
7381,,19,Female,,,
7382,,40,Female,,,
7383,,47,Male,,,
7384,,45,Male,,,
7385,,59,Male,,,
7386,,13,Male,,,
7387,,25,Female,,,
7388,,27,Female,,,
7389,,73,Female,,,
7390,,23,Female,,,
7391,,12,Female,,,
7392,,19,Male,,,
7393,,46,Male,,,
7394,,64,Male,,,
7395,,51,Female,,,
7396,,34,Female,,,
7397,,33,Male,,,
7398,,11,Female,,,
7399,,12,Male,,,
7400,,23,Male,,,
7401,,62,Female,,,
7402,,39,Female,,,
7403,,32,Female,,,
7404,,71,Male,,,
7405,,13,Male,,,
7406,,12,Female,,,
7407,,76,Male,,,
7408,,28,Female,,,
7409,,61,Female,,,
7410,,44,Female,,,
7411,,67,Female,,,
7412,,26,Female,,,
7413,,59,Female,,,
7414,,54,Female,,,
7415,,69,Female,,,
7416,,55,Female,,,
7417,,26,Male,,,
7418,,42,Female,,,
7419,,24,Female,,,
7420,,22,Female,,,
7421,,31,Female,,,
7422,,20,Female,,,
7423,,55,Female,,,
7424,,52,Male,,,
7425,,44,Male,,,
7426,,13,Female,,,
7427,,71,Female,,,
7428,,46,Male,,,
7429,,50,Female,,,
7430,,17,Female,,,
7431,,15,Male,,,
7432,,47,Female,,,
7433,,16,Male,,,
7434,,36,Male,,,
7435,,61,Female,,,
7436,,12,Female,,,
7437,,59,Female,,,
7438,,52,Female,,,
7439,,47,Female,,,
7440,,38,Female,,,
7441,,34,Male,,,
7442,,19,Female,,,
7443,,20,Male,,,
7444,,37,Female,,,
7445,,30,Male,,,
7446,,16,Female,,,
7447,,15,Female,,,
7448,,11,Female,,,
7449,,77,Male,,,
7450,,39,Female,,,
7451,,12,Female,,,
7452,,16,Female,,,
7453,,70,Female,,,
7454,,60,Female,,,
7455,,42,Female,,,
7456,,25,Female,,,
7457,,75,Female,,,
7458,,71,Female,,,
7459,,32,Female,,,
7460,,44,Male,,,
7461,,50,Female,,,
7462,,36,Male,,,
7463,,17,Female,,,
7464,,38,Female,,,
7465,,24,Female,,,
7466,,42,Male,,,
7467,,29,Female,,,
7468,,19,Male,,,
7469,,37,Female,,,
7470,,38,Female,,,
7471,,48,Female,,,
7472,,31,Female,,,
7473,,52,Female,,,
7474,,48,Female,,,
7475,,57,Female,,,
7476,,31,Female,,,
7477,,47,Female,,,
7478,,61,Female,,,
7479,,47,Female,,,
7480,,22,Female,,,
7481,,47,Female,,,
7482,,37,Male,,,
7483,,27,Female,,,
7484,,45,Female,,,
7485,,34,Male,,,
7486,,72,Female,,,
7487,,53,Female,,,
7488,,31,Female,,,
7489,,17,Female,,,
7490,,76,Female,,,
7491,,63,Female,,,
7492,,37,Female,,,
7493,,71,Female,,,
7494,,63,Female,,,
7495,,42,Female,,,
7496,,65,Female,,,
7497,,45,Female,,,
7498,,25,Female,,,
7499,,59,Female,,,
7500,,47,Female,,,
7501,,18,Male,,,
7502,,71,Male,,,
7503,,66,Female,,,
7504,,32,Female,,,
7505,,16,Female,,,
7506,,31,Male,,,
7507,,29,Female,,,
7508,,29,Female,,,
7509,,62,Female,,,
7510,,27,Female,,,
7511,,30,Female,,,
7512,,37,Female,,,
7513,,26,Female,,,
7514,,56,Female,,,
7515,,65,Female,,,
7516,,29,Female,,,
7517,,16,Male,,,
7518,,62,Female,,,
7519,,14,Female,,,
7520,,70,Male,,,
7521,,28,Female,,,
7522,,12,Male,,,
7523,,53,Male,,,
7524,,10,Female,,,
7525,,58,Female,,,
7526,,20,Female,,,
7527,,67,Female,,,
7528,,49,Female,,,
7529,,48,Female,,,
7530,,47,Female,,,
7531,,55,Female,,,
7532,,54,Female,,,
7533,,70,Female,,,
7534,,66,Male,,,
7535,,60,Male,,,
7536,,43,Male,,,
7537,,34,Female,,,
7538,,70,Female,,,
7539,,42,Female,,,
7540,,77,Male,,,
7541,,59,Male,,,
7542,,48,Female,,,
7543,,25,Male,,,
7544,,56,Male,,,
7545,,12,Male,,,
7546,,33,Female,,,
7547,,74,Male,,,
7548,,27,Female,,,
7549,,22,Female,,,
7550,,51,Female,,,
7551,,53,Female,,,
7552,,10,Male,,,
7553,,41,Female,,,
7554,,50,Male,,,
7555,,50,Male,,,
7556,,34,Female,,,
7557,,35,Female,,,
7558,,45,Male,,,
7559,,75,Female,,,
7560,,76,Male,,,
7561,,44,Female,,,
7562,,29,Female,,,
7563,,58,Female,,,
7564,,30,Female,,,
7565,,39,Male,,,
7566,,12,Female,,,
7567,,48,Female,,,
7568,,56,Male,,,
7569,,44,Female,,,
7570,,48,Male,,,
7571,,10,Female,,,
7572,,19,Female,,,
7573,,56,Female,,,
7574,,72,Male,,,
7575,,48,Male,,,
7576,,12,Female,,,
7577,,49,Female,,,
7578,,13,Male,,,
7579,,53,Male,,,
7580,,23,Male,,,
7581,,18,Female,,,
7582,,64,Female,,,
7583,,66,Male,,,
7584,,26,Male,,,
7585,,30,Female,,,
7586,,73,Female,,,
7587,,17,Female,,,
7588,,19,Female,,,
7589,,69,Female,,,
7590,,14,Male,,,
7591,,43,Female,,,
7592,,67,Female,,,
7593,,44,Male,,,
7594,,55,Male,,,
7595,,38,Male,,,
7596,,72,Female,,,
7597,,12,Male,,,
7598,,23,Male,,,
7599,,19,Female,,,
7600,,58,Male,,,
7601,,46,Female,,,
7602,,19,Male,,,
7603,,38,Male,,,
7604,,48,Female,,,
7605,,48,Male,,,
7606,,57,Female,,,
7607,,34,Female,,,
7608,,75,Male,,,
7609,,66,Female,,,
7610,,38,Female,,,
7611,,65,Female,,,
7612,,30,Female,,,
7613,,31,Female,,,
7614,,49,Female,,,
7615,,72,Male,,,
7616,,55,Female,,,
7617,,29,Female,,,
7618,,40,Female,,,
7619,,27,Male,,,
7620,,55,Female,,,
7621,,28,Female,,,
7622,,61,Female,,,
7623,,49,Male,,,
7624,,42,Female,,,
7625,,43,Female,,,
7626,,34,Female,,,
7627,,54,Female,,,
7628,,63,Female,,,
7629,,44,Male,,,
7630,,31,Male,,,
7631,,63,Female,,,
7632,,64,Male,,,
7633,,31,Female,,,
7634,,24,Female,,,
7635,,76,Female,,,
7636,,75,Male,,,
7637,,79,Female,,,
7638,,15,Male,,,
7639,,58,Male,,,
7640,,15,Male,,,
7641,,50,Female,,,
7642,,75,Female,,,
7643,,69,Male,,,
7644,,12,Female,,,
7645,,58,Female,,,
7646,,28,Male,,,
7647,,53,Male,,,
7648,,42,Male,,,
7649,,63,Male,,,
7650,,23,Female,,,
7651,,33,Female,,,
7652,,17,Female,,,
7653,,32,Female,,,
7654,,79,Male,,,
7655,,54,Female,,,
7656,,20,Female,,,
7657,,40,Male,,,
7658,,33,Female,,,
7659,,58,Female,,,
7660,,48,Female,,,
7661,,71,Female,,,
7662,,56,Male,,,
7663,,45,Female,,,
7664,,12,Female,,,
7665,,54,Female,,,
7666,,12,Male,,,
7667,,31,Male,,,
7668,,28,Female,,,
7669,,76,Male,,,
7670,,34,Female,,,
7671,,28,Male,,,
7672,,27,Female,,,
7673,,65,Female,,,
7674,,38,Female,,,
7675,,24,Female,,,
7676,,48,Female,,,
7677,,17,Male,,,
7678,,13,Male,,,
7679,,37,Female,,,
7680,,64,Female,,,
7681,,64,Female,,,
7682,,62,Female,,,
7683,,64,Female,,,
7684,,52,Female,,,
7685,,12,Male,,,
7686,,58,Female,,,
7687,,40,Female,,,
7688,,11,Female,,,
7689,,55,Female,,,
7690,,73,Male,,,
7691,,55,Female,,,
7692,,49,Female,,,
7693,,48,Female,,,
7694,,40,Female,,,
7695,,41,Male,,,
7696,,58,Female,,,
7697,,15,Female,,,
7698,,39,Female,,,
7699,,69,Male,,,
7700,,27,Male,,,
7701,,17,Male,,,
7702,,49,Female,,,
7703,,62,Female,,,
7704,,63,Female,,,
7705,,17,Female,,,
7706,,49,Female,,,
7707,,11,Female,,,
7708,,68,Female,,,
7709,,35,Male,,,
7710,,72,Male,,,
7711,,14,Female,,,
7712,,16,Male,,,
7713,,29,Male,,,
7714,,72,Female,,,
7715,,16,Female,,,
7716,,56,Female,,,
7717,,28,Female,,,
7718,,23,Female,,,
7719,,49,Female,,,
7720,,45,Male,,,
7721,,79,Female,,,
7722,,21,Female,,,
7723,,14,Female,,,
7724,,67,Female,,,
7725,,79,Male,,,
7726,,50,Female,,,
7727,,22,Male,,,
7728,,44,Female,,,
7729,,79,Male,,,
7730,,27,Female,,,
7731,,46,Female,,,
7732,,79,Female,,,
7733,,44,Male,,,
7734,,44,Female,,,
7735,,23,Male,,,
7736,,42,Female,,,
7737,,40,Female,,,
7738,,52,Male,,,
7739,,38,Female,,,
7740,,30,Female,,,
7741,,37,Female,,,
7742,,57,Female,,,
7743,,22,Male,,,
7744,,53,Female,,,
7745,,41,Female,,,
7746,,43,Female,,,
7747,,36,Male,,,
7748,,68,Female,,,
7749,,67,Female,,,
7750,,43,Female,,,
7751,,19,Female,,,
7752,,49,Female,,,
7753,,49,Female,,,
7754,,14,Female,,,
7755,,62,Female,,,
7756,,11,Male,,,
7757,,42,Female,,,
7758,,50,Female,,,
7759,,17,Male,,,
7760,,72,Female,,,
7761,,16,Female,,,
7762,,10,Female,,,
7763,,42,Male,,,
7764,,55,Female,,,
7765,,42,Male,,,
7766,,52,Male,,,
7767,,60,Male,,,
7768,,23,Female,,,
7769,,75,Female,,,
7770,,72,Female,,,
7771,,13,Female,,,
7772,,19,Female,,,
7773,,24,Female,,,
7774,,76,Female,,,
7775,,62,Female,,,
7776,,16,Female,,,
7777,,52,Male,,,
7778,,22,Female,,,
7779,,66,Female,,,
7780,,14,Male,,,
7781,,52,Male,,,
7782,,57,Male,,,
7783,,26,Male,,,
7784,,27,Female,,,
7785,,69,Male,,,
7786,,12,Female,,,
7787,,48,Female,,,
7788,,75,Female,,,
7789,,25,Female,,,
7790,,44,Female,,,
7791,,35,Female,,,
7792,,36,Male,,,
7793,,35,Female,,,
7794,,49,Female,,,
7795,,11,Female,,,
7796,,45,Female,,,
7797,,17,Male,,,
7798,,48,Female,,,
7799,,68,Male,,,
7800,,50,Female,,,
7801,,17,Male,,,
7802,,57,Female,,,
7803,,40,Female,,,
7804,,64,Female,,,
7805,,54,Male,,,
7806,,67,Male,,,
7807,,77,Female,,,
7808,,46,Male,,,
7809,,70,Female,,,
7810,,72,Male,,,
7811,,44,Male,,,
7812,,26,Female,,,
7813,,23,Female,,,
7814,,25,Female,,,
7815,,25,Male,,,
7816,,42,Male,,,
7817,,61,Female,,,
7818,,41,Female,,,
7819,,13,Male,,,
7820,,66,Female,,,
7821,,21,Female,,,
7822,,13,Female,,,
7823,,37,Male,,,
7824,,73,Female,,,
7825,,33,Female,,,
7826,,12,Female,,,
7827,,55,Female,,,
7828,,44,Female,,,
7829,,21,Female,,,
7830,,62,Female,,,
7831,,19,Female,,,
7832,,79,Female,,,
7833,,13,Female,,,
7834,,72,Female,,,
7835,,26,Male,,,
7836,,48,Female,,,
7837,,63,Female,,,
7838,,29,Female,,,
7839,,22,Female,,,
7840,,51,Male,,,
7841,,17,Female,,,
7842,,20,Female,,,
7843,,67,Male,,,
7844,,71,Female,,,
7845,,20,Female,,,
7846,,46,Female,,,
7847,,20,Female,,,
7848,,72,Male,,,
7849,,45,Female,,,
7850,,42,Female,,,
7851,,58,Female,,,
7852,,20,Female,,,
7853,,32,Male,,,
7854,,52,Female,,,
7855,,36,Female,,,
7856,,22,Male,,,
7857,,13,Female,,,
7858,,36,Female,,,
7859,,68,Female,,,
7860,,69,Male,,,
7861,,37,Female,,,
7862,,43,Female,,,
7863,,72,Male,,,
7864,,19,Male,,,
7865,,18,Female,,,
7866,,12,Female,,,
7867,,77,Male,,,
7868,,61,Male,,,
7869,,77,Female,,,
7870,,50,Male,,,
7871,,15,Female,,,
7872,,31,Male,,,
7873,,39,Male,,,
7874,,50,Female,,,
7875,,48,Female,,,
7876,,42,Male,,,
7877,,40,Female,,,
7878,,33,Female,,,
7879,,75,Female,,,
7880,,10,Female,,,
7881,,18,Male,,,
7882,,43,Male,,,
7883,,23,Female,,,
7884,,14,Female,,,
7885,,37,Female,,,
7886,,14,Female,,,
7887,,23,Female,,,
7888,,24,Male,,,
7889,,20,Female,,,
7890,,20,Male,,,
7891,,50,Male,,,
7892,,33,Female,,,
7893,,16,Female,,,
7894,,12,Female,,,
7895,,32,Female,,,
7896,,33,Male,,,
7897,,58,Female,,,
7898,,22,Female,,,
7899,,36,Female,,,
7900,,49,Female,,,
7901,,37,Male,,,
7902,,20,Female,,,
7903,,15,Female,,,
7904,,22,Female,,,
7905,,24,Male,,,
7906,,45,Male,,,
7907,,72,Male,,,
7908,,30,Female,,,
7909,,56,Female,,,
7910,,64,Female,,,
7911,,60,Male,,,
7912,,14,Female,,,
7913,,49,Male,,,
7914,,38,Female,,,
7915,,43,Male,,,
7916,,50,Female,,,
7917,,47,Male,,,
7918,,54,Male,,,
7919,,28,Female,,,
7920,,31,Female,,,
7921,,43,Female,,,
7922,,42,Male,,,
7923,,23,Female,,,
7924,,69,Female,,,
7925,,30,Male,,,
7926,,44,Female,,,
7927,,69,Male,,,
7928,,24,Male,,,
7929,,43,Female,,,
7930,,15,Male,,,
7931,,76,Female,,,
7932,,59,Female,,,
7933,,17,Female,,,
7934,,54,Female,,,
7935,,28,Male,,,
7936,,47,Male,,,
7937,,19,Male,,,
7938,,10,Female,,,
7939,,72,Male,,,
7940,,32,Male,,,
7941,,74,Female,,,
7942,,50,Female,,,
7943,,40,Male,,,
7944,,50,Male,,,
7945,,53,Male,,,
7946,,13,Female,,,
7947,,39,Female,,,
7948,,44,Female,,,
7949,,48,Female,,,
7950,,68,Female,,,
7951,,37,Female,,,
7952,,29,Male,,,
7953,,22,Female,,,
7954,,25,Female,,,
7955,,10,Male,,,
7956,,54,Female,,,
7957,,58,Female,,,
7958,,64,Male,,,
7959,,30,Male,,,
7960,,20,Female,,,
7961,,19,Male,,,
7962,,22,Female,,,
7963,,42,Female,,,
7964,,77,Female,,,
7965,,70,Male,,,
7966,,72,Male,,,
7967,,10,Female,,,
7968,,46,Female,,,
7969,,71,Female,,,
7970,,70,Male,,,
7971,,77,Female,,,
7972,,26,Male,,,
7973,,10,Male,,,
7974,,77,Female,,,
7975,,48,Female,,,
7976,,32,Male,,,
7977,,71,Female,,,
7978,,72,Female,,,
7979,,33,Female,,,
7980,,49,Male,,,
7981,,63,Female,,,
7982,,43,Female,,,
7983,,69,Female,,,
7984,,67,Female,,,
7985,,10,Female,,,
7986,,48,Female,,,
7987,,70,Male,,,
7988,,64,Male,,,
7989,,52,Female,,,
7990,,54,Female,,,
7991,,14,Male,,,
7992,,57,Female,,,
7993,,30,Female,,,
7994,,40,Female,,,
7995,,66,Female,,,
7996,,76,Female,,,
7997,,26,Male,,,
7998,,19,Female,,,
7999,,52,Male,,,
8000,,33,Female,,,
8001,,71,Male,,,
8002,,78,Female,,,
8003,,21,Female,,,
8004,,39,Female,,,
8005,,54,Female,,,
8006,,46,Female,,,
8007,,54,Male,,,
8008,,18,Female,,,
8009,,16,Female,,,
8010,,72,Male,,,
8011,,34,Female,,,
8012,,21,Female,,,
8013,,38,Male,,,
8014,,58,Female,,,
8015,,28,Male,,,
8016,,28,Female,,,
8017,,28,Female,,,
8018,,78,Female,,,
8019,,28,Female,,,
8020,,68,Female,,,
8021,,27,Female,,,
8022,,27,Female,,,
8023,,32,Female,,,
8024,,61,Female,,,
8025,,22,Male,,,
8026,,12,Female,,,
8027,,78,Male,,,
8028,,10,Female,,,
8029,,15,Female,,,
8030,,55,Female,,,
8031,,45,Male,,,
8032,,46,Female,,,
8033,,77,Female,,,
8034,,24,Female,,,
8035,,66,Female,,,
8036,,46,Male,,,
8037,,77,Female,,,
8038,,71,Female,,,
8039,,11,Female,,,
8040,,30,Female,,,
8041,,11,Male,,,
8042,,14,Female,,,
8043,,71,Female,,,
8044,,28,Male,,,
8045,,41,Female,,,
8046,,57,Female,,,
8047,,68,Male,,,
8048,,66,Male,,,
8049,,11,Male,,,
8050,,16,Female,,,
8051,,69,Male,,,
8052,,26,Male,,,
8053,,76,Female,,,
8054,,33,Female,,,
8055,,70,Female,,,
8056,,27,Female,,,
8057,,76,Female,,,
8058,,55,Male,,,
8059,,12,Female,,,
8060,,40,Female,,,
8061,,77,Female,,,
8062,,68,Female,,,
8063,,19,Male,,,
8064,,61,Female,,,
8065,,33,Female,,,
8066,,10,Female,,,
8067,,20,Female,,,
8068,,46,Female,,,
8069,,64,Male,,,
8070,,50,Female,,,
8071,,58,Female,,,
8072,,26,Male,,,
8073,,56,Male,,,
8074,,70,Male,,,
8075,,39,Female,,,
8076,,53,Female,,,
8077,,56,Female,,,
8078,,61,Female,,,
8079,,32,Male,,,
8080,,15,Male,,,
8081,,38,Female,,,
8082,,25,Male,,,
8083,,51,Female,,,
8084,,59,Female,,,
8085,,79,Female,,,
8086,,73,Female,,,
8087,,64,Female,,,
8088,,41,Female,,,
8089,,61,Male,,,
8090,,67,Male,,,
8091,,29,Male,,,
8092,,50,Male,,,
8093,,43,Male,,,
8094,,14,Male,,,
8095,,39,Female,,,
8096,,64,Male,,,
8097,,74,Female,,,
8098,,54,Male,,,
8099,,13,Male,,,
8100,,38,Male,,,
8101,,74,Female,,,
8102,,39,Female,,,
8103,,44,Female,,,
8104,,21,Female,,,
8105,,53,Female,,,
8106,,46,Male,,,
8107,,23,Female,,,
8108,,18,Female,,,
8109,,48,Female,,,
8110,,48,Female,,,
8111,,69,Female,,,
8112,,77,Male,,,
8113,,16,Female,,,
8114,,71,Male,,,
8115,,44,Female,,,
8116,,69,Female,,,
8117,,46,Female,,,
8118,,14,Female,,,
8119,,18,Male,,,
8120,,45,Female,,,
8121,,46,Male,,,
8122,,41,Female,,,
8123,,40,Male,,,
8124,,40,Female,,,
8125,,32,Female,,,
8126,,50,Female,,,
8127,,20,Female,,,
8128,,41,Male,,,
8129,,42,Male,,,
8130,,54,Female,,,
8131,,33,Male,,,
8132,,17,Male,,,
8133,,19,Male,,,
8134,,27,Male,,,
8135,,51,Female,,,
8136,,22,Male,,,
8137,,31,Female,,,
8138,,19,Female,,,
8139,,40,Female,,,
8140,,46,Female,,,
8141,,53,Female,,,
8142,,49,Female,,,
8143,,63,Female,,,
8144,,55,Female,,,
8145,,63,Female,,,
8146,,78,Female,,,
8147,,24,Male,,,
8148,,59,Female,,,
8149,,60,Female,,,
8150,,25,Female,,,
8151,,16,Female,,,
8152,,13,Female,,,
8153,,66,Female,,,
8154,,35,Male,,,
8155,,37,Male,,,
8156,,27,Male,,,
8157,,51,Female,,,
8158,,25,Female,,,
8159,,34,Female,,,
8160,,47,Male,,,
8161,,70,Female,,,
8162,,66,Female,,,
8163,,78,Female,,,
8164,,24,Female,,,
8165,,11,Female,,,
8166,,38,Female,,,
8167,,40,Male,,,
8168,,39,Male,,,
8169,,72,Male,,,
8170,,44,Female,,,
8171,,12,Male,,,
8172,,67,Female,,,
8173,,39,Male,,,
8174,,77,Female,,,
8175,,57,Female,,,
8176,,49,Female,,,
8177,,47,Female,,,
8178,,69,Female,,,
8179,,16,Female,,,
8180,,33,Male,,,
8181,,32,Male,,,
8182,,57,Male,,,
8183,,47,Female,,,
8184,,75,Male,,,
8185,,55,Male,,,
8186,,75,Female,,,
8187,,17,Male,,,
8188,,77,Female,,,
8189,,57,Male,,,
8190,,72,Female,,,
8191,,23,Male,,,
8192,,62,Female,,,
8193,,49,Female,,,
8194,,70,Female,,,
8195,,56,Female,,,
8196,,23,Male,,,
8197,,15,Female,,,
8198,,73,Female,,,
8199,,18,Female,,,
8200,,14,Male,,,
8201,,39,Male,,,
8202,,47,Female,,,
8203,,26,Female,,,
8204,,47,Male,,,
8205,,65,Female,,,
8206,,45,Female,,,
8207,,17,Female,,,
8208,,26,Female,,,
8209,,24,Male,,,
8210,,55,Male,,,
8211,,69,Female,,,
8212,,47,Male,,,
8213,,63,Female,,,
8214,,44,Female,,,
8215,,76,Female,,,
8216,,37,Female,,,
8217,,63,Male,,,
8218,,18,Male,,,
8219,,71,Female,,,
8220,,66,Male,,,
8221,,46,Female,,,
8222,,46,Male,,,
8223,,73,Male,,,
8224,,65,Female,,,
8225,,10,Female,,,
8226,,36,Female,,,
8227,,63,Female,,,
8228,,38,Female,,,
8229,,13,Female,,,
8230,,60,Female,,,
8231,,37,Female,,,
8232,,35,Male,,,
8233,,66,Female,,,
8234,,16,Male,,,
8235,,60,Female,,,
8236,,60,Female,,,
8237,,77,Female,,,
8238,,29,Male,,,
8239,,52,Male,,,
8240,,12,Female,,,
8241,,45,Male,,,
8242,,27,Female,,,
8243,,66,Male,,,
8244,,76,Male,,,
8245,,51,Female,,,
8246,,76,Female,,,
8247,,68,Female,,,
8248,,62,Male,,,
8249,,69,Female,,,
8250,,31,Female,,,
8251,,11,Female,,,
8252,,21,Female,,,
8253,,38,Female,,,
8254,,47,Female,,,
8255,,59,Female,,,
8256,,11,Female,,,
8257,,71,Male,,,
8258,,58,Female,,,
8259,,47,Female,,,
8260,,15,Female,,,
8261,,25,Male,,,
8262,,13,Female,,,
8263,,27,Female,,,
8264,,48,Female,,,
8265,,25,Female,,,
8266,,26,Male,,,
8267,,42,Male,,,
8268,,40,Male,,,
8269,,66,Male,,,
8270,,34,Male,,,
8271,,25,Female,,,
8272,,40,Female,,,
8273,,62,Female,,,
8274,,63,Male,,,
8275,,64,Female,,,
8276,,45,Female,,,
8277,,50,Female,,,
8278,,28,Female,,,
8279,,35,Female,,,
8280,,10,Female,,,
8281,,16,Female,,,
8282,,69,Female,,,
8283,,71,Female,,,
8284,,62,Male,,,
8285,,77,Female,,,
8286,,41,Female,,,
8287,,35,Female,,,
8288,,77,Female,,,
8289,,15,Female,,,
8290,,61,Male,,,
8291,,76,Male,,,
8292,,69,Female,,,
8293,,23,Female,,,
8294,,60,Female,,,
8295,,53,Female,,,
8296,,40,Female,,,
8297,,11,Female,,,
8298,,47,Female,,,
8299,,79,Female,,,
8300,,14,Female,,,
8301,,33,Female,,,
8302,,61,Female,,,
8303,,45,Female,,,
8304,,63,Female,,,
8305,,71,Female,,,
8306,,55,Female,,,
8307,,39,Female,,,
8308,,59,Male,,,
8309,,71,Female,,,
8310,,40,Female,,,
8311,,51,Female,,,
8312,,47,Male,,,
8313,,52,Female,,,
8314,,28,Female,,,
8315,,73,Female,,,
8316,,22,Male,,,
8317,,17,Female,,,
8318,,47,Female,,,
8319,,79,Female,,,
8320,,26,Female,,,
8321,,21,Female,,,
8322,,13,Male,,,
8323,,43,Female,,,
8324,,48,Female,,,
8325,,21,Female,,,
8326,,36,Male,,,
8327,,68,Female,,,
8328,,28,Female,,,
8329,,43,Female,,,
8330,,55,Female,,,
8331,,22,Female,,,
8332,,38,Female,,,
8333,,55,Male,,,
8334,,57,Female,,,
8335,,13,Male,,,
8336,,75,Male,,,
8337,,35,Female,,,
8338,,61,Female,,,
8339,,19,Male,,,
8340,,19,Female,,,
8341,,20,Female,,,
8342,,67,Female,,,
8343,,61,Female,,,
8344,,48,Female,,,
8345,,42,Female,,,
8346,,39,Male,,,
8347,,47,Female,,,
8348,,76,Female,,,
8349,,33,Female,,,
8350,,15,Male,,,
8351,,62,Female,,,
8352,,71,Female,,,
8353,,74,Male,,,
8354,,69,Female,,,
8355,,35,Male,,,
8356,,73,Female,,,
8357,,27,Female,,,
8358,,36,Male,,,
8359,,48,Female,,,
8360,,24,Male,,,
8361,,36,Female,,,
8362,,24,Female,,,
8363,,22,Female,,,
8364,,16,Female,,,
8365,,23,Male,,,
8366,,10,Female,,,
8367,,42,Female,,,
8368,,50,Male,,,
8369,,60,Male,,,
8370,,20,Male,,,
8371,,35,Male,,,
8372,,19,Female,,,
8373,,46,Male,,,
8374,,55,Female,,,
8375,,29,Female,,,
8376,,28,Female,,,
8377,,39,Female,,,
8378,,38,Male,,,
8379,,41,Female,,,
8380,,29,Female,,,
8381,,78,Female,,,
8382,,73,Female,,,
8383,,22,Female,,,
8384,,72,Female,,,
8385,,33,Male,,,
8386,,74,Female,,,
8387,,25,Male,,,
8388,,65,Female,,,
8389,,16,Female,,,
8390,,36,Male,,,
8391,,27,Male,,,
8392,,55,Male,,,
8393,,53,Female,,,
8394,,12,Female,,,
8395,,66,Female,,,
8396,,58,Female,,,
8397,,68,Male,,,
8398,,69,Female,,,
8399,,38,Male,,,
8400,,18,Female,,,
8401,,17,Male,,,
8402,,66,Male,,,
8403,,41,Female,,,
8404,,59,Male,,,
8405,,74,Female,,,
8406,,67,Female,,,
8407,,62,Female,,,
8408,,29,Female,,,
8409,,74,Female,,,
8410,,75,Female,,,
8411,,68,Male,,,
8412,,71,Female,,,
8413,,40,Female,,,
8414,,68,Female,,,
8415,,20,Female,,,
8416,,58,Male,,,
8417,,47,Female,,,
8418,,71,Male,,,
8419,,60,Male,,,
8420,,67,Male,,,
8421,,50,Female,,,
8422,,18,Female,,,
8423,,66,Female,,,
8424,,25,Female,,,
8425,,79,Female,,,
8426,,34,Female,,,
8427,,23,Female,,,
8428,,19,Male,,,
8429,,74,Male,,,
8430,,65,Female,,,
8431,,25,Female,,,
8432,,29,Male,,,
8433,,26,Female,,,
8434,,66,Male,,,
8435,,15,Female,,,
8436,,30,Female,,,
8437,,15,Female,,,
8438,,45,Male,,,
8439,,34,Male,,,
8440,,30,Female,,,
8441,,45,Male,,,
8442,,52,Female,,,
8443,,43,Male,,,
8444,,40,Female,,,
8445,,16,Female,,,
8446,,63,Male,,,
8447,,18,Female,,,
8448,,77,Male,,,
8449,,38,Male,,,
8450,,74,Female,,,
8451,,15,Female,,,
8452,,21,Female,,,
8453,,36,Male,,,
8454,,29,Male,,,
8455,,60,Female,,,
8456,,59,Female,,,
8457,,26,Female,,,
8458,,28,Female,,,
8459,,31,Female,,,
8460,,44,Female,,,
8461,,36,Male,,,
8462,,28,Female,,,
8463,,52,Female,,,
8464,,56,Male,,,
8465,,70,Female,,,
8466,,36,Female,,,
8467,,17,Female,,,
8468,,72,Male,,,
8469,,31,Female,,,
8470,,24,Female,,,
8471,,34,Female,,,
8472,,33,Male,,,
8473,,35,Female,,,
8474,,10,Female,,,
8475,,19,Male,,,
8476,,35,Female,,,
8477,,24,Female,,,
8478,,45,Female,,,
8479,,56,Female,,,
8480,,54,Female,,,
8481,,77,Female,,,
8482,,53,Female,,,
8483,,34,Female,,,
8484,,21,Female,,,
8485,,62,Male,,,
8486,,43,Female,,,
8487,,34,Male,,,
8488,,36,Female,,,
8489,,23,Female,,,
8490,,69,Male,,,
8491,,21,Female,,,
8492,,70,Female,,,
8493,,46,Male,,,
8494,,67,Female,,,
8495,,27,Female,,,
8496,,45,Female,,,
8497,,60,Female,,,
8498,,46,Female,,,
8499,,54,Female,,,
8500,,59,Male,,,
8501,,30,Female,,,
8502,,21,Male,,,
8503,,17,Female,,,
8504,,63,Male,,,
8505,,52,Female,,,
8506,,75,Female,,,
8507,,72,Male,,,
8508,,55,Male,,,
8509,,14,Male,,,
8510,,35,Female,,,
8511,,43,Male,,,
8512,,65,Female,,,
8513,,23,Female,,,
8514,,74,Female,,,
8515,,73,Female,,,
8516,,70,Male,,,
8517,,34,Female,,,
8518,,20,Female,,,
8519,,65,Female,,,
8520,,67,Female,,,
8521,,60,Male,,,
8522,,59,Male,,,
8523,,33,Female,,,
8524,,18,Female,,,
8525,,71,Female,,,
8526,,78,Female,,,
8527,,33,Male,,,
8528,,17,Male,,,
8529,,35,Female,,,
8530,,44,Male,,,
8531,,45,Female,,,
8532,,38,Female,,,
8533,,29,Female,,,
8534,,30,Female,,,
8535,,61,Female,,,
8536,,53,Female,,,
8537,,69,Male,,,
8538,,38,Male,,,
8539,,78,Female,,,
8540,,14,Male,,,
8541,,24,Female,,,
8542,,52,Male,,,
8543,,23,Male,,,
8544,,62,Female,,,
8545,,16,Male,,,
8546,,61,Female,,,
8547,,64,Female,,,
8548,,46,Female,,,
8549,,48,Female,,,
8550,,69,Male,,,
8551,,76,Female,,,
8552,,71,Male,,,
8553,,25,Female,,,
8554,,19,Female,,,
8555,,50,Male,,,
8556,,24,Female,,,
8557,,31,Female,,,
8558,,52,Female,,,
8559,,40,Female,,,
8560,,56,Female,,,
8561,,26,Male,,,
8562,,10,Female,,,
8563,,52,Female,,,
8564,,25,Male,,,
8565,,30,Male,,,
8566,,55,Female,,,
8567,,55,Male,,,
8568,,15,Female,,,
8569,,61,Male,,,
8570,,11,Female,,,
8571,,39,Female,,,
8572,,62,Female,,,
8573,,19,Female,,,
8574,,54,Male,,,
8575,,51,Female,,,
8576,,24,Female,,,
8577,,31,Female,,,
8578,,30,Female,,,
8579,,31,Female,,,
8580,,46,Female,,,
8581,,51,Male,,,
8582,,75,Female,,,
8583,,39,Female,,,
8584,,30,Male,,,
8585,,25,Male,,,
8586,,79,Male,,,
8587,,28,Male,,,
8588,,43,Female,,,
8589,,45,Male,,,
8590,,44,Female,,,
8591,,45,Female,,,
8592,,13,Male,,,
8593,,24,Female,,,
8594,,11,Female,,,
8595,,21,Male,,,
8596,,12,Male,,,
8597,,20,Female,,,
8598,,76,Female,,,
8599,,37,Female,,,
8600,,35,Female,,,
8601,,40,Male,,,
8602,,56,Female,,,
8603,,67,Male,,,
8604,,42,Male,,,
8605,,44,Male,,,
8606,,71,Female,,,
8607,,63,Female,,,
8608,,20,Female,,,
8609,,20,Male,,,
8610,,38,Female,,,
8611,,51,Female,,,
8612,,71,Female,,,
8613,,23,Male,,,
8614,,50,Female,,,
8615,,23,Female,,,
8616,,74,Female,,,
8617,,62,Male,,,
8618,,78,Male,,,
8619,,26,Female,,,
8620,,65,Female,,,
8621,,65,Female,,,
8622,,68,Male,,,
8623,,47,Male,,,
8624,,23,Male,,,
8625,,19,Female,,,
8626,,45,Female,,,
8627,,23,Female,,,
8628,,17,Male,,,
8629,,17,Female,,,
8630,,68,Female,,,
8631,,25,Female,,,
8632,,34,Male,,,
8633,,73,Female,,,
8634,,40,Female,,,
8635,,52,Female,,,
8636,,74,Male,,,
8637,,59,Female,,,
8638,,68,Male,,,
8639,,25,Female,,,
8640,,75,Male,,,
8641,,37,Male,,,
8642,,67,Male,,,
8643,,59,Female,,,
8644,,32,Female,,,
8645,,23,Female,,,
8646,,29,Female,,,
8647,,67,Female,,,
8648,,12,Male,,,
8649,,26,Female,,,
8650,,15,Male,,,
8651,,13,Female,,,
8652,,36,Female,,,
8653,,39,Female,,,
8654,,40,Female,,,
8655,,47,Female,,,
8656,,23,Female,,,
8657,,44,Female,,,
8658,,51,Female,,,
8659,,40,Female,,,
8660,,56,Female,,,
8661,,20,Female,,,
8662,,24,Male,,,
8663,,34,Male,,,
8664,,36,Female,,,
8665,,28,Female,,,
8666,,53,Female,,,
8667,,27,Female,,,
8668,,70,Male,,,
8669,,24,Female,,,
8670,,53,Female,,,
8671,,15,Female,,,
8672,,66,Female,,,
8673,,78,Female,,,
8674,,48,Female,,,
8675,,62,Female,,,
8676,,22,Male,,,
8677,,58,Female,,,
8678,,26,Female,,,
8679,,37,Male,,,
8680,,22,Female,,,
8681,,70,Female,,,
8682,,38,Female,,,
8683,,15,Female,,,
8684,,10,Female,,,
8685,,56,Male,,,
8686,,78,Female,,,
8687,,67,Female,,,
8688,,47,Female,,,
8689,,16,Female,,,
8690,,72,Male,,,
8691,,62,Male,,,
8692,,47,Male,,,
8693,,61,Male,,,
8694,,76,Male,,,
8695,,18,Female,,,
8696,,62,Male,,,
8697,,75,Female,,,
8698,,13,Male,,,
8699,,57,Male,,,
8700,,52,Female,,,
8701,,23,Female,,,
8702,,29,Female,,,
8703,,71,Female,,,
8704,,38,Male,,,
8705,,76,Male,,,
8706,,38,Female,,,
8707,,59,Male,,,
8708,,48,Female,,,
8709,,43,Female,,,
8710,,61,Female,,,
8711,,51,Female,,,
8712,,74,Female,,,
8713,,61,Female,,,
8714,,76,Female,,,
8715,,74,Female,,,
8716,,50,Male,,,
8717,,39,Male,,,
8718,,66,Female,,,
8719,,64,Male,,,
8720,,75,Female,,,
8721,,52,Female,,,
8722,,16,Female,,,
8723,,79,Female,,,
8724,,20,Female,,,
8725,,67,Male,,,
8726,,32,Male,,,
8727,,78,Female,,,
8728,,15,Male,,,
8729,,64,Female,,,
8730,,74,Male,,,
8731,,30,Male,,,
8732,,70,Female,,,
8733,,18,Female,,,
8734,,37,Female,,,
8735,,55,Male,,,
8736,,66,Female,,,
8737,,13,Male,,,
8738,,16,Male,,,
8739,,56,Female,,,
8740,,56,Male,,,
8741,,51,Female,,,
8742,,65,Female,,,
8743,,36,Female,,,
8744,,38,Female,,,
8745,,33,Female,,,
8746,,69,Female,,,
8747,,68,Male,,,
8748,,62,Female,,,
8749,,63,Female,,,
8750,,51,Female,,,
8751,,45,Female,,,
8752,,43,Male,,,
8753,,13,Female,,,
8754,,20,Female,,,
8755,,15,Female,,,
8756,,63,Male,,,
8757,,42,Female,,,
8758,,21,Female,,,
8759,,66,Female,,,
8760,,23,Male,,,
8761,,73,Female,,,
8762,,76,Male,,,
8763,,25,Female,,,
8764,,70,Male,,,
8765,,30,Female,,,
8766,,11,Female,,,
8767,,45,Female,,,
8768,,71,Female,,,
8769,,20,Female,,,
8770,,75,Female,,,
8771,,78,Female,,,
8772,,23,Female,,,
8773,,33,Female,,,
8774,,69,Female,,,
8775,,78,Male,,,
8776,,22,Male,,,
8777,,34,Male,,,
8778,,20,Female,,,
8779,,50,Male,,,
8780,,73,Male,,,
8781,,71,Male,,,
8782,,23,Female,,,
8783,,78,Female,,,
8784,,13,Male,,,
8785,,26,Male,,,
8786,,51,Male,,,
8787,,49,Female,,,
8788,,49,Female,,,
8789,,26,Female,,,
8790,,61,Female,,,
8791,,19,Female,,,
8792,,67,Female,,,
8793,,14,Male,,,
8794,,35,Female,,,
8795,,74,Male,,,
8796,,43,Female,,,
8797,,47,Female,,,
8798,,11,Female,,,
8799,,42,Male,,,
8800,,20,Female,,,
8801,,19,Male,,,
8802,,34,Female,,,
8803,,42,Female,,,
8804,,10,Male,,,
8805,,73,Male,,,
8806,,18,Female,,,
8807,,75,Female,,,
8808,,60,Male,,,
8809,,73,Female,,,
8810,,25,Female,,,
8811,,77,Female,,,
8812,,33,Female,,,
8813,,50,Female,,,
8814,,48,Male,,,
8815,,21,Male,,,
8816,,17,Female,,,
8817,,38,Male,,,
8818,,15,Female,,,
8819,,67,Male,,,
8820,,11,Female,,,
8821,,57,Male,,,
8822,,38,Male,,,
8823,,71,Male,,,
8824,,33,Female,,,
8825,,66,Male,,,
8826,,33,Male,,,
8827,,20,Female,,,
8828,,28,Female,,,
8829,,77,Female,,,
8830,,14,Female,,,
8831,,54,Female,,,
8832,,62,Female,,,
8833,,28,Male,,,
8834,,22,Female,,,
8835,,13,Female,,,
8836,,71,Male,,,
8837,,11,Female,,,
8838,,68,Female,,,
8839,,53,Female,,,
8840,,13,Male,,,
8841,,59,Female,,,
8842,,74,Female,,,
8843,,13,Female,,,
8844,,28,Female,,,
8845,,65,Male,,,
8846,,38,Female,,,
8847,,73,Male,,,
8848,,46,Female,,,
8849,,59,Female,,,
8850,,67,Female,,,
8851,,11,Female,,,
8852,,72,Male,,,
8853,,35,Male,,,
8854,,19,Male,,,
8855,,39,Female,,,
8856,,46,Male,,,
8857,,45,Female,,,
8858,,37,Male,,,
8859,,47,Male,,,
8860,,42,Female,,,
8861,,30,Female,,,
8862,,78,Male,,,
8863,,21,Female,,,
8864,,15,Female,,,
8865,,74,Male,,,
8866,,41,Female,,,
8867,,13,Female,,,
8868,,40,Female,,,
8869,,11,Female,,,
8870,,62,Female,,,
8871,,65,Female,,,
8872,,46,Male,,,
8873,,25,Female,,,
8874,,10,Female,,,
8875,,48,Female,,,
8876,,17,Female,,,
8877,,74,Female,,,
8878,,66,Female,,,
8879,,56,Female,,,
8880,,73,Female,,,
8881,,77,Female,,,
8882,,69,Male,,,
8883,,25,Female,,,
8884,,72,Male,,,
8885,,65,Female,,,
8886,,63,Female,,,
8887,,58,Female,,,
8888,,77,Female,,,
8889,,38,Female,,,
8890,,14,Female,,,
8891,,77,Female,,,
8892,,77,Female,,,
8893,,41,Male,,,
8894,,38,Female,,,
8895,,47,Female,,,
8896,,34,Female,,,
8897,,57,Female,,,
8898,,45,Female,,,
8899,,70,Female,,,
8900,,72,Female,,,
8901,,62,Female,,,
8902,,10,Male,,,
8903,,12,Male,,,
8904,,47,Female,,,
8905,,56,Female,,,
8906,,45,Female,,,
8907,,62,Female,,,
8908,,69,Female,,,
8909,,10,Female,,,
8910,,52,Male,,,
8911,,45,Male,,,
8912,,17,Female,,,
8913,,53,Female,,,
8914,,79,Male,,,
8915,,57,Male,,,
8916,,69,Female,,,
8917,,20,Female,,,
8918,,53,Female,,,
8919,,31,Male,,,
8920,,56,Female,,,
8921,,27,Female,,,
8922,,76,Female,,,
8923,,33,Male,,,
8924,,55,Female,,,
8925,,36,Female,,,
8926,,16,Female,,,
8927,,67,Female,,,
8928,,12,Female,,,
8929,,38,Male,,,
8930,,77,Female,,,
8931,,32,Male,,,
8932,,62,Male,,,
8933,,35,Female,,,
8934,,22,Female,,,
8935,,72,Female,,,
8936,,63,Male,,,
8937,,26,Female,,,
8938,,54,Female,,,
8939,,42,Female,,,
8940,,64,Female,,,
8941,,43,Female,,,
8942,,15,Male,,,
8943,,69,Male,,,
8944,,44,Female,,,
8945,,65,Male,,,
8946,,66,Female,,,
8947,,51,Female,,,
8948,,33,Male,,,
8949,,76,Male,,,
8950,,21,Female,,,
8951,,14,Male,,,
8952,,40,Female,,,
8953,,14,Female,,,
8954,,65,Female,,,
8955,,44,Female,,,
8956,,73,Female,,,
8957,,75,Female,,,
8958,,47,Male,,,
8959,,55,Male,,,
8960,,72,Female,,,
8961,,44,Female,,,
8962,,48,Female,,,
8963,,58,Male,,,
8964,,78,Female,,,
8965,,15,Male,,,
8966,,37,Female,,,
8967,,18,Female,,,
8968,,61,Female,,,
8969,,70,Female,,,
8970,,48,Female,,,
8971,,67,Male,,,
8972,,15,Male,,,
8973,,75,Female,,,
8974,,74,Female,,,
8975,,64,Female,,,
8976,,49,Female,,,
8977,,58,Female,,,
8978,,16,Male,,,
8979,,58,Female,,,
8980,,42,Female,,,
8981,,22,Female,,,
8982,,57,Male,,,
8983,,46,Male,,,
8984,,61,Female,,,
8985,,42,Female,,,
8986,,48,Female,,,
8987,,38,Male,,,
8988,,59,Female,,,
8989,,42,Female,,,
8990,,52,Female,,,
8991,,32,Male,,,
8992,,45,Female,,,
8993,,49,Female,,,
8994,,64,Male,,,
8995,,51,Female,,,
8996,,34,Female,,,
8997,,38,Male,,,
8998,,16,Female,,,
8999,,76,Female,,,
9000,,42,Female,,,
9001,,19,Male,,,
9002,,40,Female,,,
9003,,62,Female,,,
9004,,52,Male,,,
9005,,51,Female,,,
9006,,76,Male,,,
9007,,13,Female,,,
9008,,73,Female,,,
9009,,27,Female,,,
9010,,55,Female,,,
9011,,42,Male,,,
9012,,24,Male,,,
9013,,10,Male,,,
9014,,41,Female,,,
9015,,63,Male,,,
9016,,52,Male,,,
9017,,78,Female,,,
9018,,59,Female,,,
9019,,59,Female,,,
9020,,12,Male,,,
9021,,27,Male,,,
9022,,59,Female,,,
9023,,19,Female,,,
9024,,29,Male,,,
9025,,54,Male,,,
9026,,74,Male,,,
9027,,60,Male,,,
9028,,18,Female,,,
9029,,23,Female,,,
9030,,19,Male,,,
9031,,28,Female,,,
9032,,68,Female,,,
9033,,25,Male,,,
9034,,40,Female,,,
9035,,28,Female,,,
9036,,35,Female,,,
9037,,62,Male,,,
9038,,11,Female,,,
9039,,73,Male,,,
9040,,33,Female,,,
9041,,77,Female,,,
9042,,35,Female,,,
9043,,76,Male,,,
9044,,15,Female,,,
9045,,58,Male,,,
9046,,57,Female,,,
9047,,68,Female,,,
9048,,30,Male,,,
9049,,77,Male,,,
9050,,10,Female,,,
9051,,25,Female,,,
9052,,25,Female,,,
9053,,23,Female,,,
9054,,23,Male,,,
9055,,48,Female,,,
9056,,70,Female,,,
9057,,50,Male,,,
9058,,15,Female,,,
9059,,72,Female,,,
9060,,70,Female,,,
9061,,22,Male,,,
9062,,48,Female,,,
9063,,24,Male,,,
9064,,11,Female,,,
9065,,78,Female,,,
9066,,54,Female,,,
9067,,49,Female,,,
9068,,19,Male,,,
9069,,51,Female,,,
9070,,49,Female,,,
9071,,64,Female,,,
9072,,52,Female,,,
9073,,75,Female,,,
9074,,23,Female,,,
9075,,32,Male,,,
9076,,22,Female,,,
9077,,56,Male,,,
9078,,63,Female,,,
9079,,64,Male,,,
9080,,54,Female,,,
9081,,22,Male,,,
9082,,61,Female,,,
9083,,40,Male,,,
9084,,20,Male,,,
9085,,45,Female,,,
9086,,33,Female,,,
9087,,36,Male,,,
9088,,23,Male,,,
9089,,59,Male,,,
9090,,59,Male,,,
9091,,34,Female,,,
9092,,19,Female,,,
9093,,46,Female,,,
9094,,27,Male,,,
9095,,36,Female,,,
9096,,31,Female,,,
9097,,44,Male,,,
9098,,31,Female,,,
9099,,15,Female,,,
9100,,73,Female,,,
9101,,74,Female,,,
9102,,56,Female,,,
9103,,50,Male,,,
9104,,29,Male,,,
9105,,16,Female,,,
9106,,67,Male,,,
9107,,58,Female,,,
9108,,17,Male,,,
9109,,55,Male,,,
9110,,78,Female,,,
9111,,23,Female,,,
9112,,59,Male,,,
9113,,63,Female,,,
9114,,17,Male,,,
9115,,54,Male,,,
9116,,42,Male,,,
9117,,40,Female,,,
9118,,10,Female,,,
9119,,37,Female,,,
9120,,16,Male,,,
9121,,10,Female,,,
9122,,69,Male,,,
9123,,20,Female,,,
9124,,27,Female,,,
9125,,65,Male,,,
9126,,59,Female,,,
9127,,54,Male,,,
9128,,22,Male,,,
9129,,23,Male,,,
9130,,46,Female,,,
9131,,69,Female,,,
9132,,78,Male,,,
9133,,16,Female,,,
9134,,61,Female,,,
9135,,64,Female,,,
9136,,65,Male,,,
9137,,40,Male,,,
9138,,16,Female,,,
9139,,26,Female,,,
9140,,49,Female,,,
9141,,76,Male,,,
9142,,50,Female,,,
9143,,47,Female,,,
9144,,55,Male,,,
9145,,10,Female,,,
9146,,38,Male,,,
9147,,55,Female,,,
9148,,36,Female,,,
9149,,30,Female,,,
9150,,74,Male,,,
9151,,36,Female,,,
9152,,34,Female,,,
9153,,10,Female,,,
9154,,65,Female,,,
9155,,54,Male,,,
9156,,62,Male,,,
9157,,70,Male,,,
9158,,11,Female,,,
9159,,55,Female,,,
9160,,15,Female,,,
9161,,28,Male,,,
9162,,64,Female,,,
9163,,59,Female,,,
9164,,68,Female,,,
9165,,59,Female,,,
9166,,69,Female,,,
9167,,49,Female,,,
9168,,54,Male,,,
9169,,37,Female,,,
9170,,66,Male,,,
9171,,21,Male,,,
9172,,12,Male,,,
9173,,12,Female,,,
9174,,71,Male,,,
9175,,39,Female,,,
9176,,74,Female,,,
9177,,20,Female,,,
9178,,63,Male,,,
9179,,11,Male,,,
9180,,22,Female,,,
9181,,78,Male,,,
9182,,20,Male,,,
9183,,71,Female,,,
9184,,35,Female,,,
9185,,17,Female,,,
9186,,65,Female,,,
9187,,35,Female,,,
9188,,77,Female,,,
9189,,28,Female,,,
9190,,20,Male,,,
9191,,35,Male,,,
9192,,19,Female,,,
9193,,56,Male,,,
9194,,33,Female,,,
9195,,15,Female,,,
9196,,35,Female,,,
9197,,48,Female,,,
9198,,44,Male,,,
9199,,38,Male,,,
9200,,41,Female,,,
9201,,77,Female,,,
9202,,33,Male,,,
9203,,28,Female,,,
9204,,58,Female,,,
9205,,33,Male,,,
9206,,39,Male,,,
9207,,46,Female,,,
9208,,35,Female,,,
9209,,37,Female,,,
9210,,17,Male,,,
9211,,74,Female,,,
9212,,36,Female,,,
9213,,47,Female,,,
9214,,73,Female,,,
9215,,61,Female,,,
9216,,53,Female,,,
9217,,68,Male,,,
9218,,64,Male,,,
9219,,30,Female,,,
9220,,29,Female,,,
9221,,11,Female,,,
9222,,44,Female,,,
9223,,63,Female,,,
9224,,51,Male,,,
9225,,24,Female,,,
9226,,51,Male,,,
9227,,20,Male,,,
9228,,58,Female,,,
9229,,20,Female,,,
9230,,59,Male,,,
9231,,27,Female,,,
9232,,15,Female,,,
9233,,12,Female,,,
9234,,20,Female,,,
9235,,14,Female,,,
9236,,23,Female,,,
9237,,58,Female,,,
9238,,71,Female,,,
9239,,66,Female,,,
9240,,55,Female,,,
9241,,54,Male,,,
9242,,37,Female,,,
9243,,57,Female,,,
9244,,72,Female,,,
9245,,54,Male,,,
9246,,41,Male,,,
9247,,60,Female,,,
9248,,68,Female,,,
9249,,67,Female,,,
9250,,39,Female,,,
9251,,15,Male,,,
9252,,64,Female,,,
9253,,50,Female,,,
9254,,38,Male,,,
9255,,35,Female,,,
9256,,58,Male,,,
9257,,16,Female,,,
9258,,66,Female,,,
9259,,30,Male,,,
9260,,19,Female,,,
9261,,53,Female,,,
9262,,21,Male,,,
9263,,31,Female,,,
9264,,68,Male,,,
9265,,32,Female,,,
9266,,23,Male,,,
9267,,17,Male,,,
9268,,70,Female,,,
9269,,54,Male,,,
9270,,70,Male,,,
9271,,34,Female,,,
9272,,11,Male,,,
9273,,15,Female,,,
9274,,14,Female,,,
9275,,55,Male,,,
9276,,44,Female,,,
9277,,43,Male,,,
9278,,61,Male,,,
9279,,26,Female,,,
9280,,23,Male,,,
9281,,54,Male,,,
9282,,67,Female,,,
9283,,46,Male,,,
9284,,43,Female,,,
9285,,38,Female,,,
9286,,71,Male,,,
9287,,59,Male,,,
9288,,56,Male,,,
9289,,74,Female,,,
9290,,48,Male,,,
9291,,79,Female,,,
9292,,41,Female,,,
9293,,21,Female,,,
9294,,44,Female,,,
9295,,56,Male,,,
9296,,57,Female,,,
9297,,16,Male,,,
9298,,62,Female,,,
9299,,45,Female,,,
9300,,32,Female,,,
9301,,31,Other,,,
9302,,53,Male,,,
9303,,28,Female,,,
9304,,34,Female,,,
9305,,32,Other,,,
9306,,44,Male,,,
9307,,68,Male,,,
9308,,45,Female,,,
9309,,52,Other,,,
9310,,17,Female,,,
9311,,32,Male,,,
9312,,25,Other,,,
9313,,26,Female,,,
9314,,48,Female,,,
9315,,36,Other,,,
9316,,14,Male,,,
9317,,35,Other,,,
9318,,33,Male,,,
9319,,18,Other,,,
9320,,58,Male,,,
9321,,42,Other,,,
9322,,70,Female,,,
9323,,53,Other,,,
9324,,46,Male,,,
9325,,63,Female,,,
9326,,20,Female,,,
9327,,69,Male,,,
9328,,78,Other,,,
9329,,28,Male,,,
9330,,61,Other,,,
9331,,74,Male,,,
9332,,68,Other,,,
9333,,18,Male,,,
9334,,69,Female,,,
9335,,21,Female,,,
9336,,13,Male,,,
9337,,38,Female,,,
9338,,63,Male,,,
9339,,43,Male,,,
9340,,16,Female,,,
9341,,18,Male,,,
9342,,40,Male,,,
9343,,36,Female,,,
9344,,30,Female,,,
9345,,20,Female,,,
9346,,40,Female,,,
9347,,45,Female,,,
9348,,54,Male,,,
9349,,59,Female,,,
9350,,76,Female,,,
9351,,42,Female,,,
9352,,38,Female,,,
9353,,23,Male,,,
9354,,38,Female,,,
9355,,72,Female,,,
9356,,35,Male,,,
9357,,59,Female,,,
9358,,15,Male,,,
9359,,76,Female,,,
9360,,72,Female,,,
9361,,63,Female,,,
9362,,45,Female,,,
9363,,58,Female,,,
9364,,29,Male,,,
9365,,29,Female,,,
9366,,22,Female,,,
9367,,15,Female,,,
9368,,27,Male,,,
9369,,29,Male,,,
9370,,65,Female,,,
9371,,61,Female,,,
9372,,33,Female,,,
9373,,20,Female,,,
9374,,73,Female,,,
9375,,79,Male,,,
9376,,74,Female,,,
9377,,67,Female,,,
9378,,55,Female,,,
9379,,75,Female,,,
9380,,52,Female,,,
9381,,16,Female,,,
9382,,44,Female,,,
9383,,30,Male,,,
9384,,45,Female,,,
9385,,10,Female,,,
9386,,45,Female,,,
9387,,36,Male,,,
9388,,57,Male,,,
9389,,17,Male,,,
9390,,12,Female,,,
9391,,20,Female,,,
9392,,26,Female,,,
9393,,33,Male,,,
9394,,74,Female,,,
9395,,31,Female,,,
9396,,15,Male,,,
9397,,54,Male,,,
9398,,62,Male,,,
9399,,43,Female,,,
9400,,27,Female,,,
9401,,44,Male,,,
9402,,70,Female,,,
9403,,11,Male,,,
9404,,78,Female,,,
9405,,40,Female,,,
9406,,31,Female,,,
9407,,58,Male,,,
9408,,73,Male,,,
9409,,55,Female,,,
9410,,22,Male,,,
9411,,53,Female,,,
9412,,30,Female,,,
9413,,36,Female,,,
9414,,25,Female,,,
9415,,55,Female,,,
9416,,10,Female,,,
9417,,78,Female,,,
9418,,22,Male,,,
9419,,18,Female,,,
9420,,52,Female,,,
9421,,22,Female,,,
9422,,29,Female,,,
9423,,26,Male,,,
9424,,21,Female,,,
9425,,45,Female,,,
9426,,21,Female,,,
9427,,56,Female,,,
9428,,29,Female,,,
9429,,26,Female,,,
9430,,68,Female,,,
9431,,36,Female,,,
9432,,35,Male,,,
9433,,30,Male,,,
9434,,74,Female,,,
9435,,39,Female,,,
9436,,34,Male,,,
9437,,75,Male,,,
9438,,45,Female,,,
9439,,73,Female,,,
9440,,65,Female,,,
9441,,11,Female,,,
9442,,22,Female,,,
9443,,38,Male,,,
9444,,67,Male,,,
9445,,19,Female,,,
9446,,45,Female,,,
9447,,67,Female,,,
9448,,48,Male,,,
9449,,68,Female,,,
9450,,73,Male,,,
9451,,46,Female,,,
9452,,50,Female,,,
9453,,71,Male,,,
9454,,25,Female,,,
9455,,47,Male,,,
9456,,37,Male,,,
9457,,32,Female,,,
9458,,33,Female,,,
9459,,45,Male,,,
9460,,77,Female,,,
9461,,40,Male,,,
9462,,25,Female,,,
9463,,70,Male,,,
9464,,23,Female,,,
9465,,16,Female,,,
9466,,16,Female,,,
9467,,71,Male,,,
9468,,77,Female,,,
9469,,21,Female,,,
9470,,27,Female,,,
9471,,32,Male,,,
9472,,38,Male,,,
9473,,24,Male,,,
9474,,68,Male,,,
9475,,49,Female,,,
9476,,36,Male,,,
9477,,13,Female,,,
9478,,23,Female,,,
9479,,46,Male,,,
9480,,43,Female,,,
9481,,17,Female,,,
9482,,31,Female,,,
9483,,45,Female,,,
9484,,45,Female,,,
9485,,54,Male,,,
9486,,44,Female,,,
9487,,23,Female,,,
9488,,65,Female,,,
9489,,38,Female,,,
9490,,36,Female,,,
9491,,24,Female,,,
9492,,55,Male,,,
9493,,34,Male,,,
9494,,29,Male,,,
9495,,32,Male,,,
9496,,53,Female,,,
9497,,12,Female,,,
9498,,57,Female,,,
9499,,28,Female,,,
9500,,60,Female,,,
9501,,32,Male,,,
9502,,51,Female,,,
9503,,71,Male,,,
9504,,74,Female,,,
9505,,16,Female,,,
9506,,45,Male,,,
9507,,63,Female,,,
9508,,64,Male,,,
9509,,22,Male,,,
9510,,70,Female,,,
9511,,41,Female,,,
9512,,77,Female,,,
9513,,20,Female,,,
9514,,51,Male,,,
9515,,71,Male,,,
9516,,65,Female,,,
9517,,33,Male,,,
9518,,77,Female,,,
9519,,34,Male,,,
9520,,68,Female,,,
9521,,22,Female,,,
9522,,60,Female,,,
9523,,40,Female,,,
9524,,14,Female,,,
9525,,36,Female,,,
9526,,70,Female,,,
9527,,58,Female,,,
9528,,55,Female,,,
9529,,75,Male,,,
9530,,48,Female,,,
9531,,56,Female,,,
9532,,66,Male,,,
9533,,49,Female,,,
9534,,50,Female,,,
9535,,70,Male,,,
9536,,54,Female,,,
9537,,57,Female,,,
9538,,48,Female,,,
9539,,78,Male,,,
9540,,76,Male,,,
9541,,73,Male,,,
9542,,26,Female,,,
9543,,59,Female,,,
9544,,75,Male,,,
9545,,56,Male,,,
9546,,23,Male,,,
9547,,66,Female,,,
9548,,54,Female,,,
9549,,16,Female,,,
9550,,39,Female,,,
9551,,47,Female,,,
9552,,52,Female,,,
9553,,50,Female,,,
9554,,14,Female,,,
9555,,41,Female,,,
9556,,60,Female,,,
9557,,33,Female,,,
9558,,63,Male,,,
9559,,49,Male,,,
9560,,12,Female,,,
9561,,20,Female,,,
9562,,69,Female,,,
9563,,16,Male,,,
9564,,12,Female,,,
9565,,35,Male,,,
9566,,58,Female,,,
9567,,10,Female,,,
9568,,35,Female,,,
9569,,60,Female,,,
9570,,40,Female,,,
9571,,76,Female,,,
9572,,32,Male,,,
9573,,41,Female,,,
9574,,25,Male,,,
9575,,22,Male,,,
9576,,16,Female,,,
9577,,66,Female,,,
9578,,75,Female,,,
9579,,43,Female,,,
9580,,61,Female,,,
9581,,50,Female,,,
9582,,46,Male,,,
9583,,44,Female,,,
9584,,66,Female,,,
9585,,44,Female,,,
9586,,37,Male,,,
9587,,35,Male,,,
9588,,29,Female,,,
9589,,14,Female,,,
9590,,10,Male,,,
9591,,79,Female,,,
9592,,20,Female,,,
9593,,48,Male,,,
9594,,11,Female,,,
9595,,11,Female,,,
9596,,72,Female,,,
9597,,72,Male,,,
9598,,70,Male,,,
9599,,53,Male,,,
9600,,67,Male,,,
9601,,71,Male,,,
9602,,77,Male,,,
9603,,49,Male,,,
9604,,22,Female,,,
9605,,51,Female,,,
9606,,36,Female,,,
9607,,12,Female,,,
9608,,48,Female,,,
9609,,65,Female,,,
9610,,59,Female,,,
9611,,70,Female,,,
9612,,36,Female,,,
9613,,37,Female,,,
9614,,22,Male,,,
9615,,42,Male,,,
9616,,13,Female,,,
9617,,25,Female,,,
9618,,37,Female,,,
9619,,42,Female,,,
9620,,52,Male,,,
9621,,37,Female,,,
9622,,64,Male,,,
9623,,58,Female,,,
9624,,27,Female,,,
9625,,29,Female,,,
9626,,23,Female,,,
9627,,14,Female,,,
9628,,65,Female,,,
9629,,44,Female,,,
9630,,64,Male,,,
9631,,48,Female,,,
9632,,16,Female,,,
9633,,66,Female,,,
9634,,36,Female,,,
9635,,21,Male,,,
9636,,13,Male,,,
9637,,51,Female,,,
9638,,43,Male,,,
9639,,65,Male,,,
9640,,12,Female,,,
9641,,13,Female,,,
9642,,66,Female,,,
9643,,12,Female,,,
9644,,33,Male,,,
9645,,56,Female,,,
9646,,36,Female,,,
9647,,54,Female,,,
9648,,40,Male,,,
9649,,21,Female,,,
9650,,30,Male,,,
9651,,30,Female,,,
9652,,16,Male,,,
9653,,55,Male,,,
9654,,24,Female,,,
9655,,15,Female,,,
9656,,46,Male,,,
9657,,47,Male,,,
9658,,52,Male,,,
9659,,17,Female,,,
9660,,50,Female,,,
9661,,69,Male,,,
9662,,22,Female,,,
9663,,56,Female,,,
9664,,22,Female,,,
9665,,67,Female,,,
9666,,20,Female,,,
9667,,49,Female,,,
9668,,29,Male,,,
9669,,64,Female,,,
9670,,38,Female,,,
9671,,39,Male,,,
9672,,56,Male,,,
9673,,69,Female,,,
9674,,10,Female,,,
9675,,59,Female,,,
9676,,43,Female,,,
9677,,15,Male,,,
9678,,29,Male,,,
9679,,73,Male,,,
9680,,45,Female,,,
9681,,45,Female,,,
9682,,59,Female,,,
9683,,38,Female,,,
9684,,36,Female,,,
9685,,25,Male,,,
9686,,79,Female,,,
9687,,74,Male,,,
9688,,49,Female,,,
9689,,64,Female,,,
9690,,77,Female,,,
9691,,19,Female,,,
9692,,40,Female,,,
9693,,23,Male,,,
9694,,51,Female,,,
9695,,44,Female,,,
9696,,70,Female,,,
9697,,54,Male,,,
9698,,68,Female,,,
9699,,21,Male,,,
9700,,61,Male,,,
9701,,68,Female,,,
9702,,41,Female,,,
9703,,28,Male,,,
9704,,50,Male,,,
9705,,45,Male,,,
9706,,62,Female,,,
9707,,79,Female,,,
9708,,31,Female,,,
9709,,42,Female,,,
9710,,10,Female,,,
9711,,74,Male,,,
9712,,54,Female,,,
9713,,39,Female,,,
9714,,42,Female,,,
9715,,32,Male,,,
9716,,71,Female,,,
9717,,30,Female,,,
9718,,73,Female,,,
9719,,18,Female,,,
9720,,47,Male,,,
9721,,55,Female,,,
9722,,11,Female,,,
9723,,71,Male,,,
9724,,18,Female,,,
9725,,66,Male,,,
9726,,61,Female,,,
9727,,75,Male,,,
9728,,76,Male,,,
9729,,61,Female,,,
9730,,24,Female,,,
9731,,35,Female,,,
9732,,74,Male,,,
9733,,66,Female,,,
9734,,52,Male,,,
9735,,59,Female,,,
9736,,71,Female,,,
9737,,36,Male,,,
9738,,45,Male,,,
9739,,68,Female,,,
9740,,39,Female,,,
9741,,58,Female,,,
9742,,37,Female,,,
9743,,20,Female,,,
9744,,18,Female,,,
9745,,63,Male,,,
9746,,68,Female,,,
9747,,18,Female,,,
9748,,79,Female,,,
9749,,34,Female,,,
9750,,64,Female,,,
9751,,39,Female,,,
9752,,77,Female,,,
9753,,74,Female,,,
9754,,18,Female,,,
9755,,40,Female,,,
9756,,10,Male,,,
9757,,26,Female,,,
9758,,30,Female,,,
9759,,49,Male,,,
9760,,10,Female,,,
9761,,18,Female,,,
9762,,74,Female,,,
9763,,53,Female,,,
9764,,35,Male,,,
9765,,56,Female,,,
9766,,17,Male,,,
9767,,26,Male,,,
9768,,21,Male,,,
9769,,47,Female,,,
9770,,18,Female,,,
9771,,62,Female,,,
9772,,28,Male,,,
9773,,49,Female,,,
9774,,65,Female,,,
9775,,33,Male,,,
9776,,47,Female,,,
9777,,66,Female,,,
9778,,49,Female,,,
9779,,58,Male,,,
9780,,31,Female,,,
9781,,52,Female,,,
9782,,78,Female,,,
9783,,72,Female,,,
9784,,19,Male,,,
9785,,14,Female,,,
9786,,19,Male,,,
9787,,67,Female,,,
9788,,23,Female,,,
9789,,18,Female,,,
9790,,42,Female,,,
9791,,16,Female,,,
9792,,18,Female,,,
9793,,62,Female,,,
9794,,70,Female,,,
9795,,57,Male,,,
9796,,47,Female,,,
9797,,22,Female,,,
9798,,48,Male,,,
9799,,69,Female,,,
9800,,52,Female,,,
9801,,45,Female,,,
9802,,78,Female,,,
9803,,16,Male,,,
9804,,78,Female,,,
9805,,36,Male,,,
9806,,64,Female,,,
9807,,29,Female,,,
9808,,34,Female,,,
9809,,60,Female,,,
9810,,72,Male,,,
9811,,66,Female,,,
9812,,43,Female,,,
9813,,22,Female,,,
9814,,18,Female,,,
9815,,24,Female,,,
9816,,20,Female,,,
9817,,53,Male,,,
9818,,21,Female,,,
9819,,33,Female,,,
9820,,55,Female,,,
9821,,44,Female,,,
9822,,14,Female,,,
9823,,22,Male,,,
9824,,27,Female,,,
9825,,33,Female,,,
9826,,28,Female,,,
9827,,77,Male,,,
9828,,61,Female,,,
9829,,75,Female,,,
9830,,14,Female,,,
9831,,68,Male,,,
9832,,68,Male,,,
9833,,28,Female,,,
9834,,61,Male,,,
9835,,44,Female,,,
9836,,54,Female,,,
9837,,68,Female,,,
9838,,57,Male,,,
9839,,24,Female,,,
9840,,67,Female,,,
9841,,47,Female,,,
9842,,36,Female,,,
9843,,46,Female,,,
9844,,53,Female,,,
9845,,44,Male,,,
9846,,27,Male,,,
9847,,53,Male,,,
9848,,33,Male,,,
9849,,43,Female,,,
9850,,67,Female,,,
9851,,50,Female,,,
9852,,50,Male,,,
9853,,44,Female,,,
9854,,75,Female,,,
9855,,54,Male,,,
9856,,77,Female,,,
9857,,15,Female,,,
9858,,31,Female,,,
9859,,66,Female,,,
9860,,12,Female,,,
9861,,68,Female,,,
9862,,37,Male,,,
9863,,51,Female,,,
9864,,61,Female,,,
9865,,12,Female,,,
9866,,67,Female,,,
9867,,39,Female,,,
9868,,34,Female,,,
9869,,72,Female,,,
9870,,39,Female,,,
9871,,52,Female,,,
9872,,10,Female,,,
9873,,28,Female,,,
9874,,67,Male,,,
9875,,19,Female,,,
9876,,71,Male,,,
9877,,60,Female,,,
9878,,50,Female,,,
9879,,14,Male,,,
9880,,14,Female,,,
9881,,15,Male,,,
9882,,51,Female,,,
9883,,53,Female,,,
9884,,30,Female,,,
9885,,61,Female,,,
9886,,15,Female,,,
9887,,75,Male,,,
9888,,64,Male,,,
9889,,30,Female,,,
9890,,57,Female,,,
9891,,39,Female,,,
9892,,20,Female,,,
9893,,10,Male,,,
9894,,56,Female,,,
9895,,46,Female,,,
9896,,43,Female,,,
9897,,36,Female,,,
9898,,43,Female,,,
9899,,31,Male,,,
9900,,55,Female,,,
9901,,26,Female,,,
9902,,50,Female,,,
9903,,49,Male,,,
9904,,65,Male,,,
9905,,71,Female,,,
9906,,32,Male,,,
9907,,23,Female,,,
9908,,75,Female,,,
9909,,35,Male,,,
9910,,40,Male,,,
9911,,36,Female,,,
9912,,33,Female,,,
9913,,79,Male,,,
9914,,67,Male,,,
9915,,43,Female,,,
9916,,38,Male,,,
9917,,32,Male,,,
9918,,72,Female,,,
9919,,38,Male,,,
9920,,14,Female,,,
9921,,19,Male,,,
9922,,25,Female,,,
9923,,35,Female,,,
9924,,56,Male,,,
9925,,16,Male,,,
9926,,48,Female,,,
9927,,43,Female,,,
9928,,53,Male,,,
9929,,51,Female,,,
9930,,51,Female,,,
9931,,54,Female,,,
9932,,28,Female,,,
9933,,43,Female,,,
9934,,63,Male,,,
9935,,30,Male,,,
9936,,45,Male,,,
9937,,44,Female,,,
9938,,28,Female,,,
9939,,77,Female,,,
9940,,74,Female,,,
9941,,46,Male,,,
9942,,16,Female,,,
9943,,19,Female,,,
9944,,12,Female,,,
9945,,59,Male,,,
9946,,34,Female,,,
9947,,77,Female,,,
9948,,25,Male,,,
9949,,27,Female,,,
9950,,23,Female,,,
9951,,24,Male,,,
9952,,17,Male,,,
9953,,64,Female,,,
9954,,38,Female,,,
9955,,64,Male,,,
9956,,12,Female,,,
9957,,76,Female,,,
9958,,74,Female,,,
9959,,62,Female,,,
9960,,34,Female,,,
9961,,65,Female,,,
9962,,29,Female,,,
9963,,18,Male,,,
9964,,59,Female,,,
9965,,35,Male,,,
9966,,16,Female,,,
9967,,55,Male,,,
9968,,61,Male,,,
9969,,34,Female,,,
9970,,59,Male,,,
9971,,32,Female,,,
9972,,55,Female,,,
9973,,41,Female,,,
9974,,51,Male,,,
9975,,63,Male,,,
9976,,13,Male,,,
9977,,23,Male,,,
9978,,29,Male,,,
9979,,72,Female,,,
9980,,10,Female,,,
9981,,57,Male,,,
9982,,42,Female,,,
9983,,52,Female,,,
9984,,77,Male,,,
9985,,64,Female,,,
9986,,40,Male,,,
9987,,15,Female,,,
9988,,32,Female,,,
9989,,11,Male,,,
9990,,25,Male,,,
9991,,28,Female,,,
9992,,40,Female,,,
9993,,40,Female,,,
9994,,27,Female,,,
9995,,68,Male,,,
9996,,39,Female,,,
9997,,69,Female,,,
9998,,19,Female,,,
9999,,13,Female,,,
10000,,40,Female,,,
10001,,30,Male,,,
10002,,68,Female,,,
10003,,23,Female,,,
10004,,60,Female,,,
10005,,64,Female,,,
10006,,59,Female,,,
10007,,67,Male,,,
10008,,56,Male,,,
10009,,21,Female,,,
10010,,31,Female,,,
10011,,68,Female,,,
10012,,33,Male,,,
10013,,12,Female,,,
10014,,17,Female,,,
10015,,27,Male,,,
10016,,20,Male,,,
10017,,24,Male,,,
10018,,66,Female,,,
10019,,79,Male,,,
10020,,53,Female,,,
10021,,62,Female,,,
10022,,54,Female,,,
10023,,42,Female,,,
10024,,44,Female,,,
10025,,72,Male,,,
10026,,36,Male,,,
10027,,40,Female,,,
10028,,47,Female,,,
10029,,68,Female,,,
10030,,39,Female,,,
10031,,45,Female,,,
10032,,71,Male,,,
10033,,26,Male,,,
10034,,37,Female,,,
10035,,15,Female,,,
10036,,17,Female,,,
10037,,21,Male,,,
10038,,74,Female,,,
10039,,25,Male,,,
10040,,50,Female,,,
10041,,16,Female,,,
10042,,10,Female,,,
10043,,16,Female,,,
10044,,12,Female,,,
10045,,45,Female,,,
10046,,49,Female,,,
10047,,65,Female,,,
10048,,75,Female,,,
10049,,64,Female,,,
10050,,78,Female,,,
10051,,38,Female,,,
10052,,11,Male,,,
10053,,55,Female,,,
10054,,58,Male,,,
10055,,10,Female,,,
10056,,58,Male,,,
10057,,30,Female,,,
10058,,65,Female,,,
10059,,39,Female,,,
10060,,68,Male,,,
10061,,59,Male,,,
10062,,22,Female,,,
10063,,11,Male,,,
10064,,40,Male,,,
10065,,56,Male,,,
10066,,28,Male,,,
10067,,24,Female,,,
10068,,39,Female,,,
10069,,30,Female,,,
10070,,37,Female,,,
10071,,78,Female,,,
10072,,65,Male,,,
10073,,56,Female,,,
10074,,40,Female,,,
10075,,22,Male,,,
10076,,78,Female,,,
10077,,15,Female,,,
10078,,43,Female,,,
10079,,55,Female,,,
10080,,79,Male,,,
10081,,60,Male,,,
10082,,63,Male,,,
10083,,22,Female,,,
10084,,55,Female,,,
10085,,58,Male,,,
10086,,14,Female,,,
10087,,36,Female,,,
10088,,60,Male,,,
10089,,53,Female,,,
10090,,38,Female,,,
10091,,20,Male,,,
10092,,23,Female,,,
10093,,65,Male,,,
10094,,72,Male,,,
10095,,17,Female,,,
10096,,46,Female,,,
10097,,62,Female,,,
10098,,38,Female,,,
10099,,17,Female,,,
10100,,50,Male,,,
10101,,22,Female,,,
10102,,29,Female,,,
10103,,16,Female,,,
10104,,29,Male,,,
10105,,23,Male,,,
10106,,41,Female,,,
10107,,79,Female,,,
10108,,67,Female,,,
10109,,66,Female,,,
10110,,17,Male,,,
10111,,15,Male,,,
10112,,10,Female,,,
10113,,49,Male,,,
10114,,63,Male,,,
10115,,25,Female,,,
10116,,74,Male,,,
10117,,26,Female,,,
10118,,45,Female,,,
10119,,49,Male,,,
10120,,19,Female,,,
10121,,60,Female,,,
10122,,74,Female,,,
10123,,33,Female,,,
10124,,46,Female,,,
10125,,78,Male,,,
10126,,62,Male,,,
10127,,23,Male,,,
10128,,38,Male,,,
10129,,75,Male,,,
10130,,56,Male,,,
10131,,74,Male,,,
10132,,21,Male,,,
10133,,34,Female,,,
10134,,59,Female,,,
10135,,54,Male,,,
10136,,58,Female,,,
10137,,75,Male,,,
10138,,42,Male,,,
10139,,11,Male,,,
10140,,49,Female,,,
10141,,54,Female,,,
10142,,50,Male,,,
10143,,27,Female,,,
10144,,76,Male,,,
10145,,46,Female,,,
10146,,35,Male,,,
10147,,44,Male,,,
10148,,40,Female,,,
10149,,11,Male,,,
10150,,77,Male,,,
10151,,28,Male,,,
10152,,46,Female,,,
10153,,46,Male,,,
10154,,12,Male,,,
10155,,43,Female,,,
10156,,18,Female,,,
10157,,18,Female,,,
10158,,10,Female,,,
10159,,11,Female,,,
10160,,42,Female,,,
10161,,20,Female,,,
10162,,57,Female,,,
10163,,39,Male,,,
10164,,59,Female,,,
10165,,15,Female,,,
10166,,45,Female,,,
10167,,37,Male,,,
10168,,73,Male,,,
10169,,14,Female,,,
10170,,75,Female,,,
10171,,63,Male,,,
10172,,79,Male,,,
10173,,15,Female,,,
10174,,67,Female,,,
10175,,77,Male,,,
10176,,21,Female,,,
10177,,52,Female,,,
10178,,33,Female,,,
10179,,66,Female,,,
10180,,28,Female,,,
10181,,70,Female,,,
10182,,51,Female,,,
10183,,30,Male,,,
10184,,28,Female,,,
10185,,59,Male,,,
10186,,39,Male,,,
10187,,26,Female,,,
10188,,62,Female,,,
10189,,41,Female,,,
10190,,38,Female,,,
10191,,48,Female,,,
10192,,54,Female,,,
10193,,62,Female,,,
10194,,47,Female,,,
10195,,75,Male,,,
10196,,51,Female,,,
10197,,77,Male,,,
10198,,56,Female,,,
10199,,78,Male,,,
10200,,21,Male,,,
10201,,67,Female,,,
10202,,47,Female,,,
10203,,74,Male,,,
10204,,54,Female,,,
10205,,54,Male,,,
10206,,63,Male,,,
10207,,42,Female,,,
10208,,20,Female,,,
10209,,19,Male,,,
10210,,40,Female,,,
10211,,54,Female,,,
10212,,51,Female,,,
10213,,20,Female,,,
10214,,27,Female,,,
10215,,23,Female,,,
10216,,41,Female,,,
10217,,19,Female,,,
10218,,23,Female,,,
10219,,74,Male,,,
10220,,14,Male,,,
10221,,35,Female,,,
10222,,53,Male,,,
10223,,26,Female,,,
10224,,23,Male,,,
10225,,18,Male,,,
10226,,21,Male,,,
10227,,68,Male,,,
10228,,17,Female,,,
10229,,69,Male,,,
10230,,33,Female,,,
10231,,65,Female,,,
10232,,44,Female,,,
10233,,55,Female,,,
10234,,46,Female,,,
10235,,32,Female,,,
10236,,12,Female,,,
10237,,53,Male,,,
10238,,56,Female,,,
10239,,50,Male,,,
10240,,68,Male,,,
10241,,57,Female,,,
10242,,41,Female,,,
10243,,29,Female,,,
10244,,52,Female,,,
10245,,17,Male,,,
10246,,76,Female,,,
10247,,61,Female,,,
10248,,35,Female,,,
10249,,60,Male,,,
10250,,23,Male,,,
10251,,68,Female,,,
10252,,12,Female,,,
10253,,69,Female,,,
10254,,74,Female,,,
10255,,32,Male,,,
10256,,66,Male,,,
10257,,10,Female,,,
10258,,73,Female,,,
10259,,12,Female,,,
10260,,47,Male,,,
10261,,51,Male,,,
10262,,44,Female,,,
10263,,12,Female,,,
10264,,65,Male,,,
10265,,57,Female,,,
10266,,44,Female,,,
10267,,27,Female,,,
10268,,38,Male,,,
10269,,24,Female,,,
10270,,63,Female,,,
10271,,53,Male,,,
10272,,69,Female,,,
10273,,46,Female,,,
10274,,73,Female,,,
10275,,67,Male,,,
10276,,73,Male,,,
10277,,45,Female,,,
10278,,56,Female,,,
10279,,25,Male,,,
10280,,26,Male,,,
10281,,31,Female,,,
10282,,52,Male,,,
10283,,34,Female,,,
10284,,21,Female,,,
10285,,65,Male,,,
10286,,42,Female,,,
10287,,39,Female,,,
10288,,16,Male,,,
10289,,48,Female,,,
10290,,58,Male,,,
10291,,63,Female,,,
10292,,74,Male,,,
10293,,37,Female,,,
10294,,42,Female,,,
10295,,32,Female,,,
10296,,74,Male,,,
10297,,66,Male,,,
10298,,64,Male,,,
10299,,63,Male,,,
10300,,61,Female,,,
10301,,18,Female,,,
10302,,41,Female,,,
10303,,19,Female,,,
10304,,77,Female,,,
10305,,38,Female,,,
10306,,70,Female,,,
10307,,49,Female,,,
10308,,66,Female,,,
10309,,52,Male,,,
10310,,59,Female,,,
10311,,43,Male,,,
10312,,64,Male,,,
10313,,23,Male,,,
10314,,78,Female,,,
10315,,21,Female,,,
10316,,38,Male,,,
10317,,12,Female,,,
10318,,58,Female,,,
10319,,77,Female,,,
10320,,52,Female,,,
10321,,46,Male,,,
10322,,47,Female,,,
10323,,43,Female,,,
10324,,54,Female,,,
10325,,19,Female,,,
10326,,78,Female,,,
10327,,57,Female,,,
10328,,34,Male,,,
10329,,69,Male,,,
10330,,37,Female,,,
10331,,16,Female,,,
10332,,74,Male,,,
10333,,47,Female,,,
10334,,74,Male,,,
10335,,51,Female,,,
10336,,76,Female,,,
10337,,75,Female,,,
10338,,11,Male,,,
10339,,30,Female,,,
10340,,73,Female,,,
10341,,15,Male,,,
10342,,47,Male,,,
10343,,57,Female,,,
10344,,21,Female,,,
10345,,36,Female,,,
10346,,69,Male,,,
10347,,31,Female,,,
10348,,29,Female,,,
10349,,73,Male,,,
10350,,69,Female,,,
10351,,32,Female,,,
10352,,11,Male,,,
10353,,16,Female,,,
10354,,28,Female,,,
10355,,51,Female,,,
10356,,39,Male,,,
10357,,46,Male,,,
10358,,33,Female,,,
10359,,56,Female,,,
10360,,42,Female,,,
10361,,78,Female,,,
10362,,22,Female,,,
10363,,72,Female,,,
10364,,26,Female,,,
10365,,39,Female,,,
10366,,48,Female,,,
10367,,43,Female,,,
10368,,58,Male,,,
10369,,69,Female,,,
10370,,38,Male,,,
10371,,77,Female,,,
10372,,37,Female,,,
10373,,22,Female,,,
10374,,68,Female,,,
10375,,65,Female,,,
10376,,76,Female,,,
10377,,69,Female,,,
10378,,25,Female,,,
10379,,29,Female,,,
10380,,10,Female,,,
10381,,54,Female,,,
10382,,56,Male,,,
10383,,71,Female,,,
10384,,14,Male,,,
10385,,55,Male,,,
10386,,26,Female,,,
10387,,67,Female,,,
10388,,46,Male,,,
10389,,73,Male,,,
10390,,37,Female,,,
10391,,40,Female,,,
10392,,11,Female,,,
10393,,67,Female,,,
10394,,34,Female,,,
10395,,57,Male,,,
10396,,10,Female,,,
10397,,79,Male,,,
10398,,54,Female,,,
10399,,69,Female,,,
10400,,34,Female,,,
10401,,71,Female,,,
10402,,45,Male,,,
10403,,45,Female,,,
10404,,72,Female,,,
10405,,17,Female,,,
10406,,32,Female,,,
10407,,75,Male,,,
10408,,32,Female,,,
10409,,63,Female,,,
10410,,38,Female,,,
10411,,15,Male,,,
10412,,40,Female,,,
10413,,22,Male,,,
10414,,66,Male,,,
10415,,60,Female,,,
10416,,49,Female,,,
10417,,69,Female,,,
10418,,48,Female,,,
10419,,50,Female,,,
10420,,32,Female,,,
10421,,56,Male,,,
10422,,37,Female,,,
10423,,40,Male,,,
10424,,74,Female,,,
10425,,32,Male,,,
10426,,33,Female,,,
10427,,68,Female,,,
10428,,28,Female,,,
10429,,40,Female,,,
10430,,20,Female,,,
10431,,44,Female,,,
10432,,36,Female,,,
10433,,16,Female,,,
10434,,34,Female,,,
10435,,55,Male,,,
10436,,41,Female,,,
10437,,54,Male,,,
10438,,44,Male,,,
10439,,17,Female,,,
10440,,48,Male,,,
10441,,59,Female,,,
10442,,33,Female,,,
10443,,14,Female,,,
10444,,20,Female,,,
10445,,21,Female,,,
10446,,67,Female,,,
10447,,25,Male,,,
10448,,44,Female,,,
10449,,11,Male,,,
10450,,66,Male,,,
10451,,44,Male,,,
10452,,38,Female,,,
10453,,74,Male,,,
10454,,72,Male,,,
10455,,41,Female,,,
10456,,49,Female,,,
10457,,51,Female,,,
10458,,53,Female,,,
10459,,77,Female,,,
10460,,29,Male,,,
10461,,50,Female,,,
10462,,75,Female,,,
10463,,55,Female,,,
10464,,43,Female,,,
10465,,73,Female,,,
10466,,11,Male,,,
10467,,13,Male,,,
10468,,31,Female,,,
10469,,61,Female,,,
10470,,12,Male,,,
10471,,65,Female,,,
10472,,31,Female,,,
10473,,45,Male,,,
10474,,75,Male,,,
10475,,60,Female,,,
10476,,55,Female,,,
10477,,74,Male,,,
10478,,33,Female,,,
10479,,73,Female,,,
10480,,47,Female,,,
10481,,45,Male,,,
10482,,48,Male,,,
10483,,26,Female,,,
10484,,58,Female,,,
10485,,21,Female,,,
10486,,76,Female,,,
10487,,34,Female,,,
10488,,70,Male,,,
10489,,19,Male,,,
10490,,17,Male,,,
10491,,60,Male,,,
10492,,19,Male,,,
10493,,49,Male,,,
10494,,28,Female,,,
10495,,59,Female,,,
10496,,66,Female,,,
10497,,29,Female,,,
10498,,12,Female,,,
10499,,43,Male,,,
10500,,15,Male,,,
10501,,35,Female,,,
10502,,53,Female,,,
10503,,71,Male,,,
10504,,12,Female,,,
10505,,59,Female,,,
10506,,50,Male,,,
10507,,40,Female,,,
10508,,32,Female,,,
10509,,43,Male,,,
10510,,45,Female,,,
10511,,51,Female,,,
10512,,17,Male,,,
10513,,55,Female,,,
10514,,68,Female,,,
10515,,16,Male,,,
10516,,57,Male,,,
10517,,76,Female,,,
10518,,60,Female,,,
10519,,35,Female,,,
10520,,54,Female,,,
10521,,15,Male,,,
10522,,58,Male,,,
10523,,17,Female,,,
10524,,27,Female,,,
10525,,21,Female,,,
10526,,19,Male,,,
10527,,61,Male,,,
10528,,46,Male,,,
10529,,19,Female,,,
10530,,33,Male,,,
10531,,71,Female,,,
10532,,61,Female,,,
10533,,16,Female,,,
10534,,38,Female,,,
10535,,18,Female,,,
10536,,49,Male,,,
10537,,28,Male,,,
10538,,52,Female,,,
10539,,60,Female,,,
10540,,79,Male,,,
10541,,22,Female,,,
10542,,13,Female,,,
10543,,73,Female,,,
10544,,23,Female,,,
10545,,47,Female,,,
10546,,28,Female,,,
10547,,40,Female,,,
10548,,69,Female,,,
10549,,78,Female,,,
10550,,39,Male,,,
10551,,58,Female,,,
10552,,75,Male,,,
10553,,22,Female,,,
10554,,28,Male,,,
10555,,63,Male,,,
10556,,51,Female,,,
10557,,38,Male,,,
10558,,36,Female,,,
10559,,76,Male,,,
10560,,60,Female,,,
10561,,49,Male,,,
10562,,25,Female,,,
10563,,74,Female,,,
10564,,77,Female,,,
10565,,67,Female,,,
10566,,67,Female,,,
10567,,58,Female,,,
10568,,55,Female,,,
10569,,45,Female,,,
10570,,45,Male,,,
10571,,21,Male,,,
10572,,65,Male,,,
10573,,75,Female,,,
10574,,14,Male,,,
10575,,13,Male,,,
10576,,70,Male,,,
10577,,44,Male,,,
10578,,54,Female,,,
10579,,41,Female,,,
10580,,21,Female,,,
10581,,69,Female,,,
10582,,17,Male,,,
10583,,36,Female,,,
10584,,33,Male,,,
10585,,75,Male,,,
10586,,52,Female,,,
10587,,75,Female,,,
10588,,45,Female,,,
10589,,27,Female,,,
10590,,38,Female,,,
10591,,64,Male,,,
10592,,67,Female,,,
10593,,71,Female,,,
10594,,54,Female,,,
10595,,78,Female,,,
10596,,35,Male,,,
10597,,38,Male,,,
10598,,42,Female,,,
10599,,12,Female,,,
10600,,13,Male,,,
10601,,18,Female,,,
10602,,14,Female,,,
10603,,58,Female,,,
10604,,29,Female,,,
10605,,14,Male,,,
10606,,16,Female,,,
10607,,66,Male,,,
10608,,16,Female,,,
10609,,16,Female,,,
10610,,35,Male,,,
10611,,74,Male,,,
10612,,53,Male,,,
10613,,49,Female,,,
10614,,32,Male,,,
10615,,25,Female,,,
10616,,79,Male,,,
10617,,67,Female,,,
10618,,38,Female,,,
10619,,54,Female,,,
10620,,76,Female,,,
10621,,42,Female,,,
10622,,20,Male,,,
10623,,43,Female,,,
10624,,68,Female,,,
10625,,24,Female,,,
10626,,73,Female,,,
10627,,71,Male,,,
10628,,22,Male,,,
10629,,33,Female,,,
10630,,27,Female,,,
10631,,75,Female,,,
10632,,24,Female,,,
10633,,79,Female,,,
10634,,10,Female,,,
10635,,17,Male,,,
10636,,11,Female,,,
10637,,38,Female,,,
10638,,26,Female,,,
10639,,39,Female,,,
10640,,72,Male,,,
10641,,11,Female,,,
10642,,45,Female,,,
10643,,31,Female,,,
10644,,70,Female,,,
10645,,52,Female,,,
10646,,22,Male,,,
10647,,65,Male,,,
10648,,27,Female,,,
10649,,24,Female,,,
10650,,35,Female,,,
10651,,59,Female,,,
10652,,54,Male,,,
10653,,28,Male,,,
10654,,38,Female,,,
10655,,18,Female,,,
10656,,35,Male,,,
10657,,18,Female,,,
10658,,51,Female,,,
10659,,60,Female,,,
10660,,46,Female,,,
10661,,41,Female,,,
10662,,23,Female,,,
10663,,74,Male,,,
10664,,79,Male,,,
10665,,11,Female,,,
10666,,76,Female,,,
10667,,39,Female,,,
10668,,49,Female,,,
10669,,32,Female,,,
10670,,74,Female,,,
10671,,66,Female,,,
10672,,22,Female,,,
10673,,38,Female,,,
10674,,52,Female,,,
10675,,48,Female,,,
10676,,71,Female,,,
10677,,51,Male,,,
10678,,12,Female,,,
10679,,36,Female,,,
10680,,36,Male,,,
10681,,66,Male,,,
10682,,26,Female,,,
10683,,51,Male,,,
10684,,11,Female,,,
10685,,27,Female,,,
10686,,29,Female,,,
10687,,74,Male,,,
10688,,72,Female,,,
10689,,78,Female,,,
10690,,39,Female,,,
10691,,22,Male,,,
10692,,19,Male,,,
10693,,23,Female,,,
10694,,40,Male,,,
10695,,35,Male,,,
10696,,38,Female,,,
10697,,45,Female,,,
10698,,10,Female,,,
10699,,50,Female,,,
10700,,66,Male,,,
10701,,21,Female,,,
10702,,32,Female,,,
10703,,16,Male,,,
10704,,27,Female,,,
10705,,78,Male,,,
10706,,14,Female,,,
10707,,13,Female,,,
10708,,22,Female,,,
10709,,67,Male,,,
10710,,14,Female,,,
10711,,51,Female,,,
10712,,50,Male,,,
10713,,46,Female,,,
10714,,48,Male,,,
10715,,37,Female,,,
10716,,75,Female,,,
10717,,26,Female,,,
10718,,58,Female,,,
10719,,25,Female,,,
10720,,23,Female,,,
10721,,50,Female,,,
10722,,54,Male,,,
10723,,31,Female,,,
10724,,48,Female,,,
10725,,21,Male,,,
10726,,47,Male,,,
10727,,63,Female,,,
10728,,19,Female,,,
10729,,11,Female,,,
10730,,75,Female,,,
10731,,42,Female,,,
10732,,79,Female,,,
10733,,54,Female,,,
10734,,32,Female,,,
10735,,47,Female,,,
10736,,78,Male,,,
10737,,59,Female,,,
10738,,22,Female,,,
10739,,39,Female,,,
10740,,37,Female,,,
10741,,30,Female,,,
10742,,32,Female,,,
10743,,22,Male,,,
10744,,67,Female,,,
10745,,18,Male,,,
10746,,10,Female,,,
10747,,62,Female,,,
10748,,57,Female,,,
10749,,49,Male,,,
10750,,11,Female,,,
10751,,66,Male,,,
10752,,40,Female,,,
10753,,12,Male,,,
10754,,65,Female,,,
10755,,51,Female,,,
10756,,18,Female,,,
10757,,34,Female,,,
10758,,28,Female,,,
10759,,76,Male,,,
10760,,28,Female,,,
10761,,22,Female,,,
10762,,55,Male,,,
10763,,32,Female,,,
10764,,77,Female,,,
10765,,79,Female,,,
10766,,66,Female,,,
10767,,43,Female,,,
10768,,76,Male,,,
10769,,47,Female,,,
10770,,18,Female,,,
10771,,22,Male,,,
10772,,68,Male,,,
10773,,16,Female,,,
10774,,60,Female,,,
10775,,77,Male,,,
10776,,63,Female,,,
10777,,29,Male,,,
10778,,53,Female,,,
10779,,13,Female,,,
10780,,77,Female,,,
10781,,73,Female,,,
10782,,60,Male,,,
10783,,19,Male,,,
10784,,56,Female,,,
10785,,34,Female,,,
10786,,65,Female,,,
10787,,44,Female,,,
10788,,35,Female,,,
10789,,25,Male,,,
10790,,42,Female,,,
10791,,56,Female,,,
10792,,10,Male,,,
10793,,19,Female,,,
10794,,56,Female,,,
10795,,39,Male,,,
10796,,14,Female,,,
10797,,71,Male,,,
10798,,41,Female,,,
10799,,77,Male,,,
10800,,22,Female,,,
10801,,12,Female,,,
10802,,68,Male,,,
10803,,37,Female,,,
10804,,45,Female,,,
10805,,36,Female,,,
10806,,53,Female,,,
10807,,42,Female,,,
10808,,10,Male,,,
10809,,13,Male,,,
10810,,43,Male,,,
10811,,11,Male,,,
10812,,68,Female,,,
10813,,44,Female,,,
10814,,54,Female,,,
10815,,49,Female,,,
10816,,66,Female,,,
10817,,17,Female,,,
10818,,52,Female,,,
10819,,28,Female,,,
10820,,56,Female,,,
10821,,66,Female,,,
10822,,75,Female,,,
10823,,52,Male,,,
10824,,48,Female,,,
10825,,48,Female,,,
10826,,41,Female,,,
10827,,15,Male,,,
10828,,14,Female,,,
10829,,46,Female,,,
10830,,75,Male,,,
10831,,42,Female,,,
10832,,40,Male,,,
10833,,57,Female,,,
10834,,73,Female,,,
10835,,10,Female,,,
10836,,42,Female,,,
10837,,76,Female,,,
10838,,50,Female,,,
10839,,53,Female,,,
10840,,72,Female,,,
10841,,42,Female,,,
10842,,66,Male,,,
10843,,11,Female,,,
10844,,78,Female,,,
10845,,20,Male,,,
10846,,20,Female,,,
10847,,46,Female,,,
10848,,41,Female,,,
10849,,29,Female,,,
10850,,37,Female,,,
10851,,66,Female,,,
10852,,63,Female,,,
10853,,18,Male,,,
10854,,64,Male,,,
10855,,61,Female,,,
10856,,35,Female,,,
10857,,62,Female,,,
10858,,55,Male,,,
10859,,64,Female,,,
10860,,47,Female,,,
10861,,58,Female,,,
10862,,45,Female,,,
10863,,29,Female,,,
10864,,61,Male,,,
10865,,32,Female,,,
10866,,21,Male,,,
10867,,34,Male,,,
10868,,55,Female,,,
10869,,64,Female,,,
10870,,51,Male,,,
10871,,52,Female,,,
10872,,39,Female,,,
10873,,17,Female,,,
10874,,75,Male,,,
10875,,25,Male,,,
10876,,35,Female,,,
10877,,51,Female,,,
10878,,26,Female,,,
10879,,15,Female,,,
10880,,43,Female,,,
10881,,19,Male,,,
10882,,76,Female,,,
10883,,20,Female,,,
10884,,63,Male,,,
10885,,50,Female,,,
10886,,27,Female,,,
10887,,59,Female,,,
10888,,72,Male,,,
10889,,48,Female,,,
10890,,26,Male,,,
10891,,46,Male,,,
10892,,25,Male,,,
10893,,49,Female,,,
10894,,13,Female,,,
10895,,76,Female,,,
10896,,67,Male,,,
10897,,38,Male,,,
10898,,61,Female,,,
10899,,76,Male,,,
10900,,32,Female,,,
10901,,26,Female,,,
10902,,62,Female,,,
10903,,78,Female,,,
10904,,77,Male,,,
10905,,31,Female,,,
10906,,10,Male,,,
10907,,22,Female,,,
10908,,43,Female,,,
10909,,46,Female,,,
10910,,11,Male,,,
10911,,43,Female,,,
10912,,16,Male,,,
10913,,59,Female,,,
10914,,48,Female,,,
10915,,30,Male,,,
10916,,71,Female,,,
10917,,77,Female,,,
10918,,45,Male,,,
10919,,71,Male,,,
10920,,48,Female,,,
10921,,26,Male,,,
10922,,27,Female,,,
10923,,12,Female,,,
10924,,37,Male,,,
10925,,75,Female,,,
10926,,15,Male,,,
10927,,36,Male,,,
10928,,20,Male,,,
10929,,43,Female,,,
10930,,73,Female,,,
10931,,38,Female,,,
10932,,48,Male,,,
10933,,68,Male,,,
10934,,53,Female,,,
10935,,28,Female,,,
10936,,38,Female,,,
10937,,35,Female,,,
10938,,65,Female,,,
10939,,13,Female,,,
10940,,28,Male,,,
10941,,67,Male,,,
10942,,39,Male,,,
10943,,43,Female,,,
10944,,31,Male,,,
10945,,78,Female,,,
10946,,17,Female,,,
10947,,79,Female,,,
10948,,41,Male,,,
10949,,68,Female,,,
10950,,54,Male,,,
10951,,14,Female,,,
10952,,36,Female,,,
10953,,22,Male,,,
10954,,50,Male,,,
10955,,78,Female,,,
10956,,37,Female,,,
10957,,34,Male,,,
10958,,19,Female,,,
10959,,41,Female,,,
10960,,49,Female,,,
10961,,26,Male,,,
10962,,47,Female,,,
10963,,71,Female,,,
10964,,27,Male,,,
10965,,19,Female,,,
10966,,76,Female,,,
10967,,39,Female,,,
10968,,37,Female,,,
10969,,38,Female,,,
10970,,28,Female,,,
10971,,70,Female,,,
10972,,77,Female,,,
10973,,38,Female,,,
10974,,23,Female,,,
10975,,10,Female,,,
10976,,51,Male,,,
10977,,63,Male,,,
10978,,18,Female,,,
10979,,56,Male,,,
10980,,45,Male,,,
10981,,20,Female,,,
10982,,25,Male,,,
10983,,32,Male,,,
10984,,59,Female,,,
10985,,34,Female,,,
10986,,13,Female,,,
10987,,59,Male,,,
10988,,25,Female,,,
10989,,18,Female,,,
10990,,43,Male,,,
10991,,18,Female,,,
10992,,26,Male,,,
10993,,31,Male,,,
10994,,56,Female,,,
10995,,53,Female,,,
10996,,69,Female,,,
10997,,70,Female,,,
10998,,22,Female,,,
10999,,71,Male,,,
11000,,21,Female,,,
11001,,28,Female,,,
11002,,47,Female,,,
11003,,65,Female,,,
11004,,53,Female,,,
11005,,21,Female,,,
11006,,68,Male,,,
11007,,43,Male,,,
11008,,53,Female,,,
11009,,43,Female,,,
11010,,21,Female,,,
11011,,22,Female,,,
11012,,65,Female,,,
11013,,10,Female,,,
11014,,73,Female,,,
11015,,30,Female,,,
11016,,28,Female,,,
11017,,13,Male,,,
11018,,20,Male,,,
11019,,41,Male,,,
11020,,34,Male,,,
11021,,31,Male,,,
11022,,39,Female,,,
11023,,57,Female,,,
11024,,37,Female,,,
11025,,70,Male,,,
11026,,22,Female,,,
11027,,56,Female,,,
11028,,21,Female,,,
11029,,78,Female,,,
11030,,40,Female,,,
11031,,44,Female,,,
11032,,60,Female,,,
11033,,15,Male,,,
11034,,74,Female,,,
11035,,31,Female,,,
11036,,38,Female,,,
11037,,54,Female,,,
11038,,29,Male,,,
11039,,13,Female,,,
11040,,70,Male,,,
11041,,60,Male,,,
11042,,71,Female,,,
11043,,16,Male,,,
11044,,14,Male,,,
11045,,59,Female,,,
11046,,26,Female,,,
11047,,36,Female,,,
11048,,62,Male,,,
11049,,74,Female,,,
11050,,59,Female,,,
11051,,32,Female,,,
11052,,17,Female,,,
11053,,35,Male,,,
11054,,24,Female,,,
11055,,57,Female,,,
11056,,26,Male,,,
11057,,41,Female,,,
11058,,42,Female,,,
11059,,10,Female,,,
11060,,69,Female,,,
11061,,72,Female,,,
11062,,11,Female,,,
11063,,10,Female,,,
11064,,37,Male,,,
11065,,36,Female,,,
11066,,56,Male,,,
11067,,76,Male,,,
11068,,28,Male,,,
11069,,70,Female,,,
11070,,72,Female,,,
11071,,42,Male,,,
11072,,13,Male,,,
11073,,16,Female,,,
11074,,30,Female,,,
11075,,56,Male,,,
11076,,11,Male,,,
11077,,65,Female,,,
11078,,79,Male,,,
11079,,54,Male,,,
11080,,31,Female,,,
11081,,33,Female,,,
11082,,19,Male,,,
11083,,42,Male,,,
11084,,26,Male,,,
11085,,61,Female,,,
11086,,69,Male,,,
11087,,43,Female,,,
11088,,58,Male,,,
11089,,38,Female,,,
11090,,79,Male,,,
11091,,44,Female,,,
11092,,60,Female,,,
11093,,23,Male,,,
11094,,44,Male,,,
11095,,12,Female,,,
11096,,28,Female,,,
11097,,70,Female,,,
11098,,70,Female,,,
11099,,74,Female,,,
11100,,71,Male,,,
11101,,63,Male,,,
11102,,15,Female,,,
11103,,14,Female,,,
11104,,33,Female,,,
11105,,36,Female,,,
11106,,27,Female,,,
11107,,24,Female,,,
11108,,57,Female,,,
11109,,48,Female,,,
11110,,68,Female,,,
11111,,44,Female,,,
11112,,23,Male,,,
11113,,12,Male,,,
11114,,26,Female,,,
11115,,72,Female,,,
11116,,62,Female,,,
11117,,38,Male,,,
11118,,64,Male,,,
11119,,28,Female,,,
11120,,20,Male,,,
11121,,51,Female,,,
11122,,18,Male,,,
11123,,46,Male,,,
11124,,29,Female,,,
11125,,12,Male,,,
11126,,58,Male,,,
11127,,65,Female,,,
11128,,57,Male,,,
11129,,28,Female,,,
11130,,37,Female,,,
11131,,33,Female,,,
11132,,44,Male,,,
11133,,61,Female,,,
11134,,21,Male,,,
11135,,33,Male,,,
11136,,76,Female,,,
11137,,30,Male,,,
11138,,51,Female,,,
11139,,35,Male,,,
11140,,79,Female,,,
11141,,13,Female,,,
11142,,20,Male,,,
11143,,63,Male,,,
11144,,63,Female,,,
11145,,11,Female,,,
11146,,43,Female,,,
11147,,20,Male,,,
11148,,14,Male,,,
11149,,39,Female,,,
11150,,27,Female,,,
11151,,10,Female,,,
11152,,59,Female,,,
11153,,64,Female,,,
11154,,79,Male,,,
11155,,73,Female,,,
11156,,24,Female,,,
11157,,64,Male,,,
11158,,71,Female,,,
11159,,58,Female,,,
11160,,47,Female,,,
11161,,32,Female,,,
11162,,13,Female,,,
11163,,26,Female,,,
11164,,18,Male,,,
11165,,72,Female,,,
11166,,47,Female,,,
11167,,17,Female,,,
11168,,69,Female,,,
11169,,61,Female,,,
11170,,70,Female,,,
11171,,14,Female,,,
11172,,40,Female,,,
11173,,68,Male,,,
11174,,71,Female,,,
11175,,76,Female,,,
11176,,37,Male,,,
11177,,18,Female,,,
11178,,61,Female,,,
11179,,79,Male,,,
11180,,18,Female,,,
11181,,54,Female,,,
11182,,32,Female,,,
11183,,37,Male,,,
11184,,24,Male,,,
11185,,76,Female,,,
11186,,28,Female,,,
11187,,35,Female,,,
11188,,19,Female,,,
11189,,26,Female,,,
11190,,68,Female,,,
11191,,14,Female,,,
11192,,77,Male,,,
11193,,39,Female,,,
11194,,25,Female,,,
11195,,12,Female,,,
11196,,71,Female,,,
11197,,53,Female,,,
11198,,50,Male,,,
11199,,37,Female,,,
11200,,65,Female,,,
11201,,65,Female,,,
11202,,60,Female,,,
11203,,55,Female,,,
11204,,14,Male,,,
11205,,48,Female,,,
11206,,41,Male,,,
11207,,65,Male,,,
11208,,23,Female,,,
11209,,19,Female,,,
11210,,53,Female,,,
11211,,76,Female,,,
11212,,77,Male,,,
11213,,45,Male,,,
11214,,67,Female,,,
11215,,36,Female,,,
11216,,39,Male,,,
11217,,61,Female,,,
11218,,13,Female,,,
11219,,10,Female,,,
11220,,15,Female,,,
11221,,45,Female,,,
11222,,40,Female,,,
11223,,76,Female,,,
11224,,37,Male,,,
11225,,72,Male,,,
11226,,22,Male,,,
11227,,51,Female,,,
11228,,59,Female,,,
11229,,28,Male,,,
11230,,34,Female,,,
11231,,27,Female,,,
11232,,13,Female,,,
11233,,26,Male,,,
11234,,65,Female,,,
11235,,58,Female,,,
11236,,41,Female,,,
11237,,34,Female,,,
11238,,76,Female,,,
11239,,58,Female,,,
11240,,36,Male,,,
11241,,69,Female,,,
11242,,77,Male,,,
11243,,33,Male,,,
11244,,37,Female,,,
11245,,46,Female,,,
11246,,61,Female,,,
11247,,68,Female,,,
11248,,53,Female,,,
11249,,63,Female,,,
11250,,11,Female,,,
11251,,68,Female,,,
11252,,58,Female,,,
11253,,63,Male,,,
11254,,23,Male,,,
11255,,13,Female,,,
11256,,36,Male,,,
11257,,67,Male,,,
11258,,73,Female,,,
11259,,48,Male,,,
11260,,40,Female,,,
11261,,61,Male,,,
11262,,16,Female,,,
11263,,21,Male,,,
11264,,29,Female,,,
11265,,71,Male,,,
11266,,78,Female,,,
11267,,20,Female,,,
11268,,67,Male,,,
11269,,52,Male,,,
11270,,32,Male,,,
11271,,32,Male,,,
11272,,36,Male,,,
11273,,69,Female,,,
11274,,64,Female,,,
11275,,23,Male,,,
11276,,60,Female,,,
11277,,48,Female,,,
11278,,27,Female,,,
11279,,58,Female,,,
11280,,30,Female,,,
11281,,34,Female,,,
11282,,60,Female,,,
11283,,38,Female,,,
11284,,38,Female,,,
11285,,47,Female,,,
11286,,62,Female,,,
11287,,15,Male,,,
11288,,69,Female,,,
11289,,62,Female,,,
11290,,56,Female,,,
11291,,50,Female,,,
11292,,10,Male,,,
11293,,38,Male,,,
11294,,75,Female,,,
11295,,70,Male,,,
11296,,57,Female,,,
11297,,78,Female,,,
11298,,58,Male,,,
11299,,18,Male,,,
11300,,29,Female,,,
11301,,30,Male,,,
11302,,58,Female,,,
11303,,66,Female,,,
11304,,35,Female,,,
11305,,34,Male,,,
11306,,52,Female,,,
11307,,76,Male,,,
11308,,72,Female,,,
11309,,25,Male,,,
11310,,42,Female,,,
11311,,57,Male,,,
11312,,35,Female,,,
11313,,48,Male,,,
11314,,79,Female,,,
11315,,79,Female,,,
11316,,25,Male,,,
11317,,32,Male,,,
11318,,46,Female,,,
11319,,21,Female,,,
11320,,16,Male,,,
11321,,59,Female,,,
11322,,21,Female,,,
11323,,39,Female,,,
11324,,32,Female,,,
11325,,21,Female,,,
11326,,43,Female,,,
11327,,18,Female,,,
11328,,70,Female,,,
11329,,30,Female,,,
11330,,73,Female,,,
11331,,64,Male,,,
11332,,48,Male,,,
11333,,57,Female,,,
11334,,21,Female,,,
11335,,55,Male,,,
11336,,62,Female,,,
11337,,55,Male,,,
11338,,61,Female,,,
11339,,26,Female,,,
11340,,24,Male,,,
11341,,47,Female,,,
11342,,15,Female,,,
11343,,74,Female,,,
11344,,13,Female,,,
11345,,26,Female,,,
11346,,79,Female,,,
11347,,27,Male,,,
11348,,57,Female,,,
11349,,45,Female,,,
11350,,54,Female,,,
11351,,39,Female,,,
11352,,21,Female,,,
11353,,19,Female,,,
11354,,19,Female,,,
11355,,19,Female,,,
11356,,40,Female,,,
11357,,47,Female,,,
11358,,40,Female,,,
11359,,18,Female,,,
11360,,38,Male,,,
11361,,42,Female,,,
11362,,79,Female,,,
11363,,25,Male,,,
11364,,18,Male,,,
11365,,51,Female,,,
11366,,32,Female,,,
11367,,14,Female,,,
11368,,32,Female,,,
11369,,28,Female,,,
11370,,40,Female,,,
11371,,42,Male,,,
11372,,49,Female,,,
11373,,79,Male,,,
11374,,42,Female,,,
11375,,41,Male,,,
11376,,63,Female,,,
11377,,79,Female,,,
11378,,20,Female,,,
11379,,10,Female,,,
11380,,60,Female,,,
11381,,59,Female,,,
11382,,30,Male,,,
11383,,66,Male,,,
11384,,39,Female,,,
11385,,70,Female,,,
11386,,58,Male,,,
11387,,31,Female,,,
11388,,28,Female,,,
11389,,34,Male,,,
11390,,59,Male,,,
11391,,38,Female,,,
11392,,13,Female,,,
11393,,61,Male,,,
11394,,19,Female,,,
11395,,50,Female,,,
11396,,52,Male,,,
11397,,55,Female,,,
11398,,75,Female,,,
11399,,17,Female,,,
11400,,11,Female,,,
11401,,17,Female,,,
11402,,49,Male,,,
11403,,45,Female,,,
11404,,60,Female,,,
11405,,53,Female,,,
11406,,23,Male,,,
11407,,63,Female,,,
11408,,10,Female,,,
11409,,61,Female,,,
11410,,53,Male,,,
11411,,67,Female,,,
11412,,66,Female,,,
11413,,20,Female,,,
11414,,31,Male,,,
11415,,64,Male,,,
11416,,72,Female,,,
11417,,77,Male,,,
11418,,15,Female,,,
11419,,24,Male,,,
11420,,41,Female,,,
11421,,71,Female,,,
11422,,67,Female,,,
11423,,78,Female,,,
11424,,10,Male,,,
11425,,13,Male,,,
11426,,41,Female,,,
11427,,66,Female,,,
11428,,30,Female,,,
11429,,18,Female,,,
11430,,53,Female,,,
11431,,66,Female,,,
11432,,70,Female,,,
11433,,67,Male,,,
11434,,61,Female,,,
11435,,67,Male,,,
11436,,29,Male,,,
11437,,56,Male,,,
11438,,59,Female,,,
11439,,67,Female,,,
11440,,76,Male,,,
11441,,15,Male,,,
11442,,50,Male,,,
11443,,76,Female,,,
11444,,41,Female,,,
11445,,48,Female,,,
11446,,69,Female,,,
11447,,74,Male,,,
11448,,17,Male,,,
11449,,27,Male,,,
11450,,63,Female,,,
11451,,19,Male,,,
11452,,43,Female,,,
11453,,43,Female,,,
11454,,50,Male,,,
11455,,16,Female,,,
11456,,17,Female,,,
11457,,17,Female,,,
11458,,23,Male,,,
11459,,54,Female,,,
11460,,22,Male,,,
11461,,14,Male,,,
11462,,29,Female,,,
11463,,61,Female,,,
11464,,74,Female,,,
11465,,16,Female,,,
11466,,21,Male,,,
11467,,24,Female,,,
11468,,27,Female,,,
11469,,54,Female,,,
11470,,61,Female,,,
11471,,32,Male,,,
11472,,19,Female,,,
11473,,20,Female,,,
11474,,20,Female,,,
11475,,59,Male,,,
11476,,59,Male,,,
11477,,58,Female,,,
11478,,27,Male,,,
11479,,79,Female,,,
11480,,33,Female,,,
11481,,61,Female,,,
11482,,73,Male,,,
11483,,72,Female,,,
11484,,26,Female,,,
11485,,20,Female,,,
11486,,13,Female,,,
11487,,65,Female,,,
11488,,30,Female,,,
11489,,24,Male,,,
11490,,57,Male,,,
11491,,68,Female,,,
11492,,17,Female,,,
11493,,64,Female,,,
11494,,56,Female,,,
11495,,29,Female,,,
11496,,20,Male,,,
11497,,63,Female,,,
11498,,36,Female,,,
11499,,46,Female,,,
11500,,55,Male,,,
11501,,23,Female,,,
11502,,25,Male,,,
11503,,17,Male,,,
11504,,42,Female,,,
11505,,34,Female,,,
11506,,13,Male,,,
11507,,64,Female,,,
11508,,20,Male,,,
11509,,28,Male,,,
11510,,21,Male,,,
11511,,30,Female,,,
11512,,60,Female,,,
11513,,64,Female,,,
11514,,36,Female,,,
11515,,34,Female,,,
11516,,63,Male,,,
11517,,47,Female,,,
11518,,79,Female,,,
11519,,50,Male,,,
11520,,10,Female,,,
11521,,33,Female,,,
11522,,16,Male,,,
11523,,79,Female,,,
11524,,35,Female,,,
11525,,34,Male,,,
11526,,72,Male,,,
11527,,55,Female,,,
11528,,27,Female,,,
11529,,78,Female,,,
11530,,47,Female,,,
11531,,74,Female,,,
11532,,41,Male,,,
11533,,44,Female,,,
11534,,17,Male,,,
11535,,43,Female,,,
11536,,33,Male,,,
11537,,77,Female,,,
11538,,13,Female,,,
11539,,12,Male,,,
11540,,44,Female,,,
11541,,24,Male,,,
11542,,11,Male,,,
11543,,51,Female,,,
11544,,79,Female,,,
11545,,69,Male,,,
11546,,35,Female,,,
11547,,52,Male,,,
11548,,27,Male,,,
11549,,52,Female,,,
11550,,48,Female,,,
11551,,77,Female,,,
11552,,19,Female,,,
11553,,27,Female,,,
11554,,19,Female,,,
11555,,28,Female,,,
11556,,43,Male,,,
11557,,15,Male,,,
11558,,71,Female,,,
11559,,72,Female,,,
11560,,65,Female,,,
11561,,73,Male,,,
11562,,42,Female,,,
11563,,31,Female,,,
11564,,38,Male,,,
11565,,78,Male,,,
11566,,71,Male,,,
11567,,37,Male,,,
11568,,61,Male,,,
11569,,64,Female,,,
11570,,30,Female,,,
11571,,33,Female,,,
11572,,28,Female,,,
11573,,70,Female,,,
11574,,44,Male,,,
11575,,34,Female,,,
11576,,25,Female,,,
11577,,29,Female,,,
11578,,72,Female,,,
11579,,51,Female,,,
11580,,53,Male,,,
11581,,54,Female,,,
11582,,73,Male,,,
11583,,61,Female,,,
11584,,35,Male,,,
11585,,59,Female,,,
11586,,29,Female,,,
11587,,75,Male,,,
11588,,15,Male,,,
11589,,34,Female,,,
11590,,42,Female,,,
11591,,64,Male,,,
11592,,71,Female,,,
11593,,11,Male,,,
11594,,79,Female,,,
11595,,54,Female,,,
11596,,34,Female,,,
11597,,66,Female,,,
11598,,33,Female,,,
11599,,59,Male,,,
11600,,42,Female,,,
11601,,62,Male,,,
11602,,68,Male,,,
11603,,38,Female,,,
11604,,37,Female,,,
11605,,77,Female,,,
11606,,17,Male,,,
11607,,66,Male,,,
11608,,71,Male,,,
11609,,25,Female,,,
11610,,17,Female,,,
11611,,66,Male,,,
11612,,32,Male,,,
11613,,18,Male,,,
11614,,51,Female,,,
11615,,36,Female,,,
11616,,13,Female,,,
11617,,37,Male,,,
11618,,16,Female,,,
11619,,78,Female,,,
11620,,47,Female,,,
11621,,39,Female,,,
11622,,29,Female,,,
11623,,20,Female,,,
11624,,33,Male,,,
11625,,14,Female,,,
11626,,17,Female,,,
11627,,78,Female,,,
11628,,63,Female,,,
11629,,65,Male,,,
11630,,27,Female,,,
11631,,18,Female,,,
11632,,43,Female,,,
11633,,25,Female,,,
11634,,42,Female,,,
11635,,23,Female,,,
11636,,44,Male,,,
11637,,56,Female,,,
11638,,71,Male,,,
11639,,18,Male,,,
11640,,37,Male,,,
11641,,69,Female,,,
11642,,17,Male,,,
11643,,30,Female,,,
11644,,37,Female,,,
11645,,40,Male,,,
11646,,41,Female,,,
11647,,14,Female,,,
11648,,12,Male,,,
11649,,14,Female,,,
11650,,11,Female,,,
11651,,22,Male,,,
11652,,75,Female,,,
11653,,60,Female,,,
11654,,60,Male,,,
11655,,44,Male,,,
11656,,62,Female,,,
11657,,56,Female,,,
11658,,57,Male,,,
11659,,44,Female,,,
11660,,30,Female,,,
11661,,32,Female,,,
11662,,58,Female,,,
11663,,68,Female,,,
11664,,48,Female,,,
11665,,46,Male,,,
11666,,70,Female,,,
11667,,61,Female,,,
11668,,69,Female,,,
11669,,57,Female,,,
11670,,39,Male,,,
11671,,20,Female,,,
11672,,78,Female,,,
11673,,15,Female,,,
11674,,69,Female,,,
11675,,13,Male,,,
11676,,62,Male,,,
11677,,34,Female,,,
11678,,56,Male,,,
11679,,78,Male,,,
11680,,63,Male,,,
11681,,42,Female,,,
11682,,62,Male,,,
11683,,51,Female,,,
11684,,34,Female,,,
11685,,32,Female,,,
11686,,46,Female,,,
11687,,25,Female,,,
11688,,45,Female,,,
11689,,12,Female,,,
11690,,14,Male,,,
11691,,31,Female,,,
11692,,10,Female,,,
11693,,69,Female,,,
11694,,32,Female,,,
11695,,10,Male,,,
11696,,49,Male,,,
11697,,25,Male,,,
11698,,74,Female,,,
11699,,21,Male,,,
11700,,72,Female,,,
11701,,19,Female,,,
11702,,53,Male,,,
11703,,17,Female,,,
11704,,71,Female,,,
11705,,57,Female,,,
11706,,24,Female,,,
11707,,28,Male,,,
11708,,48,Female,,,
11709,,41,Female,,,
11710,,38,Male,,,
11711,,27,Female,,,
11712,,67,Male,,,
11713,,41,Female,,,
11714,,62,Male,,,
11715,,65,Male,,,
11716,,33,Female,,,
11717,,56,Male,,,
11718,,58,Female,,,
11719,,39,Female,,,
11720,,50,Male,,,
11721,,72,Female,,,
11722,,66,Male,,,
11723,,48,Female,,,
11724,,16,Female,,,
11725,,26,Female,,,
11726,,27,Male,,,
11727,,18,Female,,,
11728,,47,Female,,,
11729,,49,Female,,,
11730,,44,Male,,,
11731,,43,Female,,,
11732,,40,Female,,,
11733,,17,Female,,,
11734,,59,Female,,,
11735,,30,Male,,,
11736,,13,Male,,,
11737,,24,Female,,,
11738,,63,Male,,,
11739,,19,Male,,,
11740,,71,Female,,,
11741,,40,Female,,,
11742,,22,Female,,,
11743,,42,Female,,,
11744,,62,Female,,,
11745,,79,Female,,,
11746,,76,Female,,,
11747,,14,Female,,,
11748,,45,Female,,,
11749,,15,Male,,,
11750,,38,Female,,,
11751,,76,Female,,,
11752,,19,Female,,,
11753,,24,Female,,,
11754,,25,Female,,,
11755,,31,Female,,,
11756,,67,Female,,,
11757,,41,Male,,,
11758,,75,Female,,,
11759,,33,Female,,,
11760,,41,Male,,,
11761,,56,Male,,,
11762,,61,Female,,,
11763,,60,Female,,,
11764,,16,Female,,,
11765,,60,Female,,,
11766,,63,Female,,,
11767,,30,Female,,,
11768,,33,Female,,,
11769,,61,Male,,,
11770,,58,Male,,,
11771,,18,Female,,,
11772,,12,Male,,,
11773,,25,Female,,,
11774,,66,Female,,,
11775,,28,Female,,,
11776,,65,Female,,,
11777,,28,Female,,,
11778,,61,Female,,,
11779,,42,Male,,,
11780,,44,Male,,,
11781,,13,Male,,,
11782,,17,Male,,,
11783,,73,Male,,,
11784,,56,Female,,,
11785,,36,Female,,,
11786,,50,Female,,,
11787,,14,Male,,,
11788,,12,Male,,,
11789,,27,Female,,,
11790,,16,Male,,,
11791,,27,Female,,,
11792,,64,Female,,,
11793,,41,Female,,,
11794,,75,Female,,,
11795,,10,Male,,,
11796,,33,Male,,,
11797,,62,Male,,,
11798,,13,Female,,,
11799,,76,Male,,,
11800,,50,Female,,,
11801,,14,Male,,,
11802,,64,Male,,,
11803,,49,Female,,,
11804,,50,Female,,,
11805,,63,Female,,,
11806,,30,Male,,,
11807,,17,Male,,,
11808,,11,Female,,,
11809,,29,Male,,,
11810,,59,Female,,,
11811,,73,Female,,,
11812,,69,Male,,,
11813,,31,Male,,,
11814,,29,Female,,,
11815,,19,Female,,,
11816,,78,Female,,,
11817,,62,Female,,,
11818,,28,Female,,,
11819,,18,Male,,,
11820,,47,Female,,,
11821,,11,Female,,,
11822,,62,Female,,,
11823,,20,Female,,,
11824,,74,Female,,,
11825,,65,Female,,,
11826,,61,Female,,,
11827,,54,Female,,,
11828,,42,Male,,,
11829,,18,Female,,,
11830,,45,Female,,,
11831,,47,Male,,,
11832,,76,Female,,,
11833,,23,Female,,,
11834,,63,Female,,,
11835,,45,Female,,,
11836,,28,Female,,,
11837,,17,Female,,,
11838,,36,Female,,,
11839,,33,Female,,,
11840,,24,Male,,,
11841,,64,Female,,,
11842,,13,Male,,,
11843,,64,Female,,,
11844,,74,Female,,,
11845,,11,Male,,,
11846,,28,Female,,,
11847,,67,Female,,,
11848,,79,Female,,,
11849,,65,Female,,,
11850,,78,Male,,,
11851,,78,Female,,,
11852,,10,Female,,,
11853,,51,Male,,,
11854,,56,Female,,,
11855,,16,Female,,,
11856,,44,Female,,,
11857,,10,Male,,,
11858,,75,Female,,,
11859,,33,Female,,,
11860,,49,Female,,,
11861,,40,Male,,,
11862,,73,Female,,,
11863,,54,Male,,,
11864,,26,Female,,,
11865,,44,Female,,,
11866,,12,Female,,,
11867,,11,Female,,,
11868,,19,Male,,,
11869,,45,Female,,,
11870,,53,Male,,,
11871,,50,Female,,,
11872,,10,Male,,,
11873,,19,Female,,,
11874,,30,Male,,,
11875,,70,Female,,,
11876,,53,Female,,,
11877,,62,Female,,,
11878,,36,Male,,,
11879,,27,Female,,,
11880,,59,Female,,,
11881,,38,Male,,,
11882,,43,Female,,,
11883,,29,Female,,,
11884,,34,Female,,,
11885,,67,Male,,,
11886,,16,Female,,,
11887,,29,Female,,,
11888,,55,Female,,,
11889,,16,Female,,,
11890,,22,Female,,,
11891,,64,Male,,,
11892,,19,Female,,,
11893,,79,Female,,,
11894,,35,Female,,,
11895,,56,Male,,,
11896,,19,Female,,,
11897,,29,Male,,,
11898,,48,Female,,,
11899,,54,Male,,,
11900,,37,Male,,,
11901,,74,Female,,,
11902,,24,Female,,,
11903,,57,Male,,,
11904,,18,Male,,,
11905,,58,Female,,,
11906,,71,Female,,,
11907,,65,Female,,,
11908,,17,Female,,,
11909,,52,Female,,,
11910,,78,Male,,,
11911,,36,Female,,,
11912,,73,Female,,,
11913,,46,Male,,,
11914,,50,Female,,,
11915,,68,Female,,,
11916,,21,Female,,,
11917,,43,Female,,,
11918,,37,Female,,,
11919,,24,Female,,,
11920,,55,Male,,,
11921,,31,Female,,,
11922,,39,Male,,,
11923,,11,Male,,,
11924,,20,Female,,,
11925,,22,Female,,,
11926,,48,Male,,,
11927,,52,Female,,,
11928,,37,Female,,,
11929,,42,Female,,,
11930,,15,Female,,,
11931,,40,Female,,,
11932,,69,Female,,,
11933,,75,Female,,,
11934,,43,Female,,,
11935,,61,Female,,,
11936,,71,Male,,,
11937,,59,Male,,,
11938,,15,Female,,,
11939,,14,Female,,,
11940,,55,Female,,,
11941,,42,Female,,,
11942,,27,Female,,,
11943,,34,Male,,,
11944,,71,Female,,,
11945,,10,Female,,,
11946,,54,Female,,,
11947,,53,Female,,,
11948,,10,Female,,,
11949,,43,Female,,,
11950,,58,Male,,,
11951,,46,Female,,,
11952,,77,Male,,,
11953,,22,Male,,,
11954,,24,Female,,,
11955,,66,Female,,,
11956,,74,Female,,,
11957,,33,Male,,,
11958,,23,Female,,,
11959,,69,Male,,,
11960,,49,Male,,,
11961,,30,Female,,,
11962,,76,Male,,,
11963,,28,Female,,,
11964,,68,Female,,,
11965,,41,Female,,,
11966,,17,Female,,,
11967,,56,Female,,,
11968,,18,Female,,,
11969,,46,Female,,,
11970,,67,Female,,,
11971,,16,Female,,,
11972,,32,Male,,,
11973,,75,Female,,,
11974,,72,Female,,,
11975,,65,Female,,,
11976,,52,Female,,,
11977,,20,Female,,,
11978,,18,Female,,,
11979,,24,Male,,,
11980,,72,Male,,,
11981,,13,Male,,,
11982,,22,Female,,,
11983,,48,Female,,,
11984,,31,Female,,,
11985,,35,Male,,,
11986,,70,Female,,,
11987,,13,Female,,,
11988,,69,Female,,,
11989,,59,Female,,,
11990,,40,Female,,,
11991,,76,Female,,,
11992,,74,Female,,,
11993,,12,Female,,,
11994,,33,Female,,,
11995,,29,Male,,,
11996,,28,Female,,,
11997,,59,Female,,,
11998,,59,Female,,,
11999,,71,Female,,,
12000,,75,Male,,,
12001,,34,Female,,,
12002,,69,Female,,,
12003,,75,Female,,,
12004,,32,Female,,,
12005,,18,Female,,,
12006,,60,Female,,,
12007,,19,Male,,,
12008,,77,Male,,,
12009,,49,Female,,,
12010,,42,Female,,,
12011,,31,Male,,,
12012,,76,Male,,,
12013,,79,Female,,,
12014,,40,Female,,,
12015,,61,Female,,,
12016,,19,Female,,,
12017,,70,Female,,,
12018,,69,Female,,,
12019,,58,Female,,,
12020,,72,Female,,,
12021,,19,Female,,,
12022,,17,Male,,,
12023,,74,Male,,,
12024,,45,Female,,,
12025,,68,Male,,,
12026,,66,Female,,,
12027,,19,Male,,,
12028,,71,Female,,,
12029,,34,Male,,,
12030,,42,Male,,,
12031,,49,Female,,,
12032,,51,Female,,,
12033,,30,Female,,,
12034,,61,Female,,,
12035,,41,Female,,,
12036,,60,Female,,,
12037,,50,Female,,,
12038,,25,Female,,,
12039,,53,Female,,,
12040,,66,Female,,,
12041,,22,Female,,,
12042,,45,Female,,,
12043,,61,Female,,,
12044,,50,Female,,,
12045,,13,Male,,,
12046,,32,Female,,,
12047,,58,Female,,,
12048,,46,Female,,,
12049,,24,Female,,,
12050,,21,Female,,,
12051,,34,Female,,,
12052,,51,Male,,,
12053,,12,Female,,,
12054,,41,Male,,,
12055,,75,Female,,,
12056,,21,Male,,,
12057,,16,Male,,,
12058,,64,Female,,,
12059,,79,Female,,,
12060,,41,Female,,,
12061,,52,Female,,,
12062,,20,Female,,,
12063,,49,Female,,,
12064,,66,Male,,,
12065,,31,Female,,,
12066,,15,Female,,,
12067,,11,Female,,,
12068,,50,Female,,,
12069,,32,Male,,,
12070,,45,Female,,,
12071,,77,Female,,,
12072,,47,Female,,,
12073,,63,Female,,,
12074,,34,Male,,,
12075,,61,Female,,,
12076,,75,Male,,,
12077,,57,Female,,,
12078,,34,Female,,,
12079,,60,Male,,,
12080,,27,Female,,,
12081,,40,Female,,,
12082,,27,Male,,,
12083,,35,Female,,,
12084,,54,Female,,,
12085,,22,Female,,,
12086,,56,Male,,,
12087,,24,Male,,,
12088,,75,Female,,,
12089,,38,Female,,,
12090,,40,Female,,,
12091,,28,Male,,,
12092,,63,Female,,,
12093,,38,Female,,,
12094,,79,Male,,,
12095,,33,Female,,,
12096,,54,Female,,,
12097,,46,Male,,,
12098,,16,Female,,,
12099,,23,Male,,,
12100,,21,Male,,,
12101,,40,Male,,,
12102,,64,Female,,,
12103,,74,Female,,,
12104,,49,Male,,,
12105,,41,Female,,,
12106,,69,Female,,,
12107,,52,Male,,,
12108,,46,Male,,,
12109,,27,Female,,,
12110,,60,Female,,,
12111,,65,Female,,,
12112,,11,Male,,,
12113,,30,Female,,,
12114,,22,Female,,,
12115,,26,Female,,,
12116,,39,Male,,,
12117,,30,Male,,,
12118,,15,Female,,,
12119,,40,Female,,,
12120,,70,Male,,,
12121,,56,Female,,,
12122,,37,Female,,,
12123,,42,Female,,,
12124,,12,Male,,,
12125,,40,Female,,,
12126,,53,Female,,,
12127,,10,Female,,,
12128,,19,Female,,,
12129,,15,Female,,,
12130,,29,Female,,,
12131,,66,Female,,,
12132,,72,Male,,,
12133,,17,Female,,,
12134,,32,Female,,,
12135,,40,Male,,,
12136,,62,Female,,,
12137,,25,Female,,,
12138,,29,Female,,,
12139,,43,Male,,,
12140,,15,Female,,,
12141,,61,Female,,,
12142,,48,Female,,,
12143,,16,Male,,,
12144,,49,Female,,,
12145,,58,Male,,,
12146,,36,Female,,,
12147,,14,Female,,,
12148,,15,Male,,,
12149,,33,Female,,,
12150,,61,Female,,,
12151,,45,Male,,,
12152,,10,Female,,,
12153,,21,Male,,,
12154,,66,Female,,,
12155,,57,Female,,,
12156,,64,Female,,,
12157,,10,Female,,,
12158,,32,Male,,,
12159,,28,Female,,,
12160,,27,Female,,,
12161,,40,Female,,,
12162,,47,Male,,,
12163,,18,Male,,,
12164,,11,Female,,,
12165,,22,Female,,,
12166,,70,Female,,,
12167,,51,Female,,,
12168,,62,Female,,,
12169,,66,Male,,,
12170,,15,Female,,,
12171,,43,Female,,,
12172,,12,Male,,,
12173,,49,Female,,,
12174,,30,Male,,,
12175,,79,Male,,,
12176,,35,Female,,,
12177,,50,Female,,,
12178,,41,Female,,,
12179,,58,Female,,,
12180,,50,Female,,,
12181,,38,Male,,,
12182,,67,Female,,,
12183,,76,Female,,,
12184,,26,Female,,,
12185,,17,Female,,,
12186,,60,Female,,,
12187,,25,Female,,,
12188,,75,Male,,,
12189,,54,Female,,,
12190,,71,Male,,,
12191,,39,Female,,,
12192,,64,Male,,,
12193,,43,Male,,,
12194,,29,Female,,,
12195,,58,Female,,,
12196,,77,Male,,,
12197,,25,Male,,,
12198,,47,Male,,,
12199,,65,Male,,,
12200,,39,Male,,,
12201,,46,Female,,,
12202,,19,Female,,,
12203,,12,Female,,,
12204,,78,Female,,,
12205,,22,Female,,,
12206,,11,Female,,,
12207,,27,Female,,,
12208,,62,Female,,,
12209,,62,Female,,,
12210,,29,Female,,,
12211,,71,Male,,,
12212,,17,Male,,,
12213,,76,Female,,,
12214,,45,Female,,,
12215,,12,Male,,,
12216,,43,Female,,,
12217,,64,Female,,,
12218,,43,Male,,,
12219,,39,Female,,,
12220,,50,Female,,,
12221,,66,Male,,,
12222,,20,Male,,,
12223,,54,Female,,,
12224,,50,Female,,,
12225,,76,Female,,,
12226,,15,Female,,,
12227,,15,Male,,,
12228,,20,Female,,,
12229,,63,Female,,,
12230,,16,Male,,,
12231,,40,Female,,,
12232,,77,Male,,,
12233,,53,Female,,,
12234,,41,Female,,,
12235,,26,Male,,,
12236,,54,Male,,,
12237,,62,Female,,,
12238,,63,Female,,,
12239,,47,Female,,,
12240,,61,Male,,,
12241,,76,Male,,,
12242,,30,Female,,,
12243,,37,Female,,,
12244,,54,Male,,,
12245,,26,Male,,,
12246,,56,Male,,,
12247,,17,Female,,,
12248,,31,Female,,,
12249,,12,Female,,,
12250,,73,Male,,,
12251,,61,Female,,,
12252,,22,Female,,,
12253,,42,Female,,,
12254,,48,Female,,,
12255,,32,Female,,,
12256,,28,Male,,,
12257,,30,Female,,,
12258,,77,Female,,,
12259,,44,Female,,,
12260,,35,Female,,,
12261,,66,Male,,,
12262,,34,Male,,,
12263,,39,Female,,,
12264,,25,Female,,,
12265,,71,Female,,,
12266,,36,Female,,,
12267,,66,Female,,,
12268,,75,Male,,,
12269,,43,Female,,,
12270,,38,Male,,,
12271,,40,Female,,,
12272,,36,Female,,,
12273,,23,Female,,,
12274,,56,Female,,,
12275,,21,Female,,,
12276,,48,Male,,,
12277,,43,Male,,,
12278,,67,Female,,,
12279,,68,Female,,,
12280,,59,Female,,,
12281,,31,Female,,,
12282,,79,Female,,,
12283,,36,Female,,,
12284,,13,Male,,,
12285,,74,Female,,,
12286,,47,Female,,,
12287,,60,Female,,,
12288,,76,Female,,,
12289,,78,Female,,,
12290,,74,Female,,,
12291,,19,Female,,,
12292,,25,Female,,,
12293,,54,Male,,,
12294,,25,Female,,,
12295,,45,Male,,,
12296,,34,Female,,,
12297,,74,Female,,,
12298,,77,Female,,,
12299,,60,Male,,,
12300,,26,Female,,,
12301,,41,Male,,,
12302,,69,Male,,,
12303,,56,Female,,,
12304,,48,Male,,,
12305,,18,Female,,,
12306,,13,Female,,,
12307,,76,Female,,,
12308,,39,Male,,,
12309,,21,Female,,,
12310,,28,Female,,,
12311,,34,Female,,,
12312,,19,Female,,,
12313,,78,Male,,,
12314,,40,Female,,,
12315,,46,Male,,,
12316,,13,Female,,,
12317,,41,Female,,,
12318,,35,Female,,,
12319,,65,Male,,,
12320,,71,Female,,,
12321,,68,Male,,,
12322,,61,Male,,,
12323,,31,Male,,,
12324,,15,Female,,,
12325,,57,Female,,,
12326,,73,Female,,,
12327,,38,Female,,,
12328,,67,Female,,,
12329,,38,Female,,,
12330,,63,Female,,,
12331,,35,Male,,,
12332,,31,Male,,,
12333,,64,Male,,,
12334,,68,Male,,,
12335,,54,Male,,,
12336,,61,Female,,,
12337,,53,Female,,,
12338,,76,Male,,,
12339,,59,Female,,,
12340,,33,Female,,,
12341,,72,Male,,,
12342,,14,Female,,,
12343,,75,Female,,,
12344,,51,Female,,,
12345,,11,Male,,,
12346,,53,Male,,,
12347,,13,Male,,,
12348,,74,Female,,,
12349,,39,Female,,,
12350,,53,Female,,,
12351,,23,Female,,,
12352,,32,Female,,,
12353,,17,Male,,,
12354,,41,Female,,,
12355,,32,Female,,,
12356,,21,Male,,,
12357,,63,Female,,,
12358,,14,Male,,,
12359,,22,Female,,,
12360,,60,Male,,,
12361,,78,Female,,,
12362,,54,Male,,,
12363,,37,Female,,,
12364,,26,Male,,,
12365,,52,Male,,,
12366,,67,Male,,,
12367,,26,Male,,,
12368,,34,Male,,,
12369,,29,Male,,,
12370,,42,Female,,,
12371,,33,Male,,,
12372,,76,Female,,,
12373,,25,Female,,,
12374,,60,Male,,,
12375,,64,Female,,,
12376,,16,Female,,,
12377,,45,Female,,,
12378,,58,Female,,,
12379,,64,Female,,,
12380,,25,Female,,,
12381,,51,Female,,,
12382,,38,Male,,,
12383,,41,Female,,,
12384,,25,Female,,,
12385,,64,Male,,,
12386,,68,Female,,,
12387,,26,Female,,,
12388,,55,Female,,,
12389,,10,Female,,,
12390,,24,Female,,,
12391,,16,Female,,,
12392,,30,Female,,,
12393,,37,Female,,,
12394,,50,Female,,,
12395,,74,Female,,,
12396,,38,Male,,,
12397,,36,Male,,,
12398,,77,Female,,,
12399,,41,Female,,,
12400,,59,Female,,,
12401,,39,Female,,,
12402,,44,Female,,,
12403,,37,Female,,,
12404,,45,Female,,,
12405,,60,Male,,,
12406,,38,Female,,,
12407,,47,Female,,,
12408,,65,Female,,,
12409,,18,Female,,,
12410,,77,Male,,,
12411,,67,Female,,,
12412,,54,Female,,,
12413,,17,Male,,,
12414,,70,Female,,,
12415,,39,Female,,,
12416,,10,Female,,,
12417,,39,Male,,,
12418,,73,Female,,,
12419,,27,Female,,,
12420,,64,Female,,,
12421,,63,Male,,,
12422,,15,Female,,,
12423,,36,Male,,,
12424,,64,Female,,,
12425,,48,Female,,,
12426,,38,Female,,,
12427,,23,Female,,,
12428,,60,Male,,,
12429,,53,Female,,,
12430,,51,Female,,,
12431,,19,Female,,,
12432,,63,Female,,,
12433,,42,Male,,,
12434,,61,Male,,,
12435,,77,Female,,,
12436,,32,Male,,,
12437,,56,Male,,,
12438,,49,Female,,,
12439,,68,Female,,,
12440,,47,Female,,,
12441,,14,Male,,,
12442,,71,Female,,,
12443,,12,Female,,,
12444,,36,Female,,,
12445,,57,Female,,,
12446,,11,Male,,,
12447,,65,Female,,,
12448,,18,Female,,,
12449,,58,Female,,,
12450,,35,Female,,,
12451,,59,Female,,,
12452,,70,Female,,,
12453,,31,Female,,,
12454,,46,Male,,,
12455,,63,Female,,,
12456,,54,Female,,,
12457,,76,Female,,,
12458,,45,Female,,,
12459,,14,Male,,,
12460,,29,Female,,,
12461,,36,Female,,,
12462,,64,Female,,,
12463,,17,Female,,,
12464,,23,Male,,,
12465,,50,Female,,,
12466,,42,Female,,,
12467,,55,Male,,,
12468,,76,Female,,,
12469,,65,Female,,,
12470,,56,Female,,,
12471,,31,Female,,,
12472,,68,Male,,,
12473,,50,Female,,,
12474,,31,Male,,,
12475,,17,Male,,,
12476,,17,Female,,,
12477,,71,Male,,,
12478,,40,Female,,,
12479,,61,Male,,,
12480,,20,Female,,,
12481,,10,Female,,,
12482,,22,Female,,,
12483,,65,Female,,,
12484,,12,Female,,,
12485,,58,Male,,,
12486,,66,Female,,,
12487,,51,Male,,,
12488,,34,Male,,,
12489,,79,Female,,,
12490,,44,Female,,,
12491,,27,Female,,,
12492,,73,Female,,,
12493,,51,Female,,,
12494,,44,Female,,,
12495,,44,Female,,,
12496,,65,Male,,,
12497,,25,Female,,,
12498,,75,Female,,,
12499,,45,Male,,,
12500,,50,Female,,,
12501,,25,Female,,,
12502,,13,Female,,,
12503,,62,Female,,,
12504,,65,Female,,,
12505,,74,Female,,,
12506,,43,Male,,,
12507,,52,Female,,,
12508,,65,Male,,,
12509,,78,Female,,,
12510,,44,Female,,,
12511,,17,Female,,,
12512,,37,Female,,,
12513,,36,Female,,,
12514,,44,Female,,,
12515,,28,Male,,,
12516,,69,Male,,,
12517,,19,Female,,,
12518,,51,Male,,,
12519,,65,Female,,,
12520,,50,Female,,,
12521,,78,Female,,,
12522,,52,Female,,,
12523,,79,Female,,,
12524,,62,Female,,,
12525,,46,Female,,,
12526,,68,Male,,,
12527,,44,Male,,,
12528,,26,Female,,,
12529,,38,Female,,,
12530,,16,Female,,,
12531,,16,Male,,,
12532,,24,Male,,,
12533,,40,Female,,,
12534,,77,Female,,,
12535,,55,Female,,,
12536,,63,Male,,,
12537,,62,Female,,,
12538,,36,Female,,,
12539,,29,Female,,,
12540,,58,Male,,,
12541,,71,Female,,,
12542,,73,Female,,,
12543,,21,Female,,,
12544,,11,Female,,,
12545,,22,Female,,,
12546,,53,Female,,,
12547,,52,Female,,,
12548,,79,Male,,,
12549,,72,Female,,,
12550,,28,Female,,,
12551,,65,Female,,,
12552,,63,Male,,,
12553,,25,Female,,,
12554,,41,Female,,,
12555,,44,Female,,,
12556,,12,Male,,,
12557,,49,Male,,,
12558,,71,Male,,,
12559,,54,Female,,,
12560,,70,Female,,,
12561,,55,Female,,,
12562,,14,Female,,,
12563,,60,Male,,,
12564,,78,Female,,,
12565,,30,Female,,,
12566,,47,Female,,,
12567,,47,Female,,,
12568,,75,Female,,,
12569,,14,Female,,,
12570,,69,Female,,,
12571,,54,Female,,,
12572,,57,Female,,,
12573,,28,Male,,,
12574,,32,Male,,,
12575,,45,Female,,,
12576,,46,Female,,,
12577,,51,Female,,,
12578,,69,Female,,,
12579,,44,Female,,,
12580,,14,Female,,,
12581,,64,Male,,,
12582,,37,Female,,,
12583,,36,Male,,,
12584,,74,Female,,,
12585,,56,Female,,,
12586,,55,Female,,,
12587,,23,Female,,,
12588,,61,Female,,,
12589,,25,Female,,,
12590,,48,Female,,,
12591,,39,Female,,,
12592,,17,Male,,,
12593,,60,Female,,,
12594,,27,Female,,,
12595,,40,Male,,,
12596,,56,Female,,,
12597,,61,Female,,,
12598,,46,Male,,,
12599,,70,Male,,,
12600,,30,Female,,,
12601,,70,Male,,,
12602,,28,Male,,,
12603,,14,Female,,,
12604,,17,Male,,,
12605,,49,Female,,,
12606,,20,Female,,,
12607,,59,Male,,,
12608,,50,Male,,,
12609,,56,Female,,,
12610,,20,Male,,,
12611,,54,Male,,,
12612,,10,Female,,,
12613,,20,Female,,,
12614,,57,Female,,,
12615,,18,Female,,,
12616,,54,Female,,,
12617,,11,Female,,,
12618,,67,Female,,,
12619,,30,Male,,,
12620,,74,Male,,,
12621,,74,Male,,,
12622,,78,Female,,,
12623,,22,Male,,,
12624,,74,Male,,,
12625,,72,Female,,,
12626,,69,Male,,,
12627,,66,Female,,,
12628,,49,Female,,,
12629,,14,Female,,,
12630,,59,Female,,,
12631,,26,Male,,,
12632,,16,Male,,,
12633,,49,Female,,,
12634,,65,Female,,,
12635,,64,Male,,,
12636,,35,Female,,,
12637,,25,Female,,,
12638,,17,Female,,,
12639,,53,Male,,,
12640,,35,Female,,,
12641,,41,Female,,,
12642,,38,Male,,,
12643,,59,Male,,,
12644,,77,Female,,,
12645,,69,Female,,,
12646,,76,Female,,,
12647,,25,Female,,,
12648,,36,Female,,,
12649,,53,Female,,,
12650,,42,Male,,,
12651,,21,Female,,,
12652,,32,Female,,,
12653,,10,Female,,,
12654,,27,Male,,,
12655,,13,Female,,,
12656,,51,Female,,,
12657,,12,Female,,,
12658,,31,Male,,,
12659,,29,Female,,,
12660,,78,Female,,,
12661,,61,Male,,,
12662,,78,Male,,,
12663,,42,Male,,,
12664,,19,Male,,,
12665,,33,Male,,,
12666,,36,Female,,,
12667,,78,Female,,,
12668,,40,Female,,,
12669,,24,Female,,,
12670,,65,Female,,,
12671,,55,Female,,,
12672,,24,Female,,,
12673,,10,Female,,,
12674,,15,Female,,,
12675,,33,Female,,,
12676,,69,Female,,,
12677,,63,Male,,,
12678,,75,Male,,,
12679,,33,Male,,,
12680,,74,Female,,,
12681,,75,Male,,,
12682,,57,Female,,,
12683,,30,Female,,,
12684,,34,Female,,,
12685,,24,Male,,,
12686,,28,Female,,,
12687,,12,Female,,,
12688,,71,Female,,,
12689,,45,Female,,,
12690,,50,Female,,,
12691,,49,Female,,,
12692,,19,Male,,,
12693,,53,Female,,,
12694,,77,Female,,,
12695,,39,Male,,,
12696,,63,Female,,,
12697,,71,Female,,,
12698,,27,Female,,,
12699,,12,Female,,,
12700,,42,Female,,,
12701,,59,Female,,,
12702,,67,Male,,,
12703,,77,Male,,,
12704,,43,Female,,,
12705,,57,Female,,,
12706,,71,Female,,,
12707,,73,Female,,,
12708,,23,Female,,,
12709,,68,Female,,,
12710,,55,Female,,,
12711,,37,Male,,,
12712,,76,Female,,,
12713,,75,Female,,,
12714,,45,Female,,,
12715,,37,Male,,,
12716,,39,Female,,,
12717,,24,Male,,,
12718,,66,Female,,,
12719,,14,Female,,,
12720,,68,Female,,,
12721,,27,Female,,,
12722,,74,Male,,,
12723,,19,Female,,,
12724,,73,Female,,,
12725,,71,Male,,,
12726,,45,Male,,,
12727,,21,Female,,,
12728,,34,Female,,,
12729,,74,Female,,,
12730,,63,Female,,,
12731,,10,Female,,,
12732,,74,Female,,,
12733,,48,Female,,,
12734,,44,Female,,,
12735,,34,Female,,,
12736,,14,Male,,,
12737,,34,Female,,,
12738,,39,Female,,,
12739,,73,Female,,,
12740,,42,Female,,,
12741,,39,Female,,,
12742,,37,Female,,,
12743,,48,Male,,,
12744,,33,Female,,,
12745,,44,Female,,,
12746,,74,Female,,,
12747,,73,Female,,,
12748,,17,Female,,,
12749,,58,Male,,,
12750,,31,Female,,,
12751,,14,Female,,,
12752,,17,Male,,,
12753,,32,Female,,,
12754,,55,Female,,,
12755,,46,Female,,,
12756,,59,Female,,,
12757,,78,Female,,,
12758,,28,Male,,,
12759,,43,Female,,,
12760,,34,Male,,,
12761,,16,Female,,,
12762,,62,Male,,,
12763,,67,Female,,,
12764,,46,Male,,,
12765,,29,Female,,,
12766,,24,Female,,,
12767,,24,Female,,,
12768,,45,Female,,,
12769,,40,Male,,,
12770,,62,Female,,,
12771,,61,Female,,,
12772,,17,Male,,,
12773,,27,Female,,,
12774,,54,Female,,,
12775,,46,Female,,,
12776,,44,Female,,,
12777,,23,Male,,,
12778,,17,Male,,,
12779,,37,Male,,,
12780,,61,Female,,,
12781,,67,Female,,,
12782,,22,Female,,,
12783,,16,Female,,,
12784,,46,Male,,,
12785,,54,Female,,,
12786,,26,Male,,,
12787,,65,Male,,,
12788,,64,Female,,,
12789,,47,Female,,,
12790,,32,Male,,,
12791,,37,Female,,,
12792,,34,Female,,,
12793,,55,Male,,,
12794,,72,Female,,,
12795,,28,Female,,,
12796,,42,Male,,,
12797,,25,Male,,,
12798,,59,Female,,,
12799,,65,Female,,,
12800,,70,Female,,,
12801,,49,Female,,,
12802,,24,Female,,,
12803,,18,Female,,,
12804,,25,Female,,,
12805,,77,Male,,,
12806,,31,Female,,,
12807,,53,Female,,,
12808,,41,Male,,,
12809,,44,Female,,,
12810,,77,Female,,,
12811,,17,Female,,,
12812,,42,Male,,,
12813,,14,Female,,,
12814,,31,Male,,,
12815,,41,Female,,,
12816,,68,Male,,,
12817,,50,Female,,,
12818,,64,Female,,,
12819,,74,Female,,,
12820,,60,Male,,,
12821,,33,Female,,,
12822,,77,Male,,,
12823,,24,Male,,,
12824,,66,Male,,,
12825,,16,Female,,,
12826,,20,Female,,,
12827,,37,Female,,,
12828,,50,Female,,,
12829,,75,Male,,,
12830,,26,Female,,,
12831,,53,Female,,,
12832,,64,Female,,,
12833,,60,Male,,,
12834,,53,Male,,,
12835,,77,Female,,,
12836,,23,Female,,,
12837,,38,Male,,,
12838,,58,Female,,,
12839,,39,Female,,,
12840,,22,Female,,,
12841,,73,Male,,,
12842,,46,Female,,,
12843,,60,Male,,,
12844,,12,Female,,,
12845,,33,Female,,,
12846,,53,Male,,,
12847,,42,Female,,,
12848,,52,Female,,,
12849,,69,Female,,,
12850,,67,Male,,,
12851,,76,Male,,,
12852,,45,Female,,,
12853,,26,Female,,,
12854,,47,Female,,,
12855,,14,Male,,,
12856,,24,Female,,,
12857,,25,Female,,,
12858,,62,Female,,,
12859,,47,Female,,,
12860,,23,Female,,,
12861,,56,Male,,,
12862,,59,Male,,,
12863,,55,Female,,,
12864,,14,Female,,,
12865,,62,Female,,,
12866,,18,Male,,,
12867,,39,Female,,,
12868,,77,Female,,,
12869,,60,Female,,,
12870,,59,Female,,,
12871,,74,Female,,,
12872,,24,Female,,,
12873,,24,Female,,,
12874,,20,Female,,,
12875,,28,Female,,,
12876,,24,Female,,,
12877,,10,Female,,,
12878,,31,Female,,,
12879,,71,Female,,,
12880,,45,Female,,,
12881,,32,Male,,,
12882,,14,Female,,,
12883,,46,Female,,,
12884,,74,Female,,,
12885,,68,Male,,,
12886,,69,Male,,,
12887,,37,Female,,,
12888,,57,Male,,,
12889,,69,Female,,,
12890,,35,Female,,,
12891,,27,Female,,,
12892,,21,Female,,,
12893,,55,Female,,,
12894,,24,Female,,,
12895,,52,Male,,,
12896,,16,Male,,,
12897,,44,Female,,,
12898,,61,Female,,,
12899,,34,Female,,,
12900,,44,Male,,,
12901,,77,Male,,,
12902,,41,Female,,,
12903,,64,Female,,,
12904,,33,Female,,,
12905,,47,Male,,,
12906,,63,Female,,,
12907,,25,Female,,,
12908,,41,Female,,,
12909,,59,Female,,,
12910,,62,Female,,,
12911,,48,Female,,,
12912,,75,Male,,,
12913,,13,Male,,,
12914,,25,Male,,,
12915,,52,Male,,,
12916,,36,Female,,,
12917,,57,Male,,,
12918,,18,Female,,,
12919,,47,Male,,,
12920,,25,Female,,,
12921,,60,Male,,,
12922,,46,Female,,,
12923,,65,Female,,,
12924,,19,Female,,,
12925,,33,Female,,,
12926,,11,Male,,,
12927,,26,Female,,,
12928,,35,Female,,,
12929,,21,Male,,,
12930,,49,Female,,,
12931,,56,Female,,,
12932,,34,Male,,,
12933,,46,Male,,,
12934,,38,Male,,,
12935,,28,Female,,,
12936,,40,Female,,,
12937,,25,Male,,,
12938,,30,Female,,,
12939,,33,Female,,,
12940,,42,Male,,,
12941,,40,Female,,,
12942,,16,Male,,,
12943,,23,Male,,,
12944,,66,Male,,,
12945,,48,Male,,,
12946,,23,Female,,,
12947,,63,Female,,,
12948,,11,Male,,,
12949,,27,Female,,,
12950,,33,Female,,,
12951,,34,Female,,,
12952,,22,Female,,,
12953,,62,Female,,,
12954,,75,Female,,,
12955,,66,Female,,,
12956,,23,Female,,,
12957,,13,Male,,,
12958,,14,Male,,,
12959,,16,Female,,,
12960,,59,Female,,,
12961,,60,Male,,,
12962,,60,Female,,,
12963,,38,Male,,,
12964,,34,Female,,,
12965,,40,Female,,,
12966,,54,Male,,,
12967,,74,Male,,,
12968,,31,Male,,,
12969,,29,Female,,,
12970,,58,Female,,,
12971,,41,Male,,,
12972,,75,Male,,,
12973,,23,Female,,,
12974,,23,Male,,,
12975,,40,Female,,,
12976,,73,Female,,,
12977,,46,Male,,,
12978,,53,Male,,,
12979,,13,Female,,,
12980,,70,Male,,,
12981,,56,Female,,,
12982,,56,Female,,,
12983,,60,Female,,,
12984,,45,Female,,,
12985,,32,Female,,,
12986,,12,Female,,,
12987,,52,Female,,,
12988,,66,Male,,,
12989,,49,Female,,,
12990,,20,Female,,,
12991,,72,Female,,,
12992,,21,Male,,,
12993,,22,Female,,,
12994,,72,Female,,,
12995,,25,Female,,,
12996,,46,Male,,,
12997,,52,Female,,,
12998,,19,Female,,,
12999,,11,Female,,,
13000,,18,Male,,,
13001,,66,Male,,,
13002,,62,Female,,,
13003,,69,Male,,,
13004,,77,Male,,,
13005,,51,Male,,,
13006,,48,Female,,,
13007,,17,Female,,,
13008,,36,Female,,,
13009,,33,Female,,,
13010,,78,Female,,,
13011,,62,Male,,,
13012,,56,Female,,,
13013,,45,Female,,,
13014,,45,Female,,,
13015,,22,Male,,,
13016,,55,Male,,,
13017,,22,Female,,,
13018,,61,Female,,,
13019,,27,Female,,,
13020,,69,Female,,,
13021,,38,Male,,,
13022,,26,Female,,,
13023,,67,Female,,,
13024,,30,Female,,,
13025,,45,Male,,,
13026,,59,Female,,,
13027,,48,Female,,,
13028,,22,Female,,,
13029,,60,Male,,,
13030,,31,Female,,,
13031,,23,Male,,,
13032,,75,Male,,,
13033,,40,Female,,,
13034,,38,Female,,,
13035,,51,Female,,,
13036,,70,Female,,,
13037,,73,Female,,,
13038,,25,Female,,,
13039,,71,Female,,,
13040,,62,Female,,,
13041,,67,Male,,,
13042,,38,Female,,,
13043,,41,Male,,,
13044,,12,Female,,,
13045,,12,Female,,,
13046,,69,Male,,,
13047,,50,Female,,,
13048,,32,Male,,,
13049,,50,Female,,,
13050,,27,Female,,,
13051,,76,Male,,,
13052,,65,Female,,,
13053,,42,Male,,,
13054,,63,Female,,,
13055,,25,Female,,,
13056,,67,Female,,,
13057,,44,Male,,,
13058,,29,Female,,,
13059,,51,Female,,,
13060,,49,Female,,,
13061,,48,Female,,,
13062,,56,Male,,,
13063,,48,Female,,,
13064,,17,Male,,,
13065,,36,Male,,,
13066,,47,Female,,,
13067,,22,Female,,,
13068,,23,Female,,,
13069,,56,Female,,,
13070,,53,Male,,,
13071,,25,Female,,,
13072,,22,Female,,,
13073,,14,Male,,,
13074,,27,Female,,,
13075,,79,Female,,,
13076,,42,Female,,,
13077,,29,Female,,,
13078,,47,Female,,,
13079,,52,Female,,,
13080,,18,Male,,,
13081,,52,Male,,,
13082,,22,Male,,,
13083,,15,Female,,,
13084,,70,Female,,,
13085,,13,Female,,,
13086,,52,Female,,,
13087,,43,Male,,,
13088,,34,Female,,,
13089,,55,Male,,,
13090,,78,Female,,,
13091,,68,Female,,,
13092,,62,Female,,,
13093,,25,Female,,,
13094,,68,Female,,,
13095,,41,Female,,,
13096,,44,Male,,,
13097,,41,Male,,,
13098,,38,Female,,,
13099,,15,Male,,,
13100,,76,Female,,,
13101,,74,Male,,,
13102,,50,Male,,,
13103,,35,Female,,,
13104,,22,Male,,,
13105,,65,Female,,,
13106,,39,Female,,,
13107,,22,Male,,,
13108,,76,Male,,,
13109,,28,Female,,,
13110,,79,Female,,,
13111,,50,Female,,,
13112,,31,Male,,,
13113,,54,Female,,,
13114,,37,Female,,,
13115,,16,Male,,,
13116,,28,Female,,,
13117,,26,Male,,,
13118,,65,Female,,,
13119,,16,Female,,,
13120,,24,Male,,,
13121,,70,Female,,,
13122,,59,Male,,,
13123,,53,Female,,,
13124,,17,Female,,,
13125,,17,Female,,,
13126,,20,Male,,,
13127,,51,Female,,,
13128,,22,Female,,,
13129,,73,Male,,,
13130,,51,Male,,,
13131,,21,Female,,,
13132,,43,Female,,,
13133,,56,Female,,,
13134,,31,Female,,,
13135,,74,Female,,,
13136,,66,Male,,,
13137,,77,Male,,,
13138,,53,Female,,,
13139,,52,Male,,,
13140,,29,Female,,,
13141,,67,Female,,,
13142,,58,Female,,,
13143,,34,Male,,,
13144,,28,Male,,,
13145,,59,Female,,,
13146,,40,Female,,,
13147,,37,Female,,,
13148,,20,Male,,,
13149,,51,Male,,,
13150,,78,Female,,,
13151,,12,Female,,,
13152,,33,Female,,,
13153,,50,Male,,,
13154,,51,Male,,,
13155,,64,Female,,,
13156,,41,Female,,,
13157,,43,Female,,,
13158,,45,Female,,,
13159,,24,Female,,,
13160,,27,Female,,,
13161,,29,Male,,,
13162,,13,Female,,,
13163,,36,Female,,,
13164,,56,Female,,,
13165,,76,Female,,,
13166,,61,Female,,,
13167,,15,Male,,,
13168,,75,Male,,,
13169,,29,Male,,,
13170,,53,Female,,,
13171,,64,Female,,,
13172,,33,Female,,,
13173,,66,Female,,,
13174,,20,Male,,,
13175,,27,Female,,,
13176,,53,Female,,,
13177,,11,Male,,,
13178,,38,Male,,,
13179,,23,Female,,,
13180,,32,Female,,,
13181,,70,Female,,,
13182,,63,Female,,,
13183,,67,Female,,,
13184,,58,Female,,,
13185,,75,Male,,,
13186,,78,Female,,,
13187,,45,Female,,,
13188,,78,Female,,,
13189,,23,Female,,,
13190,,38,Female,,,
13191,,14,Male,,,
13192,,27,Male,,,
13193,,23,Female,,,
13194,,73,Female,,,
13195,,73,Male,,,
13196,,15,Female,,,
13197,,15,Female,,,
13198,,67,Female,,,
13199,,69,Male,,,
13200,,71,Male,,,
13201,,43,Male,,,
13202,,76,Female,,,
13203,,50,Female,,,
13204,,51,Female,,,
13205,,34,Female,,,
13206,,71,Male,,,
13207,,19,Male,,,
13208,,35,Female,,,
13209,,48,Female,,,
13210,,26,Male,,,
13211,,28,Female,,,
13212,,48,Female,,,
13213,,12,Male,,,
13214,,49,Female,,,
13215,,71,Female,,,
13216,,34,Female,,,
13217,,69,Female,,,
13218,,24,Male,,,
13219,,60,Female,,,
13220,,57,Female,,,
13221,,59,Female,,,
13222,,65,Female,,,
13223,,18,Male,,,
13224,,49,Female,,,
13225,,15,Female,,,
13226,,21,Female,,,
13227,,51,Male,,,
13228,,25,Male,,,
13229,,53,Male,,,
13230,,41,Male,,,
13231,,63,Male,,,
13232,,50,Female,,,
13233,,67,Female,,,
13234,,24,Female,,,
13235,,39,Male,,,
13236,,45,Female,,,
13237,,44,Female,,,
13238,,35,Male,,,
13239,,21,Male,,,
13240,,29,Female,,,
13241,,27,Male,,,
13242,,42,Male,,,
13243,,27,Female,,,
13244,,74,Female,,,
13245,,25,Female,,,
13246,,45,Female,,,
13247,,52,Female,,,
13248,,31,Female,,,
13249,,10,Female,,,
13250,,20,Male,,,
13251,,48,Female,,,
13252,,24,Male,,,
13253,,71,Female,,,
13254,,13,Female,,,
13255,,53,Male,,,
13256,,50,Male,,,
13257,,65,Female,,,
13258,,41,Female,,,
13259,,39,Male,,,
13260,,13,Female,,,
13261,,29,Female,,,
13262,,67,Female,,,
13263,,47,Female,,,
13264,,17,Female,,,
13265,,38,Male,,,
13266,,68,Female,,,
13267,,28,Male,,,
13268,,56,Male,,,
13269,,65,Female,,,
13270,,70,Female,,,
13271,,32,Female,,,
13272,,79,Female,,,
13273,,25,Male,,,
13274,,32,Female,,,
13275,,49,Female,,,
13276,,62,Female,,,
13277,,44,Male,,,
13278,,44,Male,,,
13279,,59,Female,,,
13280,,53,Female,,,
13281,,31,Female,,,
13282,,11,Male,,,
13283,,57,Male,,,
13284,,38,Male,,,
13285,,19,Female,,,
13286,,48,Female,,,
13287,,12,Female,,,
13288,,11,Female,,,
13289,,33,Female,,,
13290,,60,Male,,,
13291,,78,Female,,,
13292,,73,Female,,,
13293,,72,Male,,,
13294,,43,Female,,,
13295,,47,Female,,,
13296,,18,Male,,,
13297,,79,Female,,,
13298,,58,Male,,,
13299,,77,Female,,,
13300,,11,Male,,,
13301,,24,Male,,,
13302,,10,Male,,,
13303,,11,Female,,,
13304,,50,Female,,,
13305,,14,Female,,,
13306,,13,Female,,,
13307,,75,Male,,,
13308,,41,Male,,,
13309,,79,Female,,,
13310,,62,Female,,,
13311,,62,Male,,,
13312,,25,Female,,,
13313,,76,Female,,,
13314,,12,Male,,,
13315,,50,Female,,,
13316,,70,Female,,,
13317,,68,Male,,,
13318,,50,Female,,,
13319,,16,Male,,,
13320,,29,Female,,,
13321,,21,Female,,,
13322,,39,Female,,,
13323,,10,Male,,,
13324,,47,Female,,,
13325,,53,Female,,,
13326,,46,Male,,,
13327,,10,Female,,,
13328,,63,Female,,,
13329,,47,Male,,,
13330,,73,Female,,,
13331,,33,Male,,,
13332,,25,Male,,,
13333,,73,Male,,,
13334,,21,Female,,,
13335,,32,Male,,,
13336,,17,Female,,,
13337,,25,Female,,,
13338,,73,Female,,,
13339,,52,Female,,,
13340,,69,Male,,,
13341,,70,Male,,,
13342,,23,Female,,,
13343,,60,Male,,,
13344,,17,Female,,,
13345,,69,Male,,,
13346,,38,Female,,,
13347,,62,Female,,,
13348,,38,Male,,,
13349,,18,Female,,,
13350,,49,Female,,,
13351,,33,Male,,,
13352,,51,Female,,,
13353,,79,Female,,,
13354,,19,Female,,,
13355,,35,Male,,,
13356,,27,Female,,,
13357,,55,Female,,,
13358,,52,Male,,,
13359,,27,Female,,,
13360,,29,Female,,,
13361,,10,Male,,,
13362,,75,Female,,,
13363,,68,Male,,,
13364,,78,Female,,,
13365,,66,Female,,,
13366,,42,Female,,,
13367,,34,Male,,,
13368,,40,Female,,,
13369,,24,Male,,,
13370,,30,Female,,,
13371,,63,Female,,,
13372,,63,Male,,,
13373,,35,Female,,,
13374,,23,Male,,,
13375,,66,Female,,,
13376,,39,Female,,,
13377,,18,Male,,,
13378,,16,Male,,,
13379,,64,Female,,,
13380,,63,Female,,,
13381,,63,Male,,,
13382,,70,Male,,,
13383,,29,Female,,,
13384,,25,Female,,,
13385,,40,Female,,,
13386,,69,Male,,,
13387,,24,Female,,,
13388,,68,Female,,,
13389,,48,Female,,,
13390,,25,Male,,,
13391,,52,Female,,,
13392,,18,Female,,,
13393,,69,Female,,,
13394,,29,Female,,,
13395,,17,Male,,,
13396,,60,Male,,,
13397,,62,Female,,,
13398,,24,Female,,,
13399,,35,Female,,,
13400,,46,Female,,,
13401,,37,Female,,,
13402,,46,Male,,,
13403,,79,Male,,,
13404,,56,Female,,,
13405,,64,Female,,,
13406,,18,Female,,,
13407,,68,Female,,,
13408,,68,Male,,,
13409,,12,Female,,,
13410,,70,Female,,,
13411,,38,Female,,,
13412,,59,Female,,,
13413,,53,Male,,,
13414,,23,Female,,,
13415,,62,Female,,,
13416,,21,Male,,,
13417,,34,Female,,,
13418,,47,Male,,,
13419,,46,Female,,,
13420,,40,Female,,,
13421,,66,Male,,,
13422,,18,Female,,,
13423,,14,Female,,,
13424,,36,Female,,,
13425,,14,Male,,,
13426,,30,Male,,,
13427,,71,Female,,,
13428,,60,Female,,,
13429,,29,Female,,,
13430,,73,Female,,,
13431,,52,Male,,,
13432,,27,Female,,,
13433,,39,Female,,,
13434,,66,Female,,,
13435,,30,Male,,,
13436,,29,Female,,,
13437,,16,Female,,,
13438,,16,Female,,,
13439,,78,Female,,,
13440,,19,Female,,,
13441,,49,Female,,,
13442,,15,Female,,,
13443,,31,Male,,,
13444,,46,Male,,,
13445,,34,Female,,,
13446,,68,Female,,,
13447,,61,Female,,,
13448,,56,Female,,,
13449,,26,Female,,,
13450,,55,Female,,,
13451,,21,Female,,,
13452,,17,Female,,,
13453,,77,Female,,,
13454,,79,Male,,,
13455,,76,Female,,,
13456,,11,Female,,,
13457,,18,Female,,,
13458,,15,Male,,,
13459,,26,Male,,,
13460,,57,Male,,,
13461,,24,Male,,,
13462,,14,Female,,,
13463,,28,Female,,,
13464,,61,Female,,,
13465,,66,Female,,,
13466,,77,Female,,,
13467,,27,Female,,,
13468,,28,Female,,,
13469,,69,Female,,,
13470,,60,Male,,,
13471,,29,Female,,,
13472,,14,Female,,,
13473,,16,Male,,,
13474,,35,Male,,,
13475,,56,Female,,,
13476,,23,Female,,,
13477,,66,Female,,,
13478,,63,Female,,,
13479,,37,Male,,,
13480,,74,Female,,,
13481,,70,Female,,,
13482,,67,Female,,,
13483,,38,Female,,,
13484,,37,Female,,,
13485,,35,Female,,,
13486,,64,Male,,,
13487,,78,Female,,,
13488,,13,Female,,,
13489,,29,Female,,,
13490,,33,Male,,,
13491,,38,Female,,,
13492,,55,Female,,,
13493,,65,Female,,,
13494,,56,Female,,,
13495,,19,Male,,,
13496,,12,Female,,,
13497,,43,Female,,,
13498,,17,Female,,,
13499,,72,Female,,,
13500,,24,Male,,,
13501,,34,Male,,,
13502,,31,Male,,,
13503,,77,Male,,,
13504,,68,Female,,,
13505,,35,Female,,,
13506,,46,Female,,,
13507,,75,Female,,,
13508,,58,Female,,,
13509,,26,Male,,,
13510,,18,Female,,,
13511,,55,Female,,,
13512,,20,Male,,,
13513,,48,Male,,,
13514,,73,Male,,,
13515,,79,Female,,,
13516,,49,Female,,,
13517,,52,Male,,,
13518,,40,Male,,,
13519,,29,Female,,,
13520,,58,Female,,,
13521,,21,Female,,,
13522,,11,Male,,,
13523,,29,Female,,,
13524,,38,Male,,,
13525,,38,Female,,,
13526,,12,Male,,,
13527,,57,Female,,,
13528,,40,Female,,,
13529,,79,Male,,,
13530,,71,Female,,,
13531,,42,Female,,,
13532,,16,Female,,,
13533,,48,Female,,,
13534,,44,Male,,,
13535,,64,Male,,,
13536,,25,Male,,,
13537,,49,Female,,,
13538,,42,Male,,,
13539,,16,Female,,,
13540,,43,Female,,,
13541,,52,Female,,,
13542,,30,Male,,,
13543,,17,Female,,,
13544,,32,Female,,,
13545,,19,Female,,,
13546,,29,Male,,,
13547,,62,Female,,,
13548,,23,Female,,,
13549,,38,Male,,,
13550,,31,Female,,,
13551,,31,Female,,,
13552,,33,Female,,,
13553,,40,Female,,,
13554,,57,Female,,,
13555,,22,Female,,,
13556,,46,Female,,,
13557,,14,Female,,,
13558,,17,Male,,,
13559,,19,Female,,,
13560,,46,Male,,,
13561,,26,Male,,,
13562,,28,Female,,,
13563,,48,Female,,,
13564,,54,Female,,,
13565,,67,Male,,,
13566,,48,Female,,,
13567,,58,Male,,,
13568,,34,Male,,,
13569,,21,Female,,,
13570,,68,Male,,,
13571,,47,Female,,,
13572,,70,Male,,,
13573,,76,Male,,,
13574,,39,Female,,,
13575,,67,Female,,,
13576,,26,Female,,,
13577,,35,Female,,,
13578,,43,Female,,,
13579,,47,Female,,,
13580,,16,Female,,,
13581,,62,Female,,,
13582,,16,Male,,,
13583,,47,Female,,,
13584,,72,Female,,,
13585,,34,Male,,,
13586,,15,Male,,,
13587,,11,Male,,,
13588,,11,Male,,,
13589,,36,Male,,,
13590,,53,Female,,,
13591,,56,Male,,,
13592,,35,Female,,,
13593,,67,Female,,,
13594,,72,Female,,,
13595,,38,Female,,,
13596,,38,Female,,,
13597,,49,Female,,,
13598,,33,Female,,,
13599,,51,Female,,,
13600,,55,Female,,,
13601,,17,Male,,,
13602,,32,Male,,,
13603,,36,Male,,,
13604,,47,Male,,,
13605,,20,Female,,,
13606,,49,Female,,,
13607,,32,Male,,,
13608,,49,Male,,,
13609,,40,Female,,,
13610,,21,Female,,,
13611,,41,Male,,,
13612,,35,Female,,,
13613,,63,Female,,,
13614,,32,Female,,,
13615,,19,Male,,,
13616,,51,Female,,,
13617,,21,Female,,,
13618,,32,Female,,,
13619,,62,Female,,,
13620,,21,Female,,,
13621,,23,Female,,,
13622,,46,Female,,,
13623,,34,Female,,,
13624,,42,Female,,,
13625,,12,Male,,,
13626,,10,Female,,,
13627,,24,Female,,,
13628,,36,Male,,,
13629,,62,Female,,,
13630,,44,Female,,,
13631,,41,Female,,,
13632,,52,Female,,,
13633,,49,Female,,,
13634,,72,Female,,,
13635,,67,Female,,,
13636,,65,Female,,,
13637,,76,Female,,,
13638,,30,Female,,,
13639,,25,Female,,,
13640,,49,Female,,,
13641,,37,Male,,,
13642,,62,Female,,,
13643,,71,Male,,,
13644,,70,Female,,,
13645,,56,Female,,,
13646,,47,Male,,,
13647,,41,Female,,,
13648,,23,Male,,,
13649,,79,Male,,,
13650,,62,Female,,,
13651,,44,Female,,,
13652,,13,Male,,,
13653,,77,Female,,,
13654,,20,Female,,,
13655,,66,Male,,,
13656,,39,Female,,,
13657,,79,Female,,,
13658,,46,Female,,,
13659,,19,Female,,,
13660,,42,Female,,,
13661,,29,Male,,,
13662,,48,Female,,,
13663,,67,Female,,,
13664,,78,Female,,,
13665,,57,Female,,,
13666,,62,Male,,,
13667,,33,Female,,,
13668,,34,Female,,,
13669,,27,Male,,,
13670,,75,Female,,,
13671,,69,Female,,,
13672,,12,Female,,,
13673,,74,Female,,,
13674,,44,Female,,,
13675,,75,Female,,,
13676,,34,Female,,,
13677,,24,Male,,,
13678,,60,Female,,,
13679,,39,Male,,,
13680,,61,Female,,,
13681,,35,Female,,,
13682,,35,Male,,,
13683,,13,Male,,,
13684,,41,Male,,,
13685,,69,Female,,,
13686,,75,Female,,,
13687,,71,Male,,,
13688,,71,Female,,,
13689,,49,Female,,,
13690,,60,Female,,,
13691,,34,Female,,,
13692,,33,Female,,,
13693,,42,Female,,,
13694,,51,Female,,,
13695,,70,Female,,,
13696,,10,Female,,,
13697,,21,Female,,,
13698,,72,Female,,,
13699,,74,Female,,,
13700,,34,Female,,,
13701,,39,Male,,,
13702,,27,Female,,,
13703,,32,Female,,,
13704,,31,Male,,,
13705,,26,Female,,,
13706,,18,Female,,,
13707,,76,Male,,,
13708,,21,Male,,,
13709,,78,Female,,,
13710,,79,Female,,,
13711,,23,Female,,,
13712,,29,Female,,,
13713,,60,Male,,,
13714,,45,Female,,,
13715,,27,Female,,,
13716,,23,Female,,,
13717,,60,Male,,,
13718,,29,Female,,,
13719,,62,Male,,,
13720,,21,Female,,,
13721,,40,Male,,,
13722,,49,Female,,,
13723,,42,Female,,,
13724,,26,Female,,,
13725,,18,Male,,,
13726,,70,Male,,,
13727,,48,Female,,,
13728,,44,Female,,,
13729,,28,Female,,,
13730,,19,Male,,,
13731,,67,Female,,,
13732,,17,Female,,,
13733,,78,Female,,,
13734,,23,Female,,,
13735,,45,Female,,,
13736,,55,Male,,,
13737,,51,Male,,,
13738,,68,Female,,,
13739,,30,Male,,,
13740,,35,Female,,,
13741,,68,Female,,,
13742,,31,Female,,,
13743,,30,Female,,,
13744,,25,Female,,,
13745,,15,Male,,,
13746,,10,Female,,,
13747,,34,Female,,,
13748,,16,Female,,,
13749,,63,Female,,,
13750,,32,Male,,,
13751,,32,Female,,,
13752,,77,Female,,,
13753,,58,Male,,,
13754,,18,Female,,,
13755,,57,Male,,,
13756,,16,Female,,,
13757,,69,Male,,,
13758,,26,Male,,,
13759,,44,Female,,,
13760,,68,Female,,,
13761,,76,Female,,,
13762,,35,Female,,,
13763,,57,Female,,,
13764,,11,Female,,,
13765,,43,Male,,,
13766,,42,Male,,,
13767,,66,Male,,,
13768,,60,Female,,,
13769,,54,Female,,,
13770,,73,Female,,,
13771,,15,Female,,,
13772,,45,Female,,,
13773,,43,Female,,,
13774,,57,Male,,,
13775,,60,Female,,,
13776,,60,Female,,,
13777,,30,Female,,,
13778,,51,Female,,,
13779,,79,Female,,,
13780,,51,Female,,,
13781,,12,Female,,,
13782,,37,Female,,,
13783,,76,Female,,,
13784,,17,Female,,,
13785,,35,Male,,,
13786,,73,Female,,,
13787,,64,Female,,,
13788,,68,Female,,,
13789,,15,Female,,,
13790,,11,Female,,,
13791,,55,Female,,,
13792,,32,Male,,,
13793,,58,Male,,,
13794,,32,Female,,,
13795,,22,Female,,,
13796,,15,Female,,,
13797,,66,Female,,,
13798,,25,Female,,,
13799,,46,Female,,,
13800,,21,Female,,,
13801,,70,Male,,,
13802,,49,Male,,,
13803,,26,Female,,,
13804,,34,Female,,,
13805,,13,Female,,,
13806,,72,Female,,,
13807,,58,Male,,,
13808,,42,Male,,,
13809,,52,Male,,,
13810,,29,Male,,,
13811,,32,Male,,,
13812,,29,Female,,,
13813,,16,Female,,,
13814,,34,Female,,,
13815,,68,Male,,,
13816,,24,Male,,,
13817,,37,Female,,,
13818,,28,Female,,,
13819,,33,Female,,,
13820,,40,Female,,,
13821,,17,Female,,,
13822,,49,Female,,,
13823,,33,Male,,,
13824,,46,Female,,,
13825,,28,Female,,,
13826,,76,Female,,,
13827,,47,Female,,,
13828,,15,Female,,,
13829,,44,Male,,,
13830,,66,Male,,,
13831,,78,Male,,,
13832,,29,Male,,,
13833,,17,Female,,,
13834,,73,Female,,,
13835,,30,Male,,,
13836,,22,Female,,,
13837,,66,Female,,,
13838,,27,Male,,,
13839,,61,Female,,,
13840,,33,Female,,,
13841,,18,Female,,,
13842,,76,Female,,,
13843,,69,Female,,,
13844,,79,Female,,,
13845,,42,Male,,,
13846,,59,Male,,,
13847,,59,Female,,,
13848,,22,Female,,,
13849,,55,Male,,,
13850,,67,Female,,,
13851,,48,Male,,,
13852,,29,Female,,,
13853,,62,Female,,,
13854,,62,Male,,,
13855,,38,Female,,,
13856,,76,Male,,,
13857,,79,Female,,,
13858,,70,Female,,,
13859,,77,Male,,,
13860,,28,Female,,,
13861,,26,Female,,,
13862,,47,Male,,,
13863,,38,Female,,,
13864,,11,Male,,,
13865,,77,Female,,,
13866,,45,Female,,,
13867,,21,Female,,,
13868,,78,Female,,,
13869,,62,Female,,,
13870,,34,Female,,,
13871,,15,Female,,,
13872,,44,Female,,,
13873,,36,Female,,,
13874,,31,Female,,,
13875,,39,Male,,,
13876,,47,Female,,,
13877,,44,Female,,,
13878,,20,Female,,,
13879,,14,Female,,,
13880,,37,Female,,,
13881,,34,Female,,,
13882,,12,Female,,,
13883,,25,Female,,,
13884,,24,Male,,,
13885,,31,Male,,,
13886,,60,Female,,,
13887,,51,Female,,,
13888,,25,Female,,,
13889,,27,Female,,,
13890,,16,Female,,,
13891,,26,Female,,,
13892,,33,Female,,,
13893,,50,Female,,,
13894,,63,Female,,,
13895,,42,Male,,,
13896,,75,Female,,,
13897,,62,Male,,,
13898,,24,Male,,,
13899,,43,Female,,,
13900,,68,Female,,,
13901,,60,Female,,,
13902,,24,Female,,,
13903,,50,Male,,,
13904,,45,Female,,,
13905,,50,Male,,,
13906,,62,Female,,,
13907,,33,Female,,,
13908,,52,Female,,,
13909,,72,Male,,,
13910,,39,Male,,,
13911,,19,Female,,,
13912,,73,Female,,,
13913,,41,Female,,,
13914,,60,Female,,,
13915,,62,Female,,,
13916,,36,Female,,,
13917,,33,Female,,,
13918,,42,Female,,,
13919,,20,Female,,,
13920,,66,Female,,,
13921,,30,Female,,,
13922,,75,Male,,,
13923,,45,Male,,,
13924,,25,Female,,,
13925,,45,Male,,,
13926,,67,Male,,,
13927,,13,Female,,,
13928,,72,Male,,,
13929,,63,Male,,,
13930,,12,Male,,,
13931,,18,Female,,,
13932,,21,Female,,,
13933,,69,Female,,,
13934,,11,Female,,,
13935,,47,Male,,,
13936,,36,Female,,,
13937,,30,Male,,,
13938,,34,Male,,,
13939,,64,Female,,,
13940,,78,Female,,,
13941,,37,Female,,,
13942,,16,Male,,,
13943,,37,Female,,,
13944,,21,Male,,,
13945,,46,Male,,,
13946,,36,Female,,,
13947,,66,Male,,,
13948,,34,Female,,,
13949,,52,Female,,,
13950,,30,Female,,,
13951,,54,Female,,,
13952,,51,Male,,,
13953,,79,Female,,,
13954,,54,Female,,,
13955,,42,Male,,,
13956,,39,Female,,,
13957,,33,Female,,,
13958,,39,Male,,,
13959,,37,Female,,,
13960,,49,Male,,,
13961,,39,Female,,,
13962,,14,Female,,,
13963,,10,Male,,,
13964,,31,Male,,,
13965,,69,Female,,,
13966,,13,Female,,,
13967,,15,Female,,,
13968,,36,Female,,,
13969,,18,Female,,,
13970,,14,Female,,,
13971,,37,Female,,,
13972,,71,Male,,,
13973,,46,Female,,,
13974,,75,Male,,,
13975,,52,Male,,,
13976,,10,Female,,,
13977,,61,Female,,,
13978,,21,Female,,,
13979,,74,Male,,,
13980,,78,Female,,,
13981,,41,Female,,,
13982,,70,Female,,,
13983,,38,Female,,,
13984,,55,Male,,,
13985,,35,Female,,,
13986,,24,Male,,,
13987,,30,Female,,,
13988,,26,Female,,,
13989,,79,Male,,,
13990,,24,Female,,,
13991,,28,Female,,,
13992,,34,Male,,,
13993,,38,Female,,,
13994,,66,Female,,,
13995,,16,Female,,,
13996,,70,Female,,,
13997,,70,Male,,,
13998,,66,Female,,,
13999,,54,Female,,,
14000,,50,Female,,,
14001,,52,Male,,,
14002,,19,Female,,,
14003,,21,Male,,,
14004,,27,Male,,,
14005,,36,Female,,,
14006,,18,Male,,,
14007,,21,Male,,,
14008,,17,Female,,,
14009,,64,Female,,,
14010,,10,Female,,,
14011,,18,Male,,,
14012,,66,Female,,,
14013,,48,Male,,,
14014,,70,Female,,,
14015,,58,Female,,,
14016,,11,Female,,,
14017,,32,Female,,,
14018,,56,Female,,,
14019,,33,Female,,,
14020,,69,Female,,,
14021,,79,Female,,,
14022,,66,Male,,,
14023,,44,Male,,,
14024,,24,Male,,,
14025,,70,Female,,,
14026,,64,Female,,,
14027,,48,Male,,,
14028,,40,Male,,,
14029,,57,Female,,,
14030,,14,Female,,,
14031,,71,Female,,,
14032,,30,Male,,,
14033,,42,Female,,,
14034,,79,Male,,,
14035,,25,Female,,,
14036,,77,Female,,,
14037,,49,Female,,,
14038,,30,Male,,,
14039,,64,Male,,,
14040,,12,Female,,,
14041,,30,Male,,,
14042,,61,Female,,,
14043,,37,Female,,,
14044,,22,Female,,,
14045,,52,Female,,,
14046,,53,Female,,,
14047,,58,Female,,,
14048,,66,Male,,,
14049,,47,Female,,,
14050,,66,Female,,,
14051,,42,Female,,,
14052,,54,Female,,,
14053,,56,Male,,,
14054,,54,Female,,,
14055,,18,Male,,,
14056,,23,Female,,,
14057,,42,Male,,,
14058,,73,Female,,,
14059,,55,Female,,,
14060,,75,Female,,,
14061,,30,Female,,,
14062,,54,Female,,,
14063,,34,Female,,,
14064,,65,Female,,,
14065,,65,Male,,,
14066,,58,Female,,,
14067,,49,Male,,,
14068,,24,Female,,,
14069,,24,Male,,,
14070,,38,Female,,,
14071,,77,Female,,,
14072,,14,Female,,,
14073,,15,Male,,,
14074,,15,Female,,,
14075,,64,Female,,,
14076,,65,Female,,,
14077,,34,Female,,,
14078,,61,Female,,,
14079,,42,Male,,,
14080,,53,Female,,,
14081,,17,Female,,,
14082,,61,Male,,,
14083,,23,Male,,,
14084,,53,Male,,,
14085,,77,Male,,,
14086,,56,Female,,,
14087,,36,Male,,,
14088,,42,Female,,,
14089,,46,Male,,,
14090,,64,Female,,,
14091,,26,Female,,,
14092,,75,Female,,,
14093,,45,Male,,,
14094,,32,Male,,,
14095,,50,Female,,,
14096,,70,Female,,,
14097,,36,Male,,,
14098,,74,Female,,,
14099,,22,Female,,,
14100,,22,Male,,,
14101,,43,Female,,,
14102,,16,Female,,,
14103,,59,Male,,,
14104,,50,Male,,,
14105,,58,Male,,,
14106,,19,Female,,,
14107,,34,Female,,,
14108,,15,Female,,,
14109,,79,Female,,,
14110,,71,Female,,,
14111,,79,Male,,,
14112,,45,Male,,,
14113,,23,Female,,,
14114,,23,Male,,,
14115,,79,Female,,,
14116,,34,Female,,,
14117,,43,Male,,,
14118,,49,Male,,,
14119,,42,Female,,,
14120,,50,Female,,,
14121,,33,Male,,,
14122,,16,Male,,,
14123,,72,Male,,,
14124,,30,Female,,,
14125,,68,Male,,,
14126,,66,Male,,,
14127,,56,Female,,,
14128,,79,Female,,,
14129,,70,Female,,,
14130,,35,Female,,,
14131,,68,Female,,,
14132,,70,Male,,,
14133,,10,Female,,,
14134,,76,Female,,,
14135,,11,Female,,,
14136,,52,Female,,,
14137,,33,Male,,,
14138,,64,Male,,,
14139,,33,Male,,,
14140,,37,Female,,,
14141,,66,Female,,,
14142,,69,Female,,,
14143,,22,Female,,,
14144,,29,Female,,,
14145,,30,Female,,,
14146,,42,Female,,,
14147,,24,Male,,,
14148,,34,Female,,,
14149,,35,Female,,,
14150,,45,Male,,,
14151,,55,Female,,,
14152,,34,Female,,,
14153,,43,Male,,,
14154,,43,Female,,,
14155,,34,Female,,,
14156,,49,Female,,,
14157,,30,Male,,,
14158,,33,Male,,,
14159,,70,Female,,,
14160,,65,Male,,,
14161,,27,Male,,,
14162,,63,Female,,,
14163,,71,Male,,,
14164,,22,Male,,,
14165,,27,Female,,,
14166,,71,Male,,,
14167,,24,Female,,,
14168,,34,Male,,,
14169,,67,Female,,,
14170,,52,Male,,,
14171,,34,Female,,,
14172,,22,Male,,,
14173,,12,Male,,,
14174,,66,Female,,,
14175,,70,Female,,,
14176,,69,Female,,,
14177,,66,Male,,,
14178,,71,Female,,,
14179,,63,Male,,,
14180,,46,Male,,,
14181,,54,Female,,,
14182,,59,Female,,,
14183,,17,Female,,,
14184,,46,Female,,,
14185,,17,Female,,,
14186,,69,Female,,,
14187,,54,Male,,,
14188,,20,Male,,,
14189,,60,Male,,,
14190,,15,Male,,,
14191,,18,Female,,,
14192,,42,Female,,,
14193,,35,Female,,,
14194,,12,Female,,,
14195,,23,Female,,,
14196,,15,Male,,,
14197,,66,Female,,,
14198,,77,Female,,,
14199,,15,Male,,,
14200,,79,Female,,,
14201,,20,Female,,,
14202,,59,Female,,,
14203,,64,Female,,,
14204,,20,Female,,,
14205,,16,Female,,,
14206,,39,Female,,,
14207,,27,Male,,,
14208,,59,Female,,,
14209,,55,Male,,,
14210,,33,Female,,,
14211,,51,Female,,,
14212,,45,Male,,,
14213,,48,Male,,,
14214,,62,Female,,,
14215,,70,Female,,,
14216,,20,Female,,,
14217,,73,Female,,,
14218,,23,Male,,,
14219,,42,Male,,,
14220,,20,Female,,,
14221,,53,Female,,,
14222,,69,Female,,,
14223,,22,Female,,,
14224,,31,Female,,,
14225,,48,Female,,,
14226,,40,Female,,,
14227,,45,Female,,,
14228,,22,Female,,,
14229,,51,Female,,,
14230,,10,Female,,,
14231,,46,Female,,,
14232,,51,Male,,,
14233,,28,Male,,,
14234,,54,Female,,,
14235,,63,Male,,,
14236,,38,Male,,,
14237,,68,Female,,,
14238,,65,Male,,,
14239,,36,Female,,,
14240,,34,Female,,,
14241,,48,Male,,,
14242,,29,Female,,,
14243,,36,Female,,,
14244,,51,Female,,,
14245,,33,Female,,,
14246,,49,Female,,,
14247,,58,Male,,,
14248,,79,Female,,,
14249,,25,Male,,,
14250,,59,Female,,,
14251,,60,Female,,,
14252,,44,Male,,,
14253,,22,Female,,,
14254,,44,Female,,,
14255,,56,Female,,,
14256,,51,Female,,,
14257,,69,Female,,,
14258,,56,Female,,,
14259,,38,Female,,,
14260,,76,Female,,,
14261,,37,Female,,,
14262,,68,Male,,,
14263,,46,Female,,,
14264,,13,Female,,,
14265,,19,Male,,,
14266,,36,Female,,,
14267,,71,Female,,,
14268,,75,Male,,,
14269,,63,Female,,,
14270,,75,Female,,,
14271,,66,Female,,,
14272,,23,Male,,,
14273,,33,Female,,,
14274,,67,Female,,,
14275,,64,Male,,,
14276,,31,Female,,,
14277,,38,Female,,,
14278,,29,Female,,,
14279,,50,Male,,,
14280,,53,Female,,,
14281,,15,Male,,,
14282,,12,Female,,,
14283,,43,Female,,,
14284,,52,Female,,,
14285,,66,Female,,,
14286,,11,Female,,,
14287,,78,Female,,,
14288,,16,Female,,,
14289,,73,Female,,,
14290,,53,Female,,,
14291,,47,Other,,,
14292,,20,Female,,,
14293,,44,Female,,,
14294,,72,Male,,,
14295,,13,Male,,,
14296,,38,Male,,,
14297,,32,Male,,,
14298,,47,Female,,,
14299,,44,Female,,,
14300,,68,Male,,,
14301,,15,Female,,,
14302,,21,Other,,,
14303,,21,Female,,,
14304,,46,Female,,,
14305,,66,Male,,,
14306,,53,Male,,,
14307,,47,Male,,,
14308,,76,Female,,,
14309,,33,Male,,,
14310,,72,Male,,,
14311,,69,Male,,,
14312,,36,Male,,,
14313,,54,Male,,,
14314,,42,Male,,,
14315,,59,Male,,,
14316,,59,Male,,,
14317,,25,Male,,,
14318,,69,Female,,,
14319,,71,Female,,,
14320,,79,Male,,,
14321,,66,Male,,,
14322,,61,Female,,,
14323,,79,Female,,,
14324,,26,Male,,,
14325,,35,Male,,,
14326,,33,Male,,,
14327,,68,Male,,,
14328,,52,Male,,,
14329,,67,Female,,,
14330,,65,Male,,,
14331,,71,Male,,,
14332,,61,Male,,,
14333,,50,Female,,,
14334,,45,Female,,,
14335,,11,Male,,,
14336,,31,Female,,,
14337,,75,Female,,,
14338,,20,Male,,,
14339,,27,Female,,,
14340,,52,Male,,,
14341,,18,Male,,,
14342,,48,Male,,,
14343,,66,Male,,,
14344,,31,Male,,,
14345,,48,Male,,,
14346,,33,Female,,,
14347,,52,Male,,,
14348,,70,Male,,,
14349,,48,Male,,,
14350,,72,Male,,,
14351,,49,Female,,,
14352,,43,Male,,,
14353,,21,Male,,,
14354,,56,Male,,,
14355,,63,Male,,,
14356,,69,Female,,,
14357,,56,Male,,,
14358,,10,Male,,,
14359,,72,Male,,,
14360,,44,Male,,,
14361,,34,Female,,,
14362,,64,Male,,,
14363,,64,Female,,,
14364,,65,Female,,,
14365,,71,Male,,,
14366,,61,Male,,,
14367,,10,Male,,,
14368,,37,Male,,,
14369,,47,Male,,,
14370,,79,Male,,,
14371,,23,Male,,,
14372,,60,Male,,,
14373,,43,Male,,,
14374,,76,Male,,,
14375,,24,Female,,,
14376,,75,Female,,,
14377,,67,Female,,,
14378,,51,Female,,,
14379,,36,Male,,,
14380,,27,Male,,,
14381,,67,Male,,,
14382,,56,Female,,,
14383,,79,Female,,,
14384,,27,Female,,,
14385,,68,Male,,,
14386,,72,Female,,,
14387,,49,Male,,,
14388,,52,Female,,,
14389,,79,Female,,,
14390,,55,Male,,,
14391,,28,Male,,,
14392,,43,Male,,,
14393,,51,Male,,,
14394,,59,Male,,,
14395,,29,Male,,,
14396,,75,Female,,,
14397,,11,Male,,,
14398,,75,Female,,,
14399,,75,Female,,,
14400,,66,Male,,,
14401,,45,Male,,,
14402,,11,Male,,,
14403,,73,Male,,,
14404,,50,Male,,,
14405,,38,Male,,,
14406,,28,Male,,,
14407,,43,Female,,,
14408,,62,Male,,,
14409,,64,Male,,,
14410,,30,Male,,,
14411,,34,Male,,,
14412,,68,Female,,,
14413,,62,Male,,,
14414,,27,Male,,,
14415,,15,Male,,,
14416,,79,Male,,,
14417,,31,Female,,,
14418,,74,Male,,,
14419,,18,Male,,,
14420,,65,Male,,,
14421,,31,Male,,,
14422,,62,Male,,,
14423,,30,Female,,,
14424,,12,Female,,,
14425,,16,Female,,,
14426,,33,Male,,,
14427,,79,Male,,,
14428,,26,Male,,,
14429,,70,Female,,,
14430,,57,Male,,,
14431,,36,Male,,,
14432,,10,Female,,,
14433,,74,Male,,,
14434,,50,Male,,,
14435,,33,Male,,,
14436,,24,Female,,,
14437,,29,Male,,,
14438,,70,Female,,,
14439,,63,Male,,,
14440,,67,Male,,,
14441,,29,Male,,,
14442,,44,Male,,,
14443,,13,Female,,,
14444,,46,Male,,,
14445,,51,Female,,,
14446,,33,Female,,,
14447,,67,Male,,,
14448,,71,Male,,,
14449,,17,Male,,,
14450,,60,Male,,,
14451,,41,Female,,,
14452,,76,Male,,,
14453,,49,Male,,,
14454,,50,Male,,,
14455,,14,Female,,,
14456,,72,Female,,,
14457,,11,Female,,,
14458,,68,Male,,,
14459,,62,Female,,,
14460,,30,Female,,,
14461,,11,Female,,,
14462,,62,Female,,,
14463,,39,Female,,,
14464,,10,Male,,,
14465,,79,Male,,,
14466,,16,Female,,,
14467,,47,Female,,,
14468,,60,Female,,,
14469,,19,Female,,,
14470,,33,Female,,,
14471,,37,Female,,,
14472,,52,Female,,,
14473,,64,Female,,,
14474,,64,Female,,,
14475,,12,Female,,,
14476,,74,Male,,,
14477,,64,Male,,,
14478,,46,Male,,,
14479,,39,Female,,,
14480,,38,Male,,,
14481,,38,Male,,,
14482,,63,Female,,,
14483,,15,Male,,,
14484,,35,Female,,,
14485,,66,Female,,,
14486,,44,Female,,,
14487,,25,Male,,,
14488,,49,Female,,,
14489,,19,Female,,,
14490,,51,Female,,,
14491,,52,Male,,,
14492,,50,Male,,,
14493,,43,Female,,,
14494,,48,Female,,,
14495,,36,Male,,,
14496,,55,Female,,,
14497,,22,Female,,,
14498,,11,Male,,,
14499,,38,Male,,,
14500,,49,Female,,,
14501,,66,Female,,,
14502,,35,Female,,,
14503,,13,Male,,,
14504,,74,Female,,,
14505,,31,Female,,,
14506,,20,Male,,,
14507,,61,Female,,,
14508,,64,Female,,,
14509,,59,Female,,,
14510,,12,Female,,,
14511,,16,Male,,,
14512,,79,Male,,,
14513,,68,Female,,,
14514,,12,Female,,,
14515,,15,Male,,,
14516,,26,Male,,,
14517,,39,Female,,,
14518,,20,Female,,,
14519,,73,Male,,,
14520,,21,Male,,,
14521,,57,Male,,,
14522,,44,Male,,,
14523,,56,Male,,,
14524,,37,Male,,,
14525,,66,Female,,,
14526,,42,Male,,,
14527,,18,Male,,,
14528,,33,Male,,,
14529,,32,Female,,,
14530,,23,Female,,,
14531,,58,Male,,,
14532,,27,Male,,,
14533,,40,Female,,,
14534,,25,Female,,,
14535,,37,Male,,,
14536,,55,Female,,,
14537,,16,Female,,,
14538,,54,Female,,,
14539,,73,Female,,,
14540,,43,Male,,,
14541,,40,Male,,,
14542,,46,Female,,,
14543,,37,Female,,,
14544,,52,Female,,,
14545,,79,Female,,,
14546,,43,Male,,,
14547,,44,Male,,,
14548,,73,Female,,,
14549,,48,Female,,,
14550,,44,Female,,,
14551,,24,Female,,,
14552,,39,Female,,,
14553,,38,Female,,,
14554,,17,Female,,,
14555,,18,Male,,,
14556,,36,Female,,,
14557,,42,Male,,,
14558,,79,Male,,,
14559,,60,Male,,,
14560,,20,Male,,,
14561,,30,Female,,,
14562,,67,Female,,,
14563,,41,Female,,,
14564,,29,Female,,,
14565,,68,Female,,,
14566,,43,Female,,,
14567,,73,Female,,,
14568,,72,Female,,,
14569,,72,Female,,,
14570,,56,Female,,,
14571,,50,Male,,,
14572,,20,Female,,,
14573,,25,Male,,,
14574,,68,Female,,,
14575,,72,Female,,,
14576,,77,Male,,,
14577,,60,Male,,,
14578,,14,Female,,,
14579,,28,Female,,,
14580,,50,Male,,,
14581,,69,Female,,,
14582,,17,Female,,,
14583,,63,Female,,,
14584,,42,Female,,,
14585,,36,Female,,,
14586,,11,Male,,,
14587,,15,Female,,,
14588,,31,Male,,,
14589,,32,Female,,,
14590,,11,Female,,,
14591,,57,Female,,,
14592,,12,Male,,,
14593,,70,Female,,,
14594,,47,Female,,,
14595,,61,Female,,,
14596,,21,Male,,,
14597,,69,Female,,,
14598,,73,Male,,,
14599,,52,Female,,,
14600,,30,Male,,,
14601,,47,Female,,,
14602,,65,Female,,,
14603,,15,Female,,,
14604,,40,Male,,,
14605,,58,Female,,,
14606,,14,Female,,,
14607,,53,Female,,,
14608,,51,Male,,,
14609,,10,Male,,,
14610,,53,Male,,,
14611,,24,Female,,,
14612,,77,Female,,,
14613,,16,Female,,,
14614,,34,Female,,,
14615,,50,Female,,,
14616,,39,Female,,,
14617,,31,Male,,,
14618,,51,Female,,,
14619,,33,Male,,,
14620,,58,Female,,,
14621,,61,Male,,,
14622,,71,Female,,,
14623,,28,Female,,,
14624,,37,Female,,,
14625,,59,Male,,,
14626,,50,Female,,,
14627,,37,Female,,,
14628,,78,Male,,,
14629,,27,Female,,,
14630,,28,Female,,,
14631,,55,Female,,,
14632,,41,Female,,,
14633,,14,Male,,,
14634,,43,Male,,,
14635,,14,Male,,,
14636,,55,Female,,,
14637,,66,Male,,,
14638,,68,Male,,,
14639,,43,Female,,,
14640,,46,Male,,,
14641,,67,Female,,,
14642,,39,Male,,,
14643,,52,Female,,,
14644,,26,Female,,,
14645,,11,Female,,,
14646,,25,Male,,,
14647,,51,Female,,,
14648,,75,Female,,,
14649,,70,Female,,,
14650,,73,Female,,,
14651,,61,Female,,,
14652,,43,Female,,,
14653,,72,Female,,,
14654,,47,Female,,,
14655,,63,Female,,,
14656,,10,Male,,,
14657,,66,Female,,,
14658,,46,Male,,,
14659,,45,Male,,,
14660,,27,Female,,,
14661,,14,Male,,,
14662,,58,Female,,,
14663,,75,Female,,,
14664,,24,Female,,,
14665,,79,Male,,,
14666,,24,Female,,,
14667,,59,Female,,,
14668,,68,Male,,,
14669,,77,Female,,,
14670,,46,Female,,,
14671,,64,Male,,,
14672,,48,Female,,,
14673,,56,Male,,,
14674,,13,Female,,,
14675,,48,Female,,,
14676,,57,Male,,,
14677,,49,Male,,,
14678,,41,Female,,,
14679,,35,Female,,,
14680,,79,Female,,,
14681,,52,Female,,,
14682,,44,Female,,,
14683,,16,Female,,,
14684,,16,Male,,,
14685,,59,Male,,,
14686,,67,Female,,,
14687,,52,Female,,,
14688,,39,Male,,,
14689,,62,Female,,,
14690,,39,Female,,,
14691,,22,Male,,,
14692,,72,Female,,,
14693,,76,Female,,,
14694,,69,Female,,,
14695,,21,Female,,,
14696,,79,Female,,,
14697,,24,Female,,,
14698,,52,Female,,,
14699,,69,Female,,,
14700,,21,Female,,,
14701,,45,Female,,,
14702,,57,Male,,,
14703,,36,Female,,,
14704,,66,Female,,,
14705,,56,Male,,,
14706,,79,Female,,,
14707,,61,Female,,,
14708,,31,Female,,,
14709,,15,Female,,,
14710,,22,Female,,,
14711,,34,Female,,,
14712,,75,Female,,,
14713,,26,Female,,,
14714,,67,Female,,,
14715,,63,Female,,,
14716,,52,Male,,,
14717,,35,Female,,,
14718,,61,Female,,,
14719,,33,Female,,,
14720,,13,Female,,,
14721,,75,Female,,,
14722,,49,Female,,,
14723,,18,Female,,,
14724,,23,Female,,,
14725,,79,Male,,,
14726,,38,Female,,,
14727,,62,Male,,,
14728,,58,Male,,,
14729,,72,Female,,,
14730,,60,Female,,,
14731,,66,Male,,,
14732,,25,Female,,,
14733,,20,Female,,,
14734,,44,Female,,,
14735,,59,Male,,,
14736,,25,Female,,,
14737,,55,Male,,,
14738,,36,Female,,,
14739,,11,Female,,,
14740,,13,Female,,,
14741,,11,Female,,,
14742,,11,Female,,,
14743,,39,Female,,,
14744,,25,Female,,,
14745,,24,Male,,,
14746,,55,Female,,,
14747,,65,Male,,,
14748,,43,Male,,,
14749,,55,Male,,,
14750,,68,Female,,,
14751,,74,Male,,,
14752,,29,Female,,,
14753,,11,Female,,,
14754,,65,Female,,,
14755,,74,Female,,,
14756,,22,Female,,,
14757,,48,Female,,,
14758,,75,Male,,,
14759,,69,Female,,,
14760,,42,Male,,,
14761,,53,Female,,,
14762,,75,Male,,,
14763,,48,Male,,,
14764,,25,Female,,,
14765,,52,Female,,,
14766,,59,Male,,,
14767,,10,Male,,,
14768,,24,Female,,,
14769,,18,Female,,,
14770,,46,Female,,,
14771,,63,Female,,,
14772,,19,Female,,,
14773,,32,Male,,,
14774,,53,Female,,,
14775,,28,Male,,,
14776,,78,Female,,,
14777,,45,Male,,,
14778,,60,Female,,,
14779,,79,Female,,,
14780,,78,Female,,,
14781,,59,Female,,,
14782,,35,Male,,,
14783,,78,Male,,,
14784,,66,Female,,,
14785,,73,Male,,,
14786,,19,Female,,,
14787,,75,Female,,,
14788,,12,Female,,,
14789,,30,Female,,,
14790,,14,Female,,,
14791,,63,Female,,,
14792,,31,Male,,,
14793,,63,Female,,,
14794,,20,Female,,,
14795,,59,Female,,,
14796,,35,Female,,,
14797,,60,Female,,,
14798,,32,Male,,,
14799,,25,Female,,,
14800,,60,Female,,,
14801,,27,Male,,,
14802,,23,Female,,,
14803,,47,Male,,,
14804,,54,Female,,,
14805,,24,Male,,,
14806,,57,Female,,,
14807,,17,Male,,,
14808,,49,Male,,,
14809,,53,Female,,,
14810,,33,Female,,,
14811,,38,Male,,,
14812,,35,Male,,,
14813,,32,Female,,,
14814,,32,Female,,,
14815,,38,Male,,,
14816,,47,Female,,,
14817,,68,Female,,,
14818,,44,Female,,,
14819,,16,Male,,,
14820,,68,Male,,,
14821,,49,Male,,,
14822,,40,Female,,,
14823,,13,Male,,,
14824,,44,Female,,,
14825,,59,Male,,,
14826,,40,Female,,,
14827,,59,Female,,,
14828,,39,Female,,,
14829,,63,Female,,,
14830,,33,Male,,,
14831,,73,Female,,,
14832,,46,Male,,,
14833,,36,Female,,,
14834,,37,Male,,,
14835,,49,Female,,,
14836,,40,Female,,,
14837,,71,Female,,,
14838,,71,Male,,,
14839,,26,Female,,,
14840,,18,Female,,,
14841,,52,Male,,,
14842,,60,Female,,,
14843,,23,Male,,,
14844,,62,Female,,,
14845,,11,Male,,,
14846,,64,Female,,,
14847,,38,Male,,,
14848,,60,Male,,,
14849,,54,Male,,,
14850,,43,Male,,,
14851,,68,Male,,,
14852,,35,Female,,,
14853,,11,Female,,,
14854,,54,Male,,,
14855,,31,Female,,,
14856,,38,Male,,,
14857,,53,Female,,,
14858,,31,Female,,,
14859,,24,Female,,,
14860,,66,Female,,,
14861,,16,Female,,,
14862,,43,Male,,,
14863,,79,Female,,,
14864,,58,Female,,,
14865,,62,Female,,,
14866,,33,Female,,,
14867,,22,Male,,,
14868,,14,Female,,,
14869,,61,Female,,,
14870,,24,Male,,,
14871,,24,Female,,,
14872,,38,Female,,,
14873,,10,Female,,,
14874,,54,Female,,,
14875,,52,Male,,,
14876,,13,Female,,,
14877,,72,Female,,,
14878,,40,Female,,,
14879,,42,Female,,,
14880,,32,Female,,,
14881,,54,Male,,,
14882,,73,Male,,,
14883,,28,Female,,,
14884,,48,Female,,,
14885,,16,Male,,,
14886,,11,Female,,,
14887,,75,Female,,,
14888,,23,Female,,,
14889,,52,Female,,,
14890,,33,Male,,,
14891,,63,Female,,,
14892,,75,Female,,,
14893,,65,Female,,,
14894,,41,Female,,,
14895,,65,Male,,,
14896,,75,Female,,,
14897,,25,Female,,,
14898,,54,Male,,,
14899,,26,Male,,,
14900,,52,Male,,,
14901,,49,Male,,,
14902,,20,Male,,,
14903,,44,Female,,,
14904,,34,Female,,,
14905,,71,Female,,,
14906,,70,Male,,,
14907,,35,Female,,,
14908,,56,Female,,,
14909,,31,Male,,,
14910,,41,Male,,,
14911,,43,Female,,,
14912,,59,Female,,,
14913,,64,Female,,,
14914,,77,Male,,,
14915,,48,Female,,,
14916,,36,Female,,,
14917,,71,Male,,,
14918,,25,Female,,,
14919,,76,Male,,,
14920,,11,Female,,,
14921,,42,Male,,,
14922,,67,Male,,,
14923,,78,Male,,,
14924,,65,Female,,,
14925,,32,Female,,,
14926,,74,Male,,,
14927,,49,Female,,,
14928,,65,Female,,,
14929,,24,Female,,,
14930,,57,Female,,,
14931,,50,Male,,,
14932,,23,Female,,,
14933,,50,Female,,,
14934,,76,Female,,,
14935,,17,Male,,,
14936,,70,Male,,,
14937,,74,Female,,,
14938,,17,Female,,,
14939,,34,Female,,,
14940,,70,Female,,,
14941,,62,Male,,,
14942,,57,Female,,,
14943,,18,Male,,,
14944,,54,Female,,,
14945,,13,Female,,,
14946,,67,Male,,,
14947,,70,Female,,,
14948,,41,Female,,,
14949,,73,Female,,,
14950,,21,Male,,,
14951,,50,Male,,,
14952,,59,Female,,,
14953,,50,Female,,,
14954,,50,Female,,,
14955,,59,Female,,,
14956,,49,Female,,,
14957,,53,Male,,,
14958,,54,Male,,,
14959,,52,Female,,,
14960,,65,Female,,,
14961,,31,Female,,,
14962,,38,Female,,,
14963,,78,Female,,,
14964,,25,Female,,,
14965,,11,Female,,,
14966,,46,Male,,,
14967,,47,Female,,,
14968,,78,Male,,,
14969,,49,Female,,,
14970,,74,Male,,,
14971,,22,Female,,,
14972,,43,Female,,,
14973,,22,Female,,,
14974,,73,Female,,,
14975,,56,Male,,,
14976,,49,Female,,,
14977,,14,Male,,,
14978,,66,Female,,,
14979,,61,Female,,,
14980,,74,Male,,,
14981,,52,Female,,,
14982,,28,Female,,,
14983,,35,Female,,,
14984,,78,Male,,,
14985,,50,Female,,,
14986,,49,Male,,,
14987,,24,Female,,,
14988,,42,Male,,,
14989,,40,Female,,,
14990,,21,Female,,,
14991,,23,Female,,,
14992,,10,Female,,,
14993,,79,Male,,,
14994,,16,Male,,,
14995,,75,Female,,,
14996,,35,Male,,,
14997,,60,Male,,,
14998,,47,Male,,,
14999,,48,Female,,,
15000,,79,Female,,,
15001,,30,Male,,,
15002,,43,Female,,,
15003,,27,Female,,,
15004,,79,Male,,,
15005,,14,Female,,,
15006,,26,Male,,,
15007,,46,Female,,,
15008,,72,Female,,,
15009,,53,Female,,,
15010,,15,Female,,,
15011,,43,Female,,,
15012,,39,Male,,,
15013,,32,Female,,,
15014,,78,Male,,,
15015,,67,Female,,,
15016,,28,Female,,,
15017,,58,Female,,,
15018,,24,Female,,,
15019,,74,Male,,,
15020,,59,Male,,,
15021,,54,Male,,,
15022,,70,Female,,,
15023,,27,Female,,,
15024,,63,Male,,,
15025,,19,Male,,,
15026,,43,Male,,,
15027,,64,Male,,,
15028,,48,Male,,,
15029,,37,Female,,,
15030,,35,Female,,,
15031,,67,Male,,,
15032,,20,Male,,,
15033,,17,Female,,,
15034,,11,Female,,,
15035,,20,Male,,,
15036,,53,Female,,,
15037,,48,Female,,,
15038,,58,Male,,,
15039,,25,Male,,,
15040,,29,Female,,,
15041,,12,Male,,,
15042,,46,Female,,,
15043,,67,Male,,,
15044,,52,Male,,,
15045,,19,Female,,,
15046,,13,Female,,,
15047,,43,Female,,,
15048,,60,Female,,,
15049,,50,Female,,,
15050,,19,Female,,,
15051,,14,Female,,,
15052,,18,Male,,,
15053,,33,Male,,,
15054,,23,Female,,,
15055,,41,Male,,,
15056,,12,Female,,,
15057,,74,Female,,,
15058,,58,Male,,,
15059,,39,Female,,,
15060,,78,Male,,,
15061,,79,Female,,,
15062,,66,Female,,,
15063,,34,Male,,,
15064,,13,Female,,,
15065,,67,Male,,,
15066,,57,Male,,,
15067,,13,Female,,,
15068,,68,Female,,,
15069,,54,Female,,,
15070,,56,Male,,,
15071,,44,Female,,,
15072,,64,Male,,,
15073,,75,Female,,,
15074,,32,Female,,,
15075,,49,Female,,,
15076,,75,Female,,,
15077,,63,Female,,,
15078,,49,Male,,,
15079,,30,Male,,,
15080,,13,Male,,,
15081,,34,Male,,,
15082,,23,Male,,,
15083,,17,Female,,,
15084,,61,Female,,,
15085,,54,Female,,,
15086,,18,Male,,,
15087,,60,Male,,,
15088,,34,Female,,,
15089,,75,Female,,,
15090,,53,Male,,,
15091,,71,Female,,,
15092,,41,Female,,,
15093,,40,Male,,,
15094,,16,Male,,,
15095,,41,Female,,,
15096,,66,Female,,,
15097,,75,Male,,,
15098,,70,Male,,,
15099,,27,Male,,,
15100,,48,Male,,,
15101,,36,Female,,,
15102,,73,Female,,,
15103,,69,Male,,,
15104,,30,Female,,,
15105,,15,Male,,,
15106,,68,Female,,,
15107,,42,Male,,,
15108,,74,Female,,,
15109,,69,Female,,,
15110,,29,Female,,,
15111,,14,Female,,,
15112,,15,Male,,,
15113,,66,Male,,,
15114,,43,Female,,,
15115,,65,Female,,,
15116,,10,Female,,,
15117,,20,Female,,,
15118,,66,Male,,,
15119,,15,Female,,,
15120,,44,Male,,,
15121,,53,Female,,,
15122,,27,Female,,,
15123,,22,Female,,,
15124,,21,Female,,,
15125,,76,Female,,,
15126,,53,Female,,,
15127,,53,Female,,,
15128,,48,Female,,,
15129,,42,Male,,,
15130,,18,Male,,,
15131,,72,Female,,,
15132,,12,Female,,,
15133,,31,Female,,,
15134,,63,Female,,,
15135,,60,Male,,,
15136,,22,Female,,,
15137,,35,Female,,,
15138,,50,Female,,,
15139,,62,Male,,,
15140,,54,Male,,,
15141,,40,Male,,,
15142,,47,Male,,,
15143,,59,Female,,,
15144,,37,Male,,,
15145,,79,Female,,,
15146,,47,Female,,,
15147,,48,Male,,,
15148,,60,Female,,,
15149,,67,Male,,,
15150,,45,Female,,,
15151,,70,Female,,,
15152,,41,Female,,,
15153,,39,Male,,,
15154,,70,Female,,,
15155,,34,Female,,,
15156,,77,Male,,,
15157,,23,Male,,,
15158,,31,Female,,,
15159,,68,Female,,,
15160,,15,Male,,,
15161,,58,Female,,,
15162,,13,Female,,,
15163,,60,Female,,,
15164,,58,Female,,,
15165,,73,Male,,,
15166,,41,Male,,,
15167,,41,Male,,,
15168,,35,Male,,,
15169,,79,Male,,,
15170,,57,Female,,,
15171,,24,Male,,,
15172,,36,Female,,,
15173,,28,Male,,,
15174,,18,Male,,,
15175,,33,Female,,,
15176,,70,Female,,,
15177,,18,Male,,,
15178,,18,Male,,,
15179,,22,Female,,,
15180,,22,Female,,,
15181,,48,Female,,,
15182,,59,Male,,,
15183,,50,Female,,,
15184,,67,Female,,,
15185,,34,Female,,,
15186,,78,Female,,,
15187,,17,Female,,,
15188,,72,Male,,,
15189,,45,Female,,,
15190,,48,Female,,,
15191,,42,Male,,,
15192,,47,Female,,,
15193,,64,Female,,,
15194,,58,Female,,,
15195,,15,Female,,,
15196,,34,Male,,,
15197,,45,Male,,,
15198,,54,Female,,,
15199,,72,Female,,,
15200,,73,Female,,,
15201,,31,Male,,,
15202,,76,Female,,,
15203,,76,Female,,,
15204,,73,Female,,,
15205,,39,Female,,,
15206,,23,Female,,,
15207,,47,Female,,,
15208,,58,Female,,,
15209,,58,Female,,,
15210,,26,Female,,,
15211,,23,Female,,,
15212,,16,Female,,,
15213,,26,Female,,,
15214,,26,Male,,,
15215,,34,Female,,,
15216,,43,Female,,,
15217,,12,Female,,,
15218,,42,Female,,,
15219,,50,Female,,,
15220,,49,Male,,,
15221,,19,Female,,,
15222,,61,Female,,,
15223,,55,Female,,,
15224,,75,Female,,,
15225,,70,Male,,,
15226,,29,Female,,,
15227,,35,Male,,,
15228,,32,Female,,,
15229,,64,Male,,,
15230,,50,Male,,,
15231,,45,Female,,,
15232,,58,Female,,,
15233,,60,Male,,,
15234,,18,Female,,,
15235,,48,Female,,,
15236,,25,Male,,,
15237,,20,Female,,,
15238,,24,Male,,,
15239,,25,Male,,,
15240,,56,Female,,,
15241,,38,Female,,,
15242,,26,Female,,,
15243,,24,Male,,,
15244,,71,Female,,,
15245,,17,Male,,,
15246,,12,Female,,,
15247,,33,Female,,,
15248,,43,Male,,,
15249,,26,Female,,,
15250,,32,Male,,,
15251,,74,Female,,,
15252,,17,Male,,,
15253,,44,Female,,,
15254,,44,Female,,,
15255,,26,Female,,,
15256,,71,Male,,,
15257,,51,Female,,,
15258,,33,Female,,,
15259,,24,Male,,,
15260,,75,Male,,,
15261,,59,Male,,,
15262,,24,Female,,,
15263,,14,Female,,,
15264,,30,Male,,,
15265,,79,Female,,,
15266,,20,Female,,,
15267,,25,Male,,,
15268,,57,Female,,,
15269,,45,Female,,,
15270,,60,Male,,,
15271,,22,Male,,,
15272,,46,Female,,,
15273,,29,Male,,,
15274,,68,Male,,,
15275,,33,Male,,,
15276,,10,Female,,,
15277,,52,Female,,,
15278,,28,Male,,,
15279,,21,Male,,,
15280,,65,Male,,,
15281,,44,Male,,,
15282,,68,Female,,,
15283,,17,Female,,,
15284,,42,Female,,,
15285,,53,Male,,,
15286,,53,Male,,,
15287,,36,Male,,,
15288,,54,Female,,,
15289,,67,Female,,,
15290,,27,Female,,,
15291,,46,Female,,,
15292,,52,Female,,,
15293,,75,Male,,,
15294,,59,Female,,,
15295,,47,Male,,,
15296,,74,Male,,,
15297,,22,Female,,,
15298,,36,Female,,,
15299,,55,Female,,,
15300,,46,Female,,,
15301,,25,Male,,,
15302,,61,Female,,,
15303,,30,Female,,,
15304,,12,Female,,,
15305,,38,Male,,,
15306,,39,Female,,,
15307,,29,Male,,,
15308,,11,Female,,,
15309,,38,Female,,,
15310,,24,Male,,,
15311,,74,Male,,,
15312,,79,Female,,,
15313,,57,Female,,,
15314,,22,Female,,,
15315,,58,Female,,,
15316,,21,Female,,,
15317,,39,Female,,,
15318,,53,Male,,,
15319,,43,Female,,,
15320,,13,Female,,,
15321,,13,Female,,,
15322,,78,Female,,,
15323,,44,Male,,,
15324,,29,Male,,,
15325,,79,Female,,,
15326,,49,Male,,,
15327,,27,Female,,,
15328,,28,Female,,,
15329,,36,Female,,,
15330,,45,Female,,,
15331,,72,Female,,,
15332,,76,Male,,,
15333,,22,Female,,,
15334,,71,Female,,,
15335,,26,Female,,,
15336,,54,Male,,,
15337,,55,Female,,,
15338,,45,Male,,,
15339,,23,Male,,,
15340,,59,Male,,,
15341,,13,Male,,,
15342,,46,Male,,,
15343,,48,Female,,,
15344,,17,Male,,,
15345,,78,Female,,,
15346,,39,Male,,,
15347,,47,Female,,,
15348,,60,Female,,,
15349,,73,Male,,,
15350,,60,Male,,,
15351,,30,Female,,,
15352,,29,Male,,,
15353,,21,Female,,,
15354,,56,Male,,,
15355,,44,Female,,,
15356,,17,Female,,,
15357,,59,Male,,,
15358,,78,Female,,,
15359,,28,Female,,,
15360,,48,Female,,,
15361,,11,Female,,,
15362,,67,Male,,,
15363,,19,Male,,,
15364,,12,Female,,,
15365,,54,Male,,,
15366,,32,Female,,,
15367,,52,Female,,,
15368,,73,Female,,,
15369,,41,Male,,,
15370,,12,Male,,,
15371,,37,Female,,,
15372,,50,Female,,,
15373,,72,Female,,,
15374,,30,Female,,,
15375,,15,Female,,,
15376,,57,Male,,,
15377,,74,Female,,,
15378,,10,Female,,,
15379,,56,Male,,,
15380,,65,Female,,,
15381,,47,Female,,,
15382,,39,Female,,,
15383,,66,Female,,,
15384,,53,Female,,,
15385,,51,Female,,,
15386,,65,Female,,,
15387,,78,Female,,,
15388,,34,Female,,,
15389,,66,Male,,,
15390,,21,Male,,,
15391,,11,Female,,,
15392,,14,Male,,,
15393,,76,Female,,,
15394,,13,Female,,,
15395,,26,Male,,,
15396,,64,Female,,,
15397,,56,Female,,,
15398,,74,Female,,,
15399,,10,Female,,,
15400,,56,Male,,,
15401,,22,Male,,,
15402,,35,Female,,,
15403,,38,Male,,,
15404,,72,Male,,,
15405,,75,Male,,,
15406,,16,Female,,,
15407,,13,Male,,,
15408,,22,Female,,,
15409,,19,Male,,,
15410,,39,Female,,,
15411,,56,Male,,,
15412,,79,Female,,,
15413,,59,Female,,,
15414,,52,Female,,,
15415,,43,Female,,,
15416,,66,Female,,,
15417,,30,Male,,,
15418,,28,Male,,,
15419,,24,Male,,,
15420,,52,Male,,,
15421,,10,Female,,,
15422,,51,Female,,,
15423,,76,Female,,,
15424,,50,Female,,,
15425,,54,Male,,,
15426,,63,Female,,,
15427,,32,Female,,,
15428,,23,Female,,,
15429,,21,Female,,,
15430,,57,Female,,,
15431,,79,Female,,,
15432,,21,Male,,,
15433,,11,Female,,,
15434,,21,Female,,,
15435,,32,Male,,,
15436,,77,Female,,,
15437,,56,Female,,,
15438,,37,Female,,,
15439,,47,Female,,,
15440,,73,Male,,,
15441,,46,Female,,,
15442,,16,Female,,,
15443,,32,Female,,,
15444,,71,Female,,,
15445,,40,Female,,,
15446,,78,Female,,,
15447,,52,Female,,,
15448,,15,Female,,,
15449,,79,Male,,,
15450,,45,Female,,,
15451,,58,Female,,,
15452,,23,Female,,,
15453,,68,Female,,,
15454,,21,Female,,,
15455,,41,Male,,,
15456,,58,Male,,,
15457,,37,Male,,,
15458,,44,Female,,,
15459,,35,Female,,,
15460,,68,Male,,,
15461,,71,Female,,,
15462,,73,Male,,,
15463,,67,Female,,,
15464,,67,Male,,,
15465,,48,Male,,,
15466,,56,Female,,,
15467,,67,Male,,,
15468,,21,Male,,,
15469,,73,Female,,,
15470,,24,Female,,,
15471,,28,Male,,,
15472,,38,Female,,,
15473,,77,Female,,,
15474,,15,Female,,,
15475,,56,Female,,,
15476,,79,Female,,,
15477,,43,Male,,,
15478,,36,Female,,,
15479,,13,Female,,,
15480,,44,Male,,,
15481,,27,Female,,,
15482,,54,Male,,,
15483,,29,Female,,,
15484,,63,Female,,,
15485,,13,Male,,,
15486,,32,Male,,,
15487,,49,Male,,,
15488,,73,Male,,,
15489,,32,Female,,,
15490,,14,Female,,,
15491,,57,Female,,,
15492,,51,Female,,,
15493,,21,Female,,,
15494,,19,Male,,,
15495,,20,Female,,,
15496,,78,Female,,,
15497,,41,Male,,,
15498,,77,Male,,,
15499,,36,Male,,,
15500,,63,Female,,,
15501,,13,Female,,,
15502,,76,Female,,,
15503,,52,Female,,,
15504,,37,Female,,,
15505,,23,Male,,,
15506,,15,Female,,,
15507,,61,Male,,,
15508,,48,Female,,,
15509,,21,Male,,,
15510,,58,Female,,,
15511,,16,Female,,,
15512,,69,Female,,,
15513,,79,Female,,,
15514,,63,Female,,,
15515,,13,Male,,,
15516,,11,Female,,,
15517,,62,Male,,,
15518,,59,Female,,,
15519,,51,Male,,,
15520,,48,Female,,,
15521,,45,Female,,,
15522,,40,Female,,,
15523,,32,Male,,,
15524,,52,Female,,,
15525,,58,Female,,,
15526,,42,Female,,,
15527,,47,Female,,,
15528,,71,Male,,,
15529,,22,Female,,,
15530,,78,Male,,,
15531,,45,Female,,,
15532,,71,Female,,,
15533,,14,Female,,,
15534,,75,Male,,,
15535,,47,Female,,,
15536,,45,Female,,,
15537,,66,Female,,,
15538,,23,Male,,,
15539,,61,Female,,,
15540,,16,Female,,,
15541,,35,Female,,,
15542,,36,Female,,,
15543,,58,Male,,,
15544,,54,Female,,,
15545,,33,Male,,,
15546,,57,Female,,,
15547,,62,Female,,,
15548,,24,Female,,,
15549,,37,Female,,,
15550,,36,Female,,,
15551,,12,Female,,,
15552,,72,Female,,,
15553,,52,Female,,,
15554,,61,Female,,,
15555,,77,Male,,,
15556,,34,Female,,,
15557,,73,Female,,,
15558,,10,Female,,,
15559,,20,Female,,,
15560,,60,Female,,,
15561,,17,Female,,,
15562,,61,Female,,,
15563,,18,Female,,,
15564,,47,Female,,,
15565,,19,Male,,,
15566,,31,Male,,,
15567,,23,Female,,,
15568,,69,Female,,,
15569,,41,Female,,,
15570,,32,Female,,,
15571,,10,Male,,,
15572,,25,Female,,,
15573,,40,Female,,,
15574,,41,Female,,,
15575,,65,Female,,,
15576,,74,Female,,,
15577,,61,Male,,,
15578,,54,Female,,,
15579,,16,Male,,,
15580,,59,Female,,,
15581,,13,Female,,,
15582,,76,Female,,,
15583,,78,Male,,,
15584,,34,Female,,,
15585,,78,Male,,,
15586,,45,Female,,,
15587,,64,Female,,,
15588,,19,Male,,,
15589,,50,Female,,,
15590,,35,Male,,,
15591,,22,Male,,,
15592,,70,Female,,,
15593,,70,Female,,,
15594,,64,Male,,,
15595,,65,Male,,,
15596,,44,Male,,,
15597,,59,Male,,,
15598,,25,Female,,,
15599,,12,Female,,,
15600,,36,Female,,,
15601,,73,Female,,,
15602,,10,Female,,,
15603,,31,Female,,,
15604,,32,Female,,,
15605,,44,Female,,,
15606,,36,Male,,,
15607,,40,Female,,,
15608,,67,Female,,,
15609,,67,Female,,,
15610,,25,Female,,,
15611,,22,Female,,,
15612,,50,Male,,,
15613,,30,Male,,,
15614,,38,Female,,,
15615,,62,Male,,,
15616,,56,Male,,,
15617,,49,Male,,,
15618,,58,Male,,,
15619,,56,Female,,,
15620,,31,Female,,,
15621,,34,Female,,,
15622,,56,Male,,,
15623,,63,Female,,,
15624,,20,Female,,,
15625,,13,Female,,,
15626,,71,Male,,,
15627,,18,Male,,,
15628,,37,Female,,,
15629,,72,Male,,,
15630,,73,Female,,,
15631,,54,Female,,,
15632,,58,Female,,,
15633,,13,Female,,,
15634,,42,Female,,,
15635,,11,Female,,,
15636,,30,Female,,,
15637,,21,Male,,,
15638,,19,Female,,,
15639,,74,Female,,,
15640,,70,Male,,,
15641,,14,Female,,,
15642,,44,Female,,,
15643,,47,Male,,,
15644,,27,Female,,,
15645,,76,Female,,,
15646,,48,Female,,,
15647,,34,Female,,,
15648,,47,Male,,,
15649,,71,Female,,,
15650,,68,Male,,,
15651,,67,Male,,,
15652,,17,Male,,,
15653,,14,Male,,,
15654,,47,Female,,,
15655,,79,Female,,,
15656,,48,Male,,,
15657,,63,Male,,,
15658,,33,Male,,,
15659,,68,Female,,,
15660,,44,Female,,,
15661,,76,Female,,,
15662,,24,Male,,,
15663,,22,Female,,,
15664,,78,Male,,,
15665,,79,Male,,,
15666,,73,Female,,,
15667,,45,Male,,,
15668,,25,Male,,,
15669,,18,Female,,,
15670,,32,Male,,,
15671,,67,Female,,,
15672,,31,Female,,,
15673,,11,Female,,,
15674,,69,Female,,,
15675,,17,Female,,,
15676,,50,Male,,,
15677,,60,Male,,,
15678,,43,Male,,,
15679,,60,Female,,,
15680,,15,Female,,,
15681,,42,Female,,,
15682,,42,Female,,,
15683,,70,Female,,,
15684,,65,Female,,,
15685,,38,Male,,,
15686,,15,Male,,,
15687,,72,Male,,,
15688,,53,Female,,,
15689,,37,Female,,,
15690,,49,Female,,,
15691,,12,Female,,,
15692,,77,Female,,,
15693,,68,Female,,,
15694,,75,Female,,,
15695,,57,Female,,,
15696,,40,Female,,,
15697,,47,Female,,,
15698,,76,Female,,,
15699,,48,Male,,,
15700,,14,Male,,,
15701,,69,Female,,,
15702,,46,Female,,,
15703,,49,Male,,,
15704,,53,Female,,,
15705,,70,Female,,,
15706,,75,Female,,,
15707,,35,Male,,,
15708,,41,Male,,,
15709,,34,Male,,,
15710,,77,Female,,,
15711,,21,Male,,,
15712,,39,Female,,,
15713,,64,Female,,,
15714,,77,Female,,,
15715,,62,Male,,,
15716,,78,Male,,,
15717,,15,Female,,,
15718,,12,Male,,,
15719,,45,Female,,,
15720,,21,Female,,,
15721,,78,Male,,,
15722,,10,Male,,,
15723,,17,Female,,,
15724,,73,Male,,,
15725,,41,Male,,,
15726,,17,Female,,,
15727,,17,Female,,,
15728,,78,Female,,,
15729,,60,Female,,,
15730,,26,Male,,,
15731,,52,Female,,,
15732,,43,Female,,,
15733,,11,Female,,,
15734,,30,Female,,,
15735,,30,Female,,,
15736,,41,Male,,,
15737,,35,Female,,,
15738,,17,Female,,,
15739,,66,Female,,,
15740,,75,Male,,,
15741,,76,Female,,,
15742,,62,Female,,,
15743,,56,Female,,,
15744,,64,Female,,,
15745,,63,Female,,,
15746,,13,Male,,,
15747,,35,Female,,,
15748,,23,Male,,,
15749,,25,Female,,,
15750,,39,Female,,,
15751,,44,Female,,,
15752,,51,Female,,,
15753,,46,Male,,,
15754,,26,Male,,,
15755,,46,Male,,,
15756,,56,Female,,,
15757,,36,Female,,,
15758,,58,Female,,,
15759,,51,Female,,,
15760,,26,Female,,,
15761,,38,Female,,,
15762,,15,Female,,,
15763,,24,Male,,,
15764,,44,Female,,,
15765,,60,Female,,,
15766,,77,Male,,,
15767,,22,Female,,,
15768,,49,Male,,,
15769,,78,Female,,,
15770,,49,Female,,,
15771,,12,Female,,,
15772,,66,Female,,,
15773,,26,Female,,,
15774,,47,Female,,,
15775,,25,Female,,,
15776,,77,Male,,,
15777,,15,Female,,,
15778,,14,Female,,,
15779,,38,Female,,,
15780,,27,Female,,,
15781,,49,Female,,,
15782,,63,Female,,,
15783,,63,Female,,,
15784,,79,Male,,,
15785,,17,Male,,,
15786,,10,Male,,,
15787,,71,Male,,,
15788,,28,Female,,,
15789,,45,Male,,,
15790,,45,Male,,,
15791,,41,Female,,,
15792,,40,Female,,,
15793,,65,Female,,,
15794,,39,Female,,,
15795,,49,Male,,,
15796,,70,Female,,,
15797,,30,Female,,,
15798,,16,Female,,,
15799,,39,Female,,,
15800,,71,Female,,,
15801,,41,Male,,,
15802,,29,Male,,,
15803,,52,Female,,,
15804,,61,Female,,,
15805,,58,Female,,,
15806,,64,Female,,,
15807,,63,Female,,,
15808,,55,Female,,,
15809,,50,Female,,,
15810,,68,Female,,,
15811,,44,Female,,,
15812,,28,Male,,,
15813,,29,Female,,,
15814,,59,Male,,,
15815,,59,Female,,,
15816,,59,Male,,,
15817,,21,Female,,,
15818,,24,Female,,,
15819,,26,Female,,,
15820,,26,Female,,,
15821,,31,Female,,,
15822,,69,Female,,,
15823,,21,Female,,,
15824,,33,Male,,,
15825,,44,Female,,,
15826,,57,Male,,,
15827,,43,Female,,,
15828,,32,Female,,,
15829,,60,Female,,,
15830,,49,Male,,,
15831,,31,Male,,,
15832,,39,Female,,,
15833,,60,Female,,,
15834,,16,Female,,,
15835,,24,Male,,,
15836,,15,Female,,,
15837,,38,Male,,,
15838,,42,Female,,,
15839,,73,Female,,,
15840,,25,Female,,,
15841,,59,Male,,,
15842,,65,Female,,,
15843,,11,Female,,,
15844,,72,Female,,,
15845,,76,Female,,,
15846,,36,Female,,,
15847,,25,Male,,,
15848,,54,Female,,,
15849,,55,Male,,,
15850,,38,Female,,,
15851,,52,Male,,,
15852,,56,Female,,,
15853,,65,Female,,,
15854,,47,Female,,,
15855,,32,Male,,,
15856,,32,Female,,,
15857,,20,Female,,,
15858,,66,Female,,,
15859,,72,Female,,,
15860,,68,Male,,,
15861,,28,Female,,,
15862,,22,Female,,,
15863,,55,Male,,,
15864,,77,Female,,,
15865,,13,Female,,,
15866,,73,Female,,,
15867,,32,Female,,,
15868,,43,Male,,,
15869,,78,Male,,,
15870,,44,Female,,,
15871,,17,Female,,,
15872,,20,Female,,,
15873,,25,Male,,,
15874,,66,Male,,,
15875,,48,Female,,,
15876,,57,Female,,,
15877,,25,Female,,,
15878,,59,Male,,,
15879,,25,Female,,,
15880,,32,Female,,,
15881,,70,Male,,,
15882,,17,Female,,,
15883,,76,Female,,,
15884,,74,Female,,,
15885,,35,Female,,,
15886,,20,Male,,,
15887,,59,Female,,,
15888,,13,Female,,,
15889,,73,Male,,,
15890,,53,Male,,,
15891,,59,Female,,,
15892,,78,Male,,,
15893,,44,Female,,,
15894,,36,Male,,,
15895,,26,Female,,,
15896,,18,Male,,,
15897,,72,Female,,,
15898,,37,Female,,,
15899,,30,Male,,,
15900,,75,Female,,,
15901,,46,Female,,,
15902,,61,Female,,,
15903,,69,Female,,,
15904,,24,Female,,,
15905,,77,Female,,,
15906,,72,Female,,,
15907,,13,Female,,,
15908,,48,Female,,,
15909,,14,Female,,,
15910,,41,Female,,,
15911,,64,Male,,,
15912,,31,Female,,,
15913,,12,Male,,,
15914,,15,Female,,,
15915,,53,Male,,,
15916,,48,Male,,,
15917,,11,Female,,,
15918,,62,Female,,,
15919,,50,Female,,,
15920,,48,Female,,,
15921,,33,Female,,,
15922,,72,Female,,,
15923,,17,Female,,,
15924,,65,Male,,,
15925,,74,Male,,,
15926,,13,Female,,,
15927,,75,Female,,,
15928,,15,Female,,,
15929,,37,Female,,,
15930,,30,Male,,,
15931,,78,Male,,,
15932,,54,Male,,,
15933,,75,Female,,,
15934,,49,Male,,,
15935,,49,Female,,,
15936,,29,Male,,,
15937,,47,Female,,,
15938,,40,Female,,,
15939,,13,Female,,,
15940,,61,Female,,,
15941,,26,Female,,,
15942,,46,Male,,,
15943,,21,Male,,,
15944,,42,Female,,,
15945,,74,Male,,,
15946,,57,Female,,,
15947,,78,Female,,,
15948,,30,Male,,,
15949,,71,Female,,,
15950,,56,Female,,,
15951,,13,Male,,,
15952,,24,Female,,,
15953,,30,Female,,,
15954,,73,Male,,,
15955,,40,Female,,,
15956,,10,Female,,,
15957,,33,Female,,,
15958,,36,Female,,,
15959,,10,Female,,,
15960,,16,Female,,,
15961,,55,Male,,,
15962,,38,Female,,,
15963,,55,Female,,,
15964,,59,Female,,,
15965,,61,Female,,,
15966,,76,Female,,,
15967,,78,Male,,,
15968,,58,Female,,,
15969,,25,Female,,,
15970,,29,Female,,,
15971,,59,Male,,,
15972,,48,Female,,,
15973,,65,Male,,,
15974,,38,Female,,,
15975,,55,Female,,,
15976,,37,Male,,,
15977,,54,Female,,,
15978,,65,Female,,,
15979,,24,Male,,,
15980,,23,Male,,,
15981,,34,Female,,,
15982,,58,Male,,,
15983,,67,Female,,,
15984,,16,Female,,,
15985,,49,Male,,,
15986,,72,Female,,,
15987,,23,Female,,,
15988,,18,Female,,,
15989,,77,Female,,,
15990,,58,Male,,,
15991,,18,Female,,,
15992,,39,Female,,,
15993,,72,Female,,,
15994,,18,Female,,,
15995,,23,Female,,,
15996,,47,Male,,,
15997,,67,Female,,,
15998,,47,Female,,,
15999,,59,Female,,,
16000,,45,Female,,,
16001,,22,Female,,,
16002,,64,Male,,,
16003,,35,Female,,,
16004,,18,Female,,,
16005,,11,Female,,,
16006,,51,Female,,,
16007,,51,Male,,,
16008,,75,Female,,,
16009,,32,Male,,,
16010,,25,Male,,,
16011,,48,Male,,,
16012,,48,Male,,,
16013,,49,Male,,,
16014,,19,Female,,,
16015,,62,Female,,,
16016,,77,Male,,,
16017,,29,Female,,,
16018,,71,Male,,,
16019,,23,Female,,,
16020,,17,Male,,,
16021,,32,Female,,,
16022,,54,Male,,,
16023,,27,Female,,,
16024,,44,Male,,,
16025,,26,Male,,,
16026,,56,Female,,,
16027,,50,Female,,,
16028,,57,Female,,,
16029,,29,Female,,,
16030,,30,Female,,,
16031,,30,Female,,,
16032,,63,Male,,,
16033,,32,Female,,,
16034,,60,Male,,,
16035,,73,Female,,,
16036,,55,Female,,,
16037,,47,Female,,,
16038,,79,Male,,,
16039,,35,Female,,,
16040,,67,Female,,,
16041,,71,Female,,,
16042,,64,Male,,,
16043,,29,Male,,,
16044,,52,Male,,,
16045,,61,Female,,,
16046,,12,Female,,,
16047,,29,Female,,,
16048,,26,Female,,,
16049,,52,Female,,,
16050,,67,Female,,,
16051,,75,Female,,,
16052,,41,Female,,,
16053,,57,Female,,,
16054,,60,Male,,,
16055,,10,Male,,,
16056,,58,Female,,,
16057,,69,Male,,,
16058,,33,Female,,,
16059,,66,Female,,,
16060,,67,Male,,,
16061,,57,Male,,,
16062,,53,Female,,,
16063,,11,Male,,,
16064,,23,Female,,,
16065,,48,Male,,,
16066,,11,Female,,,
16067,,70,Female,,,
16068,,60,Female,,,
16069,,36,Female,,,
16070,,79,Female,,,
16071,,77,Female,,,
16072,,48,Male,,,
16073,,53,Female,,,
16074,,35,Male,,,
16075,,20,Female,,,
16076,,79,Female,,,
16077,,71,Male,,,
16078,,18,Female,,,
16079,,45,Female,,,
16080,,44,Female,,,
16081,,21,Female,,,
16082,,46,Female,,,
16083,,39,Female,,,
16084,,56,Female,,,
16085,,29,Male,,,
16086,,59,Male,,,
16087,,65,Male,,,
16088,,62,Female,,,
16089,,64,Female,,,
16090,,59,Male,,,
16091,,63,Female,,,
16092,,40,Male,,,
16093,,63,Female,,,
16094,,62,Female,,,
16095,,50,Female,,,
16096,,57,Female,,,
16097,,63,Male,,,
16098,,65,Female,,,
16099,,59,Female,,,
16100,,27,Female,,,
16101,,20,Female,,,
16102,,46,Female,,,
16103,,49,Female,,,
16104,,44,Female,,,
16105,,23,Female,,,
16106,,31,Female,,,
16107,,32,Male,,,
16108,,17,Female,,,
16109,,76,Female,,,
16110,,25,Male,,,
16111,,13,Male,,,
16112,,64,Female,,,
16113,,26,Female,,,
16114,,51,Female,,,
16115,,36,Male,,,
16116,,30,Female,,,
16117,,33,Female,,,
16118,,25,Male,,,
16119,,79,Female,,,
16120,,25,Male,,,
16121,,47,Female,,,
16122,,55,Female,,,
16123,,64,Female,,,
16124,,72,Female,,,
16125,,15,Male,,,
16126,,65,Female,,,
16127,,52,Female,,,
16128,,71,Female,,,
16129,,75,Male,,,
16130,,22,Female,,,
16131,,27,Female,,,
16132,,74,Female,,,
16133,,61,Female,,,
16134,,43,Male,,,
16135,,69,Female,,,
16136,,67,Female,,,
16137,,28,Female,,,
16138,,39,Male,,,
16139,,75,Female,,,
16140,,67,Female,,,
16141,,78,Female,,,
16142,,58,Male,,,
16143,,28,Female,,,
16144,,72,Male,,,
16145,,31,Male,,,
16146,,78,Female,,,
16147,,15,Male,,,
16148,,40,Female,,,
16149,,46,Female,,,
16150,,77,Female,,,
16151,,25,Female,,,
16152,,66,Female,,,
16153,,51,Female,,,
16154,,43,Female,,,
16155,,65,Female,,,
16156,,24,Female,,,
16157,,35,Female,,,
16158,,32,Male,,,
16159,,17,Male,,,
16160,,28,Female,,,
16161,,40,Male,,,
16162,,24,Female,,,
16163,,44,Female,,,
16164,,48,Female,,,
16165,,70,Female,,,
16166,,20,Female,,,
16167,,73,Female,,,
16168,,57,Female,,,
16169,,72,Male,,,
16170,,76,Male,,,
16171,,12,Female,,,
16172,,79,Female,,,
16173,,21,Female,,,
16174,,13,Female,,,
16175,,49,Female,,,
16176,,48,Male,,,
16177,,36,Male,,,
16178,,16,Female,,,
16179,,23,Female,,,
16180,,41,Male,,,
16181,,71,Female,,,
16182,,40,Female,,,
16183,,39,Female,,,
16184,,11,Female,,,
16185,,31,Female,,,
16186,,58,Female,,,
16187,,64,Female,,,
16188,,58,Female,,,
16189,,22,Female,,,
16190,,61,Female,,,
16191,,16,Female,,,
16192,,57,Female,,,
16193,,75,Female,,,
16194,,33,Female,,,
16195,,13,Female,,,
16196,,28,Female,,,
16197,,18,Female,,,
16198,,24,Male,,,
16199,,74,Female,,,
16200,,19,Female,,,
16201,,75,Female,,,
16202,,28,Female,,,
16203,,45,Male,,,
16204,,38,Female,,,
16205,,24,Female,,,
16206,,76,Female,,,
16207,,21,Female,,,
16208,,33,Female,,,
16209,,15,Female,,,
16210,,46,Male,,,
16211,,12,Female,,,
16212,,26,Female,,,
16213,,48,Male,,,
16214,,26,Female,,,
16215,,57,Male,,,
16216,,61,Male,,,
16217,,72,Female,,,
16218,,58,Female,,,
16219,,25,Female,,,
16220,,25,Female,,,
16221,,14,Female,,,
16222,,44,Female,,,
16223,,39,Female,,,
16224,,20,Male,,,
16225,,49,Male,,,
16226,,51,Female,,,
16227,,25,Female,,,
16228,,43,Female,,,
16229,,75,Female,,,
16230,,41,Male,,,
16231,,44,Male,,,
16232,,32,Female,,,
16233,,42,Male,,,
16234,,57,Female,,,
16235,,54,Female,,,
16236,,70,Female,,,
16237,,56,Male,,,
16238,,40,Female,,,
16239,,41,Male,,,
16240,,21,Male,,,
16241,,68,Female,,,
16242,,66,Male,,,
16243,,78,Male,,,
16244,,17,Male,,,
16245,,63,Female,,,
16246,,65,Male,,,
16247,,75,Female,,,
16248,,49,Female,,,
16249,,75,Female,,,
16250,,75,Male,,,
16251,,49,Female,,,
16252,,58,Male,,,
16253,,68,Female,,,
16254,,28,Female,,,
16255,,28,Female,,,
16256,,56,Female,,,
16257,,37,Female,,,
16258,,42,Female,,,
16259,,11,Female,,,
16260,,22,Female,,,
16261,,13,Female,,,
16262,,72,Male,,,
16263,,38,Female,,,
16264,,20,Male,,,
16265,,45,Male,,,
16266,,16,Female,,,
16267,,61,Female,,,
16268,,72,Female,,,
16269,,16,Male,,,
16270,,21,Female,,,
16271,,13,Male,,,
16272,,33,Female,,,
16273,,48,Male,,,
16274,,62,Female,,,
16275,,73,Male,,,
16276,,25,Female,,,
16277,,16,Male,,,
16278,,41,Male,,,
16279,,35,Female,,,
16280,,39,Male,,,
16281,,52,Female,,,
16282,,72,Female,,,
16283,,49,Male,,,
16284,,54,Male,,,
16285,,37,Female,,,
16286,,50,Male,,,
16287,,29,Female,,,
16288,,40,Male,,,
16289,,62,Female,,,
16290,,40,Male,,,
16291,,23,Male,,,
16292,,75,Male,,,
16293,,67,Female,,,
16294,,12,Female,,,
16295,,19,Male,,,
16296,,65,Female,,,
16297,,13,Female,,,
16298,,71,Female,,,
16299,,25,Female,,,
16300,,53,Female,,,
16301,,75,Male,,,
16302,,10,Female,,,
16303,,13,Male,,,
16304,,34,Male,,,
16305,,78,Male,,,
16306,,23,Male,,,
16307,,15,Female,,,
16308,,68,Female,,,
16309,,34,Female,,,
16310,,55,Female,,,
16311,,34,Male,,,
16312,,69,Female,,,
16313,,49,Female,,,
16314,,79,Female,,,
16315,,41,Female,,,
16316,,43,Female,,,
16317,,44,Male,,,
16318,,10,Female,,,
16319,,13,Male,,,
16320,,68,Female,,,
16321,,57,Female,,,
16322,,15,Male,,,
16323,,75,Female,,,
16324,,13,Female,,,
16325,,79,Male,,,
16326,,26,Female,,,
16327,,73,Male,,,
16328,,10,Female,,,
16329,,22,Male,,,
16330,,22,Female,,,
16331,,47,Female,,,
16332,,75,Male,,,
16333,,47,Male,,,
16334,,36,Female,,,
16335,,23,Female,,,
16336,,29,Female,,,
16337,,32,Female,,,
16338,,22,Male,,,
16339,,52,Female,,,
16340,,57,Female,,,
16341,,78,Female,,,
16342,,15,Female,,,
16343,,77,Male,,,
16344,,47,Female,,,
16345,,24,Female,,,
16346,,64,Female,,,
16347,,77,Female,,,
16348,,35,Female,,,
16349,,76,Female,,,
16350,,55,Male,,,
16351,,27,Female,,,
16352,,72,Male,,,
16353,,76,Male,,,
16354,,13,Female,,,
16355,,61,Male,,,
16356,,59,Male,,,
16357,,43,Male,,,
16358,,57,Female,,,
16359,,72,Male,,,
16360,,28,Female,,,
16361,,34,Female,,,
16362,,41,Female,,,
16363,,43,Male,,,
16364,,15,Female,,,
16365,,76,Female,,,
16366,,34,Female,,,
16367,,10,Female,,,
16368,,19,Male,,,
16369,,47,Female,,,
16370,,14,Male,,,
16371,,11,Female,,,
16372,,35,Male,,,
16373,,39,Female,,,
16374,,35,Female,,,
16375,,60,Male,,,
16376,,17,Male,,,
16377,,55,Male,,,
16378,,46,Male,,,
16379,,57,Female,,,
16380,,30,Female,,,
16381,,65,Male,,,
16382,,52,Male,,,
16383,,77,Male,,,
16384,,17,Female,,,
16385,,28,Male,,,
16386,,71,Female,,,
16387,,75,Female,,,
16388,,11,Male,,,
16389,,61,Female,,,
16390,,36,Female,,,
16391,,62,Female,,,
16392,,78,Female,,,
16393,,18,Male,,,
16394,,64,Female,,,
16395,,11,Female,,,
16396,,56,Male,,,
16397,,75,Male,,,
16398,,10,Male,,,
16399,,60,Male,,,
16400,,30,Female,,,
16401,,21,Female,,,
16402,,76,Male,,,
16403,,39,Male,,,
16404,,28,Female,,,
16405,,42,Female,,,
16406,,40,Male,,,
16407,,30,Female,,,
16408,,45,Female,,,
16409,,65,Male,,,
16410,,30,Female,,,
16411,,35,Male,,,
16412,,75,Male,,,
16413,,15,Male,,,
16414,,39,Female,,,
16415,,54,Female,,,
16416,,40,Female,,,
16417,,18,Female,,,
16418,,25,Female,,,
16419,,45,Male,,,
16420,,74,Female,,,
16421,,45,Female,,,
16422,,10,Female,,,
16423,,32,Female,,,
16424,,61,Male,,,
16425,,67,Female,,,
16426,,50,Female,,,
16427,,45,Male,,,
16428,,76,Female,,,
16429,,41,Female,,,
16430,,51,Male,,,
16431,,73,Male,,,
16432,,62,Male,,,
16433,,41,Male,,,
16434,,21,Male,,,
16435,,63,Female,,,
16436,,50,Male,,,
16437,,32,Male,,,
16438,,65,Female,,,
16439,,37,Male,,,
16440,,68,Male,,,
16441,,49,Female,,,
16442,,59,Female,,,
16443,,60,Female,,,
16444,,24,Female,,,
16445,,35,Female,,,
16446,,58,Female,,,
16447,,21,Female,,,
16448,,25,Male,,,
16449,,14,Female,,,
16450,,30,Male,,,
16451,,20,Female,,,
16452,,22,Female,,,
16453,,68,Female,,,
16454,,49,Female,,,
16455,,77,Female,,,
16456,,22,Male,,,
16457,,46,Female,,,
16458,,58,Female,,,
16459,,55,Female,,,
16460,,46,Male,,,
16461,,37,Female,,,
16462,,56,Male,,,
16463,,18,Other,,,
16464,,25,Female,,,
16465,,18,Male,,,
16466,,53,Male,,,
16467,,78,Other,,,
16468,,53,Male,,,
16469,,47,Female,,,
16470,,46,Other,,,
16471,,73,Other,,,
16472,,76,Male,,,
16473,,69,Other,,,
16474,,65,Female,,,
16475,,56,Other,,,
16476,,42,Other,,,
16477,,25,Other,,,
16478,,33,Other,,,
16479,,27,Female,,,
16480,,10,Other,,,
16481,,79,Male,,,
16482,,27,Other,,,
16483,,54,Male,,,
16484,,37,Female,,,
16485,,18,Male,,,
16486,,49,Other,,,
16487,,12,Other,,,
16488,,62,Female,,,
16489,,53,Female,,,
16490,,68,Female,,,
16491,,12,Male,,,
16492,,57,Male,,,
16493,,25,Other,,,
16494,,31,Female,,,
16495,,46,Female,,,
16496,,38,Other,,,
16497,,21,Other,,,
16498,,62,Other,,,
16499,,21,Male,,,
16500,,35,Male,,,
16501,,11,Other,,,
16502,,32,Other,,,
16503,,41,Other,,,
16504,,65,Other,,,
16505,,77,Male,,,
16506,,32,Other,,,
16507,,30,Female,,,
16508,,44,Female,,,
16509,,53,Other,,,
16510,,74,Female,,,
16511,,23,Other,,,
16512,,76,Female,,,
16513,,78,Other,,,
16514,,62,Male,,,
16515,,36,Male,,,
16516,,40,Other,,,
16517,,14,Other,,,
16518,,71,Male,,,
16519,,68,Female,,,
16520,,16,Female,,,
16521,,32,Female,,,
16522,,39,Male,,,
16523,,40,Other,,,
16524,,53,Female,,,
16525,,65,Male,,,
16526,,79,Male,,,
16527,,13,Female,,,
16528,,45,Male,,,
16529,,64,Male,,,
16530,,15,Male,,,
16531,,22,Male,,,
16532,,48,Other,,,
16533,,35,Female,,,
16534,,23,Female,,,
16535,,68,Other,,,
16536,,77,Female,,,
16537,,30,Male,,,
16538,,25,Other,,,
16539,,43,Other,,,
16540,,16,Male,,,
16541,,19,Female,,,
16542,,64,Male,,,
16543,,73,Female,,,
16544,,25,Female,,,
16545,,28,Male,,,
16546,,29,Other,,,
16547,,34,Male,,,
16548,,15,Other,,,
16549,,57,Male,,,
16550,,11,Male,,,
16551,,49,Male,,,
16552,,62,Other,,,
16553,,17,Other,,,
16554,,36,Other,,,
16555,,76,Female,,,
16556,,57,Female,,,
16557,,19,Other,,,
16558,,35,Other,,,
16559,,69,Other,,,
16560,,16,Male,,,
16561,,75,Male,,,
16562,,76,Other,,,
16563,,40,Male,,,
16564,,22,Female,,,
16565,,50,Female,,,
16566,,76,Female,,,
16567,,70,Male,,,
16568,,23,Other,,,
16569,,23,Male,,,
16570,,12,Female,,,
16571,,63,Other,,,
16572,,43,Male,,,
16573,,38,Female,,,
16574,,35,Other,,,
16575,,17,Male,,,
16576,,75,Male,,,
16577,,49,Female,,,
16578,,47,Other,,,
16579,,61,Other,,,
16580,,46,Female,,,
16581,,17,Female,,,
16582,,73,Other,,,
16583,,79,Other,,,
16584,,32,Female,,,
16585,,66,Other,,,
16586,,70,Male,,,
16587,,72,Female,,,
16588,,10,Male,,,
16589,,43,Male,,,
16590,,63,Female,,,
16591,,20,Female,,,
16592,,64,Other,,,
16593,,23,Female,,,
16594,,57,Male,,,
16595,,59,Other,,,
16596,,37,Male,,,
16597,,25,Other,,,
16598,,59,Female,,,
16599,,64,Other,,,
16600,,21,Female,,,
16601,,49,Female,,,
16602,,20,Male,,,
16603,,56,Male,,,
16604,,57,Female,,,
16605,,45,Female,,,
16606,,21,Other,,,
16607,,29,Male,,,
16608,,27,Female,,,
16609,,78,Female,,,
16610,,45,Male,,,
16611,,14,Other,,,
16612,,72,Male,,,
16613,,15,Female,,,
16614,,39,Other,,,
16615,,29,Other,,,
16616,,27,Female,,,
16617,,73,Other,,,
16618,,73,Other,,,
16619,,48,Other,,,
16620,,75,Other,,,
16621,,15,Male,,,
16622,,32,Other,,,
16623,,10,Male,,,
16624,,50,Other,,,
16625,,65,Other,,,
16626,,36,Female,,,
16627,,62,Female,,,
16628,,33,Other,,,
16629,,16,Other,,,
16630,,76,Other,,,
16631,,30,Female,,,
16632,,44,Female,,,
16633,,52,Female,,,
16634,,38,Female,,,
16635,,65,Other,,,
16636,,65,Female,,,
16637,,30,Female,,,
16638,,46,Female,,,
16639,,40,Female,,,
16640,,25,Other,,,
16641,,12,Male,,,
16642,,12,Female,,,
16643,,52,Other,,,
16644,,34,Female,,,
16645,,60,Male,,,
16646,,52,Other,,,
16647,,60,Other,,,
16648,,33,Male,,,
16649,,37,Other,,,
16650,,18,Female,,,
16651,,10,Male,,,
16652,,65,Female,,,
16653,,41,Female,,,
16654,,64,Other,,,
16655,,24,Male,,,
16656,,55,Female,,,
16657,,70,Other,,,
16658,,37,Female,,,
16659,,20,Other,,,
16660,,51,Other,,,
16661,,77,Female,,,
16662,,35,Female,,,
16663,,61,Other,,,
16664,,79,Male,,,
16665,,37,Other,,,
16666,,74,Female,,,
16667,,14,Female,,,
16668,,49,Other,,,
16669,,77,Male,,,
16670,,29,Female,,,
16671,,21,Female,,,
16672,,17,Female,,,
16673,,11,Female,,,
16674,,69,Male,,,
16675,,70,Female,,,
16676,,41,Male,,,
16677,,19,Other,,,
16678,,79,Other,,,
16679,,29,Female,,,
16680,,39,Other,,,
16681,,65,Male,,,
16682,,64,Male,,,
16683,,51,Other,,,
16684,,45,Female,,,
16685,,58,Female,,,
16686,,55,Other,,,
16687,,54,Male,,,
16688,,14,Female,,,
16689,,56,Other,,,
16690,,20,Male,,,
16691,,36,Other,,,
16692,,47,Male,,,
16693,,39,Female,,,
16694,,44,Male,,,
16695,,36,Male,,,
16696,,30,Other,,,
16697,,18,Male,,,
16698,,36,Female,,,
16699,,53,Male,,,
16700,,34,Other,,,
16701,,39,Male,,,
16702,,52,Female,,,
16703,,22,Female,,,
16704,,24,Male,,,
16705,,42,Female,,,
16706,,79,Female,,,
16707,,37,Male,,,
16708,,63,Female,,,
16709,,50,Female,,,
16710,,43,Other,,,
16711,,57,Other,,,
16712,,66,Other,,,
16713,,63,Female,,,
16714,,30,Female,,,
16715,,73,Other,,,
16716,,61,Other,,,
16717,,67,Other,,,
16718,,77,Male,,,
16719,,60,Female,,,
16720,,53,Male,,,
16721,,60,Other,,,
16722,,78,Other,,,
16723,,68,Female,,,
16724,,54,Male,,,
16725,,72,Other,,,
16726,,11,Male,,,
16727,,36,Male,,,
16728,,59,Male,,,
16729,,79,Female,,,
16730,,14,Female,,,
16731,,25,Other,,,
16732,,57,Other,,,
16733,,74,Female,,,
16734,,77,Female,,,
16735,,43,Female,,,
16736,,39,Male,,,
16737,,58,Other,,,
16738,,75,Other,,,
16739,,70,Other,,,
16740,,66,Female,,,
16741,,19,Male,,,
16742,,37,Other,,,
16743,,41,Female,,,
16744,,64,Female,,,
16745,,44,Male,,,
16746,,32,Male,,,
16747,,34,Other,,,
16748,,38,Male,,,
16749,,40,Other,,,
16750,,56,Male,,,
16751,,59,Male,,,
16752,,60,Female,,,
16753,,12,Male,,,
16754,,62,Female,,,
16755,,28,Male,,,
16756,,37,Other,,,
16757,,11,Female,,,
16758,,42,Other,,,
16759,,40,Other,,,
16760,,64,Male,,,
16761,,14,Other,,,
16762,,37,Female,,,
16763,,51,Male,,,
16764,,48,Female,,,
16765,,79,Other,,,
16766,,47,Male,,,
16767,,76,Female,,,
16768,,63,Other,,,
16769,,73,Male,,,
16770,,75,Female,,,
16771,,26,Male,,,
16772,,20,Other,,,
16773,,75,Other,,,
16774,,67,Male,,,
16775,,34,Male,,,
16776,,50,Male,,,
16777,,47,Male,,,
16778,,19,Other,,,
16779,,44,Other,,,
16780,,77,Female,,,
16781,,38,Other,,,
16782,,47,Other,,,
16783,,52,Other,,,
16784,,71,Other,,,
16785,,17,Female,,,
16786,,37,Female,,,
16787,,53,Male,,,
16788,,49,Male,,,
16789,,24,Other,,,
16790,,75,Male,,,
16791,,53,Male,,,
16792,,68,Female,,,
16793,,16,Male,,,
16794,,55,Female,,,
16795,,17,Other,,,
16796,,38,Other,,,
16797,,23,Other,,,
16798,,33,Female,,,
16799,,36,Other,,,
16800,,70,Other,,,
16801,,57,Male,,,
16802,,45,Male,,,
16803,,47,Other,,,
16804,,45,Male,,,
16805,,10,Other,,,
16806,,62,Female,,,
16807,,64,Other,,,
16808,,10,Other,,,
16809,,63,Male,,,
16810,,59,Female,,,
16811,,43,Female,,,
16812,,19,Other,,,
16813,,50,Other,,,
16814,,29,Female,,,
16815,,18,Female,,,
16816,,57,Female,,,
16817,,42,Other,,,
16818,,52,Female,,,
16819,,34,Other,,,
16820,,28,Male,,,
16821,,51,Female,,,
16822,,59,Male,,,
16823,,26,Male,,,
16824,,46,Other,,,
16825,,64,Male,,,
16826,,77,Female,,,
16827,,42,Male,,,
16828,,62,Female,,,
16829,,10,Other,,,
16830,,58,Male,,,
16831,,66,Female,,,
16832,,16,Other,,,
16833,,76,Other,,,
16834,,38,Other,,,
16835,,53,Female,,,
16836,,19,Male,,,
16837,,41,Male,,,
16838,,75,Male,,,
16839,,36,Female,,,
16840,,25,Other,,,
16841,,57,Other,,,
16842,,14,Other,,,
16843,,39,Male,,,
16844,,18,Other,,,
16845,,15,Male,,,
16846,,31,Female,,,
16847,,68,Male,,,
16848,,37,Female,,,
16849,,42,Female,,,
16850,,57,Male,,,
16851,,19,Male,,,
16852,,40,Female,,,
16853,,41,Other,,,
16854,,63,Other,,,
16855,,21,Male,,,
16856,,28,Male,,,
16857,,66,Male,,,
16858,,72,Other,,,
16859,,58,Female,,,
16860,,52,Female,,,
16861,,37,Female,,,
16862,,73,Other,,,
16863,,72,Female,,,
16864,,19,Other,,,
16865,,66,Female,,,
16866,,43,Female,,,
16867,,29,Male,,,
16868,,78,Other,,,
16869,,31,Female,,,
16870,,74,Male,,,
16871,,26,Other,,,
16872,,58,Female,,,
16873,,27,Male,,,
16874,,74,Male,,,
16875,,14,Male,,,
16876,,57,Female,,,
16877,,26,Other,,,
16878,,17,Female,,,
16879,,57,Male,,,
16880,,39,Other,,,
16881,,23,Female,,,
16882,,13,Male,,,
16883,,29,Female,,,
16884,,55,Male,,,
16885,,18,Male,,,
16886,,15,Other,,,
16887,,24,Female,,,
16888,,48,Other,,,
16889,,74,Male,,,
16890,,56,Female,,,
16891,,12,Other,,,
16892,,35,Female,,,
16893,,73,Other,,,
16894,,40,Female,,,
16895,,10,Male,,,
16896,,57,Male,,,
16897,,46,Male,,,
16898,,57,Other,,,
16899,,64,Female,,,
16900,,66,Female,,,
16901,,62,Male,,,
16902,,58,Other,,,
16903,,21,Female,,,
16904,,34,Female,,,
16905,,23,Other,,,
16906,,45,Male,,,
16907,,48,Female,,,
16908,,28,Male,,,
16909,,72,Female,,,
16910,,45,Other,,,
16911,,11,Other,,,
16912,,59,Female,,,
16913,,73,Other,,,
16914,,40,Female,,,
16915,,35,Female,,,
16916,,61,Other,,,
16917,,24,Female,,,
16918,,13,Other,,,
16919,,18,Female,,,
16920,,50,Other,,,
16921,,79,Other,,,
16922,,72,Other,,,
16923,,66,Female,,,
16924,,73,Male,,,
16925,,39,Other,,,
16926,,43,Other,,,
16927,,22,Male,,,
16928,,42,Female,,,
16929,,73,Other,,,
16930,,60,Female,,,
16931,,54,Female,,,
16932,,18,Female,,,
16933,,37,Other,,,
16934,,39,Other,,,
16935,,55,Female,,,
16936,,56,Other,,,
16937,,55,Other,,,
16938,,15,Other,,,
16939,,40,Other,,,
16940,,68,Female,,,
16941,,32,Female,,,
16942,,30,Male,,,
16943,,44,Male,,,
16944,,72,Female,,,
16945,,29,Male,,,
16946,,74,Male,,,
16947,,19,Other,,,
16948,,71,Other,,,
16949,,30,Male,,,
16950,,32,Other,,,
16951,,21,Male,,,
16952,,38,Male,,,
16953,,70,Male,,,
16954,,56,Female,,,
16955,,32,Male,,,
16956,,70,Other,,,
16957,,19,Male,,,
16958,,18,Female,,,
16959,,15,Female,,,
16960,,79,Other,,,
16961,,73,Female,,,
16962,,47,Male,,,
16963,,54,Other,,,
16964,,37,Female,,,
16965,,38,Female,,,
16966,,20,Male,,,
16967,,54,Female,,,
16968,,16,Male,,,
16969,,70,Female,,,
16970,,58,Other,,,
16971,,29,Male,,,
16972,,23,Female,,,
16973,,22,Female,,,
16974,,38,Other,,,
16975,,20,Male,,,
16976,,25,Other,,,
16977,,62,Female,,,
16978,,35,Other,,,
16979,,65,Male,,,
16980,,62,Male,,,
16981,,57,Female,,,
16982,,54,Female,,,
16983,,30,Male,,,
16984,,54,Female,,,
16985,,66,Other,,,
16986,,59,Male,,,
16987,,60,Male,,,
16988,,63,Other,,,
16989,,49,Other,,,
16990,,58,Female,,,
16991,,43,Female,,,
16992,,27,Female,,,
16993,,74,Male,,,
16994,,22,Other,,,
16995,,20,Male,,,
16996,,45,Male,,,
16997,,38,Male,,,
16998,,36,Other,,,
16999,,17,Male,,,
17000,,66,Male,,,
17001,,17,Other,,,
17002,,55,Male,,,
17003,,24,Other,,,
17004,,14,Male,,,
17005,,62,Male,,,
17006,,46,Other,,,
17007,,68,Other,,,
17008,,38,Female,,,
17009,,41,Other,,,
17010,,70,Other,,,
17011,,75,Male,,,
17012,,25,Female,,,
17013,,73,Male,,,
17014,,23,Female,,,
17015,,79,Male,,,
17016,,35,Female,,,
17017,,29,Other,,,
17018,,25,Male,,,
17019,,52,Other,,,
17020,,61,Female,,,
17021,,75,Female,,,
17022,,16,Other,,,
17023,,30,Other,,,
17024,,20,Female,,,
17025,,58,Female,,,
17026,,57,Female,,,
17027,,50,Male,,,
17028,,31,Other,,,
17029,,47,Male,,,
17030,,35,Other,,,
17031,,11,Female,,,
17032,,73,Male,,,
17033,,69,Other,,,
17034,,27,Male,,,
17035,,65,Other,,,
17036,,17,Male,,,
17037,,70,Other,,,
17038,,56,Female,,,
17039,,65,Male,,,
17040,,55,Male,,,
17041,,36,Other,,,
17042,,76,Male,,,
17043,,26,Male,,,
17044,,15,Male,,,
17045,,10,Other,,,
17046,,63,Other,,,
17047,,32,Other,,,
17048,,44,Other,,,
17049,,54,Other,,,
17050,,13,Female,,,
17051,,30,Other,,,
17052,,76,Other,,,
17053,,60,Other,,,
17054,,51,Male,,,
17055,,15,Other,,,
17056,,32,Female,,,
17057,,38,Other,,,
17058,,57,Male,,,
17059,,73,Other,,,
17060,,36,Female,,,
17061,,60,Other,,,
17062,,63,Female,,,
17063,,19,Male,,,
17064,,72,Other,,,
17065,,20,Other,,,
17066,,36,Female,,,
17067,,49,Female,,,
17068,,62,Male,,,
17069,,48,Male,,,
17070,,73,Female,,,
17071,,56,Female,,,
17072,,32,Other,,,
17073,,64,Female,,,
17074,,79,Female,,,
17075,,71,Female,,,
17076,,54,Other,,,
17077,,33,Male,,,
17078,,32,Male,,,
17079,,35,Other,,,
17080,,43,Other,,,
17081,,37,Female,,,
17082,,16,Male,,,
17083,,77,Female,,,
17084,,11,Female,,,
17085,,16,Female,,,
17086,,37,Other,,,
17087,,53,Other,,,
17088,,68,Female,,,
17089,,59,Other,,,
17090,,40,Other,,,
17091,,21,Male,,,
17092,,42,Other,,,
17093,,29,Male,,,
17094,,76,Other,,,
17095,,20,Male,,,
17096,,50,Female,,,
17097,,73,Male,,,
17098,,16,Male,,,
17099,,32,Other,,,
17100,,44,Other,,,
17101,,74,Other,,,
17102,,56,Other,,,
17103,,59,Male,,,
17104,,19,Other,,,
17105,,67,Female,,,
17106,,29,Other,,,
17107,,65,Other,,,
17108,,41,Female,,,
17109,,63,Other,,,
17110,,73,Female,,,
17111,,28,Other,,,
17112,,15,Other,,,
17113,,14,Male,,,
17114,,45,Male,,,
17115,,40,Female,,,
17116,,22,Other,,,
17117,,69,Other,,,
17118,,54,Female,,,
17119,,10,Other,,,
17120,,68,Male,,,
17121,,48,Male,,,
17122,,75,Other,,,
17123,,69,Male,,,
17124,,31,Male,,,
17125,,45,Other,,,
17126,,33,Male,,,
17127,,76,Female,,,
17128,,46,Male,,,
17129,,33,Other,,,
17130,,65,Male,,,
17131,,74,Female,,,
17132,,41,Other,,,
17133,,52,Other,,,
17134,,10,Female,,,
17135,,43,Male,,,
17136,,65,Female,,,
17137,,16,Female,,,
17138,,15,Other,,,
17139,,52,Male,,,
17140,,71,Male,,,
17141,,50,Female,,,
17142,,16,Male,,,
17143,,57,Female,,,
17144,,29,Female,,,
17145,,12,Other,,,
17146,,51,Female,,,
17147,,38,Other,,,
17148,,61,Female,,,
17149,,27,Female,,,
17150,,74,Other,,,
17151,,17,Other,,,
17152,,66,Male,,,
17153,,28,Other,,,
17154,,55,Other,,,
17155,,50,Other,,,
17156,,11,Female,,,
17157,,25,Male,,,
17158,,77,Other,,,
17159,,24,Other,,,
17160,,29,Female,,,
17161,,44,Male,,,
17162,,45,Other,,,
17163,,64,Male,,,
17164,,53,Female,,,
17165,,44,Other,,,
17166,,38,Male,,,
17167,,59,Female,,,
17168,,63,Female,,,
17169,,18,Male,,,
17170,,12,Male,,,
17171,,15,Male,,,
17172,,69,Female,,,
17173,,43,Other,,,
17174,,17,Female,,,
17175,,54,Female,,,
17176,,51,Male,,,
17177,,46,Other,,,
17178,,50,Other,,,
17179,,18,Male,,,
17180,,26,Female,,,
17181,,69,Other,,,
17182,,34,Other,,,
17183,,34,Male,,,
17184,,35,Female,,,
17185,,35,Other,,,
17186,,30,Other,,,
17187,,21,Other,,,
17188,,61,Male,,,
17189,,42,Male,,,
17190,,79,Female,,,
17191,,65,Female,,,
17192,,12,Female,,,
17193,,10,Other,,,
17194,,73,Male,,,
17195,,57,Female,,,
17196,,68,Other,,,
17197,,70,Other,,,
17198,,75,Other,,,
17199,,49,Female,,,
17200,,53,Other,,,
17201,,69,Other,,,
17202,,47,Male,,,
17203,,39,Female,,,
17204,,34,Female,,,
17205,,22,Other,,,
17206,,17,Male,,,
17207,,76,Male,,,
17208,,41,Other,,,
17209,,43,Male,,,
17210,,21,Other,,,
17211,,26,Other,,,
17212,,27,Other,,,
17213,,16,Female,,,
17214,,59,Male,,,
17215,,24,Female,,,
17216,,71,Other,,,
17217,,25,Other,,,
17218,,73,Other,,,
17219,,26,Male,,,
17220,,33,Other,,,
17221,,62,Male,,,
17222,,31,Other,,,
17223,,54,Male,,,
17224,,15,Other,,,
17225,,37,Female,,,
17226,,39,Male,,,
17227,,25,Male,,,
17228,,38,Female,,,
17229,,76,Male,,,
17230,,25,Female,,,
17231,,38,Female,,,
17232,,42,Female,,,
17233,,42,Female,,,
17234,,54,Other,,,
17235,,51,Other,,,
17236,,23,Female,,,
17237,,13,Other,,,
17238,,79,Female,,,
17239,,77,Male,,,
17240,,72,Male,,,
17241,,16,Male,,,
17242,,40,Other,,,
17243,,62,Female,,,
17244,,39,Other,,,
17245,,30,Other,,,
17246,,37,Other,,,
17247,,46,Other,,,
17248,,71,Male,,,
17249,,74,Male,,,
17250,,25,Other,,,
17251,,55,Male,,,
17252,,21,Other,,,
17253,,59,Male,,,
17254,,29,Other,,,
17255,,46,Male,,,
17256,,77,Other,,,
17257,,69,Female,,,
17258,,23,Male,,,
17259,,44,Other,,,
17260,,79,Female,,,
17261,,76,Other,,,
17262,,36,Other,,,
17263,,77,Other,,,
17264,,17,Other,,,
17265,,68,Other,,,
17266,,46,Female,,,
17267,,71,Other,,,
17268,,48,Female,,,
17269,,29,Male,,,
17270,,63,Male,,,
17271,,56,Female,,,
17272,,11,Female,,,
17273,,71,Male,,,
17274,,64,Other,,,
17275,,31,Female,,,
17276,,13,Other,,,
17277,,24,Other,,,
17278,,13,Male,,,
17279,,58,Male,,,
17280,,13,Other,,,
17281,,38,Female,,,
17282,,74,Male,,,
17283,,18,Other,,,
17284,,37,Other,,,
17285,,33,Other,,,
17286,,22,Female,,,
17287,,28,Male,,,
17288,,42,Other,,,
17289,,24,Male,,,
17290,,50,Female,,,
17291,,41,Female,,,
17292,,54,Other,,,
17293,,32,Male,,,
17294,,79,Other,,,
17295,,51,Male,,,
17296,,69,Other,,,
17297,,18,Other,,,
17298,,62,Female,,,
17299,,51,Female,,,
17300,,16,Male,,,
17301,,44,Male,,,
17302,,65,Other,,,
17303,,19,Female,,,
17304,,72,Other,,,
17305,,47,Male,,,
17306,,37,Male,,,
17307,,10,Male,,,
17308,,78,Female,,,
17309,,27,Male,,,
17310,,45,Other,,,
17311,,67,Other,,,
17312,,11,Male,,,
17313,,43,Other,,,
17314,,21,Male,,,
17315,,75,Female,,,
17316,,24,Other,,,
17317,,38,Male,,,
17318,,73,Female,,,
17319,,79,Other,,,
17320,,73,Female,,,
17321,,27,Female,,,
17322,,26,Female,,,
17323,,59,Other,,,
17324,,65,Female,,,
17325,,26,Female,,,
17326,,24,Other,,,
17327,,73,Other,,,
17328,,64,Male,,,
17329,,47,Male,,,
17330,,74,Other,,,
17331,,62,Male,,,
17332,,27,Male,,,
17333,,56,Male,,,
17334,,23,Female,,,
17335,,33,Female,,,
17336,,77,Female,,,
17337,,60,Female,,,
17338,,69,Male,,,
17339,,32,Other,,,
17340,,50,Female,,,
17341,,60,Other,,,
17342,,78,Female,,,
17343,,77,Male,,,
17344,,16,Male,,,
17345,,16,Other,,,
17346,,28,Other,,,
17347,,19,Male,,,
17348,,17,Male,,,
17349,,49,Male,,,
17350,,57,Female,,,
17351,,53,Other,,,
17352,,75,Other,,,
17353,,58,Other,,,
17354,,31,Male,,,
17355,,52,Other,,,
17356,,31,Male,,,
17357,,18,Male,,,
17358,,59,Female,,,
17359,,12,Other,,,
17360,,17,Male,,,
17361,,65,Male,,,
17362,,72,Male,,,
17363,,58,Male,,,
17364,,67,Other,,,
17365,,40,Other,,,
17366,,49,Male,,,
17367,,56,Other,,,
17368,,59,Male,,,
17369,,57,Female,,,
17370,,67,Female,,,
17371,,44,Other,,,
17372,,34,Female,,,
17373,,33,Female,,,
17374,,32,Other,,,
17375,,13,Other,,,
17376,,64,Other,,,
17377,,36,Female,,,
17378,,41,Female,,,
17379,,23,Female,,,
17380,,52,Female,,,
17381,,76,Female,,,
17382,,29,Female,,,
17383,,46,Female,,,
17384,,56,Female,,,
17385,,20,Other,,,
17386,,21,Male,,,
17387,,32,Other,,,
17388,,60,Male,,,
17389,,58,Female,,,
17390,,26,Other,,,
17391,,31,Male,,,
17392,,28,Female,,,
17393,,52,Female,,,
17394,,64,Male,,,
17395,,44,Other,,,
17396,,41,Other,,,
17397,,56,Male,,,
17398,,68,Male,,,
17399,,76,Male,,,
17400,,34,Other,,,
17401,,13,Male,,,
17402,,69,Male,,,
17403,,53,Female,,,
17404,,42,Female,,,
17405,,21,Male,,,
17406,,33,Male,,,
17407,,55,Female,,,
17408,,17,Male,,,
17409,,79,Other,,,
17410,,25,Female,,,
17411,,40,Male,,,
17412,,16,Other,,,
17413,,16,Other,,,
17414,,59,Female,,,
17415,,44,Other,,,
17416,,43,Female,,,
17417,,32,Other,,,
17418,,15,Male,,,
17419,,25,Female,,,
17420,,10,Other,,,
17421,,46,Male,,,
17422,,62,Female,,,
17423,,60,Other,,,
17424,,31,Male,,,
17425,,66,Other,,,
17426,,78,Female,,,
17427,,35,Other,,,
17428,,76,Male,,,
17429,,64,Other,,,
17430,,31,Female,,,
17431,,75,Male,,,
17432,,74,Male,,,
17433,,37,Female,,,
17434,,40,Female,,,
17435,,41,Male,,,
17436,,33,Female,,,
17437,,25,Male,,,
17438,,14,Female,,,
17439,,17,Female,,,
17440,,35,Other,,,
17441,,10,Male,,,
17442,,47,Female,,,
17443,,19,Other,,,
17444,,54,Other,,,
17445,,69,Male,,,
17446,,67,Female,,,
17447,,39,Female,,,
17448,,11,Male,,,
17449,,66,Female,,,
17450,,58,Male,,,
17451,,75,Female,,,
17452,,19,Male,,,
17453,,61,Other,,,
17454,,25,Female,,,
17455,,71,Female,,,
17456,,64,Female,,,
17457,,53,Other,,,
17458,,34,Male,,,
17459,,51,Other,,,
17460,,48,Other,,,
17461,,27,Male,,,
17462,,59,Other,,,
17463,,34,Female,,,
17464,,33,Male,,,
17465,,13,Other,,,
17466,,66,Female,,,
17467,,78,Male,,,
17468,,12,Male,,,
17469,,54,Male,,,
17470,,66,Male,,,
17471,,44,Other,,,
17472,,75,Female,,,
17473,,37,Female,,,
17474,,11,Male,,,
17475,,43,Other,,,
17476,,10,Male,,,
17477,,14,Male,,,
17478,,69,Male,,,
17479,,17,Other,,,
17480,,67,Male,,,
17481,,45,Male,,,
17482,,47,Female,,,
17483,,53,Female,,,
17484,,74,Other,,,
17485,,63,Female,,,
17486,,74,Male,,,
17487,,79,Female,,,
17488,,11,Male,,,
17489,,31,Other,,,
17490,,41,Female,,,
17491,,26,Female,,,
17492,,53,Male,,,
17493,,11,Female,,,
17494,,28,Other,,,
17495,,49,Other,,,
17496,,22,Other,,,
17497,,72,Other,,,
17498,,32,Other,,,
17499,,75,Female,,,
17500,,65,Male,,,
17501,,49,Female,,,
17502,,22,Male,,,
17503,,63,Male,,,
17504,,17,Female,,,
17505,,56,Female,,,
17506,,11,Female,,,
17507,,51,Female,,,
17508,,62,Other,,,
17509,,29,Male,,,
17510,,19,Other,,,
17511,,28,Male,,,
17512,,19,Male,,,
17513,,16,Other,,,
17514,,33,Female,,,
17515,,47,Male,,,
17516,,49,Other,,,
17517,,77,Female,,,
17518,,66,Other,,,
17519,,75,Male,,,
17520,,52,Female,,,
17521,,61,Other,,,
17522,,41,Female,,,
17523,,51,Female,,,
17524,,54,Female,,,
17525,,71,Other,,,
17526,,49,Female,,,
17527,,74,Male,,,
17528,,74,Male,,,
17529,,36,Other,,,
17530,,49,Other,,,
17531,,50,Male,,,
17532,,79,Female,,,
17533,,48,Male,,,
17534,,79,Female,,,
17535,,33,Other,,,
17536,,38,Other,,,
17537,,65,Male,,,
17538,,42,Female,,,
17539,,49,Other,,,
17540,,47,Male,,,
17541,,31,Male,,,
17542,,66,Other,,,
17543,,23,Male,,,
17544,,70,Male,,,
17545,,65,Male,,,
17546,,71,Male,,,
17547,,52,Male,,,
17548,,77,Other,,,
17549,,44,Female,,,
17550,,12,Other,,,
17551,,62,Male,,,
17552,,59,Male,,,
17553,,75,Other,,,
17554,,69,Other,,,
17555,,75,Female,,,
17556,,10,Male,,,
17557,,54,Other,,,
17558,,54,Other,,,
17559,,29,Male,,,
17560,,59,Other,,,
17561,,47,Female,,,
17562,,58,Female,,,
17563,,69,Male,,,
17564,,22,Female,,,
17565,,41,Male,,,
17566,,51,Other,,,
17567,,52,Female,,,
17568,,19,Female,,,
17569,,72,Male,,,
17570,,43,Other,,,
17571,,69,Male,,,
17572,,27,Male,,,
17573,,28,Male,,,
17574,,21,Female,,,
17575,,51,Other,,,
17576,,40,Female,,,
17577,,38,Other,,,
17578,,20,Other,,,
17579,,28,Female,,,
17580,,25,Female,,,
17581,,72,Male,,,
17582,,37,Male,,,
17583,,44,Female,,,
17584,,22,Male,,,
17585,,74,Other,,,
17586,,65,Female,,,
17587,,75,Female,,,
17588,,12,Other,,,
17589,,30,Other,,,
17590,,19,Female,,,
17591,,74,Other,,,
17592,,49,Male,,,
17593,,25,Male,,,
17594,,40,Male,,,
17595,,79,Other,,,
17596,,52,Female,,,
17597,,47,Male,,,
17598,,13,Male,,,
17599,,20,Male,,,
17600,,13,Female,,,
17601,,60,Other,,,
17602,,52,Male,,,
17603,,12,Other,,,
17604,,69,Female,,,
17605,,43,Other,,,
17606,,20,Female,,,
17607,,34,Male,,,
17608,,12,Male,,,
17609,,76,Male,,,
17610,,69,Male,,,
17611,,11,Female,,,
17612,,55,Female,,,
17613,,52,Other,,,
17614,,29,Female,,,
17615,,53,Other,,,
17616,,40,Female,,,
17617,,23,Other,,,
17618,,36,Male,,,
17619,,11,Other,,,
17620,,46,Female,,,
17621,,29,Female,,,
17622,,66,Female,,,
17623,,16,Male,,,
17624,,65,Male,,,
17625,,61,Other,,,
17626,,27,Male,,,
17627,,68,Female,,,
17628,,74,Male,,,
17629,,25,Female,,,
17630,,53,Other,,,
17631,,58,Female,,,
17632,,18,Female,,,
17633,,33,Other,,,
17634,,78,Male,,,
17635,,46,Other,,,
17636,,28,Female,,,
17637,,11,Female,,,
17638,,45,Female,,,
17639,,34,Other,,,
17640,,70,Female,,,
17641,,47,Female,,,
17642,,38,Male,,,
17643,,43,Male,,,
17644,,13,Male,,,
17645,,78,Other,,,
17646,,31,Female,,,
17647,,28,Other,,,
17648,,71,Other,,,
17649,,50,Other,,,
17650,,49,Female,,,
17651,,25,Male,,,
17652,,66,Other,,,
17653,,68,Male,,,
17654,,61,Other,,,
17655,,30,Other,,,
17656,,55,Female,,,
17657,,12,Other,,,
17658,,45,Male,,,
17659,,44,Male,,,
17660,,20,Male,,,
17661,,73,Male,,,
17662,,17,Other,,,
17663,,71,Male,,,
17664,,11,Other,,,
17665,,50,Other,,,
17666,,78,Other,,,
17667,,25,Male,,,
17668,,10,Female,,,
17669,,22,Other,,,
17670,,19,Other,,,
17671,,70,Female,,,
17672,,38,Male,,,
17673,,46,Male,,,
17674,,70,Male,,,
17675,,51,Male,,,
17676,,65,Male,,,
17677,,31,Female,,,
17678,,66,Other,,,
17679,,13,Male,,,
17680,,52,Other,,,
17681,,47,Male,,,
17682,,20,Other,,,
17683,,40,Other,,,
17684,,49,Female,,,
17685,,28,Other,,,
17686,,31,Other,,,
17687,,56,Other,,,
17688,,45,Male,,,
17689,,50,Other,,,
17690,,45,Other,,,
17691,,15,Female,,,
17692,,20,Other,,,
17693,,66,Other,,,
17694,,24,Other,,,
17695,,44,Female,,,
17696,,22,Female,,,
17697,,57,Female,,,
17698,,26,Other,,,
17699,,61,Other,,,
17700,,12,Male,,,
17701,,28,Male,,,
17702,,50,Other,,,
17703,,51,Other,,,
17704,,66,Female,,,
17705,,70,Other,,,
17706,,19,Other,,,
17707,,67,Other,,,
17708,,75,Other,,,
17709,,46,Female,,,
17710,,31,Female,,,
17711,,29,Other,,,
17712,,19,Male,,,
17713,,74,Other,,,
17714,,20,Male,,,
17715,,29,Other,,,
17716,,24,Female,,,
17717,,41,Female,,,
17718,,44,Male,,,
17719,,24,Female,,,
17720,,48,Male,,,
17721,,41,Other,,,
17722,,52,Female,,,
17723,,44,Male,,,
17724,,73,Female,,,
17725,,63,Other,,,
17726,,11,Male,,,
17727,,14,Other,,,
17728,,23,Other,,,
17729,,35,Male,,,
17730,,59,Other,,,
17731,,47,Other,,,
17732,,53,Male,,,
17733,,79,Female,,,
17734,,57,Other,,,
17735,,21,Male,,,
17736,,37,Male,,,
17737,,69,Female,,,
17738,,76,Other,,,
17739,,44,Female,,,
17740,,23,Female,,,
17741,,14,Other,,,
17742,,62,Other,,,
17743,,51,Female,,,
17744,,62,Male,,,
17745,,63,Other,,,
17746,,23,Other,,,
17747,,33,Female,,,
17748,,26,Male,,,
17749,,41,Other,,,
17750,,37,Other,,,
17751,,70,Male,,,
17752,,47,Female,,,
17753,,44,Female,,,
17754,,68,Other,,,
17755,,61,Other,,,
17756,,40,Other,,,
17757,,54,Male,,,
17758,,35,Female,,,
17759,,62,Female,,,
17760,,34,Female,,,
17761,,48,Female,,,
17762,,59,Other,,,
17763,,65,Other,,,
17764,,54,Other,,,
17765,,27,Other,,,
17766,,79,Other,,,
17767,,79,Female,,,
17768,,37,Female,,,
17769,,36,Male,,,
17770,,23,Female,,,
17771,,68,Other,,,
17772,,47,Female,,,
17773,,70,Male,,,
17774,,44,Other,,,
17775,,65,Female,,,
17776,,29,Male,,,
17777,,29,Other,,,
17778,,65,Other,,,
17779,,65,Male,,,
17780,,76,Other,,,
17781,,43,Other,,,
17782,,74,Female,,,
17783,,27,Male,,,
17784,,33,Female,,,
17785,,36,Male,,,
17786,,67,Male,,,
17787,,58,Other,,,
17788,,32,Other,,,
17789,,75,Female,,,
17790,,63,Other,,,
17791,,39,Female,,,
17792,,42,Female,,,
17793,,75,Female,,,
17794,,73,Female,,,
17795,,21,Male,,,
17796,,54,Male,,,
17797,,23,Female,,,
17798,,20,Male,,,
17799,,15,Other,,,
17800,,47,Female,,,
17801,,53,Male,,,
17802,,40,Other,,,
17803,,19,Female,,,
17804,,74,Other,,,
17805,,59,Other,,,
17806,,69,Other,,,
17807,,45,Female,,,
17808,,43,Female,,,
17809,,30,Other,,,
17810,,25,Female,,,
17811,,57,Male,,,
17812,,59,Female,,,
17813,,74,Female,,,
17814,,43,Male,,,
17815,,13,Male,,,
17816,,10,Other,,,
17817,,39,Female,,,
17818,,72,Other,,,
17819,,64,Female,,,
17820,,53,Female,,,
17821,,71,Other,,,
17822,,44,Other,,,
17823,,75,Other,,,
17824,,42,Female,,,
17825,,12,Other,,,
17826,,31,Other,,,
17827,,23,Female,,,
17828,,32,Female,,,
17829,,11,Other,,,
17830,,47,Male,,,
17831,,71,Female,,,
17832,,65,Other,,,
17833,,62,Female,,,
17834,,68,Male,,,
17835,,58,Other,,,
17836,,70,Other,,,
17837,,18,Other,,,
17838,,31,Other,,,
17839,,10,Female,,,
17840,,35,Female,,,
17841,,22,Female,,,
17842,,79,Other,,,
17843,,12,Other,,,
17844,,74,Male,,,
17845,,38,Other,,,
17846,,54,Female,,,
17847,,15,Female,,,
17848,,48,Other,,,
17849,,38,Other,,,
17850,,29,Other,,,
17851,,19,Female,,,
17852,,36,Female,,,
17853,,63,Female,,,
17854,,70,Female,,,
17855,,34,Female,,,
17856,,60,Female,,,
17857,,44,Other,,,
17858,,13,Female,,,
17859,,79,Female,,,
17860,,60,Female,,,
17861,,33,Male,,,
17862,,21,Male,,,
17863,,41,Female,,,
17864,,79,Male,,,
17865,,49,Male,,,
17866,,13,Male,,,
17867,,67,Female,,,
17868,,40,Other,,,
17869,,76,Male,,,
17870,,34,Male,,,
17871,,42,Female,,,
17872,,78,Other,,,
17873,,75,Male,,,
17874,,78,Other,,,
17875,,54,Other,,,
17876,,57,Female,,,
17877,,51,Male,,,
17878,,48,Female,,,
17879,,63,Other,,,
17880,,16,Other,,,
17881,,22,Other,,,
17882,,74,Male,,,
17883,,65,Female,,,
17884,,40,Other,,,
17885,,53,Male,,,
17886,,76,Male,,,
17887,,69,Other,,,
17888,,18,Male,,,
17889,,19,Other,,,
17890,,16,Female,,,
17891,,15,Other,,,
17892,,46,Other,,,
17893,,43,Female,,,
17894,,35,Other,,,
17895,,13,Male,,,
17896,,72,Female,,,
17897,,68,Female,,,
17898,,71,Male,,,
17899,,34,Other,,,
17900,,42,Male,,,
17901,,46,Other,,,
17902,,10,Male,,,
17903,,54,Male,,,
17904,,20,Male,,,
17905,,26,Other,,,
17906,,35,Female,,,
17907,,20,Other,,,
17908,,58,Male,,,
17909,,67,Male,,,
17910,,68,Female,,,
17911,,51,Male,,,
17912,,58,Male,,,
17913,,65,Other,,,
17914,,32,Female,,,
17915,,35,Other,,,
17916,,15,Female,,,
17917,,65,Female,,,
17918,,28,Other,,,
17919,,37,Other,,,
17920,,79,Female,,,
17921,,45,Male,,,
17922,,25,Other,,,
17923,,70,Female,,,
17924,,72,Female,,,
17925,,57,Other,,,
17926,,26,Male,,,
17927,,49,Other,,,
17928,,21,Female,,,
17929,,78,Other,,,
17930,,60,Other,,,
17931,,72,Other,,,
17932,,46,Male,,,
17933,,52,Male,,,
17934,,65,Male,,,
17935,,37,Other,,,
17936,,49,Female,,,
17937,,75,Male,,,
17938,,69,Other,,,
17939,,11,Other,,,
17940,,69,Female,,,
17941,,23,Other,,,
17942,,79,Female,,,
17943,,44,Male,,,
17944,,39,Other,,,
17945,,52,Female,,,
17946,,43,Male,,,
17947,,48,Other,,,
17948,,16,Female,,,
17949,,77,Male,,,
17950,,72,Other,,,
17951,,76,Male,,,
17952,,75,Male,,,
17953,,12,Other,,,
17954,,49,Female,,,
17955,,55,Male,,,
17956,,25,Other,,,
17957,,59,Female,,,
17958,,26,Other,,,
17959,,36,Male,,,
17960,,36,Female,,,
17961,,64,Male,,,
17962,,64,Other,,,
17963,,54,Male,,,
17964,,30,Other,,,
17965,,51,Other,,,
17966,,43,Female,,,
17967,,56,Female,,,
17968,,74,Female,,,
17969,,45,Male,,,
17970,,39,Male,,,
17971,,75,Other,,,
17972,,54,Other,,,
17973,,66,Female,,,
17974,,77,Female,,,
17975,,53,Other,,,
17976,,16,Female,,,
17977,,25,Female,,,
17978,,24,Female,,,
17979,,19,Female,,,
17980,,56,Male,,,
17981,,57,Female,,,
17982,,43,Other,,,
17983,,49,Other,,,
17984,,34,Male,,,
17985,,67,Male,,,
17986,,31,Other,,,
17987,,75,Other,,,
17988,,55,Other,,,
17989,,13,Male,,,
17990,,46,Female,,,
17991,,25,Female,,,
17992,,42,Other,,,
17993,,26,Male,,,
17994,,45,Male,,,
17995,,66,Female,,,
17996,,19,Other,,,
17997,,75,Female,,,
17998,,50,Male,,,
17999,,32,Male,,,
18000,,71,Male,,,
18001,,13,Female,,,
18002,,36,Female,,,
18003,,33,Other,,,
18004,,25,Female,,,
18005,,65,Other,,,
18006,,71,Male,,,
18007,,64,Female,,,
18008,,23,Female,,,
18009,,30,Female,,,
18010,,65,Other,,,
18011,,67,Female,,,
18012,,62,Other,,,
18013,,73,Female,,,
18014,,10,Male,,,
18015,,23,Male,,,
18016,,65,Female,,,
18017,,33,Male,,,
18018,,48,Female,,,
18019,,36,Female,,,
18020,,64,Other,,,
18021,,38,Female,,,
18022,,18,Female,,,
18023,,66,Other,,,
18024,,25,Other,,,
18025,,55,Female,,,
18026,,79,Other,,,
18027,,69,Female,,,
18028,,69,Female,,,
18029,,69,Female,,,
18030,,60,Female,,,
18031,,16,Female,,,
18032,,43,Male,,,
18033,,63,Male,,,
18034,,54,Male,,,
18035,,55,Female,,,
18036,,30,Other,,,
18037,,76,Other,,,
18038,,52,Other,,,
18039,,10,Other,,,
18040,,21,Other,,,
18041,,48,Female,,,
18042,,41,Other,,,
18043,,57,Male,,,
18044,,15,Female,,,
18045,,36,Other,,,
18046,,65,Male,,,
18047,,49,Male,,,
18048,,44,Male,,,
18049,,37,Other,,,
18050,,73,Female,,,
18051,,32,Male,,,
18052,,70,Female,,,
18053,,70,Female,,,
18054,,22,Other,,,
18055,,19,Male,,,
18056,,28,Female,,,
18057,,29,Female,,,
18058,,47,Male,,,
18059,,56,Other,,,
18060,,21,Female,,,
18061,,33,Other,,,
18062,,77,Female,,,
18063,,34,Other,,,
18064,,72,Female,,,
18065,,61,Male,,,
18066,,76,Female,,,
18067,,73,Other,,,
18068,,19,Female,,,
18069,,22,Male,,,
18070,,16,Male,,,
18071,,70,Male,,,
18072,,75,Other,,,
18073,,66,Male,,,
18074,,36,Female,,,
18075,,36,Male,,,
18076,,62,Other,,,
18077,,68,Male,,,
18078,,46,Other,,,
18079,,19,Other,,,
18080,,60,Other,,,
18081,,25,Other,,,
18082,,33,Male,,,
18083,,53,Other,,,
18084,,24,Male,,,
18085,,74,Other,,,
18086,,14,Other,,,
18087,,16,Other,,,
18088,,55,Other,,,
18089,,49,Female,,,
18090,,69,Other,,,
18091,,36,Other,,,
18092,,74,Female,,,
18093,,64,Other,,,
18094,,73,Female,,,
18095,,13,Female,,,
18096,,33,Female,,,
18097,,33,Female,,,
18098,,38,Other,,,
18099,,42,Other,,,
18100,,15,Other,,,
18101,,34,Other,,,
18102,,17,Male,,,
18103,,55,Other,,,
18104,,11,Male,,,
18105,,55,Male,,,
18106,,38,Other,,,
18107,,60,Female,,,
18108,,48,Female,,,
18109,,61,Other,,,
18110,,63,Other,,,
18111,,42,Female,,,
18112,,63,Female,,,
18113,,50,Female,,,
18114,,64,Female,,,
18115,,71,Male,,,
18116,,43,Male,,,
18117,,20,Other,,,
18118,,46,Male,,,
18119,,19,Male,,,
18120,,45,Male,,,
18121,,48,Female,,,
18122,,37,Female,,,
18123,,49,Female,,,
18124,,63,Male,,,
18125,,55,Other,,,
18126,,66,Other,,,
18127,,77,Female,,,
18128,,58,Other,,,
18129,,61,Male,,,
18130,,74,Female,,,
18131,,31,Male,,,
18132,,70,Other,,,
18133,,73,Male,,,
18134,,31,Female,,,
18135,,11,Male,,,
18136,,35,Other,,,
18137,,11,Male,,,
18138,,52,Male,,,
18139,,35,Male,,,
18140,,62,Other,,,
18141,,42,Male,,,
18142,,21,Male,,,
18143,,73,Other,,,
18144,,24,Male,,,
18145,,47,Male,,,
18146,,41,Female,,,
18147,,10,Male,,,
18148,,20,Other,,,
18149,,50,Other,,,
18150,,60,Male,,,
18151,,24,Other,,,
18152,,35,Male,,,
18153,,57,Female,,,
18154,,47,Other,,,
18155,,25,Male,,,
18156,,63,Other,,,
18157,,54,Male,,,
18158,,44,Female,,,
18159,,51,Male,,,
18160,,79,Other,,,
18161,,50,Other,,,
18162,,49,Other,,,
18163,,47,Female,,,
18164,,69,Male,,,
18165,,33,Female,,,
18166,,55,Male,,,
18167,,50,Male,,,
18168,,24,Other,,,
18169,,22,Male,,,
18170,,52,Female,,,
18171,,16,Male,,,
18172,,15,Female,,,
18173,,50,Female,,,
18174,,56,Other,,,
18175,,62,Female,,,
18176,,34,Male,,,
18177,,11,Female,,,
18178,,26,Female,,,
18179,,70,Other,,,
18180,,43,Other,,,
18181,,51,Other,,,
18182,,34,Other,,,
18183,,26,Female,,,
18184,,37,Male,,,
18185,,28,Male,,,
18186,,11,Female,,,
18187,,53,Female,,,
18188,,67,Male,,,
18189,,44,Male,,,
18190,,21,Female,,,
18191,,35,Female,,,
18192,,19,Male,,,
18193,,36,Other,,,
18194,,10,Female,,,
18195,,55,Female,,,
18196,,68,Male,,,
18197,,50,Female,,,
18198,,61,Female,,,
18199,,77,Male,,,
18200,,38,Female,,,
18201,,26,Other,,,
18202,,67,Female,,,
18203,,53,Other,,,
18204,,64,Female,,,
18205,,23,Female,,,
18206,,42,Female,,,
18207,,58,Male,,,
18208,,10,Other,,,
18209,,42,Male,,,
18210,,36,Other,,,
18211,,47,Male,,,
18212,,49,Male,,,
18213,,20,Male,,,
18214,,60,Female,,,
18215,,74,Other,,,
18216,,33,Female,,,
18217,,35,Other,,,
18218,,44,Other,,,
18219,,47,Male,,,
18220,,63,Male,,,
18221,,48,Male,,,
18222,,65,Male,,,
18223,,79,Female,,,
18224,,68,Female,,,
18225,,70,Female,,,
18226,,11,Other,,,
18227,,30,Female,,,
18228,,36,Other,,,
18229,,11,Female,,,
18230,,58,Female,,,
18231,,16,Male,,,
18232,,23,Male,,,
18233,,19,Other,,,
18234,,13,Female,,,
18235,,44,Female,,,
18236,,13,Other,,,
18237,,78,Male,,,
18238,,38,Other,,,
18239,,69,Female,,,
18240,,55,Female,,,
18241,,54,Male,,,
18242,,77,Other,,,
18243,,47,Other,,,
18244,,70,Other,,,
18245,,66,Other,,,
18246,,49,Female,,,
18247,,37,Female,,,
18248,,70,Other,,,
18249,,76,Male,,,
18250,,58,Male,,,
18251,,16,Male,,,
18252,,37,Other,,,
18253,,67,Female,,,
18254,,22,Other,,,
18255,,12,Other,,,
18256,,37,Male,,,
18257,,20,Female,,,
18258,,76,Female,,,
18259,,14,Male,,,
18260,,18,Other,,,
18261,,25,Male,,,
18262,,56,Female,,,
18263,,43,Female,,,
18264,,73,Other,,,
18265,,52,Male,,,
18266,,69,Female,,,
18267,,70,Male,,,
18268,,32,Other,,,
18269,,73,Female,,,
18270,,55,Female,,,
18271,,51,Other,,,
18272,,22,Female,,,
18273,,22,Female,,,
18274,,24,Female,,,
18275,,11,Male,,,
18276,,42,Other,,,
18277,,14,Other,,,
18278,,77,Other,,,
18279,,10,Male,,,
18280,,21,Male,,,
18281,,34,Male,,,
18282,,31,Male,,,
18283,,53,Other,,,
18284,,42,Female,,,
18285,,31,Male,,,
18286,,42,Female,,,
18287,,13,Female,,,
18288,,39,Male,,,
18289,,23,Other,,,
18290,,71,Female,,,
18291,,44,Other,,,
18292,,28,Other,,,
18293,,39,Other,,,
18294,,65,Female,,,
18295,,55,Other,,,
18296,,15,Other,,,
18297,,70,Female,,,
18298,,70,Female,,,
18299,,18,Female,,,
18300,,51,Female,,,
18301,,60,Male,,,
18302,,20,Female,,,
18303,,68,Male,,,
18304,,27,Female,,,
18305,,70,Male,,,
18306,,38,Female,,,
18307,,18,Other,,,
18308,,30,Male,,,
18309,,70,Other,,,
18310,,28,Other,,,
18311,,18,Male,,,
18312,,52,Female,,,
18313,,43,Male,,,
18314,,42,Male,,,
18315,,24,Female,,,
18316,,12,Other,,,
18317,,15,Male,,,
18318,,46,Female,,,
18319,,78,Male,,,
18320,,22,Male,,,
18321,,68,Other,,,
18322,,46,Female,,,
18323,,45,Other,,,
18324,,28,Male,,,
18325,,62,Male,,,
18326,,64,Male,,,
18327,,76,Other,,,
18328,,62,Female,,,
18329,,44,Male,,,
18330,,78,Male,,,
18331,,59,Male,,,
18332,,77,Female,,,
18333,,77,Other,,,
18334,,63,Female,,,
18335,,73,Other,,,
18336,,60,Female,,,
18337,,62,Male,,,
18338,,30,Female,,,
18339,,73,Other,,,
18340,,70,Male,,,
18341,,61,Other,,,
18342,,66,Female,,,
18343,,28,Other,,,
18344,,22,Male,,,
18345,,59,Male,,,
18346,,29,Other,,,
18347,,51,Other,,,
18348,,15,Male,,,
18349,,73,Male,,,
18350,,20,Female,,,
18351,,45,Female,,,
18352,,75,Female,,,
18353,,11,Other,,,
18354,,74,Male,,,
18355,,13,Other,,,
18356,,24,Other,,,
18357,,45,Other,,,
18358,,20,Male,,,
18359,,36,Female,,,
18360,,41,Female,,,
18361,,30,Other,,,
18362,,77,Male,,,
18363,,64,Male,,,
18364,,15,Other,,,
18365,,13,Male,,,
18366,,18,Male,,,
18367,,16,Female,,,
18368,,39,Female,,,
18369,,19,Female,,,
18370,,75,Other,,,
18371,,41,Female,,,
18372,,16,Female,,,
18373,,40,Male,,,
18374,,51,Female,,,
18375,,66,Other,,,
18376,,39,Male,,,
18377,,72,Other,,,
18378,,21,Male,,,
18379,,77,Other,,,
18380,,57,Female,,,
18381,,45,Other,,,
18382,,58,Male,,,
18383,,57,Female,,,
18384,,18,Male,,,
18385,,54,Other,,,
18386,,54,Female,,,
18387,,13,Male,,,
18388,,76,Male,,,
18389,,60,Other,,,
18390,,30,Other,,,
18391,,78,Male,,,
18392,,34,Other,,,
18393,,39,Female,,,
18394,,75,Other,,,
18395,,47,Male,,,
18396,,47,Female,,,
18397,,21,Male,,,
18398,,69,Other,,,
18399,,20,Other,,,
18400,,55,Male,,,
18401,,76,Male,,,
18402,,55,Male,,,
18403,,41,Male,,,
18404,,48,Female,,,
18405,,27,Female,,,
18406,,34,Male,,,
18407,,22,Other,,,
18408,,46,Female,,,
18409,,59,Male,,,
18410,,58,Female,,,
18411,,25,Female,,,
18412,,58,Female,,,
18413,,44,Other,,,
18414,,15,Male,,,
18415,,15,Other,,,
18416,,26,Other,,,
18417,,42,Male,,,
18418,,33,Other,,,
18419,,25,Female,,,
18420,,51,Other,,,
18421,,65,Other,,,
18422,,56,Female,,,
18423,,60,Other,,,
18424,,20,Other,,,
18425,,66,Female,,,
18426,,36,Female,,,
18427,,13,Other,,,
18428,,29,Male,,,
18429,,71,Female,,,
18430,,20,Other,,,
18431,,32,Other,,,
18432,,74,Male,,,
18433,,28,Other,,,
18434,,34,Female,,,
18435,,64,Female,,,
18436,,42,Female,,,
18437,,62,Male,,,
18438,,60,Male,,,
18439,,12,Male,,,
18440,,67,Male,,,
18441,,19,Female,,,
18442,,74,Other,,,
18443,,66,Female,,,
18444,,51,Other,,,
18445,,57,Other,,,
18446,,56,Other,,,
18447,,26,Other,,,
18448,,71,Male,,,
18449,,15,Other,,,
18450,,11,Other,,,
18451,,45,Male,,,
18452,,24,Other,,,
18453,,32,Female,,,
18454,,57,Female,,,
18455,,31,Female,,,
18456,,13,Male,,,
18457,,56,Male,,,
18458,,56,Male,,,
18459,,41,Female,,,
18460,,57,Male,,,
18461,,17,Male,,,
18462,,33,Female,,,
18463,,28,Male,,,
18464,,34,Other,,,
18465,,30,Male,,,
18466,,29,Female,,,
18467,,38,Other,,,
18468,,59,Female,,,
18469,,71,Female,,,
18470,,64,Female,,,
18471,,17,Female,,,
18472,,45,Male,,,
18473,,21,Female,,,
18474,,76,Other,,,
18475,,67,Female,,,
18476,,72,Other,,,
18477,,29,Male,,,
18478,,53,Other,,,
18479,,55,Male,,,
18480,,20,Male,,,
18481,,38,Female,,,
18482,,54,Female,,,
18483,,64,Female,,,
18484,,25,Other,,,
18485,,49,Male,,,
18486,,72,Female,,,
18487,,10,Male,,,
18488,,10,Female,,,
18489,,46,Other,,,
18490,,69,Female,,,
18491,,21,Female,,,
18492,,14,Female,,,
18493,,77,Male,,,
18494,,34,Female,,,
18495,,63,Male,,,
18496,,10,Female,,,
18497,,62,Male,,,
18498,,31,Male,,,
18499,,34,Male,,,
18500,,62,Male,,,
18501,,38,Female,,,
18502,,20,Male,,,
18503,,15,Female,,,
18504,,71,Other,,,
18505,,27,Female,,,
18506,,71,Other,,,
18507,,23,Female,,,
18508,,78,Male,,,
18509,,58,Male,,,
18510,,21,Female,,,
18511,,27,Female,,,
18512,,33,Female,,,
18513,,39,Female,,,
18514,,52,Other,,,
18515,,69,Other,,,
18516,,64,Female,,,
18517,,25,Other,,,
18518,,44,Female,,,
18519,,60,Male,,,
18520,,50,Other,,,
18521,,46,Female,,,
18522,,42,Male,,,
18523,,36,Other,,,
18524,,68,Other,,,
18525,,66,Female,,,
18526,,49,Female,,,
18527,,28,Other,,,
18528,,53,Other,,,
18529,,22,Female,,,
18530,,60,Other,,,
18531,,70,Female,,,
18532,,32,Male,,,
18533,,73,Female,,,
18534,,18,Male,,,
18535,,68,Female,,,
18536,,16,Female,,,
18537,,35,Female,,,
18538,,62,Female,,,
18539,,77,Other,,,
18540,,29,Female,,,
18541,,50,Other,,,
18542,,12,Male,,,
18543,,78,Male,,,
18544,,32,Male,,,
18545,,71,Other,,,
18546,,78,Other,,,
18547,,10,Female,,,
18548,,61,Male,,,
18549,,76,Male,,,
18550,,42,Female,,,
18551,,61,Male,,,
18552,,29,Male,,,
18553,,17,Female,,,
18554,,28,Male,,,
18555,,61,Other,,,
18556,,64,Male,,,
18557,,48,Female,,,
18558,,23,Male,,,
18559,,44,Female,,,
18560,,48,Female,,,
18561,,21,Other,,,
18562,,49,Male,,,
18563,,34,Male,,,
18564,,69,Male,,,
18565,,17,Female,,,
18566,,44,Other,,,
18567,,38,Other,,,
18568,,75,Other,,,
18569,,78,Female,,,
18570,,73,Female,,,
18571,,19,Female,,,
18572,,58,Other,,,
18573,,77,Female,,,
18574,,46,Male,,,
18575,,14,Female,,,
18576,,11,Female,,,
18577,,32,Female,,,
18578,,66,Male,,,
18579,,56,Male,,,
18580,,47,Female,,,
18581,,29,Male,,,
18582,,34,Other,,,
18583,,68,Female,,,
18584,,52,Female,,,
18585,,12,Male,,,
18586,,26,Female,,,
18587,,35,Male,,,
18588,,73,Other,,,
18589,,77,Female,,,
18590,,59,Other,,,
18591,,70,Male,,,
18592,,25,Female,,,
18593,,35,Male,,,
18594,,41,Female,,,
18595,,77,Male,,,
18596,,71,Other,,,
18597,,13,Male,,,
18598,,45,Female,,,
18599,,55,Female,,,
18600,,73,Male,,,
18601,,55,Female,,,
18602,,78,Other,,,
18603,,11,Female,,,
18604,,19,Male,,,
18605,,54,Female,,,
18606,,60,Female,,,
18607,,60,Female,,,
18608,,36,Other,,,
18609,,48,Female,,,
18610,,49,Male,,,
18611,,61,Female,,,
18612,,69,Female,,,
18613,,78,Female,,,
18614,,23,Female,,,
18615,,45,Female,,,
18616,,65,Male,,,
18617,,67,Other,,,
18618,,44,Female,,,
18619,,45,Female,,,
18620,,43,Female,,,
18621,,46,Female,,,
18622,,62,Female,,,
18623,,13,Male,,,
18624,,40,Other,,,
18625,,75,Female,,,
18626,,20,Male,,,
18627,,73,Male,,,
18628,,70,Female,,,
18629,,36,Male,,,
18630,,61,Male,,,
18631,,68,Other,,,
18632,,73,Female,,,
18633,,59,Male,,,
18634,,61,Other,,,
18635,,76,Other,,,
18636,,34,Other,,,
18637,,16,Female,,,
18638,,56,Female,,,
18639,,11,Other,,,
18640,,69,Other,,,
18641,,66,Other,,,
18642,,78,Other,,,
18643,,15,Female,,,
18644,,45,Other,,,
18645,,40,Other,,,
18646,,44,Other,,,
18647,,10,Male,,,
18648,,40,Male,,,
18649,,67,Female,,,
18650,,21,Female,,,
18651,,54,Other,,,
18652,,63,Female,,,
18653,,16,Female,,,
18654,,16,Male,,,
18655,,55,Other,,,
18656,,58,Female,,,
18657,,60,Male,,,
18658,,20,Female,,,
18659,,22,Other,,,
18660,,40,Other,,,
18661,,16,Male,,,
18662,,72,Female,,,
18663,,72,Female,,,
18664,,15,Other,,,
18665,,69,Female,,,
18666,,35,Other,,,
18667,,52,Male,,,
18668,,65,Female,,,
18669,,41,Male,,,
18670,,21,Other,,,
18671,,34,Female,,,
18672,,47,Male,,,
18673,,53,Female,,,
18674,,77,Other,,,
18675,,67,Female,,,
18676,,34,Female,,,
18677,,14,Other,,,
18678,,43,Other,,,
18679,,76,Male,,,
18680,,30,Other,,,
18681,,33,Male,,,
18682,,76,Female,,,
18683,,22,Other,,,
18684,,27,Other,,,
18685,,77,Male,,,
18686,,69,Male,,,
18687,,34,Other,,,
18688,,72,Male,,,
18689,,42,Female,,,
18690,,19,Male,,,
18691,,52,Other,,,
18692,,73,Female,,,
18693,,76,Other,,,
18694,,71,Other,,,
18695,,36,Other,,,
18696,,14,Male,,,
18697,,47,Male,,,
18698,,48,Other,,,
18699,,56,Other,,,
18700,,54,Male,,,
18701,,67,Female,,,
18702,,64,Female,,,
18703,,26,Female,,,
18704,,53,Female,,,
18705,,24,Other,,,
18706,,49,Other,,,
18707,,62,Female,,,
18708,,43,Other,,,
18709,,62,Male,,,
18710,,67,Male,,,
18711,,31,Female,,,
18712,,39,Female,,,
18713,,20,Male,,,
18714,,22,Male,,,
18715,,38,Female,,,
18716,,71,Other,,,
18717,,29,Other,,,
18718,,38,Male,,,
18719,,24,Female,,,
18720,,43,Female,,,
18721,,33,Female,,,
18722,,61,Male,,,
18723,,27,Female,,,
18724,,45,Male,,,
18725,,18,Other,,,
18726,,14,Female,,,
18727,,31,Male,,,
18728,,44,Female,,,
18729,,77,Other,,,
18730,,70,Other,,,
18731,,34,Other,,,
18732,,38,Other,,,
18733,,17,Female,,,
18734,,18,Male,,,
18735,,43,Other,,,
18736,,37,Other,,,
18737,,79,Other,,,
18738,,79,Male,,,
18739,,17,Male,,,
18740,,41,Female,,,
18741,,48,Male,,,
18742,,68,Female,,,
18743,,46,Female,,,
18744,,19,Male,,,
18745,,75,Other,,,
18746,,17,Male,,,
18747,,28,Other,,,
18748,,74,Male,,,
18749,,78,Female,,,
18750,,71,Female,,,
18751,,57,Other,,,
18752,,11,Other,,,
18753,,18,Female,,,
18754,,37,Other,,,
18755,,15,Other,,,
18756,,28,Male,,,
18757,,73,Other,,,
18758,,23,Other,,,
18759,,64,Male,,,
18760,,26,Other,,,
18761,,25,Female,,,
18762,,52,Male,,,
18763,,63,Other,,,
18764,,24,Female,,,
18765,,17,Male,,,
18766,,32,Other,,,
18767,,26,Other,,,
18768,,14,Female,,,
18769,,66,Male,,,
18770,,35,Male,,,
18771,,61,Other,,,
18772,,32,Male,,,
18773,,13,Other,,,
18774,,36,Female,,,
18775,,12,Other,,,
18776,,50,Female,,,
18777,,58,Other,,,
18778,,21,Female,,,
18779,,35,Female,,,
18780,,45,Female,,,
18781,,30,Female,,,
18782,,46,Male,,,
18783,,57,Other,,,
18784,,33,Female,,,
18785,,77,Other,,,
18786,,66,Male,,,
18787,,61,Other,,,
18788,,50,Other,,,
18789,,27,Female,,,
18790,,27,Male,,,
18791,,32,Other,,,
18792,,33,Male,,,
18793,,56,Other,,,
18794,,20,Male,,,
18795,,10,Female,,,
18796,,79,Male,,,
18797,,23,Other,,,
18798,,12,Female,,,
18799,,34,Female,,,
18800,,68,Female,,,
18801,,18,Other,,,
18802,,27,Male,,,
18803,,37,Male,,,
18804,,19,Other,,,
18805,,23,Female,,,
18806,,39,Other,,,
18807,,52,Female,,,
18808,,41,Female,,,
18809,,52,Male,,,
18810,,37,Female,,,
18811,,11,Other,,,
18812,,15,Other,,,
18813,,59,Female,,,
18814,,70,Other,,,
18815,,28,Female,,,
18816,,72,Male,,,
18817,,50,Female,,,
18818,,44,Other,,,
18819,,60,Male,,,
18820,,18,Other,,,
18821,,18,Female,,,
18822,,60,Male,,,
18823,,29,Other,,,
18824,,70,Female,,,
18825,,35,Male,,,
18826,,76,Other,,,
18827,,29,Other,,,
18828,,37,Male,,,
18829,,41,Female,,,
18830,,29,Female,,,
18831,,20,Other,,,
18832,,76,Other,,,
18833,,44,Female,,,
18834,,24,Other,,,
18835,,19,Male,,,
18836,,31,Male,,,
18837,,67,Female,,,
18838,,78,Male,,,
18839,,58,Other,,,
18840,,43,Other,,,
18841,,72,Other,,,
18842,,46,Other,,,
18843,,64,Female,,,
18844,,68,Female,,,
18845,,66,Male,,,
18846,,14,Female,,,
18847,,34,Other,,,
18848,,61,Male,,,
18849,,57,Other,,,
18850,,18,Other,,,
18851,,22,Other,,,
18852,,26,Other,,,
18853,,63,Other,,,
18854,,32,Female,,,
18855,,65,Female,,,
18856,,44,Male,,,
18857,,58,Other,,,
18858,,69,Other,,,
18859,,48,Male,,,
18860,,36,Male,,,
18861,,41,Male,,,
18862,,78,Other,,,
18863,,39,Other,,,
18864,,30,Male,,,
18865,,46,Male,,,
18866,,54,Female,,,
18867,,60,Other,,,
18868,,34,Male,,,
18869,,53,Female,,,
18870,,63,Other,,,
18871,,41,Male,,,
18872,,50,Male,,,
18873,,33,Other,,,
18874,,11,Male,,,
18875,,31,Male,,,
18876,,51,Female,,,
18877,,57,Male,,,
18878,,35,Female,,,
18879,,29,Other,,,
18880,,44,Female,,,
18881,,10,Female,,,
18882,,35,Male,,,
18883,,27,Female,,,
18884,,40,Other,,,
18885,,23,Male,,,
18886,,70,Other,,,
18887,,24,Male,,,
18888,,49,Female,,,
18889,,35,Other,,,
18890,,40,Other,,,
18891,,23,Male,,,
18892,,55,Other,,,
18893,,12,Female,,,
18894,,17,Female,,,
18895,,28,Male,,,
18896,,27,Other,,,
18897,,71,Female,,,
18898,,14,Male,,,
18899,,32,Other,,,
18900,,47,Male,,,
18901,,57,Female,,,
18902,,38,Other,,,
18903,,31,Male,,,
18904,,76,Male,,,
18905,,32,Other,,,
18906,,54,Female,,,
18907,,18,Female,,,
18908,,11,Male,,,
18909,,30,Female,,,
18910,,20,Female,,,
18911,,48,Male,,,
18912,,64,Female,,,
18913,,24,Other,,,
18914,,53,Other,,,
18915,,24,Female,,,
18916,,72,Male,,,
18917,,62,Female,,,
18918,,44,Male,,,
18919,,37,Other,,,
18920,,76,Male,,,
18921,,45,Other,,,
18922,,74,Male,,,
18923,,62,Male,,,
18924,,46,Male,,,
18925,,31,Male,,,
18926,,10,Female,,,
18927,,78,Other,,,
18928,,61,Other,,,
18929,,18,Male,,,
18930,,23,Male,,,
18931,,77,Female,,,
18932,,66,Other,,,
18933,,37,Male,,,
18934,,45,Male,,,
18935,,68,Other,,,
18936,,35,Male,,,
18937,,35,Male,,,
18938,,44,Other,,,
18939,,21,Male,,,
18940,,56,Male,,,
18941,,73,Female,,,
18942,,40,Female,,,
18943,,77,Female,,,
18944,,58,Other,,,
18945,,62,Other,,,
18946,,65,Other,,,
18947,,78,Male,,,
18948,,75,Female,,,
18949,,59,Male,,,
18950,,60,Other,,,
18951,,40,Female,,,
18952,,62,Female,,,
18953,,65,Other,,,
18954,,52,Female,,,
18955,,28,Male,,,
18956,,35,Other,,,
18957,,36,Female,,,
18958,,19,Male,,,
18959,,59,Female,,,
18960,,16,Other,,,
18961,,26,Male,,,
18962,,10,Male,,,
18963,,22,Male,,,
18964,,51,Male,,,
18965,,62,Female,,,
18966,,57,Other,,,
18967,,49,Other,,,
18968,,29,Female,,,
18969,,12,Male,,,
18970,,47,Other,,,
18971,,62,Other,,,
18972,,21,Other,,,
18973,,48,Female,,,
18974,,73,Other,,,
18975,,28,Male,,,
18976,,68,Female,,,
18977,,78,Female,,,
18978,,52,Female,,,
18979,,19,Female,,,
18980,,41,Female,,,
18981,,50,Other,,,
18982,,24,Other,,,
18983,,58,Male,,,
18984,,32,Other,,,
18985,,73,Female,,,
18986,,49,Female,,,
18987,,47,Male,,,
18988,,13,Other,,,
18989,,11,Other,,,
18990,,50,Male,,,
18991,,79,Other,,,
18992,,62,Male,,,
18993,,65,Male,,,
18994,,43,Other,,,
18995,,16,Male,,,
18996,,65,Male,,,
18997,,70,Female,,,
18998,,46,Other,,,
18999,,59,Female,,,
19000,,51,Male,,,
19001,,54,Male,,,
19002,,26,Male,,,
19003,,49,Female,,,
19004,,19,Male,,,
19005,,31,Other,,,
19006,,73,Female,,,
19007,,67,Male,,,
19008,,59,Male,,,
19009,,29,Female,,,
19010,,44,Male,,,
19011,,74,Male,,,
19012,,25,Female,,,
19013,,47,Other,,,
19014,,35,Female,,,
19015,,36,Female,,,
19016,,61,Female,,,
19017,,50,Other,,,
19018,,64,Female,,,
19019,,36,Female,,,
19020,,48,Female,,,
19021,,57,Male,,,
19022,,64,Female,,,
19023,,38,Male,,,
19024,,32,Female,,,
19025,,55,Male,,,
19026,,63,Other,,,
19027,,22,Other,,,
19028,,26,Female,,,
19029,,35,Male,,,
19030,,19,Male,,,
19031,,55,Female,,,
19032,,26,Other,,,
19033,,59,Male,,,
19034,,63,Male,,,
19035,,64,Female,,,
19036,,31,Male,,,
19037,,28,Other,,,
19038,,29,Other,,,
19039,,39,Other,,,
19040,,51,Female,,,
19041,,56,Other,,,
19042,,26,Female,,,
19043,,24,Female,,,
19044,,32,Male,,,
19045,,10,Other,,,
19046,,64,Male,,,
19047,,68,Other,,,
19048,,77,Male,,,
19049,,54,Other,,,
19050,,55,Female,,,
19051,,31,Other,,,
19052,,53,Other,,,
19053,,12,Female,,,
19054,,25,Female,,,
19055,,29,Male,,,
19056,,32,Other,,,
19057,,31,Female,,,
19058,,69,Other,,,
19059,,35,Male,,,
19060,,24,Other,,,
19061,,59,Male,,,
19062,,61,Other,,,
19063,,23,Male,,,
19064,,17,Male,,,
19065,,69,Male,,,
19066,,68,Other,,,
19067,,24,Male,,,
19068,,42,Female,,,
19069,,72,Female,,,
19070,,35,Other,,,
19071,,75,Male,,,
19072,,16,Female,,,
19073,,66,Female,,,
19074,,41,Male,,,
19075,,36,Female,,,
19076,,15,Male,,,
19077,,60,Other,,,
19078,,70,Male,,,
19079,,21,Other,,,
19080,,12,Other,,,
19081,,16,Other,,,
19082,,13,Female,,,
19083,,47,Other,,,
19084,,38,Other,,,
19085,,71,Female,,,
19086,,18,Male,,,
19087,,50,Male,,,
19088,,43,Other,,,
19089,,34,Male,,,
19090,,79,Other,,,
19091,,70,Female,,,
19092,,52,Male,,,
19093,,33,Male,,,
19094,,35,Other,,,
19095,,13,Other,,,
19096,,49,Other,,,
19097,,64,Male,,,
19098,,66,Male,,,
19099,,74,Other,,,
19100,,34,Female,,,
19101,,33,Male,,,
19102,,13,Other,,,
19103,,37,Other,,,
19104,,79,Female,,,
19105,,66,Female,,,
19106,,35,Male,,,
19107,,41,Female,,,
19108,,24,Male,,,
19109,,76,Other,,,
19110,,71,Other,,,
19111,,45,Other,,,
19112,,40,Male,,,
19113,,54,Female,,,
19114,,53,Male,,,
19115,,23,Male,,,
19116,,47,Male,,,
19117,,39,Other,,,
19118,,41,Female,,,
19119,,60,Female,,,
19120,,55,Male,,,
19121,,32,Female,,,
19122,,24,Male,,,
19123,,29,Male,,,
19124,,19,Female,,,
19125,,72,Other,,,
19126,,47,Other,,,
19127,,66,Male,,,
19128,,75,Female,,,
19129,,35,Female,,,
19130,,62,Male,,,
19131,,61,Male,,,
19132,,58,Male,,,
19133,,79,Male,,,
19134,,41,Female,,,
19135,,42,Other,,,
19136,,35,Female,,,
19137,,77,Male,,,
19138,,25,Male,,,
19139,,15,Male,,,
19140,,61,Male,,,
19141,,73,Female,,,
19142,,44,Male,,,
19143,,47,Female,,,
19144,,36,Male,,,
19145,,26,Other,,,
19146,,78,Male,,,
19147,,19,Male,,,
19148,,41,Male,,,
19149,,40,Other,,,
19150,,47,Other,,,
19151,,65,Other,,,
19152,,37,Male,,,
19153,,72,Male,,,
19154,,54,Other,,,
19155,,66,Other,,,
19156,,61,Other,,,
19157,,15,Male,,,
19158,,35,Female,,,
19159,,33,Female,,,
19160,,24,Other,,,
19161,,48,Other,,,
19162,,26,Other,,,
19163,,12,Other,,,
19164,,15,Other,,,
19165,,58,Other,,,
19166,,32,Male,,,
19167,,56,Other,,,
19168,,33,Female,,,
19169,,73,Other,,,
19170,,12,Other,,,
19171,,58,Female,,,
19172,,73,Female,,,
19173,,56,Female,,,
19174,,75,Male,,,
19175,,77,Male,,,
19176,,19,Female,,,
19177,,21,Female,,,
19178,,65,Female,,,
19179,,47,Female,,,
19180,,30,Male,,,
19181,,63,Other,,,
19182,,78,Other,,,
19183,,66,Male,,,
19184,,64,Male,,,
19185,,61,Male,,,
19186,,69,Female,,,
19187,,73,Male,,,
19188,,75,Male,,,
19189,,23,Other,,,
19190,,59,Other,,,
19191,,39,Female,,,
19192,,47,Female,,,
19193,,62,Other,,,
19194,,42,Other,,,
19195,,31,Female,,,
19196,,63,Male,,,
19197,,19,Male,,,
19198,,57,Female,,,
19199,,76,Other,,,
19200,,35,Male,,,
19201,,30,Female,,,
19202,,33,Male,,,
19203,,73,Other,,,
19204,,42,Female,,,
19205,,27,Female,,,
19206,,20,Female,,,
19207,,43,Female,,,
19208,,66,Female,,,
19209,,47,Male,,,
19210,,74,Other,,,
19211,,72,Other,,,
19212,,32,Male,,,
19213,,44,Female,,,
19214,,54,Female,,,
19215,,10,Other,,,
19216,,54,Male,,,
19217,,33,Other,,,
19218,,15,Male,,,
19219,,59,Male,,,
19220,,32,Male,,,
19221,,26,Male,,,
19222,,25,Female,,,
19223,,29,Male,,,
19224,,74,Female,,,
19225,,67,Other,,,
19226,,74,Other,,,
19227,,31,Female,,,
19228,,72,Male,,,
19229,,74,Other,,,
19230,,71,Male,,,
19231,,60,Male,,,
19232,,51,Female,,,
19233,,76,Male,,,
19234,,25,Other,,,
19235,,19,Male,,,
19236,,64,Male,,,
19237,,63,Other,,,
19238,,73,Other,,,
19239,,43,Female,,,
19240,,42,Other,,,
19241,,43,Female,,,
19242,,17,Female,,,
19243,,43,Female,,,
19244,,25,Female,,,
19245,,26,Other,,,
19246,,55,Female,,,
19247,,19,Other,,,
19248,,60,Female,,,
19249,,51,Other,,,
19250,,28,Female,,,
19251,,72,Female,,,
19252,,64,Male,,,
19253,,25,Male,,,
19254,,20,Other,,,
19255,,22,Other,,,
19256,,18,Male,,,
19257,,15,Female,,,
19258,,41,Male,,,
19259,,55,Female,,,
19260,,39,Male,,,
19261,,19,Male,,,
19262,,56,Other,,,
19263,,20,Male,,,
19264,,40,Male,,,
19265,,77,Female,,,
19266,,76,Other,,,
19267,,48,Other,,,
19268,,25,Female,,,
19269,,23,Other,,,
19270,,19,Female,,,
19271,,62,Other,,,
19272,,34,Male,,,
19273,,36,Male,,,
19274,,79,Male,,,
19275,,76,Other,,,
19276,,49,Female,,,
19277,,44,Male,,,
19278,,63,Male,,,
19279,,55,Male,,,
19280,,46,Male,,,
19281,,34,Female,,,
19282,,12,Female,,,
19283,,35,Male,,,
19284,,76,Other,,,
19285,,64,Male,,,
19286,,70,Other,,,
19287,,34,Other,,,
19288,,63,Female,,,
19289,,31,Male,,,
19290,,44,Female,,,
19291,,51,Male,,,
19292,,79,Male,,,
19293,,11,Female,,,
19294,,71,Female,,,
19295,,50,Male,,,
19296,,23,Other,,,
19297,,60,Male,,,
19298,,71,Male,,,
19299,,18,Male,,,
19300,,30,Male,,,
19301,,75,Male,,,
19302,,14,Other,,,
19303,,43,Other,,,
19304,,70,Female,,,
19305,,18,Female,,,
19306,,11,Female,,,
19307,,25,Female,,,
19308,,39,Other,,,
19309,,46,Male,,,
19310,,36,Male,,,
19311,,17,Male,,,
19312,,43,Male,,,
19313,,42,Female,,,
19314,,55,Male,,,
19315,,10,Female,,,
19316,,13,Male,,,
19317,,10,Female,,,
19318,,71,Female,,,
19319,,40,Other,,,
19320,,75,Female,,,
19321,,59,Female,,,
19322,,48,Female,,,
19323,,30,Other,,,
19324,,17,Male,,,
19325,,16,Other,,,
19326,,41,Female,,,
19327,,11,Female,,,
19328,,61,Male,,,
19329,,24,Female,,,
19330,,30,Other,,,
19331,,48,Other,,,
19332,,11,Other,,,
19333,,36,Female,,,
19334,,34,Male,,,
19335,,57,Other,,,
19336,,29,Female,,,
19337,,74,Female,,,
19338,,79,Female,,,
19339,,65,Male,,,
19340,,61,Other,,,
19341,,11,Male,,,
19342,,44,Other,,,
19343,,63,Other,,,
19344,,73,Other,,,
19345,,15,Male,,,
19346,,16,Other,,,
19347,,61,Other,,,
19348,,60,Other,,,
19349,,43,Female,,,
19350,,31,Other,,,
19351,,18,Female,,,
19352,,46,Male,,,
19353,,11,Male,,,
19354,,73,Female,,,
19355,,61,Female,,,
19356,,47,Other,,,
19357,,19,Other,,,
19358,,55,Male,,,
19359,,69,Other,,,
19360,,34,Other,,,
19361,,77,Other,,,
19362,,44,Female,,,
19363,,38,Other,,,
19364,,22,Male,,,
19365,,43,Other,,,
19366,,15,Male,,,
19367,,14,Male,,,
19368,,65,Other,,,
19369,,77,Male,,,
19370,,47,Male,,,
19371,,31,Female,,,
19372,,33,Female,,,
19373,,58,Male,,,
19374,,79,Other,,,
19375,,66,Other,,,
19376,,16,Male,,,
19377,,13,Other,,,
19378,,49,Other,,,
19379,,70,Female,,,
19380,,63,Other,,,
19381,,23,Female,,,
19382,,21,Female,,,
19383,,22,Male,,,
19384,,13,Other,,,
19385,,29,Male,,,
19386,,34,Female,,,
19387,,61,Other,,,
19388,,31,Other,,,
19389,,22,Male,,,
19390,,78,Female,,,
19391,,73,Female,,,
19392,,46,Female,,,
19393,,33,Other,,,
19394,,29,Female,,,
19395,,34,Male,,,
19396,,78,Other,,,
19397,,78,Female,,,
19398,,56,Male,,,
19399,,12,Other,,,
19400,,38,Male,,,
19401,,23,Female,,,
19402,,59,Female,,,
19403,,77,Female,,,
19404,,63,Other,,,
19405,,15,Female,,,
19406,,44,Female,,,
19407,,29,Male,,,
19408,,41,Other,,,
19409,,77,Female,,,
19410,,74,Male,,,
19411,,47,Female,,,
19412,,21,Male,,,
19413,,79,Other,,,
19414,,13,Female,,,
19415,,56,Other,,,
19416,,13,Female,,,
19417,,25,Male,,,
19418,,13,Other,,,
19419,,40,Male,,,
19420,,17,Female,,,
19421,,63,Other,,,
19422,,59,Other,,,
19423,,26,Female,,,
19424,,39,Male,,,
19425,,18,Female,,,
19426,,30,Female,,,
19427,,25,Female,,,
19428,,49,Female,,,
19429,,54,Female,,,
19430,,60,Female,,,
19431,,49,Female,,,
19432,,41,Other,,,
19433,,60,Male,,,
19434,,63,Male,,,
19435,,18,Other,,,
19436,,15,Other,,,
19437,,38,Male,,,
19438,,68,Other,,,
19439,,67,Other,,,
19440,,24,Male,,,
19441,,20,Other,,,
19442,,19,Male,,,
19443,,12,Male,,,
19444,,58,Male,,,
19445,,73,Female,,,
19446,,60,Male,,,
19447,,36,Male,,,
19448,,11,Other,,,
19449,,28,Female,,,
19450,,70,Female,,,
19451,,20,Female,,,
19452,,78,Female,,,
19453,,33,Other,,,
19454,,61,Other,,,
19455,,60,Male,,,
19456,,34,Male,,,
19457,,76,Other,,,
19458,,27,Female,,,
19459,,45,Female,,,
19460,,42,Other,,,
19461,,77,Female,,,
19462,,30,Male,,,
19463,,35,Male,,,
19464,,10,Male,,,
19465,,36,Female,,,
19466,,76,Male,,,
19467,,28,Other,,,
19468,,65,Male,,,
19469,,75,Other,,,
19470,,57,Male,,,
19471,,19,Female,,,
19472,,38,Female,,,
19473,,24,Male,,,
19474,,47,Female,,,
19475,,30,Male,,,
19476,,37,Other,,,
19477,,11,Other,,,
19478,,64,Female,,,
19479,,17,Male,,,
19480,,78,Other,,,
19481,,24,Male,,,
19482,,77,Female,,,
19483,,51,Female,,,
19484,,51,Female,,,
19485,,51,Male,,,
19486,,32,Other,,,
19487,,56,Other,,,
19488,,25,Female,,,
19489,,30,Other,,,
19490,,44,Other,,,
19491,,77,Male,,,
19492,,22,Female,,,
19493,,74,Other,,,
19494,,57,Other,,,
19495,,24,Female,,,
19496,,20,Male,,,
19497,,41,Female,,,
19498,,24,Other,,,
19499,,42,Male,,,
19500,,25,Male,,,
19501,,56,Female,,,
19502,,49,Other,,,
19503,,69,Female,,,
19504,,14,Other,,,
19505,,46,Female,,,
19506,,27,Male,,,
19507,,60,Female,,,
19508,,38,Other,,,
19509,,43,Other,,,
19510,,77,Female,,,
19511,,59,Male,,,
19512,,39,Female,,,
19513,,75,Female,,,
19514,,61,Male,,,
19515,,34,Male,,,
19516,,48,Male,,,
19517,,60,Female,,,
19518,,23,Other,,,
19519,,19,Male,,,
19520,,33,Male,,,
19521,,57,Other,,,
19522,,16,Female,,,
19523,,11,Other,,,
19524,,22,Male,,,
19525,,42,Other,,,
19526,,25,Female,,,
19527,,39,Male,,,
19528,,64,Female,,,
19529,,76,Male,,,
19530,,67,Other,,,
19531,,47,Female,,,
19532,,49,Male,,,
19533,,53,Male,,,
19534,,49,Other,,,
19535,,60,Male,,,
19536,,26,Other,,,
19537,,68,Female,,,
19538,,62,Other,,,
19539,,70,Female,,,
19540,,52,Other,,,
19541,,54,Female,,,
19542,,55,Other,,,
19543,,79,Male,,,
19544,,30,Female,,,
19545,,27,Male,,,
19546,,75,Female,,,
19547,,66,Male,,,
19548,,16,Male,,,
19549,,79,Male,,,
19550,,48,Male,,,
19551,,44,Other,,,
19552,,78,Male,,,
19553,,23,Female,,,
19554,,18,Other,,,
19555,,18,Female,,,
19556,,74,Male,,,
19557,,63,Female,,,
19558,,58,Male,,,
19559,,76,Female,,,
19560,,68,Female,,,
19561,,30,Male,,,
19562,,55,Female,,,
19563,,36,Other,,,
19564,,73,Female,,,
19565,,34,Other,,,
19566,,13,Other,,,
19567,,27,Female,,,
19568,,74,Female,,,
19569,,21,Female,,,
19570,,15,Male,,,
19571,,79,Female,,,
19572,,18,Other,,,
19573,,30,Female,,,
19574,,25,Male,,,
19575,,50,Male,,,
19576,,75,Female,,,
19577,,15,Male,,,
19578,,41,Male,,,
19579,,23,Male,,,
19580,,78,Male,,,
19581,,26,Male,,,
19582,,56,Male,,,
19583,,45,Male,,,
19584,,56,Male,,,
19585,,75,Other,,,
19586,,57,Female,,,
19587,,29,Female,,,
19588,,50,Other,,,
19589,,34,Female,,,
19590,,61,Male,,,
19591,,64,Female,,,
19592,,52,Female,,,
19593,,23,Female,,,
19594,,21,Female,,,
19595,,38,Male,,,
19596,,22,Other,,,
19597,,63,Female,,,
19598,,66,Male,,,
19599,,42,Other,,,
19600,,73,Other,,,
19601,,56,Male,,,
19602,,14,Female,,,
19603,,57,Male,,,
19604,,48,Other,,,
19605,,72,Male,,,
19606,,57,Other,,,
19607,,14,Male,,,
19608,,14,Male,,,
19609,,70,Female,,,
19610,,41,Male,,,
19611,,58,Other,,,
19612,,71,Other,,,
19613,,11,Female,,,
19614,,78,Male,,,
19615,,51,Other,,,
19616,,11,Male,,,
19617,,36,Male,,,
19618,,59,Female,,,
19619,,36,Male,,,
19620,,68,Other,,,
19621,,13,Other,,,
19622,,60,Male,,,
19623,,51,Female,,,
19624,,25,Female,,,
19625,,72,Other,,,
19626,,19,Female,,,
19627,,44,Male,,,
19628,,30,Male,,,
19629,,13,Male,,,
19630,,20,Male,,,
19631,,22,Male,,,
19632,,67,Male,,,
19633,,76,Other,,,
19634,,59,Female,,,
19635,,33,Other,,,
19636,,16,Male,,,
19637,,40,Other,,,
19638,,74,Female,,,
19639,,47,Other,,,
19640,,30,Male,,,
19641,,76,Female,,,
19642,,66,Male,,,
19643,,50,Other,,,
19644,,55,Female,,,
19645,,70,Female,,,
19646,,65,Female,,,
19647,,55,Female,,,
19648,,48,Female,,,
19649,,46,Other,,,
19650,,50,Female,,,
19651,,47,Male,,,
19652,,35,Other,,,
19653,,51,Male,,,
19654,,79,Male,,,
19655,,25,Male,,,
19656,,65,Female,,,
19657,,71,Other,,,
19658,,11,Male,,,
19659,,25,Female,,,
19660,,18,Other,,,
19661,,21,Male,,,
19662,,48,Male,,,
19663,,78,Other,,,
19664,,74,Other,,,
19665,,68,Female,,,
19666,,72,Other,,,
19667,,35,Other,,,
19668,,27,Male,,,
19669,,75,Female,,,
19670,,64,Other,,,
19671,,25,Male,,,
19672,,72,Male,,,
19673,,31,Male,,,
19674,,14,Female,,,
19675,,76,Female,,,
19676,,35,Male,,,
19677,,64,Male,,,
19678,,64,Female,,,
19679,,32,Other,,,
19680,,41,Male,,,
19681,,76,Male,,,
19682,,21,Other,,,
19683,,63,Male,,,
19684,,17,Male,,,
19685,,66,Female,,,
19686,,44,Female,,,
19687,,20,Male,,,
19688,,71,Female,,,
19689,,15,Other,,,
19690,,39,Other,,,
19691,,64,Male,,,
19692,,61,Other,,,
19693,,55,Male,,,
19694,,11,Female,,,
19695,,65,Female,,,
19696,,75,Male,,,
19697,,11,Other,,,
19698,,47,Other,,,
19699,,79,Other,,,
19700,,68,Female,,,
19701,,21,Other,,,
19702,,54,Other,,,
19703,,71,Other,,,
19704,,20,Female,,,
19705,,34,Male,,,
19706,,60,Female,,,
19707,,36,Other,,,
19708,,74,Female,,,
19709,,79,Other,,,
19710,,78,Female,,,
19711,,54,Female,,,
19712,,56,Female,,,
19713,,77,Other,,,
19714,,23,Female,,,
19715,,12,Female,,,
19716,,31,Male,,,
19717,,72,Other,,,
19718,,76,Other,,,
19719,,71,Male,,,
19720,,72,Other,,,
19721,,59,Female,,,
19722,,28,Male,,,
19723,,45,Female,,,
19724,,31,Female,,,
19725,,25,Male,,,
19726,,78,Other,,,
19727,,17,Male,,,
19728,,23,Other,,,
19729,,44,Other,,,
19730,,10,Female,,,
19731,,41,Female,,,
19732,,21,Male,,,
19733,,47,Female,,,
19734,,61,Male,,,
19735,,49,Other,,,
19736,,77,Other,,,
19737,,65,Male,,,
19738,,42,Other,,,
19739,,33,Male,,,
19740,,56,Male,,,
19741,,23,Female,,,
19742,,41,Female,,,
19743,,75,Male,,,
19744,,11,Male,,,
19745,,23,Male,,,
19746,,21,Other,,,
19747,,72,Female,,,
19748,,78,Female,,,
19749,,50,Other,,,
19750,,67,Female,,,
19751,,52,Male,,,
19752,,40,Male,,,
19753,,30,Other,,,
19754,,71,Other,,,
19755,,18,Male,,,
19756,,21,Other,,,
19757,,24,Female,,,
19758,,19,Other,,,
19759,,55,Other,,,
19760,,48,Other,,,
19761,,51,Other,,,
19762,,11,Female,,,
19763,,45,Other,,,
19764,,22,Male,,,
19765,,65,Female,,,
19766,,39,Male,,,
19767,,52,Other,,,
19768,,10,Female,,,
19769,,67,Other,,,
19770,,46,Other,,,
19771,,29,Female,,,
19772,,58,Female,,,
19773,,38,Female,,,
19774,,62,Male,,,
19775,,72,Other,,,
19776,,22,Other,,,
19777,,67,Other,,,
19778,,37,Male,,,
19779,,15,Female,,,
19780,,63,Male,,,
19781,,26,Other,,,
19782,,11,Other,,,
19783,,27,Female,,,
19784,,71,Female,,,
19785,,46,Other,,,
19786,,78,Male,,,
19787,,79,Female,,,
19788,,61,Female,,,
19789,,54,Female,,,
19790,,68,Male,,,
19791,,51,Female,,,
19792,,69,Male,,,
19793,,16,Female,,,
19794,,34,Other,,,
19795,,63,Other,,,
19796,,35,Other,,,
19797,,40,Female,,,
19798,,54,Other,,,
19799,,74,Female,,,
19800,,71,Other,,,
19801,,47,Other,,,
19802,,10,Other,,,
19803,,57,Other,,,
19804,,51,Female,,,
19805,,22,Male,,,
19806,,61,Female,,,
19807,,39,Female,,,
19808,,43,Male,,,
19809,,36,Female,,,
19810,,44,Male,,,
19811,,21,Female,,,
19812,,65,Female,,,
19813,,43,Male,,,
19814,,27,Male,,,
19815,,63,Female,,,
19816,,48,Male,,,
19817,,14,Female,,,
19818,,21,Female,,,
19819,,15,Female,,,
19820,,17,Female,,,
19821,,72,Other,,,
19822,,33,Male,,,
19823,,40,Male,,,
19824,,38,Other,,,
19825,,35,Male,,,
19826,,71,Female,,,
19827,,70,Female,,,
19828,,41,Male,,,
19829,,31,Female,,,
19830,,61,Other,,,
19831,,77,Male,,,
19832,,66,Other,,,
19833,,42,Female,,,
19834,,48,Female,,,
19835,,25,Female,,,
19836,,50,Female,,,
19837,,69,Other,,,
19838,,69,Male,,,
19839,,49,Female,,,
19840,,12,Female,,,
19841,,70,Other,,,
19842,,44,Female,,,
19843,,47,Female,,,
19844,,21,Other,,,
19845,,55,Female,,,
19846,,18,Female,,,
19847,,79,Female,,,
19848,,55,Male,,,
19849,,38,Other,,,
19850,,53,Female,,,
19851,,76,Female,,,
19852,,18,Male,,,
19853,,75,Female,,,
19854,,63,Male,,,
19855,,65,Female,,,
19856,,11,Male,,,
19857,,57,Female,,,
19858,,48,Male,,,
19859,,79,Other,,,
19860,,60,Male,,,
19861,,40,Male,,,
19862,,54,Male,,,
19863,,22,Male,,,
19864,,74,Male,,,
19865,,70,Male,,,
19866,,57,Other,,,
19867,,19,Other,,,
19868,,24,Other,,,
19869,,76,Male,,,
19870,,13,Female,,,
19871,,65,Female,,,
19872,,73,Male,,,
19873,,33,Male,,,
19874,,41,Other,,,
19875,,52,Female,,,
19876,,49,Male,,,
19877,,79,Female,,,
19878,,41,Male,,,
19879,,74,Male,,,
19880,,78,Female,,,
19881,,13,Male,,,
19882,,71,Male,,,
19883,,44,Female,,,
19884,,25,Other,,,
19885,,15,Male,,,
19886,,35,Male,,,
19887,,35,Other,,,
19888,,14,Female,,,
19889,,77,Male,,,
19890,,22,Other,,,
19891,,44,Other,,,
19892,,57,Female,,,
19893,,10,Female,,,
19894,,49,Male,,,
19895,,50,Female,,,
19896,,67,Other,,,
19897,,24,Male,,,
19898,,37,Other,,,
19899,,79,Male,,,
19900,,79,Other,,,
19901,,32,Male,,,
19902,,35,Female,,,
19903,,29,Male,,,
19904,,31,Male,,,
19905,,64,Other,,,
19906,,22,Other,,,
19907,,59,Male,,,
19908,,70,Other,,,
19909,,16,Male,,,
19910,,40,Female,,,
19911,,42,Male,,,
19912,,66,Female,,,
19913,,64,Other,,,
19914,,26,Other,,,
19915,,44,Other,,,
19916,,24,Other,,,
19917,,31,Female,,,
19918,,73,Female,,,
19919,,41,Male,,,
19920,,57,Male,,,
19921,,25,Female,,,
19922,,42,Male,,,
19923,,22,Female,,,
19924,,78,Male,,,
19925,,29,Male,,,
19926,,36,Female,,,
19927,,41,Other,,,
19928,,61,Female,,,
19929,,55,Other,,,
19930,,35,Male,,,
19931,,36,Female,,,
19932,,56,Other,,,
19933,,60,Other,,,
19934,,43,Male,,,
19935,,63,Other,,,
19936,,57,Other,,,
19937,,55,Male,,,
19938,,10,Other,,,
19939,,57,Other,,,
19940,,41,Female,,,
19941,,35,Male,,,
19942,,74,Male,,,
19943,,13,Female,,,
19944,,50,Male,,,
19945,,12,Female,,,
19946,,28,Other,,,
19947,,13,Male,,,
19948,,63,Female,,,
19949,,79,Female,,,
19950,,57,Male,,,
19951,,22,Female,,,
19952,,12,Male,,,
19953,,27,Male,,,
19954,,49,Female,,,
19955,,71,Female,,,
19956,,21,Female,,,
19957,,65,Male,,,
19958,,55,Male,,,
19959,,41,Other,,,
19960,,74,Other,,,
19961,,72,Male,,,
19962,,26,Female,,,
19963,,21,Other,,,
19964,,67,Male,,,
19965,,11,Other,,,
19966,,41,Other,,,
19967,,62,Other,,,
19968,,58,Male,,,
19969,,41,Other,,,
19970,,17,Other,,,
19971,,53,Other,,,
19972,,15,Female,,,
19973,,54,Other,,,
19974,,72,Female,,,
19975,,78,Male,,,
19976,,29,Other,,,
19977,,27,Female,,,
19978,,67,Other,,,
19979,,52,Female,,,
19980,,55,Other,,,
19981,,53,Other,,,
19982,,33,Other,,,
19983,,56,Other,,,
19984,,30,Male,,,
19985,,32,Female,,,
19986,,29,Female,,,
19987,,48,Female,,,
19988,,70,Male,,,
19989,,12,Female,,,
19990,,76,Female,,,
19991,,36,Male,,,
19992,,67,Other,,,
19993,,26,Other,,,
19994,,37,Female,,,
19995,,75,Other,,,
19996,,22,Male,,,
19997,,10,Female,,,
19998,,31,Other,,,
19999,,69,Other,,,
20000,,49,Other,,,
20001,,28,Female,,,
20002,,57,Male,,,
20003,,67,Female,,,
20004,,70,Other,,,
20005,,58,Other,,,
20006,,70,Male,,,
20007,,74,Female,,,
20008,,50,Other,,,
20009,,19,Male,,,
20010,,50,Other,,,
20011,,76,Other,,,
20012,,74,Other,,,
20013,,33,Male,,,
20014,,72,Female,,,
20015,,17,Other,,,
20016,,30,Other,,,
20017,,45,Male,,,
20018,,64,Other,,,
20019,,29,Other,,,
20020,,62,Male,,,
20021,,64,Other,,,
20022,,47,Other,,,
20023,,54,Male,,,
20024,,37,Female,,,
20025,,42,Other,,,
20026,,18,Female,,,
20027,,57,Other,,,
20028,,18,Female,,,
20029,,78,Other,,,
20030,,44,Other,,,
20031,,22,Male,,,
20032,,78,Female,,,
20033,,70,Female,,,
20034,,36,Female,,,
20035,,57,Male,,,
20036,,24,Female,,,
20037,,27,Other,,,
20038,,45,Other,,,
20039,,67,Female,,,
20040,,42,Male,,,
20041,,36,Male,,,
20042,,23,Other,,,
20043,,65,Other,,,
20044,,19,Male,,,
20045,,37,Male,,,
20046,,16,Other,,,
20047,,16,Female,,,
20048,,34,Female,,,
20049,,31,Other,,,
20050,,72,Female,,,
20051,,28,Male,,,
20052,,53,Female,,,
20053,,59,Male,,,
20054,,32,Male,,,
20055,,61,Male,,,
20056,,11,Other,,,
20057,,78,Other,,,
20058,,11,Other,,,
20059,,68,Female,,,
20060,,40,Male,,,
20061,,59,Male,,,
20062,,47,Female,,,
20063,,47,Male,,,
20064,,22,Male,,,
20065,,64,Other,,,
20066,,41,Female,,,
20067,,47,Male,,,
20068,,22,Other,,,
20069,,42,Male,,,
20070,,40,Other,,,
20071,,67,Male,,,
20072,,60,Other,,,
20073,,51,Other,,,
20074,,24,Other,,,
20075,,15,Male,,,
20076,,27,Male,,,
20077,,71,Female,,,
20078,,33,Other,,,
20079,,25,Female,,,
20080,,73,Other,,,
20081,,57,Other,,,
20082,,14,Female,,,
20083,,77,Other,,,
20084,,34,Male,,,
20085,,58,Male,,,
20086,,43,Other,,,
20087,,22,Male,,,
20088,,42,Female,,,
20089,,75,Other,,,
20090,,11,Female,,,
20091,,14,Other,,,
20092,,73,Female,,,
20093,,29,Female,,,
20094,,39,Male,,,
20095,,67,Female,,,
20096,,17,Female,,,
20097,,42,Other,,,
20098,,44,Other,,,
20099,,44,Other,,,
20100,,10,Female,,,
20101,,78,Male,,,
20102,,76,Male,,,
20103,,64,Male,,,
20104,,17,Male,,,
20105,,16,Male,,,
20106,,49,Male,,,
20107,,35,Female,,,
20108,,48,Other,,,
20109,,78,Female,,,
20110,,55,Male,,,
20111,,73,Male,,,
20112,,44,Female,,,
20113,,45,Female,,,
20114,,10,Female,,,
20115,,55,Female,,,
20116,,54,Male,,,
20117,,70,Other,,,
20118,,56,Female,,,
20119,,69,Other,,,
20120,,57,Other,,,
20121,,17,Other,,,
20122,,40,Female,,,
20123,,12,Male,,,
20124,,63,Female,,,
20125,,17,Male,,,
20126,,74,Other,,,
20127,,60,Female,,,
20128,,58,Other,,,
20129,,31,Male,,,
20130,,11,Other,,,
20131,,58,Other,,,
20132,,49,Female,,,
20133,,38,Female,,,
20134,,73,Other,,,
20135,,27,Other,,,
20136,,17,Male,,,
20137,,63,Female,,,
20138,,31,Female,,,
20139,,64,Male,,,
20140,,64,Male,,,
20141,,38,Other,,,
20142,,34,Female,,,
20143,,39,Other,,,
20144,,68,Other,,,
20145,,25,Other,,,
20146,,63,Female,,,
20147,,30,Other,,,
20148,,34,Female,,,
20149,,56,Female,,,
20150,,38,Male,,,
20151,,79,Male,,,
20152,,14,Other,,,
20153,,65,Other,,,
20154,,61,Other,,,
20155,,77,Male,,,
20156,,70,Other,,,
20157,,47,Female,,,
20158,,20,Female,,,
20159,,74,Other,,,
20160,,68,Male,,,
20161,,25,Other,,,
20162,,29,Female,,,
20163,,18,Female,,,
20164,,39,Female,,,
20165,,59,Other,,,
20166,,26,Other,,,
20167,,70,Male,,,
20168,,54,Other,,,
20169,,27,Other,,,
20170,,38,Other,,,
20171,,15,Other,,,
20172,,14,Male,,,
20173,,11,Other,,,
20174,,10,Other,,,
20175,,30,Female,,,
20176,,32,Female,,,
20177,,73,Female,,,
20178,,52,Female,,,
20179,,47,Female,,,
20180,,19,Female,,,
20181,,41,Other,,,
20182,,26,Male,,,
20183,,76,Other,,,
20184,,33,Female,,,
20185,,33,Male,,,
20186,,73,Male,,,
20187,,26,Other,,,
20188,,28,Female,,,
20189,,66,Other,,,
20190,,42,Female,,,
20191,,41,Female,,,
20192,,23,Male,,,
20193,,10,Other,,,
20194,,74,Female,,,
20195,,64,Other,,,
20196,,31,Male,,,
20197,,49,Male,,,
20198,,15,Male,,,
20199,,39,Male,,,
20200,,29,Other,,,
20201,,36,Female,,,
20202,,35,Other,,,
20203,,35,Other,,,
20204,,41,Female,,,
20205,,73,Female,,,
20206,,65,Female,,,
20207,,21,Other,,,
20208,,66,Other,,,
20209,,18,Other,,,
20210,,43,Other,,,
20211,,10,Other,,,
20212,,44,Other,,,
20213,,23,Other,,,
20214,,14,Other,,,
20215,,59,Female,,,
20216,,76,Other,,,
20217,,59,Other,,,
20218,,29,Male,,,
20219,,71,Female,,,
20220,,35,Female,,,
20221,,65,Male,,,
20222,,70,Female,,,
20223,,76,Female,,,
20224,,74,Other,,,
20225,,68,Other,,,
20226,,78,Other,,,
20227,,31,Female,,,
20228,,66,Other,,,
20229,,76,Male,,,
20230,,40,Female,,,
20231,,56,Other,,,
20232,,65,Male,,,
20233,,31,Male,,,
20234,,49,Male,,,
20235,,12,Female,,,
20236,,47,Male,,,
20237,,64,Other,,,
20238,,64,Male,,,
20239,,78,Male,,,
20240,,76,Male,,,
20241,,78,Male,,,
20242,,73,Female,,,
20243,,30,Male,,,
20244,,70,Other,,,
20245,,51,Other,,,
20246,,78,Male,,,
20247,,59,Other,,,
20248,,24,Other,,,
20249,,40,Male,,,
20250,,72,Male,,,
20251,,35,Other,,,
20252,,49,Female,,,
20253,,35,Other,,,
20254,,19,Male,,,
20255,,37,Female,,,
20256,,24,Female,,,
20257,,35,Female,,,
20258,,45,Female,,,
20259,,59,Female,,,
20260,,54,Male,,,
20261,,49,Male,,,
20262,,35,Male,,,
20263,,40,Male,,,
20264,,48,Male,,,
20265,,53,Other,,,
20266,,38,Female,,,
20267,,48,Other,,,
20268,,30,Other,,,
20269,,58,Male,,,
20270,,25,Male,,,
20271,,37,Female,,,
20272,,79,Male,,,
20273,,58,Other,,,
20274,,31,Female,,,
20275,,43,Female,,,
20276,,26,Female,,,
20277,,43,Female,,,
20278,,38,Other,,,
20279,,45,Female,,,
20280,,46,Male,,,
20281,,37,Female,,,
20282,,67,Female,,,
20283,,73,Other,,,
20284,,52,Female,,,
20285,,63,Other,,,
20286,,13,Male,,,
20287,,62,Male,,,
20288,,25,Female,,,
20289,,27,Female,,,
20290,,12,Male,,,
20291,,49,Male,,,
20292,,35,Male,,,
20293,,62,Male,,,
20294,,72,Female,,,
20295,,44,Female,,,
20296,,75,Female,,,
20297,,22,Other,,,
20298,,39,Other,,,
20299,,24,Other,,,
20300,,21,Male,,,
20301,,64,Male,,,
20302,,70,Male,,,
20303,,21,Other,,,
20304,,55,Other,,,
20305,,73,Other,,,
20306,,76,Female,,,
20307,,78,Other,,,
20308,,24,Male,,,
20309,,56,Male,,,
20310,,16,Male,,,
20311,,64,Other,,,
20312,,65,Female,,,
20313,,36,Female,,,
20314,,58,Female,,,
20315,,19,Other,,,
20316,,10,Other,,,
20317,,67,Other,,,
20318,,22,Male,,,
20319,,38,Male,,,
20320,,57,Other,,,
20321,,11,Male,,,
20322,,41,Other,,,
20323,,43,Female,,,
20324,,30,Female,,,
20325,,26,Female,,,
20326,,46,Female,,,
20327,,54,Male,,,
20328,,42,Other,,,
20329,,76,Female,,,
20330,,67,Female,,,
20331,,54,Male,,,
20332,,43,Female,,,
20333,,37,Other,,,
20334,,68,Male,,,
20335,,75,Female,,,
20336,,30,Other,,,
20337,,70,Other,,,
20338,,78,Other,,,
20339,,64,Female,,,
20340,,10,Male,,,
20341,,67,Male,,,
20342,,76,Other,,,
20343,,50,Male,,,
20344,,75,Female,,,
20345,,11,Male,,,
20346,,56,Female,,,
20347,,18,Other,,,
20348,,56,Male,,,
20349,,23,Male,,,
20350,,18,Other,,,
20351,,31,Male,,,
20352,,68,Male,,,
20353,,49,Other,,,
20354,,27,Female,,,
20355,,69,Male,,,
20356,,43,Male,,,
20357,,57,Female,,,
20358,,60,Other,,,
20359,,51,Male,,,
20360,,63,Male,,,
20361,,23,Female,,,
20362,,71,Other,,,
20363,,16,Other,,,
20364,,24,Male,,,
20365,,57,Male,,,
20366,,73,Female,,,
20367,,69,Other,,,
20368,,78,Female,,,
20369,,70,Male,,,
20370,,24,Female,,,
20371,,49,Female,,,
20372,,23,Female,,,
20373,,14,Female,,,
20374,,26,Female,,,
20375,,44,Male,,,
20376,,24,Female,,,
20377,,48,Female,,,
20378,,45,Male,,,
20379,,76,Female,,,
20380,,29,Female,,,
20381,,56,Male,,,
20382,,57,Female,,,
20383,,32,Female,,,
20384,,30,Male,,,
20385,,39,Male,,,
20386,,77,Male,,,
20387,,59,Female,,,
20388,,58,Other,,,
20389,,12,Other,,,
20390,,30,Other,,,
20391,,46,Male,,,
20392,,26,Other,,,
20393,,79,Other,,,
20394,,37,Other,,,
20395,,20,Other,,,
20396,,51,Male,,,
20397,,35,Other,,,
20398,,76,Female,,,
20399,,64,Female,,,
20400,,19,Female,,,
20401,,58,Female,,,
20402,,55,Male,,,
20403,,16,Other,,,
20404,,48,Male,,,
20405,,20,Female,,,
20406,,52,Male,,,
20407,,43,Female,,,
20408,,74,Male,,,
20409,,35,Other,,,
20410,,14,Female,,,
20411,,32,Other,,,
20412,,28,Female,,,
20413,,31,Male,,,
20414,,71,Male,,,
20415,,55,Female,,,
20416,,40,Female,,,
20417,,36,Other,,,
20418,,11,Female,,,
20419,,40,Other,,,
20420,,25,Other,,,
20421,,74,Other,,,
20422,,64,Male,,,
20423,,11,Other,,,
20424,,75,Other,,,
20425,,14,Female,,,
20426,,16,Male,,,
20427,,15,Male,,,
20428,,58,Female,,,
20429,,34,Other,,,
20430,,43,Other,,,
20431,,65,Other,,,
20432,,79,Female,,,
20433,,73,Female,,,
20434,,36,Other,,,
20435,,15,Male,,,
20436,,79,Male,,,
20437,,71,Male,,,
20438,,39,Male,,,
20439,,35,Other,,,
20440,,35,Other,,,
20441,,34,Female,,,
20442,,60,Other,,,
20443,,79,Male,,,
20444,,20,Female,,,
20445,,29,Female,,,
20446,,20,Female,,,
20447,,29,Male,,,
20448,,56,Male,,,
20449,,33,Male,,,
20450,,15,Other,,,
20451,,61,Female,,,
20452,,48,Other,,,
20453,,62,Male,,,
20454,,54,Female,,,
20455,,43,Male,,,
20456,,18,Male,,,
20457,,57,Female,,,
20458,,54,Other,,,
20459,,45,Other,,,
20460,,15,Other,,,
20461,,72,Male,,,
20462,,65,Other,,,
20463,,32,Male,,,
20464,,12,Other,,,
20465,,21,Female,,,
20466,,53,Male,,,
20467,,31,Female,,,
20468,,75,Male,,,
20469,,35,Female,,,
20470,,44,Male,,,
20471,,28,Male,,,
20472,,18,Other,,,
20473,,21,Male,,,
20474,,15,Male,,,
20475,,30,Other,,,
20476,,35,Female,,,
20477,,64,Male,,,
20478,,72,Male,,,
20479,,41,Male,,,
20480,,60,Other,,,
20481,,26,Female,,,
20482,,46,Male,,,
20483,,64,Male,,,
20484,,77,Male,,,
20485,,52,Male,,,
20486,,39,Other,,,
20487,,55,Female,,,
20488,,24,Male,,,
20489,,29,Male,,,
20490,,27,Male,,,
20491,,51,Other,,,
20492,,31,Male,,,
20493,,57,Male,,,
20494,,29,Other,,,
20495,,18,Other,,,
20496,,48,Female,,,
20497,,29,Female,,,
20498,,12,Other,,,
20499,,63,Male,,,
20500,,25,Other,,,
20501,,59,Other,,,
20502,,51,Other,,,
20503,,61,Male,,,
20504,,51,Female,,,
20505,,53,Male,,,
20506,,46,Male,,,
20507,,20,Other,,,
20508,,47,Male,,,
20509,,23,Other,,,
20510,,29,Other,,,
20511,,66,Female,,,
20512,,50,Male,,,
20513,,68,Female,,,
20514,,78,Other,,,
20515,,29,Female,,,
20516,,75,Male,,,
20517,,25,Other,,,
20518,,13,Other,,,
20519,,48,Other,,,
20520,,76,Other,,,
20521,,71,Female,,,
20522,,61,Female,,,
20523,,51,Female,,,
20524,,41,Other,,,
20525,,46,Male,,,
20526,,58,Female,,,
20527,,78,Female,,,
20528,,50,Other,,,
20529,,54,Female,,,
20530,,42,Male,,,
20531,,21,Female,,,
20532,,28,Male,,,
20533,,70,Other,,,
20534,,56,Other,,,
20535,,64,Other,,,
20536,,31,Other,,,
20537,,23,Female,,,
20538,,75,Other,,,
20539,,33,Female,,,
20540,,42,Other,,,
20541,,27,Other,,,
20542,,22,Male,,,
20543,,40,Male,,,
20544,,72,Other,,,
20545,,78,Other,,,
20546,,42,Female,,,
20547,,77,Female,,,
20548,,41,Other,,,
20549,,75,Other,,,
20550,,13,Other,,,
20551,,32,Other,,,
20552,,46,Male,,,
20553,,50,Female,,,
20554,,30,Female,,,
20555,,70,Male,,,
20556,,41,Female,,,
20557,,56,Other,,,
20558,,48,Female,,,
20559,,51,Male,,,
20560,,43,Female,,,
20561,,36,Male,,,
20562,,62,Other,,,
20563,,44,Male,,,
20564,,14,Male,,,
20565,,40,Female,,,
20566,,22,Male,,,
20567,,23,Other,,,
20568,,38,Other,,,
20569,,14,Other,,,
20570,,67,Female,,,
20571,,60,Female,,,
20572,,75,Male,,,
20573,,35,Other,,,
20574,,38,Female,,,
20575,,58,Male,,,
20576,,76,Other,,,
20577,,36,Other,,,
20578,,34,Other,,,
20579,,69,Female,,,
20580,,55,Male,,,
20581,,54,Female,,,
20582,,23,Female,,,
20583,,34,Female,,,
20584,,73,Other,,,
20585,,73,Male,,,
20586,,28,Male,,,
20587,,24,Male,,,
20588,,22,Other,,,
20589,,72,Male,,,
20590,,47,Female,,,
20591,,18,Female,,,
20592,,49,Male,,,
20593,,11,Female,,,
20594,,55,Male,,,
20595,,20,Male,,,
20596,,12,Female,,,
20597,,28,Female,,,
20598,,78,Female,,,
20599,,66,Male,,,
20600,,13,Male,,,
20601,,66,Other,,,
20602,,60,Female,,,
20603,,63,Other,,,
20604,,10,Male,,,
20605,,66,Other,,,
20606,,61,Male,,,
20607,,21,Other,,,
20608,,35,Female,,,
20609,,78,Other,,,
20610,,15,Female,,,
20611,,23,Other,,,
20612,,24,Other,,,
20613,,50,Male,,,
20614,,48,Female,,,
20615,,19,Male,,,
20616,,11,Male,,,
20617,,55,Female,,,
20618,,18,Female,,,
20619,,53,Male,,,
20620,,40,Other,,,
20621,,79,Male,,,
20622,,33,Other,,,
20623,,79,Other,,,
20624,,65,Female,,,
20625,,55,Male,,,
20626,,58,Other,,,
20627,,49,Other,,,
20628,,67,Other,,,
20629,,24,Female,,,
20630,,56,Male,,,
20631,,75,Other,,,
20632,,63,Female,,,
20633,,60,Other,,,
20634,,54,Male,,,
20635,,31,Female,,,
20636,,44,Other,,,
20637,,69,Other,,,
20638,,10,Other,,,
20639,,45,Female,,,
20640,,78,Female,,,
20641,,53,Male,,,
20642,,26,Female,,,
20643,,35,Female,,,
20644,,43,Male,,,
20645,,49,Other,,,
20646,,23,Other,,,
20647,,30,Female,,,
20648,,12,Female,,,
20649,,12,Female,,,
20650,,37,Female,,,
20651,,29,Female,,,
20652,,41,Other,,,
20653,,17,Female,,,
20654,,35,Other,,,
20655,,65,Other,,,
20656,,15,Male,,,
20657,,15,Female,,,
20658,,50,Female,,,
20659,,61,Female,,,
20660,,59,Female,,,
20661,,21,Male,,,
20662,,75,Male,,,
20663,,76,Other,,,
20664,,40,Other,,,
20665,,22,Male,,,
20666,,65,Other,,,
20667,,56,Other,,,
20668,,24,Female,,,
20669,,36,Male,,,
20670,,54,Other,,,
20671,,77,Other,,,
20672,,68,Male,,,
20673,,63,Other,,,
20674,,42,Female,,,
20675,,45,Male,,,
20676,,67,Female,,,
20677,,63,Other,,,
20678,,57,Female,,,
20679,,38,Other,,,
20680,,50,Female,,,
20681,,56,Female,,,
20682,,51,Male,,,
20683,,70,Other,,,
20684,,48,Female,,,
20685,,78,Other,,,
20686,,63,Female,,,
20687,,48,Female,,,
20688,,33,Other,,,
20689,,21,Male,,,
20690,,77,Male,,,
20691,,19,Female,,,
20692,,65,Female,,,
20693,,17,Other,,,
20694,,20,Other,,,
20695,,78,Other,,,
20696,,16,Male,,,
20697,,20,Male,,,
20698,,31,Other,,,
20699,,50,Female,,,
20700,,62,Female,,,
20701,,50,Other,,,
20702,,17,Other,,,
20703,,57,Male,,,
20704,,51,Male,,,
20705,,78,Other,,,
20706,,30,Female,,,
20707,,73,Male,,,
20708,,23,Other,,,
20709,,76,Female,,,
20710,,11,Male,,,
20711,,79,Male,,,
20712,,40,Other,,,
20713,,42,Other,,,
20714,,19,Female,,,
20715,,54,Female,,,
20716,,52,Male,,,
20717,,28,Male,,,
20718,,18,Male,,,
20719,,53,Male,,,
20720,,70,Other,,,
20721,,51,Female,,,
20722,,49,Female,,,
20723,,27,Female,,,
20724,,24,Male,,,
20725,,29,Other,,,
20726,,22,Female,,,
20727,,48,Female,,,
20728,,73,Other,,,
20729,,41,Female,,,
20730,,76,Other,,,
20731,,25,Male,,,
20732,,61,Male,,,
20733,,16,Male,,,
20734,,64,Male,,,
20735,,49,Other,,,
20736,,77,Female,,,
20737,,64,Other,,,
20738,,49,Male,,,
20739,,64,Female,,,
20740,,48,Other,,,
20741,,11,Male,,,
20742,,59,Female,,,
20743,,58,Male,,,
20744,,66,Male,,,
20745,,60,Male,,,
20746,,56,Other,,,
20747,,44,Other,,,
20748,,28,Male,,,
20749,,29,Male,,,
20750,,12,Male,,,
20751,,40,Other,,,
20752,,39,Other,,,
20753,,64,Female,,,
20754,,23,Female,,,
20755,,32,Female,,,
20756,,79,Male,,,
20757,,78,Male,,,
20758,,42,Other,,,
20759,,39,Other,,,
20760,,63,Female,,,
20761,,17,Female,,,
20762,,30,Male,,,
20763,,64,Male,,,
20764,,13,Female,,,
20765,,21,Female,,,
20766,,71,Female,,,
20767,,53,Other,,,
20768,,15,Male,,,
20769,,75,Male,,,
20770,,14,Other,,,
20771,,28,Male,,,
20772,,20,Male,,,
20773,,47,Male,,,
20774,,57,Female,,,
20775,,74,Male,,,
20776,,69,Female,,,
20777,,78,Female,,,
20778,,16,Female,,,
20779,,77,Other,,,
20780,,42,Other,,,
20781,,21,Other,,,
20782,,63,Female,,,
20783,,44,Male,,,
20784,,13,Male,,,
20785,,74,Other,,,
20786,,58,Female,,,
20787,,19,Other,,,
20788,,10,Male,,,
20789,,67,Male,,,
20790,,74,Other,,,
20791,,29,Female,,,
20792,,58,Male,,,
20793,,55,Other,,,
20794,,56,Male,,,
20795,,62,Female,,,
20796,,10,Male,,,
20797,,67,Female,,,
20798,,60,Male,,,
20799,,68,Male,,,
20800,,54,Male,,,
20801,,29,Male,,,
20802,,71,Male,,,
20803,,63,Male,,,
20804,,40,Female,,,
20805,,36,Male,,,
20806,,63,Male,,,
20807,,38,Male,,,
20808,,47,Female,,,
20809,,19,Other,,,
20810,,60,Other,,,
20811,,29,Female,,,
20812,,22,Male,,,
20813,,15,Female,,,
20814,,66,Female,,,
20815,,31,Male,,,
20816,,29,Other,,,
20817,,43,Female,,,
20818,,53,Other,,,
20819,,75,Male,,,
20820,,59,Male,,,
20821,,71,Male,,,
20822,,60,Female,,,
20823,,46,Male,,,
20824,,76,Female,,,
20825,,68,Female,,,
20826,,58,Male,,,
20827,,75,Other,,,
20828,,22,Male,,,
20829,,19,Male,,,
20830,,13,Female,,,
20831,,27,Male,,,
20832,,54,Male,,,
20833,,76,Female,,,
20834,,63,Other,,,
20835,,40,Other,,,
20836,,62,Other,,,
20837,,22,Male,,,
20838,,74,Female,,,
20839,,66,Male,,,
20840,,61,Male,,,
20841,,43,Male,,,
20842,,14,Other,,,
20843,,27,Male,,,
20844,,11,Male,,,
20845,,34,Male,,,
20846,,11,Male,,,
20847,,61,Other,,,
20848,,57,Other,,,
20849,,42,Other,,,
20850,,51,Other,,,
20851,,79,Female,,,
20852,,25,Other,,,
20853,,31,Other,,,
20854,,70,Female,,,
20855,,76,Other,,,
20856,,59,Other,,,
20857,,41,Other,,,
20858,,59,Male,,,
20859,,68,Other,,,
20860,,20,Other,,,
20861,,10,Male,,,
20862,,21,Other,,,
20863,,18,Other,,,
20864,,20,Other,,,
20865,,31,Male,,,
20866,,28,Other,,,
20867,,70,Male,,,
20868,,37,Female,,,
20869,,14,Male,,,
20870,,68,Other,,,
20871,,50,Male,,,
20872,,43,Male,,,
20873,,18,Male,,,
20874,,29,Female,,,
20875,,31,Male,,,
20876,,53,Male,,,
20877,,42,Male,,,
20878,,68,Other,,,
20879,,32,Other,,,
20880,,51,Male,,,
20881,,74,Other,,,
20882,,21,Female,,,
20883,,74,Female,,,
20884,,79,Other,,,
20885,,18,Other,,,
20886,,76,Other,,,
20887,,49,Male,,,
20888,,33,Other,,,
20889,,38,Female,,,
20890,,39,Male,,,
20891,,70,Other,,,
20892,,52,Female,,,
20893,,49,Male,,,
20894,,46,Other,,,
20895,,12,Male,,,
20896,,52,Other,,,
20897,,55,Female,,,
20898,,51,Female,,,
20899,,23,Other,,,
20900,,62,Other,,,
20901,,39,Male,,,
20902,,49,Other,,,
20903,,70,Male,,,
20904,,57,Female,,,
20905,,37,Male,,,
20906,,57,Other,,,
20907,,37,Female,,,
20908,,54,Female,,,
20909,,54,Female,,,
20910,,70,Male,,,
20911,,37,Male,,,
20912,,78,Female,,,
20913,,69,Other,,,
20914,,62,Other,,,
20915,,58,Female,,,
20916,,68,Male,,,
20917,,46,Female,,,
20918,,15,Other,,,
20919,,39,Female,,,
20920,,52,Other,,,
20921,,60,Female,,,
20922,,79,Other,,,
20923,,59,Male,,,
20924,,30,Female,,,
20925,,63,Female,,,
20926,,63,Male,,,
20927,,46,Other,,,
20928,,20,Female,,,
20929,,38,Female,,,
20930,,29,Female,,,
20931,,55,Female,,,
20932,,62,Other,,,
20933,,39,Other,,,
20934,,37,Male,,,
20935,,39,Other,,,
20936,,41,Female,,,
20937,,51,Male,,,
20938,,68,Male,,,
20939,,73,Other,,,
20940,,21,Male,,,
20941,,45,Male,,,
20942,,65,Other,,,
20943,,17,Female,,,
20944,,19,Female,,,
20945,,64,Female,,,
20946,,78,Other,,,
20947,,58,Other,,,
20948,,45,Female,,,
20949,,64,Other,,,
20950,,21,Male,,,
20951,,60,Male,,,
20952,,38,Male,,,
20953,,54,Female,,,
20954,,69,Other,,,
20955,,36,Other,,,
20956,,56,Other,,,
20957,,40,Male,,,
20958,,54,Other,,,
20959,,74,Male,,,
20960,,11,Male,,,
20961,,43,Female,,,
20962,,38,Male,,,
20963,,32,Male,,,
20964,,13,Other,,,
20965,,28,Other,,,
20966,,35,Male,,,
20967,,35,Male,,,
20968,,13,Male,,,
20969,,20,Female,,,
20970,,61,Other,,,
20971,,47,Female,,,
20972,,30,Female,,,
20973,,38,Other,,,
20974,,60,Other,,,
20975,,31,Male,,,
20976,,26,Other,,,
20977,,48,Other,,,
20978,,43,Other,,,
20979,,13,Other,,,
20980,,68,Female,,,
20981,,76,Male,,,
20982,,14,Other,,,
20983,,44,Female,,,
20984,,60,Female,,,
20985,,37,Other,,,
20986,,74,Other,,,
20987,,26,Male,,,
20988,,58,Female,,,
20989,,69,Male,,,
20990,,22,Male,,,
20991,,29,Female,,,
20992,,50,Female,,,
20993,,73,Female,,,
20994,,42,Female,,,
20995,,18,Female,,,
20996,,32,Female,,,
20997,,16,Other,,,
20998,,43,Other,,,
20999,,37,Female,,,
21000,,25,Other,,,
21001,,45,Male,,,
21002,,29,Male,,,
21003,,32,Other,,,
21004,,71,Other,,,
21005,,32,Male,,,
21006,,62,Female,,,
21007,,45,Other,,,
21008,,32,Other,,,
21009,,68,Other,,,
21010,,44,Other,,,
21011,,44,Male,,,
21012,,66,Other,,,
21013,,27,Female,,,
21014,,65,Male,,,
21015,,60,Other,,,
21016,,74,Male,,,
21017,,44,Male,,,
21018,,37,Male,,,
21019,,34,Male,,,
21020,,52,Other,,,
21021,,20,Female,,,
21022,,79,Other,,,
21023,,36,Male,,,
21024,,77,Male,,,
21025,,39,Other,,,
21026,,72,Male,,,
21027,,66,Other,,,
21028,,40,Female,,,
21029,,72,Male,,,
21030,,51,Other,,,
21031,,75,Female,,,
21032,,68,Other,,,
21033,,28,Female,,,
21034,,73,Other,,,
21035,,78,Female,,,
21036,,38,Other,,,
21037,,16,Other,,,
21038,,77,Other,,,
21039,,58,Other,,,
21040,,44,Other,,,
21041,,72,Female,,,
21042,,30,Male,,,
21043,,22,Other,,,
21044,,32,Other,,,
21045,,15,Male,,,
21046,,38,Other,,,
21047,,58,Female,,,
21048,,24,Other,,,
21049,,71,Male,,,
21050,,31,Male,,,
21051,,45,Other,,,
21052,,77,Female,,,
21053,,74,Female,,,
21054,,69,Other,,,
21055,,33,Female,,,
21056,,16,Other,,,
21057,,16,Male,,,
21058,,42,Other,,,
21059,,52,Other,,,
21060,,76,Female,,,
21061,,30,Female,,,
21062,,11,Female,,,
21063,,66,Female,,,
21064,,31,Male,,,
21065,,28,Male,,,
21066,,35,Female,,,
21067,,68,Other,,,
21068,,44,Male,,,
21069,,65,Female,,,
21070,,17,Other,,,
21071,,68,Male,,,
21072,,45,Male,,,
21073,,25,Male,,,
21074,,37,Male,,,
21075,,78,Other,,,
21076,,27,Other,,,
21077,,19,Female,,,
21078,,54,Other,,,
21079,,61,Female,,,
21080,,64,Other,,,
21081,,30,Other,,,
21082,,68,Other,,,
21083,,13,Male,,,
21084,,75,Male,,,
21085,,30,Male,,,
21086,,14,Male,,,
21087,,72,Female,,,
21088,,76,Female,,,
21089,,26,Male,,,
21090,,50,Female,,,
21091,,74,Other,,,
21092,,76,Female,,,
21093,,27,Female,,,
21094,,26,Other,,,
21095,,33,Male,,,
21096,,69,Other,,,
21097,,44,Female,,,
21098,,27,Male,,,
21099,,67,Other,,,
21100,,10,Other,,,
21101,,70,Male,,,
21102,,79,Male,,,
21103,,21,Other,,,
21104,,61,Other,,,
21105,,52,Male,,,
21106,,43,Other,,,
21107,,45,Male,,,
21108,,64,Male,,,
21109,,59,Male,,,
21110,,67,Male,,,
21111,,28,Male,,,
21112,,39,Female,,,
21113,,31,Other,,,
21114,,62,Male,,,
21115,,71,Male,,,
21116,,51,Other,,,
21117,,19,Female,,,
21118,,64,Male,,,
21119,,45,Other,,,
21120,,49,Female,,,
21121,,66,Female,,,
21122,,15,Female,,,
21123,,28,Other,,,
21124,,10,Other,,,
21125,,33,Female,,,
21126,,39,Female,,,
21127,,26,Other,,,
21128,,33,Female,,,
21129,,52,Male,,,
21130,,22,Other,,,
21131,,44,Female,,,
21132,,15,Female,,,
21133,,47,Other,,,
21134,,38,Male,,,
21135,,68,Female,,,
21136,,24,Other,,,
21137,,72,Female,,,
21138,,68,Other,,,
21139,,71,Male,,,
21140,,41,Male,,,
21141,,14,Female,,,
21142,,64,Male,,,
21143,,77,Male,,,
21144,,65,Male,,,
21145,,59,Male,,,
21146,,66,Other,,,
21147,,23,Male,,,
21148,,51,Male,,,
21149,,39,Male,,,
21150,,71,Other,,,
21151,,11,Other,,,
21152,,66,Male,,,
21153,,78,Male,,,
21154,,19,Other,,,
21155,,61,Male,,,
21156,,61,Other,,,
21157,,42,Female,,,
21158,,35,Female,,,
21159,,64,Other,,,
21160,,43,Female,,,
21161,,46,Female,,,
21162,,59,Male,,,
21163,,65,Male,,,
21164,,45,Other,,,
21165,,20,Male,,,
21166,,68,Male,,,
21167,,76,Male,,,
21168,,60,Other,,,
21169,,18,Female,,,
21170,,51,Other,,,
21171,,22,Female,,,
21172,,70,Female,,,
21173,,41,Female,,,
21174,,60,Female,,,
21175,,22,Other,,,
21176,,35,Female,,,
21177,,56,Other,,,
21178,,73,Female,,,
21179,,76,Other,,,
21180,,57,Male,,,
21181,,59,Male,,,
21182,,43,Male,,,
21183,,16,Other,,,
21184,,14,Other,,,
21185,,69,Male,,,
21186,,52,Other,,,
21187,,15,Female,,,
21188,,28,Male,,,
21189,,40,Female,,,
21190,,74,Female,,,
21191,,16,Other,,,
21192,,10,Male,,,
21193,,54,Other,,,
21194,,77,Male,,,
21195,,22,Other,,,
21196,,78,Male,,,
21197,,46,Male,,,
21198,,60,Other,,,
21199,,71,Female,,,
21200,,22,Male,,,
21201,,32,Male,,,
21202,,59,Female,,,
21203,,16,Other,,,
21204,,57,Female,,,
21205,,17,Other,,,
21206,,13,Male,,,
21207,,48,Female,,,
21208,,62,Female,,,
21209,,56,Other,,,
21210,,48,Female,,,
21211,,40,Other,,,
21212,,15,Female,,,
21213,,42,Other,,,
21214,,40,Male,,,
21215,,67,Male,,,
21216,,51,Male,,,
21217,,45,Female,,,
21218,,29,Other,,,
21219,,38,Female,,,
21220,,50,Male,,,
21221,,56,Other,,,
21222,,70,Other,,,
21223,,62,Female,,,
21224,,68,Female,,,
21225,,46,Male,,,
21226,,47,Female,,,
21227,,13,Male,,,
21228,,54,Other,,,
21229,,42,Other,,,
21230,,14,Male,,,
21231,,43,Female,,,
21232,,22,Male,,,
21233,,13,Female,,,
21234,,79,Other,,,
21235,,11,Other,,,
21236,,71,Female,,,
21237,,55,Other,,,
21238,,25,Other,,,
21239,,74,Female,,,
21240,,27,Female,,,
21241,,11,Female,,,
21242,,77,Male,,,
21243,,63,Female,,,
21244,,67,Male,,,
21245,,69,Male,,,
21246,,63,Male,,,
21247,,35,Male,,,
21248,,17,Other,,,
21249,,63,Male,,,
21250,,45,Male,,,
21251,,17,Other,,,
21252,,48,Male,,,
21253,,12,Other,,,
21254,,50,Female,,,
21255,,30,Male,,,
21256,,43,Female,,,
21257,,32,Male,,,
21258,,42,Other,,,
21259,,53,Female,,,
21260,,73,Female,,,
21261,,57,Other,,,
21262,,55,Male,,,
21263,,79,Female,,,
21264,,41,Other,,,
21265,,76,Male,,,
21266,,32,Female,,,
21267,,20,Male,,,
21268,,16,Other,,,
21269,,30,Male,,,
21270,,20,Female,,,
21271,,72,Male,,,
21272,,45,Male,,,
21273,,32,Male,,,
21274,,47,Male,,,
21275,,30,Male,,,
21276,,10,Male,,,
21277,,34,Male,,,
21278,,39,Other,,,
21279,,41,Other,,,
21280,,37,Female,,,
21281,,29,Male,,,
21282,,61,Other,,,
21283,,50,Female,,,
21284,,72,Male,,,
21285,,67,Other,,,
21286,,73,Male,,,
21287,,34,Male,,,
21288,,24,Female,,,
21289,,36,Female,,,
21290,,63,Other,,,
21291,,58,Other,,,
21292,,63,Other,,,
21293,,32,Male,,,
21294,,72,Other,,,
21295,,55,Male,,,
21296,,22,Male,,,
21297,,73,Other,,,
21298,,48,Female,,,
21299,,42,Female,,,
21300,,71,Male,,,
21301,,19,Other,,,
21302,,47,Other,,,
21303,,73,Male,,,
21304,,18,Female,,,
21305,,26,Male,,,
21306,,37,Other,,,
21307,,16,Other,,,
21308,,11,Male,,,
21309,,72,Male,,,
21310,,31,Other,,,
21311,,31,Male,,,
21312,,62,Male,,,
21313,,33,Other,,,
21314,,53,Male,,,
21315,,50,Other,,,
21316,,76,Other,,,
21317,,79,Male,,,
21318,,29,Female,,,
21319,,75,Male,,,
21320,,47,Female,,,
21321,,23,Male,,,
21322,,68,Female,,,
21323,,34,Other,,,
21324,,38,Other,,,
21325,,24,Other,,,
21326,,66,Male,,,
21327,,54,Female,,,
21328,,22,Male,,,
21329,,64,Other,,,
21330,,56,Other,,,
21331,,10,Male,,,
21332,,51,Male,,,
21333,,63,Female,,,
21334,,55,Other,,,
21335,,31,Female,,,
21336,,20,Male,,,
21337,,13,Other,,,
21338,,78,Female,,,
21339,,35,Other,,,
21340,,74,Other,,,
21341,,27,Female,,,
21342,,71,Male,,,
21343,,27,Other,,,
21344,,22,Other,,,
21345,,45,Male,,,
21346,,13,Other,,,
21347,,77,Female,,,
21348,,79,Female,,,
21349,,39,Male,,,
21350,,48,Other,,,
21351,,31,Other,,,
21352,,21,Other,,,
21353,,53,Other,,,
21354,,44,Other,,,
21355,,23,Male,,,
21356,,16,Male,,,
21357,,35,Other,,,
21358,,74,Female,,,
21359,,27,Female,,,
21360,,34,Other,,,
21361,,68,Female,,,
21362,,58,Other,,,
21363,,19,Male,,,
21364,,43,Other,,,
21365,,40,Male,,,
21366,,24,Male,,,
21367,,72,Female,,,
21368,,23,Male,,,
21369,,63,Male,,,
21370,,12,Male,,,
21371,,28,Other,,,
21372,,78,Female,,,
21373,,12,Male,,,
21374,,16,Other,,,
21375,,27,Other,,,
21376,,10,Male,,,
21377,,61,Male,,,
21378,,19,Other,,,
21379,,41,Male,,,
21380,,41,Other,,,
21381,,79,Other,,,
21382,,63,Other,,,
21383,,28,Other,,,
21384,,34,Other,,,
21385,,50,Other,,,
21386,,49,Female,,,
21387,,69,Other,,,
21388,,14,Female,,,
21389,,40,Other,,,
21390,,32,Other,,,
21391,,34,Other,,,
21392,,46,Female,,,
21393,,47,Female,,,
21394,,41,Female,,,
21395,,62,Female,,,
21396,,63,Female,,,
21397,,62,Male,,,
21398,,48,Female,,,
21399,,50,Female,,,
21400,,78,Male,,,
21401,,26,Male,,,
21402,,79,Other,,,
21403,,42,Other,,,
21404,,50,Other,,,
21405,,21,Female,,,
21406,,19,Male,,,
21407,,68,Other,,,
21408,,58,Male,,,
21409,,14,Female,,,
21410,,34,Other,,,
21411,,57,Female,,,
21412,,15,Male,,,
21413,,20,Other,,,
21414,,26,Other,,,
21415,,61,Female,,,
21416,,60,Female,,,
21417,,60,Female,,,
21418,,71,Male,,,
21419,,27,Female,,,
21420,,53,Other,,,
21421,,21,Male,,,
21422,,33,Male,,,
21423,,14,Female,,,
21424,,23,Other,,,
21425,,67,Male,,,
21426,,21,Male,,,
21427,,57,Male,,,
21428,,53,Male,,,
21429,,11,Female,,,
21430,,67,Female,,,
21431,,54,Other,,,
21432,,14,Female,,,
21433,,32,Other,,,
21434,,41,Female,,,
21435,,41,Male,,,
21436,,23,Female,,,
21437,,78,Other,,,
21438,,69,Female,,,
21439,,30,Female,,,
21440,,60,Female,,,
21441,,54,Other,,,
21442,,20,Other,,,
21443,,75,Male,,,
21444,,23,Female,,,
21445,,54,Female,,,
21446,,33,Other,,,
21447,,74,Male,,,
21448,,51,Male,,,
21449,,22,Other,,,
21450,,27,Other,,,
21451,,70,Other,,,
21452,,43,Male,,,
21453,,42,Male,,,
21454,,34,Female,,,
21455,,36,Other,,,
21456,,19,Other,,,
21457,,13,Female,,,
21458,,44,Male,,,
21459,,34,Male,,,
21460,,75,Male,,,
21461,,76,Other,,,
21462,,53,Other,,,
21463,,61,Female,,,
21464,,43,Male,,,
21465,,43,Other,,,
21466,,44,Female,,,
21467,,20,Female,,,
21468,,45,Male,,,
21469,,62,Female,,,
21470,,51,Other,,,
21471,,60,Female,,,
21472,,48,Female,,,
21473,,43,Male,,,
21474,,63,Male,,,
21475,,77,Female,,,
21476,,58,Female,,,
21477,,55,Female,,,
21478,,65,Female,,,
21479,,13,Other,,,
21480,,66,Male,,,
21481,,17,Female,,,
21482,,10,Male,,,
21483,,65,Male,,,
21484,,62,Female,,,
21485,,47,Male,,,
21486,,35,Other,,,
21487,,53,Other,,,
21488,,77,Male,,,
21489,,60,Male,,,
21490,,57,Other,,,
21491,,13,Female,,,
21492,,18,Other,,,
21493,,72,Other,,,
21494,,58,Other,,,
21495,,27,Male,,,
21496,,78,Male,,,
21497,,52,Male,,,
21498,,65,Female,,,
21499,,72,Other,,,
21500,,13,Other,,,
21501,,16,Female,,,
21502,,34,Female,,,
21503,,45,Female,,,
21504,,41,Female,,,
21505,,16,Male,,,
21506,,73,Female,,,
21507,,49,Other,,,
21508,,44,Other,,,
21509,,42,Male,,,
21510,,38,Male,,,
21511,,25,Female,,,
21512,,17,Other,,,
21513,,61,Male,,,
21514,,69,Female,,,
21515,,44,Other,,,
21516,,22,Male,,,
21517,,36,Male,,,
21518,,11,Male,,,
21519,,11,Other,,,
21520,,64,Female,,,
21521,,30,Male,,,
21522,,68,Female,,,
21523,,78,Other,,,
21524,,21,Male,,,
21525,,48,Female,,,
21526,,35,Male,,,
21527,,22,Male,,,
21528,,30,Female,,,
21529,,66,Other,,,
21530,,79,Female,,,
21531,,63,Female,,,
21532,,23,Female,,,
21533,,65,Other,,,
21534,,35,Male,,,
21535,,32,Other,,,
21536,,49,Other,,,
21537,,17,Other,,,
21538,,28,Female,,,
21539,,34,Female,,,
21540,,69,Female,,,
21541,,34,Female,,,
21542,,52,Male,,,
21543,,12,Female,,,
21544,,11,Female,,,
21545,,35,Female,,,
21546,,32,Male,,,
21547,,41,Other,,,
21548,,70,Other,,,
21549,,19,Female,,,
21550,,42,Female,,,
21551,,32,Male,,,
21552,,33,Other,,,
21553,,34,Female,,,
21554,,14,Male,,,
21555,,58,Female,,,
21556,,76,Male,,,
21557,,65,Female,,,
21558,,79,Other,,,
21559,,43,Other,,,
21560,,35,Other,,,
21561,,50,Female,,,
21562,,63,Female,,,
21563,,49,Female,,,
21564,,76,Other,,,
21565,,60,Other,,,
21566,,20,Female,,,
21567,,72,Female,,,
21568,,47,Female,,,
21569,,20,Other,,,
21570,,69,Other,,,
21571,,30,Male,,,
21572,,55,Other,,,
21573,,68,Female,,,
21574,,36,Male,,,
21575,,54,Female,,,
21576,,76,Male,,,
21577,,21,Female,,,
21578,,60,Male,,,
21579,,11,Male,,,
21580,,34,Other,,,
21581,,51,Female,,,
21582,,40,Other,,,
21583,,14,Female,,,
21584,,51,Other,,,
21585,,23,Female,,,
21586,,66,Female,,,
21587,,46,Other,,,
21588,,17,Female,,,
21589,,19,Male,,,
21590,,45,Other,,,
21591,,72,Other,,,
21592,,13,Female,,,
21593,,31,Female,,,
21594,,45,Female,,,
21595,,76,Female,,,
21596,,33,Other,,,
21597,,69,Female,,,
21598,,56,Female,,,
21599,,26,Male,,,
21600,,63,Female,,,
21601,,74,Female,,,
21602,,65,Other,,,
21603,,22,Other,,,
21604,,76,Female,,,
21605,,44,Female,,,
21606,,42,Other,,,
21607,,30,Female,,,
21608,,46,Other,,,
21609,,77,Female,,,
21610,,51,Female,,,
21611,,16,Female,,,
21612,,52,Female,,,
21613,,39,Female,,,
21614,,50,Female,,,
21615,,16,Male,,,
21616,,26,Male,,,
21617,,11,Male,,,
21618,,52,Male,,,
21619,,44,Male,,,
21620,,53,Other,,,
21621,,37,Male,,,
21622,,27,Female,,,
21623,,24,Male,,,
21624,,39,Other,,,
21625,,65,Female,,,
21626,,27,Other,,,
21627,,77,Other,,,
21628,,63,Female,,,
21629,,44,Male,,,
21630,,51,Male,,,
21631,,74,Other,,,
21632,,62,Female,,,
21633,,16,Male,,,
21634,,74,Male,,,
21635,,59,Male,,,
21636,,66,Other,,,
21637,,48,Male,,,
21638,,10,Other,,,
21639,,79,Other,,,
21640,,41,Other,,,
21641,,22,Female,,,
21642,,75,Other,,,
21643,,37,Female,,,
21644,,76,Female,,,
21645,,38,Other,,,
21646,,16,Female,,,
21647,,59,Female,,,
21648,,52,Male,,,
21649,,52,Other,,,
21650,,12,Male,,,
21651,,45,Other,,,
21652,,59,Other,,,
21653,,60,Female,,,
21654,,23,Other,,,
21655,,11,Female,,,
21656,,74,Female,,,
21657,,32,Male,,,
21658,,12,Other,,,
21659,,28,Other,,,
21660,,55,Female,,,
21661,,51,Other,,,
21662,,51,Female,,,
21663,,28,Male,,,
21664,,28,Other,,,
21665,,42,Female,,,
21666,,30,Female,,,
21667,,41,Male,,,
21668,,14,Female,,,
21669,,75,Male,,,
21670,,12,Male,,,
21671,,42,Female,,,
21672,,72,Other,,,
21673,,62,Other,,,
21674,,10,Male,,,
21675,,37,Other,,,
21676,,64,Male,,,
21677,,37,Other,,,
21678,,74,Female,,,
21679,,19,Female,,,
21680,,23,Male,,,
21681,,38,Other,,,
21682,,47,Female,,,
21683,,64,Male,,,
21684,,13,Other,,,
21685,,75,Male,,,
21686,,39,Female,,,
21687,,19,Female,,,
21688,,39,Male,,,
21689,,26,Male,,,
21690,,61,Other,,,
21691,,33,Female,,,
21692,,17,Female,,,
21693,,76,Female,,,
21694,,59,Female,,,
21695,,72,Male,,,
21696,,52,Other,,,
21697,,56,Female,,,
21698,,74,Male,,,
21699,,74,Other,,,
21700,,15,Male,,,
21701,,18,Other,,,
21702,,30,Female,,,
21703,,37,Male,,,
21704,,63,Female,,,
21705,,22,Female,,,
21706,,18,Female,,,
21707,,33,Male,,,
21708,,26,Male,,,
21709,,16,Other,,,
21710,,14,Male,,,
21711,,19,Male,,,
21712,,10,Male,,,
21713,,67,Female,,,
21714,,55,Male,,,
21715,,13,Male,,,
21716,,75,Female,,,
21717,,71,Other,,,
21718,,22,Female,,,
21719,,32,Female,,,
21720,,51,Male,,,
21721,,43,Other,,,
21722,,17,Female,,,
21723,,54,Female,,,
21724,,49,Male,,,
21725,,35,Male,,,
21726,,51,Female,,,
21727,,78,Female,,,
21728,,20,Female,,,
21729,,10,Male,,,
21730,,43,Female,,,
21731,,34,Other,,,
21732,,32,Female,,,
21733,,41,Other,,,
21734,,17,Other,,,
21735,,26,Female,,,
21736,,16,Male,,,
21737,,56,Other,,,
21738,,25,Male,,,
21739,,68,Female,,,
21740,,29,Female,,,
21741,,59,Other,,,
21742,,39,Male,,,
21743,,32,Other,,,
21744,,59,Male,,,
21745,,25,Other,,,
21746,,34,Male,,,
21747,,31,Female,,,
21748,,69,Other,,,
21749,,30,Other,,,
21750,,59,Other,,,
21751,,58,Female,,,
21752,,59,Female,,,
21753,,22,Female,,,
21754,,73,Other,,,
21755,,39,Male,,,
21756,,60,Male,,,
21757,,62,Female,,,
21758,,26,Male,,,
21759,,54,Other,,,
21760,,68,Female,,,
21761,,56,Male,,,
21762,,49,Female,,,
21763,,15,Male,,,
21764,,41,Female,,,
21765,,28,Male,,,
21766,,67,Female,,,
21767,,43,Male,,,
21768,,70,Other,,,
21769,,28,Male,,,
21770,,62,Female,,,
21771,,47,Male,,,
21772,,68,Other,,,
21773,,51,Female,,,
21774,,22,Other,,,
21775,,30,Female,,,
21776,,79,Female,,,
21777,,25,Other,,,
21778,,31,Male,,,
21779,,50,Male,,,
21780,,65,Male,,,
21781,,14,Male,,,
21782,,67,Other,,,
21783,,21,Other,,,
21784,,71,Other,,,
21785,,12,Female,,,
21786,,79,Female,,,
21787,,56,Other,,,
21788,,49,Female,,,
21789,,56,Male,,,
21790,,50,Male,,,
21791,,30,Other,,,
21792,,42,Other,,,
21793,,65,Female,,,
21794,,18,Male,,,
21795,,28,Female,,,
21796,,17,Female,,,
21797,,64,Other,,,
21798,,50,Male,,,
21799,,12,Male,,,
21800,,19,Female,,,
21801,,58,Female,,,
21802,,26,Other,,,
21803,,62,Female,,,
21804,,37,Other,,,
21805,,47,Male,,,
21806,,35,Male,,,
21807,,17,Female,,,
21808,,31,Other,,,
21809,,31,Other,,,
21810,,11,Male,,,
21811,,24,Other,,,
21812,,72,Female,,,
21813,,64,Female,,,
21814,,37,Male,,,
21815,,62,Other,,,
21816,,50,Other,,,
21817,,25,Female,,,
21818,,34,Other,,,
21819,,50,Male,,,
21820,,78,Female,,,
21821,,35,Female,,,
21822,,53,Male,,,
21823,,25,Female,,,
21824,,44,Male,,,
21825,,60,Other,,,
21826,,35,Other,,,
21827,,50,Other,,,
21828,,59,Male,,,
21829,,34,Male,,,
21830,,51,Female,,,
21831,,25,Female,,,
21832,,69,Other,,,
21833,,15,Female,,,
21834,,60,Female,,,
21835,,22,Other,,,
21836,,46,Female,,,
21837,,33,Female,,,
21838,,49,Female,,,
21839,,59,Female,,,
21840,,76,Other,,,
21841,,37,Male,,,
21842,,73,Female,,,
21843,,56,Female,,,
21844,,36,Female,,,
21845,,31,Male,,,
21846,,74,Other,,,
21847,,35,Other,,,
21848,,54,Male,,,
21849,,49,Male,,,
21850,,31,Female,,,
21851,,16,Female,,,
21852,,66,Other,,,
21853,,33,Male,,,
21854,,32,Male,,,
21855,,59,Female,,,
21856,,23,Male,,,
21857,,71,Other,,,
21858,,10,Female,,,
21859,,50,Other,,,
21860,,32,Other,,,
21861,,37,Male,,,
21862,,76,Female,,,
21863,,76,Other,,,
21864,,73,Male,,,
21865,,68,Other,,,
21866,,76,Male,,,
21867,,20,Female,,,
21868,,51,Other,,,
21869,,15,Female,,,
21870,,11,Female,,,
21871,,49,Female,,,
21872,,61,Male,,,
21873,,20,Female,,,
21874,,51,Male,,,
21875,,33,Male,,,
21876,,38,Male,,,
21877,,54,Other,,,
21878,,56,Female,,,
21879,,12,Other,,,
21880,,33,Male,,,
21881,,34,Male,,,
21882,,52,Male,,,
21883,,52,Male,,,
21884,,60,Other,,,
21885,,30,Female,,,
21886,,32,Female,,,
21887,,72,Other,,,
21888,,73,Female,,,
21889,,65,Male,,,
21890,,79,Other,,,
21891,,40,Other,,,
21892,,50,Female,,,
21893,,14,Male,,,
21894,,58,Male,,,
21895,,55,Male,,,
21896,,15,Other,,,
21897,,61,Other,,,
21898,,52,Female,,,
21899,,15,Other,,,
21900,,65,Other,,,
21901,,64,Male,,,
21902,,44,Other,,,
21903,,33,Other,,,
21904,,73,Other,,,
21905,,68,Male,,,
21906,,69,Other,,,
21907,,64,Female,,,
21908,,38,Other,,,
21909,,27,Female,,,
21910,,63,Female,,,
21911,,32,Other,,,
21912,,67,Female,,,
21913,,79,Male,,,
21914,,22,Other,,,
21915,,32,Other,,,
21916,,11,Female,,,
21917,,35,Female,,,
21918,,37,Female,,,
21919,,42,Male,,,
21920,,33,Male,,,
21921,,23,Female,,,
21922,,61,Male,,,
21923,,44,Female,,,
21924,,34,Other,,,
21925,,78,Female,,,
21926,,14,Male,,,
21927,,56,Other,,,
21928,,73,Female,,,
21929,,44,Other,,,
21930,,18,Male,,,
21931,,68,Other,,,
21932,,54,Other,,,
21933,,27,Male,,,
21934,,36,Other,,,
21935,,55,Female,,,
21936,,66,Male,,,
21937,,25,Male,,,
21938,,64,Male,,,
21939,,49,Male,,,
21940,,53,Female,,,
21941,,47,Other,,,
21942,,65,Female,,,
21943,,72,Female,,,
21944,,45,Female,,,
21945,,59,Other,,,
21946,,79,Other,,,
21947,,34,Other,,,
21948,,66,Female,,,
21949,,46,Other,,,
21950,,15,Female,,,
21951,,51,Male,,,
21952,,78,Female,,,
21953,,30,Male,,,
21954,,43,Female,,,
21955,,52,Other,,,
21956,,74,Female,,,
21957,,68,Male,,,
21958,,63,Female,,,
21959,,12,Other,,,
21960,,20,Other,,,
21961,,10,Male,,,
21962,,51,Male,,,
21963,,24,Female,,,
21964,,73,Female,,,
21965,,59,Female,,,
21966,,36,Other,,,
21967,,39,Other,,,
21968,,72,Female,,,
21969,,40,Female,,,
21970,,11,Male,,,
21971,,26,Other,,,
21972,,22,Male,,,
21973,,74,Female,,,
21974,,72,Male,,,
21975,,19,Female,,,
21976,,18,Male,,,
21977,,46,Female,,,
21978,,43,Other,,,
21979,,47,Male,,,
21980,,40,Female,,,
21981,,10,Female,,,
21982,,55,Male,,,
21983,,36,Male,,,
21984,,69,Female,,,
21985,,35,Female,,,
21986,,37,Other,,,
21987,,34,Other,,,
21988,,44,Male,,,
21989,,22,Female,,,
21990,,17,Male,,,
21991,,26,Other,,,
21992,,70,Female,,,
21993,,27,Female,,,
21994,,39,Female,,,
21995,,42,Male,,,
21996,,76,Female,,,
21997,,51,Other,,,
21998,,26,Male,,,
21999,,38,Female,,,
22000,,71,Other,,,
22001,,62,Other,,,
22002,,53,Other,,,
22003,,54,Female,,,
22004,,40,Other,,,
22005,,26,Male,,,
22006,,72,Female,,,
22007,,78,Other,,,
22008,,75,Male,,,
22009,,58,Female,,,
22010,,60,Other,,,
22011,,18,Male,,,
22012,,30,Other,,,
22013,,78,Other,,,
22014,,14,Female,,,
22015,,51,Other,,,
22016,,58,Male,,,
22017,,44,Other,,,
22018,,31,Female,,,
22019,,61,Other,,,
22020,,58,Female,,,
22021,,15,Female,,,
22022,,21,Other,,,
22023,,29,Other,,,
22024,,65,Other,,,
22025,,41,Female,,,
22026,,46,Other,,,
22027,,64,Female,,,
22028,,24,Male,,,
22029,,49,Male,,,
22030,,66,Female,,,
22031,,16,Other,,,
22032,,32,Male,,,
22033,,66,Male,,,
22034,,67,Male,,,
22035,,77,Other,,,
22036,,25,Other,,,
22037,,26,Male,,,
22038,,60,Male,,,
22039,,13,Male,,,
22040,,39,Female,,,
22041,,66,Male,,,
22042,,48,Male,,,
22043,,38,Male,,,
22044,,45,Other,,,
22045,,34,Other,,,
22046,,66,Male,,,
22047,,41,Female,,,
22048,,17,Male,,,
22049,,50,Other,,,
22050,,47,Other,,,
22051,,39,Other,,,
22052,,24,Male,,,
22053,,75,Male,,,
22054,,31,Other,,,
22055,,11,Male,,,
22056,,22,Female,,,
22057,,20,Male,,,
22058,,12,Female,,,
22059,,26,Other,,,
22060,,51,Female,,,
22061,,27,Male,,,
22062,,70,Other,,,
22063,,74,Female,,,
22064,,78,Female,,,
22065,,56,Female,,,
22066,,61,Male,,,
22067,,30,Male,,,
22068,,75,Other,,,
22069,,17,Other,,,
22070,,68,Male,,,
22071,,58,Other,,,
22072,,74,Female,,,
22073,,43,Other,,,
22074,,73,Female,,,
22075,,29,Other,,,
22076,,15,Female,,,
22077,,16,Other,,,
22078,,25,Male,,,
22079,,16,Male,,,
22080,,35,Female,,,
22081,,47,Other,,,
22082,,10,Other,,,
22083,,56,Other,,,
22084,,24,Female,,,
22085,,61,Female,,,
22086,,77,Male,,,
22087,,10,Male,,,
22088,,24,Female,,,
22089,,12,Male,,,
22090,,11,Female,,,
22091,,29,Other,,,
22092,,38,Female,,,
22093,,68,Male,,,
22094,,79,Female,,,
22095,,38,Male,,,
22096,,21,Male,,,
22097,,76,Male,,,
22098,,14,Male,,,
22099,,77,Female,,,
22100,,27,Other,,,
22101,,66,Other,,,
22102,,37,Other,,,
22103,,63,Other,,,
22104,,11,Female,,,
22105,,55,Male,,,
22106,,25,Male,,,
22107,,67,Female,,,
22108,,13,Female,,,
22109,,26,Male,,,
22110,,11,Female,,,
22111,,33,Male,,,
22112,,71,Other,,,
22113,,24,Female,,,
22114,,11,Female,,,
22115,,34,Other,,,
22116,,61,Female,,,
22117,,67,Male,,,
22118,,13,Male,,,
22119,,17,Male,,,
22120,,42,Male,,,
22121,,31,Male,,,
22122,,39,Female,,,
22123,,35,Male,,,
22124,,43,Female,,,
22125,,49,Other,,,
22126,,74,Male,,,
22127,,71,Female,,,
22128,,78,Male,,,
22129,,47,Female,,,
22130,,18,Other,,,
22131,,34,Other,,,
22132,,67,Male,,,
22133,,74,Other,,,
22134,,65,Other,,,
22135,,77,Other,,,
22136,,48,Male,,,
22137,,55,Male,,,
22138,,51,Other,,,
22139,,50,Male,,,
22140,,41,Male,,,
22141,,27,Male,,,
22142,,35,Other,,,
22143,,59,Male,,,
22144,,10,Other,,,
22145,,16,Other,,,
22146,,59,Female,,,
22147,,58,Other,,,
22148,,54,Female,,,
22149,,31,Female,,,
22150,,46,Other,,,
22151,,69,Female,,,
22152,,66,Male,,,
22153,,50,Female,,,
22154,,20,Other,,,
22155,,21,Female,,,
22156,,30,Female,,,
22157,,71,Other,,,
22158,,75,Male,,,
22159,,42,Male,,,
22160,,33,Female,,,
22161,,61,Other,,,
22162,,17,Male,,,
22163,,53,Female,,,
22164,,70,Male,,,
22165,,23,Other,,,
22166,,46,Male,,,
22167,,61,Female,,,
22168,,79,Male,,,
22169,,24,Male,,,
22170,,17,Male,,,
22171,,60,Female,,,
22172,,24,Female,,,
22173,,15,Female,,,
22174,,46,Male,,,
22175,,15,Other,,,
22176,,34,Other,,,
22177,,67,Female,,,
22178,,57,Female,,,
22179,,45,Female,,,
22180,,53,Other,,,
22181,,51,Male,,,
22182,,14,Other,,,
22183,,57,Other,,,
22184,,48,Female,,,
22185,,30,Male,,,
22186,,17,Male,,,
22187,,28,Female,,,
22188,,31,Female,,,
22189,,47,Male,,,
22190,,53,Male,,,
22191,,38,Other,,,
22192,,35,Other,,,
22193,,63,Other,,,
22194,,22,Female,,,
22195,,67,Female,,,
22196,,18,Female,,,
22197,,14,Female,,,
22198,,13,Other,,,
22199,,50,Other,,,
22200,,21,Other,,,
22201,,39,Female,,,
22202,,53,Female,,,
22203,,27,Other,,,
22204,,40,Male,,,
22205,,29,Male,,,
22206,,34,Female,,,
22207,,24,Female,,,
22208,,25,Male,,,
22209,,65,Male,,,
22210,,25,Male,,,
22211,,77,Male,,,
22212,,18,Female,,,
22213,,47,Other,,,
22214,,39,Other,,,
22215,,69,Female,,,
22216,,20,Other,,,
22217,,29,Male,,,
22218,,72,Female,,,
22219,,31,Other,,,
22220,,49,Other,,,
22221,,78,Female,,,
22222,,60,Other,,,
22223,,20,Other,,,
22224,,54,Other,,,
22225,,76,Other,,,
22226,,28,Female,,,
22227,,55,Male,,,
22228,,32,Male,,,
22229,,46,Other,,,
22230,,51,Male,,,
22231,,77,Female,,,
22232,,51,Male,,,
22233,,39,Male,,,
22234,,60,Male,,,
22235,,10,Other,,,
22236,,69,Male,,,
22237,,24,Other,,,
22238,,27,Female,,,
22239,,40,Female,,,
22240,,48,Other,,,
22241,,25,Other,,,
22242,,70,Male,,,
22243,,57,Other,,,
22244,,68,Male,,,
22245,,56,Male,,,
22246,,20,Female,,,
22247,,34,Other,,,
22248,,76,Male,,,
22249,,20,Male,,,
22250,,31,Female,,,
22251,,33,Other,,,
22252,,79,Other,,,
22253,,52,Other,,,
22254,,13,Male,,,
22255,,52,Female,,,
22256,,43,Male,,,
22257,,54,Male,,,
22258,,58,Other,,,
22259,,70,Other,,,
22260,,37,Other,,,
22261,,45,Female,,,
22262,,53,Female,,,
22263,,26,Male,,,
22264,,39,Other,,,
22265,,56,Male,,,
22266,,35,Other,,,
22267,,61,Other,,,
22268,,37,Male,,,
22269,,29,Male,,,
22270,,29,Male,,,
22271,,79,Female,,,
22272,,35,Female,,,
22273,,35,Male,,,
22274,,68,Female,,,
22275,,77,Male,,,
22276,,77,Other,,,
22277,,53,Female,,,
22278,,20,Female,,,
22279,,16,Male,,,
22280,,36,Female,,,
22281,,25,Female,,,
22282,,76,Other,,,
22283,,28,Female,,,
22284,,11,Male,,,
22285,,39,Female,,,
22286,,73,Other,,,
22287,,35,Male,,,
22288,,10,Other,,,
22289,,71,Male,,,
22290,,41,Other,,,
22291,,73,Male,,,
22292,,70,Other,,,
22293,,13,Male,,,
22294,,22,Female,,,
22295,,14,Other,,,
22296,,66,Male,,,
22297,,68,Male,,,
22298,,51,Male,,,
22299,,51,Male,,,
22300,,37,Other,,,
22301,,31,Male,,,
22302,,17,Other,,,
22303,,32,Female,,,
22304,,56,Male,,,
22305,,74,Other,,,
22306,,16,Female,,,
22307,,10,Female,,,
22308,,35,Male,,,
22309,,73,Other,,,
22310,,49,Male,,,
22311,,69,Male,,,
22312,,59,Female,,,
22313,,48,Female,,,
22314,,16,Other,,,
22315,,12,Male,,,
22316,,65,Other,,,
22317,,35,Other,,,
22318,,16,Female,,,
22319,,51,Male,,,
22320,,72,Female,,,
22321,,75,Other,,,
22322,,27,Other,,,
22323,,45,Other,,,
22324,,37,Male,,,
22325,,72,Female,,,
22326,,12,Other,,,
22327,,65,Female,,,
22328,,36,Female,,,
22329,,73,Male,,,
22330,,12,Male,,,
22331,,53,Male,,,
22332,,30,Other,,,
22333,,46,Female,,,
22334,,38,Female,,,
22335,,51,Female,,,
22336,,53,Female,,,
22337,,33,Female,,,
22338,,33,Other,,,
22339,,71,Other,,,
22340,,39,Other,,,
22341,,77,Other,,,
22342,,38,Female,,,
22343,,59,Other,,,
22344,,72,Male,,,
22345,,50,Male,,,
22346,,47,Female,,,
22347,,61,Male,,,
22348,,39,Male,,,
22349,,50,Male,,,
22350,,65,Other,,,
22351,,18,Other,,,
22352,,78,Male,,,
22353,,77,Female,,,
22354,,22,Other,,,
22355,,11,Other,,,
22356,,64,Other,,,
22357,,12,Female,,,
22358,,39,Female,,,
22359,,14,Other,,,
22360,,60,Male,,,
22361,,53,Other,,,
22362,,11,Male,,,
22363,,68,Female,,,
22364,,26,Other,,,
22365,,64,Female,,,
22366,,60,Other,,,
22367,,63,Female,,,
22368,,42,Male,,,
22369,,36,Female,,,
22370,,45,Female,,,
22371,,62,Other,,,
22372,,33,Male,,,
22373,,25,Other,,,
22374,,26,Other,,,
22375,,76,Other,,,
22376,,77,Male,,,
22377,,57,Other,,,
22378,,69,Female,,,
22379,,43,Male,,,
22380,,79,Male,,,
22381,,49,Male,,,
22382,,46,Other,,,
22383,,62,Other,,,
22384,,55,Female,,,
22385,,11,Male,,,
22386,,26,Other,,,
22387,,32,Other,,,
22388,,11,Male,,,
22389,,43,Male,,,
22390,,56,Other,,,
22391,,17,Female,,,
22392,,73,Female,,,
22393,,41,Other,,,
22394,,60,Female,,,
22395,,60,Other,,,
22396,,53,Male,,,
22397,,37,Female,,,
22398,,41,Other,,,
22399,,71,Female,,,
22400,,57,Male,,,
22401,,44,Male,,,
22402,,32,Female,,,
22403,,14,Female,,,
22404,,19,Male,,,
22405,,61,Other,,,
22406,,42,Other,,,
22407,,24,Male,,,
22408,,45,Female,,,
22409,,32,Other,,,
22410,,47,Female,,,
22411,,73,Female,,,
22412,,34,Male,,,
22413,,56,Female,,,
22414,,20,Female,,,
22415,,71,Other,,,
22416,,68,Female,,,
22417,,71,Other,,,
22418,,36,Male,,,
22419,,64,Other,,,
22420,,74,Male,,,
22421,,29,Other,,,
22422,,17,Male,,,
22423,,12,Female,,,
22424,,25,Male,,,
22425,,36,Other,,,
22426,,24,Male,,,
22427,,55,Female,,,
22428,,14,Other,,,
22429,,23,Other,,,
22430,,38,Female,,,
22431,,40,Male,,,
22432,,29,Other,,,
22433,,53,Other,,,
22434,,28,Other,,,
22435,,25,Other,,,
22436,,69,Female,,,
22437,,51,Male,,,
22438,,56,Female,,,
22439,,76,Male,,,
22440,,71,Other,,,
22441,,45,Other,,,
22442,,61,Female,,,
22443,,29,Male,,,
22444,,36,Female,,,
22445,,69,Other,,,
22446,,62,Female,,,
22447,,63,Female,,,
22448,,73,Other,,,
22449,,39,Other,,,
22450,,57,Male,,,
22451,,22,Female,,,
22452,,30,Other,,,
22453,,69,Female,,,
22454,,14,Female,,,
22455,,55,Other,,,
22456,,70,Other,,,
22457,,11,Male,,,
22458,,70,Other,,,
22459,,47,Female,,,
22460,,66,Male,,,
22461,,75,Other,,,
22462,,75,Female,,,
22463,,16,Female,,,
22464,,66,Female,,,
22465,,28,Male,,,
22466,,76,Other,,,
22467,,51,Other,,,
22468,,25,Female,,,
22469,,32,Male,,,
22470,,55,Male,,,
22471,,56,Other,,,
22472,,22,Other,,,
22473,,74,Female,,,
22474,,53,Other,,,
22475,,60,Male,,,
22476,,56,Male,,,
22477,,36,Other,,,
22478,,68,Male,,,
22479,,27,Female,,,
22480,,36,Female,,,
22481,,70,Male,,,
22482,,67,Male,,,
22483,,39,Female,,,
22484,,62,Female,,,
22485,,56,Other,,,
22486,,37,Male,,,
22487,,67,Other,,,
22488,,66,Male,,,
22489,,56,Other,,,
22490,,52,Female,,,
22491,,30,Female,,,
22492,,46,Female,,,
22493,,42,Female,,,
22494,,63,Other,,,
22495,,72,Female,,,
22496,,10,Female,,,
22497,,76,Female,,,
22498,,44,Male,,,
22499,,79,Female,,,
22500,,13,Other,,,
22501,,27,Male,,,
22502,,53,Male,,,
22503,,31,Other,,,
22504,,54,Other,,,
22505,,31,Other,,,
22506,,16,Male,,,
22507,,49,Other,,,
22508,,48,Male,,,
22509,,18,Male,,,
22510,,38,Male,,,
22511,,74,Other,,,
22512,,13,Male,,,
22513,,54,Female,,,
22514,,51,Female,,,
22515,,67,Male,,,
22516,,74,Other,,,
22517,,25,Female,,,
22518,,73,Female,,,
22519,,48,Male,,,
22520,,47,Female,,,
22521,,46,Female,,,
22522,,25,Other,,,
22523,,16,Other,,,
22524,,78,Female,,,
22525,,21,Other,,,
22526,,14,Female,,,
22527,,26,Female,,,
22528,,45,Female,,,
22529,,15,Male,,,
22530,,39,Male,,,
22531,,44,Other,,,
22532,,60,Other,,,
22533,,76,Female,,,
22534,,48,Male,,,
22535,,57,Other,,,
22536,,48,Male,,,
22537,,68,Male,,,
22538,,37,Male,,,
22539,,71,Female,,,
22540,,22,Male,,,
22541,,72,Other,,,
22542,,64,Female,,,
22543,,38,Female,,,
22544,,15,Female,,,
22545,,29,Male,,,
22546,,34,Other,,,
22547,,19,Other,,,
22548,,38,Other,,,
22549,,56,Female,,,
22550,,11,Other,,,
22551,,62,Other,,,
22552,,27,Male,,,
22553,,70,Male,,,
22554,,66,Female,,,
22555,,28,Male,,,
22556,,60,Male,,,
22557,,44,Female,,,
22558,,16,Female,,,
22559,,76,Male,,,
22560,,36,Female,,,
22561,,29,Female,,,
22562,,37,Female,,,
22563,,17,Other,,,
22564,,43,Female,,,
22565,,74,Male,,,
22566,,28,Female,,,
22567,,17,Male,,,
22568,,31,Male,,,
22569,,25,Other,,,
22570,,14,Male,,,
22571,,19,Female,,,
22572,,45,Other,,,
22573,,40,Other,,,
22574,,51,Other,,,
22575,,76,Male,,,
22576,,36,Other,,,
22577,,19,Male,,,
22578,,42,Other,,,
22579,,19,Male,,,
22580,,12,Other,,,
22581,,47,Male,,,
22582,,47,Female,,,
22583,,10,Male,,,
22584,,11,Female,,,
22585,,54,Female,,,
22586,,50,Male,,,
22587,,43,Female,,,
22588,,13,Other,,,
22589,,69,Male,,,
22590,,64,Male,,,
22591,,12,Female,,,
22592,,70,Other,,,
22593,,21,Female,,,
22594,,13,Female,,,
22595,,65,Other,,,
22596,,52,Female,,,
22597,,16,Female,,,
22598,,39,Female,,,
22599,,78,Other,,,
22600,,58,Male,,,
22601,,79,Other,,,
22602,,77,Male,,,
22603,,27,Female,,,
22604,,67,Male,,,
22605,,17,Male,,,
22606,,45,Male,,,
22607,,28,Female,,,
22608,,21,Female,,,
22609,,41,Female,,,
22610,,53,Male,,,
22611,,17,Other,,,
22612,,42,Other,,,
22613,,53,Female,,,
22614,,12,Male,,,
22615,,38,Female,,,
22616,,36,Male,,,
22617,,16,Other,,,
22618,,68,Other,,,
22619,,67,Male,,,
22620,,49,Other,,,
22621,,14,Female,,,
22622,,70,Female,,,
22623,,42,Other,,,
22624,,53,Other,,,
22625,,28,Female,,,
22626,,66,Male,,,
22627,,78,Female,,,
22628,,51,Female,,,
22629,,61,Female,,,
22630,,35,Other,,,
22631,,74,Other,,,
22632,,35,Other,,,
22633,,55,Male,,,
22634,,13,Female,,,
22635,,54,Female,,,
22636,,55,Female,,,
22637,,13,Female,,,
22638,,69,Female,,,
22639,,60,Male,,,
22640,,24,Female,,,
22641,,28,Male,,,
22642,,24,Male,,,
22643,,75,Male,,,
22644,,44,Female,,,
22645,,63,Male,,,
22646,,16,Female,,,
22647,,30,Other,,,
22648,,12,Other,,,
22649,,52,Female,,,
22650,,27,Female,,,
22651,,11,Female,,,
22652,,17,Female,,,
22653,,40,Female,,,
22654,,77,Female,,,
22655,,57,Other,,,
22656,,77,Male,,,
22657,,55,Male,,,
22658,,24,Female,,,
22659,,72,Other,,,
22660,,66,Female,,,
22661,,53,Male,,,
22662,,72,Male,,,
22663,,63,Female,,,
22664,,31,Male,,,
22665,,26,Female,,,
22666,,25,Male,,,
22667,,77,Male,,,
22668,,69,Male,,,
22669,,36,Other,,,
22670,,45,Male,,,
22671,,30,Other,,,
22672,,39,Male,,,
22673,,59,Other,,,
22674,,13,Female,,,
22675,,60,Other,,,
22676,,50,Male,,,
22677,,23,Other,,,
22678,,76,Male,,,
22679,,39,Male,,,
22680,,66,Other,,,
22681,,55,Male,,,
22682,,13,Female,,,
22683,,56,Male,,,
22684,,68,Female,,,
22685,,22,Female,,,
22686,,51,Other,,,
22687,,67,Other,,,
22688,,62,Other,,,
22689,,68,Other,,,
22690,,48,Other,,,
22691,,53,Female,,,
22692,,75,Male,,,
22693,,28,Male,,,
22694,,49,Female,,,
22695,,29,Male,,,
22696,,59,Female,,,
22697,,78,Male,,,
22698,,77,Other,,,
22699,,66,Other,,,
22700,,38,Female,,,
22701,,79,Other,,,
22702,,77,Female,,,
22703,,44,Female,,,
22704,,77,Male,,,
22705,,67,Male,,,
22706,,25,Male,,,
22707,,74,Female,,,
22708,,10,Male,,,
22709,,54,Male,,,
22710,,13,Other,,,
22711,,35,Other,,,
22712,,66,Male,,,
22713,,14,Female,,,
22714,,70,Male,,,
22715,,37,Male,,,
22716,,56,Male,,,
22717,,65,Female,,,
22718,,35,Other,,,
22719,,50,Female,,,
22720,,64,Male,,,
22721,,59,Female,,,
22722,,18,Female,,,
22723,,34,Other,,,
22724,,52,Female,,,
22725,,71,Other,,,
22726,,46,Female,,,
22727,,71,Other,,,
22728,,65,Male,,,
22729,,48,Other,,,
22730,,24,Female,,,
22731,,53,Other,,,
22732,,18,Female,,,
22733,,28,Other,,,
22734,,12,Male,,,
22735,,49,Other,,,
22736,,22,Female,,,
22737,,37,Male,,,
22738,,21,Other,,,
22739,,44,Male,,,
22740,,10,Female,,,
22741,,44,Other,,,
22742,,49,Male,,,
22743,,70,Female,,,
22744,,63,Male,,,
22745,,24,Male,,,
22746,,55,Male,,,
22747,,18,Other,,,
22748,,16,Male,,,
22749,,46,Other,,,
22750,,18,Female,,,
22751,,72,Female,,,
22752,,73,Other,,,
22753,,48,Female,,,
22754,,52,Male,,,
22755,,44,Female,,,
22756,,35,Other,,,
22757,,74,Female,,,
22758,,75,Male,,,
22759,,64,Male,,,
22760,,36,Male,,,
22761,,36,Female,,,
22762,,59,Male,,,
22763,,69,Other,,,
22764,,42,Male,,,
22765,,53,Male,,,
22766,,71,Male,,,
22767,,74,Male,,,
22768,,44,Other,,,
22769,,40,Other,,,
22770,,49,Male,,,
22771,,52,Female,,,
22772,,77,Female,,,
22773,,50,Male,,,
22774,,43,Female,,,
22775,,78,Other,,,
22776,,61,Male,,,
22777,,12,Other,,,
22778,,39,Other,,,
22779,,55,Other,,,
22780,,62,Other,,,
22781,,28,Female,,,
22782,,72,Female,,,
22783,,10,Male,,,
22784,,50,Other,,,
22785,,13,Male,,,
22786,,39,Other,,,
22787,,53,Female,,,
22788,,18,Female,,,
22789,,72,Male,,,
22790,,38,Male,,,
22791,,20,Female,,,
22792,,77,Male,,,
22793,,70,Male,,,
22794,,33,Other,,,
22795,,22,Male,,,
22796,,77,Female,,,
22797,,63,Female,,,
22798,,72,Female,,,
22799,,43,Female,,,
22800,,53,Male,,,
22801,,73,Female,,,
22802,,30,Male,,,
22803,,35,Other,,,
22804,,39,Other,,,
22805,,61,Male,,,
22806,,24,Other,,,
22807,,76,Other,,,
22808,,63,Male,,,
22809,,34,Female,,,
22810,,63,Other,,,
22811,,52,Female,,,
22812,,73,Female,,,
22813,,58,Female,,,
22814,,28,Other,,,
22815,,19,Female,,,
22816,,40,Other,,,
22817,,54,Female,,,
22818,,72,Female,,,
22819,,25,Female,,,
22820,,77,Female,,,
22821,,37,Female,,,
22822,,38,Female,,,
22823,,21,Female,,,
22824,,59,Male,,,
22825,,13,Other,,,
22826,,42,Male,,,
22827,,27,Female,,,
22828,,77,Female,,,
22829,,70,Female,,,
22830,,47,Female,,,
22831,,39,Other,,,
22832,,27,Other,,,
22833,,60,Female,,,
22834,,72,Other,,,
22835,,72,Other,,,
22836,,21,Male,,,
22837,,26,Female,,,
22838,,33,Other,,,
22839,,13,Male,,,
22840,,42,Female,,,
22841,,57,Male,,,
22842,,12,Other,,,
22843,,14,Female,,,
22844,,50,Female,,,
22845,,14,Other,,,
22846,,13,Female,,,
22847,,76,Male,,,
22848,,26,Other,,,
22849,,44,Female,,,
22850,,22,Other,,,
22851,,49,Other,,,
22852,,27,Other,,,
22853,,41,Female,,,
22854,,59,Other,,,
22855,,12,Female,,,
22856,,34,Male,,,
22857,,61,Other,,,
22858,,17,Male,,,
22859,,11,Male,,,
22860,,64,Other,,,
22861,,42,Other,,,
22862,,64,Female,,,
22863,,66,Female,,,
22864,,43,Male,,,
22865,,18,Other,,,
22866,,63,Female,,,
22867,,30,Other,,,
22868,,27,Female,,,
22869,,43,Male,,,
22870,,12,Female,,,
22871,,32,Female,,,
22872,,22,Other,,,
22873,,53,Male,,,
22874,,54,Male,,,
22875,,71,Female,,,
22876,,55,Male,,,
22877,,31,Other,,,
22878,,46,Male,,,
22879,,66,Other,,,
22880,,60,Other,,,
22881,,71,Other,,,
22882,,46,Female,,,
22883,,32,Female,,,
22884,,49,Other,,,
22885,,67,Male,,,
22886,,68,Male,,,
22887,,44,Other,,,
22888,,14,Female,,,
22889,,46,Female,,,
22890,,39,Other,,,
22891,,29,Female,,,
22892,,46,Female,,,
22893,,35,Female,,,
22894,,39,Female,,,
22895,,58,Female,,,
22896,,56,Female,,,
22897,,42,Female,,,
22898,,45,Male,,,
22899,,30,Male,,,
22900,,58,Other,,,
22901,,61,Other,,,
22902,,70,Female,,,
22903,,22,Other,,,
22904,,25,Male,,,
22905,,26,Male,,,
22906,,77,Other,,,
22907,,29,Other,,,
22908,,18,Other,,,
22909,,67,Other,,,
22910,,23,Female,,,
22911,,34,Male,,,
22912,,76,Other,,,
22913,,73,Female,,,
22914,,64,Other,,,
22915,,13,Female,,,
22916,,40,Female,,,
22917,,52,Female,,,
22918,,39,Other,,,
22919,,76,Male,,,
22920,,60,Male,,,
22921,,59,Other,,,
22922,,27,Male,,,
22923,,76,Other,,,
22924,,67,Female,,,
22925,,70,Other,,,
22926,,46,Other,,,
22927,,15,Male,,,
22928,,60,Male,,,
22929,,20,Male,,,
22930,,33,Male,,,
22931,,23,Male,,,
22932,,37,Female,,,
22933,,69,Other,,,
22934,,50,Male,,,
22935,,56,Female,,,
22936,,47,Other,,,
22937,,27,Female,,,
22938,,77,Other,,,
22939,,31,Other,,,
22940,,72,Male,,,
22941,,18,Male,,,
22942,,46,Male,,,
22943,,60,Male,,,
22944,,32,Male,,,
22945,,42,Male,,,
22946,,76,Female,,,
22947,,74,Male,,,
22948,,54,Male,,,
22949,,47,Male,,,
22950,,41,Male,,,
22951,,61,Other,,,
22952,,32,Other,,,
22953,,16,Male,,,
22954,,26,Female,,,
22955,,11,Male,,,
22956,,36,Female,,,
22957,,74,Male,,,
22958,,60,Other,,,
22959,,59,Male,,,
22960,,21,Male,,,
22961,,55,Other,,,
22962,,77,Female,,,
22963,,13,Male,,,
22964,,10,Male,,,
22965,,26,Male,,,
22966,,36,Other,,,
22967,,38,Male,,,
22968,,24,Female,,,
22969,,16,Female,,,
22970,,58,Female,,,
22971,,34,Male,,,
22972,,59,Male,,,
22973,,31,Female,,,
22974,,55,Male,,,
22975,,61,Other,,,
22976,,50,Other,,,
22977,,12,Male,,,
22978,,76,Male,,,
22979,,29,Female,,,
22980,,71,Female,,,
22981,,16,Male,,,
22982,,45,Female,,,
22983,,24,Female,,,
22984,,52,Other,,,
22985,,59,Male,,,
22986,,12,Female,,,
22987,,42,Male,,,
22988,,39,Female,,,
22989,,44,Male,,,
22990,,51,Male,,,
22991,,67,Other,,,
22992,,54,Male,,,
22993,,37,Female,,,
22994,,47,Other,,,
22995,,60,Male,,,
22996,,21,Other,,,
22997,,69,Other,,,
22998,,69,Other,,,
22999,,33,Other,,,
23000,,39,Male,,,
23001,,68,Female,,,
23002,,42,Male,,,
23003,,44,Other,,,
23004,,38,Other,,,
23005,,12,Other,,,
23006,,12,Other,,,
23007,,41,Female,,,
23008,,66,Female,,,
23009,,44,Other,,,
23010,,60,Female,,,
23011,,32,Female,,,
23012,,40,Female,,,
23013,,72,Other,,,
23014,,22,Male,,,
23015,,24,Female,,,
23016,,65,Male,,,
23017,,11,Female,,,
23018,,54,Female,,,
23019,,72,Other,,,
23020,,21,Other,,,
23021,,56,Female,,,
23022,,10,Other,,,
23023,,59,Female,,,
23024,,79,Male,,,
23025,,25,Female,,,
23026,,18,Other,,,
23027,,29,Female,,,
23028,,78,Male,,,
23029,,39,Male,,,
23030,,70,Male,,,
23031,,68,Female,,,
23032,,45,Female,,,
23033,,32,Male,,,
23034,,22,Female,,,
23035,,65,Female,,,
23036,,77,Other,,,
23037,,59,Male,,,
23038,,27,Other,,,
23039,,72,Female,,,
23040,,53,Male,,,
23041,,14,Other,,,
23042,,52,Female,,,
23043,,10,Other,,,
23044,,30,Female,,,
23045,,14,Other,,,
23046,,32,Other,,,
23047,,32,Female,,,
23048,,15,Other,,,
23049,,71,Other,,,
23050,,36,Female,,,
23051,,55,Other,,,
23052,,29,Female,,,
23053,,37,Female,,,
23054,,73,Male,,,
23055,,25,Female,,,
23056,,22,Male,,,
23057,,24,Other,,,
23058,,64,Female,,,
23059,,59,Female,,,
23060,,35,Other,,,
23061,,78,Other,,,
23062,,31,Male,,,
23063,,72,Male,,,
23064,,55,Female,,,
23065,,27,Other,,,
23066,,76,Female,,,
23067,,11,Female,,,
23068,,33,Other,,,
23069,,67,Female,,,
23070,,68,Male,,,
23071,,69,Other,,,
23072,,24,Other,,,
23073,,68,Other,,,
23074,,54,Male,,,
23075,,73,Other,,,
23076,,29,Other,,,
23077,,62,Male,,,
23078,,31,Female,,,
23079,,63,Other,,,
23080,,70,Female,,,
23081,,75,Female,,,
23082,,63,Other,,,
23083,,53,Other,,,
23084,,10,Female,,,
23085,,58,Other,,,
23086,,14,Other,,,
23087,,47,Other,,,
23088,,26,Female,,,
23089,,42,Male,,,
23090,,27,Female,,,
23091,,73,Female,,,
23092,,40,Other,,,
23093,,48,Female,,,
23094,,67,Other,,,
23095,,38,Female,,,
23096,,48,Other,,,
23097,,52,Other,,,
23098,,76,Male,,,
23099,,30,Male,,,
23100,,22,Male,,,
23101,,65,Male,,,
23102,,71,Male,,,
23103,,35,Male,,,
23104,,53,Female,,,
23105,,14,Female,,,
23106,,50,Male,,,
23107,,74,Female,,,
23108,,48,Other,,,
23109,,55,Male,,,
23110,,12,Male,,,
23111,,18,Other,,,
23112,,67,Male,,,
23113,,69,Female,,,
23114,,67,Male,,,
23115,,47,Female,,,
23116,,74,Other,,,
23117,,26,Other,,,
23118,,64,Male,,,
23119,,29,Other,,,
23120,,43,Male,,,
23121,,53,Male,,,
23122,,39,Other,,,
23123,,21,Other,,,
23124,,27,Male,,,
23125,,75,Other,,,
23126,,39,Other,,,
23127,,17,Other,,,
23128,,79,Other,,,
23129,,46,Female,,,
23130,,24,Female,,,
23131,,68,Female,,,
23132,,29,Female,,,
23133,,57,Other,,,
23134,,19,Male,,,
23135,,66,Other,,,
23136,,10,Female,,,
23137,,21,Other,,,
23138,,15,Male,,,
23139,,39,Other,,,
23140,,54,Male,,,
23141,,17,Other,,,
23142,,77,Other,,,
23143,,77,Female,,,
23144,,43,Male,,,
23145,,19,Other,,,
23146,,28,Male,,,
23147,,62,Female,,,
23148,,13,Female,,,
23149,,40,Male,,,
23150,,23,Other,,,
23151,,11,Other,,,
23152,,53,Other,,,
23153,,44,Other,,,
23154,,73,Other,,,
23155,,27,Male,,,
23156,,40,Other,,,
23157,,64,Male,,,
23158,,57,Female,,,
23159,,32,Male,,,
23160,,63,Other,,,
23161,,45,Other,,,
23162,,43,Female,,,
23163,,75,Male,,,
23164,,29,Female,,,
23165,,56,Female,,,
23166,,57,Female,,,
23167,,75,Female,,,
23168,,15,Male,,,
23169,,24,Male,,,
23170,,27,Other,,,
23171,,51,Male,,,
23172,,14,Male,,,
23173,,63,Female,,,
23174,,22,Other,,,
23175,,50,Male,,,
23176,,55,Female,,,
23177,,47,Other,,,
23178,,74,Male,,,
23179,,13,Other,,,
23180,,42,Male,,,
23181,,60,Male,,,
23182,,34,Other,,,
23183,,71,Other,,,
23184,,64,Male,,,
23185,,71,Male,,,
23186,,68,Other,,,
23187,,73,Other,,,
23188,,53,Female,,,
23189,,72,Male,,,
23190,,14,Female,,,
23191,,72,Male,,,
23192,,14,Male,,,
23193,,14,Female,,,
23194,,10,Other,,,
23195,,63,Other,,,
23196,,60,Other,,,
23197,,26,Other,,,
23198,,56,Other,,,
23199,,28,Other,,,
23200,,50,Female,,,
23201,,70,Other,,,
23202,,77,Female,,,
23203,,72,Female,,,
23204,,12,Other,,,
23205,,55,Other,,,
23206,,39,Female,,,
23207,,20,Female,,,
23208,,57,Male,,,
23209,,42,Other,,,
23210,,40,Male,,,
23211,,57,Female,,,
23212,,37,Other,,,
23213,,16,Other,,,
23214,,44,Other,,,
23215,,25,Male,,,
23216,,50,Female,,,
23217,,31,Other,,,
23218,,10,Female,,,
23219,,13,Male,,,
23220,,74,Male,,,
23221,,78,Female,,,
23222,,48,Female,,,
23223,,45,Female,,,
23224,,12,Female,,,
23225,,12,Other,,,
23226,,17,Male,,,
23227,,14,Female,,,
23228,,60,Female,,,
23229,,27,Other,,,
23230,,76,Male,,,
23231,,26,Other,,,
23232,,74,Other,,,
23233,,33,Other,,,
23234,,26,Other,,,
23235,,39,Male,,,
23236,,61,Other,,,
23237,,79,Female,,,
23238,,39,Other,,,
23239,,28,Female,,,
23240,,25,Female,,,
23241,,10,Male,,,
23242,,15,Other,,,
23243,,52,Other,,,
23244,,28,Other,,,
23245,,43,Female,,,
23246,,16,Female,,,
23247,,19,Female,,,
23248,,40,Other,,,
23249,,35,Other,,,
23250,,58,Male,,,
23251,,13,Male,,,
23252,,45,Female,,,
23253,,22,Male,,,
23254,,20,Other,,,
23255,,77,Other,,,
23256,,44,Other,,,
23257,,26,Female,,,
23258,,21,Female,,,
23259,,56,Other,,,
23260,,67,Male,,,
23261,,70,Female,,,
23262,,63,Female,,,
23263,,60,Female,,,
23264,,23,Other,,,
23265,,66,Female,,,
23266,,54,Other,,,
23267,,72,Female,,,
23268,,18,Female,,,
23269,,53,Female,,,
23270,,78,Other,,,
23271,,73,Male,,,
23272,,35,Other,,,
23273,,62,Other,,,
23274,,72,Female,,,
23275,,23,Male,,,
23276,,47,Other,,,
23277,,61,Female,,,
23278,,78,Male,,,
23279,,43,Other,,,
23280,,16,Female,,,
23281,,11,Male,,,
23282,,61,Other,,,
23283,,13,Other,,,
23284,,76,Male,,,
23285,,17,Female,,,
23286,,19,Male,,,
23287,,34,Female,,,
23288,,36,Female,,,
23289,,71,Male,,,
23290,,49,Female,,,
23291,,20,Female,,,
23292,,31,Female,,,
23293,,26,Male,,,
23294,,21,Other,,,
23295,,79,Other,,,
23296,,24,Female,,,
23297,,73,Other,,,
23298,,43,Other,,,
23299,,19,Female,,,
23300,,69,Female,,,
23301,,50,Male,,,
23302,,30,Male,,,
23303,,19,Other,,,
23304,,18,Female,,,
23305,,68,Male,,,
23306,,54,Other,,,
23307,,62,Male,,,
23308,,63,Female,,,
23309,,69,Male,,,
23310,,42,Other,,,
23311,,78,Male,,,
23312,,16,Other,,,
23313,,33,Male,,,
23314,,73,Male,,,
23315,,26,Female,,,
23316,,46,Male,,,
23317,,13,Male,,,
23318,,39,Female,,,
23319,,15,Male,,,
23320,,76,Other,,,
23321,,62,Female,,,
23322,,67,Male,,,
23323,,16,Other,,,
23324,,48,Female,,,
23325,,32,Female,,,
23326,,43,Male,,,
23327,,57,Male,,,
23328,,26,Female,,,
23329,,67,Other,,,
23330,,50,Other,,,
23331,,57,Other,,,
23332,,42,Other,,,
23333,,21,Other,,,
23334,,18,Other,,,
23335,,53,Female,,,
23336,,31,Other,,,
23337,,11,Female,,,
23338,,61,Male,,,
23339,,76,Female,,,
23340,,79,Other,,,
23341,,65,Male,,,
23342,,29,Female,,,
23343,,54,Female,,,
23344,,30,Female,,,
23345,,60,Other,,,
23346,,52,Female,,,
23347,,16,Female,,,
23348,,21,Female,,,
23349,,33,Other,,,
23350,,69,Male,,,
23351,,41,Male,,,
23352,,57,Female,,,
23353,,52,Female,,,
23354,,41,Other,,,
23355,,73,Other,,,
23356,,33,Other,,,
23357,,49,Other,,,
23358,,45,Female,,,
23359,,16,Other,,,
23360,,45,Other,,,
23361,,65,Other,,,
23362,,15,Female,,,
23363,,34,Female,,,
23364,,40,Other,,,
23365,,51,Other,,,
23366,,66,Female,,,
23367,,63,Other,,,
23368,,53,Male,,,
23369,,51,Male,,,
23370,,13,Male,,,
23371,,58,Male,,,
23372,,65,Other,,,
23373,,23,Female,,,
23374,,52,Female,,,
23375,,21,Other,,,
23376,,58,Other,,,
23377,,30,Female,,,
23378,,62,Other,,,
23379,,10,Other,,,
23380,,68,Female,,,
23381,,69,Female,,,
23382,,77,Other,,,
23383,,33,Female,,,
23384,,50,Other,,,
23385,,26,Other,,,
23386,,12,Other,,,
23387,,48,Female,,,
23388,,60,Male,,,
23389,,38,Male,,,
23390,,59,Female,,,
23391,,76,Other,,,
23392,,43,Other,,,
23393,,36,Other,,,
23394,,26,Other,,,
23395,,12,Male,,,
23396,,28,Male,,,
23397,,18,Other,,,
23398,,16,Male,,,
23399,,78,Female,,,
23400,,14,Male,,,
23401,,56,Female,,,
23402,,33,Female,,,
23403,,24,Female,,,
23404,,78,Male,,,
23405,,64,Male,,,
23406,,36,Male,,,
23407,,34,Female,,,
23408,,64,Female,,,
23409,,69,Female,,,
23410,,14,Male,,,
23411,,31,Other,,,
23412,,41,Male,,,
23413,,45,Other,,,
23414,,17,Male,,,
23415,,44,Male,,,
23416,,56,Female,,,
23417,,41,Other,,,
23418,,65,Other,,,
23419,,69,Female,,,
23420,,71,Male,,,
23421,,71,Female,,,
23422,,25,Male,,,
23423,,38,Female,,,
23424,,56,Other,,,
23425,,58,Other,,,
23426,,68,Female,,,
23427,,19,Male,,,
23428,,58,Male,,,
23429,,46,Other,,,
23430,,23,Male,,,
23431,,73,Female,,,
23432,,19,Other,,,
23433,,36,Male,,,
23434,,25,Male,,,
23435,,66,Male,,,
23436,,68,Other,,,
23437,,59,Male,,,
23438,,12,Other,,,
23439,,69,Other,,,
23440,,47,Male,,,
23441,,26,Male,,,
23442,,15,Female,,,
23443,,79,Female,,,
23444,,60,Other,,,
23445,,26,Male,,,
23446,,26,Other,,,
23447,,65,Female,,,
23448,,19,Other,,,
23449,,66,Other,,,
23450,,29,Male,,,
23451,,70,Male,,,
23452,,28,Female,,,
23453,,64,Other,,,
23454,,42,Female,,,
23455,,76,Male,,,
23456,,61,Male,,,
23457,,15,Male,,,
23458,,42,Other,,,
23459,,34,Male,,,
23460,,56,Male,,,
23461,,25,Other,,,
23462,,67,Other,,,
23463,,66,Female,,,
23464,,54,Other,,,
23465,,75,Male,,,
23466,,34,Male,,,
23467,,70,Other,,,
23468,,58,Female,,,
23469,,10,Male,,,
23470,,31,Female,,,
23471,,41,Female,,,
23472,,42,Female,,,
23473,,12,Female,,,
23474,,39,Female,,,
23475,,51,Female,,,
23476,,25,Female,,,
23477,,40,Other,,,
23478,,79,Other,,,
23479,,70,Female,,,
23480,,43,Other,,,
23481,,68,Male,,,
23482,,18,Other,,,
23483,,79,Female,,,
23484,,60,Female,,,
23485,,20,Female,,,
23486,,19,Female,,,
23487,,71,Female,,,
23488,,45,Male,,,
23489,,20,Male,,,
23490,,60,Male,,,
23491,,45,Other,,,
23492,,51,Other,,,
23493,,44,Female,,,
23494,,44,Male,,,
23495,,24,Male,,,
23496,,32,Male,,,
23497,,78,Female,,,
23498,,30,Male,,,
23499,,68,Other,,,
23500,,19,Other,,,
23501,,13,Other,,,
23502,,46,Female,,,
23503,,75,Female,,,
23504,,19,Male,,,
23505,,28,Male,,,
23506,,19,Male,,,
23507,,64,Female,,,
23508,,24,Female,,,
23509,,75,Female,,,
23510,,64,Male,,,
23511,,61,Other,,,
23512,,72,Male,,,
23513,,35,Female,,,
23514,,70,Male,,,
23515,,77,Male,,,
23516,,27,Male,,,
23517,,30,Other,,,
23518,,23,Other,,,
23519,,20,Male,,,
23520,,45,Female,,,
23521,,27,Other,,,
23522,,39,Male,,,
23523,,59,Male,,,
23524,,18,Female,,,
23525,,23,Other,,,
23526,,18,Other,,,
23527,,53,Female,,,
23528,,39,Female,,,
23529,,31,Male,,,
23530,,78,Other,,,
23531,,71,Other,,,
23532,,51,Female,,,
23533,,48,Other,,,
23534,,23,Male,,,
23535,,72,Female,,,
23536,,63,Female,,,
23537,,22,Male,,,
23538,,69,Other,,,
23539,,53,Male,,,
23540,,21,Male,,,
23541,,56,Male,,,
23542,,24,Male,,,
23543,,50,Female,,,
23544,,16,Male,,,
23545,,67,Male,,,
23546,,64,Female,,,
23547,,64,Other,,,
23548,,75,Male,,,
23549,,16,Male,,,
23550,,24,Female,,,
23551,,58,Other,,,
23552,,59,Other,,,
23553,,25,Female,,,
23554,,54,Other,,,
23555,,77,Male,,,
23556,,66,Male,,,
23557,,38,Other,,,
23558,,62,Female,,,
23559,,30,Female,,,
23560,,58,Female,,,
23561,,61,Female,,,
23562,,33,Other,,,
23563,,75,Other,,,
23564,,34,Female,,,
23565,,65,Other,,,
23566,,54,Other,,,
23567,,31,Male,,,
23568,,33,Other,,,
23569,,27,Male,,,
23570,,15,Female,,,
23571,,11,Other,,,
23572,,67,Male,,,
23573,,27,Female,,,
23574,,15,Other,,,
23575,,55,Female,,,
23576,,33,Female,,,
23577,,39,Other,,,
23578,,39,Other,,,
23579,,47,Female,,,
23580,,27,Female,,,
23581,,22,Female,,,
23582,,32,Other,,,
23583,,14,Male,,,
23584,,34,Male,,,
23585,,75,Other,,,
23586,,21,Female,,,
23587,,36,Other,,,
23588,,73,Other,,,
23589,,25,Male,,,
23590,,26,Male,,,
23591,,60,Female,,,
23592,,17,Other,,,
23593,,70,Other,,,
23594,,73,Female,,,
23595,,61,Other,,,
23596,,21,Female,,,
23597,,30,Female,,,
23598,,34,Male,,,
23599,,29,Female,,,
23600,,57,Female,,,
23601,,77,Female,,,
23602,,68,Other,,,
23603,,16,Other,,,
23604,,11,Female,,,
23605,,67,Female,,,
23606,,33,Female,,,
23607,,46,Female,,,
23608,,42,Female,,,
23609,,36,Other,,,
23610,,56,Other,,,
23611,,50,Other,,,
23612,,77,Other,,,
23613,,33,Other,,,
23614,,25,Female,,,
23615,,11,Female,,,
23616,,63,Male,,,
23617,,52,Other,,,
23618,,31,Female,,,
23619,,21,Male,,,
23620,,76,Male,,,
23621,,37,Other,,,
23622,,44,Male,,,
23623,,42,Male,,,
23624,,71,Female,,,
23625,,49,Female,,,
23626,,63,Other,,,
23627,,21,Female,,,
23628,,29,Other,,,
23629,,50,Male,,,
23630,,31,Female,,,
23631,,12,Female,,,
23632,,36,Female,,,
23633,,72,Female,,,
23634,,60,Other,,,
23635,,68,Female,,,
23636,,77,Female,,,
23637,,30,Male,,,
23638,,54,Other,,,
23639,,60,Other,,,
23640,,74,Other,,,
23641,,22,Other,,,
23642,,37,Female,,,
23643,,54,Male,,,
23644,,62,Female,,,
23645,,56,Female,,,
23646,,24,Male,,,
23647,,19,Other,,,
23648,,29,Female,,,
23649,,45,Female,,,
23650,,75,Female,,,
23651,,31,Male,,,
23652,,35,Male,,,
23653,,14,Male,,,
23654,,69,Female,,,
23655,,51,Male,,,
23656,,60,Other,,,
23657,,48,Other,,,
23658,,59,Female,,,
23659,,13,Other,,,
23660,,59,Other,,,
23661,,63,Other,,,
23662,,49,Female,,,
23663,,14,Other,,,
23664,,56,Male,,,
23665,,14,Male,,,
23666,,73,Male,,,
23667,,22,Male,,,
23668,,40,Male,,,
23669,,23,Other,,,
23670,,64,Female,,,
23671,,48,Other,,,
23672,,31,Male,,,
23673,,29,Female,,,
23674,,79,Female,,,
23675,,20,Male,,,
23676,,79,Female,,,
23677,,29,Male,,,
23678,,31,Other,,,
23679,,50,Other,,,
23680,,56,Other,,,
23681,,17,Other,,,
23682,,27,Male,,,
23683,,55,Female,,,
23684,,59,Male,,,
23685,,52,Female,,,
23686,,45,Male,,,
23687,,34,Other,,,
23688,,22,Female,,,
23689,,59,Male,,,
23690,,36,Other,,,
23691,,40,Female,,,
23692,,79,Male,,,
23693,,46,Male,,,
23694,,10,Female,,,
23695,,71,Other,,,
23696,,23,Male,,,
23697,,68,Male,,,
23698,,33,Other,,,
23699,,48,Other,,,
23700,,40,Female,,,
23701,,42,Male,,,
23702,,39,Male,,,
23703,,43,Other,,,
23704,,43,Male,,,
23705,,29,Female,,,
23706,,23,Male,,,
23707,,10,Other,,,
23708,,61,Other,,,
23709,,26,Female,,,
23710,,22,Male,,,
23711,,22,Female,,,
23712,,25,Male,,,
23713,,51,Female,,,
23714,,70,Other,,,
23715,,60,Female,,,
23716,,54,Female,,,
23717,,41,Male,,,
23718,,61,Female,,,
23719,,52,Other,,,
23720,,49,Male,,,
23721,,36,Male,,,
23722,,49,Male,,,
23723,,21,Other,,,
23724,,62,Other,,,
23725,,50,Other,,,
23726,,23,Male,,,
23727,,26,Male,,,
23728,,56,Other,,,
23729,,56,Male,,,
23730,,39,Other,,,
23731,,63,Female,,,
23732,,10,Other,,,
23733,,75,Other,,,
23734,,31,Female,,,
23735,,21,Female,,,
23736,,37,Female,,,
23737,,11,Other,,,
23738,,16,Male,,,
23739,,35,Female,,,
23740,,32,Other,,,
23741,,66,Female,,,
23742,,49,Female,,,
23743,,12,Other,,,
23744,,58,Male,,,
23745,,52,Female,,,
23746,,45,Male,,,
23747,,55,Male,,,
23748,,38,Male,,,
23749,,69,Female,,,
23750,,51,Other,,,
23751,,68,Other,,,
23752,,31,Male,,,
23753,,63,Other,,,
23754,,76,Male,,,
23755,,18,Female,,,
23756,,36,Male,,,
23757,,30,Other,,,
23758,,64,Male,,,
23759,,66,Male,,,
23760,,26,Male,,,
23761,,30,Male,,,
23762,,20,Female,,,
23763,,30,Other,,,
23764,,64,Other,,,
23765,,16,Female,,,
23766,,23,Male,,,
23767,,66,Male,,,
23768,,18,Male,,,
23769,,30,Female,,,
23770,,55,Male,,,
23771,,45,Male,,,
23772,,76,Other,,,
23773,,22,Male,,,
23774,,15,Other,,,
23775,,72,Other,,,
23776,,13,Male,,,
23777,,62,Male,,,
23778,,16,Other,,,
23779,,18,Male,,,
23780,,59,Male,,,
23781,,66,Other,,,
23782,,31,Male,,,
23783,,67,Male,,,
23784,,10,Male,,,
23785,,12,Female,,,
23786,,63,Male,,,
23787,,67,Male,,,
23788,,30,Female,,,
23789,,44,Female,,,
23790,,11,Other,,,
23791,,37,Other,,,
23792,,11,Other,,,
23793,,52,Other,,,
23794,,64,Other,,,
23795,,55,Other,,,
23796,,65,Male,,,
23797,,41,Male,,,
23798,,24,Male,,,
23799,,63,Male,,,
23800,,55,Male,,,
23801,,74,Male,,,
23802,,32,Female,,,
23803,,34,Male,,,
23804,,31,Female,,,
23805,,55,Female,,,
23806,,38,Male,,,
23807,,25,Other,,,
23808,,68,Male,,,
23809,,42,Other,,,
23810,,50,Other,,,
23811,,76,Male,,,
23812,,17,Male,,,
23813,,78,Other,,,
23814,,38,Female,,,
23815,,44,Male,,,
23816,,70,Female,,,
23817,,24,Male,,,
23818,,35,Female,,,
23819,,76,Other,,,
23820,,45,Male,,,
23821,,59,Other,,,
23822,,51,Other,,,
23823,,49,Male,,,
23824,,47,Other,,,
23825,,18,Female,,,
23826,,63,Female,,,
23827,,48,Male,,,
23828,,27,Female,,,
23829,,79,Male,,,
23830,,72,Female,,,
23831,,73,Male,,,
23832,,49,Other,,,
23833,,13,Male,,,
23834,,36,Male,,,
23835,,44,Female,,,
23836,,73,Female,,,
23837,,78,Male,,,
23838,,33,Other,,,
23839,,15,Male,,,
23840,,38,Male,,,
23841,,73,Other,,,
23842,,68,Male,,,
23843,,43,Male,,,
23844,,37,Male,,,
23845,,57,Male,,,
23846,,71,Male,,,
23847,,71,Male,,,
23848,,79,Male,,,
23849,,51,Female,,,
23850,,15,Female,,,
23851,,43,Male,,,
23852,,25,Other,,,
23853,,62,Female,,,
23854,,68,Other,,,
23855,,23,Female,,,
23856,,44,Male,,,
23857,,11,Female,,,
23858,,59,Male,,,
23859,,39,Male,,,
23860,,56,Female,,,
23861,,48,Female,,,
23862,,15,Female,,,
23863,,40,Female,,,
23864,,18,Female,,,
23865,,64,Female,,,
23866,,43,Other,,,
23867,,71,Male,,,
23868,,49,Other,,,
23869,,37,Male,,,
23870,,67,Female,,,
23871,,14,Male,,,
23872,,26,Other,,,
23873,,13,Female,,,
23874,,23,Female,,,
23875,,16,Other,,,
23876,,23,Female,,,
23877,,33,Male,,,
23878,,45,Female,,,
23879,,25,Male,,,
23880,,34,Male,,,
23881,,65,Male,,,
23882,,57,Other,,,
23883,,43,Female,,,
23884,,31,Other,,,
23885,,41,Other,,,
23886,,75,Other,,,
23887,,28,Male,,,
23888,,74,Other,,,
23889,,40,Male,,,
23890,,21,Female,,,
23891,,74,Other,,,
23892,,72,Male,,,
23893,,31,Female,,,
23894,,47,Female,,,
23895,,69,Other,,,
23896,,43,Male,,,
23897,,48,Male,,,
23898,,56,Male,,,
23899,,10,Female,,,
23900,,47,Female,,,
23901,,51,Male,,,
23902,,23,Other,,,
23903,,67,Female,,,
23904,,17,Female,,,
23905,,79,Female,,,
23906,,70,Other,,,
23907,,35,Female,,,
23908,,52,Other,,,
23909,,43,Male,,,
23910,,70,Male,,,
23911,,21,Other,,,
23912,,64,Other,,,
23913,,51,Male,,,
23914,,19,Male,,,
23915,,13,Female,,,
23916,,35,Female,,,
23917,,41,Female,,,
23918,,39,Female,,,
23919,,78,Male,,,
23920,,50,Other,,,
23921,,15,Female,,,
23922,,64,Male,,,
23923,,30,Female,,,
23924,,73,Other,,,
23925,,58,Female,,,
23926,,64,Male,,,
23927,,48,Other,,,
23928,,12,Male,,,
23929,,51,Other,,,
23930,,22,Female,,,
23931,,39,Male,,,
23932,,18,Female,,,
23933,,33,Male,,,
23934,,44,Female,,,
23935,,28,Other,,,
23936,,15,Other,,,
23937,,74,Male,,,
23938,,20,Other,,,
23939,,60,Female,,,
23940,,53,Female,,,
23941,,66,Male,,,
23942,,70,Other,,,
23943,,78,Other,,,
23944,,21,Male,,,
23945,,73,Female,,,
23946,,59,Other,,,
23947,,14,Female,,,
23948,,36,Female,,,
23949,,42,Female,,,
23950,,17,Other,,,
23951,,46,Female,,,
23952,,20,Other,,,
23953,,47,Other,,,
23954,,25,Male,,,
23955,,34,Female,,,
23956,,37,Other,,,
23957,,77,Female,,,
23958,,48,Other,,,
23959,,11,Female,,,
23960,,79,Other,,,
23961,,34,Female,,,
23962,,77,Female,,,
23963,,79,Other,,,
23964,,39,Male,,,
23965,,31,Other,,,
23966,,59,Female,,,
23967,,30,Male,,,
23968,,13,Female,,,
23969,,35,Female,,,
23970,,33,Other,,,
23971,,29,Female,,,
23972,,28,Other,,,
23973,,78,Male,,,
23974,,33,Male,,,
23975,,11,Female,,,
23976,,55,Other,,,
23977,,12,Female,,,
23978,,72,Female,,,
23979,,27,Other,,,
23980,,23,Female,,,
23981,,56,Other,,,
23982,,28,Male,,,
23983,,33,Other,,,
23984,,18,Female,,,
23985,,78,Male,,,
23986,,74,Female,,,
23987,,30,Other,,,
23988,,39,Male,,,
23989,,66,Female,,,
23990,,59,Other,,,
23991,,74,Other,,,
23992,,53,Male,,,
23993,,60,Female,,,
23994,,33,Female,,,
23995,,33,Male,,,
23996,,74,Male,,,
23997,,49,Other,,,
23998,,72,Female,,,
23999,,40,Female,,,
24000,,72,Female,,,
24001,,20,Male,,,
24002,,26,Female,,,
24003,,38,Other,,,
24004,,76,Other,,,
24005,,28,Other,,,
24006,,71,Other,,,
24007,,66,Female,,,
24008,,18,Male,,,
24009,,14,Female,,,
24010,,33,Female,,,
24011,,47,Other,,,
24012,,51,Female,,,
24013,,24,Other,,,
24014,,70,Other,,,
24015,,66,Other,,,
24016,,43,Male,,,
24017,,13,Male,,,
24018,,72,Male,,,
24019,,11,Female,,,
24020,,26,Female,,,
24021,,19,Male,,,
24022,,71,Other,,,
24023,,21,Female,,,
24024,,10,Other,,,
24025,,28,Male,,,
24026,,66,Other,,,
24027,,67,Female,,,
24028,,57,Male,,,
24029,,67,Other,,,
24030,,16,Female,,,
24031,,29,Male,,,
24032,,50,Other,,,
24033,,48,Female,,,
24034,,57,Female,,,
24035,,13,Male,,,
24036,,14,Female,,,
24037,,44,Male,,,
24038,,14,Male,,,
24039,,31,Female,,,
24040,,18,Female,,,
24041,,36,Male,,,
24042,,10,Other,,,
24043,,78,Female,,,
24044,,51,Female,,,
24045,,43,Male,,,
24046,,48,Other,,,
24047,,65,Male,,,
24048,,79,Male,,,
24049,,64,Male,,,
24050,,15,Male,,,
24051,,44,Male,,,
24052,,19,Male,,,
24053,,71,Female,,,
24054,,52,Other,,,
24055,,15,Male,,,
24056,,10,Other,,,
24057,,13,Female,,,
24058,,64,Male,,,
24059,,75,Other,,,
24060,,56,Male,,,
24061,,75,Female,,,
24062,,14,Female,,,
24063,,73,Female,,,
24064,,35,Other,,,
24065,,29,Female,,,
24066,,15,Female,,,
24067,,61,Female,,,
24068,,70,Male,,,
24069,,57,Other,,,
24070,,73,Female,,,
24071,,35,Other,,,
24072,,10,Other,,,
24073,,10,Other,,,
24074,,42,Other,,,
24075,,73,Other,,,
24076,,51,Other,,,
24077,,47,Female,,,
24078,,39,Female,,,
24079,,12,Male,,,
24080,,70,Other,,,
24081,,41,Female,,,
24082,,42,Female,,,
24083,,17,Female,,,
24084,,11,Male,,,
24085,,32,Female,,,
24086,,32,Other,,,
24087,,74,Other,,,
24088,,69,Male,,,
24089,,52,Female,,,
24090,,56,Female,,,
24091,,31,Female,,,
24092,,39,Male,,,
24093,,45,Other,,,
24094,,69,Male,,,
24095,,45,Male,,,
24096,,51,Male,,,
24097,,21,Male,,,
24098,,27,Male,,,
24099,,26,Male,,,
24100,,22,Female,,,
24101,,46,Female,,,
24102,,29,Male,,,
24103,,30,Male,,,
24104,,72,Other,,,
24105,,40,Other,,,
24106,,75,Female,,,
24107,,39,Female,,,
24108,,30,Female,,,
24109,,62,Male,,,
24110,,24,Other,,,
24111,,38,Other,,,
24112,,50,Other,,,
24113,,35,Female,,,
24114,,43,Other,,,
24115,,45,Other,,,
24116,,77,Female,,,
24117,,17,Female,,,
24118,,42,Male,,,
24119,,31,Male,,,
24120,,45,Other,,,
24121,,57,Male,,,
24122,,24,Male,,,
24123,,73,Male,,,
24124,,35,Other,,,
24125,,34,Other,,,
24126,,44,Other,,,
24127,,49,Female,,,
24128,,34,Male,,,
24129,,50,Other,,,
24130,,34,Other,,,
24131,,53,Male,,,
24132,,55,Female,,,
24133,,12,Male,,,
24134,,54,Male,,,
24135,,25,Male,,,
24136,,34,Female,,,
24137,,56,Other,,,
24138,,16,Male,,,
24139,,77,Female,,,
24140,,27,Other,,,
24141,,68,Female,,,
24142,,79,Other,,,
24143,,59,Female,,,
24144,,34,Male,,,
24145,,62,Female,,,
24146,,59,Female,,,
24147,,76,Other,,,
24148,,65,Female,,,
24149,,67,Other,,,
24150,,54,Other,,,
24151,,61,Male,,,
24152,,53,Other,,,
24153,,33,Male,,,
24154,,48,Female,,,
24155,,21,Other,,,
24156,,20,Female,,,
24157,,42,Female,,,
24158,,67,Male,,,
24159,,59,Male,,,
24160,,12,Other,,,
24161,,53,Male,,,
24162,,33,Other,,,
24163,,35,Female,,,
24164,,50,Male,,,
24165,,14,Female,,,
24166,,32,Other,,,
24167,,38,Other,,,
24168,,41,Male,,,
24169,,75,Other,,,
24170,,47,Other,,,
24171,,62,Female,,,
24172,,11,Female,,,
24173,,62,Male,,,
24174,,19,Female,,,
24175,,74,Other,,,
24176,,70,Other,,,
24177,,17,Other,,,
24178,,73,Other,,,
24179,,63,Male,,,
24180,,44,Male,,,
24181,,48,Female,,,
24182,,11,Other,,,
24183,,73,Female,,,
24184,,16,Female,,,
24185,,48,Female,,,
24186,,43,Male,,,
24187,,18,Female,,,
24188,,20,Female,,,
24189,,27,Male,,,
24190,,50,Female,,,
24191,,57,Male,,,
24192,,46,Female,,,
24193,,57,Female,,,
24194,,18,Female,,,
24195,,72,Female,,,
24196,,24,Other,,,
24197,,34,Female,,,
24198,,63,Female,,,
24199,,33,Female,,,
24200,,73,Female,,,
24201,,55,Other,,,
24202,,74,Other,,,
24203,,21,Other,,,
24204,,33,Female,,,
24205,,16,Other,,,
24206,,50,Male,,,
24207,,65,Other,,,
24208,,43,Male,,,
24209,,64,Female,,,
24210,,17,Other,,,
24211,,28,Other,,,
24212,,50,Other,,,
24213,,36,Male,,,
24214,,64,Female,,,
24215,,20,Male,,,
24216,,32,Other,,,
24217,,46,Other,,,
24218,,35,Male,,,
24219,,35,Other,,,
24220,,40,Male,,,
24221,,67,Other,,,
24222,,16,Other,,,
24223,,58,Female,,,
24224,,46,Other,,,
24225,,45,Other,,,
24226,,66,Other,,,
24227,,34,Other,,,
24228,,73,Male,,,
24229,,51,Male,,,
24230,,14,Male,,,
24231,,40,Other,,,
24232,,57,Other,,,
24233,,56,Other,,,
24234,,67,Other,,,
24235,,75,Female,,,
24236,,53,Male,,,
24237,,23,Female,,,
24238,,49,Female,,,
24239,,48,Female,,,
24240,,26,Male,,,
24241,,37,Male,,,
24242,,46,Male,,,
24243,,48,Male,,,
24244,,52,Male,,,
24245,,50,Female,,,
24246,,11,Male,,,
24247,,66,Other,,,
24248,,60,Female,,,
24249,,50,Other,,,
24250,,23,Female,,,
24251,,55,Female,,,
24252,,40,Female,,,
24253,,62,Male,,,
24254,,37,Female,,,
24255,,25,Other,,,
24256,,76,Female,,,
24257,,32,Male,,,
24258,,67,Female,,,
24259,,74,Other,,,
24260,,74,Other,,,
24261,,15,Male,,,
24262,,69,Male,,,
24263,,62,Other,,,
24264,,49,Female,,,
24265,,61,Female,,,
24266,,68,Other,,,
24267,,26,Female,,,
24268,,30,Male,,,
24269,,59,Male,,,
24270,,63,Other,,,
24271,,57,Female,,,
24272,,47,Female,,,
24273,,40,Other,,,
24274,,34,Male,,,
24275,,78,Other,,,
24276,,59,Female,,,
24277,,29,Female,,,
24278,,13,Male,,,
24279,,61,Male,,,
24280,,74,Other,,,
24281,,58,Female,,,
24282,,22,Female,,,
24283,,68,Male,,,
24284,,37,Female,,,
24285,,17,Female,,,
24286,,62,Male,,,
24287,,67,Male,,,
24288,,45,Female,,,
24289,,42,Other,,,
24290,,11,Other,,,
24291,,11,Male,,,
24292,,44,Male,,,
24293,,25,Other,,,
24294,,13,Male,,,
24295,,56,Female,,,
24296,,44,Male,,,
24297,,76,Other,,,
24298,,50,Male,,,
24299,,45,Male,,,
24300,,55,Female,,,
24301,,76,Female,,,
24302,,17,Other,,,
24303,,17,Other,,,
24304,,35,Female,,,
24305,,29,Female,,,
24306,,23,Other,,,
24307,,44,Other,,,
24308,,50,Female,,,
24309,,59,Female,,,
24310,,55,Female,,,
24311,,48,Female,,,
24312,,24,Male,,,
24313,,75,Male,,,
24314,,56,Male,,,
24315,,35,Male,,,
24316,,61,Other,,,
24317,,12,Male,,,
24318,,61,Male,,,
24319,,63,Male,,,
24320,,41,Other,,,
24321,,22,Other,,,
24322,,42,Female,,,
24323,,79,Male,,,
24324,,78,Female,,,
24325,,65,Female,,,
24326,,65,Other,,,
24327,,56,Male,,,
24328,,65,Other,,,
24329,,61,Female,,,
24330,,57,Female,,,
24331,,53,Other,,,
24332,,41,Other,,,
24333,,61,Female,,,
24334,,56,Female,,,
24335,,22,Female,,,
24336,,34,Other,,,
24337,,34,Male,,,
24338,,71,Other,,,
24339,,39,Male,,,
24340,,37,Other,,,
24341,,48,Female,,,
24342,,25,Female,,,
24343,,53,Other,,,
24344,,58,Other,,,
24345,,72,Male,,,
24346,,69,Male,,,
24347,,55,Male,,,
24348,,19,Male,,,
24349,,24,Female,,,
24350,,15,Male,,,
24351,,72,Female,,,
24352,,78,Other,,,
24353,,38,Female,,,
24354,,41,Female,,,
24355,,28,Male,,,
24356,,67,Female,,,
24357,,49,Male,,,
24358,,61,Male,,,
24359,,30,Other,,,
24360,,20,Female,,,
24361,,78,Female,,,
24362,,30,Other,,,
24363,,13,Male,,,
24364,,74,Other,,,
24365,,64,Female,,,
24366,,46,Other,,,
24367,,57,Male,,,
24368,,49,Male,,,
24369,,56,Male,,,
24370,,53,Other,,,
24371,,63,Female,,,
24372,,55,Other,,,
24373,,79,Female,,,
24374,,37,Female,,,
24375,,46,Female,,,
24376,,69,Other,,,
24377,,49,Other,,,
24378,,44,Male,,,
24379,,11,Male,,,
24380,,57,Male,,,
24381,,68,Male,,,
24382,,73,Other,,,
24383,,14,Other,,,
24384,,71,Female,,,
24385,,36,Other,,,
24386,,59,Female,,,
24387,,30,Male,,,
24388,,73,Female,,,
24389,,44,Other,,,
24390,,72,Female,,,
24391,,23,Female,,,
24392,,50,Female,,,
24393,,79,Male,,,
24394,,19,Female,,,
24395,,44,Male,,,
24396,,40,Other,,,
24397,,76,Other,,,
24398,,64,Male,,,
24399,,72,Male,,,
24400,,35,Other,,,
24401,,17,Male,,,
24402,,68,Female,,,
24403,,41,Other,,,
24404,,56,Female,,,
24405,,71,Male,,,
24406,,21,Other,,,
24407,,48,Other,,,
24408,,67,Female,,,
24409,,67,Other,,,
24410,,23,Female,,,
24411,,65,Other,,,
24412,,29,Other,,,
24413,,70,Female,,,
24414,,24,Other,,,
24415,,22,Male,,,
24416,,61,Other,,,
24417,,40,Female,,,
24418,,43,Female,,,
24419,,11,Female,,,
24420,,66,Male,,,
24421,,29,Female,,,
24422,,40,Female,,,
24423,,33,Female,,,
24424,,46,Male,,,
24425,,46,Male,,,
24426,,31,Other,,,
24427,,20,Male,,,
24428,,67,Female,,,
24429,,36,Other,,,
24430,,57,Other,,,
24431,,30,Male,,,
24432,,49,Female,,,
24433,,77,Other,,,
24434,,60,Male,,,
24435,,38,Male,,,
24436,,47,Female,,,
24437,,38,Female,,,
24438,,64,Male,,,
24439,,77,Female,,,
24440,,78,Other,,,
24441,,61,Male,,,
24442,,37,Male,,,
24443,,71,Other,,,
24444,,61,Other,,,
24445,,77,Male,,,
24446,,25,Other,,,
24447,,33,Male,,,
24448,,55,Female,,,
24449,,37,Other,,,
24450,,48,Male,,,
24451,,72,Other,,,
24452,,14,Female,,,
24453,,67,Female,,,
24454,,58,Other,,,
24455,,39,Male,,,
24456,,33,Male,,,
24457,,62,Other,,,
24458,,55,Other,,,
24459,,61,Other,,,
24460,,78,Male,,,
24461,,52,Male,,,
24462,,58,Other,,,
24463,,29,Male,,,
24464,,61,Female,,,
24465,,63,Female,,,
24466,,66,Female,,,
24467,,75,Female,,,
24468,,56,Other,,,
24469,,24,Female,,,
24470,,26,Male,,,
24471,,78,Other,,,
24472,,24,Male,,,
24473,,46,Other,,,
24474,,22,Female,,,
24475,,54,Male,,,
24476,,10,Male,,,
24477,,73,Male,,,
24478,,28,Female,,,
24479,,78,Male,,,
24480,,36,Male,,,
24481,,72,Male,,,
24482,,65,Other,,,
24483,,78,Female,,,
24484,,78,Male,,,
24485,,55,Male,,,
24486,,47,Female,,,
24487,,74,Male,,,
24488,,39,Female,,,
24489,,52,Male,,,
24490,,36,Male,,,
24491,,28,Female,,,
24492,,55,Male,,,
24493,,69,Male,,,
24494,,22,Other,,,
24495,,16,Female,,,
24496,,25,Female,,,
24497,,62,Other,,,
24498,,71,Male,,,
24499,,76,Male,,,
24500,,11,Male,,,
24501,,47,Male,,,
24502,,41,Female,,,
24503,,69,Male,,,
24504,,12,Female,,,
24505,,71,Other,,,
24506,,61,Male,,,
24507,,38,Male,,,
24508,,19,Other,,,
24509,,16,Male,,,
24510,,14,Female,,,
24511,,73,Other,,,
24512,,26,Female,,,
24513,,29,Male,,,
24514,,72,Female,,,
24515,,45,Female,,,
24516,,20,Other,,,
24517,,64,Other,,,
24518,,62,Other,,,
24519,,63,Female,,,
24520,,51,Male,,,
24521,,65,Female,,,
24522,,42,Female,,,
24523,,10,Female,,,
24524,,63,Female,,,
24525,,53,Male,,,
24526,,20,Other,,,
24527,,67,Male,,,
24528,,56,Female,,,
24529,,10,Female,,,
24530,,79,Female,,,
24531,,71,Female,,,
24532,,34,Other,,,
24533,,43,Female,,,
24534,,57,Male,,,
24535,,69,Female,,,
24536,,47,Other,,,
24537,,45,Other,,,
24538,,72,Female,,,
24539,,37,Other,,,
24540,,62,Male,,,
24541,,58,Female,,,
24542,,37,Other,,,
24543,,59,Other,,,
24544,,69,Other,,,
24545,,49,Other,,,
24546,,51,Male,,,
24547,,45,Male,,,
24548,,37,Male,,,
24549,,37,Male,,,
24550,,52,Male,,,
24551,,60,Female,,,
24552,,62,Other,,,
24553,,46,Male,,,
24554,,61,Female,,,
24555,,36,Female,,,
24556,,70,Male,,,
24557,,63,Other,,,
24558,,46,Male,,,
24559,,19,Female,,,
24560,,40,Male,,,
24561,,51,Female,,,
24562,,52,Other,,,
24563,,66,Other,,,
24564,,35,Male,,,
24565,,62,Other,,,
24566,,51,Female,,,
24567,,65,Male,,,
24568,,22,Male,,,
24569,,13,Male,,,
24570,,54,Male,,,
24571,,41,Other,,,
24572,,56,Other,,,
24573,,70,Male,,,
24574,,39,Female,,,
24575,,75,Female,,,
24576,,46,Male,,,
24577,,74,Female,,,
24578,,74,Other,,,
24579,,61,Male,,,
24580,,61,Female,,,
24581,,56,Male,,,
24582,,51,Male,,,
24583,,11,Male,,,
24584,,55,Other,,,
24585,,14,Female,,,
24586,,32,Female,,,
24587,,22,Male,,,
24588,,42,Other,,,
24589,,39,Other,,,
24590,,68,Other,,,
24591,,26,Male,,,
24592,,49,Male,,,
24593,,49,Male,,,
24594,,69,Male,,,
24595,,33,Male,,,
24596,,10,Female,,,
24597,,60,Female,,,
24598,,51,Male,,,
24599,,23,Other,,,
24600,,78,Female,,,
24601,,40,Male,,,
24602,,76,Other,,,
24603,,20,Male,,,
24604,,11,Female,,,
24605,,58,Male,,,
24606,,57,Other,,,
24607,,42,Male,,,
24608,,48,Other,,,
24609,,17,Male,,,
24610,,37,Male,,,
24611,,31,Other,,,
24612,,20,Male,,,
24613,,18,Other,,,
24614,,51,Female,,,
24615,,30,Female,,,
24616,,59,Male,,,
24617,,31,Other,,,
24618,,35,Other,,,
24619,,64,Male,,,
24620,,20,Other,,,
24621,,41,Male,,,
24622,,57,Other,,,
24623,,47,Male,,,
24624,,61,Other,,,
24625,,34,Other,,,
24626,,47,Other,,,
24627,,61,Male,,,
24628,,77,Female,,,
24629,,28,Male,,,
24630,,43,Other,,,
24631,,50,Male,,,
24632,,26,Female,,,
24633,,60,Female,,,
24634,,15,Male,,,
24635,,68,Female,,,
24636,,65,Other,,,
24637,,38,Female,,,
24638,,21,Female,,,
24639,,43,Other,,,
24640,,14,Other,,,
24641,,70,Other,,,
24642,,70,Female,,,
24643,,54,Other,,,
24644,,54,Male,,,
24645,,10,Male,,,
24646,,29,Female,,,
24647,,45,Male,,,
24648,,77,Male,,,
24649,,13,Male,,,
24650,,20,Male,,,
24651,,74,Other,,,
24652,,61,Other,,,
24653,,36,Female,,,
24654,,77,Other,,,
24655,,27,Female,,,
24656,,35,Female,,,
24657,,50,Other,,,
24658,,25,Male,,,
24659,,55,Male,,,
24660,,21,Male,,,
24661,,10,Male,,,
24662,,53,Male,,,
24663,,16,Male,,,
24664,,35,Male,,,
24665,,79,Female,,,
24666,,67,Other,,,
24667,,42,Male,,,
24668,,40,Female,,,
24669,,42,Male,,,
24670,,48,Other,,,
24671,,69,Male,,,
24672,,67,Male,,,
24673,,37,Female,,,
24674,,41,Other,,,
24675,,74,Male,,,
24676,,51,Other,,,
24677,,10,Other,,,
24678,,54,Female,,,
24679,,53,Female,,,
24680,,54,Other,,,
24681,,79,Other,,,
24682,,50,Other,,,
24683,,58,Female,,,
24684,,72,Female,,,
24685,,26,Female,,,
24686,,74,Male,,,
24687,,27,Female,,,
24688,,31,Female,,,
24689,,60,Female,,,
24690,,33,Other,,,
24691,,23,Male,,,
24692,,35,Male,,,
24693,,46,Female,,,
24694,,32,Female,,,
24695,,44,Female,,,
24696,,26,Female,,,
24697,,75,Female,,,
24698,,72,Female,,,
24699,,20,Female,,,
24700,,54,Female,,,
24701,,20,Male,,,
24702,,22,Male,,,
24703,,40,Other,,,
24704,,74,Female,,,
24705,,39,Female,,,
24706,,36,Other,,,
24707,,47,Female,,,
24708,,25,Female,,,
24709,,79,Female,,,
24710,,28,Female,,,
24711,,36,Male,,,
24712,,13,Female,,,
24713,,36,Other,,,
24714,,64,Male,,,
24715,,36,Other,,,
24716,,47,Female,,,
24717,,78,Other,,,
24718,,43,Other,,,
24719,,43,Other,,,
24720,,49,Female,,,
24721,,75,Female,,,
24722,,38,Other,,,
24723,,52,Male,,,
24724,,16,Other,,,
24725,,77,Other,,,
24726,,73,Other,,,
24727,,70,Female,,,
24728,,57,Male,,,
24729,,60,Other,,,
24730,,38,Female,,,
24731,,79,Other,,,
24732,,11,Other,,,
24733,,69,Male,,,
24734,,24,Female,,,
24735,,51,Female,,,
24736,,36,Female,,,
24737,,19,Female,,,
24738,,60,Other,,,
24739,,10,Other,,,
24740,,77,Other,,,
24741,,43,Other,,,
24742,,50,Other,,,
24743,,73,Other,,,
24744,,33,Female,,,
24745,,41,Male,,,
24746,,33,Male,,,
24747,,77,Female,,,
24748,,26,Male,,,
24749,,74,Other,,,
24750,,50,Female,,,
24751,,23,Male,,,
24752,,70,Male,,,
24753,,31,Female,,,
24754,,79,Other,,,
24755,,17,Other,,,
24756,,68,Male,,,
24757,,20,Female,,,
24758,,32,Other,,,
24759,,72,Female,,,
24760,,22,Other,,,
24761,,43,Other,,,
24762,,69,Male,,,
24763,,60,Other,,,
24764,,46,Female,,,
24765,,13,Female,,,
24766,,28,Other,,,
24767,,27,Other,,,
24768,,55,Male,,,
24769,,65,Female,,,
24770,,20,Female,,,
24771,,12,Female,,,
24772,,27,Male,,,
24773,,17,Other,,,
24774,,74,Other,,,
24775,,33,Female,,,
24776,,52,Male,,,
24777,,63,Male,,,
24778,,36,Female,,,
24779,,10,Female,,,
24780,,36,Other,,,
24781,,34,Other,,,
24782,,65,Other,,,
24783,,58,Female,,,
24784,,76,Male,,,
24785,,69,Male,,,
24786,,21,Other,,,
24787,,19,Male,,,
24788,,70,Female,,,
24789,,69,Male,,,
24790,,32,Male,,,
24791,,59,Other,,,
24792,,49,Female,,,
24793,,36,Male,,,
24794,,60,Male,,,
24795,,16,Other,,,
24796,,37,Female,,,
24797,,29,Male,,,
24798,,46,Other,,,
24799,,26,Female,,,
24800,,48,Male,,,
24801,,24,Male,,,
24802,,67,Male,,,
24803,,38,Female,,,
24804,,24,Male,,,
24805,,78,Male,,,
24806,,56,Other,,,
24807,,76,Other,,,
24808,,26,Female,,,
24809,,18,Male,,,
24810,,64,Other,,,
24811,,42,Female,,,
24812,,15,Female,,,
24813,,13,Other,,,
24814,,78,Male,,,
24815,,62,Other,,,
24816,,32,Other,,,
24817,,50,Other,,,
24818,,75,Female,,,
24819,,39,Female,,,
24820,,56,Female,,,
24821,,12,Male,,,
24822,,58,Male,,,
24823,,24,Female,,,
24824,,75,Other,,,
24825,,35,Male,,,
24826,,62,Female,,,
24827,,16,Other,,,
24828,,56,Female,,,
24829,,51,Female,,,
24830,,66,Female,,,
24831,,66,Male,,,
24832,,42,Other,,,
24833,,15,Female,,,
24834,,21,Male,,,
24835,,29,Male,,,
24836,,12,Female,,,
24837,,75,Female,,,
24838,,32,Male,,,
24839,,49,Female,,,
24840,,65,Other,,,
24841,,73,Other,,,
24842,,46,Male,,,
24843,,77,Female,,,
24844,,20,Male,,,
24845,,20,Male,,,
24846,,17,Female,,,
24847,,17,Other,,,
24848,,60,Female,,,
24849,,55,Male,,,
24850,,46,Male,,,
24851,,57,Female,,,
24852,,38,Female,,,
24853,,31,Other,,,
24854,,40,Female,,,
24855,,76,Female,,,
24856,,11,Male,,,
24857,,38,Other,,,
24858,,67,Other,,,
24859,,28,Female,,,
24860,,40,Other,,,
24861,,51,Other,,,
24862,,68,Female,,,
24863,,54,Other,,,
24864,,45,Other,,,
24865,,12,Female,,,
24866,,58,Other,,,
24867,,26,Male,,,
24868,,40,Female,,,
24869,,74,Male,,,
24870,,13,Other,,,
24871,,14,Female,,,
24872,,25,Male,,,
24873,,22,Other,,,
24874,,13,Other,,,
24875,,59,Male,,,
24876,,64,Male,,,
24877,,60,Other,,,
24878,,47,Male,,,
24879,,76,Other,,,
24880,,22,Other,,,
24881,,12,Male,,,
24882,,66,Other,,,
24883,,48,Female,,,
24884,,36,Female,,,
24885,,15,Female,,,
24886,,70,Female,,,
24887,,58,Male,,,
24888,,24,Other,,,
24889,,59,Female,,,
24890,,42,Female,,,
24891,,38,Other,,,
24892,,38,Other,,,
24893,,71,Male,,,
24894,,70,Female,,,
24895,,31,Male,,,
24896,,22,Female,,,
24897,,75,Male,,,
24898,,79,Other,,,
24899,,54,Other,,,
24900,,10,Male,,,
24901,,30,Other,,,
24902,,45,Male,,,
24903,,52,Male,,,
24904,,39,Other,,,
24905,,54,Other,,,
24906,,76,Male,,,
24907,,40,Male,,,
24908,,27,Male,,,
24909,,42,Male,,,
24910,,66,Other,,,
24911,,27,Male,,,
24912,,43,Male,,,
24913,,17,Other,,,
24914,,60,Male,,,
24915,,20,Other,,,
24916,,70,Male,,,
24917,,12,Male,,,
24918,,42,Male,,,
24919,,40,Other,,,
24920,,55,Female,,,
24921,,25,Other,,,
24922,,25,Other,,,
24923,,62,Other,,,
24924,,40,Other,,,
24925,,57,Other,,,
24926,,18,Female,,,
24927,,47,Female,,,
24928,,23,Female,,,
24929,,63,Female,,,
24930,,68,Male,,,
24931,,35,Male,,,
24932,,18,Other,,,
24933,,14,Other,,,
24934,,45,Other,,,
24935,,20,Female,,,
24936,,72,Male,,,
24937,,65,Female,,,
24938,,33,Male,,,
24939,,36,Female,,,
24940,,28,Male,,,
24941,,22,Male,,,
24942,,19,Other,,,
24943,,57,Other,,,
24944,,43,Other,,,
24945,,57,Other,,,
24946,,74,Other,,,
24947,,44,Other,,,
24948,,23,Male,,,
24949,,59,Male,,,
24950,,51,Female,,,
24951,,70,Male,,,
24952,,62,Female,,,
24953,,21,Other,,,
24954,,53,Female,,,
24955,,22,Female,,,
24956,,52,Other,,,
24957,,22,Other,,,
24958,,56,Other,,,
24959,,43,Male,,,
24960,,46,Female,,,
24961,,36,Other,,,
24962,,24,Other,,,
24963,,35,Other,,,
24964,,79,Female,,,
24965,,58,Male,,,
24966,,33,Female,,,
24967,,33,Other,,,
24968,,45,Male,,,
24969,,32,Other,,,
24970,,71,Other,,,
24971,,54,Other,,,
24972,,78,Female,,,
24973,,11,Male,,,
24974,,77,Female,,,
24975,,69,Male,,,
24976,,26,Other,,,
24977,,10,Male,,,
24978,,39,Other,,,
24979,,53,Female,,,
24980,,63,Male,,,
24981,,67,Male,,,
24982,,51,Male,,,
24983,,23,Female,,,
24984,,46,Male,,,
24985,,29,Male,,,
24986,,11,Female,,,
24987,,26,Female,,,
24988,,34,Other,,,
24989,,78,Female,,,
24990,,24,Female,,,
24991,,70,Female,,,
24992,,76,Other,,,
24993,,23,Male,,,
24994,,69,Female,,,
24995,,26,Male,,,
24996,,26,Other,,,
24997,,31,Male,,,
24998,,49,Other,,,
24999,,16,Male,,,
25000,,60,Other,,,
25001,,21,Other,,,
25002,,73,Other,,,
25003,,38,Other,,,
25004,,31,Male,,,
25005,,25,Male,,,
25006,,78,Male,,,
25007,,31,Other,,,
25008,,31,Female,,,
25009,,48,Other,,,
25010,,56,Other,,,
25011,,58,Other,,,
25012,,47,Male,,,
25013,,47,Male,,,
25014,,36,Female,,,
25015,,21,Female,,,
25016,,46,Other,,,
25017,,46,Other,,,
25018,,74,Male,,,
25019,,27,Female,,,
25020,,66,Other,,,
25021,,77,Female,,,
25022,,71,Male,,,
25023,,37,Other,,,
25024,,70,Male,,,
25025,,52,Other,,,
25026,,45,Male,,,
25027,,22,Other,,,
25028,,13,Other,,,
25029,,63,Male,,,
25030,,27,Female,,,
25031,,55,Female,,,
25032,,65,Female,,,
25033,,21,Other,,,
25034,,10,Female,,,
25035,,71,Male,,,
25036,,23,Other,,,
25037,,68,Male,,,
25038,,55,Male,,,
25039,,23,Female,,,
25040,,56,Other,,,
25041,,60,Male,,,
25042,,70,Other,,,
25043,,72,Female,,,
25044,,79,Male,,,
25045,,78,Female,,,
25046,,51,Other,,,
25047,,28,Female,,,
25048,,12,Male,,,
25049,,64,Other,,,
25050,,12,Other,,,
25051,,39,Other,,,
25052,,52,Female,,,
25053,,45,Female,,,
25054,,27,Male,,,
25055,,46,Other,,,
25056,,58,Male,,,
25057,,54,Female,,,
25058,,60,Other,,,
25059,,20,Male,,,
25060,,10,Female,,,
25061,,74,Other,,,
25062,,10,Other,,,
25063,,42,Other,,,
25064,,52,Female,,,
25065,,47,Other,,,
25066,,51,Female,,,
25067,,30,Male,,,
25068,,17,Female,,,
25069,,10,Female,,,
25070,,31,Male,,,
25071,,66,Other,,,
25072,,46,Other,,,
25073,,52,Other,,,
25074,,14,Male,,,
25075,,27,Male,,,
25076,,73,Other,,,
25077,,47,Female,,,
25078,,43,Female,,,
25079,,11,Female,,,
25080,,17,Male,,,
25081,,44,Female,,,
25082,,41,Male,,,
25083,,37,Female,,,
25084,,41,Male,,,
25085,,78,Male,,,
25086,,66,Female,,,
25087,,22,Other,,,
25088,,46,Female,,,
25089,,72,Other,,,
25090,,78,Female,,,
25091,,33,Other,,,
25092,,24,Other,,,
25093,,18,Female,,,
25094,,17,Female,,,
25095,,61,Male,,,
25096,,63,Other,,,
25097,,64,Female,,,
25098,,54,Male,,,
25099,,33,Male,,,
25100,,79,Female,,,
25101,,29,Other,,,
25102,,15,Male,,,
25103,,42,Female,,,
25104,,51,Male,,,
25105,,29,Other,,,
25106,,33,Female,,,
25107,,26,Female,,,
25108,,38,Male,,,
25109,,26,Other,,,
25110,,78,Male,,,
25111,,16,Other,,,
25112,,27,Other,,,
25113,,17,Other,,,
25114,,53,Other,,,
25115,,24,Male,,,
25116,,41,Other,,,
25117,,59,Male,,,
25118,,45,Male,,,
25119,,18,Other,,,
25120,,11,Female,,,
25121,,25,Male,,,
25122,,43,Other,,,
25123,,40,Male,,,
25124,,72,Male,,,
25125,,19,Other,,,
25126,,75,Other,,,
25127,,26,Other,,,
25128,,78,Male,,,
25129,,62,Other,,,
25130,,15,Female,,,
25131,,60,Female,,,
25132,,59,Female,,,
25133,,79,Male,,,
25134,,19,Male,,,
25135,,61,Female,,,
25136,,21,Other,,,
25137,,19,Male,,,
25138,,79,Male,,,
25139,,24,Female,,,
25140,,10,Male,,,
25141,,56,Other,,,
25142,,66,Female,,,
25143,,50,Other,,,
25144,,12,Male,,,
25145,,10,Other,,,
25146,,20,Male,,,
25147,,13,Other,,,
25148,,19,Other,,,
25149,,73,Male,,,
25150,,17,Other,,,
25151,,27,Female,,,
25152,,65,Female,,,
25153,,63,Female,,,
25154,,30,Other,,,
25155,,56,Male,,,
25156,,51,Male,,,
25157,,15,Female,,,
25158,,57,Female,,,
25159,,24,Male,,,
25160,,62,Other,,,
25161,,52,Other,,,
25162,,64,Other,,,
25163,,62,Male,,,
25164,,61,Female,,,
25165,,78,Other,,,
25166,,11,Male,,,
25167,,50,Other,,,
25168,,42,Female,,,
25169,,13,Female,,,
25170,,60,Male,,,
25171,,68,Female,,,
25172,,23,Female,,,
25173,,37,Female,,,
25174,,30,Other,,,
25175,,34,Female,,,
25176,,72,Male,,,
25177,,29,Male,,,
25178,,31,Male,,,
25179,,66,Female,,,
25180,,77,Female,,,
25181,,54,Other,,,
25182,,51,Other,,,
25183,,49,Female,,,
25184,,49,Male,,,
25185,,77,Other,,,
25186,,36,Female,,,
25187,,65,Other,,,
25188,,71,Male,,,
25189,,79,Male,,,
25190,,17,Other,,,
25191,,65,Female,,,
25192,,20,Other,,,
25193,,68,Female,,,
25194,,37,Female,,,
25195,,73,Other,,,
25196,,76,Other,,,
25197,,21,Other,,,
25198,,52,Other,,,
25199,,10,Male,,,
25200,,73,Male,,,
25201,,78,Female,,,
25202,,69,Female,,,
25203,,23,Male,,,
25204,,37,Male,,,
25205,,41,Other,,,
25206,,40,Female,,,
25207,,34,Other,,,
25208,,57,Male,,,
25209,,12,Female,,,
25210,,10,Female,,,
25211,,43,Male,,,
25212,,73,Male,,,
25213,,13,Other,,,
25214,,77,Other,,,
25215,,29,Other,,,
25216,,64,Female,,,
25217,,41,Other,,,
25218,,55,Female,,,
25219,,57,Female,,,
25220,,22,Other,,,
25221,,34,Female,,,
25222,,68,Male,,,
25223,,10,Male,,,
25224,,54,Other,,,
25225,,26,Female,,,
25226,,12,Other,,,
25227,,30,Other,,,
25228,,67,Female,,,
25229,,38,Female,,,
25230,,67,Female,,,
25231,,39,Other,,,
25232,,50,Female,,,
25233,,42,Male,,,
25234,,69,Other,,,
25235,,47,Other,,,
25236,,35,Other,,,
25237,,67,Female,,,
25238,,43,Other,,,
25239,,10,Female,,,
25240,,30,Female,,,
25241,,77,Other,,,
25242,,79,Other,,,
25243,,19,Female,,,
25244,,69,Male,,,
25245,,55,Male,,,
25246,,23,Male,,,
25247,,72,Male,,,
25248,,78,Other,,,
25249,,43,Female,,,
25250,,27,Male,,,
25251,,34,Female,,,
25252,,19,Other,,,
25253,,21,Female,,,
25254,,40,Female,,,
25255,,17,Female,,,
25256,,61,Female,,,
25257,,34,Other,,,
25258,,79,Female,,,
25259,,71,Female,,,
25260,,11,Other,,,
25261,,70,Male,,,
25262,,14,Male,,,
25263,,23,Male,,,
25264,,24,Female,,,
25265,,61,Other,,,
25266,,22,Male,,,
25267,,39,Female,,,
25268,,73,Other,,,
25269,,73,Female,,,
25270,,39,Other,,,
25271,,18,Female,,,
25272,,52,Female,,,
25273,,79,Female,,,
25274,,53,Female,,,
25275,,66,Other,,,
25276,,63,Female,,,
25277,,74,Other,,,
25278,,42,Male,,,
25279,,48,Female,,,
25280,,16,Female,,,
25281,,56,Other,,,
25282,,24,Other,,,
25283,,36,Female,,,
25284,,23,Female,,,
25285,,46,Other,,,
25286,,52,Female,,,
25287,,23,Male,,,
25288,,18,Female,,,
25289,,55,Other,,,
25290,,18,Male,,,
25291,,39,Male,,,
25292,,77,Other,,,
25293,,31,Other,,,
25294,,12,Male,,,
25295,,62,Male,,,
25296,,33,Other,,,
25297,,40,Female,,,
25298,,43,Other,,,
25299,,56,Female,,,
25300,,57,Female,,,
25301,,34,Male,,,
25302,,60,Other,,,
25303,,77,Other,,,
25304,,32,Other,,,
25305,,66,Female,,,
25306,,57,Male,,,
25307,,39,Male,,,
25308,,48,Other,,,
25309,,44,Other,,,
25310,,69,Other,,,
25311,,40,Other,,,
25312,,67,Other,,,
25313,,45,Other,,,
25314,,14,Female,,,
25315,,46,Male,,,
25316,,23,Female,,,
25317,,15,Male,,,
25318,,60,Other,,,
25319,,75,Male,,,
25320,,51,Other,,,
25321,,59,Female,,,
25322,,18,Female,,,
25323,,36,Female,,,
25324,,49,Male,,,
25325,,30,Male,,,
25326,,73,Other,,,
25327,,66,Male,,,
25328,,67,Male,,,
25329,,69,Male,,,
25330,,37,Male,,,
25331,,10,Female,,,
25332,,48,Other,,,
25333,,77,Male,,,
25334,,33,Female,,,
25335,,30,Other,,,
25336,,16,Female,,,
25337,,36,Female,,,
25338,,46,Other,,,
25339,,52,Male,,,
25340,,15,Female,,,
25341,,46,Other,,,
25342,,61,Male,,,
25343,,31,Male,,,
25344,,60,Female,,,
25345,,51,Other,,,
25346,,30,Other,,,
25347,,67,Other,,,
25348,,65,Female,,,
25349,,33,Other,,,
25350,,31,Male,,,
25351,,31,Female,,,
25352,,54,Other,,,
25353,,26,Male,,,
25354,,64,Female,,,
25355,,58,Other,,,
25356,,47,Male,,,
25357,,67,Female,,,
25358,,77,Female,,,
25359,,13,Other,,,
25360,,71,Male,,,
25361,,16,Male,,,
25362,,20,Other,,,
25363,,39,Male,,,
25364,,51,Other,,,
25365,,33,Male,,,
25366,,20,Other,,,
25367,,39,Other,,,
25368,,52,Female,,,
25369,,19,Female,,,
25370,,73,Other,,,
25371,,43,Male,,,
25372,,40,Female,,,
25373,,70,Male,,,
25374,,66,Female,,,
25375,,10,Female,,,
25376,,28,Male,,,
25377,,12,Female,,,
25378,,38,Female,,,
25379,,42,Other,,,
25380,,41,Other,,,
25381,,39,Other,,,
25382,,33,Other,,,
25383,,44,Other,,,
25384,,16,Female,,,
25385,,61,Other,,,
25386,,45,Female,,,
25387,,45,Other,,,
25388,,46,Male,,,
25389,,46,Male,,,
25390,,39,Male,,,
25391,,79,Other,,,
25392,,73,Other,,,
25393,,43,Other,,,
25394,,26,Other,,,
25395,,22,Other,,,
25396,,11,Female,,,
25397,,67,Female,,,
25398,,76,Other,,,
25399,,54,Other,,,
25400,,76,Female,,,
25401,,60,Female,,,
25402,,57,Male,,,
25403,,11,Male,,,
25404,,61,Male,,,
25405,,34,Other,,,
25406,,15,Other,,,
25407,,52,Other,,,
25408,,48,Male,,,
25409,,48,Other,,,
25410,,48,Other,,,
25411,,31,Male,,,
25412,,19,Female,,,
25413,,63,Other,,,
25414,,42,Female,,,
25415,,22,Male,,,
25416,,59,Female,,,
25417,,46,Other,,,
25418,,59,Other,,,
25419,,58,Female,,,
25420,,51,Female,,,
25421,,13,Other,,,
25422,,20,Other,,,
25423,,75,Other,,,
25424,,22,Female,,,
25425,,45,Female,,,
25426,,61,Male,,,
25427,,15,Other,,,
25428,,51,Male,,,
25429,,24,Female,,,
25430,,35,Other,,,
25431,,38,Male,,,
25432,,47,Other,,,
25433,,13,Female,,,
25434,,46,Male,,,
25435,,14,Male,,,
25436,,71,Male,,,
25437,,34,Male,,,
25438,,61,Male,,,
25439,,35,Male,,,
25440,,20,Female,,,
25441,,79,Other,,,
25442,,28,Male,,,
25443,,35,Male,,,
25444,,39,Male,,,
25445,,50,Other,,,
25446,,35,Male,,,
25447,,60,Female,,,
25448,,54,Other,,,
25449,,39,Female,,,
25450,,29,Other,,,
25451,,19,Other,,,
25452,,39,Other,,,
25453,,49,Male,,,
25454,,68,Female,,,
25455,,15,Female,,,
25456,,12,Other,,,
25457,,78,Other,,,
25458,,50,Other,,,
25459,,15,Female,,,
25460,,37,Other,,,
25461,,54,Male,,,
25462,,64,Female,,,
25463,,36,Male,,,
25464,,79,Other,,,
25465,,47,Female,,,
25466,,38,Male,,,
25467,,43,Female,,,
25468,,46,Male,,,
25469,,66,Female,,,
25470,,78,Male,,,
25471,,78,Other,,,
25472,,33,Other,,,
25473,,45,Male,,,
25474,,47,Other,,,
25475,,55,Female,,,
25476,,18,Other,,,
25477,,38,Other,,,
25478,,38,Female,,,
25479,,17,Female,,,
25480,,47,Female,,,
25481,,47,Other,,,
25482,,55,Other,,,
25483,,36,Female,,,
25484,,47,Female,,,
25485,,28,Other,,,
25486,,78,Male,,,
25487,,15,Other,,,
25488,,28,Other,,,
25489,,61,Male,,,
25490,,22,Male,,,
25491,,78,Male,,,
25492,,25,Other,,,
25493,,59,Female,,,
25494,,47,Male,,,
25495,,29,Female,,,
25496,,72,Female,,,
25497,,28,Male,,,
25498,,41,Male,,,
25499,,49,Male,,,
25500,,72,Other,,,
25501,,37,Male,,,
25502,,39,Male,,,
25503,,75,Male,,,
25504,,42,Other,,,
25505,,12,Other,,,
25506,,43,Other,,,
25507,,69,Male,,,
25508,,79,Female,,,
25509,,11,Female,,,
25510,,77,Other,,,
25511,,35,Male,,,
25512,,41,Male,,,
25513,,30,Male,,,
25514,,23,Other,,,
25515,,22,Female,,,
25516,,76,Male,,,
25517,,46,Female,,,
25518,,40,Male,,,
25519,,36,Female,,,
25520,,19,Male,,,
25521,,13,Female,,,
25522,,40,Other,,,
25523,,10,Female,,,
25524,,55,Other,,,
25525,,26,Female,,,
25526,,72,Other,,,
25527,,20,Female,,,
25528,,23,Female,,,
25529,,28,Other,,,
25530,,28,Female,,,
25531,,14,Female,,,
25532,,35,Female,,,
25533,,46,Male,,,
25534,,13,Female,,,
25535,,42,Female,,,
25536,,69,Other,,,
25537,,55,Other,,,
25538,,58,Other,,,
25539,,67,Other,,,
25540,,26,Male,,,
25541,,44,Other,,,
25542,,19,Female,,,
25543,,23,Male,,,
25544,,31,Male,,,
25545,,69,Female,,,
25546,,28,Male,,,
25547,,50,Female,,,
25548,,31,Other,,,
25549,,28,Other,,,
25550,,74,Female,,,
25551,,26,Male,,,
25552,,30,Other,,,
25553,,45,Female,,,
25554,,65,Male,,,
25555,,27,Male,,,
25556,,17,Female,,,
25557,,58,Male,,,
25558,,48,Other,,,
25559,,73,Other,,,
25560,,25,Male,,,
25561,,15,Male,,,
25562,,59,Other,,,
25563,,50,Other,,,
25564,,60,Male,,,
25565,,47,Male,,,
25566,,58,Male,,,
25567,,75,Other,,,
25568,,71,Female,,,
25569,,37,Other,,,
25570,,17,Other,,,
25571,,59,Female,,,
25572,,10,Male,,,
25573,,40,Other,,,
25574,,51,Other,,,
25575,,63,Female,,,
25576,,45,Other,,,
25577,,49,Female,,,
25578,,44,Other,,,
25579,,23,Other,,,
25580,,58,Male,,,
25581,,75,Other,,,
25582,,78,Female,,,
25583,,63,Female,,,
25584,,30,Other,,,
25585,,78,Other,,,
25586,,70,Male,,,
25587,,19,Female,,,
25588,,33,Other,,,
25589,,15,Other,,,
25590,,77,Other,,,
25591,,63,Female,,,
25592,,37,Female,,,
25593,,78,Male,,,
25594,,26,Male,,,
25595,,35,Female,,,
25596,,12,Male,,,
25597,,15,Female,,,
25598,,38,Male,,,
25599,,69,Male,,,
25600,,46,Male,,,
25601,,11,Female,,,
25602,,71,Other,,,
25603,,24,Other,,,
25604,,22,Male,,,
25605,,27,Other,,,
25606,,37,Female,,,
25607,,57,Female,,,
25608,,23,Other,,,
25609,,32,Other,,,
25610,,19,Female,,,
25611,,31,Female,,,
25612,,68,Female,,,
25613,,64,Other,,,
25614,,16,Female,,,
25615,,38,Other,,,
25616,,44,Male,,,
25617,,48,Female,,,
25618,,44,Other,,,
25619,,61,Other,,,
25620,,15,Male,,,
25621,,64,Male,,,
25622,,79,Male,,,
25623,,68,Other,,,
25624,,31,Female,,,
25625,,67,Male,,,
25626,,69,Other,,,
25627,,77,Other,,,
25628,,38,Other,,,
25629,,64,Female,,,
25630,,27,Male,,,
25631,,61,Other,,,
25632,,69,Other,,,
25633,,25,Other,,,
25634,,13,Female,,,
25635,,27,Female,,,
25636,,58,Female,,,
25637,,68,Other,,,
25638,,40,Male,,,
25639,,26,Other,,,
25640,,24,Female,,,
25641,,64,Female,,,
25642,,44,Male,,,
25643,,28,Other,,,
25644,,29,Male,,,
25645,,34,Other,,,
25646,,11,Female,,,
25647,,62,Male,,,
25648,,43,Female,,,
25649,,60,Female,,,
25650,,43,Other,,,
25651,,54,Other,,,
25652,,21,Female,,,
25653,,38,Other,,,
25654,,34,Female,,,
25655,,33,Other,,,
25656,,69,Male,,,
25657,,59,Female,,,
25658,,32,Male,,,
25659,,62,Other,,,
25660,,43,Other,,,
25661,,33,Other,,,
25662,,17,Other,,,
25663,,11,Other,,,
25664,,30,Other,,,
25665,,23,Male,,,
25666,,13,Male,,,
25667,,44,Male,,,
25668,,78,Other,,,
25669,,58,Female,,,
25670,,76,Other,,,
25671,,28,Female,,,
25672,,53,Male,,,
25673,,37,Male,,,
25674,,46,Male,,,
25675,,64,Female,,,
25676,,57,Male,,,
25677,,52,Female,,,
25678,,75,Male,,,
25679,,39,Other,,,
25680,,24,Other,,,
25681,,21,Other,,,
25682,,68,Other,,,
25683,,77,Female,,,
25684,,37,Female,,,
25685,,28,Other,,,
25686,,57,Female,,,
25687,,39,Female,,,
25688,,50,Other,,,
25689,,30,Other,,,
25690,,46,Male,,,
25691,,52,Male,,,
25692,,52,Female,,,
25693,,55,Female,,,
25694,,18,Other,,,
25695,,60,Male,,,
25696,,74,Female,,,
25697,,50,Other,,,
25698,,45,Female,,,
25699,,25,Female,,,
25700,,26,Female,,,
25701,,56,Female,,,
25702,,74,Other,,,
25703,,76,Male,,,
25704,,77,Male,,,
25705,,35,Other,,,
25706,,34,Female,,,
25707,,55,Other,,,
25708,,56,Male,,,
25709,,29,Female,,,
25710,,73,Other,,,
25711,,75,Female,,,
25712,,54,Other,,,
25713,,11,Male,,,
25714,,62,Male,,,
25715,,67,Other,,,
25716,,43,Male,,,
25717,,30,Male,,,
25718,,18,Other,,,
25719,,63,Other,,,
25720,,11,Female,,,
25721,,30,Female,,,
25722,,32,Female,,,
25723,,45,Female,,,
25724,,26,Female,,,
25725,,23,Other,,,
25726,,62,Female,,,
25727,,18,Male,,,
25728,,31,Male,,,
25729,,47,Other,,,
25730,,28,Male,,,
25731,,46,Female,,,
25732,,48,Female,,,
25733,,63,Other,,,
25734,,71,Male,,,
25735,,14,Male,,,
25736,,10,Female,,,
25737,,76,Female,,,
25738,,51,Other,,,
25739,,10,Male,,,
25740,,10,Other,,,
25741,,65,Female,,,
25742,,75,Other,,,
25743,,68,Male,,,
25744,,27,Other,,,
25745,,34,Female,,,
25746,,66,Other,,,
25747,,44,Other,,,
25748,,40,Male,,,
25749,,22,Male,,,
25750,,47,Female,,,
25751,,32,Other,,,
25752,,42,Female,,,
25753,,22,Male,,,
25754,,23,Male,,,
25755,,33,Male,,,
25756,,63,Male,,,
25757,,36,Male,,,
25758,,65,Other,,,
25759,,73,Other,,,
25760,,66,Female,,,
25761,,24,Female,,,
25762,,12,Male,,,
25763,,73,Female,,,
25764,,69,Male,,,
25765,,40,Male,,,
25766,,20,Female,,,
25767,,73,Male,,,
25768,,48,Other,,,
25769,,18,Male,,,
25770,,62,Female,,,
25771,,54,Male,,,
25772,,15,Male,,,
25773,,27,Other,,,
25774,,19,Male,,,
25775,,74,Female,,,
25776,,12,Female,,,
25777,,12,Male,,,
25778,,58,Female,,,
25779,,10,Male,,,
25780,,67,Other,,,
25781,,11,Other,,,
25782,,59,Male,,,
25783,,45,Female,,,
25784,,51,Male,,,
25785,,26,Female,,,
25786,,59,Female,,,
25787,,13,Male,,,
25788,,34,Male,,,
25789,,23,Female,,,
25790,,22,Female,,,
25791,,44,Other,,,
25792,,11,Other,,,
25793,,25,Other,,,
25794,,11,Female,,,
25795,,78,Female,,,
25796,,46,Other,,,
25797,,20,Male,,,
25798,,20,Male,,,
25799,,19,Other,,,
25800,,56,Female,,,
25801,,42,Female,,,
25802,,12,Male,,,
25803,,34,Other,,,
25804,,71,Male,,,
25805,,66,Female,,,
25806,,35,Female,,,
25807,,39,Female,,,
25808,,21,Male,,,
25809,,47,Male,,,
25810,,66,Male,,,
25811,,55,Female,,,
25812,,51,Other,,,
25813,,34,Other,,,
25814,,21,Male,,,
25815,,75,Other,,,
25816,,39,Other,,,
25817,,60,Other,,,
25818,,71,Other,,,
25819,,64,Male,,,
25820,,61,Female,,,
25821,,17,Male,,,
25822,,76,Male,,,
25823,,48,Female,,,
25824,,31,Female,,,
25825,,18,Other,,,
25826,,50,Female,,,
25827,,58,Female,,,
25828,,15,Other,,,
25829,,52,Female,,,
25830,,73,Female,,,
25831,,48,Male,,,
25832,,19,Female,,,
25833,,42,Male,,,
25834,,51,Other,,,
25835,,19,Male,,,
25836,,19,Female,,,
25837,,63,Other,,,
25838,,71,Female,,,
25839,,16,Female,,,
25840,,26,Other,,,
25841,,25,Male,,,
25842,,47,Female,,,
25843,,72,Male,,,
25844,,42,Female,,,
25845,,58,Other,,,
25846,,17,Male,,,
25847,,15,Other,,,
25848,,27,Female,,,
25849,,36,Male,,,
25850,,14,Female,,,
25851,,15,Male,,,
25852,,50,Other,,,
25853,,10,Other,,,
25854,,70,Male,,,
25855,,47,Female,,,
25856,,76,Male,,,
25857,,44,Female,,,
25858,,60,Other,,,
25859,,42,Other,,,
25860,,50,Male,,,
25861,,30,Other,,,
25862,,45,Other,,,
25863,,39,Female,,,
25864,,14,Female,,,
25865,,38,Male,,,
25866,,63,Male,,,
25867,,70,Other,,,
25868,,52,Other,,,
25869,,18,Other,,,
25870,,33,Male,,,
25871,,27,Other,,,
25872,,27,Male,,,
25873,,30,Female,,,
25874,,27,Female,,,
25875,,39,Female,,,
25876,,37,Other,,,
25877,,32,Female,,,
25878,,12,Other,,,
25879,,63,Male,,,
25880,,72,Other,,,
25881,,18,Female,,,
25882,,33,Other,,,
25883,,67,Male,,,
25884,,54,Female,,,
25885,,23,Male,,,
25886,,12,Male,,,
25887,,61,Female,,,
25888,,12,Female,,,
25889,,60,Other,,,
25890,,55,Other,,,
25891,,36,Other,,,
25892,,50,Other,,,
25893,,27,Female,,,
25894,,23,Male,,,
25895,,45,Male,,,
25896,,37,Male,,,
25897,,40,Other,,,
25898,,22,Female,,,
25899,,13,Male,,,
25900,,37,Male,,,
25901,,35,Other,,,
25902,,12,Female,,,
25903,,36,Female,,,
25904,,16,Male,,,
25905,,34,Female,,,
25906,,52,Other,,,
25907,,57,Male,,,
25908,,41,Other,,,
25909,,43,Female,,,
25910,,23,Female,,,
25911,,45,Female,,,
25912,,44,Male,,,
25913,,71,Male,,,
25914,,49,Other,,,
25915,,38,Other,,,
25916,,63,Female,,,
25917,,74,Male,,,
25918,,11,Female,,,
25919,,40,Female,,,
25920,,29,Other,,,
25921,,54,Other,,,
25922,,23,Other,,,
25923,,72,Other,,,
25924,,75,Other,,,
25925,,30,Male,,,
25926,,60,Female,,,
25927,,68,Other,,,
25928,,46,Female,,,
25929,,39,Female,,,
25930,,64,Other,,,
25931,,24,Female,,,
25932,,44,Male,,,
25933,,62,Male,,,
25934,,12,Male,,,
25935,,14,Female,,,
25936,,47,Female,,,
25937,,61,Female,,,
25938,,68,Other,,,
25939,,78,Female,,,
25940,,64,Female,,,
25941,,23,Other,,,
25942,,79,Female,,,
25943,,66,Other,,,
25944,,74,Other,,,
25945,,19,Female,,,
25946,,58,Other,,,
25947,,52,Male,,,
25948,,63,Other,,,
25949,,79,Male,,,
25950,,67,Female,,,
25951,,30,Female,,,
25952,,66,Male,,,
25953,,53,Other,,,
25954,,14,Other,,,
25955,,43,Female,,,
25956,,56,Female,,,
25957,,67,Female,,,
25958,,44,Other,,,
25959,,13,Male,,,
25960,,58,Male,,,
25961,,61,Other,,,
25962,,60,Other,,,
25963,,73,Female,,,
25964,,44,Female,,,
25965,,16,Male,,,
25966,,35,Male,,,
25967,,63,Male,,,
25968,,32,Other,,,
25969,,34,Male,,,
25970,,24,Male,,,
25971,,74,Male,,,
25972,,40,Female,,,
25973,,42,Female,,,
25974,,14,Female,,,
25975,,62,Female,,,
25976,,66,Other,,,
25977,,44,Female,,,
25978,,42,Male,,,
25979,,76,Male,,,
25980,,56,Female,,,
25981,,35,Other,,,
25982,,25,Female,,,
25983,,57,Other,,,
25984,,18,Other,,,
25985,,61,Other,,,
25986,,57,Male,,,
25987,,45,Other,,,
25988,,21,Other,,,
25989,,78,Other,,,
25990,,44,Female,,,
25991,,29,Male,,,
25992,,48,Male,,,
25993,,22,Male,,,
25994,,24,Other,,,
25995,,34,Male,,,
25996,,46,Female,,,
25997,,79,Male,,,
25998,,55,Other,,,
25999,,68,Other,,,
26000,,76,Male,,,
26001,,40,Male,,,
26002,,78,Male,,,
26003,,21,Female,,,
26004,,37,Other,,,
26005,,12,Other,,,
26006,,49,Male,,,
26007,,68,Male,,,
26008,,11,Other,,,
26009,,54,Male,,,
26010,,56,Male,,,
26011,,53,Male,,,
26012,,10,Other,,,
26013,,34,Other,,,
26014,,75,Male,,,
26015,,74,Other,,,
26016,,53,Other,,,
26017,,47,Other,,,
26018,,56,Female,,,
26019,,34,Female,,,
26020,,18,Male,,,
26021,,11,Female,,,
26022,,22,Male,,,
26023,,12,Female,,,
26024,,64,Female,,,
26025,,53,Male,,,
26026,,41,Other,,,
26027,,52,Male,,,
26028,,19,Male,,,
26029,,41,Male,,,
26030,,15,Other,,,
26031,,76,Male,,,
26032,,12,Male,,,
26033,,16,Female,,,
26034,,26,Other,,,
26035,,68,Other,,,
26036,,57,Female,,,
26037,,54,Other,,,
26038,,56,Other,,,
26039,,51,Female,,,
26040,,24,Female,,,
26041,,56,Male,,,
26042,,19,Male,,,
26043,,19,Female,,,
26044,,73,Other,,,
26045,,72,Female,,,
26046,,25,Other,,,
26047,,25,Other,,,
26048,,12,Male,,,
26049,,75,Male,,,
26050,,29,Male,,,
26051,,21,Male,,,
26052,,34,Male,,,
26053,,10,Male,,,
26054,,69,Female,,,
26055,,71,Other,,,
26056,,10,Male,,,
26057,,72,Female,,,
26058,,37,Other,,,
26059,,73,Male,,,
26060,,42,Female,,,
26061,,50,Other,,,
26062,,73,Other,,,
26063,,44,Female,,,
26064,,43,Female,,,
26065,,54,Other,,,
26066,,60,Male,,,
26067,,26,Female,,,
26068,,77,Other,,,
26069,,38,Other,,,
26070,,72,Other,,,
26071,,56,Male,,,
26072,,65,Other,,,
26073,,44,Male,,,
26074,,70,Other,,,
26075,,49,Female,,,
26076,,36,Other,,,
26077,,32,Other,,,
26078,,74,Male,,,
26079,,30,Male,,,
26080,,32,Other,,,
26081,,12,Other,,,
26082,,76,Male,,,
26083,,51,Male,,,
26084,,74,Male,,,
26085,,73,Female,,,
26086,,58,Male,,,
26087,,22,Female,,,
26088,,42,Other,,,
26089,,72,Other,,,
26090,,56,Other,,,
26091,,76,Female,,,
26092,,23,Female,,,
26093,,12,Female,,,
26094,,73,Female,,,
26095,,68,Female,,,
26096,,26,Other,,,
26097,,34,Female,,,
26098,,63,Male,,,
26099,,59,Other,,,
26100,,64,Female,,,
26101,,14,Female,,,
26102,,35,Male,,,
26103,,75,Other,,,
26104,,48,Male,,,
26105,,50,Female,,,
26106,,65,Male,,,
26107,,45,Female,,,
26108,,21,Female,,,
26109,,57,Male,,,
26110,,37,Female,,,
26111,,75,Male,,,
26112,,32,Other,,,
26113,,18,Male,,,
26114,,17,Other,,,
26115,,42,Female,,,
26116,,14,Female,,,
26117,,19,Male,,,
26118,,63,Male,,,
26119,,41,Male,,,
26120,,53,Female,,,
26121,,10,Other,,,
26122,,57,Female,,,
26123,,22,Male,,,
26124,,64,Female,,,
26125,,73,Male,,,
26126,,49,Female,,,
26127,,35,Male,,,
26128,,70,Female,,,
26129,,37,Female,,,
26130,,40,Other,,,
26131,,55,Male,,,
26132,,47,Female,,,
26133,,54,Male,,,
26134,,64,Male,,,
26135,,67,Male,,,
26136,,78,Male,,,
26137,,76,Female,,,
26138,,47,Other,,,
26139,,37,Male,,,
26140,,63,Other,,,
26141,,46,Female,,,
26142,,78,Other,,,
26143,,58,Male,,,
26144,,53,Male,,,
26145,,72,Other,,,
26146,,73,Male,,,
26147,,26,Male,,,
26148,,55,Male,,,
26149,,13,Female,,,
26150,,11,Female,,,
26151,,11,Male,,,
26152,,20,Male,,,
26153,,67,Other,,,
26154,,60,Male,,,
26155,,24,Female,,,
26156,,77,Male,,,
26157,,22,Female,,,
26158,,61,Other,,,
26159,,79,Female,,,
26160,,27,Other,,,
26161,,69,Male,,,
26162,,75,Other,,,
26163,,45,Other,,,
26164,,36,Female,,,
26165,,31,Male,,,
26166,,11,Other,,,
26167,,15,Male,,,
26168,,32,Female,,,
26169,,39,Female,,,
26170,,12,Female,,,
26171,,72,Female,,,
26172,,51,Female,,,
26173,,17,Other,,,
26174,,54,Female,,,
26175,,42,Other,,,
26176,,49,Male,,,
26177,,16,Female,,,
26178,,24,Female,,,
26179,,54,Other,,,
26180,,12,Other,,,
26181,,53,Female,,,
26182,,78,Female,,,
26183,,16,Other,,,
26184,,49,Male,,,
26185,,29,Male,,,
26186,,45,Female,,,
26187,,55,Other,,,
26188,,34,Female,,,
26189,,66,Female,,,
26190,,74,Other,,,
26191,,46,Female,,,
26192,,40,Male,,,
26193,,13,Male,,,
26194,,40,Male,,,
26195,,56,Other,,,
26196,,46,Other,,,
26197,,59,Female,,,
26198,,48,Female,,,
26199,,49,Male,,,
26200,,27,Male,,,
26201,,57,Male,,,
26202,,67,Other,,,
26203,,17,Male,,,
26204,,71,Female,,,
26205,,14,Other,,,
26206,,62,Male,,,
26207,,74,Male,,,
26208,,79,Other,,,
26209,,25,Female,,,
26210,,63,Other,,,
26211,,31,Other,,,
26212,,53,Other,,,
26213,,13,Female,,,
26214,,69,Male,,,
26215,,24,Female,,,
26216,,36,Other,,,
26217,,57,Female,,,
26218,,28,Male,,,
26219,,49,Male,,,
26220,,13,Other,,,
26221,,13,Other,,,
26222,,34,Male,,,
26223,,15,Male,,,
26224,,59,Female,,,
26225,,71,Female,,,
26226,,61,Male,,,
26227,,33,Male,,,
26228,,78,Male,,,
26229,,17,Female,,,
26230,,41,Male,,,
26231,,20,Other,,,
26232,,75,Male,,,
26233,,49,Female,,,
26234,,17,Other,,,
26235,,23,Female,,,
26236,,78,Female,,,
26237,,72,Other,,,
26238,,72,Other,,,
26239,,52,Other,,,
26240,,71,Other,,,
26241,,48,Male,,,
26242,,78,Female,,,
26243,,10,Male,,,
26244,,35,Male,,,
26245,,45,Male,,,
26246,,76,Other,,,
26247,,17,Male,,,
26248,,45,Other,,,
26249,,33,Male,,,
26250,,40,Female,,,
26251,,46,Female,,,
26252,,60,Male,,,
26253,,35,Other,,,
26254,,60,Female,,,
26255,,18,Male,,,
26256,,25,Other,,,
26257,,11,Female,,,
26258,,79,Other,,,
26259,,42,Female,,,
26260,,36,Female,,,
26261,,55,Male,,,
26262,,10,Other,,,
26263,,16,Male,,,
26264,,64,Other,,,
26265,,61,Other,,,
26266,,20,Male,,,
26267,,42,Female,,,
26268,,79,Female,,,
26269,,20,Female,,,
26270,,50,Other,,,
26271,,51,Male,,,
26272,,25,Other,,,
26273,,20,Male,,,
26274,,37,Other,,,
26275,,37,Female,,,
26276,,42,Male,,,
26277,,11,Other,,,
26278,,37,Male,,,
26279,,51,Other,,,
26280,,24,Other,,,
26281,,54,Other,,,
26282,,40,Female,,,
26283,,45,Other,,,
26284,,19,Female,,,
26285,,44,Male,,,
26286,,72,Other,,,
26287,,64,Female,,,
26288,,11,Female,,,
26289,,53,Male,,,
26290,,37,Male,,,
26291,,72,Male,,,
26292,,79,Male,,,
26293,,62,Other,,,
26294,,69,Male,,,
26295,,64,Other,,,
26296,,75,Male,,,
26297,,76,Male,,,
26298,,30,Female,,,
26299,,42,Male,,,
26300,,23,Male,,,
26301,,24,Other,,,
26302,,45,Female,,,
26303,,45,Female,,,
26304,,22,Male,,,
26305,,68,Female,,,
26306,,46,Male,,,
26307,,40,Male,,,
26308,,27,Male,,,
26309,,54,Female,,,
26310,,50,Female,,,
26311,,48,Other,,,
26312,,17,Other,,,
26313,,18,Female,,,
26314,,52,Male,,,
26315,,79,Female,,,
26316,,14,Other,,,
26317,,14,Male,,,
26318,,58,Female,,,
26319,,44,Female,,,
26320,,53,Male,,,
26321,,45,Other,,,
26322,,79,Male,,,
26323,,29,Female,,,
26324,,13,Other,,,
26325,,55,Female,,,
26326,,79,Female,,,
26327,,64,Other,,,
26328,,60,Female,,,
26329,,66,Female,,,
26330,,57,Other,,,
26331,,16,Female,,,
26332,,62,Other,,,
26333,,16,Female,,,
26334,,45,Female,,,
26335,,46,Male,,,
26336,,62,Other,,,
26337,,32,Female,,,
26338,,32,Male,,,
26339,,52,Male,,,
26340,,28,Other,,,
26341,,28,Other,,,
26342,,55,Male,,,
26343,,69,Female,,,
26344,,29,Other,,,
26345,,78,Other,,,
26346,,44,Male,,,
26347,,32,Male,,,
26348,,40,Female,,,
26349,,69,Female,,,
26350,,60,Other,,,
26351,,60,Other,,,
26352,,50,Female,,,
26353,,64,Female,,,
26354,,70,Male,,,
26355,,74,Male,,,
26356,,42,Other,,,
26357,,67,Male,,,
26358,,65,Other,,,
26359,,31,Male,,,
26360,,76,Female,,,
26361,,70,Other,,,
26362,,64,Male,,,
26363,,71,Male,,,
26364,,73,Female,,,
26365,,70,Male,,,
26366,,34,Other,,,
26367,,71,Male,,,
26368,,11,Other,,,
26369,,16,Other,,,
26370,,49,Male,,,
26371,,68,Male,,,
26372,,60,Female,,,
26373,,72,Female,,,
26374,,53,Male,,,
26375,,70,Female,,,
26376,,53,Other,,,
26377,,21,Male,,,
26378,,75,Female,,,
26379,,69,Other,,,
26380,,65,Male,,,
26381,,10,Female,,,
26382,,27,Female,,,
26383,,36,Female,,,
26384,,52,Male,,,
26385,,20,Female,,,
26386,,20,Female,,,
26387,,39,Other,,,
26388,,69,Female,,,
26389,,31,Female,,,
26390,,59,Female,,,
26391,,49,Other,,,
26392,,74,Male,,,
26393,,17,Other,,,
26394,,42,Other,,,
26395,,70,Female,,,
26396,,46,Male,,,
26397,,58,Female,,,
26398,,56,Other,,,
26399,,61,Male,,,
26400,,16,Male,,,
26401,,54,Male,,,
26402,,73,Male,,,
26403,,62,Other,,,
26404,,60,Other,,,
26405,,56,Male,,,
26406,,40,Male,,,
26407,,17,Male,,,
26408,,75,Female,,,
26409,,44,Other,,,
26410,,34,Female,,,
26411,,38,Male,,,
26412,,42,Female,,,
26413,,60,Female,,,
26414,,73,Male,,,
26415,,53,Male,,,
26416,,32,Other,,,
26417,,50,Female,,,
26418,,24,Other,,,
26419,,47,Female,,,
26420,,18,Male,,,
26421,,41,Other,,,
26422,,24,Male,,,
26423,,78,Male,,,
26424,,16,Other,,,
26425,,63,Female,,,
26426,,65,Male,,,
26427,,50,Other,,,
26428,,48,Male,,,
26429,,20,Other,,,
26430,,20,Other,,,
26431,,32,Other,,,
26432,,69,Other,,,
26433,,55,Male,,,
26434,,37,Male,,,
26435,,48,Other,,,
26436,,79,Male,,,
26437,,51,Other,,,
26438,,40,Female,,,
26439,,45,Male,,,
26440,,53,Other,,,
26441,,25,Male,,,
26442,,77,Other,,,
26443,,31,Male,,,
26444,,38,Female,,,
26445,,55,Female,,,
26446,,52,Male,,,
26447,,63,Other,,,
26448,,18,Other,,,
26449,,31,Female,,,
26450,,79,Other,,,
26451,,58,Male,,,
26452,,77,Other,,,
26453,,31,Male,,,
26454,,46,Other,,,
26455,,31,Female,,,
26456,,41,Other,,,
26457,,69,Other,,,
26458,,54,Female,,,
26459,,46,Female,,,
26460,,32,Male,,,
26461,,24,Other,,,
26462,,22,Other,,,
26463,,45,Other,,,
26464,,47,Male,,,
26465,,53,Other,,,
26466,,47,Female,,,
26467,,45,Other,,,
26468,,32,Male,,,
26469,,59,Male,,,
26470,,56,Other,,,
26471,,10,Other,,,
26472,,19,Other,,,
26473,,67,Other,,,
26474,,29,Other,,,
26475,,18,Female,,,
26476,,12,Male,,,
26477,,26,Male,,,
26478,,43,Male,,,
26479,,23,Other,,,
26480,,39,Other,,,
26481,,25,Female,,,
26482,,28,Female,,,
26483,,79,Other,,,
26484,,24,Other,,,
26485,,12,Male,,,
26486,,56,Female,,,
26487,,37,Male,,,
26488,,20,Male,,,
26489,,71,Male,,,
26490,,74,Male,,,
26491,,57,Male,,,
26492,,14,Other,,,
26493,,17,Other,,,
26494,,61,Other,,,
26495,,50,Other,,,
26496,,40,Other,,,
26497,,13,Male,,,
26498,,54,Male,,,
26499,,34,Male,,,
26500,,30,Female,,,
26501,,79,Other,,,
26502,,17,Female,,,
26503,,65,Female,,,
26504,,35,Other,,,
26505,,37,Female,,,
26506,,36,Male,,,
26507,,66,Male,,,
26508,,69,Female,,,
26509,,43,Male,,,
26510,,73,Male,,,
26511,,71,Female,,,
26512,,15,Female,,,
26513,,48,Female,,,
26514,,65,Female,,,
26515,,70,Other,,,
26516,,79,Male,,,
26517,,32,Other,,,
26518,,19,Other,,,
26519,,74,Female,,,
26520,,21,Female,,,
26521,,20,Other,,,
26522,,27,Male,,,
26523,,49,Male,,,
26524,,10,Male,,,
26525,,16,Male,,,
26526,,27,Other,,,
26527,,39,Female,,,
26528,,63,Female,,,
26529,,45,Male,,,
26530,,29,Female,,,
26531,,55,Female,,,
26532,,53,Male,,,
26533,,11,Other,,,
26534,,50,Female,,,
26535,,33,Other,,,
26536,,40,Male,,,
26537,,66,Male,,,
26538,,78,Female,,,
26539,,35,Female,,,
26540,,31,Male,,,
26541,,79,Male,,,
26542,,63,Female,,,
26543,,60,Female,,,
26544,,39,Female,,,
26545,,34,Other,,,
26546,,23,Male,,,
26547,,67,Other,,,
26548,,16,Male,,,
26549,,74,Male,,,
26550,,58,Male,,,
26551,,23,Male,,,
26552,,25,Female,,,
26553,,31,Other,,,
26554,,44,Female,,,
26555,,21,Other,,,
26556,,19,Other,,,
26557,,65,Female,,,
26558,,79,Male,,,
26559,,74,Male,,,
26560,,25,Female,,,
26561,,27,Other,,,
26562,,53,Male,,,
26563,,72,Other,,,
26564,,53,Female,,,
26565,,38,Male,,,
26566,,19,Other,,,
26567,,17,Male,,,
26568,,22,Female,,,
26569,,71,Male,,,
26570,,30,Male,,,
26571,,43,Other,,,
26572,,20,Other,,,
26573,,32,Female,,,
26574,,71,Other,,,
26575,,76,Other,,,
26576,,59,Female,,,
26577,,48,Other,,,
26578,,63,Female,,,
26579,,65,Other,,,
26580,,10,Female,,,
26581,,20,Male,,,
26582,,10,Male,,,
26583,,54,Other,,,
26584,,53,Female,,,
26585,,69,Male,,,
26586,,76,Female,,,
26587,,65,Female,,,
26588,,58,Female,,,
26589,,16,Other,,,
26590,,73,Male,,,
26591,,60,Other,,,
26592,,20,Male,,,
26593,,41,Male,,,
26594,,17,Other,,,
26595,,20,Female,,,
26596,,16,Female,,,
26597,,72,Other,,,
26598,,31,Female,,,
26599,,46,Other,,,
26600,,19,Other,,,
26601,,63,Other,,,
26602,,43,Male,,,
26603,,48,Other,,,
26604,,20,Other,,,
26605,,72,Other,,,
26606,,54,Female,,,
26607,,35,Other,,,
26608,,69,Female,,,
26609,,28,Male,,,
26610,,72,Female,,,
26611,,49,Other,,,
26612,,64,Male,,,
26613,,60,Female,,,
26614,,20,Other,,,
26615,,37,Female,,,
26616,,11,Male,,,
26617,,61,Male,,,
26618,,23,Male,,,
26619,,23,Male,,,
26620,,62,Male,,,
26621,,23,Male,,,
26622,,51,Other,,,
26623,,67,Male,,,
26624,,71,Female,,,
26625,,55,Other,,,
26626,,44,Male,,,
26627,,64,Male,,,
26628,,75,Male,,,
26629,,14,Female,,,
26630,,46,Other,,,
26631,,67,Other,,,
26632,,38,Female,,,
26633,,26,Other,,,
26634,,35,Other,,,
26635,,77,Other,,,
26636,,66,Other,,,
26637,,15,Female,,,
26638,,30,Male,,,
26639,,65,Female,,,
26640,,79,Female,,,
26641,,59,Male,,,
26642,,11,Female,,,
26643,,68,Female,,,
26644,,74,Other,,,
26645,,71,Male,,,
26646,,17,Other,,,
26647,,15,Other,,,
26648,,52,Female,,,
26649,,11,Other,,,
26650,,14,Male,,,
26651,,24,Female,,,
26652,,31,Male,,,
26653,,22,Male,,,
26654,,72,Other,,,
26655,,45,Other,,,
26656,,25,Female,,,
26657,,29,Other,,,
26658,,64,Other,,,
26659,,60,Female,,,
26660,,47,Other,,,
26661,,58,Female,,,
26662,,69,Male,,,
26663,,21,Female,,,
26664,,56,Female,,,
26665,,22,Male,,,
26666,,19,Male,,,
26667,,20,Other,,,
26668,,73,Other,,,
26669,,39,Female,,,
26670,,66,Other,,,
26671,,47,Male,,,
26672,,51,Other,,,
26673,,48,Other,,,
26674,,56,Other,,,
26675,,53,Male,,,
26676,,14,Male,,,
26677,,32,Female,,,
26678,,45,Female,,,
26679,,53,Other,,,
26680,,36,Other,,,
26681,,27,Male,,,
26682,,12,Other,,,
26683,,40,Other,,,
26684,,62,Female,,,
26685,,66,Other,,,
26686,,25,Other,,,
26687,,34,Male,,,
26688,,54,Other,,,
26689,,22,Female,,,
26690,,40,Other,,,
26691,,69,Male,,,
26692,,51,Female,,,
26693,,12,Other,,,
26694,,34,Other,,,
26695,,73,Female,,,
26696,,42,Male,,,
26697,,15,Female,,,
26698,,43,Male,,,
26699,,67,Male,,,
26700,,23,Female,,,
26701,,66,Male,,,
26702,,16,Male,,,
26703,,75,Male,,,
26704,,44,Male,,,
26705,,55,Female,,,
26706,,56,Female,,,
26707,,12,Female,,,
26708,,43,Male,,,
26709,,20,Female,,,
26710,,34,Male,,,
26711,,23,Male,,,
26712,,16,Male,,,
26713,,12,Other,,,
26714,,55,Female,,,
26715,,33,Other,,,
26716,,25,Female,,,
26717,,15,Other,,,
26718,,38,Other,,,
26719,,56,Male,,,
26720,,21,Male,,,
26721,,47,Other,,,
26722,,69,Other,,,
26723,,64,Other,,,
26724,,23,Female,,,
26725,,31,Male,,,
26726,,64,Other,,,
26727,,37,Female,,,
26728,,45,Male,,,
26729,,66,Other,,,
26730,,70,Other,,,
26731,,73,Female,,,
26732,,52,Other,,,
26733,,39,Male,,,
26734,,40,Other,,,
26735,,70,Female,,,
26736,,70,Female,,,
26737,,33,Female,,,
26738,,57,Other,,,
26739,,16,Male,,,
26740,,51,Female,,,
26741,,43,Female,,,
26742,,26,Male,,,
26743,,18,Female,,,
26744,,27,Female,,,
26745,,38,Other,,,
26746,,54,Other,,,
26747,,67,Male,,,
26748,,33,Other,,,
26749,,16,Female,,,
26750,,72,Other,,,
26751,,67,Other,,,
26752,,26,Other,,,
26753,,40,Female,,,
26754,,44,Male,,,
26755,,41,Female,,,
26756,,22,Other,,,
26757,,17,Other,,,
26758,,54,Other,,,
26759,,31,Female,,,
26760,,35,Female,,,
26761,,76,Other,,,
26762,,14,Male,,,
26763,,14,Other,,,
26764,,53,Other,,,
26765,,77,Female,,,
26766,,79,Female,,,
26767,,51,Other,,,
26768,,72,Male,,,
26769,,29,Male,,,
26770,,41,Other,,,
26771,,31,Other,,,
26772,,50,Male,,,
26773,,40,Female,,,
26774,,39,Female,,,
26775,,78,Other,,,
26776,,70,Other,,,
26777,,67,Female,,,
26778,,34,Male,,,
26779,,40,Male,,,
26780,,53,Other,,,
26781,,63,Other,,,
26782,,56,Female,,,
26783,,13,Female,,,
26784,,17,Other,,,
26785,,49,Other,,,
26786,,24,Female,,,
26787,,68,Male,,,
26788,,62,Female,,,
26789,,61,Male,,,
26790,,45,Male,,,
26791,,17,Female,,,
26792,,79,Other,,,
26793,,30,Female,,,
26794,,19,Male,,,
26795,,51,Other,,,
26796,,64,Male,,,
26797,,24,Female,,,
26798,,60,Female,,,
26799,,40,Female,,,
26800,,15,Other,,,
26801,,18,Male,,,
26802,,19,Female,,,
26803,,66,Female,,,
26804,,64,Other,,,
26805,,52,Female,,,
26806,,58,Other,,,
26807,,28,Other,,,
26808,,79,Female,,,
26809,,24,Male,,,
26810,,43,Other,,,
26811,,32,Other,,,
26812,,50,Female,,,
26813,,71,Other,,,
26814,,40,Other,,,
26815,,49,Female,,,
26816,,17,Male,,,
26817,,10,Male,,,
26818,,37,Other,,,
26819,,13,Male,,,
26820,,21,Male,,,
26821,,51,Female,,,
26822,,16,Male,,,
26823,,18,Other,,,
26824,,19,Other,,,
26825,,29,Male,,,
26826,,29,Male,,,
26827,,21,Female,,,
26828,,13,Male,,,
26829,,19,Male,,,
26830,,47,Male,,,
26831,,45,Male,,,
26832,,55,Male,,,
26833,,67,Female,,,
26834,,70,Other,,,
26835,,21,Male,,,
26836,,11,Female,,,
26837,,66,Female,,,
26838,,77,Other,,,
26839,,75,Female,,,
26840,,14,Other,,,
26841,,55,Female,,,
26842,,20,Male,,,
26843,,65,Other,,,
26844,,73,Other,,,
26845,,36,Other,,,
26846,,75,Male,,,
26847,,24,Male,,,
26848,,40,Other,,,
26849,,16,Female,,,
26850,,15,Male,,,
26851,,61,Female,,,
26852,,16,Male,,,
26853,,65,Other,,,
26854,,43,Male,,,
26855,,29,Other,,,
26856,,32,Other,,,
26857,,53,Female,,,
26858,,38,Male,,,
26859,,50,Other,,,
26860,,65,Other,,,
26861,,64,Female,,,
26862,,34,Male,,,
26863,,45,Female,,,
26864,,48,Female,,,
26865,,71,Other,,,
26866,,27,Male,,,
26867,,25,Other,,,
26868,,52,Female,,,
26869,,64,Male,,,
26870,,78,Other,,,
26871,,56,Male,,,
26872,,56,Female,,,
26873,,42,Other,,,
26874,,34,Female,,,
26875,,72,Female,,,
26876,,79,Female,,,
26877,,65,Other,,,
26878,,64,Male,,,
26879,,12,Male,,,
26880,,21,Male,,,
26881,,78,Female,,,
26882,,61,Other,,,
26883,,63,Female,,,
26884,,49,Male,,,
26885,,60,Female,,,
26886,,18,Other,,,
26887,,21,Other,,,
26888,,58,Female,,,
26889,,67,Other,,,
26890,,77,Other,,,
26891,,62,Male,,,
26892,,17,Other,,,
26893,,56,Other,,,
26894,,24,Female,,,
26895,,77,Other,,,
26896,,70,Female,,,
26897,,44,Other,,,
26898,,25,Female,,,
26899,,54,Other,,,
26900,,76,Male,,,
26901,,16,Male,,,
26902,,68,Female,,,
26903,,22,Female,,,
26904,,36,Female,,,
26905,,15,Female,,,
26906,,22,Female,,,
26907,,48,Female,,,
26908,,22,Other,,,
26909,,47,Male,,,
26910,,76,Female,,,
26911,,69,Male,,,
26912,,52,Male,,,
26913,,13,Female,,,
26914,,13,Male,,,
26915,,67,Other,,,
26916,,43,Female,,,
26917,,72,Other,,,
26918,,54,Other,,,
26919,,33,Other,,,
26920,,57,Male,,,
26921,,17,Other,,,
26922,,62,Male,,,
26923,,12,Female,,,
26924,,60,Female,,,
26925,,70,Male,,,
26926,,49,Female,,,
26927,,64,Other,,,
26928,,20,Male,,,
26929,,34,Female,,,
26930,,42,Female,,,
26931,,56,Female,,,
26932,,56,Other,,,
26933,,57,Male,,,
26934,,58,Female,,,
26935,,42,Male,,,
26936,,33,Female,,,
26937,,76,Other,,,
26938,,62,Other,,,
26939,,30,Female,,,
26940,,60,Male,,,
26941,,39,Other,,,
26942,,69,Female,,,
26943,,78,Male,,,
26944,,14,Male,,,
26945,,28,Female,,,
26946,,36,Male,,,
26947,,70,Female,,,
26948,,58,Other,,,
26949,,28,Other,,,
26950,,15,Female,,,
26951,,59,Male,,,
26952,,61,Female,,,
26953,,67,Female,,,
26954,,54,Other,,,
26955,,56,Other,,,
26956,,43,Male,,,
26957,,22,Male,,,
26958,,21,Male,,,
26959,,18,Female,,,
26960,,34,Female,,,
26961,,77,Other,,,
26962,,48,Female,,,
26963,,51,Female,,,
26964,,69,Other,,,
26965,,24,Female,,,
26966,,11,Female,,,
26967,,54,Male,,,
26968,,69,Male,,,
26969,,35,Other,,,
26970,,69,Other,,,
26971,,15,Other,,,
26972,,66,Other,,,
26973,,25,Other,,,
26974,,21,Other,,,
26975,,27,Other,,,
26976,,76,Female,,,
26977,,72,Female,,,
26978,,28,Other,,,
26979,,20,Other,,,
26980,,53,Female,,,
26981,,29,Other,,,
26982,,72,Female,,,
26983,,50,Female,,,
26984,,24,Female,,,
26985,,38,Other,,,
26986,,48,Other,,,
26987,,79,Other,,,
26988,,52,Male,,,
26989,,41,Female,,,
26990,,75,Other,,,
26991,,52,Other,,,
26992,,34,Other,,,
26993,,65,Other,,,
26994,,34,Other,,,
26995,,28,Female,,,
26996,,21,Female,,,
26997,,48,Male,,,
26998,,69,Male,,,
26999,,65,Female,,,
27000,,65,Male,,,
27001,,41,Female,,,
27002,,43,Male,,,
27003,,62,Other,,,
27004,,30,Male,,,
27005,,63,Female,,,
27006,,44,Other,,,
27007,,27,Male,,,
27008,,68,Male,,,
27009,,46,Female,,,
27010,,11,Male,,,
27011,,63,Male,,,
27012,,55,Male,,,
27013,,21,Male,,,
27014,,76,Other,,,
27015,,11,Male,,,
27016,,55,Male,,,
27017,,60,Other,,,
27018,,28,Female,,,
27019,,61,Male,,,
27020,,31,Other,,,
27021,,36,Female,,,
27022,,23,Other,,,
27023,,35,Female,,,
27024,,47,Male,,,
27025,,33,Female,,,
27026,,29,Other,,,
27027,,56,Other,,,
27028,,25,Other,,,
27029,,20,Female,,,
27030,,37,Female,,,
27031,,22,Other,,,
27032,,79,Other,,,
27033,,42,Male,,,
27034,,51,Other,,,
27035,,33,Male,,,
27036,,70,Male,,,
27037,,45,Other,,,
27038,,33,Female,,,
27039,,18,Other,,,
27040,,43,Female,,,
27041,,58,Male,,,
27042,,66,Female,,,
27043,,72,Female,,,
27044,,79,Female,,,
27045,,15,Female,,,
27046,,34,Male,,,
27047,,46,Female,,,
27048,,65,Other,,,
27049,,54,Male,,,
27050,,25,Other,,,
27051,,64,Male,,,
27052,,32,Male,,,
27053,,59,Female,,,
27054,,38,Male,,,
27055,,45,Female,,,
27056,,29,Other,,,
27057,,68,Male,,,
27058,,31,Male,,,
27059,,67,Other,,,
27060,,12,Female,,,
27061,,34,Other,,,
27062,,45,Male,,,
27063,,48,Male,,,
27064,,66,Male,,,
27065,,55,Male,,,
27066,,65,Male,,,
27067,,48,Other,,,
27068,,53,Female,,,
27069,,60,Male,,,
27070,,67,Male,,,
27071,,64,Other,,,
27072,,60,Other,,,
27073,,26,Male,,,
27074,,24,Female,,,
27075,,74,Female,,,
27076,,47,Female,,,
27077,,20,Female,,,
27078,,69,Other,,,
27079,,54,Male,,,
27080,,36,Male,,,
27081,,71,Other,,,
27082,,77,Other,,,
27083,,24,Male,,,
27084,,65,Male,,,
27085,,40,Male,,,
27086,,18,Other,,,
27087,,62,Other,,,
27088,,44,Other,,,
27089,,66,Other,,,
27090,,32,Other,,,
27091,,31,Other,,,
27092,,13,Other,,,
27093,,10,Other,,,
27094,,56,Other,,,
27095,,46,Female,,,
27096,,20,Female,,,
27097,,23,Other,,,
27098,,46,Other,,,
27099,,54,Other,,,
27100,,38,Male,,,
27101,,72,Male,,,
27102,,60,Female,,,
27103,,22,Other,,,
27104,,35,Male,,,
27105,,11,Female,,,
27106,,36,Other,,,
27107,,60,Female,,,
27108,,40,Other,,,
27109,,78,Other,,,
27110,,59,Female,,,
27111,,32,Male,,,
27112,,73,Female,,,
27113,,71,Other,,,
27114,,79,Other,,,
27115,,17,Other,,,
27116,,45,Other,,,
27117,,23,Male,,,
27118,,48,Male,,,
27119,,23,Male,,,
27120,,16,Female,,,
27121,,63,Other,,,
27122,,64,Female,,,
27123,,65,Male,,,
27124,,61,Other,,,
27125,,10,Female,,,
27126,,50,Other,,,
27127,,74,Male,,,
27128,,28,Other,,,
27129,,57,Female,,,
27130,,55,Male,,,
27131,,41,Female,,,
27132,,43,Female,,,
27133,,13,Female,,,
27134,,64,Other,,,
27135,,17,Other,,,
27136,,12,Male,,,
27137,,58,Female,,,
27138,,62,Female,,,
27139,,38,Other,,,
27140,,19,Female,,,
27141,,70,Male,,,
27142,,52,Other,,,
27143,,23,Male,,,
27144,,55,Other,,,
27145,,68,Other,,,
27146,,60,Other,,,
27147,,36,Male,,,
27148,,56,Other,,,
27149,,22,Other,,,
27150,,46,Male,,,
27151,,12,Male,,,
27152,,44,Male,,,
27153,,72,Other,,,
27154,,53,Male,,,
27155,,35,Female,,,
27156,,57,Female,,,
27157,,11,Female,,,
27158,,52,Male,,,
27159,,22,Male,,,
27160,,16,Male,,,
27161,,55,Female,,,
27162,,65,Male,,,
27163,,46,Female,,,
27164,,50,Female,,,
27165,,76,Female,,,
27166,,64,Other,,,
27167,,59,Female,,,
27168,,79,Female,,,
27169,,19,Male,,,
27170,,14,Male,,,
27171,,20,Male,,,
27172,,49,Male,,,
27173,,62,Male,,,
27174,,26,Male,,,
27175,,22,Male,,,
27176,,33,Female,,,
27177,,76,Other,,,
27178,,16,Male,,,
27179,,22,Other,,,
27180,,69,Female,,,
27181,,44,Male,,,
27182,,51,Other,,,
27183,,17,Female,,,
27184,,37,Male,,,
27185,,57,Other,,,
27186,,41,Male,,,
27187,,37,Female,,,
27188,,54,Female,,,
27189,,39,Male,,,
27190,,75,Male,,,
27191,,20,Male,,,
27192,,72,Female,,,
27193,,79,Male,,,
27194,,61,Female,,,
27195,,23,Other,,,
27196,,70,Male,,,
27197,,30,Male,,,
27198,,76,Other,,,
27199,,22,Male,,,
27200,,74,Other,,,
27201,,66,Male,,,
27202,,38,Male,,,
27203,,13,Male,,,
27204,,52,Female,,,
27205,,42,Other,,,
27206,,61,Female,,,
27207,,20,Female,,,
27208,,26,Female,,,
27209,,43,Male,,,
27210,,37,Other,,,
27211,,43,Other,,,
27212,,21,Other,,,
27213,,48,Male,,,
27214,,76,Female,,,
27215,,60,Male,,,
27216,,54,Female,,,
27217,,47,Female,,,
27218,,15,Male,,,
27219,,10,Other,,,
27220,,79,Male,,,
27221,,77,Other,,,
27222,,45,Male,,,
27223,,36,Female,,,
27224,,79,Male,,,
27225,,28,Female,,,
27226,,77,Female,,,
27227,,67,Male,,,
27228,,39,Female,,,
27229,,23,Other,,,
27230,,36,Female,,,
27231,,48,Other,,,
27232,,63,Other,,,
27233,,39,Male,,,
27234,,74,Male,,,
27235,,75,Other,,,
27236,,45,Male,,,
27237,,22,Other,,,
27238,,13,Male,,,
27239,,65,Male,,,
27240,,63,Female,,,
27241,,28,Male,,,
27242,,63,Female,,,
27243,,15,Other,,,
27244,,72,Female,,,
27245,,42,Female,,,
27246,,59,Female,,,
27247,,10,Other,,,
27248,,62,Female,,,
27249,,54,Other,,,
27250,,32,Female,,,
27251,,63,Female,,,
27252,,60,Male,,,
27253,,32,Female,,,
27254,,18,Female,,,
27255,,14,Male,,,
27256,,59,Female,,,
27257,,66,Male,,,
27258,,42,Female,,,
27259,,33,Other,,,
27260,,32,Female,,,
27261,,51,Female,,,
27262,,32,Male,,,
27263,,49,Other,,,
27264,,10,Male,,,
27265,,59,Male,,,
27266,,66,Female,,,
27267,,32,Female,,,
27268,,25,Female,,,
27269,,48,Male,,,
27270,,17,Other,,,
27271,,22,Male,,,
27272,,34,Male,,,
27273,,69,Male,,,
27274,,76,Other,,,
27275,,52,Other,,,
27276,,18,Male,,,
27277,,33,Female,,,
27278,,14,Other,,,
27279,,58,Other,,,
27280,,60,Other,,,
27281,,56,Male,,,
27282,,30,Male,,,
27283,,36,Other,,,
27284,,67,Other,,,
27285,,35,Other,,,
27286,,49,Male,,,
27287,,58,Other,,,
27288,,13,Other,,,
27289,,46,Other,,,
27290,,76,Other,,,
27291,,48,Male,,,
27292,,24,Other,,,
27293,,70,Other,,,
27294,,75,Other,,,
27295,,36,Male,,,
27296,,49,Other,,,
27297,,55,Female,,,
27298,,40,Female,,,
27299,,50,Female,,,
27300,,73,Female,,,
27301,,73,Male,,,
27302,,78,Male,,,
27303,,51,Male,,,
27304,,72,Male,,,
27305,,16,Male,,,
27306,,21,Other,,,
27307,,22,Other,,,
27308,,64,Other,,,
27309,,68,Female,,,
27310,,35,Female,,,
27311,,57,Male,,,
27312,,78,Other,,,
27313,,42,Other,,,
27314,,33,Female,,,
27315,,24,Other,,,
27316,,62,Female,,,
27317,,74,Male,,,
27318,,66,Other,,,
27319,,29,Other,,,
27320,,31,Male,,,
27321,,62,Other,,,
27322,,17,Male,,,
27323,,14,Male,,,
27324,,70,Female,,,
27325,,57,Male,,,
27326,,29,Female,,,
27327,,26,Other,,,
27328,,15,Other,,,
27329,,38,Male,,,
27330,,40,Female,,,
27331,,56,Other,,,
27332,,75,Other,,,
27333,,66,Male,,,
27334,,20,Other,,,
27335,,79,Female,,,
27336,,43,Male,,,
27337,,73,Male,,,
27338,,36,Other,,,
27339,,26,Female,,,
27340,,47,Other,,,
27341,,50,Female,,,
27342,,76,Female,,,
27343,,43,Female,,,
27344,,59,Male,,,
27345,,17,Other,,,
27346,,79,Female,,,
27347,,21,Female,,,
27348,,42,Female,,,
27349,,18,Male,,,
27350,,49,Other,,,
27351,,36,Other,,,
27352,,41,Male,,,
27353,,15,Male,,,
27354,,25,Other,,,
27355,,63,Female,,,
27356,,45,Other,,,
27357,,32,Other,,,
27358,,46,Other,,,
27359,,10,Other,,,
27360,,34,Female,,,
27361,,40,Male,,,
27362,,18,Other,,,
27363,,46,Female,,,
27364,,49,Other,,,
27365,,44,Male,,,
27366,,15,Other,,,
27367,,36,Male,,,
27368,,72,Male,,,
27369,,49,Male,,,
27370,,38,Other,,,
27371,,64,Other,,,
27372,,34,Male,,,
27373,,45,Female,,,
27374,,63,Other,,,
27375,,22,Other,,,
27376,,74,Other,,,
27377,,73,Female,,,
27378,,28,Male,,,
27379,,43,Male,,,
27380,,54,Female,,,
27381,,31,Other,,,
27382,,50,Female,,,
27383,,21,Other,,,
27384,,44,Other,,,
27385,,17,Female,,,
27386,,55,Female,,,
27387,,72,Male,,,
27388,,44,Other,,,
27389,,41,Female,,,
27390,,79,Male,,,
27391,,79,Male,,,
27392,,17,Other,,,
27393,,44,Other,,,
27394,,29,Female,,,
27395,,52,Male,,,
27396,,21,Male,,,
27397,,31,Female,,,
27398,,37,Male,,,
27399,,33,Female,,,
27400,,14,Female,,,
27401,,60,Other,,,
27402,,31,Other,,,
27403,,51,Other,,,
27404,,46,Male,,,
27405,,51,Other,,,
27406,,30,Female,,,
27407,,25,Male,,,
27408,,33,Other,,,
27409,,52,Other,,,
27410,,69,Male,,,
27411,,33,Female,,,
27412,,10,Female,,,
27413,,27,Female,,,
27414,,32,Female,,,
27415,,39,Male,,,
27416,,56,Other,,,
27417,,45,Other,,,
27418,,18,Female,,,
27419,,43,Male,,,
27420,,11,Male,,,
27421,,47,Female,,,
27422,,26,Female,,,
27423,,27,Male,,,
27424,,58,Other,,,
27425,,59,Female,,,
27426,,50,Female,,,
27427,,36,Male,,,
27428,,41,Female,,,
27429,,57,Other,,,
27430,,54,Other,,,
27431,,70,Female,,,
27432,,32,Other,,,
27433,,60,Male,,,
27434,,12,Female,,,
27435,,54,Other,,,
27436,,30,Other,,,
27437,,48,Female,,,
27438,,71,Female,,,
27439,,40,Male,,,
27440,,64,Male,,,
27441,,28,Female,,,
27442,,30,Other,,,
27443,,31,Female,,,
27444,,72,Other,,,
27445,,17,Male,,,
27446,,16,Male,,,
27447,,65,Female,,,
27448,,76,Female,,,
27449,,60,Other,,,
27450,,77,Female,,,
27451,,11,Female,,,
27452,,50,Female,,,
27453,,49,Other,,,
27454,,40,Other,,,
27455,,55,Female,,,
27456,,34,Male,,,
27457,,68,Other,,,
27458,,70,Male,,,
27459,,66,Other,,,
27460,,15,Male,,,
27461,,30,Male,,,
27462,,14,Male,,,
27463,,43,Female,,,
27464,,37,Male,,,
27465,,14,Female,,,
27466,,66,Male,,,
27467,,73,Female,,,
27468,,12,Other,,,
27469,,28,Male,,,
27470,,28,Female,,,
27471,,61,Male,,,
27472,,26,Other,,,
27473,,63,Male,,,
27474,,61,Female,,,
27475,,60,Female,,,
27476,,19,Other,,,
27477,,22,Male,,,
27478,,56,Other,,,
27479,,23,Other,,,
27480,,21,Male,,,
27481,,44,Other,,,
27482,,28,Male,,,
27483,,54,Male,,,
27484,,48,Female,,,
27485,,27,Male,,,
27486,,13,Female,,,
27487,,58,Female,,,
27488,,57,Female,,,
27489,,70,Other,,,
27490,,18,Female,,,
27491,,75,Other,,,
27492,,58,Female,,,
27493,,33,Male,,,
27494,,72,Male,,,
27495,,71,Other,,,
27496,,34,Other,,,
27497,,43,Male,,,
27498,,17,Female,,,
27499,,51,Other,,,
27500,,30,Female,,,
27501,,46,Other,,,
27502,,13,Male,,,
27503,,61,Other,,,
27504,,65,Other,,,
27505,,11,Female,,,
27506,,24,Other,,,
27507,,15,Other,,,
27508,,31,Other,,,
27509,,69,Male,,,
27510,,67,Male,,,
27511,,20,Male,,,
27512,,79,Male,,,
27513,,49,Female,,,
27514,,58,Other,,,
27515,,42,Male,,,
27516,,40,Female,,,
27517,,68,Male,,,
27518,,30,Other,,,
27519,,67,Female,,,
27520,,39,Male,,,
27521,,48,Other,,,
27522,,73,Female,,,
27523,,60,Other,,,
27524,,71,Female,,,
27525,,76,Female,,,
27526,,60,Other,,,
27527,,42,Other,,,
27528,,33,Male,,,
27529,,21,Other,,,
27530,,22,Other,,,
27531,,47,Other,,,
27532,,37,Female,,,
27533,,59,Male,,,
27534,,11,Other,,,
27535,,23,Female,,,
27536,,18,Female,,,
27537,,64,Other,,,
27538,,38,Other,,,
27539,,75,Male,,,
27540,,40,Male,,,
27541,,32,Male,,,
27542,,38,Other,,,
27543,,10,Female,,,
27544,,32,Male,,,
27545,,73,Other,,,
27546,,60,Other,,,
27547,,25,Other,,,
27548,,56,Other,,,
27549,,43,Other,,,
27550,,40,Other,,,
27551,,60,Other,,,
27552,,72,Other,,,
27553,,37,Male,,,
27554,,40,Male,,,
27555,,46,Female,,,
27556,,44,Male,,,
27557,,40,Male,,,
27558,,26,Female,,,
27559,,55,Male,,,
27560,,29,Other,,,
27561,,50,Male,,,
27562,,50,Male,,,
27563,,26,Female,,,
27564,,18,Male,,,
27565,,73,Female,,,
27566,,53,Other,,,
27567,,79,Female,,,
27568,,25,Other,,,
27569,,28,Female,,,
27570,,28,Other,,,
27571,,11,Other,,,
27572,,24,Other,,,
27573,,70,Male,,,
27574,,48,Female,,,
27575,,49,Male,,,
27576,,18,Other,,,
27577,,71,Male,,,
27578,,16,Female,,,
27579,,51,Female,,,
27580,,22,Other,,,
27581,,13,Male,,,
27582,,49,Female,,,
27583,,11,Female,,,
27584,,18,Male,,,
27585,,79,Female,,,
27586,,24,Male,,,
27587,,72,Female,,,
27588,,45,Male,,,
27589,,17,Female,,,
27590,,50,Male,,,
27591,,15,Female,,,
27592,,74,Other,,,
27593,,59,Female,,,
27594,,59,Other,,,
27595,,10,Female,,,
27596,,26,Female,,,
27597,,71,Male,,,
27598,,20,Male,,,
27599,,49,Female,,,
27600,,36,Female,,,
27601,,25,Male,,,
27602,,22,Female,,,
27603,,61,Male,,,
27604,,68,Other,,,
27605,,62,Other,,,
27606,,50,Male,,,
27607,,70,Male,,,
27608,,24,Male,,,
27609,,58,Female,,,
27610,,20,Other,,,
27611,,21,Other,,,
27612,,70,Male,,,
27613,,40,Male,,,
27614,,58,Other,,,
27615,,38,Male,,,
27616,,46,Other,,,
27617,,53,Male,,,
27618,,74,Female,,,
27619,,74,Male,,,
27620,,18,Female,,,
27621,,76,Other,,,
27622,,35,Male,,,
27623,,30,Female,,,
27624,,23,Male,,,
27625,,57,Other,,,
27626,,60,Male,,,
27627,,21,Male,,,
27628,,68,Female,,,
27629,,69,Other,,,
27630,,67,Female,,,
27631,,43,Other,,,
27632,,74,Male,,,
27633,,49,Male,,,
27634,,34,Female,,,
27635,,78,Other,,,
27636,,44,Other,,,
27637,,31,Other,,,
27638,,61,Female,,,
27639,,39,Male,,,
27640,,45,Female,,,
27641,,67,Other,,,
27642,,51,Male,,,
27643,,37,Female,,,
27644,,31,Other,,,
27645,,60,Female,,,
27646,,34,Female,,,
27647,,55,Other,,,
27648,,63,Female,,,
27649,,18,Male,,,
27650,,41,Male,,,
27651,,54,Female,,,
27652,,20,Male,,,
27653,,64,Other,,,
27654,,68,Male,,,
27655,,34,Other,,,
27656,,14,Female,,,
27657,,78,Other,,,
27658,,75,Male,,,
27659,,60,Female,,,
27660,,47,Female,,,
27661,,26,Female,,,
27662,,72,Other,,,
27663,,79,Female,,,
27664,,21,Female,,,
27665,,19,Other,,,
27666,,78,Female,,,
27667,,18,Male,,,
27668,,26,Female,,,
27669,,72,Male,,,
27670,,19,Male,,,
27671,,43,Female,,,
27672,,63,Male,,,
27673,,62,Female,,,
27674,,19,Male,,,
27675,,64,Female,,,
27676,,61,Male,,,
27677,,78,Female,,,
27678,,70,Male,,,
27679,,20,Other,,,
27680,,24,Other,,,
27681,,21,Female,,,
27682,,64,Other,,,
27683,,19,Female,,,
27684,,57,Other,,,
27685,,23,Male,,,
27686,,36,Female,,,
27687,,61,Female,,,
27688,,77,Other,,,
27689,,27,Other,,,
27690,,48,Male,,,
27691,,39,Male,,,
27692,,52,Other,,,
27693,,41,Other,,,
27694,,25,Female,,,
27695,,35,Male,,,
27696,,34,Female,,,
27697,,27,Other,,,
27698,,32,Female,,,
27699,,57,Other,,,
27700,,15,Male,,,
27701,,72,Other,,,
27702,,21,Other,,,
27703,,66,Male,,,
27704,,42,Male,,,
27705,,62,Female,,,
27706,,10,Male,,,
27707,,57,Other,,,
27708,,59,Other,,,
27709,,65,Other,,,
27710,,29,Other,,,
27711,,64,Other,,,
27712,,20,Male,,,
27713,,26,Male,,,
27714,,26,Male,,,
27715,,15,Male,,,
27716,,54,Female,,,
27717,,78,Male,,,
27718,,47,Other,,,
27719,,30,Male,,,
27720,,72,Other,,,
27721,,34,Male,,,
27722,,30,Male,,,
27723,,43,Female,,,
27724,,29,Female,,,
27725,,35,Female,,,
27726,,14,Female,,,
27727,,75,Male,,,
27728,,57,Female,,,
27729,,72,Female,,,
27730,,17,Male,,,
27731,,39,Male,,,
27732,,49,Other,,,
27733,,70,Other,,,
27734,,18,Other,,,
27735,,21,Male,,,
27736,,28,Other,,,
27737,,50,Other,,,
27738,,40,Other,,,
27739,,42,Other,,,
27740,,51,Other,,,
27741,,72,Other,,,
27742,,35,Other,,,
27743,,45,Male,,,
27744,,58,Other,,,
27745,,36,Female,,,
27746,,29,Male,,,
27747,,63,Male,,,
27748,,18,Other,,,
27749,,73,Male,,,
27750,,20,Female,,,
27751,,26,Other,,,
27752,,47,Other,,,
27753,,57,Other,,,
27754,,26,Male,,,
27755,,13,Male,,,
27756,,68,Male,,,
27757,,38,Male,,,
27758,,67,Female,,,
27759,,55,Male,,,
27760,,72,Female,,,
27761,,79,Male,,,
27762,,20,Other,,,
27763,,56,Female,,,
27764,,78,Other,,,
27765,,58,Female,,,
27766,,26,Male,,,
27767,,16,Other,,,
27768,,35,Male,,,
27769,,74,Female,,,
27770,,74,Other,,,
27771,,26,Female,,,
27772,,55,Other,,,
27773,,61,Female,,,
27774,,12,Male,,,
27775,,52,Male,,,
27776,,22,Other,,,
27777,,72,Male,,,
27778,,24,Other,,,
27779,,28,Female,,,
27780,,22,Other,,,
27781,,74,Female,,,
27782,,33,Male,,,
27783,,77,Male,,,
27784,,35,Female,,,
27785,,23,Female,,,
27786,,36,Male,,,
27787,,19,Other,,,
27788,,66,Male,,,
27789,,61,Male,,,
27790,,22,Female,,,
27791,,74,Female,,,
27792,,26,Female,,,
27793,,20,Female,,,
27794,,54,Other,,,
27795,,36,Female,,,
27796,,54,Other,,,
27797,,47,Female,,,
27798,,13,Male,,,
27799,,23,Other,,,
27800,,49,Male,,,
27801,,68,Male,,,
27802,,34,Male,,,
27803,,13,Male,,,
27804,,69,Male,,,
27805,,58,Other,,,
27806,,38,Female,,,
27807,,67,Other,,,
27808,,74,Other,,,
27809,,67,Other,,,
27810,,57,Male,,,
27811,,31,Other,,,
27812,,55,Female,,,
27813,,22,Male,,,
27814,,16,Other,,,
27815,,57,Male,,,
27816,,32,Female,,,
27817,,79,Other,,,
27818,,66,Other,,,
27819,,45,Female,,,
27820,,23,Male,,,
27821,,27,Other,,,
27822,,13,Male,,,
27823,,55,Female,,,
27824,,72,Female,,,
27825,,71,Other,,,
27826,,45,Other,,,
27827,,74,Other,,,
27828,,54,Other,,,
27829,,41,Female,,,
27830,,57,Female,,,
27831,,29,Other,,,
27832,,30,Female,,,
27833,,75,Other,,,
27834,,37,Male,,,
27835,,38,Other,,,
27836,,62,Female,,,
27837,,54,Female,,,
27838,,44,Other,,,
27839,,64,Female,,,
27840,,78,Male,,,
27841,,54,Female,,,
27842,,36,Male,,,
27843,,48,Female,,,
27844,,27,Female,,,
27845,,31,Other,,,
27846,,12,Male,,,
27847,,17,Female,,,
27848,,42,Female,,,
27849,,72,Male,,,
27850,,71,Female,,,
27851,,26,Other,,,
27852,,41,Male,,,
27853,,42,Male,,,
27854,,61,Other,,,
27855,,73,Female,,,
27856,,32,Male,,,
27857,,17,Other,,,
27858,,62,Other,,,
27859,,43,Male,,,
27860,,52,Other,,,
27861,,34,Other,,,
27862,,53,Female,,,
27863,,34,Other,,,
27864,,23,Male,,,
27865,,19,Other,,,
27866,,42,Female,,,
27867,,79,Other,,,
27868,,41,Other,,,
27869,,34,Female,,,
27870,,71,Other,,,
27871,,34,Male,,,
27872,,69,Female,,,
27873,,70,Male,,,
27874,,30,Female,,,
27875,,16,Other,,,
27876,,63,Other,,,
27877,,27,Female,,,
27878,,51,Other,,,
27879,,47,Male,,,
27880,,36,Female,,,
27881,,61,Female,,,
27882,,43,Male,,,
27883,,42,Other,,,
27884,,32,Other,,,
27885,,13,Female,,,
27886,,35,Female,,,
27887,,31,Other,,,
27888,,25,Male,,,
27889,,48,Male,,,
27890,,53,Other,,,
27891,,56,Female,,,
27892,,75,Male,,,
27893,,31,Male,,,
27894,,56,Female,,,
27895,,66,Male,,,
27896,,59,Female,,,
27897,,30,Female,,,
27898,,25,Female,,,
27899,,50,Other,,,
27900,,59,Other,,,
27901,,35,Male,,,
27902,,16,Female,,,
27903,,58,Other,,,
27904,,38,Male,,,
27905,,18,Female,,,
27906,,44,Male,,,
27907,,21,Other,,,
27908,,79,Other,,,
27909,,27,Male,,,
27910,,47,Male,,,
27911,,41,Male,,,
27912,,69,Female,,,
27913,,36,Female,,,
27914,,60,Other,,,
27915,,45,Other,,,
27916,,35,Male,,,
27917,,77,Male,,,
27918,,66,Female,,,
27919,,22,Female,,,
27920,,26,Other,,,
27921,,21,Other,,,
27922,,52,Male,,,
27923,,50,Male,,,
27924,,10,Female,,,
27925,,13,Female,,,
27926,,22,Male,,,
27927,,10,Male,,,
27928,,53,Male,,,
27929,,25,Other,,,
27930,,64,Male,,,
27931,,43,Other,,,
27932,,33,Other,,,
27933,,18,Male,,,
27934,,34,Female,,,
27935,,36,Male,,,
27936,,18,Female,,,
27937,,55,Male,,,
27938,,51,Female,,,
27939,,49,Male,,,
27940,,26,Other,,,
27941,,30,Female,,,
27942,,64,Female,,,
27943,,79,Other,,,
27944,,75,Male,,,
27945,,75,Male,,,
27946,,25,Other,,,
27947,,52,Other,,,
27948,,52,Female,,,
27949,,21,Male,,,
27950,,71,Female,,,
27951,,22,Other,,,
27952,,53,Other,,,
27953,,67,Male,,,
27954,,25,Female,,,
27955,,45,Female,,,
27956,,48,Other,,,
27957,,42,Other,,,
27958,,58,Other,,,
27959,,20,Male,,,
27960,,67,Male,,,
27961,,23,Other,,,
27962,,57,Female,,,
27963,,33,Other,,,
27964,,59,Female,,,
27965,,16,Male,,,
27966,,33,Other,,,
27967,,60,Male,,,
27968,,21,Male,,,
27969,,46,Other,,,
27970,,21,Other,,,
27971,,53,Male,,,
27972,,47,Male,,,
27973,,35,Male,,,
27974,,53,Female,,,
27975,,31,Female,,,
27976,,59,Male,,,
27977,,48,Male,,,
27978,,32,Other,,,
27979,,10,Female,,,
27980,,78,Male,,,
27981,,16,Other,,,
27982,,70,Male,,,
27983,,11,Other,,,
27984,,39,Female,,,
27985,,64,Male,,,
27986,,69,Male,,,
27987,,42,Other,,,
27988,,74,Other,,,
27989,,31,Female,,,
27990,,77,Male,,,
27991,,50,Female,,,
27992,,58,Other,,,
27993,,40,Other,,,
27994,,57,Other,,,
27995,,70,Male,,,
27996,,35,Other,,,
27997,,55,Male,,,
27998,,58,Male,,,
27999,,30,Female,,,
28000,,24,Female,,,
28001,,30,Female,,,
28002,,30,Other,,,
28003,,41,Other,,,
28004,,27,Female,,,
28005,,52,Other,,,
28006,,14,Other,,,
28007,,55,Female,,,
28008,,75,Other,,,
28009,,44,Male,,,
28010,,53,Other,,,
28011,,25,Male,,,
28012,,39,Female,,,
28013,,58,Other,,,
28014,,49,Male,,,
28015,,46,Male,,,
28016,,38,Male,,,
28017,,46,Female,,,
28018,,66,Male,,,
28019,,46,Male,,,
28020,,36,Female,,,
28021,,69,Male,,,
28022,,59,Other,,,
28023,,74,Female,,,
28024,,79,Female,,,
28025,,67,Other,,,
28026,,42,Female,,,
28027,,31,Male,,,
28028,,68,Other,,,
28029,,35,Male,,,
28030,,15,Male,,,
28031,,39,Other,,,
28032,,29,Other,,,
28033,,35,Female,,,
28034,,69,Male,,,
28035,,72,Other,,,
28036,,43,Female,,,
28037,,73,Male,,,
28038,,65,Male,,,
28039,,64,Other,,,
28040,,23,Male,,,
28041,,28,Male,,,
28042,,59,Other,,,
28043,,33,Other,,,
28044,,11,Female,,,
28045,,69,Female,,,
28046,,54,Other,,,
28047,,36,Male,,,
28048,,73,Other,,,
28049,,22,Male,,,
28050,,61,Female,,,
28051,,13,Other,,,
28052,,28,Other,,,
28053,,23,Male,,,
28054,,47,Male,,,
28055,,12,Male,,,
28056,,16,Male,,,
28057,,54,Male,,,
28058,,46,Other,,,
28059,,61,Female,,,
28060,,30,Female,,,
28061,,64,Male,,,
28062,,54,Male,,,
28063,,64,Female,,,
28064,,53,Other,,,
28065,,54,Female,,,
28066,,43,Other,,,
28067,,27,Other,,,
28068,,68,Male,,,
28069,,19,Female,,,
28070,,75,Female,,,
28071,,68,Female,,,
28072,,73,Female,,,
28073,,19,Other,,,
28074,,78,Male,,,
28075,,15,Female,,,
28076,,63,Other,,,
28077,,11,Male,,,
28078,,75,Other,,,
28079,,14,Female,,,
28080,,21,Male,,,
28081,,45,Female,,,
28082,,15,Female,,,
28083,,36,Female,,,
28084,,71,Female,,,
28085,,51,Female,,,
28086,,35,Female,,,
28087,,52,Female,,,
28088,,53,Female,,,
28089,,70,Male,,,
28090,,54,Female,,,
28091,,68,Female,,,
28092,,45,Female,,,
28093,,64,Male,,,
28094,,41,Male,,,
28095,,67,Female,,,
28096,,70,Female,,,
28097,,31,Male,,,
28098,,40,Female,,,
28099,,75,Female,,,
28100,,26,Male,,,
28101,,76,Female,,,
28102,,69,Female,,,
28103,,70,Other,,,
28104,,40,Other,,,
28105,,20,Male,,,
28106,,47,Male,,,
28107,,29,Male,,,
28108,,67,Female,,,
28109,,37,Female,,,
28110,,59,Other,,,
28111,,37,Male,,,
28112,,44,Female,,,
28113,,42,Other,,,
28114,,70,Male,,,
28115,,71,Male,,,
28116,,44,Other,,,
28117,,53,Other,,,
28118,,73,Male,,,
28119,,77,Male,,,
28120,,53,Other,,,
28121,,67,Female,,,
28122,,56,Male,,,
28123,,44,Male,,,
28124,,38,Other,,,
28125,,14,Female,,,
28126,,33,Male,,,
28127,,18,Male,,,
28128,,52,Other,,,
28129,,55,Male,,,
28130,,13,Male,,,
28131,,65,Other,,,
28132,,76,Male,,,
28133,,79,Female,,,
28134,,37,Male,,,
28135,,56,Female,,,
28136,,64,Other,,,
28137,,58,Other,,,
28138,,76,Other,,,
28139,,22,Other,,,
28140,,45,Male,,,
28141,,73,Other,,,
28142,,44,Male,,,
28143,,59,Male,,,
28144,,43,Female,,,
28145,,59,Male,,,
28146,,30,Female,,,
28147,,26,Other,,,
28148,,59,Female,,,
28149,,53,Other,,,
28150,,49,Other,,,
28151,,38,Male,,,
28152,,45,Female,,,
28153,,41,Other,,,
28154,,65,Female,,,
28155,,45,Female,,,
28156,,20,Other,,,
28157,,14,Other,,,
28158,,67,Other,,,
28159,,25,Other,,,
28160,,49,Male,,,
28161,,62,Female,,,
28162,,74,Other,,,
28163,,16,Other,,,
28164,,71,Other,,,
28165,,54,Other,,,
28166,,49,Male,,,
28167,,27,Male,,,
28168,,21,Female,,,
28169,,76,Female,,,
28170,,69,Female,,,
28171,,25,Male,,,
28172,,79,Other,,,
28173,,23,Female,,,
28174,,76,Female,,,
28175,,57,Other,,,
28176,,41,Female,,,
28177,,38,Other,,,
28178,,64,Male,,,
28179,,47,Other,,,
28180,,73,Female,,,
28181,,14,Other,,,
28182,,63,Other,,,
28183,,18,Female,,,
28184,,30,Female,,,
28185,,34,Other,,,
28186,,42,Male,,,
28187,,19,Other,,,
28188,,15,Male,,,
28189,,19,Female,,,
28190,,79,Other,,,
28191,,48,Other,,,
28192,,23,Female,,,
28193,,30,Female,,,
28194,,34,Other,,,
28195,,48,Other,,,
28196,,41,Male,,,
28197,,36,Other,,,
28198,,75,Male,,,
28199,,75,Female,,,
28200,,38,Female,,,
28201,,36,Other,,,
28202,,21,Male,,,
28203,,25,Female,,,
28204,,75,Other,,,
28205,,63,Male,,,
28206,,52,Male,,,
28207,,32,Male,,,
28208,,31,Female,,,
28209,,67,Male,,,
28210,,54,Other,,,
28211,,53,Male,,,
28212,,17,Other,,,
28213,,65,Other,,,
28214,,30,Other,,,
28215,,10,Female,,,
28216,,13,Other,,,
28217,,63,Male,,,
28218,,69,Other,,,
28219,,33,Female,,,
28220,,41,Male,,,
28221,,18,Other,,,
28222,,20,Other,,,
28223,,32,Other,,,
28224,,44,Other,,,
28225,,16,Male,,,
28226,,12,Female,,,
28227,,58,Male,,,
28228,,41,Male,,,
28229,,65,Male,,,
28230,,79,Female,,,
28231,,69,Other,,,
28232,,57,Other,,,
28233,,68,Female,,,
28234,,78,Female,,,
28235,,53,Male,,,
28236,,29,Female,,,
28237,,74,Other,,,
28238,,67,Female,,,
28239,,75,Other,,,
28240,,27,Other,,,
28241,,14,Other,,,
28242,,25,Male,,,
28243,,30,Male,,,
28244,,29,Male,,,
28245,,29,Female,,,
28246,,26,Male,,,
28247,,59,Other,,,
28248,,68,Other,,,
28249,,53,Other,,,
28250,,26,Other,,,
28251,,49,Female,,,
28252,,21,Male,,,
28253,,46,Male,,,
28254,,44,Male,,,
28255,,43,Female,,,
28256,,12,Female,,,
28257,,52,Male,,,
28258,,77,Female,,,
28259,,34,Other,,,
28260,,23,Male,,,
28261,,53,Female,,,
28262,,40,Female,,,
28263,,68,Female,,,
28264,,72,Male,,,
28265,,60,Other,,,
28266,,14,Other,,,
28267,,10,Other,,,
28268,,25,Male,,,
28269,,40,Male,,,
28270,,70,Male,,,
28271,,37,Other,,,
28272,,35,Female,,,
28273,,24,Female,,,
28274,,54,Female,,,
28275,,77,Female,,,
28276,,76,Male,,,
28277,,66,Other,,,
28278,,43,Other,,,
28279,,71,Male,,,
28280,,35,Other,,,
28281,,15,Male,,,
28282,,74,Male,,,
28283,,73,Female,,,
28284,,70,Male,,,
28285,,28,Male,,,
28286,,19,Female,,,
28287,,67,Male,,,
28288,,68,Male,,,
28289,,61,Female,,,
28290,,44,Female,,,
28291,,50,Other,,,
28292,,29,Female,,,
28293,,51,Male,,,
28294,,34,Male,,,
28295,,44,Male,,,
28296,,74,Other,,,
28297,,76,Other,,,
28298,,76,Other,,,
28299,,33,Male,,,
28300,,77,Other,,,
28301,,53,Other,,,
28302,,35,Other,,,
28303,,71,Female,,,
28304,,32,Male,,,
28305,,38,Male,,,
28306,,33,Other,,,
28307,,61,Male,,,
28308,,21,Male,,,
28309,,52,Other,,,
28310,,60,Other,,,
28311,,72,Other,,,
28312,,64,Female,,,
28313,,42,Female,,,
28314,,66,Male,,,
28315,,37,Female,,,
28316,,36,Other,,,
28317,,24,Female,,,
28318,,17,Male,,,
28319,,30,Female,,,
28320,,25,Male,,,
28321,,68,Male,,,
28322,,33,Male,,,
28323,,14,Male,,,
28324,,10,Female,,,
28325,,50,Male,,,
28326,,55,Female,,,
28327,,59,Male,,,
28328,,41,Female,,,
28329,,77,Male,,,
28330,,40,Male,,,
28331,,43,Female,,,
28332,,28,Female,,,
28333,,11,Male,,,
28334,,38,Female,,,
28335,,52,Male,,,
28336,,57,Female,,,
28337,,25,Male,,,
28338,,71,Male,,,
28339,,32,Other,,,
28340,,31,Other,,,
28341,,26,Male,,,
28342,,39,Female,,,
28343,,76,Female,,,
28344,,25,Female,,,
28345,,66,Female,,,
28346,,33,Other,,,
28347,,53,Other,,,
28348,,63,Other,,,
28349,,39,Male,,,
28350,,72,Female,,,
28351,,18,Male,,,
28352,,21,Male,,,
28353,,41,Other,,,
28354,,27,Female,,,
28355,,23,Male,,,
28356,,35,Male,,,
28357,,63,Female,,,
28358,,39,Male,,,
28359,,30,Female,,,
28360,,31,Female,,,
28361,,31,Male,,,
28362,,57,Male,,,
28363,,48,Male,,,
28364,,51,Male,,,
28365,,79,Male,,,
28366,,64,Other,,,
28367,,31,Other,,,
28368,,35,Male,,,
28369,,65,Male,,,
28370,,79,Other,,,
28371,,61,Other,,,
28372,,19,Female,,,
28373,,78,Male,,,
28374,,17,Other,,,
28375,,40,Female,,,
28376,,49,Male,,,
28377,,19,Male,,,
28378,,43,Female,,,
28379,,73,Female,,,
28380,,66,Other,,,
28381,,11,Other,,,
28382,,50,Male,,,
28383,,53,Male,,,
28384,,52,Female,,,
28385,,73,Female,,,
28386,,48,Female,,,
28387,,61,Female,,,
28388,,60,Other,,,
28389,,22,Male,,,
28390,,11,Other,,,
28391,,31,Other,,,
28392,,64,Other,,,
28393,,74,Male,,,
28394,,63,Male,,,
28395,,19,Female,,,
28396,,29,Female,,,
28397,,34,Other,,,
28398,,63,Male,,,
28399,,25,Male,,,
28400,,64,Male,,,
28401,,43,Male,,,
28402,,61,Female,,,
28403,,24,Female,,,
28404,,40,Other,,,
28405,,66,Other,,,
28406,,47,Male,,,
28407,,44,Male,,,
28408,,27,Other,,,
28409,,11,Other,,,
28410,,48,Other,,,
28411,,21,Female,,,
28412,,75,Other,,,
28413,,53,Other,,,
28414,,63,Male,,,
28415,,18,Female,,,
28416,,62,Other,,,
28417,,56,Other,,,
28418,,31,Other,,,
28419,,71,Female,,,
28420,,58,Other,,,
28421,,28,Female,,,
28422,,45,Other,,,
28423,,57,Male,,,
28424,,19,Male,,,
28425,,20,Female,,,
28426,,17,Male,,,
28427,,47,Female,,,
28428,,14,Male,,,
28429,,75,Other,,,
28430,,26,Female,,,
28431,,17,Male,,,
28432,,41,Male,,,
28433,,39,Male,,,
28434,,62,Other,,,
28435,,18,Other,,,
28436,,60,Male,,,
28437,,37,Female,,,
28438,,52,Female,,,
28439,,57,Female,,,
28440,,10,Female,,,
28441,,59,Other,,,
28442,,31,Female,,,
28443,,72,Male,,,
28444,,58,Other,,,
28445,,45,Male,,,
28446,,15,Male,,,
28447,,13,Female,,,
28448,,64,Other,,,
28449,,26,Female,,,
28450,,32,Other,,,
28451,,74,Other,,,
28452,,15,Other,,,
28453,,76,Other,,,
28454,,26,Other,,,
28455,,42,Other,,,
28456,,31,Male,,,
28457,,44,Male,,,
28458,,44,Other,,,
28459,,25,Male,,,
28460,,62,Female,,,
28461,,29,Female,,,
28462,,21,Other,,,
28463,,61,Female,,,
28464,,62,Other,,,
28465,,14,Female,,,
28466,,24,Female,,,
28467,,14,Male,,,
28468,,31,Female,,,
28469,,14,Other,,,
28470,,62,Male,,,
28471,,49,Other,,,
28472,,24,Other,,,
28473,,25,Female,,,
28474,,16,Other,,,
28475,,35,Female,,,
28476,,35,Male,,,
28477,,34,Male,,,
28478,,41,Male,,,
28479,,71,Other,,,
28480,,35,Female,,,
28481,,35,Female,,,
28482,,55,Female,,,
28483,,29,Female,,,
28484,,29,Male,,,
28485,,40,Male,,,
28486,,62,Male,,,
28487,,14,Other,,,
28488,,34,Other,,,
28489,,48,Other,,,
28490,,56,Female,,,
28491,,21,Male,,,
28492,,53,Male,,,
28493,,69,Female,,,
28494,,28,Female,,,
28495,,75,Male,,,
28496,,39,Male,,,
28497,,45,Female,,,
28498,,40,Other,,,
28499,,37,Other,,,
28500,,73,Female,,,
28501,,45,Other,,,
28502,,61,Male,,,
28503,,25,Male,,,
28504,,79,Male,,,
28505,,66,Male,,,
28506,,17,Male,,,
28507,,38,Male,,,
28508,,35,Male,,,
28509,,25,Male,,,
28510,,33,Male,,,
28511,,23,Female,,,
28512,,74,Male,,,
28513,,48,Male,,,
28514,,64,Other,,,
28515,,71,Male,,,
28516,,74,Other,,,
28517,,59,Female,,,
28518,,20,Other,,,
28519,,45,Other,,,
28520,,12,Female,,,
28521,,61,Other,,,
28522,,43,Male,,,
28523,,62,Male,,,
28524,,33,Female,,,
28525,,75,Female,,,
28526,,11,Female,,,
28527,,31,Female,,,
28528,,17,Male,,,
28529,,37,Other,,,
28530,,14,Male,,,
28531,,40,Other,,,
28532,,16,Female,,,
28533,,21,Other,,,
28534,,69,Male,,,
28535,,62,Female,,,
28536,,37,Other,,,
28537,,39,Other,,,
28538,,68,Male,,,
28539,,32,Male,,,
28540,,36,Male,,,
28541,,25,Other,,,
28542,,31,Male,,,
28543,,44,Other,,,
28544,,29,Male,,,
28545,,51,Female,,,
28546,,23,Other,,,
28547,,39,Other,,,
28548,,41,Female,,,
28549,,32,Male,,,
28550,,76,Male,,,
28551,,25,Other,,,
28552,,38,Other,,,
28553,,25,Female,,,
28554,,71,Other,,,
28555,,33,Other,,,
28556,,77,Other,,,
28557,,27,Other,,,
28558,,58,Male,,,
28559,,24,Other,,,
28560,,59,Male,,,
28561,,69,Male,,,
28562,,74,Male,,,
28563,,40,Female,,,
28564,,24,Male,,,
28565,,21,Other,,,
28566,,77,Other,,,
28567,,17,Female,,,
28568,,37,Male,,,
28569,,20,Male,,,
28570,,55,Female,,,
28571,,45,Female,,,
28572,,72,Male,,,
28573,,73,Other,,,
28574,,42,Female,,,
28575,,42,Male,,,
28576,,79,Female,,,
28577,,31,Male,,,
28578,,26,Female,,,
28579,,55,Other,,,
28580,,75,Other,,,
28581,,62,Other,,,
28582,,11,Female,,,
28583,,64,Male,,,
28584,,53,Other,,,
28585,,20,Male,,,
28586,,13,Other,,,
28587,,58,Female,,,
28588,,41,Other,,,
28589,,46,Male,,,
28590,,21,Female,,,
28591,,20,Male,,,
28592,,58,Female,,,
28593,,64,Female,,,
28594,,73,Other,,,
28595,,34,Female,,,
28596,,43,Other,,,
28597,,61,Other,,,
28598,,46,Male,,,
28599,,42,Other,,,
28600,,36,Other,,,
28601,,68,Female,,,
28602,,14,Male,,,
28603,,71,Female,,,
28604,,30,Other,,,
28605,,44,Male,,,
28606,,13,Other,,,
28607,,51,Male,,,
28608,,49,Other,,,
28609,,37,Other,,,
28610,,65,Female,,,
28611,,61,Other,,,
28612,,79,Other,,,
28613,,79,Female,,,
28614,,56,Female,,,
28615,,59,Male,,,
28616,,21,Female,,,
28617,,41,Other,,,
28618,,14,Male,,,
28619,,48,Male,,,
28620,,76,Other,,,
28621,,36,Other,,,
28622,,61,Female,,,
28623,,48,Male,,,
28624,,25,Female,,,
28625,,70,Female,,,
28626,,16,Other,,,
28627,,38,Other,,,
28628,,33,Female,,,
28629,,73,Female,,,
28630,,16,Female,,,
28631,,45,Female,,,
28632,,29,Female,,,
28633,,23,Other,,,
28634,,23,Other,,,
28635,,18,Male,,,
28636,,43,Female,,,
28637,,47,Female,,,
28638,,13,Female,,,
28639,,73,Female,,,
28640,,21,Female,,,
28641,,73,Female,,,
28642,,56,Other,,,
28643,,17,Other,,,
28644,,68,Female,,,
28645,,13,Male,,,
28646,,19,Male,,,
28647,,54,Other,,,
28648,,75,Female,,,
28649,,50,Other,,,
28650,,14,Other,,,
28651,,69,Male,,,
28652,,28,Male,,,
28653,,60,Male,,,
28654,,32,Female,,,
28655,,78,Other,,,
28656,,23,Female,,,
28657,,72,Female,,,
28658,,31,Female,,,
28659,,69,Other,,,
28660,,79,Other,,,
28661,,10,Male,,,
28662,,57,Female,,,
28663,,44,Female,,,
28664,,44,Male,,,
28665,,69,Male,,,
28666,,78,Female,,,
28667,,53,Male,,,
28668,,57,Male,,,
28669,,21,Male,,,
28670,,39,Female,,,
28671,,51,Female,,,
28672,,75,Female,,,
28673,,62,Other,,,
28674,,73,Female,,,
28675,,17,Female,,,
28676,,77,Male,,,
28677,,35,Male,,,
28678,,18,Male,,,
28679,,71,Other,,,
28680,,43,Other,,,
28681,,78,Male,,,
28682,,28,Other,,,
28683,,33,Female,,,
28684,,37,Female,,,
28685,,12,Other,,,
28686,,74,Male,,,
28687,,74,Male,,,
28688,,56,Male,,,
28689,,52,Female,,,
28690,,52,Male,,,
28691,,31,Other,,,
28692,,26,Other,,,
28693,,76,Female,,,
28694,,61,Female,,,
28695,,57,Male,,,
28696,,29,Female,,,
28697,,18,Male,,,
28698,,10,Female,,,
28699,,75,Male,,,
28700,,58,Male,,,
28701,,30,Other,,,
28702,,66,Male,,,
28703,,74,Male,,,
28704,,39,Other,,,
28705,,55,Male,,,
28706,,19,Male,,,
28707,,79,Male,,,
28708,,73,Female,,,
28709,,23,Other,,,
28710,,26,Male,,,
28711,,68,Other,,,
28712,,59,Male,,,
28713,,69,Male,,,
28714,,52,Female,,,
28715,,50,Female,,,
28716,,59,Male,,,
28717,,72,Other,,,
28718,,34,Other,,,
28719,,63,Female,,,
28720,,64,Female,,,
28721,,22,Male,,,
28722,,61,Male,,,
28723,,41,Male,,,
28724,,27,Female,,,
28725,,50,Male,,,
28726,,51,Other,,,
28727,,22,Male,,,
28728,,10,Other,,,
28729,,68,Female,,,
28730,,59,Other,,,
28731,,22,Female,,,
28732,,36,Female,,,
28733,,31,Other,,,
28734,,56,Male,,,
28735,,15,Female,,,
28736,,49,Male,,,
28737,,34,Male,,,
28738,,26,Other,,,
28739,,55,Female,,,
28740,,60,Male,,,
28741,,11,Female,,,
28742,,69,Female,,,
28743,,66,Female,,,
28744,,28,Female,,,
28745,,71,Other,,,
28746,,78,Female,,,
28747,,55,Other,,,
28748,,49,Female,,,
28749,,28,Male,,,
28750,,15,Other,,,
28751,,15,Other,,,
28752,,69,Male,,,
28753,,36,Other,,,
28754,,25,Other,,,
28755,,44,Female,,,
28756,,20,Male,,,
28757,,34,Other,,,
28758,,74,Female,,,
28759,,49,Female,,,
28760,,58,Female,,,
28761,,58,Other,,,
28762,,18,Other,,,
28763,,16,Male,,,
28764,,72,Male,,,
28765,,17,Male,,,
28766,,59,Other,,,
28767,,25,Female,,,
28768,,71,Other,,,
28769,,36,Female,,,
28770,,38,Other,,,
28771,,69,Female,,,
28772,,24,Other,,,
28773,,10,Female,,,
28774,,43,Female,,,
28775,,22,Other,,,
28776,,14,Male,,,
28777,,10,Other,,,
28778,,60,Male,,,
28779,,33,Female,,,
28780,,72,Male,,,
28781,,67,Other,,,
28782,,15,Female,,,
28783,,37,Female,,,
28784,,15,Male,,,
28785,,42,Female,,,
28786,,37,Male,,,
28787,,49,Male,,,
28788,,22,Male,,,
28789,,50,Female,,,
28790,,69,Male,,,
28791,,47,Female,,,
28792,,42,Female,,,
28793,,36,Male,,,
28794,,68,Other,,,
28795,,78,Male,,,
28796,,78,Other,,,
28797,,13,Other,,,
28798,,13,Male,,,
28799,,37,Male,,,
28800,,55,Female,,,
28801,,53,Male,,,
28802,,73,Male,,,
28803,,64,Other,,,
28804,,73,Male,,,
28805,,20,Male,,,
28806,,10,Other,,,
28807,,44,Other,,,
28808,,72,Female,,,
28809,,26,Other,,,
28810,,10,Male,,,
28811,,37,Female,,,
28812,,44,Female,,,
28813,,68,Other,,,
28814,,54,Other,,,
28815,,38,Female,,,
28816,,15,Other,,,
28817,,45,Male,,,
28818,,21,Male,,,
28819,,33,Female,,,
28820,,14,Other,,,
28821,,28,Other,,,
28822,,65,Female,,,
28823,,52,Female,,,
28824,,67,Other,,,
28825,,59,Male,,,
28826,,55,Other,,,
28827,,33,Female,,,
28828,,56,Female,,,
28829,,75,Male,,,
28830,,18,Female,,,
28831,,41,Male,,,
28832,,24,Male,,,
28833,,36,Male,,,
28834,,40,Female,,,
28835,,70,Other,,,
28836,,79,Male,,,
28837,,66,Male,,,
28838,,21,Other,,,
28839,,45,Male,,,
28840,,32,Female,,,
28841,,21,Male,,,
28842,,36,Male,,,
28843,,73,Male,,,
28844,,63,Other,,,
28845,,30,Female,,,
28846,,79,Other,,,
28847,,67,Other,,,
28848,,12,Female,,,
28849,,61,Male,,,
28850,,76,Female,,,
28851,,74,Female,,,
28852,,36,Other,,,
28853,,62,Female,,,
28854,,49,Female,,,
28855,,55,Female,,,
28856,,63,Female,,,
28857,,42,Female,,,
28858,,59,Female,,,
28859,,51,Other,,,
28860,,60,Other,,,
28861,,64,Male,,,
28862,,43,Female,,,
28863,,40,Male,,,
28864,,50,Female,,,
28865,,60,Other,,,
28866,,14,Female,,,
28867,,79,Female,,,
28868,,59,Other,,,
28869,,78,Male,,,
28870,,10,Male,,,
28871,,41,Female,,,
28872,,57,Other,,,
28873,,32,Other,,,
28874,,48,Female,,,
28875,,35,Female,,,
28876,,79,Female,,,
28877,,26,Male,,,
28878,,31,Male,,,
28879,,45,Other,,,
28880,,44,Male,,,
28881,,43,Female,,,
28882,,22,Female,,,
28883,,61,Female,,,
28884,,76,Female,,,
28885,,45,Male,,,
28886,,56,Male,,,
28887,,72,Male,,,
28888,,25,Other,,,
28889,,10,Other,,,
28890,,46,Other,,,
28891,,50,Male,,,
28892,,45,Other,,,
28893,,61,Female,,,
28894,,71,Female,,,
28895,,79,Male,,,
28896,,26,Other,,,
28897,,73,Male,,,
28898,,51,Other,,,
28899,,38,Other,,,
28900,,21,Male,,,
28901,,41,Other,,,
28902,,68,Other,,,
28903,,22,Other,,,
28904,,49,Female,,,
28905,,17,Female,,,
28906,,60,Male,,,
28907,,70,Other,,,
28908,,77,Female,,,
28909,,13,Female,,,
28910,,76,Other,,,
28911,,58,Male,,,
28912,,50,Male,,,
28913,,19,Male,,,
28914,,71,Other,,,
28915,,43,Female,,,
28916,,58,Male,,,
28917,,13,Male,,,
28918,,64,Male,,,
28919,,23,Female,,,
28920,,57,Female,,,
28921,,10,Female,,,
28922,,62,Other,,,
28923,,48,Male,,,
28924,,63,Male,,,
28925,,68,Female,,,
28926,,55,Male,,,
28927,,55,Male,,,
28928,,63,Other,,,
28929,,46,Other,,,
28930,,71,Male,,,
28931,,63,Female,,,
28932,,48,Female,,,
28933,,37,Female,,,
28934,,15,Male,,,
28935,,10,Female,,,
28936,,57,Other,,,
28937,,67,Other,,,
28938,,57,Female,,,
28939,,39,Other,,,
28940,,46,Female,,,
28941,,61,Male,,,
28942,,23,Male,,,
28943,,46,Male,,,
28944,,31,Other,,,
28945,,37,Other,,,
28946,,18,Female,,,
28947,,19,Female,,,
28948,,34,Female,,,
28949,,65,Male,,,
28950,,68,Male,,,
28951,,49,Female,,,
28952,,67,Other,,,
28953,,23,Female,,,
28954,,60,Female,,,
28955,,66,Female,,,
28956,,40,Male,,,
28957,,38,Male,,,
28958,,25,Other,,,
28959,,65,Male,,,
28960,,21,Male,,,
28961,,77,Male,,,
28962,,15,Other,,,
28963,,36,Other,,,
28964,,74,Female,,,
28965,,78,Other,,,
28966,,15,Other,,,
28967,,41,Male,,,
28968,,53,Other,,,
28969,,71,Male,,,
28970,,50,Other,,,
28971,,37,Other,,,
28972,,37,Female,,,
28973,,77,Other,,,
28974,,69,Female,,,
28975,,24,Male,,,
28976,,40,Female,,,
28977,,43,Other,,,
28978,,25,Female,,,
28979,,14,Male,,,
28980,,41,Other,,,
28981,,21,Female,,,
28982,,11,Other,,,
28983,,24,Male,,,
28984,,28,Other,,,
28985,,35,Female,,,
28986,,72,Female,,,
28987,,31,Other,,,
28988,,16,Male,,,
28989,,53,Male,,,
28990,,29,Male,,,
28991,,17,Female,,,
28992,,39,Other,,,
28993,,36,Female,,,
28994,,56,Female,,,
28995,,56,Male,,,
28996,,69,Other,,,
28997,,48,Other,,,
28998,,22,Other,,,
28999,,65,Other,,,
29000,,68,Female,,,
29001,,43,Female,,,
29002,,75,Male,,,
29003,,28,Male,,,
29004,,20,Other,,,
29005,,48,Male,,,
29006,,38,Male,,,
29007,,44,Female,,,
29008,,58,Other,,,
29009,,62,Male,,,
29010,,64,Male,,,
29011,,10,Female,,,
29012,,58,Other,,,
29013,,50,Other,,,
29014,,54,Male,,,
29015,,55,Other,,,
29016,,30,Other,,,
29017,,61,Male,,,
29018,,60,Female,,,
29019,,22,Female,,,
29020,,51,Other,,,
29021,,54,Male,,,
29022,,26,Other,,,
29023,,73,Other,,,
29024,,22,Female,,,
29025,,42,Male,,,
29026,,79,Male,,,
29027,,58,Other,,,
29028,,75,Other,,,
29029,,16,Other,,,
29030,,49,Female,,,
29031,,22,Female,,,
29032,,54,Female,,,
29033,,79,Male,,,
29034,,64,Male,,,
29035,,66,Other,,,
29036,,42,Female,,,
29037,,43,Male,,,
29038,,28,Female,,,
29039,,34,Female,,,
29040,,18,Other,,,
29041,,29,Other,,,
29042,,40,Female,,,
29043,,35,Male,,,
29044,,30,Male,,,
29045,,59,Other,,,
29046,,70,Female,,,
29047,,30,Male,,,
29048,,17,Male,,,
29049,,60,Female,,,
29050,,40,Male,,,
29051,,75,Female,,,
29052,,25,Male,,,
29053,,51,Male,,,
29054,,59,Male,,,
29055,,43,Other,,,
29056,,59,Other,,,
29057,,27,Male,,,
29058,,42,Other,,,
29059,,10,Female,,,
29060,,79,Female,,,
29061,,67,Female,,,
29062,,10,Male,,,
29063,,75,Male,,,
29064,,36,Female,,,
29065,,23,Male,,,
29066,,68,Female,,,
29067,,22,Male,,,
29068,,59,Other,,,
29069,,75,Other,,,
29070,,14,Male,,,
29071,,74,Other,,,
29072,,45,Male,,,
29073,,22,Male,,,
29074,,65,Male,,,
29075,,41,Male,,,
29076,,16,Female,,,
29077,,68,Male,,,
29078,,54,Other,,,
29079,,39,Other,,,
29080,,29,Female,,,
29081,,17,Female,,,
29082,,32,Female,,,
29083,,78,Female,,,
29084,,75,Female,,,
29085,,35,Other,,,
29086,,49,Other,,,
29087,,67,Male,,,
29088,,30,Female,,,
29089,,62,Male,,,
29090,,69,Other,,,
29091,,77,Other,,,
29092,,27,Female,,,
29093,,64,Female,,,
29094,,35,Male,,,
29095,,29,Male,,,
29096,,57,Female,,,
29097,,60,Other,,,
29098,,67,Other,,,
29099,,32,Other,,,
29100,,61,Female,,,
29101,,67,Male,,,
29102,,72,Other,,,
29103,,78,Other,,,
29104,,42,Female,,,
29105,,30,Male,,,
29106,,62,Male,,,
29107,,38,Other,,,
29108,,25,Other,,,
29109,,11,Other,,,
29110,,64,Female,,,
29111,,55,Male,,,
29112,,33,Female,,,
29113,,74,Male,,,
29114,,73,Male,,,
29115,,70,Female,,,
29116,,36,Other,,,
29117,,66,Female,,,
29118,,35,Female,,,
29119,,11,Female,,,
29120,,12,Female,,,
29121,,26,Female,,,
29122,,18,Female,,,
29123,,60,Other,,,
29124,,44,Female,,,
29125,,15,Female,,,
29126,,52,Male,,,
29127,,63,Other,,,
29128,,64,Female,,,
29129,,74,Male,,,
29130,,53,Male,,,
29131,,42,Other,,,
29132,,46,Female,,,
29133,,63,Other,,,
29134,,66,Female,,,
29135,,78,Other,,,
29136,,29,Female,,,
29137,,13,Male,,,
29138,,27,Female,,,
29139,,43,Female,,,
29140,,55,Other,,,
29141,,73,Male,,,
29142,,29,Other,,,
29143,,78,Other,,,
29144,,27,Male,,,
29145,,10,Other,,,
29146,,33,Other,,,
29147,,63,Male,,,
29148,,32,Female,,,
29149,,40,Other,,,
29150,,50,Female,,,
29151,,13,Other,,,
29152,,79,Female,,,
29153,,54,Other,,,
29154,,37,Other,,,
29155,,68,Female,,,
29156,,43,Male,,,
29157,,63,Other,,,
29158,,27,Male,,,
29159,,57,Female,,,
29160,,79,Other,,,
29161,,60,Female,,,
29162,,78,Male,,,
29163,,24,Male,,,
29164,,77,Other,,,
29165,,29,Female,,,
29166,,44,Male,,,
29167,,27,Male,,,
29168,,47,Male,,,
29169,,60,Male,,,
29170,,45,Other,,,
29171,,44,Other,,,
29172,,33,Other,,,
29173,,16,Other,,,
29174,,76,Female,,,
29175,,39,Female,,,
29176,,20,Male,,,
29177,,63,Male,,,
29178,,70,Female,,,
29179,,33,Female,,,
29180,,11,Male,,,
29181,,20,Female,,,
29182,,72,Male,,,
29183,,34,Male,,,
29184,,74,Male,,,
29185,,60,Female,,,
29186,,64,Male,,,
29187,,38,Female,,,
29188,,65,Female,,,
29189,,77,Female,,,
29190,,58,Female,,,
29191,,10,Male,,,
29192,,35,Female,,,
29193,,21,Female,,,
29194,,79,Male,,,
29195,,38,Female,,,
29196,,39,Male,,,
29197,,28,Male,,,
29198,,53,Male,,,
29199,,35,Male,,,
29200,,76,Female,,,
29201,,18,Female,,,
29202,,36,Male,,,
29203,,75,Female,,,
29204,,32,Female,,,
29205,,65,Female,,,
29206,,67,Female,,,
29207,,21,Female,,,
29208,,26,Male,,,
29209,,78,Female,,,
29210,,77,Male,,,
29211,,30,Male,,,
29212,,44,Female,,,
29213,,18,Female,,,
29214,,10,Female,,,
29215,,16,Male,,,
29216,,68,Male,,,
29217,,23,Female,,,
29218,,15,Male,,,
29219,,40,Female,,,
29220,,24,Female,,,
29221,,26,Female,,,
29222,,50,Female,,,
29223,,22,Female,,,
29224,,44,Male,,,
29225,,13,Female,,,
29226,,37,Female,,,
29227,,22,Female,,,
29228,,66,Male,,,
29229,,75,Female,,,
29230,,72,Female,,,
29231,,40,Male,,,
29232,,34,Female,,,
29233,,32,Male,,,
29234,,23,Female,,,
29235,,27,Female,,,
29236,,43,Male,,,
29237,,59,Male,,,
29238,,58,Male,,,
29239,,76,Female,,,
29240,,31,Female,,,
29241,,30,Female,,,
29242,,41,Female,,,
29243,,18,Female,,,
29244,,73,Female,,,
29245,,20,Male,,,
29246,,50,Female,,,
29247,,28,Male,,,
29248,,54,Male,,,
29249,,48,Female,,,
29250,,69,Female,,,
29251,,42,Female,,,
29252,,17,Male,,,
29253,,78,Female,,,
29254,,79,Female,,,
29255,,26,Male,,,
29256,,15,Female,,,
29257,,74,Male,,,
29258,,77,Female,,,
29259,,64,Female,,,
29260,,16,Male,,,
29261,,37,Male,,,
29262,,73,Male,,,
29263,,40,Male,,,
29264,,27,Male,,,
29265,,32,Female,,,
29266,,13,Female,,,
29267,,10,Male,,,
29268,,67,Female,,,
29269,,58,Male,,,
29270,,58,Female,,,
29271,,39,Male,,,
29272,,16,Male,,,
29273,,74,Male,,,
29274,,64,Male,,,
29275,,52,Female,,,
29276,,21,Female,,,
29277,,42,Female,,,
29278,,28,Female,,,
29279,,32,Male,,,
29280,,55,Female,,,
29281,,36,Female,,,
29282,,72,Female,,,
29283,,64,Male,,,
29284,,45,Male,,,
29285,,29,Female,,,
29286,,67,Female,,,
29287,,53,Female,,,
29288,,58,Male,,,
29289,,32,Female,,,
29290,,27,Female,,,
29291,,25,Female,,,
29292,,18,Female,,,
29293,,53,Female,,,
29294,,59,Female,,,
29295,,26,Female,,,
29296,,23,Male,,,
29297,,19,Female,,,
29298,,45,Female,,,
29299,,62,Female,,,
29300,,18,Female,,,
29301,,20,Male,,,
29302,,28,Female,,,
29303,,41,Female,,,
29304,,77,Female,,,
29305,,26,Female,,,
29306,,43,Female,,,
29307,,65,Male,,,
29308,,66,Female,,,
29309,,10,Female,,,
29310,,54,Male,,,
29311,,56,Female,,,
29312,,70,Female,,,
29313,,46,Female,,,
29314,,62,Male,,,
29315,,52,Male,,,
29316,,17,Male,,,
29317,,60,Female,,,
29318,,72,Female,,,
29319,,23,Female,,,
29320,,37,Male,,,
29321,,46,Female,,,
29322,,65,Female,,,
29323,,27,Female,,,
29324,,58,Male,,,
29325,,62,Female,,,
29326,,39,Female,,,
29327,,66,Female,,,
29328,,43,Female,,,
29329,,22,Female,,,
29330,,53,Female,,,
29331,,29,Female,,,
29332,,24,Female,,,
29333,,75,Female,,,
29334,,74,Female,,,
29335,,65,Female,,,
29336,,34,Female,,,
29337,,65,Male,,,
29338,,60,Female,,,
29339,,41,Female,,,
29340,,78,Male,,,
29341,,32,Female,,,
29342,,55,Male,,,
29343,,66,Female,,,
29344,,71,Male,,,
29345,,36,Female,,,
29346,,58,Female,,,
29347,,34,Female,,,
29348,,24,Male,,,
29349,,79,Female,,,
29350,,27,Female,,,
29351,,52,Male,,,
29352,,31,Male,,,
29353,,72,Female,,,
29354,,76,Female,,,
29355,,25,Female,,,
29356,,11,Female,,,
29357,,78,Male,,,
29358,,48,Female,,,
29359,,54,Female,,,
29360,,76,Female,,,
29361,,40,Male,,,
29362,,20,Female,,,
29363,,15,Female,,,
29364,,23,Female,,,
29365,,65,Male,,,
29366,,31,Male,,,
29367,,34,Female,,,
29368,,53,Female,,,
29369,,25,Female,,,
29370,,34,Female,,,
29371,,78,Female,,,
29372,,49,Female,,,
29373,,36,Female,,,
29374,,50,Male,,,
29375,,25,Male,,,
29376,,40,Female,,,
29377,,51,Female,,,
29378,,63,Male,,,
29379,,11,Male,,,
29380,,63,Male,,,
29381,,77,Female,,,
29382,,79,Female,,,
29383,,28,Female,,,
29384,,70,Male,,,
29385,,47,Male,,,
29386,,36,Male,,,
29387,,32,Female,,,
29388,,38,Male,,,
29389,,13,Female,,,
29390,,58,Female,,,
29391,,15,Female,,,
29392,,11,Female,,,
29393,,33,Female,,,
29394,,22,Female,,,
29395,,20,Male,,,
29396,,36,Female,,,
29397,,68,Female,,,
29398,,13,Female,,,
29399,,20,Male,,,
29400,,49,Male,,,
29401,,15,Female,,,
29402,,55,Female,,,
29403,,67,Male,,,
29404,,76,Male,,,
29405,,33,Female,,,
29406,,66,Male,,,
29407,,59,Female,,,
29408,,52,Male,,,
29409,,10,Female,,,
29410,,38,Male,,,
29411,,22,Male,,,
29412,,32,Female,,,
29413,,20,Female,,,
29414,,54,Female,,,
29415,,15,Female,,,
29416,,21,Female,,,
29417,,58,Male,,,
29418,,42,Female,,,
29419,,10,Female,,,
29420,,42,Female,,,
29421,,16,Female,,,
29422,,42,Male,,,
29423,,12,Male,,,
29424,,59,Female,,,
29425,,39,Female,,,
29426,,20,Female,,,
29427,,54,Male,,,
29428,,45,Female,,,
29429,,12,Female,,,
29430,,77,Male,,,
29431,,46,Female,,,
29432,,77,Female,,,
29433,,13,Male,,,
29434,,20,Female,,,
29435,,27,Male,,,
29436,,23,Female,,,
29437,,52,Female,,,
29438,,11,Female,,,
29439,,56,Male,,,
29440,,48,Female,,,
29441,,78,Male,,,
29442,,50,Female,,,
29443,,30,Female,,,
29444,,37,Male,,,
29445,,38,Male,,,
29446,,25,Female,,,
29447,,30,Female,,,
29448,,75,Male,,,
29449,,72,Female,,,
29450,,17,Female,,,
29451,,15,Male,,,
29452,,47,Male,,,
29453,,27,Male,,,
29454,,10,Female,,,
29455,,41,Female,,,
29456,,15,Female,,,
29457,,32,Female,,,
29458,,34,Female,,,
29459,,67,Male,,,
29460,,57,Female,,,
29461,,63,Male,,,
29462,,77,Female,,,
29463,,17,Female,,,
29464,,44,Female,,,
29465,,38,Female,,,
29466,,76,Female,,,
29467,,30,Male,,,
29468,,56,Male,,,
29469,,23,Female,,,
29470,,39,Female,,,
29471,,37,Male,,,
29472,,52,Female,,,
29473,,23,Female,,,
29474,,30,Male,,,
29475,,28,Male,,,
29476,,58,Female,,,
29477,,22,Female,,,
29478,,30,Male,,,
29479,,58,Male,,,
29480,,67,Male,,,
29481,,46,Male,,,
29482,,33,Female,,,
29483,,75,Female,,,
29484,,71,Female,,,
29485,,28,Male,,,
29486,,12,Female,,,
29487,,42,Female,,,
29488,,23,Male,,,
29489,,44,Male,,,
29490,,72,Female,,,
29491,,61,Female,,,
29492,,51,Male,,,
29493,,58,Female,,,
29494,,44,Female,,,
29495,,34,Female,,,
29496,,69,Female,,,
29497,,43,Female,,,
29498,,39,Female,,,
29499,,22,Male,,,
29500,,40,Female,,,
29501,,44,Female,,,
29502,,76,Male,,,
29503,,13,Male,,,
29504,,64,Female,,,
29505,,17,Male,,,
29506,,71,Male,,,
29507,,56,Male,,,
29508,,28,Female,,,
29509,,14,Female,,,
29510,,51,Female,,,
29511,,33,Female,,,
29512,,79,Male,,,
29513,,49,Male,,,
29514,,44,Female,,,
29515,,34,Male,,,
29516,,24,Female,,,
29517,,59,Female,,,
29518,,31,Male,,,
29519,,68,Male,,,
29520,,56,Male,,,
29521,,65,Female,,,
29522,,78,Female,,,
29523,,27,Female,,,
29524,,70,Female,,,
29525,,24,Female,,,
29526,,72,Female,,,
29527,,48,Female,,,
29528,,44,Female,,,
29529,,34,Male,,,
29530,,10,Female,,,
29531,,77,Female,,,
29532,,77,Female,,,
29533,,27,Female,,,
29534,,57,Female,,,
29535,,57,Female,,,
29536,,30,Female,,,
29537,,62,Female,,,
29538,,42,Female,,,
29539,,27,Male,,,
29540,,57,Female,,,
29541,,51,Male,,,
29542,,30,Female,,,
29543,,34,Male,,,
29544,,15,Female,,,
29545,,38,Female,,,
29546,,49,Female,,,
29547,,61,Female,,,
29548,,25,Female,,,
29549,,24,Male,,,
29550,,38,Male,,,
29551,,22,Female,,,
29552,,39,Female,,,
29553,,41,Female,,,
29554,,42,Male,,,
29555,,69,Female,,,
29556,,39,Female,,,
29557,,79,Male,,,
29558,,70,Male,,,
29559,,62,Female,,,
29560,,60,Female,,,
29561,,59,Female,,,
29562,,17,Female,,,
29563,,51,Female,,,
29564,,18,Male,,,
29565,,14,Male,,,
29566,,79,Male,,,
29567,,48,Female,,,
29568,,32,Male,,,
29569,,44,Male,,,
29570,,76,Female,,,
29571,,53,Female,,,
29572,,36,Female,,,
29573,,11,Male,,,
29574,,53,Male,,,
29575,,48,Male,,,
29576,,27,Female,,,
29577,,37,Female,,,
29578,,11,Male,,,
29579,,41,Female,,,
29580,,37,Female,,,
29581,,53,Female,,,
29582,,35,Male,,,
29583,,25,Female,,,
29584,,52,Male,,,
29585,,47,Female,,,
29586,,48,Female,,,
29587,,26,Female,,,
29588,,33,Female,,,
29589,,58,Male,,,
29590,,76,Female,,,
29591,,35,Male,,,
29592,,24,Male,,,
29593,,63,Male,,,
29594,,69,Female,,,
29595,,72,Male,,,
29596,,19,Female,,,
29597,,18,Male,,,
29598,,77,Female,,,
29599,,20,Female,,,
29600,,72,Female,,,
29601,,78,Male,,,
29602,,51,Male,,,
29603,,29,Male,,,
29604,,36,Male,,,
29605,,76,Female,,,
29606,,70,Male,,,
29607,,78,Male,,,
29608,,74,Male,,,
29609,,78,Female,,,
29610,,78,Male,,,
29611,,71,Female,,,
29612,,29,Male,,,
29613,,25,Male,,,
29614,,20,Female,,,
29615,,21,Female,,,
29616,,56,Male,,,
29617,,54,Female,,,
29618,,27,Female,,,
29619,,41,Male,,,
29620,,73,Female,,,
29621,,25,Female,,,
29622,,66,Male,,,
29623,,49,Female,,,
29624,,56,Male,,,
29625,,27,Female,,,
29626,,61,Male,,,
29627,,48,Female,,,
29628,,28,Male,,,
29629,,36,Female,,,
29630,,46,Female,,,
29631,,11,Female,,,
29632,,64,Female,,,
29633,,79,Female,,,
29634,,67,Female,,,
29635,,30,Female,,,
29636,,45,Female,,,
29637,,40,Female,,,
29638,,36,Female,,,
29639,,29,Male,,,
29640,,19,Female,,,
29641,,21,Male,,,
29642,,65,Male,,,
29643,,50,Female,,,
29644,,38,Female,,,
29645,,69,Male,,,
29646,,44,Female,,,
29647,,17,Female,,,
29648,,36,Male,,,
29649,,59,Female,,,
29650,,15,Female,,,
29651,,50,Female,,,
29652,,47,Female,,,
29653,,57,Female,,,
29654,,14,Female,,,
29655,,29,Female,,,
29656,,26,Male,,,
29657,,59,Male,,,
29658,,56,Female,,,
29659,,59,Female,,,
29660,,35,Female,,,
29661,,79,Female,,,
29662,,53,Female,,,
29663,,61,Female,,,
29664,,31,Female,,,
29665,,20,Female,,,
29666,,44,Female,,,
29667,,73,Male,,,
29668,,69,Male,,,
29669,,18,Female,,,
29670,,61,Male,,,
29671,,13,Female,,,
29672,,49,Female,,,
29673,,39,Male,,,
29674,,48,Male,,,
29675,,66,Female,,,
29676,,31,Female,,,
29677,,36,Female,,,
29678,,69,Female,,,
29679,,72,Male,,,
29680,,72,Female,,,
29681,,14,Female,,,
29682,,63,Female,,,
29683,,51,Female,,,
29684,,42,Female,,,
29685,,15,Female,,,
29686,,73,Male,,,
29687,,28,Male,,,
29688,,44,Female,,,
29689,,38,Female,,,
29690,,43,Female,,,
29691,,36,Male,,,
29692,,56,Female,,,
29693,,15,Male,,,
29694,,24,Male,,,
29695,,78,Female,,,
29696,,72,Female,,,
29697,,22,Female,,,
29698,,53,Male,,,
29699,,37,Female,,,
29700,,75,Female,,,
29701,,73,Female,,,
29702,,73,Female,,,
29703,,58,Female,,,
29704,,51,Female,,,
29705,,39,Male,,,
29706,,14,Female,,,
29707,,45,Male,,,
29708,,76,Female,,,
29709,,55,Female,,,
29710,,73,Female,,,
29711,,39,Female,,,
29712,,39,Female,,,
29713,,57,Male,,,
29714,,17,Female,,,
29715,,75,Female,,,
29716,,30,Female,,,
29717,,77,Male,,,
29718,,71,Male,,,
29719,,61,Female,,,
29720,,75,Female,,,
29721,,70,Male,,,
29722,,17,Female,,,
29723,,78,Female,,,
29724,,68,Female,,,
29725,,72,Female,,,
29726,,14,Male,,,
29727,,30,Male,,,
29728,,29,Female,,,
29729,,79,Male,,,
29730,,33,Female,,,
29731,,23,Female,,,
29732,,30,Female,,,
29733,,79,Female,,,
29734,,67,Female,,,
29735,,17,Female,,,
29736,,64,Female,,,
29737,,32,Male,,,
29738,,11,Male,,,
29739,,30,Female,,,
29740,,30,Female,,,
29741,,32,Female,,,
29742,,67,Female,,,
29743,,43,Male,,,
29744,,51,Male,,,
29745,,14,Male,,,
29746,,57,Female,,,
29747,,38,Female,,,
29748,,69,Female,,,
29749,,51,Male,,,
29750,,36,Male,,,
29751,,50,Male,,,
29752,,68,Female,,,
29753,,37,Female,,,
29754,,39,Female,,,
29755,,50,Female,,,
29756,,48,Male,,,
29757,,72,Female,,,
29758,,51,Female,,,
29759,,11,Male,,,
29760,,21,Female,,,
29761,,49,Female,,,
29762,,46,Female,,,
29763,,67,Female,,,
29764,,50,Female,,,
29765,,13,Female,,,
29766,,11,Female,,,
29767,,58,Female,,,
29768,,65,Female,,,
29769,,44,Female,,,
29770,,18,Male,,,
29771,,55,Female,,,
29772,,38,Male,,,
29773,,29,Male,,,
29774,,24,Male,,,
29775,,53,Male,,,
29776,,77,Female,,,
29777,,36,Female,,,
29778,,78,Female,,,
29779,,31,Female,,,
29780,,41,Male,,,
29781,,72,Female,,,
29782,,17,Female,,,
29783,,75,Male,,,
29784,,26,Female,,,
29785,,40,Male,,,
29786,,33,Female,,,
29787,,33,Female,,,
29788,,51,Female,,,
29789,,38,Male,,,
29790,,46,Male,,,
29791,,35,Female,,,
29792,,16,Female,,,
29793,,45,Female,,,
29794,,61,Female,,,
29795,,55,Female,,,
29796,,58,Male,,,
29797,,40,Male,,,
29798,,76,Female,,,
29799,,24,Male,,,
29800,,33,Female,,,
29801,,75,Male,,,
29802,,19,Male,,,
29803,,58,Female,,,
29804,,61,Male,,,
29805,,70,Male,,,
29806,,14,Male,,,
29807,,13,Male,,,
29808,,73,Male,,,
29809,,54,Female,,,
29810,,78,Male,,,
29811,,13,Female,,,
29812,,53,Female,,,
29813,,49,Female,,,
29814,,59,Female,,,
29815,,50,Female,,,
29816,,10,Female,,,
29817,,23,Female,,,
29818,,39,Male,,,
29819,,39,Female,,,
29820,,75,Male,,,
29821,,14,Female,,,
29822,,52,Male,,,
29823,,40,Male,,,
29824,,48,Female,,,
29825,,10,Male,,,
29826,,72,Female,,,
29827,,60,Male,,,
29828,,11,Female,,,
29829,,38,Female,,,
29830,,79,Male,,,
29831,,13,Female,,,
29832,,79,Female,,,
29833,,25,Female,,,
29834,,41,Female,,,
29835,,67,Male,,,
29836,,11,Female,,,
29837,,55,Male,,,
29838,,26,Female,,,
29839,,26,Female,,,
29840,,34,Female,,,
29841,,51,Male,,,
29842,,47,Male,,,
29843,,16,Male,,,
29844,,50,Male,,,
29845,,64,Female,,,
29846,,31,Female,,,
29847,,78,Male,,,
29848,,47,Male,,,
29849,,44,Male,,,
29850,,43,Female,,,
29851,,20,Male,,,
29852,,72,Female,,,
29853,,40,Female,,,
29854,,25,Female,,,
29855,,18,Female,,,
29856,,31,Male,,,
29857,,76,Male,,,
29858,,77,Female,,,
29859,,24,Female,,,
29860,,46,Female,,,
29861,,37,Male,,,
29862,,40,Female,,,
29863,,79,Female,,,
29864,,37,Female,,,
29865,,47,Male,,,
29866,,56,Male,,,
29867,,58,Female,,,
29868,,35,Male,,,
29869,,12,Female,,,
29870,,66,Female,,,
29871,,12,Male,,,
29872,,20,Female,,,
29873,,55,Female,,,
29874,,50,Female,,,
29875,,66,Female,,,
29876,,50,Female,,,
29877,,63,Female,,,
29878,,70,Female,,,
29879,,13,Male,,,
29880,,25,Female,,,
29881,,47,Male,,,
29882,,64,Female,,,
29883,,12,Female,,,
29884,,60,Male,,,
29885,,35,Female,,,
29886,,68,Female,,,
29887,,30,Male,,,
29888,,48,Female,,,
29889,,47,Female,,,
29890,,76,Male,,,
29891,,67,Female,,,
29892,,43,Female,,,
29893,,12,Female,,,
29894,,22,Male,,,
29895,,22,Male,,,
29896,,46,Female,,,
29897,,78,Female,,,
29898,,11,Male,,,
29899,,66,Female,,,
29900,,23,Female,,,
29901,,54,Male,,,
29902,,69,Female,,,
29903,,52,Female,,,
29904,,72,Male,,,
29905,,42,Male,,,
29906,,40,Female,,,
29907,,59,Male,,,
29908,,12,Female,,,
29909,,19,Female,,,
29910,,66,Male,,,
29911,,20,Female,,,
29912,,34,Female,,,
29913,,27,Male,,,
29914,,28,Female,,,
29915,,49,Female,,,
29916,,75,Female,,,
29917,,77,Female,,,
29918,,17,Female,,,
29919,,21,Female,,,
29920,,31,Male,,,
29921,,57,Female,,,
29922,,53,Male,,,
29923,,71,Female,,,
29924,,35,Female,,,
29925,,32,Male,,,
29926,,42,Female,,,
29927,,58,Male,,,
29928,,25,Female,,,
29929,,49,Female,,,
29930,,28,Female,,,
29931,,23,Female,,,
29932,,14,Female,,,
29933,,78,Male,,,
29934,,58,Female,,,
29935,,20,Female,,,
29936,,34,Female,,,
29937,,36,Male,,,
29938,,69,Male,,,
29939,,37,Male,,,
29940,,33,Male,,,
29941,,43,Female,,,
29942,,11,Female,,,
29943,,18,Male,,,
29944,,56,Male,,,
29945,,66,Female,,,
29946,,19,Female,,,
29947,,78,Female,,,
29948,,57,Male,,,
29949,,28,Male,,,
29950,,52,Female,,,
29951,,48,Female,,,
29952,,69,Male,,,
29953,,36,Female,,,
29954,,62,Female,,,
29955,,74,Female,,,
29956,,68,Female,,,
29957,,35,Female,,,
29958,,10,Male,,,
29959,,69,Male,,,
29960,,18,Male,,,
29961,,35,Male,,,
29962,,28,Female,,,
29963,,41,Male,,,
29964,,58,Male,,,
29965,,66,Male,,,
29966,,35,Male,,,
29967,,58,Female,,,
29968,,22,Female,,,
29969,,24,Female,,,
29970,,14,Female,,,
29971,,10,Female,,,
29972,,11,Female,,,
29973,,28,Female,,,
29974,,61,Female,,,
29975,,51,Male,,,
29976,,35,Female,,,
29977,,70,Female,,,
29978,,47,Female,,,
29979,,59,Female,,,
29980,,33,Male,,,
29981,,75,Male,,,
29982,,47,Female,,,
29983,,52,Male,,,
29984,,10,Female,,,
29985,,69,Female,,,
29986,,21,Female,,,
29987,,78,Male,,,
29988,,36,Female,,,
29989,,45,Female,,,
29990,,36,Male,,,
29991,,58,Female,,,
29992,,29,Male,,,
29993,,32,Male,,,
29994,,27,Female,,,
29995,,21,Male,,,
29996,,76,Male,,,
29997,,15,Male,,,
29998,,55,Female,,,
29999,,56,Female,,,
30000,,17,Female,,,
30001,,48,Female,,,
30002,,56,Female,,,
30003,,53,Female,,,
30004,,61,Female,,,
30005,,35,Female,,,
30006,,26,Male,,,
30007,,44,Female,,,
30008,,26,Female,,,
30009,,65,Female,,,
30010,,45,Female,,,
30011,,39,Female,,,
30012,,58,Female,,,
30013,,47,Female,,,
30014,,37,Female,,,
30015,,38,Female,,,
30016,,47,Female,,,
30017,,40,Female,,,
30018,,25,Female,,,
30019,,79,Male,,,
30020,,58,Male,,,
30021,,67,Female,,,
30022,,62,Male,,,
30023,,18,Male,,,
30024,,35,Female,,,
30025,,55,Female,,,
30026,,53,Female,,,
30027,,48,Female,,,
30028,,71,Female,,,
30029,,59,Male,,,
30030,,43,Male,,,
30031,,12,Female,,,
30032,,51,Female,,,
30033,,23,Female,,,
30034,,57,Male,,,
30035,,13,Female,,,
30036,,47,Female,,,
30037,,71,Female,,,
30038,,59,Female,,,
30039,,66,Female,,,
30040,,48,Female,,,
30041,,54,Female,,,
30042,,26,Female,,,
30043,,70,Female,,,
30044,,25,Female,,,
30045,,52,Female,,,
30046,,65,Female,,,
30047,,12,Female,,,
30048,,32,Female,,,
30049,,48,Female,,,
30050,,36,Female,,,
30051,,42,Female,,,
30052,,26,Female,,,
30053,,44,Female,,,
30054,,35,Female,,,
30055,,70,Female,,,
30056,,73,Male,,,
30057,,11,Female,,,
30058,,56,Male,,,
30059,,19,Male,,,
30060,,22,Female,,,
30061,,38,Male,,,
30062,,69,Female,,,
30063,,37,Female,,,
30064,,25,Female,,,
30065,,23,Female,,,
30066,,68,Male,,,
30067,,10,Male,,,
30068,,50,Female,,,
30069,,58,Female,,,
30070,,13,Male,,,
30071,,35,Female,,,
30072,,58,Female,,,
30073,,60,Male,,,
30074,,24,Female,,,
30075,,64,Female,,,
30076,,62,Female,,,
30077,,16,Female,,,
30078,,62,Male,,,
30079,,31,Female,,,
30080,,11,Male,,,
30081,,57,Female,,,
30082,,15,Female,,,
30083,,24,Male,,,
30084,,45,Male,,,
30085,,21,Female,,,
30086,,74,Female,,,
30087,,21,Male,,,
30088,,76,Female,,,
30089,,37,Male,,,
30090,,67,Female,,,
30091,,26,Female,,,
30092,,64,Female,,,
30093,,19,Female,,,
30094,,32,Female,,,
30095,,43,Female,,,
30096,,26,Female,,,
30097,,51,Female,,,
30098,,43,Male,,,
30099,,62,Female,,,
30100,,72,Male,,,
30101,,79,Male,,,
30102,,56,Female,,,
30103,,34,Male,,,
30104,,69,Female,,,
30105,,16,Female,,,
30106,,62,Female,,,
30107,,45,Female,,,
30108,,33,Female,,,
30109,,44,Female,,,
30110,,71,Female,,,
30111,,18,Male,,,
30112,,12,Male,,,
30113,,45,Female,,,
30114,,64,Female,,,
30115,,62,Female,,,
30116,,66,Female,,,
30117,,19,Male,,,
30118,,44,Female,,,
30119,,68,Male,,,
30120,,79,Female,,,
30121,,22,Male,,,
30122,,45,Male,,,
30123,,60,Female,,,
30124,,10,Female,,,
30125,,51,Female,,,
30126,,45,Female,,,
30127,,27,Female,,,
30128,,37,Female,,,
30129,,29,Female,,,
30130,,38,Male,,,
30131,,27,Female,,,
30132,,36,Female,,,
30133,,24,Female,,,
30134,,28,Female,,,
30135,,36,Male,,,
30136,,68,Male,,,
30137,,65,Female,,,
30138,,71,Female,,,
30139,,72,Female,,,
30140,,30,Female,,,
30141,,30,Female,,,
30142,,26,Female,,,
30143,,55,Female,,,
30144,,68,Female,,,
30145,,52,Male,,,
30146,,36,Female,,,
30147,,48,Male,,,
30148,,57,Female,,,
30149,,73,Female,,,
30150,,13,Female,,,
30151,,69,Male,,,
30152,,70,Female,,,
30153,,23,Female,,,
30154,,65,Male,,,
30155,,11,Female,,,
30156,,65,Female,,,
30157,,62,Female,,,
30158,,76,Male,,,
30159,,66,Male,,,
30160,,20,Female,,,
30161,,79,Male,,,
30162,,39,Female,,,
30163,,10,Male,,,
30164,,56,Female,,,
30165,,62,Female,,,
30166,,76,Male,,,
30167,,67,Female,,,
30168,,66,Female,,,
30169,,26,Male,,,
30170,,59,Male,,,
30171,,51,Male,,,
30172,,68,Female,,,
30173,,15,Female,,,
30174,,52,Male,,,
30175,,77,Female,,,
30176,,31,Female,,,
30177,,17,Female,,,
30178,,30,Female,,,
30179,,69,Male,,,
30180,,26,Female,,,
30181,,39,Female,,,
30182,,39,Female,,,
30183,,19,Male,,,
30184,,60,Female,,,
30185,,16,Male,,,
30186,,22,Female,,,
30187,,23,Female,,,
30188,,78,Female,,,
30189,,77,Female,,,
30190,,79,Male,,,
30191,,13,Female,,,
30192,,21,Male,,,
30193,,27,Female,,,
30194,,44,Male,,,
30195,,46,Female,,,
30196,,16,Male,,,
30197,,60,Female,,,
30198,,74,Female,,,
30199,,58,Male,,,
30200,,47,Male,,,
30201,,29,Female,,,
30202,,26,Female,,,
30203,,26,Female,,,
30204,,78,Female,,,
30205,,13,Male,,,
30206,,35,Female,,,
30207,,26,Female,,,
30208,,27,Female,,,
30209,,67,Male,,,
30210,,60,Female,,,
30211,,78,Female,,,
30212,,31,Female,,,
30213,,17,Female,,,
30214,,10,Male,,,
30215,,53,Female,,,
30216,,37,Female,,,
30217,,18,Female,,,
30218,,36,Female,,,
30219,,44,Female,,,
30220,,24,Female,,,
30221,,41,Male,,,
30222,,79,Male,,,
30223,,23,Female,,,
30224,,46,Male,,,
30225,,56,Female,,,
30226,,79,Male,,,
30227,,11,Female,,,
30228,,41,Female,,,
30229,,79,Male,,,
30230,,42,Female,,,
30231,,14,Female,,,
30232,,77,Female,,,
30233,,56,Female,,,
30234,,67,Female,,,
30235,,18,Male,,,
30236,,45,Male,,,
30237,,30,Female,,,
30238,,77,Female,,,
30239,,77,Male,,,
30240,,40,Male,,,
30241,,49,Female,,,
30242,,18,Female,,,
30243,,13,Male,,,
30244,,29,Female,,,
30245,,39,Female,,,
30246,,47,Male,,,
30247,,26,Female,,,
30248,,60,Female,,,
30249,,10,Female,,,
30250,,28,Female,,,
30251,,56,Female,,,
30252,,19,Female,,,
30253,,55,Male,,,
30254,,75,Female,,,
30255,,37,Male,,,
30256,,78,Female,,,
30257,,73,Female,,,
30258,,73,Male,,,
30259,,64,Female,,,
30260,,51,Male,,,
30261,,29,Female,,,
30262,,14,Female,,,
30263,,64,Male,,,
30264,,58,Male,,,
30265,,65,Female,,,
30266,,11,Male,,,
30267,,49,Male,,,
30268,,37,Female,,,
30269,,69,Male,,,
30270,,63,Male,,,
30271,,30,Male,,,
30272,,58,Female,,,
30273,,73,Female,,,
30274,,14,Female,,,
30275,,47,Female,,,
30276,,27,Female,,,
30277,,43,Female,,,
30278,,35,Female,,,
30279,,61,Female,,,
30280,,52,Male,,,
30281,,14,Female,,,
30282,,40,Female,,,
30283,,47,Male,,,
30284,,76,Female,,,
30285,,55,Female,,,
30286,,57,Male,,,
30287,,72,Female,,,
30288,,78,Male,,,
30289,,57,Female,,,
30290,,43,Female,,,
30291,,56,Male,,,
30292,,60,Female,,,
30293,,76,Female,,,
30294,,39,Male,,,
30295,,45,Female,,,
30296,,46,Female,,,
30297,,36,Female,,,
30298,,74,Male,,,
30299,,60,Female,,,
30300,,41,Male,,,
30301,,50,Male,,,
30302,,57,Female,,,
30303,,38,Male,,,
30304,,43,Female,,,
30305,,62,Male,,,
30306,,22,Female,,,
30307,,51,Male,,,
30308,,67,Female,,,
30309,,66,Male,,,
30310,,28,Female,,,
30311,,29,Female,,,
30312,,33,Female,,,
30313,,64,Female,,,
30314,,43,Female,,,
30315,,20,Female,,,
30316,,11,Male,,,
30317,,60,Male,,,
30318,,36,Female,,,
30319,,38,Female,,,
30320,,13,Female,,,
30321,,38,Female,,,
30322,,68,Female,,,
30323,,76,Female,,,
30324,,75,Male,,,
30325,,60,Female,,,
30326,,57,Female,,,
30327,,59,Female,,,
30328,,75,Female,,,
30329,,58,Male,,,
30330,,76,Female,,,
30331,,18,Male,,,
30332,,37,Female,,,
30333,,35,Male,,,
30334,,54,Female,,,
30335,,29,Female,,,
30336,,17,Female,,,
30337,,27,Female,,,
30338,,33,Male,,,
30339,,73,Female,,,
30340,,23,Male,,,
30341,,48,Female,,,
30342,,50,Female,,,
30343,,60,Female,,,
30344,,28,Male,,,
30345,,29,Male,,,
30346,,79,Female,,,
30347,,36,Female,,,
30348,,72,Female,,,
30349,,30,Male,,,
30350,,68,Male,,,
30351,,44,Female,,,
30352,,49,Female,,,
30353,,79,Female,,,
30354,,54,Female,,,
30355,,10,Female,,,
30356,,54,Female,,,
30357,,16,Female,,,
30358,,71,Female,,,
30359,,61,Female,,,
30360,,16,Female,,,
30361,,44,Male,,,
30362,,29,Female,,,
30363,,61,Female,,,
30364,,63,Female,,,
30365,,39,Female,,,
30366,,74,Female,,,
30367,,35,Male,,,
30368,,50,Female,,,
30369,,41,Female,,,
30370,,78,Male,,,
30371,,41,Female,,,
30372,,13,Female,,,
30373,,37,Male,,,
30374,,46,Female,,,
30375,,31,Female,,,
30376,,61,Female,,,
30377,,23,Male,,,
30378,,18,Male,,,
30379,,48,Female,,,
30380,,16,Male,,,
30381,,73,Female,,,
30382,,74,Male,,,
30383,,67,Female,,,
30384,,31,Female,,,
30385,,51,Male,,,
30386,,35,Male,,,
30387,,50,Female,,,
30388,,75,Female,,,
30389,,33,Female,,,
30390,,10,Male,,,
30391,,73,Female,,,
30392,,27,Female,,,
30393,,44,Female,,,
30394,,33,Male,,,
30395,,10,Female,,,
30396,,54,Male,,,
30397,,19,Male,,,
30398,,14,Female,,,
30399,,59,Male,,,
30400,,78,Male,,,
30401,,48,Female,,,
30402,,62,Male,,,
30403,,61,Female,,,
30404,,43,Female,,,
30405,,51,Male,,,
30406,,40,Female,,,
30407,,70,Female,,,
30408,,58,Female,,,
30409,,54,Female,,,
30410,,28,Male,,,
30411,,63,Female,,,
30412,,71,Female,,,
30413,,69,Female,,,
30414,,66,Female,,,
30415,,74,Female,,,
30416,,53,Female,,,
30417,,46,Male,,,
30418,,53,Male,,,
30419,,47,Male,,,
30420,,57,Male,,,
30421,,63,Male,,,
30422,,56,Male,,,
30423,,50,Female,,,
30424,,75,Female,,,
30425,,38,Female,,,
30426,,15,Male,,,
30427,,61,Female,,,
30428,,60,Female,,,
30429,,57,Female,,,
30430,,36,Male,,,
30431,,47,Male,,,
30432,,52,Male,,,
30433,,63,Female,,,
30434,,13,Male,,,
30435,,40,Female,,,
30436,,12,Male,,,
30437,,60,Female,,,
30438,,61,Female,,,
30439,,69,Male,,,
30440,,70,Female,,,
30441,,65,Female,,,
30442,,11,Female,,,
30443,,77,Female,,,
30444,,56,Female,,,
30445,,64,Female,,,
30446,,79,Female,,,
30447,,69,Female,,,
30448,,67,Female,,,
30449,,30,Female,,,
30450,,38,Female,,,
30451,,62,Male,,,
30452,,53,Male,,,
30453,,40,Female,,,
30454,,78,Male,,,
30455,,12,Male,,,
30456,,45,Female,,,
30457,,53,Female,,,
30458,,14,Male,,,
30459,,68,Male,,,
30460,,78,Male,,,
30461,,45,Female,,,
30462,,12,Female,,,
30463,,52,Female,,,
30464,,30,Female,,,
30465,,56,Male,,,
30466,,35,Female,,,
30467,,68,Female,,,
30468,,20,Male,,,
30469,,77,Male,,,
30470,,43,Male,,,
30471,,79,Male,,,
30472,,60,Female,,,
30473,,79,Female,,,
30474,,21,Female,,,
30475,,32,Male,,,
30476,,55,Female,,,
30477,,58,Female,,,
30478,,30,Male,,,
30479,,61,Male,,,
30480,,29,Female,,,
30481,,35,Female,,,
30482,,14,Male,,,
30483,,59,Female,,,
30484,,19,Female,,,
30485,,74,Male,,,
30486,,22,Female,,,
30487,,49,Female,,,
30488,,77,Male,,,
30489,,74,Female,,,
30490,,21,Female,,,
30491,,31,Female,,,
30492,,36,Male,,,
30493,,49,Female,,,
30494,,11,Female,,,
30495,,52,Female,,,
30496,,66,Male,,,
30497,,15,Female,,,
30498,,60,Female,,,
30499,,76,Female,,,
30500,,69,Male,,,
30501,,44,Female,,,
30502,,15,Female,,,
30503,,61,Female,,,
30504,,18,Female,,,
30505,,78,Male,,,
30506,,73,Female,,,
30507,,58,Female,,,
30508,,21,Female,,,
30509,,52,Male,,,
30510,,58,Male,,,
30511,,28,Female,,,
30512,,36,Male,,,
30513,,25,Male,,,
30514,,70,Female,,,
30515,,55,Female,,,
30516,,15,Female,,,
30517,,18,Female,,,
30518,,63,Female,,,
30519,,30,Female,,,
30520,,42,Male,,,
30521,,49,Female,,,
30522,,36,Female,,,
30523,,56,Female,,,
30524,,27,Male,,,
30525,,70,Female,,,
30526,,48,Female,,,
30527,,56,Female,,,
30528,,42,Male,,,
30529,,46,Female,,,
30530,,29,Female,,,
30531,,27,Female,,,
30532,,62,Female,,,
30533,,52,Female,,,
30534,,78,Male,,,
30535,,56,Female,,,
30536,,67,Male,,,
30537,,10,Female,,,
30538,,63,Female,,,
30539,,43,Male,,,
30540,,25,Female,,,
30541,,19,Female,,,
30542,,55,Male,,,
30543,,38,Male,,,
30544,,71,Male,,,
30545,,19,Female,,,
30546,,39,Female,,,
30547,,59,Female,,,
30548,,79,Female,,,
30549,,41,Female,,,
30550,,73,Male,,,
30551,,37,Female,,,
30552,,29,Female,,,
30553,,43,Female,,,
30554,,61,Female,,,
30555,,47,Male,,,
30556,,53,Female,,,
30557,,58,Female,,,
30558,,48,Female,,,
30559,,55,Female,,,
30560,,25,Male,,,
30561,,21,Male,,,
30562,,19,Female,,,
30563,,55,Female,,,
30564,,15,Female,,,
30565,,35,Female,,,
30566,,75,Female,,,
30567,,78,Female,,,
30568,,29,Male,,,
30569,,55,Female,,,
30570,,45,Female,,,
30571,,15,Female,,,
30572,,13,Male,,,
30573,,40,Female,,,
30574,,57,Female,,,
30575,,40,Male,,,
30576,,64,Male,,,
30577,,20,Female,,,
30578,,61,Male,,,
30579,,73,Female,,,
30580,,45,Female,,,
30581,,10,Female,,,
30582,,17,Female,,,
30583,,47,Female,,,
30584,,61,Male,,,
30585,,22,Female,,,
30586,,49,Female,,,
30587,,62,Female,,,
30588,,10,Male,,,
30589,,71,Female,,,
30590,,61,Female,,,
30591,,63,Female,,,
30592,,38,Female,,,
30593,,23,Male,,,
30594,,11,Female,,,
30595,,61,Female,,,
30596,,15,Female,,,
30597,,73,Female,,,
30598,,25,Female,,,
30599,,28,Female,,,
30600,,12,Female,,,
30601,,19,Female,,,
30602,,61,Male,,,
30603,,28,Female,,,
30604,,11,Male,,,
30605,,25,Male,,,
30606,,29,Female,,,
30607,,54,Male,,,
30608,,21,Female,,,
30609,,77,Female,,,
30610,,48,Female,,,
30611,,61,Female,,,
30612,,50,Female,,,
30613,,11,Male,,,
30614,,59,Female,,,
30615,,15,Male,,,
30616,,23,Male,,,
30617,,69,Male,,,
30618,,44,Female,,,
30619,,59,Female,,,
30620,,70,Female,,,
30621,,33,Female,,,
30622,,32,Male,,,
30623,,40,Female,,,
30624,,18,Female,,,
30625,,58,Female,,,
30626,,10,Female,,,
30627,,27,Female,,,
30628,,49,Female,,,
30629,,63,Female,,,
30630,,68,Female,,,
30631,,43,Female,,,
30632,,20,Female,,,
30633,,24,Male,,,
30634,,69,Female,,,
30635,,70,Male,,,
30636,,10,Female,,,
30637,,22,Female,,,
30638,,27,Female,,,
30639,,11,Male,,,
30640,,11,Female,,,
30641,,28,Female,,,
30642,,70,Female,,,
30643,,18,Female,,,
30644,,60,Female,,,
30645,,35,Female,,,
30646,,14,Female,,,
30647,,73,Female,,,
30648,,32,Female,,,
30649,,40,Female,,,
30650,,33,Female,,,
30651,,19,Male,,,
30652,,10,Female,,,
30653,,29,Male,,,
30654,,15,Male,,,
30655,,15,Female,,,
30656,,55,Female,,,
30657,,20,Male,,,
30658,,11,Male,,,
30659,,32,Male,,,
30660,,75,Male,,,
30661,,56,Female,,,
30662,,20,Female,,,
30663,,55,Male,,,
30664,,71,Female,,,
30665,,71,Female,,,
30666,,69,Female,,,
30667,,16,Male,,,
30668,,12,Female,,,
30669,,73,Male,,,
30670,,74,Male,,,
30671,,37,Male,,,
30672,,67,Male,,,
30673,,45,Male,,,
30674,,29,Female,,,
30675,,13,Female,,,
30676,,69,Male,,,
30677,,20,Female,,,
30678,,18,Female,,,
30679,,58,Female,,,
30680,,53,Male,,,
30681,,53,Female,,,
30682,,58,Male,,,
30683,,13,Female,,,
30684,,38,Female,,,
30685,,43,Female,,,
30686,,34,Male,,,
30687,,46,Female,,,
30688,,18,Female,,,
30689,,74,Male,,,
30690,,73,Female,,,
30691,,35,Female,,,
30692,,11,Male,,,
30693,,10,Female,,,
30694,,38,Female,,,
30695,,32,Male,,,
30696,,44,Male,,,
30697,,19,Male,,,
30698,,70,Female,,,
30699,,18,Female,,,
30700,,36,Female,,,
30701,,71,Female,,,
30702,,23,Female,,,
30703,,79,Male,,,
30704,,51,Male,,,
30705,,77,Female,,,
30706,,70,Male,,,
30707,,38,Male,,,
30708,,12,Male,,,
30709,,34,Female,,,
30710,,39,Female,,,
30711,,62,Female,,,
30712,,67,Female,,,
30713,,27,Female,,,
30714,,49,Female,,,
30715,,79,Female,,,
30716,,24,Female,,,
30717,,35,Female,,,
30718,,71,Female,,,
30719,,76,Female,,,
30720,,23,Male,,,
30721,,71,Female,,,
30722,,37,Female,,,
30723,,48,Male,,,
30724,,42,Female,,,
30725,,19,Female,,,
30726,,79,Male,,,
30727,,54,Male,,,
30728,,64,Female,,,
30729,,72,Male,,,
30730,,58,Female,,,
30731,,57,Male,,,
30732,,57,Male,,,
30733,,42,Female,,,
30734,,45,Male,,,
30735,,49,Female,,,
30736,,17,Female,,,
30737,,26,Female,,,
30738,,47,Female,,,
30739,,22,Female,,,
30740,,33,Male,,,
30741,,37,Male,,,
30742,,47,Female,,,
30743,,27,Female,,,
30744,,37,Female,,,
30745,,23,Female,,,
30746,,11,Male,,,
30747,,39,Female,,,
30748,,55,Male,,,
30749,,30,Male,,,
30750,,48,Female,,,
30751,,41,Female,,,
30752,,30,Female,,,
30753,,52,Female,,,
30754,,56,Female,,,
30755,,63,Female,,,
30756,,44,Male,,,
30757,,56,Male,,,
30758,,24,Female,,,
30759,,22,Female,,,
30760,,30,Female,,,
30761,,33,Male,,,
30762,,57,Female,,,
30763,,63,Female,,,
30764,,62,Male,,,
30765,,57,Female,,,
30766,,78,Female,,,
30767,,49,Male,,,
30768,,55,Female,,,
30769,,36,Female,,,
30770,,53,Male,,,
30771,,78,Female,,,
30772,,78,Male,,,
30773,,70,Female,,,
30774,,78,Female,,,
30775,,50,Female,,,
30776,,25,Female,,,
30777,,53,Female,,,
30778,,45,Female,,,
30779,,79,Male,,,
30780,,40,Female,,,
30781,,26,Female,,,
30782,,78,Male,,,
30783,,29,Female,,,
30784,,71,Male,,,
30785,,51,Female,,,
30786,,74,Female,,,
30787,,18,Male,,,
30788,,53,Female,,,
30789,,14,Female,,,
30790,,46,Female,,,
30791,,47,Female,,,
30792,,25,Male,,,
30793,,38,Female,,,
30794,,68,Female,,,
30795,,60,Male,,,
30796,,60,Female,,,
30797,,24,Female,,,
30798,,76,Male,,,
30799,,20,Male,,,
30800,,70,Female,,,
30801,,54,Female,,,
30802,,31,Female,,,
30803,,39,Male,,,
30804,,75,Female,,,
30805,,65,Female,,,
30806,,11,Female,,,
30807,,60,Female,,,
30808,,36,Female,,,
30809,,77,Male,,,
30810,,73,Female,,,
30811,,29,Female,,,
30812,,42,Female,,,
30813,,24,Male,,,
30814,,27,Female,,,
30815,,45,Female,,,
30816,,72,Female,,,
30817,,70,Female,,,
30818,,21,Male,,,
30819,,63,Female,,,
30820,,18,Male,,,
30821,,75,Female,,,
30822,,34,Female,,,
30823,,60,Female,,,
30824,,57,Male,,,
30825,,74,Female,,,
30826,,27,Female,,,
30827,,20,Male,,,
30828,,27,Male,,,
30829,,42,Female,,,
30830,,44,Male,,,
30831,,39,Male,,,
30832,,43,Female,,,
30833,,56,Male,,,
30834,,62,Female,,,
30835,,76,Male,,,
30836,,78,Female,,,
30837,,48,Female,,,
30838,,68,Male,,,
30839,,37,Male,,,
30840,,23,Male,,,
30841,,47,Male,,,
30842,,52,Male,,,
30843,,49,Female,,,
30844,,77,Male,,,
30845,,51,Female,,,
30846,,38,Male,,,
30847,,15,Male,,,
30848,,36,Male,,,
30849,,64,Female,,,
30850,,60,Male,,,
30851,,12,Male,,,
30852,,11,Female,,,
30853,,73,Female,,,
30854,,19,Male,,,
30855,,16,Male,,,
30856,,21,Female,,,
30857,,50,Male,,,
30858,,75,Male,,,
30859,,25,Female,,,
30860,,62,Female,,,
30861,,54,Female,,,
30862,,34,Female,,,
30863,,47,Male,,,
30864,,67,Male,,,
30865,,19,Male,,,
30866,,51,Female,,,
30867,,57,Male,,,
30868,,69,Female,,,
30869,,28,Female,,,
30870,,35,Female,,,
30871,,20,Female,,,
30872,,79,Female,,,
30873,,41,Female,,,
30874,,36,Female,,,
30875,,30,Female,,,
30876,,50,Female,,,
30877,,76,Female,,,
30878,,37,Female,,,
30879,,12,Female,,,
30880,,59,Female,,,
30881,,58,Male,,,
30882,,68,Male,,,
30883,,42,Male,,,
30884,,66,Female,,,
30885,,55,Male,,,
30886,,75,Female,,,
30887,,22,Female,,,
30888,,74,Male,,,
30889,,77,Male,,,
30890,,54,Male,,,
30891,,60,Female,,,
30892,,11,Female,,,
30893,,47,Male,,,
30894,,45,Female,,,
30895,,14,Female,,,
30896,,68,Male,,,
30897,,69,Female,,,
30898,,63,Female,,,
30899,,74,Female,,,
30900,,49,Male,,,
30901,,66,Female,,,
30902,,37,Female,,,
30903,,37,Female,,,
30904,,29,Female,,,
30905,,46,Female,,,
30906,,50,Female,,,
30907,,28,Female,,,
30908,,26,Male,,,
30909,,25,Female,,,
30910,,57,Female,,,
30911,,15,Female,,,
30912,,36,Female,,,
30913,,12,Female,,,
30914,,66,Female,,,
30915,,54,Male,,,
30916,,47,Female,,,
30917,,33,Male,,,
30918,,30,Male,,,
30919,,38,Male,,,
30920,,76,Male,,,
30921,,61,Male,,,
30922,,34,Male,,,
30923,,74,Female,,,
30924,,49,Female,,,
30925,,60,Male,,,
30926,,65,Male,,,
30927,,46,Female,,,
30928,,34,Male,,,
30929,,39,Female,,,
30930,,75,Female,,,
30931,,16,Female,,,
30932,,33,Male,,,
30933,,77,Female,,,
30934,,53,Female,,,
30935,,79,Female,,,
30936,,31,Female,,,
30937,,59,Female,,,
30938,,17,Male,,,
30939,,43,Male,,,
30940,,50,Female,,,
30941,,56,Female,,,
30942,,69,Female,,,
30943,,50,Female,,,
30944,,37,Female,,,
30945,,79,Female,,,
30946,,28,Female,,,
30947,,28,Female,,,
30948,,54,Female,,,
30949,,61,Male,,,
30950,,66,Male,,,
30951,,68,Female,,,
30952,,46,Female,,,
30953,,64,Female,,,
30954,,20,Female,,,
30955,,57,Male,,,
30956,,64,Male,,,
30957,,40,Male,,,
30958,,54,Male,,,
30959,,31,Female,,,
30960,,71,Female,,,
30961,,55,Female,,,
30962,,21,Female,,,
30963,,16,Female,,,
30964,,31,Female,,,
30965,,41,Male,,,
30966,,18,Female,,,
30967,,75,Male,,,
30968,,54,Male,,,
30969,,66,Female,,,
30970,,20,Female,,,
30971,,72,Female,,,
30972,,39,Female,,,
30973,,32,Female,,,
30974,,79,Female,,,
30975,,57,Male,,,
30976,,63,Female,,,
30977,,16,Female,,,
30978,,54,Male,,,
30979,,15,Male,,,
30980,,63,Male,,,
30981,,68,Female,,,
30982,,24,Male,,,
30983,,54,Female,,,
30984,,70,Female,,,
30985,,31,Female,,,
30986,,19,Female,,,
30987,,24,Female,,,
30988,,29,Male,,,
30989,,67,Female,,,
30990,,50,Female,,,
30991,,17,Male,,,
30992,,62,Male,,,
30993,,79,Male,,,
30994,,79,Female,,,
30995,,77,Male,,,
30996,,16,Female,,,
30997,,30,Female,,,
30998,,76,Female,,,
30999,,54,Female,,,
31000,,70,Female,,,
31001,,72,Female,,,
31002,,35,Male,,,
31003,,64,Male,,,
31004,,10,Male,,,
31005,,42,Female,,,
31006,,21,Female,,,
31007,,68,Female,,,
31008,,54,Female,,,
31009,,56,Female,,,
31010,,25,Male,,,
31011,,77,Male,,,
31012,,75,Female,,,
31013,,34,Female,,,
31014,,45,Female,,,
31015,,60,Female,,,
31016,,46,Male,,,
31017,,33,Female,,,
31018,,15,Male,,,
31019,,48,Female,,,
31020,,74,Male,,,
31021,,39,Female,,,
31022,,56,Female,,,
31023,,79,Female,,,
31024,,69,Female,,,
31025,,34,Male,,,
31026,,33,Male,,,
31027,,43,Male,,,
31028,,66,Female,,,
31029,,65,Female,,,
31030,,20,Female,,,
31031,,66,Female,,,
31032,,35,Female,,,
31033,,36,Male,,,
31034,,24,Male,,,
31035,,72,Female,,,
31036,,70,Female,,,
31037,,28,Female,,,
31038,,56,Female,,,
31039,,68,Male,,,
31040,,40,Female,,,
31041,,72,Female,,,
31042,,50,Female,,,
31043,,48,Female,,,
31044,,76,Male,,,
31045,,36,Female,,,
31046,,33,Female,,,
31047,,45,Female,,,
31048,,31,Female,,,
31049,,66,Male,,,
31050,,66,Female,,,
31051,,38,Male,,,
31052,,46,Female,,,
31053,,61,Male,,,
31054,,48,Female,,,
31055,,23,Male,,,
31056,,52,Female,,,
31057,,63,Female,,,
31058,,58,Female,,,
31059,,34,Female,,,
31060,,76,Female,,,
31061,,22,Female,,,
31062,,36,Female,,,
31063,,75,Male,,,
31064,,38,Female,,,
31065,,29,Male,,,
31066,,79,Male,,,
31067,,46,Female,,,
31068,,66,Male,,,
31069,,31,Male,,,
31070,,42,Female,,,
31071,,14,Female,,,
31072,,62,Female,,,
31073,,24,Female,,,
31074,,76,Female,,,
31075,,67,Female,,,
31076,,45,Female,,,
31077,,28,Female,,,
31078,,53,Female,,,
31079,,17,Female,,,
31080,,56,Female,,,
31081,,78,Female,,,
31082,,53,Female,,,
31083,,12,Female,,,
31084,,30,Female,,,
31085,,50,Male,,,
31086,,75,Male,,,
31087,,27,Female,,,
31088,,63,Female,,,
31089,,26,Male,,,
31090,,50,Male,,,
31091,,12,Male,,,
31092,,29,Male,,,
31093,,12,Female,,,
31094,,38,Male,,,
31095,,29,Male,,,
31096,,66,Female,,,
31097,,62,Male,,,
31098,,79,Female,,,
31099,,54,Female,,,
31100,,36,Female,,,
31101,,67,Male,,,
31102,,52,Male,,,
31103,,45,Female,,,
31104,,78,Female,,,
31105,,70,Female,,,
31106,,13,Male,,,
31107,,43,Male,,,
31108,,34,Female,,,
31109,,11,Female,,,
31110,,54,Female,,,
31111,,17,Female,,,
31112,,24,Female,,,
31113,,18,Female,,,
31114,,73,Male,,,
31115,,61,Female,,,
31116,,72,Male,,,
31117,,22,Female,,,
31118,,17,Female,,,
31119,,45,Female,,,
31120,,40,Female,,,
31121,,74,Female,,,
31122,,41,Male,,,
31123,,17,Female,,,
31124,,43,Female,,,
31125,,74,Male,,,
31126,,56,Male,,,
31127,,60,Female,,,
31128,,34,Female,,,
31129,,59,Male,,,
31130,,72,Male,,,
31131,,78,Male,,,
31132,,26,Male,,,
31133,,28,Female,,,
31134,,64,Female,,,
31135,,56,Female,,,
31136,,43,Female,,,
31137,,31,Male,,,
31138,,16,Male,,,
31139,,45,Male,,,
31140,,53,Female,,,
31141,,57,Female,,,
31142,,42,Female,,,
31143,,27,Female,,,
31144,,68,Female,,,
31145,,43,Female,,,
31146,,54,Female,,,
31147,,67,Female,,,
31148,,34,Male,,,
31149,,14,Male,,,
31150,,18,Female,,,
31151,,19,Male,,,
31152,,27,Male,,,
31153,,72,Female,,,
31154,,73,Male,,,
31155,,66,Male,,,
31156,,60,Female,,,
31157,,68,Male,,,
31158,,32,Female,,,
31159,,37,Female,,,
31160,,50,Female,,,
31161,,57,Male,,,
31162,,65,Female,,,
31163,,35,Female,,,
31164,,12,Female,,,
31165,,35,Female,,,
31166,,16,Female,,,
31167,,57,Female,,,
31168,,54,Female,,,
31169,,15,Female,,,
31170,,32,Female,,,
31171,,39,Female,,,
31172,,26,Female,,,
31173,,31,Female,,,
31174,,70,Male,,,
31175,,22,Female,,,
31176,,66,Female,,,
31177,,42,Female,,,
31178,,49,Female,,,
31179,,69,Male,,,
31180,,35,Female,,,
31181,,30,Male,,,
31182,,27,Male,,,
31183,,49,Female,,,
31184,,56,Male,,,
31185,,11,Male,,,
31186,,63,Female,,,
31187,,14,Female,,,
31188,,25,Male,,,
31189,,43,Male,,,
31190,,58,Female,,,
31191,,45,Female,,,
31192,,74,Female,,,
31193,,41,Female,,,
31194,,25,Female,,,
31195,,36,Female,,,
31196,,65,Male,,,
31197,,76,Male,,,
31198,,41,Female,,,
31199,,17,Male,,,
31200,,20,Male,,,
31201,,79,Male,,,
31202,,69,Female,,,
31203,,22,Female,,,
31204,,50,Male,,,
31205,,40,Female,,,
31206,,44,Female,,,
31207,,48,Female,,,
31208,,70,Male,,,
31209,,73,Male,,,
31210,,38,Male,,,
31211,,21,Male,,,
31212,,38,Male,,,
31213,,35,Male,,,
31214,,25,Female,,,
31215,,58,Male,,,
31216,,58,Male,,,
31217,,69,Male,,,
31218,,67,Female,,,
31219,,13,Female,,,
31220,,44,Female,,,
31221,,36,Female,,,
31222,,51,Female,,,
31223,,68,Male,,,
31224,,19,Male,,,
31225,,74,Female,,,
31226,,46,Female,,,
31227,,61,Female,,,
31228,,66,Female,,,
31229,,72,Male,,,
31230,,76,Male,,,
31231,,22,Female,,,
31232,,15,Male,,,
31233,,65,Female,,,
31234,,68,Female,,,
31235,,43,Female,,,
31236,,16,Male,,,
31237,,74,Male,,,
31238,,41,Female,,,
31239,,28,Female,,,
31240,,79,Male,,,
31241,,68,Female,,,
31242,,65,Female,,,
31243,,53,Female,,,
31244,,65,Male,,,
31245,,49,Female,,,
31246,,12,Female,,,
31247,,71,Male,,,
31248,,11,Female,,,
31249,,33,Female,,,
31250,,70,Female,,,
31251,,35,Male,,,
31252,,59,Female,,,
31253,,21,Female,,,
31254,,66,Female,,,
31255,,13,Female,,,
31256,,46,Female,,,
31257,,28,Female,,,
31258,,40,Female,,,
31259,,25,Female,,,
31260,,25,Male,,,
31261,,63,Female,,,
31262,,28,Female,,,
31263,,17,Male,,,
31264,,32,Female,,,
31265,,61,Male,,,
31266,,56,Female,,,
31267,,32,Female,,,
31268,,10,Female,,,
31269,,54,Female,,,
31270,,78,Female,,,
31271,,53,Male,,,
31272,,71,Male,,,
31273,,61,Male,,,
31274,,23,Female,,,
31275,,53,Female,,,
31276,,69,Male,,,
31277,,14,Female,,,
31278,,61,Female,,,
31279,,54,Female,,,
31280,,44,Female,,,
31281,,17,Male,,,
31282,,35,Female,,,
31283,,59,Female,,,
31284,,28,Female,,,
31285,,63,Female,,,
31286,,18,Female,,,
31287,,19,Female,,,
31288,,14,Female,,,
31289,,53,Female,,,
31290,,56,Female,,,
31291,,18,Female,,,
31292,,62,Male,,,
31293,,49,Female,,,
31294,,49,Female,,,
31295,,65,Male,,,
31296,,34,Female,,,
31297,,77,Female,,,
31298,,63,Male,,,
31299,,71,Male,,,
31300,,65,Male,,,
31301,,53,Female,,,
31302,,24,Female,,,
31303,,68,Female,,,
31304,,78,Female,,,
31305,,38,Female,,,
31306,,58,Female,,,
31307,,30,Male,,,
31308,,18,Male,,,
31309,,68,Female,,,
31310,,65,Male,,,
31311,,43,Female,,,
31312,,50,Female,,,
31313,,54,Female,,,
31314,,69,Male,,,
31315,,43,Female,,,
31316,,45,Male,,,
31317,,73,Female,,,
31318,,70,Female,,,
31319,,10,Male,,,
31320,,50,Female,,,
31321,,27,Male,,,
31322,,70,Female,,,
31323,,27,Female,,,
31324,,79,Female,,,
31325,,22,Female,,,
31326,,57,Male,,,
31327,,71,Male,,,
31328,,62,Female,,,
31329,,56,Male,,,
31330,,37,Male,,,
31331,,41,Male,,,
31332,,11,Male,,,
31333,,11,Female,,,
31334,,74,Male,,,
31335,,42,Male,,,
31336,,76,Male,,,
31337,,37,Female,,,
31338,,15,Female,,,
31339,,11,Male,,,
31340,,44,Female,,,
31341,,36,Female,,,
31342,,27,Male,,,
31343,,13,Female,,,
31344,,28,Female,,,
31345,,65,Female,,,
31346,,33,Male,,,
31347,,53,Female,,,
31348,,55,Female,,,
31349,,74,Female,,,
31350,,49,Female,,,
31351,,38,Male,,,
31352,,47,Female,,,
31353,,53,Female,,,
31354,,34,Female,,,
31355,,66,Female,,,
31356,,50,Male,,,
31357,,69,Female,,,
31358,,64,Female,,,
31359,,22,Female,,,
31360,,43,Male,,,
31361,,19,Male,,,
31362,,69,Female,,,
31363,,40,Female,,,
31364,,48,Female,,,
31365,,69,Female,,,
31366,,43,Male,,,
31367,,54,Female,,,
31368,,11,Male,,,
31369,,73,Female,,,
31370,,21,Male,,,
31371,,10,Female,,,
31372,,46,Male,,,
31373,,18,Male,,,
31374,,31,Male,,,
31375,,42,Female,,,
31376,,71,Female,,,
31377,,73,Female,,,
31378,,21,Male,,,
31379,,49,Female,,,
31380,,15,Female,,,
31381,,47,Male,,,
31382,,17,Female,,,
31383,,65,Female,,,
31384,,11,Male,,,
31385,,68,Female,,,
31386,,18,Female,,,
31387,,52,Male,,,
31388,,38,Female,,,
31389,,30,Female,,,
31390,,10,Female,,,
31391,,66,Female,,,
31392,,48,Male,,,
31393,,10,Female,,,
31394,,72,Female,,,
31395,,23,Male,,,
31396,,66,Female,,,
31397,,33,Female,,,
31398,,66,Female,,,
31399,,70,Male,,,
31400,,74,Male,,,
31401,,74,Male,,,
31402,,65,Male,,,
31403,,22,Male,,,
31404,,74,Female,,,
31405,,63,Male,,,
31406,,67,Female,,,
31407,,12,Female,,,
31408,,22,Male,,,
31409,,13,Female,,,
31410,,52,Male,,,
31411,,79,Female,,,
31412,,41,Female,,,
31413,,62,Male,,,
31414,,78,Male,,,
31415,,27,Female,,,
31416,,65,Female,,,
31417,,19,Female,,,
31418,,37,Female,,,
31419,,41,Female,,,
31420,,15,Male,,,
31421,,60,Male,,,
31422,,65,Male,,,
31423,,65,Female,,,
31424,,45,Female,,,
31425,,36,Female,,,
31426,,25,Male,,,
31427,,47,Female,,,
31428,,34,Male,,,
31429,,32,Female,,,
31430,,56,Female,,,
31431,,79,Male,,,
31432,,64,Female,,,
31433,,45,Female,,,
31434,,75,Female,,,
31435,,57,Female,,,
31436,,32,Female,,,
31437,,11,Female,,,
31438,,75,Male,,,
31439,,60,Female,,,
31440,,50,Female,,,
31441,,33,Male,,,
31442,,50,Male,,,
31443,,65,Female,,,
31444,,13,Male,,,
31445,,63,Female,,,
31446,,54,Male,,,
31447,,59,Female,,,
31448,,69,Female,,,
31449,,21,Female,,,
31450,,62,Female,,,
31451,,28,Female,,,
31452,,74,Female,,,
31453,,35,Male,,,
31454,,13,Male,,,
31455,,47,Female,,,
31456,,17,Female,,,
31457,,29,Male,,,
31458,,54,Female,,,
31459,,36,Female,,,
31460,,41,Female,,,
31461,,19,Male,,,
31462,,48,Female,,,
31463,,73,Male,,,
31464,,18,Female,,,
31465,,53,Female,,,
31466,,79,Female,,,
31467,,32,Female,,,
31468,,30,Female,,,
31469,,30,Male,,,
31470,,36,Male,,,
31471,,46,Male,,,
31472,,15,Female,,,
31473,,58,Female,,,
31474,,19,Male,,,
31475,,38,Male,,,
31476,,71,Female,,,
31477,,29,Female,,,
31478,,24,Male,,,
31479,,75,Male,,,
31480,,22,Female,,,
31481,,38,Female,,,
31482,,65,Male,,,
31483,,69,Male,,,
31484,,50,Female,,,
31485,,59,Male,,,
31486,,51,Female,,,
31487,,66,Male,,,
31488,,24,Male,,,
31489,,76,Female,,,
31490,,70,Female,,,
31491,,75,Male,,,
31492,,13,Female,,,
31493,,36,Female,,,
31494,,39,Male,,,
31495,,35,Male,,,
31496,,26,Female,,,
31497,,30,Male,,,
31498,,20,Male,,,
31499,,67,Female,,,
31500,,77,Female,,,
31501,,77,Female,,,
31502,,48,Female,,,
31503,,29,Female,,,
31504,,14,Female,,,
31505,,48,Female,,,
31506,,55,Male,,,
31507,,46,Male,,,
31508,,50,Male,,,
31509,,19,Female,,,
31510,,45,Male,,,
31511,,78,Female,,,
31512,,64,Female,,,
31513,,28,Male,,,
31514,,39,Female,,,
31515,,61,Female,,,
31516,,65,Female,,,
31517,,69,Female,,,
31518,,76,Male,,,
31519,,43,Female,,,
31520,,11,Female,,,
31521,,52,Female,,,
31522,,50,Female,,,
31523,,70,Female,,,
31524,,39,Female,,,
31525,,23,Female,,,
31526,,11,Male,,,
31527,,68,Female,,,
31528,,26,Female,,,
31529,,56,Female,,,
31530,,60,Female,,,
31531,,30,Female,,,
31532,,20,Female,,,
31533,,68,Male,,,
31534,,64,Male,,,
31535,,40,Male,,,
31536,,41,Male,,,
31537,,26,Female,,,
31538,,53,Female,,,
31539,,21,Female,,,
31540,,62,Female,,,
31541,,37,Male,,,
31542,,36,Female,,,
31543,,22,Female,,,
31544,,36,Female,,,
31545,,50,Female,,,
31546,,64,Female,,,
31547,,51,Female,,,
31548,,58,Male,,,
31549,,29,Male,,,
31550,,43,Male,,,
31551,,41,Female,,,
31552,,48,Female,,,
31553,,24,Female,,,
31554,,32,Female,,,
31555,,61,Male,,,
31556,,35,Female,,,
31557,,38,Male,,,
31558,,34,Female,,,
31559,,54,Female,,,
31560,,14,Female,,,
31561,,16,Male,,,
31562,,42,Female,,,
31563,,18,Male,,,
31564,,48,Male,,,
31565,,13,Female,,,
31566,,16,Female,,,
31567,,64,Female,,,
31568,,39,Female,,,
31569,,31,Male,,,
31570,,26,Female,,,
31571,,78,Female,,,
31572,,23,Female,,,
31573,,51,Female,,,
31574,,43,Male,,,
31575,,60,Male,,,
31576,,37,Male,,,
31577,,22,Female,,,
31578,,11,Female,,,
31579,,75,Male,,,
31580,,40,Male,,,
31581,,57,Male,,,
31582,,21,Male,,,
31583,,18,Male,,,
31584,,10,Female,,,
31585,,48,Male,,,
31586,,14,Female,,,
31587,,39,Female,,,
31588,,69,Female,,,
31589,,47,Male,,,
31590,,56,Female,,,
31591,,68,Female,,,
31592,,63,Female,,,
31593,,44,Female,,,
31594,,43,Female,,,
31595,,20,Male,,,
31596,,18,Male,,,
31597,,72,Female,,,
31598,,20,Female,,,
31599,,40,Male,,,
31600,,33,Female,,,
31601,,53,Female,,,
31602,,47,Female,,,
31603,,54,Male,,,
31604,,54,Female,,,
31605,,25,Female,,,
31606,,42,Female,,,
31607,,69,Male,,,
31608,,45,Female,,,
31609,,17,Male,,,
31610,,14,Male,,,
31611,,15,Female,,,
31612,,36,Female,,,
31613,,76,Male,,,
31614,,10,Male,,,
31615,,41,Female,,,
31616,,18,Female,,,
31617,,28,Female,,,
31618,,43,Female,,,
31619,,35,Female,,,
31620,,26,Female,,,
31621,,72,Female,,,
31622,,75,Female,,,
31623,,71,Male,,,
31624,,25,Male,,,
31625,,66,Female,,,
31626,,47,Female,,,
31627,,14,Female,,,
31628,,72,Female,,,
31629,,24,Female,,,
31630,,34,Female,,,
31631,,28,Male,,,
31632,,79,Female,,,
31633,,55,Female,,,
31634,,49,Female,,,
31635,,16,Male,,,
31636,,51,Male,,,
31637,,73,Female,,,
31638,,76,Male,,,
31639,,72,Female,,,
31640,,16,Female,,,
31641,,73,Female,,,
31642,,18,Female,,,
31643,,47,Male,,,
31644,,47,Female,,,
31645,,44,Male,,,
31646,,78,Female,,,
31647,,49,Female,,,
31648,,34,Female,,,
31649,,20,Female,,,
31650,,76,Male,,,
31651,,50,Male,,,
31652,,72,Male,,,
31653,,63,Male,,,
31654,,63,Male,,,
31655,,10,Male,,,
31656,,32,Female,,,
31657,,64,Female,,,
31658,,54,Female,,,
31659,,77,Female,,,
31660,,13,Female,,,
31661,,55,Female,,,
31662,,44,Female,,,
31663,,13,Female,,,
31664,,13,Female,,,
31665,,36,Female,,,
31666,,30,Female,,,
31667,,26,Male,,,
31668,,75,Female,,,
31669,,41,Female,,,
31670,,36,Male,,,
31671,,24,Female,,,
31672,,63,Female,,,
31673,,29,Female,,,
31674,,31,Female,,,
31675,,49,Male,,,
31676,,31,Male,,,
31677,,54,Female,,,
31678,,40,Female,,,
31679,,59,Female,,,
31680,,62,Female,,,
31681,,47,Female,,,
31682,,32,Female,,,
31683,,58,Male,,,
31684,,60,Male,,,
31685,,74,Male,,,
31686,,57,Female,,,
31687,,56,Female,,,
31688,,54,Female,,,
31689,,65,Female,,,
31690,,48,Female,,,
31691,,71,Female,,,
31692,,23,Female,,,
31693,,34,Female,,,
31694,,14,Female,,,
31695,,54,Female,,,
31696,,72,Female,,,
31697,,52,Male,,,
31698,,72,Female,,,
31699,,37,Female,,,
31700,,14,Male,,,
31701,,22,Male,,,
31702,,64,Male,,,
31703,,20,Female,,,
31704,,72,Female,,,
31705,,11,Male,,,
31706,,39,Male,,,
31707,,17,Male,,,
31708,,43,Female,,,
31709,,53,Female,,,
31710,,51,Female,,,
31711,,15,Female,,,
31712,,27,Male,,,
31713,,22,Male,,,
31714,,66,Female,,,
31715,,54,Female,,,
31716,,61,Male,,,
31717,,42,Female,,,
31718,,47,Male,,,
31719,,32,Female,,,
31720,,22,Male,,,
31721,,38,Male,,,
31722,,18,Female,,,
31723,,21,Male,,,
31724,,37,Female,,,
31725,,28,Male,,,
31726,,75,Male,,,
31727,,58,Male,,,
31728,,52,Female,,,
31729,,21,Male,,,
31730,,53,Male,,,
31731,,10,Female,,,
31732,,60,Female,,,
31733,,61,Female,,,
31734,,70,Female,,,
31735,,25,Female,,,
31736,,17,Female,,,
31737,,38,Female,,,
31738,,39,Male,,,
31739,,75,Female,,,
31740,,61,Male,,,
31741,,51,Male,,,
31742,,55,Male,,,
31743,,43,Female,,,
31744,,46,Female,,,
31745,,62,Female,,,
31746,,29,Male,,,
31747,,72,Female,,,
31748,,79,Female,,,
31749,,14,Female,,,
31750,,64,Female,,,
31751,,57,Male,,,
31752,,68,Male,,,
31753,,78,Male,,,
31754,,35,Female,,,
31755,,49,Female,,,
31756,,39,Female,,,
31757,,62,Male,,,
31758,,52,Female,,,
31759,,64,Male,,,
31760,,13,Female,,,
31761,,55,Female,,,
31762,,52,Male,,,
31763,,21,Male,,,
31764,,18,Female,,,
31765,,75,Female,,,
31766,,12,Female,,,
31767,,47,Male,,,
31768,,20,Female,,,
31769,,16,Male,,,
31770,,12,Male,,,
31771,,26,Female,,,
31772,,12,Female,,,
31773,,52,Female,,,
31774,,69,Male,,,
31775,,44,Male,,,
31776,,54,Male,,,
31777,,28,Male,,,
31778,,18,Male,,,
31779,,38,Female,,,
31780,,43,Male,,,
31781,,59,Female,,,
31782,,57,Female,,,
31783,,22,Female,,,
31784,,56,Female,,,
31785,,21,Female,,,
31786,,30,Male,,,
31787,,20,Female,,,
31788,,71,Female,,,
31789,,57,Male,,,
31790,,77,Female,,,
31791,,19,Female,,,
31792,,72,Female,,,
31793,,10,Female,,,
31794,,68,Male,,,
31795,,62,Female,,,
31796,,64,Male,,,
31797,,56,Male,,,
31798,,46,Female,,,
31799,,27,Female,,,
31800,,19,Female,,,
31801,,42,Male,,,
31802,,32,Male,,,
31803,,76,Male,,,
31804,,76,Male,,,
31805,,29,Female,,,
31806,,30,Female,,,
31807,,63,Male,,,
31808,,32,Female,,,
31809,,66,Male,,,
31810,,71,Female,,,
31811,,16,Female,,,
31812,,35,Female,,,
31813,,36,Male,,,
31814,,29,Female,,,
31815,,18,Male,,,
31816,,73,Female,,,
31817,,72,Male,,,
31818,,28,Female,,,
31819,,15,Male,,,
31820,,34,Female,,,
31821,,74,Female,,,
31822,,54,Female,,,
31823,,33,Female,,,
31824,,60,Female,,,
31825,,15,Female,,,
31826,,77,Male,,,
31827,,21,Female,,,
31828,,37,Male,,,
31829,,54,Female,,,
31830,,54,Female,,,
31831,,42,Male,,,
31832,,68,Female,,,
31833,,59,Male,,,
31834,,34,Female,,,
31835,,78,Male,,,
31836,,22,Male,,,
31837,,34,Male,,,
31838,,61,Female,,,
31839,,57,Male,,,
31840,,48,Female,,,
31841,,72,Female,,,
31842,,50,Female,,,
31843,,67,Female,,,
31844,,22,Male,,,
31845,,29,Female,,,
31846,,44,Female,,,
31847,,34,Male,,,
31848,,33,Female,,,
31849,,46,Female,,,
31850,,25,Female,,,
31851,,14,Female,,,
31852,,40,Male,,,
31853,,52,Male,,,
31854,,57,Male,,,
31855,,65,Female,,,
31856,,65,Female,,,
31857,,61,Male,,,
31858,,43,Male,,,
31859,,32,Male,,,
31860,,71,Female,,,
31861,,13,Male,,,
31862,,54,Male,,,
31863,,38,Female,,,
31864,,57,Female,,,
31865,,33,Female,,,
31866,,30,Female,,,
31867,,47,Male,,,
31868,,10,Female,,,
31869,,38,Male,,,
31870,,14,Male,,,
31871,,56,Female,,,
31872,,54,Female,,,
31873,,17,Female,,,
31874,,40,Female,,,
31875,,63,Male,,,
31876,,24,Female,,,
31877,,39,Female,,,
31878,,18,Male,,,
31879,,74,Female,,,
31880,,37,Male,,,
31881,,45,Female,,,
31882,,55,Female,,,
31883,,14,Male,,,
31884,,28,Female,,,
31885,,15,Male,,,
31886,,33,Female,,,
31887,,56,Female,,,
31888,,55,Female,,,
31889,,77,Female,,,
31890,,74,Female,,,
31891,,14,Female,,,
31892,,13,Male,,,
31893,,45,Male,,,
31894,,51,Female,,,
31895,,13,Female,,,
31896,,62,Female,,,
31897,,37,Female,,,
31898,,42,Female,,,
31899,,52,Female,,,
31900,,23,Female,,,
31901,,17,Female,,,
31902,,16,Female,,,
31903,,58,Male,,,
31904,,30,Female,,,
31905,,48,Female,,,
31906,,38,Female,,,
31907,,76,Female,,,
31908,,62,Female,,,
31909,,59,Female,,,
31910,,45,Female,,,
31911,,57,Female,,,
31912,,43,Female,,,
31913,,34,Male,,,
31914,,15,Female,,,
31915,,10,Female,,,
31916,,43,Female,,,
31917,,42,Female,,,
31918,,40,Female,,,
31919,,22,Male,,,
31920,,12,Male,,,
31921,,49,Female,,,
31922,,33,Male,,,
31923,,75,Female,,,
31924,,11,Female,,,
31925,,42,Male,,,
31926,,41,Female,,,
31927,,60,Female,,,
31928,,28,Male,,,
31929,,52,Male,,,
31930,,79,Female,,,
31931,,10,Male,,,
31932,,23,Female,,,
31933,,33,Female,,,
31934,,14,Male,,,
31935,,12,Male,,,
31936,,23,Female,,,
31937,,22,Male,,,
31938,,56,Male,,,
31939,,22,Female,,,
31940,,18,Female,,,
31941,,57,Female,,,
31942,,40,Female,,,
31943,,37,Female,,,
31944,,14,Female,,,
31945,,37,Male,,,
31946,,71,Male,,,
31947,,39,Female,,,
31948,,22,Female,,,
31949,,66,Female,,,
31950,,22,Female,,,
31951,,55,Male,,,
31952,,18,Female,,,
31953,,16,Female,,,
31954,,53,Female,,,
31955,,56,Female,,,
31956,,40,Male,,,
31957,,29,Male,,,
31958,,64,Female,,,
31959,,35,Female,,,
31960,,66,Female,,,
31961,,14,Female,,,
31962,,67,Female,,,
31963,,73,Male,,,
31964,,59,Female,,,
31965,,55,Female,,,
31966,,40,Male,,,
31967,,65,Female,,,
31968,,45,Male,,,
31969,,43,Female,,,
31970,,10,Female,,,
31971,,31,Male,,,
31972,,69,Female,,,
31973,,51,Female,,,
31974,,15,Female,,,
31975,,75,Female,,,
31976,,22,Male,,,
31977,,14,Male,,,
31978,,28,Female,,,
31979,,38,Female,,,
31980,,41,Male,,,
31981,,47,Female,,,
31982,,56,Female,,,
31983,,39,Female,,,
31984,,34,Female,,,
31985,,56,Female,,,
31986,,32,Male,,,
31987,,38,Female,,,
31988,,47,Male,,,
31989,,40,Female,,,
31990,,73,Female,,,
31991,,21,Female,,,
31992,,10,Female,,,
31993,,63,Female,,,
31994,,66,Female,,,
31995,,60,Male,,,
31996,,50,Female,,,
31997,,60,Female,,,
31998,,37,Female,,,
31999,,52,Female,,,
32000,,69,Female,,,
32001,,21,Male,,,
32002,,72,Female,,,
32003,,26,Male,,,
32004,,17,Female,,,
32005,,53,Male,,,
32006,,20,Male,,,
32007,,17,Female,,,
32008,,10,Male,,,
32009,,45,Female,,,
32010,,13,Male,,,
32011,,19,Female,,,
32012,,50,Male,,,
32013,,11,Female,,,
32014,,18,Male,,,
32015,,39,Female,,,
32016,,32,Female,,,
32017,,51,Female,,,
32018,,15,Female,,,
32019,,48,Female,,,
32020,,21,Male,,,
32021,,27,Male,,,
32022,,41,Female,,,
32023,,12,Female,,,
32024,,66,Male,,,
32025,,74,Female,,,
32026,,45,Female,,,
32027,,21,Male,,,
32028,,46,Female,,,
32029,,60,Female,,,
32030,,43,Male,,,
32031,,25,Female,,,
32032,,42,Female,,,
32033,,51,Male,,,
32034,,18,Female,,,
32035,,35,Female,,,
32036,,58,Female,,,
32037,,56,Male,,,
32038,,11,Male,,,
32039,,51,Female,,,
32040,,73,Female,,,
32041,,66,Male,,,
32042,,38,Female,,,
32043,,54,Female,,,
32044,,60,Female,,,
32045,,37,Male,,,
32046,,62,Female,,,
32047,,14,Female,,,
32048,,31,Female,,,
32049,,22,Female,,,
32050,,66,Male,,,
32051,,36,Male,,,
32052,,18,Female,,,
32053,,29,Female,,,
32054,,74,Female,,,
32055,,18,Male,,,
32056,,27,Male,,,
32057,,53,Female,,,
32058,,15,Female,,,
32059,,54,Female,,,
32060,,47,Female,,,
32061,,68,Female,,,
32062,,59,Female,,,
32063,,44,Female,,,
32064,,17,Female,,,
32065,,53,Male,,,
32066,,37,Female,,,
32067,,70,Female,,,
32068,,71,Female,,,
32069,,77,Female,,,
32070,,17,Female,,,
32071,,19,Female,,,
32072,,33,Female,,,
32073,,68,Male,,,
32074,,25,Female,,,
32075,,38,Male,,,
32076,,73,Male,,,
32077,,50,Female,,,
32078,,19,Male,,,
32079,,67,Female,,,
32080,,57,Male,,,
32081,,27,Female,,,
32082,,44,Female,,,
32083,,59,Female,,,
32084,,19,Male,,,
32085,,16,Male,,,
32086,,13,Male,,,
32087,,28,Female,,,
32088,,69,Male,,,
32089,,21,Female,,,
32090,,41,Male,,,
32091,,25,Female,,,
32092,,74,Female,,,
32093,,73,Female,,,
32094,,65,Female,,,
32095,,27,Female,,,
32096,,35,Female,,,
32097,,63,Female,,,
32098,,54,Female,,,
32099,,59,Male,,,
32100,,63,Female,,,
32101,,65,Female,,,
32102,,61,Female,,,
32103,,75,Female,,,
32104,,71,Female,,,
32105,,48,Female,,,
32106,,19,Male,,,
32107,,35,Female,,,
32108,,64,Female,,,
32109,,71,Female,,,
32110,,25,Male,,,
32111,,72,Female,,,
32112,,65,Female,,,
32113,,63,Female,,,
32114,,39,Male,,,
32115,,48,Male,,,
32116,,73,Male,,,
32117,,19,Male,,,
32118,,62,Female,,,
32119,,52,Female,,,
32120,,53,Female,,,
32121,,60,Male,,,
32122,,35,Female,,,
32123,,35,Female,,,
32124,,32,Female,,,
32125,,12,Female,,,
32126,,52,Female,,,
32127,,60,Male,,,
32128,,15,Male,,,
32129,,31,Female,,,
32130,,29,Female,,,
32131,,50,Male,,,
32132,,75,Female,,,
32133,,15,Female,,,
32134,,48,Female,,,
32135,,60,Female,,,
32136,,17,Male,,,
32137,,59,Female,,,
32138,,24,Female,,,
32139,,53,Female,,,
32140,,27,Female,,,
32141,,74,Female,,,
32142,,73,Male,,,
32143,,56,Female,,,
32144,,27,Female,,,
32145,,29,Male,,,
32146,,16,Male,,,
32147,,60,Female,,,
32148,,60,Male,,,
32149,,57,Male,,,
32150,,21,Female,,,
32151,,70,Female,,,
32152,,14,Female,,,
32153,,76,Female,,,
32154,,49,Female,,,
32155,,15,Female,,,
32156,,26,Male,,,
32157,,27,Male,,,
32158,,79,Female,,,
32159,,51,Female,,,
32160,,65,Male,,,
32161,,44,Female,,,
32162,,61,Male,,,
32163,,77,Female,,,
32164,,63,Female,,,
32165,,50,Female,,,
32166,,62,Female,,,
32167,,12,Female,,,
32168,,55,Female,,,
32169,,60,Female,,,
32170,,74,Male,,,
32171,,44,Female,,,
32172,,39,Female,,,
32173,,11,Female,,,
32174,,11,Male,,,
32175,,60,Male,,,
32176,,26,Female,,,
32177,,50,Male,,,
32178,,68,Male,,,
32179,,42,Male,,,
32180,,36,Female,,,
32181,,76,Female,,,
32182,,16,Male,,,
32183,,51,Female,,,
32184,,71,Female,,,
32185,,50,Female,,,
32186,,77,Male,,,
32187,,22,Female,,,
32188,,52,Male,,,
32189,,23,Female,,,
32190,,44,Male,,,
32191,,61,Female,,,
32192,,62,Female,,,
32193,,30,Female,,,
32194,,48,Male,,,
32195,,50,Male,,,
32196,,41,Female,,,
32197,,40,Female,,,
32198,,67,Male,,,
32199,,43,Female,,,
32200,,23,Male,,,
32201,,32,Female,,,
32202,,56,Male,,,
32203,,25,Male,,,
32204,,55,Male,,,
32205,,23,Male,,,
32206,,75,Male,,,
32207,,36,Female,,,
32208,,33,Female,,,
32209,,60,Female,,,
32210,,50,Female,,,
32211,,38,Male,,,
32212,,39,Female,,,
32213,,30,Female,,,
32214,,44,Female,,,
32215,,68,Female,,,
32216,,11,Female,,,
32217,,42,Female,,,
32218,,55,Male,,,
32219,,69,Female,,,
32220,,58,Male,,,
32221,,17,Male,,,
32222,,53,Female,,,
32223,,78,Female,,,
32224,,32,Female,,,
32225,,42,Female,,,
32226,,60,Male,,,
32227,,74,Female,,,
32228,,31,Female,,,
32229,,62,Female,,,
32230,,65,Female,,,
32231,,65,Male,,,
32232,,63,Male,,,
32233,,25,Male,,,
32234,,49,Female,,,
32235,,44,Male,,,
32236,,55,Female,,,
32237,,10,Male,,,
32238,,43,Male,,,
32239,,18,Female,,,
32240,,50,Female,,,
32241,,20,Female,,,
32242,,78,Female,,,
32243,,18,Female,,,
32244,,69,Female,,,
32245,,65,Female,,,
32246,,27,Female,,,
32247,,54,Male,,,
32248,,60,Male,,,
32249,,11,Female,,,
32250,,15,Female,,,
32251,,71,Female,,,
32252,,64,Female,,,
32253,,21,Female,,,
32254,,59,Male,,,
32255,,43,Male,,,
32256,,79,Male,,,
32257,,23,Female,,,
32258,,65,Male,,,
32259,,14,Female,,,
32260,,28,Male,,,
32261,,17,Female,,,
32262,,60,Female,,,
32263,,12,Male,,,
32264,,79,Female,,,
32265,,41,Male,,,
32266,,42,Male,,,
32267,,72,Female,,,
32268,,54,Female,,,
32269,,55,Female,,,
32270,,48,Female,,,
32271,,23,Female,,,
32272,,41,Female,,,
32273,,19,Female,,,
32274,,22,Male,,,
32275,,70,Male,,,
32276,,63,Female,,,
32277,,32,Female,,,
32278,,56,Female,,,
32279,,47,Male,,,
32280,,12,Female,,,
32281,,17,Female,,,
32282,,15,Female,,,
32283,,41,Male,,,
32284,,70,Female,,,
32285,,61,Male,,,
32286,,59,Female,,,
32287,,25,Male,,,
32288,,55,Female,,,
32289,,35,Female,,,
32290,,23,Female,,,
32291,,14,Female,,,
32292,,44,Male,,,
32293,,65,Male,,,
32294,,75,Male,,,
32295,,11,Female,,,
32296,,44,Female,,,
32297,,63,Female,,,
32298,,56,Female,,,
32299,,68,Male,,,
32300,,73,Female,,,
32301,,61,Female,,,
32302,,40,Male,,,
32303,,79,Male,,,
32304,,56,Female,,,
32305,,72,Male,,,
32306,,75,Female,,,
32307,,73,Female,,,
32308,,21,Male,,,
32309,,54,Female,,,
32310,,21,Male,,,
32311,,11,Female,,,
32312,,28,Female,,,
32313,,56,Female,,,
32314,,43,Female,,,
32315,,15,Female,,,
32316,,13,Male,,,
32317,,26,Female,,,
32318,,59,Male,,,
32319,,37,Female,,,
32320,,66,Male,,,
32321,,57,Female,,,
32322,,74,Female,,,
32323,,61,Male,,,
32324,,45,Female,,,
32325,,19,Male,,,
32326,,39,Male,,,
32327,,16,Male,,,
32328,,58,Male,,,
32329,,74,Male,,,
32330,,65,Female,,,
32331,,35,Male,,,
32332,,44,Female,,,
32333,,51,Female,,,
32334,,69,Male,,,
32335,,22,Female,,,
32336,,66,Female,,,
32337,,76,Male,,,
32338,,49,Male,,,
32339,,19,Male,,,
32340,,29,Female,,,
32341,,13,Female,,,
32342,,14,Female,,,
32343,,14,Female,,,
32344,,31,Female,,,
32345,,12,Female,,,
32346,,37,Female,,,
32347,,78,Female,,,
32348,,45,Female,,,
32349,,32,Female,,,
32350,,36,Female,,,
32351,,23,Female,,,
32352,,24,Female,,,
32353,,11,Male,,,
32354,,32,Female,,,
32355,,73,Female,,,
32356,,47,Female,,,
32357,,72,Female,,,
32358,,40,Female,,,
32359,,16,Female,,,
32360,,62,Female,,,
32361,,12,Female,,,
32362,,47,Male,,,
32363,,76,Female,,,
32364,,37,Female,,,
32365,,61,Female,,,
32366,,67,Female,,,
32367,,34,Male,,,
32368,,73,Female,,,
32369,,24,Female,,,
32370,,25,Female,,,
32371,,53,Male,,,
32372,,22,Male,,,
32373,,11,Male,,,
32374,,79,Female,,,
32375,,75,Male,,,
32376,,62,Male,,,
32377,,50,Female,,,
32378,,20,Female,,,
32379,,30,Male,,,
32380,,62,Male,,,
32381,,26,Female,,,
32382,,76,Male,,,
32383,,68,Male,,,
32384,,55,Male,,,
32385,,15,Male,,,
32386,,30,Female,,,
32387,,59,Female,,,
32388,,72,Female,,,
32389,,66,Female,,,
32390,,59,Female,,,
32391,,35,Male,,,
32392,,33,Female,,,
32393,,71,Male,,,
32394,,23,Female,,,
32395,,73,Female,,,
32396,,44,Male,,,
32397,,34,Male,,,
32398,,48,Female,,,
32399,,54,Female,,,
32400,,35,Female,,,
32401,,29,Male,,,
32402,,48,Female,,,
32403,,56,Male,,,
32404,,67,Female,,,
32405,,74,Female,,,
32406,,27,Male,,,
32407,,70,Male,,,
32408,,72,Female,,,
32409,,30,Female,,,
32410,,72,Female,,,
32411,,79,Female,,,
32412,,53,Male,,,
32413,,34,Male,,,
32414,,10,Female,,,
32415,,20,Male,,,
32416,,52,Female,,,
32417,,66,Male,,,
32418,,71,Female,,,
32419,,28,Female,,,
32420,,48,Female,,,
32421,,48,Female,,,
32422,,60,Male,,,
32423,,41,Male,,,
32424,,34,Female,,,
32425,,18,Male,,,
32426,,29,Female,,,
32427,,76,Female,,,
32428,,64,Male,,,
32429,,35,Female,,,
32430,,69,Female,,,
32431,,67,Female,,,
32432,,64,Female,,,
32433,,59,Female,,,
32434,,55,Female,,,
32435,,42,Male,,,
32436,,69,Female,,,
32437,,13,Female,,,
32438,,78,Female,,,
32439,,72,Male,,,
32440,,21,Male,,,
32441,,64,Male,,,
32442,,74,Female,,,
32443,,44,Female,,,
32444,,34,Female,,,
32445,,39,Female,,,
32446,,50,Male,,,
32447,,66,Male,,,
32448,,47,Male,,,
32449,,49,Male,,,
32450,,51,Male,,,
32451,,61,Male,,,
32452,,70,Male,,,
32453,,34,Female,,,
32454,,75,Male,,,
32455,,44,Female,,,
32456,,10,Female,,,
32457,,56,Female,,,
32458,,43,Female,,,
32459,,73,Female,,,
32460,,49,Male,,,
32461,,61,Female,,,
32462,,60,Female,,,
32463,,59,Female,,,
32464,,38,Female,,,
32465,,68,Female,,,
32466,,10,Female,,,
32467,,14,Female,,,
32468,,22,Male,,,
32469,,45,Male,,,
32470,,17,Male,,,
32471,,70,Female,,,
32472,,25,Female,,,
32473,,77,Female,,,
32474,,17,Female,,,
32475,,66,Female,,,
32476,,18,Female,,,
32477,,39,Male,,,
32478,,65,Male,,,
32479,,35,Male,,,
32480,,23,Female,,,
32481,,37,Male,,,
32482,,31,Female,,,
32483,,19,Female,,,
32484,,24,Male,,,
32485,,25,Male,,,
32486,,70,Male,,,
32487,,42,Male,,,
32488,,57,Female,,,
32489,,40,Female,,,
32490,,34,Female,,,
32491,,63,Female,,,
32492,,41,Male,,,
32493,,42,Female,,,
32494,,50,Female,,,
32495,,68,Male,,,
32496,,10,Female,,,
32497,,57,Male,,,
32498,,17,Female,,,
32499,,61,Female,,,
32500,,39,Male,,,
32501,,71,Female,,,
32502,,52,Male,,,
32503,,18,Female,,,
32504,,68,Female,,,
32505,,34,Female,,,
32506,,38,Female,,,
32507,,35,Female,,,
32508,,35,Female,,,
32509,,46,Female,,,
32510,,71,Female,,,
32511,,54,Male,,,
32512,,31,Female,,,
32513,,57,Female,,,
32514,,72,Female,,,
32515,,26,Male,,,
32516,,66,Female,,,
32517,,77,Male,,,
32518,,21,Female,,,
32519,,55,Male,,,
32520,,52,Female,,,
32521,,12,Male,,,
32522,,43,Female,,,
32523,,51,Male,,,
32524,,73,Male,,,
32525,,77,Female,,,
32526,,19,Female,,,
32527,,76,Female,,,
32528,,53,Female,,,
32529,,74,Male,,,
32530,,65,Male,,,
32531,,18,Female,,,
32532,,47,Female,,,
32533,,56,Female,,,
32534,,22,Male,,,
32535,,40,Female,,,
32536,,20,Male,,,
32537,,20,Male,,,
32538,,67,Female,,,
32539,,25,Female,,,
32540,,73,Female,,,
32541,,45,Male,,,
32542,,55,Female,,,
32543,,28,Female,,,
32544,,76,Male,,,
32545,,61,Female,,,
32546,,63,Female,,,
32547,,72,Female,,,
32548,,16,Female,,,
32549,,59,Female,,,
32550,,59,Male,,,
32551,,36,Female,,,
32552,,55,Male,,,
32553,,47,Female,,,
32554,,29,Female,,,
32555,,64,Female,,,
32556,,66,Male,,,
32557,,25,Female,,,
32558,,12,Female,,,
32559,,29,Male,,,
32560,,29,Female,,,
32561,,15,Female,,,
32562,,75,Female,,,
32563,,57,Female,,,
32564,,26,Female,,,
32565,,25,Male,,,
32566,,43,Female,,,
32567,,79,Female,,,
32568,,61,Female,,,
32569,,16,Female,,,
32570,,45,Male,,,
32571,,47,Female,,,
32572,,50,Female,,,
32573,,63,Male,,,
32574,,39,Female,,,
32575,,77,Male,,,
32576,,10,Female,,,
32577,,54,Female,,,
32578,,32,Male,,,
32579,,68,Female,,,
32580,,49,Female,,,
32581,,29,Female,,,
32582,,56,Male,,,
32583,,34,Female,,,
32584,,61,Female,,,
32585,,62,Male,,,
32586,,79,Female,,,
32587,,48,Female,,,
32588,,68,Female,,,
32589,,63,Female,,,
32590,,62,Male,,,
32591,,50,Male,,,
32592,,75,Female,,,
32593,,35,Female,,,
32594,,37,Male,,,
32595,,72,Female,,,
32596,,58,Female,,,
32597,,67,Male,,,
32598,,70,Female,,,
32599,,43,Female,,,
32600,,30,Female,,,
32601,,29,Male,,,
32602,,42,Female,,,
32603,,45,Male,,,
32604,,36,Female,,,
32605,,59,Female,,,
32606,,41,Female,,,
32607,,18,Female,,,
32608,,37,Male,,,
32609,,74,Male,,,
32610,,38,Female,,,
32611,,18,Female,,,
32612,,40,Female,,,
32613,,54,Male,,,
32614,,69,Female,,,
32615,,24,Female,,,
32616,,37,Female,,,
32617,,26,Male,,,
32618,,67,Female,,,
32619,,37,Female,,,
32620,,44,Male,,,
32621,,19,Male,,,
32622,,18,Female,,,
32623,,41,Male,,,
32624,,32,Male,,,
32625,,77,Female,,,
32626,,17,Female,,,
32627,,66,Female,,,
32628,,46,Female,,,
32629,,33,Female,,,
32630,,60,Female,,,
32631,,30,Female,,,
32632,,40,Male,,,
32633,,16,Male,,,
32634,,12,Female,,,
32635,,57,Female,,,
32636,,76,Female,,,
32637,,43,Female,,,
32638,,41,Female,,,
32639,,13,Female,,,
32640,,49,Female,,,
32641,,75,Female,,,
32642,,24,Male,,,
32643,,53,Female,,,
32644,,70,Female,,,
32645,,17,Male,,,
32646,,61,Female,,,
32647,,40,Male,,,
32648,,26,Female,,,
32649,,59,Female,,,
32650,,40,Female,,,
32651,,61,Female,,,
32652,,31,Male,,,
32653,,45,Male,,,
32654,,18,Male,,,
32655,,64,Male,,,
32656,,64,Male,,,
32657,,62,Female,,,
32658,,61,Female,,,
32659,,71,Female,,,
32660,,69,Male,,,
32661,,29,Female,,,
32662,,47,Female,,,
32663,,62,Male,,,
32664,,74,Female,,,
32665,,38,Female,,,
32666,,12,Female,,,
32667,,66,Female,,,
32668,,12,Male,,,
32669,,24,Female,,,
32670,,47,Female,,,
32671,,79,Female,,,
32672,,49,Female,,,
32673,,26,Male,,,
32674,,27,Female,,,
32675,,30,Female,,,
32676,,56,Male,,,
32677,,76,Female,,,
32678,,49,Male,,,
32679,,77,Female,,,
32680,,49,Female,,,
32681,,43,Male,,,
32682,,66,Female,,,
32683,,52,Female,,,
32684,,56,Female,,,
32685,,11,Male,,,
32686,,41,Male,,,
32687,,37,Female,,,
32688,,15,Female,,,
32689,,41,Female,,,
32690,,56,Male,,,
32691,,40,Male,,,
32692,,11,Female,,,
32693,,38,Female,,,
32694,,51,Male,,,
32695,,19,Male,,,
32696,,53,Female,,,
32697,,15,Male,,,
32698,,40,Female,,,
32699,,34,Male,,,
32700,,36,Male,,,
32701,,74,Female,,,
32702,,33,Male,,,
32703,,57,Female,,,
32704,,32,Female,,,
32705,,42,Male,,,
32706,,42,Female,,,
32707,,45,Female,,,
32708,,52,Male,,,
32709,,34,Male,,,
32710,,15,Female,,,
32711,,58,Female,,,
32712,,73,Male,,,
32713,,55,Male,,,
32714,,29,Female,,,
32715,,70,Female,,,
32716,,71,Male,,,
32717,,16,Male,,,
32718,,33,Female,,,
32719,,50,Female,,,
32720,,57,Female,,,
32721,,31,Female,,,
32722,,39,Female,,,
32723,,72,Female,,,
32724,,19,Male,,,
32725,,71,Female,,,
32726,,34,Male,,,
32727,,73,Female,,,
32728,,56,Female,,,
32729,,16,Male,,,
32730,,28,Female,,,
32731,,40,Female,,,
32732,,18,Female,,,
32733,,41,Male,,,
32734,,58,Female,,,
32735,,63,Female,,,
32736,,72,Male,,,
32737,,59,Male,,,
32738,,73,Female,,,
32739,,69,Female,,,
32740,,28,Female,,,
32741,,57,Male,,,
32742,,25,Female,,,
32743,,62,Male,,,
32744,,39,Female,,,
32745,,43,Female,,,
32746,,47,Female,,,
32747,,74,Female,,,
32748,,59,Male,,,
32749,,68,Male,,,
32750,,19,Female,,,
32751,,76,Female,,,
32752,,63,Male,,,
32753,,12,Female,,,
32754,,67,Female,,,
32755,,75,Female,,,
32756,,21,Female,,,
32757,,35,Male,,,
32758,,19,Female,,,
32759,,74,Male,,,
32760,,71,Male,,,
32761,,15,Female,,,
32762,,66,Female,,,
32763,,16,Male,,,
32764,,75,Male,,,
32765,,50,Male,,,
32766,,56,Female,,,
32767,,37,Female,,,
32768,,34,Female,,,
32769,,77,Female,,,
32770,,13,Female,,,
32771,,11,Female,,,
32772,,49,Female,,,
32773,,62,Female,,,
32774,,11,Female,,,
32775,,18,Female,,,
32776,,46,Female,,,
32777,,68,Female,,,
32778,,47,Male,,,
32779,,28,Male,,,
32780,,26,Female,,,
32781,,61,Male,,,
32782,,76,Male,,,
32783,,61,Male,,,
32784,,14,Female,,,
32785,,22,Female,,,
32786,,66,Female,,,
32787,,73,Female,,,
32788,,54,Female,,,
32789,,51,Female,,,
32790,,13,Female,,,
32791,,38,Female,,,
32792,,12,Female,,,
32793,,59,Female,,,
32794,,65,Female,,,
32795,,45,Female,,,
32796,,34,Female,,,
32797,,33,Female,,,
32798,,42,Male,,,
32799,,48,Female,,,
32800,,47,Female,,,
32801,,17,Female,,,
32802,,40,Female,,,
32803,,53,Male,,,
32804,,29,Female,,,
32805,,10,Male,,,
32806,,44,Female,,,
32807,,76,Female,,,
32808,,64,Female,,,
32809,,13,Female,,,
32810,,24,Female,,,
32811,,29,Female,,,
32812,,50,Female,,,
32813,,48,Female,,,
32814,,44,Female,,,
32815,,41,Male,,,
32816,,34,Female,,,
32817,,50,Male,,,
32818,,51,Male,,,
32819,,58,Female,,,
32820,,55,Female,,,
32821,,54,Female,,,
32822,,52,Male,,,
32823,,37,Female,,,
32824,,45,Male,,,
32825,,41,Male,,,
32826,,12,Female,,,
32827,,12,Female,,,
32828,,40,Female,,,
32829,,79,Male,,,
32830,,40,Female,,,
32831,,25,Male,,,
32832,,25,Female,,,
32833,,74,Female,,,
32834,,79,Male,,,
32835,,76,Female,,,
32836,,56,Male,,,
32837,,23,Male,,,
32838,,41,Male,,,
32839,,77,Female,,,
32840,,73,Male,,,
32841,,72,Female,,,
32842,,55,Female,,,
32843,,11,Male,,,
32844,,72,Female,,,
32845,,59,Female,,,
32846,,64,Female,,,
32847,,44,Female,,,
32848,,24,Female,,,
32849,,40,Female,,,
32850,,19,Female,,,
32851,,23,Female,,,
32852,,53,Male,,,
32853,,28,Female,,,
32854,,30,Male,,,
32855,,73,Male,,,
32856,,60,Male,,,
32857,,22,Male,,,
32858,,66,Female,,,
32859,,33,Female,,,
32860,,60,Female,,,
32861,,70,Male,,,
32862,,73,Male,,,
32863,,17,Female,,,
32864,,14,Female,,,
32865,,25,Female,,,
32866,,31,Female,,,
32867,,49,Female,,,
32868,,30,Male,,,
32869,,14,Male,,,
32870,,34,Female,,,
32871,,28,Female,,,
32872,,68,Female,,,
32873,,19,Female,,,
32874,,63,Male,,,
32875,,67,Male,,,
32876,,34,Male,,,
32877,,73,Female,,,
32878,,26,Female,,,
32879,,60,Male,,,
32880,,36,Male,,,
32881,,56,Female,,,
32882,,59,Male,,,
32883,,58,Female,,,
32884,,52,Male,,,
32885,,61,Female,,,
32886,,63,Female,,,
32887,,16,Male,,,
32888,,10,Female,,,
32889,,46,Female,,,
32890,,46,Female,,,
32891,,63,Male,,,
32892,,78,Female,,,
32893,,20,Female,,,
32894,,22,Female,,,
32895,,38,Male,,,
32896,,39,Male,,,
32897,,11,Female,,,
32898,,25,Female,,,
32899,,34,Female,,,
32900,,56,Female,,,
32901,,70,Female,,,
32902,,11,Male,,,
32903,,41,Male,,,
32904,,38,Female,,,
32905,,68,Male,,,
32906,,63,Female,,,
32907,,74,Male,,,
32908,,30,Female,,,
32909,,14,Female,,,
32910,,75,Female,,,
32911,,24,Male,,,
32912,,21,Male,,,
32913,,67,Female,,,
32914,,29,Male,,,
32915,,70,Male,,,
32916,,14,Female,,,
32917,,76,Female,,,
32918,,31,Female,,,
32919,,58,Male,,,
32920,,12,Male,,,
32921,,26,Male,,,
32922,,39,Male,,,
32923,,55,Male,,,
32924,,73,Female,,,
32925,,49,Female,,,
32926,,16,Female,,,
32927,,64,Female,,,
32928,,63,Female,,,
32929,,59,Female,,,
32930,,60,Female,,,
32931,,35,Female,,,
32932,,62,Female,,,
32933,,50,Male,,,
32934,,42,Male,,,
32935,,56,Male,,,
32936,,23,Female,,,
32937,,27,Female,,,
32938,,70,Female,,,
32939,,22,Female,,,
32940,,49,Male,,,
32941,,39,Female,,,
32942,,66,Female,,,
32943,,28,Female,,,
32944,,25,Male,,,
32945,,39,Female,,,
32946,,40,Male,,,
32947,,36,Female,,,
32948,,67,Male,,,
32949,,54,Female,,,
32950,,44,Female,,,
32951,,66,Female,,,
32952,,44,Male,,,
32953,,33,Female,,,
32954,,24,Female,,,
32955,,40,Male,,,
32956,,14,Female,,,
32957,,26,Male,,,
32958,,75,Female,,,
32959,,43,Female,,,
32960,,67,Male,,,
32961,,65,Female,,,
32962,,49,Female,,,
32963,,21,Female,,,
32964,,45,Male,,,
32965,,50,Female,,,
32966,,46,Male,,,
32967,,62,Female,,,
32968,,22,Female,,,
32969,,18,Female,,,
32970,,46,Female,,,
32971,,64,Female,,,
32972,,43,Female,,,
32973,,59,Male,,,
32974,,15,Male,,,
32975,,28,Female,,,
32976,,18,Female,,,
32977,,58,Female,,,
32978,,22,Female,,,
32979,,26,Male,,,
32980,,30,Female,,,
32981,,21,Male,,,
32982,,38,Male,,,
32983,,43,Female,,,
32984,,21,Female,,,
32985,,32,Female,,,
32986,,64,Female,,,
32987,,65,Female,,,
32988,,29,Male,,,
32989,,41,Male,,,
32990,,36,Female,,,
32991,,39,Female,,,
32992,,28,Female,,,
32993,,31,Male,,,
32994,,18,Male,,,
32995,,60,Female,,,
32996,,51,Female,,,
32997,,48,Female,,,
32998,,71,Female,,,
32999,,24,Female,,,
33000,,26,Female,,,
33001,,29,Female,,,
33002,,41,Female,,,
33003,,69,Female,,,
33004,,70,Male,,,
33005,,18,Male,,,
33006,,69,Female,,,
33007,,50,Female,,,
33008,,34,Male,,,
33009,,26,Female,,,
33010,,67,Female,,,
33011,,44,Male,,,
33012,,17,Female,,,
33013,,13,Female,,,
33014,,26,Female,,,
33015,,35,Male,,,
33016,,65,Female,,,
33017,,63,Male,,,
33018,,11,Male,,,
33019,,73,Male,,,
33020,,55,Female,,,
33021,,37,Female,,,
33022,,76,Female,,,
33023,,61,Female,,,
33024,,50,Female,,,
33025,,51,Female,,,
33026,,20,Female,,,
33027,,58,Female,,,
33028,,44,Male,,,
33029,,10,Female,,,
33030,,53,Male,,,
33031,,42,Female,,,
33032,,62,Female,,,
33033,,78,Female,,,
33034,,45,Male,,,
33035,,51,Female,,,
33036,,46,Male,,,
33037,,21,Female,,,
33038,,54,Female,,,
33039,,31,Male,,,
33040,,64,Male,,,
33041,,21,Female,,,
33042,,73,Female,,,
33043,,50,Female,,,
33044,,46,Female,,,
33045,,38,Female,,,
33046,,13,Female,,,
33047,,51,Female,,,
33048,,19,Female,,,
33049,,28,Female,,,
33050,,57,Male,,,
33051,,64,Female,,,
33052,,44,Female,,,
33053,,25,Female,,,
33054,,67,Female,,,
33055,,40,Female,,,
33056,,53,Male,,,
33057,,37,Female,,,
33058,,15,Female,,,
33059,,21,Male,,,
33060,,11,Female,,,
33061,,78,Female,,,
33062,,66,Female,,,
33063,,16,Female,,,
33064,,51,Female,,,
33065,,63,Male,,,
33066,,10,Female,,,
33067,,53,Female,,,
33068,,24,Male,,,
33069,,76,Male,,,
33070,,29,Female,,,
33071,,39,Female,,,
33072,,61,Male,,,
33073,,54,Female,,,
33074,,79,Female,,,
33075,,58,Female,,,
33076,,32,Female,,,
33077,,25,Female,,,
33078,,49,Male,,,
33079,,65,Female,,,
33080,,43,Female,,,
33081,,61,Female,,,
33082,,59,Female,,,
33083,,70,Male,,,
33084,,23,Female,,,
33085,,76,Female,,,
33086,,52,Female,,,
33087,,32,Male,,,
33088,,71,Female,,,
33089,,25,Female,,,
33090,,20,Female,,,
33091,,59,Female,,,
33092,,62,Female,,,
33093,,24,Male,,,
33094,,62,Female,,,
33095,,27,Male,,,
33096,,59,Female,,,
33097,,70,Male,,,
33098,,44,Female,,,
33099,,56,Male,,,
33100,,75,Female,,,
33101,,74,Female,,,
33102,,75,Male,,,
33103,,31,Female,,,
33104,,15,Male,,,
33105,,11,Female,,,
33106,,34,Female,,,
33107,,35,Female,,,
33108,,14,Female,,,
33109,,14,Female,,,
33110,,14,Female,,,
33111,,34,Male,,,
33112,,38,Female,,,
33113,,50,Female,,,
33114,,77,Female,,,
33115,,72,Female,,,
33116,,20,Male,,,
33117,,40,Female,,,
33118,,69,Female,,,
33119,,36,Female,,,
33120,,77,Female,,,
33121,,61,Female,,,
33122,,32,Female,,,
33123,,19,Female,,,
33124,,50,Female,,,
33125,,18,Female,,,
33126,,17,Female,,,
33127,,60,Male,,,
33128,,71,Male,,,
33129,,76,Female,,,
33130,,20,Female,,,
33131,,62,Female,,,
33132,,75,Female,,,
33133,,36,Male,,,
33134,,57,Female,,,
33135,,77,Male,,,
33136,,73,Female,,,
33137,,31,Male,,,
33138,,50,Male,,,
33139,,69,Male,,,
33140,,41,Female,,,
33141,,35,Female,,,
33142,,70,Female,,,
33143,,47,Female,,,
33144,,39,Female,,,
33145,,19,Female,,,
33146,,38,Male,,,
33147,,31,Female,,,
33148,,56,Male,,,
33149,,68,Male,,,
33150,,46,Female,,,
33151,,72,Female,,,
33152,,42,Female,,,
33153,,32,Female,,,
33154,,58,Female,,,
33155,,73,Female,,,
33156,,18,Female,,,
33157,,22,Female,,,
33158,,37,Female,,,
33159,,59,Male,,,
33160,,39,Male,,,
33161,,33,Male,,,
33162,,13,Female,,,
33163,,47,Female,,,
33164,,26,Male,,,
33165,,20,Male,,,
33166,,73,Female,,,
33167,,28,Female,,,
33168,,14,Female,,,
33169,,74,Male,,,
33170,,62,Male,,,
33171,,27,Female,,,
33172,,37,Female,,,
33173,,46,Male,,,
33174,,16,Female,,,
33175,,33,Male,,,
33176,,27,Female,,,
33177,,13,Female,,,
33178,,43,Female,,,
33179,,13,Female,,,
33180,,40,Male,,,
33181,,23,Male,,,
33182,,76,Female,,,
33183,,51,Female,,,
33184,,35,Female,,,
33185,,28,Male,,,
33186,,61,Female,,,
33187,,13,Female,,,
33188,,68,Female,,,
33189,,57,Female,,,
33190,,10,Female,,,
33191,,64,Male,,,
33192,,15,Female,,,
33193,,52,Female,,,
33194,,31,Female,,,
33195,,32,Female,,,
33196,,24,Female,,,
33197,,37,Female,,,
33198,,30,Female,,,
33199,,18,Female,,,
33200,,18,Female,,,
33201,,63,Female,,,
33202,,40,Female,,,
33203,,54,Female,,,
33204,,77,Female,,,
33205,,36,Female,,,
33206,,25,Female,,,
33207,,57,Female,,,
33208,,39,Female,,,
33209,,24,Male,,,
33210,,24,Female,,,
33211,,37,Male,,,
33212,,48,Male,,,
33213,,11,Male,,,
33214,,25,Female,,,
33215,,11,Female,,,
33216,,69,Female,,,
33217,,32,Female,,,
33218,,72,Female,,,
33219,,54,Male,,,
33220,,46,Female,,,
33221,,35,Female,,,
33222,,72,Female,,,
33223,,44,Female,,,
33224,,69,Female,,,
33225,,36,Female,,,
33226,,53,Female,,,
33227,,53,Female,,,
33228,,22,Male,,,
33229,,31,Female,,,
33230,,70,Male,,,
33231,,34,Female,,,
33232,,42,Male,,,
33233,,41,Male,,,
33234,,59,Male,,,
33235,,55,Male,,,
33236,,37,Male,,,
33237,,73,Male,,,
33238,,46,Female,,,
33239,,14,Female,,,
33240,,58,Female,,,
33241,,38,Male,,,
33242,,30,Female,,,
33243,,16,Female,,,
33244,,57,Female,,,
33245,,51,Female,,,
33246,,32,Male,,,
33247,,44,Female,,,
33248,,27,Female,,,
33249,,38,Female,,,
33250,,78,Female,,,
33251,,51,Female,,,
33252,,70,Male,,,
33253,,42,Female,,,
33254,,61,Female,,,
33255,,70,Female,,,
33256,,75,Female,,,
33257,,54,Male,,,
33258,,57,Female,,,
33259,,70,Female,,,
33260,,50,Female,,,
33261,,70,Male,,,
33262,,32,Female,,,
33263,,19,Female,,,
33264,,13,Female,,,
33265,,72,Female,,,
33266,,10,Female,,,
33267,,43,Female,,,
33268,,27,Male,,,
33269,,26,Male,,,
33270,,61,Female,,,
33271,,54,Female,,,
33272,,10,Female,,,
33273,,77,Female,,,
33274,,71,Male,,,
33275,,62,Male,,,
33276,,33,Female,,,
33277,,70,Female,,,
33278,,73,Female,,,
33279,,29,Female,,,
33280,,78,Female,,,
33281,,13,Male,,,
33282,,25,Male,,,
33283,,47,Female,,,
33284,,48,Female,,,
33285,,53,Female,,,
33286,,52,Female,,,
33287,,24,Male,,,
33288,,40,Female,,,
33289,,72,Female,,,
33290,,72,Female,,,
33291,,29,Female,,,
33292,,41,Female,,,
33293,,49,Female,,,
33294,,55,Female,,,
33295,,11,Male,,,
33296,,58,Male,,,
33297,,27,Male,,,
33298,,61,Female,,,
33299,,11,Female,,,
33300,,49,Female,,,
33301,,64,Male,,,
33302,,40,Male,,,
33303,,72,Female,,,
33304,,17,Male,,,
33305,,57,Male,,,
33306,,67,Male,,,
33307,,32,Female,,,
33308,,77,Male,,,
33309,,37,Female,,,
33310,,46,Female,,,
33311,,75,Male,,,
33312,,53,Male,,,
33313,,66,Female,,,
33314,,11,Male,,,
33315,,61,Male,,,
33316,,74,Male,,,
33317,,36,Female,,,
33318,,48,Female,,,
33319,,51,Female,,,
33320,,50,Female,,,
33321,,32,Male,,,
33322,,59,Female,,,
33323,,24,Female,,,
33324,,52,Female,,,
33325,,73,Male,,,
33326,,66,Male,,,
33327,,56,Male,,,
33328,,78,Female,,,
33329,,45,Male,,,
33330,,55,Male,,,
33331,,12,Male,,,
33332,,14,Female,,,
33333,,32,Female,,,
33334,,71,Female,,,
33335,,35,Female,,,
33336,,22,Female,,,
33337,,24,Female,,,
33338,,21,Female,,,
33339,,47,Male,,,
33340,,79,Male,,,
33341,,69,Female,,,
33342,,18,Female,,,
33343,,10,Male,,,
33344,,71,Female,,,
33345,,47,Male,,,
33346,,72,Male,,,
33347,,10,Female,,,
33348,,64,Female,,,
33349,,13,Female,,,
33350,,61,Female,,,
33351,,54,Female,,,
33352,,49,Male,,,
33353,,70,Female,,,
33354,,44,Female,,,
33355,,52,Male,,,
33356,,72,Female,,,
33357,,18,Male,,,
33358,,19,Male,,,
33359,,21,Female,,,
33360,,56,Female,,,
33361,,50,Male,,,
33362,,46,Female,,,
33363,,42,Female,,,
33364,,40,Female,,,
33365,,66,Female,,,
33366,,34,Male,,,
33367,,35,Male,,,
33368,,19,Female,,,
33369,,29,Female,,,
33370,,11,Male,,,
33371,,57,Male,,,
33372,,27,Female,,,
33373,,73,Female,,,
33374,,62,Male,,,
33375,,18,Male,,,
33376,,35,Female,,,
33377,,47,Female,,,
33378,,51,Male,,,
33379,,10,Male,,,
33380,,21,Female,,,
33381,,43,Male,,,
33382,,44,Female,,,
33383,,26,Female,,,
33384,,10,Female,,,
33385,,17,Female,,,
33386,,62,Female,,,
33387,,33,Female,,,
33388,,27,Female,,,
33389,,49,Male,,,
33390,,47,Female,,,
33391,,20,Female,,,
33392,,10,Female,,,
33393,,30,Female,,,
33394,,17,Female,,,
33395,,41,Female,,,
33396,,56,Female,,,
33397,,41,Female,,,
33398,,18,Male,,,
33399,,59,Female,,,
33400,,79,Male,,,
33401,,73,Female,,,
33402,,42,Female,,,
33403,,20,Female,,,
33404,,72,Male,,,
33405,,15,Male,,,
33406,,29,Female,,,
33407,,24,Male,,,
33408,,76,Female,,,
33409,,61,Male,,,
33410,,29,Female,,,
33411,,26,Male,,,
33412,,46,Female,,,
33413,,57,Female,,,
33414,,30,Female,,,
33415,,35,Female,,,
33416,,31,Female,,,
33417,,79,Female,,,
33418,,59,Male,,,
33419,,78,Female,,,
33420,,60,Female,,,
33421,,52,Female,,,
33422,,11,Male,,,
33423,,57,Female,,,
33424,,28,Female,,,
33425,,68,Female,,,
33426,,35,Female,,,
33427,,13,Female,,,
33428,,27,Male,,,
33429,,14,Female,,,
33430,,22,Male,,,
33431,,14,Male,,,
33432,,77,Male,,,
33433,,37,Female,,,
33434,,39,Male,,,
33435,,38,Female,,,
33436,,73,Female,,,
33437,,29,Male,,,
33438,,59,Female,,,
33439,,47,Female,,,
33440,,52,Male,,,
33441,,60,Male,,,
33442,,37,Female,,,
33443,,71,Male,,,
33444,,43,Female,,,
33445,,40,Female,,,
33446,,61,Female,,,
33447,,70,Female,,,
33448,,79,Male,,,
33449,,74,Female,,,
33450,,53,Male,,,
33451,,72,Female,,,
33452,,51,Female,,,
33453,,74,Male,,,
33454,,61,Male,,,
33455,,12,Male,,,
33456,,31,Female,,,
33457,,29,Male,,,
33458,,49,Male,,,
33459,,38,Female,,,
33460,,18,Female,,,
33461,,79,Female,,,
33462,,52,Female,,,
33463,,45,Male,,,
33464,,18,Female,,,
33465,,14,Male,,,
33466,,51,Male,,,
33467,,70,Female,,,
33468,,56,Male,,,
33469,,39,Female,,,
33470,,66,Female,,,
33471,,78,Female,,,
33472,,18,Female,,,
33473,,77,Female,,,
33474,,73,Male,,,
33475,,25,Male,,,
33476,,34,Male,,,
33477,,73,Male,,,
33478,,64,Female,,,
33479,,72,Male,,,
33480,,55,Male,,,
33481,,27,Female,,,
33482,,55,Female,,,
33483,,47,Female,,,
33484,,30,Female,,,
33485,,75,Female,,,
33486,,17,Female,,,
33487,,49,Female,,,
33488,,43,Female,,,
33489,,50,Male,,,
33490,,22,Female,,,
33491,,48,Female,,,
33492,,12,Male,,,
33493,,40,Male,,,
33494,,29,Male,,,
33495,,77,Female,,,
33496,,52,Female,,,
33497,,35,Female,,,
33498,,77,Female,,,
33499,,74,Female,,,
33500,,71,Female,,,
33501,,44,Female,,,
33502,,77,Female,,,
33503,,33,Female,,,
33504,,49,Male,,,
33505,,65,Male,,,
33506,,76,Female,,,
33507,,12,Female,,,
33508,,26,Male,,,
33509,,20,Male,,,
33510,,60,Male,,,
33511,,63,Female,,,
33512,,61,Female,,,
33513,,45,Female,,,
33514,,64,Male,,,
33515,,22,Female,,,
33516,,71,Male,,,
33517,,64,Female,,,
33518,,79,Male,,,
33519,,37,Male,,,
33520,,56,Female,,,
33521,,18,Female,,,
33522,,41,Female,,,
33523,,40,Female,,,
33524,,49,Female,,,
33525,,39,Male,,,
33526,,70,Male,,,
33527,,65,Female,,,
33528,,12,Female,,,
33529,,69,Female,,,
33530,,60,Male,,,
33531,,45,Female,,,
33532,,51,Male,,,
33533,,11,Female,,,
33534,,57,Female,,,
33535,,72,Female,,,
33536,,75,Female,,,
33537,,21,Female,,,
33538,,64,Female,,,
33539,,56,Female,,,
33540,,31,Female,,,
33541,,78,Male,,,
33542,,42,Female,,,
33543,,60,Female,,,
33544,,13,Female,,,
33545,,49,Female,,,
33546,,37,Female,,,
33547,,15,Female,,,
33548,,26,Female,,,
33549,,35,Male,,,
33550,,21,Female,,,
33551,,35,Male,,,
33552,,78,Female,,,
33553,,54,Male,,,
33554,,55,Female,,,
33555,,40,Female,,,
33556,,47,Female,,,
33557,,53,Male,,,
33558,,11,Male,,,
33559,,43,Male,,,
33560,,16,Male,,,
33561,,64,Female,,,
33562,,69,Male,,,
33563,,22,Female,,,
33564,,15,Female,,,
33565,,29,Male,,,
33566,,52,Female,,,
33567,,53,Female,,,
33568,,14,Female,,,
33569,,47,Female,,,
33570,,43,Male,,,
33571,,43,Male,,,
33572,,30,Female,,,
33573,,63,Female,,,
33574,,72,Male,,,
33575,,53,Male,,,
33576,,77,Female,,,
33577,,35,Male,,,
33578,,22,Male,,,
33579,,79,Male,,,
33580,,78,Female,,,
33581,,54,Female,,,
33582,,23,Female,,,
33583,,57,Female,,,
33584,,70,Female,,,
33585,,45,Female,,,
33586,,52,Female,,,
33587,,42,Female,,,
33588,,45,Female,,,
33589,,30,Female,,,
33590,,45,Female,,,
33591,,36,Male,,,
33592,,71,Female,,,
33593,,73,Female,,,
33594,,61,Female,,,
33595,,30,Female,,,
33596,,18,Female,,,
33597,,39,Female,,,
33598,,53,Female,,,
33599,,51,Female,,,
33600,,76,Male,,,
33601,,14,Female,,,
33602,,59,Female,,,
33603,,23,Male,,,
33604,,46,Male,,,
33605,,58,Female,,,
33606,,72,Female,,,
33607,,56,Female,,,
33608,,18,Female,,,
33609,,47,Female,,,
33610,,58,Female,,,
33611,,32,Female,,,
33612,,41,Male,,,
33613,,71,Male,,,
33614,,73,Female,,,
33615,,69,Female,,,
33616,,49,Female,,,
33617,,42,Female,,,
33618,,40,Female,,,
33619,,22,Female,,,
33620,,23,Male,,,
33621,,61,Male,,,
33622,,26,Male,,,
33623,,52,Female,,,
33624,,10,Female,,,
33625,,74,Female,,,
33626,,11,Male,,,
33627,,12,Female,,,
33628,,23,Male,,,
33629,,75,Female,,,
33630,,47,Female,,,
33631,,79,Female,,,
33632,,21,Female,,,
33633,,29,Male,,,
33634,,47,Female,,,
33635,,74,Male,,,
33636,,73,Female,,,
33637,,66,Female,,,
33638,,69,Female,,,
33639,,24,Female,,,
33640,,69,Female,,,
33641,,31,Male,,,
33642,,12,Male,,,
33643,,32,Female,,,
33644,,45,Female,,,
33645,,28,Male,,,
33646,,68,Male,,,
33647,,12,Male,,,
33648,,24,Female,,,
33649,,77,Female,,,
33650,,39,Female,,,
33651,,54,Female,,,
33652,,56,Female,,,
33653,,51,Female,,,
33654,,12,Female,,,
33655,,31,Male,,,
33656,,29,Female,,,
33657,,26,Female,,,
33658,,75,Female,,,
33659,,42,Female,,,
33660,,34,Male,,,
33661,,38,Female,,,
33662,,11,Male,,,
33663,,22,Male,,,
33664,,62,Female,,,
33665,,31,Female,,,
33666,,79,Male,,,
33667,,69,Female,,,
33668,,58,Male,,,
33669,,15,Female,,,
33670,,71,Male,,,
33671,,24,Female,,,
33672,,59,Male,,,
33673,,55,Male,,,
33674,,15,Female,,,
33675,,57,Female,,,
33676,,21,Female,,,
33677,,37,Female,,,
33678,,70,Female,,,
33679,,78,Female,,,
33680,,46,Female,,,
33681,,79,Male,,,
33682,,39,Female,,,
33683,,13,Male,,,
33684,,25,Female,,,
33685,,50,Female,,,
33686,,40,Female,,,
33687,,51,Male,,,
33688,,32,Male,,,
33689,,25,Female,,,
33690,,18,Male,,,
33691,,18,Male,,,
33692,,71,Male,,,
33693,,57,Male,,,
33694,,76,Female,,,
33695,,35,Female,,,
33696,,77,Male,,,
33697,,46,Male,,,
33698,,66,Female,,,
33699,,54,Male,,,
33700,,12,Female,,,
33701,,76,Female,,,
33702,,79,Female,,,
33703,,51,Male,,,
33704,,25,Female,,,
33705,,70,Male,,,
33706,,77,Male,,,
33707,,46,Female,,,
33708,,51,Male,,,
33709,,28,Male,,,
33710,,26,Female,,,
33711,,39,Female,,,
33712,,35,Male,,,
33713,,17,Female,,,
33714,,47,Female,,,
33715,,44,Male,,,
33716,,12,Male,,,
33717,,25,Male,,,
33718,,39,Female,,,
33719,,22,Male,,,
33720,,64,Female,,,
33721,,14,Male,,,
33722,,22,Female,,,
33723,,51,Male,,,
33724,,35,Female,,,
33725,,71,Female,,,
33726,,76,Male,,,
33727,,70,Female,,,
33728,,45,Female,,,
33729,,55,Female,,,
33730,,34,Male,,,
33731,,40,Female,,,
33732,,52,Female,,,
33733,,55,Female,,,
33734,,10,Male,,,
33735,,48,Female,,,
33736,,77,Female,,,
33737,,65,Female,,,
33738,,36,Female,,,
33739,,54,Female,,,
33740,,15,Female,,,
33741,,71,Male,,,
33742,,45,Male,,,
33743,,67,Female,,,
33744,,55,Male,,,
33745,,20,Female,,,
33746,,46,Female,,,
33747,,14,Female,,,
33748,,78,Female,,,
33749,,10,Male,,,
33750,,67,Female,,,
33751,,62,Female,,,
33752,,44,Female,,,
33753,,42,Female,,,
33754,,71,Female,,,
33755,,29,Male,,,
33756,,66,Female,,,
33757,,41,Female,,,
33758,,13,Female,,,
33759,,77,Female,,,
33760,,38,Female,,,
33761,,64,Female,,,
33762,,63,Female,,,
33763,,14,Male,,,
33764,,70,Female,,,
33765,,55,Female,,,
33766,,45,Female,,,
33767,,64,Female,,,
33768,,43,Female,,,
33769,,11,Female,,,
33770,,72,Female,,,
33771,,16,Female,,,
33772,,67,Female,,,
33773,,72,Female,,,
33774,,58,Male,,,
33775,,44,Female,,,
33776,,15,Female,,,
33777,,11,Male,,,
33778,,49,Male,,,
33779,,42,Female,,,
33780,,33,Male,,,
33781,,22,Female,,,
33782,,27,Male,,,
33783,,78,Female,,,
33784,,53,Female,,,
33785,,74,Male,,,
33786,,54,Female,,,
33787,,73,Female,,,
33788,,12,Female,,,
33789,,72,Female,,,
33790,,60,Female,,,
33791,,54,Female,,,
33792,,19,Female,,,
33793,,60,Male,,,
33794,,58,Female,,,
33795,,22,Male,,,
33796,,14,Female,,,
33797,,60,Female,,,
33798,,38,Female,,,
33799,,67,Female,,,
33800,,46,Female,,,
33801,,22,Female,,,
33802,,70,Female,,,
33803,,75,Female,,,
33804,,17,Female,,,
33805,,22,Female,,,
33806,,11,Female,,,
33807,,47,Female,,,
33808,,25,Male,,,
33809,,58,Female,,,
33810,,51,Male,,,
33811,,78,Female,,,
33812,,38,Male,,,
33813,,54,Female,,,
33814,,32,Male,,,
33815,,31,Male,,,
33816,,35,Female,,,
33817,,13,Female,,,
33818,,64,Male,,,
33819,,63,Female,,,
33820,,78,Male,,,
33821,,19,Male,,,
33822,,33,Male,,,
33823,,18,Female,,,
33824,,39,Female,,,
33825,,65,Male,,,
33826,,49,Female,,,
33827,,31,Female,,,
33828,,75,Female,,,
33829,,14,Female,,,
33830,,56,Female,,,
33831,,17,Female,,,
33832,,28,Female,,,
33833,,19,Male,,,
33834,,37,Male,,,
33835,,17,Male,,,
33836,,52,Female,,,
33837,,75,Female,,,
33838,,60,Male,,,
33839,,29,Female,,,
33840,,10,Female,,,
33841,,58,Female,,,
33842,,60,Male,,,
33843,,79,Female,,,
33844,,50,Female,,,
33845,,64,Male,,,
33846,,22,Male,,,
33847,,43,Female,,,
33848,,39,Female,,,
33849,,70,Female,,,
33850,,49,Male,,,
33851,,47,Female,,,
33852,,69,Female,,,
33853,,32,Female,,,
33854,,45,Female,,,
33855,,34,Female,,,
33856,,39,Female,,,
33857,,25,Female,,,
33858,,77,Male,,,
33859,,37,Female,,,
33860,,15,Male,,,
33861,,77,Male,,,
33862,,47,Male,,,
33863,,71,Female,,,
33864,,13,Female,,,
33865,,72,Female,,,
33866,,62,Male,,,
33867,,22,Female,,,
33868,,57,Female,,,
33869,,12,Female,,,
33870,,74,Male,,,
33871,,16,Female,,,
33872,,55,Male,,,
33873,,56,Female,,,
33874,,27,Female,,,
33875,,70,Female,,,
33876,,11,Female,,,
33877,,27,Male,,,
33878,,21,Female,,,
33879,,14,Female,,,
33880,,26,Female,,,
33881,,79,Female,,,
33882,,64,Male,,,
33883,,72,Female,,,
33884,,25,Male,,,
33885,,39,Female,,,
33886,,37,Female,,,
33887,,20,Female,,,
33888,,21,Male,,,
33889,,73,Male,,,
33890,,67,Female,,,
33891,,19,Female,,,
33892,,63,Male,,,
33893,,31,Female,,,
33894,,36,Female,,,
33895,,25,Female,,,
33896,,38,Male,,,
33897,,26,Female,,,
33898,,19,Female,,,
33899,,56,Male,,,
33900,,42,Female,,,
33901,,65,Female,,,
33902,,24,Male,,,
33903,,12,Female,,,
33904,,35,Female,,,
33905,,46,Male,,,
33906,,34,Male,,,
33907,,42,Female,,,
33908,,16,Female,,,
33909,,21,Female,,,
33910,,59,Male,,,
33911,,73,Female,,,
33912,,74,Male,,,
33913,,48,Male,,,
33914,,10,Male,,,
33915,,21,Male,,,
33916,,41,Female,,,
33917,,63,Female,,,
33918,,20,Female,,,
33919,,35,Male,,,
33920,,70,Female,,,
33921,,30,Male,,,
33922,,69,Male,,,
33923,,64,Female,,,
33924,,65,Female,,,
33925,,48,Female,,,
33926,,20,Female,,,
33927,,17,Female,,,
33928,,26,Male,,,
33929,,75,Male,,,
33930,,50,Female,,,
33931,,30,Male,,,
33932,,26,Female,,,
33933,,70,Female,,,
33934,,21,Male,,,
33935,,28,Female,,,
33936,,35,Female,,,
33937,,23,Female,,,
33938,,29,Female,,,
33939,,76,Female,,,
33940,,30,Female,,,
33941,,28,Male,,,
33942,,30,Female,,,
33943,,33,Female,,,
33944,,74,Female,,,
33945,,63,Female,,,
33946,,26,Female,,,
33947,,41,Female,,,
33948,,46,Male,,,
33949,,29,Male,,,
33950,,50,Female,,,
33951,,52,Male,,,
33952,,67,Female,,,
33953,,49,Female,,,
33954,,41,Female,,,
33955,,58,Male,,,
33956,,11,Female,,,
33957,,58,Female,,,
33958,,55,Male,,,
33959,,70,Female,,,
33960,,36,Female,,,
33961,,18,Female,,,
33962,,52,Female,,,
33963,,57,Male,,,
33964,,11,Female,,,
33965,,65,Male,,,
33966,,25,Male,,,
33967,,36,Female,,,
33968,,43,Female,,,
33969,,11,Female,,,
33970,,62,Female,,,
33971,,18,Female,,,
33972,,49,Male,,,
33973,,27,Male,,,
33974,,26,Female,,,
33975,,45,Male,,,
33976,,53,Female,,,
33977,,75,Female,,,
33978,,63,Male,,,
33979,,49,Male,,,
33980,,42,Female,,,
33981,,68,Female,,,
33982,,18,Female,,,
33983,,53,Male,,,
33984,,25,Female,,,
33985,,47,Female,,,
33986,,40,Male,,,
33987,,59,Male,,,
33988,,21,Female,,,
33989,,26,Female,,,
33990,,69,Female,,,
33991,,76,Female,,,
33992,,16,Female,,,
33993,,65,Male,,,
33994,,51,Female,,,
33995,,51,Female,,,
33996,,17,Female,,,
33997,,14,Male,,,
33998,,76,Female,,,
33999,,67,Male,,,
34000,,52,Female,,,
34001,,39,Male,,,
34002,,13,Female,,,
34003,,35,Female,,,
34004,,57,Female,,,
34005,,34,Female,,,
34006,,78,Female,,,
34007,,10,Female,,,
34008,,79,Male,,,
34009,,21,Female,,,
34010,,16,Female,,,
34011,,78,Female,,,
34012,,57,Female,,,
34013,,79,Female,,,
34014,,33,Female,,,
34015,,39,Female,,,
34016,,11,Female,,,
34017,,76,Male,,,
34018,,25,Female,,,
34019,,66,Female,,,
34020,,55,Female,,,
34021,,77,Male,,,
34022,,24,Female,,,
34023,,58,Female,,,
34024,,71,Female,,,
34025,,39,Female,,,
34026,,49,Female,,,
34027,,37,Male,,,
34028,,10,Female,,,
34029,,47,Female,,,
34030,,54,Female,,,
34031,,44,Female,,,
34032,,59,Male,,,
34033,,13,Female,,,
34034,,15,Male,,,
34035,,38,Female,,,
34036,,53,Female,,,
34037,,13,Female,,,
34038,,11,Male,,,
34039,,70,Female,,,
34040,,15,Female,,,
34041,,52,Female,,,
34042,,49,Female,,,
34043,,45,Female,,,
34044,,65,Female,,,
34045,,21,Male,,,
34046,,45,Female,,,
34047,,53,Female,,,
34048,,75,Female,,,
34049,,24,Female,,,
34050,,48,Female,,,
34051,,21,Female,,,
34052,,31,Male,,,
34053,,68,Male,,,
34054,,65,Male,,,
34055,,36,Female,,,
34056,,28,Female,,,
34057,,45,Female,,,
34058,,57,Male,,,
34059,,53,Male,,,
34060,,24,Female,,,
34061,,62,Male,,,
34062,,48,Female,,,
34063,,23,Female,,,
34064,,46,Female,,,
34065,,31,Male,,,
34066,,57,Female,,,
34067,,79,Male,,,
34068,,39,Female,,,
34069,,54,Female,,,
34070,,49,Female,,,
34071,,61,Female,,,
34072,,70,Male,,,
34073,,69,Female,,,
34074,,27,Male,,,
34075,,58,Female,,,
34076,,65,Male,,,
34077,,60,Female,,,
34078,,44,Female,,,
34079,,34,Female,,,
34080,,36,Female,,,
34081,,46,Male,,,
34082,,45,Female,,,
34083,,16,Female,,,
34084,,60,Male,,,
34085,,18,Female,,,
34086,,55,Female,,,
34087,,62,Male,,,
34088,,42,Female,,,
34089,,70,Female,,,
34090,,10,Male,,,
34091,,68,Female,,,
34092,,66,Female,,,
34093,,46,Male,,,
34094,,32,Female,,,
34095,,11,Female,,,
34096,,34,Female,,,
34097,,44,Male,,,
34098,,62,Female,,,
34099,,27,Female,,,
34100,,42,Female,,,
34101,,77,Male,,,
34102,,15,Female,,,
34103,,43,Male,,,
34104,,74,Female,,,
34105,,69,Female,,,
34106,,78,Female,,,
34107,,39,Female,,,
34108,,23,Male,,,
34109,,48,Female,,,
34110,,54,Female,,,
34111,,48,Male,,,
34112,,23,Male,,,
34113,,26,Female,,,
34114,,11,Male,,,
34115,,57,Female,,,
34116,,18,Male,,,
34117,,27,Female,,,
34118,,16,Female,,,
34119,,66,Female,,,
34120,,36,Female,,,
34121,,65,Male,,,
34122,,37,Female,,,
34123,,76,Female,,,
34124,,34,Male,,,
34125,,38,Male,,,
34126,,35,Male,,,
34127,,51,Male,,,
34128,,39,Male,,,
34129,,38,Female,,,
34130,,28,Female,,,
34131,,65,Female,,,
34132,,31,Male,,,
34133,,11,Female,,,
34134,,36,Female,,,
34135,,33,Male,,,
34136,,45,Male,,,
34137,,46,Female,,,
34138,,72,Female,,,
34139,,65,Male,,,
34140,,77,Female,,,
34141,,25,Female,,,
34142,,40,Male,,,
34143,,41,Female,,,
34144,,28,Female,,,
34145,,55,Female,,,
34146,,76,Female,,,
34147,,64,Female,,,
34148,,74,Male,,,
34149,,49,Female,,,
34150,,75,Female,,,
34151,,30,Male,,,
34152,,23,Male,,,
34153,,12,Male,,,
34154,,19,Female,,,
34155,,43,Female,,,
34156,,59,Male,,,
34157,,23,Female,,,
34158,,64,Female,,,
34159,,50,Female,,,
34160,,60,Female,,,
34161,,74,Female,,,
34162,,45,Female,,,
34163,,21,Female,,,
34164,,56,Female,,,
34165,,26,Male,,,
34166,,44,Female,,,
34167,,21,Male,,,
34168,,58,Male,,,
34169,,24,Male,,,
34170,,74,Female,,,
34171,,76,Male,,,
34172,,46,Female,,,
34173,,33,Female,,,
34174,,30,Female,,,
34175,,59,Male,,,
34176,,35,Female,,,
34177,,71,Male,,,
34178,,44,Female,,,
34179,,58,Male,,,
34180,,16,Female,,,
34181,,30,Male,,,
34182,,27,Male,,,
34183,,32,Male,,,
34184,,18,Male,,,
34185,,59,Female,,,
34186,,32,Male,,,
34187,,34,Female,,,
34188,,40,Male,,,
34189,,62,Female,,,
34190,,29,Male,,,
34191,,33,Female,,,
34192,,47,Male,,,
34193,,70,Female,,,
34194,,71,Female,,,
34195,,32,Male,,,
34196,,15,Female,,,
34197,,11,Female,,,
34198,,54,Male,,,
34199,,22,Male,,,
34200,,71,Male,,,
34201,,65,Female,,,
34202,,35,Male,,,
34203,,12,Female,,,
34204,,35,Female,,,
34205,,18,Female,,,
34206,,73,Female,,,
34207,,12,Male,,,
34208,,57,Male,,,
34209,,21,Male,,,
34210,,74,Female,,,
34211,,27,Female,,,
34212,,21,Male,,,
34213,,48,Female,,,
34214,,52,Female,,,
34215,,19,Female,,,
34216,,67,Female,,,
34217,,66,Male,,,
34218,,76,Female,,,
34219,,39,Female,,,
34220,,20,Male,,,
34221,,60,Female,,,
34222,,23,Female,,,
34223,,41,Male,,,
34224,,42,Male,,,
34225,,49,Female,,,
34226,,52,Female,,,
34227,,38,Male,,,
34228,,30,Female,,,
34229,,49,Male,,,
34230,,72,Male,,,
34231,,37,Female,,,
34232,,43,Male,,,
34233,,56,Male,,,
34234,,42,Male,,,
34235,,47,Female,,,
34236,,27,Female,,,
34237,,22,Male,,,
34238,,26,Female,,,
34239,,57,Female,,,
34240,,56,Female,,,
34241,,26,Female,,,
34242,,43,Male,,,
34243,,53,Male,,,
34244,,59,Female,,,
34245,,69,Male,,,
34246,,38,Female,,,
34247,,53,Male,,,
34248,,30,Female,,,
34249,,21,Female,,,
34250,,45,Male,,,
34251,,63,Female,,,
34252,,49,Female,,,
34253,,71,Male,,,
34254,,50,Female,,,
34255,,74,Female,,,
34256,,33,Male,,,
34257,,16,Female,,,
34258,,51,Male,,,
34259,,39,Female,,,
34260,,15,Male,,,
34261,,45,Female,,,
34262,,46,Male,,,
34263,,70,Female,,,
34264,,26,Female,,,
34265,,20,Female,,,
34266,,10,Female,,,
34267,,31,Male,,,
34268,,51,Female,,,
34269,,16,Female,,,
34270,,67,Male,,,
34271,,30,Female,,,
34272,,64,Female,,,
34273,,33,Female,,,
34274,,40,Female,,,
34275,,18,Female,,,
34276,,48,Male,,,
34277,,76,Female,,,
34278,,70,Female,,,
34279,,68,Female,,,
34280,,68,Male,,,
34281,,50,Female,,,
34282,,63,Female,,,
34283,,16,Female,,,
34284,,56,Female,,,
34285,,15,Female,,,
34286,,42,Female,,,
34287,,18,Male,,,
34288,,36,Female,,,
34289,,40,Female,,,
34290,,54,Female,,,
34291,,61,Female,,,
34292,,46,Female,,,
34293,,68,Female,,,
34294,,77,Female,,,
34295,,68,Male,,,
34296,,60,Male,,,
34297,,13,Female,,,
34298,,78,Male,,,
34299,,67,Female,,,
34300,,31,Male,,,
34301,,36,Female,,,
34302,,53,Female,,,
34303,,47,Female,,,
34304,,60,Female,,,
34305,,36,Female,,,
34306,,77,Female,,,
34307,,17,Female,,,
34308,,50,Female,,,
34309,,29,Female,,,
34310,,35,Female,,,
34311,,28,Male,,,
34312,,35,Female,,,
34313,,38,Female,,,
34314,,70,Female,,,
34315,,78,Male,,,
34316,,21,Female,,,
34317,,34,Female,,,
34318,,45,Female,,,
34319,,66,Male,,,
34320,,74,Male,,,
34321,,78,Male,,,
34322,,19,Female,,,
34323,,78,Male,,,
34324,,69,Male,,,
34325,,36,Female,,,
34326,,49,Female,,,
34327,,28,Female,,,
34328,,62,Male,,,
34329,,56,Female,,,
34330,,54,Female,,,
34331,,29,Male,,,
34332,,69,Male,,,
34333,,63,Male,,,
34334,,25,Female,,,
34335,,46,Female,,,
34336,,47,Female,,,
34337,,33,Female,,,
34338,,17,Male,,,
34339,,35,Female,,,
34340,,44,Male,,,
34341,,14,Female,,,
34342,,19,Female,,,
34343,,21,Male,,,
34344,,76,Male,,,
34345,,65,Male,,,
34346,,33,Female,,,
34347,,11,Female,,,
34348,,47,Female,,,
34349,,76,Female,,,
34350,,61,Female,,,
34351,,53,Female,,,
34352,,44,Male,,,
34353,,63,Female,,,
34354,,51,Male,,,
34355,,45,Female,,,
34356,,57,Male,,,
34357,,67,Female,,,
34358,,28,Male,,,
34359,,29,Female,,,
34360,,48,Female,,,
34361,,61,Female,,,
34362,,27,Female,,,
34363,,62,Female,,,
34364,,65,Male,,,
34365,,29,Female,,,
34366,,41,Male,,,
34367,,45,Male,,,
34368,,17,Male,,,
34369,,32,Female,,,
34370,,59,Male,,,
34371,,11,Female,,,
34372,,22,Female,,,
34373,,69,Female,,,
34374,,44,Female,,,
34375,,75,Male,,,
34376,,77,Female,,,
34377,,36,Male,,,
34378,,35,Female,,,
34379,,18,Male,,,
34380,,57,Female,,,
34381,,40,Female,,,
34382,,33,Female,,,
34383,,47,Male,,,
34384,,72,Female,,,
34385,,62,Female,,,
34386,,15,Female,,,
34387,,62,Female,,,
34388,,71,Male,,,
34389,,37,Male,,,
34390,,36,Female,,,
34391,,34,Female,,,
34392,,27,Female,,,
34393,,28,Male,,,
34394,,78,Female,,,
34395,,38,Female,,,
34396,,54,Female,,,
34397,,38,Female,,,
34398,,12,Female,,,
34399,,72,Female,,,
34400,,54,Female,,,
34401,,74,Male,,,
34402,,41,Female,,,
34403,,24,Female,,,
34404,,53,Female,,,
34405,,20,Female,,,
34406,,30,Male,,,
34407,,23,Male,,,
34408,,62,Female,,,
34409,,18,Male,,,
34410,,57,Male,,,
34411,,50,Female,,,
34412,,75,Female,,,
34413,,40,Female,,,
34414,,78,Female,,,
34415,,54,Female,,,
34416,,19,Female,,,
34417,,70,Female,,,
34418,,77,Female,,,
34419,,33,Female,,,
34420,,16,Female,,,
34421,,41,Female,,,
34422,,23,Male,,,
34423,,19,Female,,,
34424,,16,Female,,,
34425,,57,Male,,,
34426,,17,Female,,,
34427,,74,Female,,,
34428,,26,Female,,,
34429,,32,Female,,,
34430,,56,Female,,,
34431,,48,Female,,,
34432,,53,Male,,,
34433,,55,Female,,,
34434,,67,Male,,,
34435,,43,Female,,,
34436,,53,Female,,,
34437,,72,Male,,,
34438,,63,Male,,,
34439,,74,Female,,,
34440,,78,Female,,,
34441,,69,Female,,,
34442,,29,Male,,,
34443,,10,Male,,,
34444,,49,Male,,,
34445,,55,Male,,,
34446,,75,Male,,,
34447,,76,Female,,,
34448,,33,Female,,,
34449,,10,Female,,,
34450,,53,Male,,,
34451,,41,Male,,,
34452,,66,Male,,,
34453,,55,Female,,,
34454,,75,Female,,,
34455,,57,Male,,,
34456,,74,Male,,,
34457,,74,Female,,,
34458,,73,Female,,,
34459,,52,Male,,,
34460,,41,Female,,,
34461,,10,Female,,,
34462,,50,Female,,,
34463,,63,Female,,,
34464,,63,Male,,,
34465,,42,Female,,,
34466,,33,Male,,,
34467,,29,Female,,,
34468,,66,Female,,,
34469,,28,Female,,,
34470,,70,Female,,,
34471,,47,Male,,,
34472,,56,Male,,,
34473,,17,Female,,,
34474,,50,Male,,,
34475,,53,Female,,,
34476,,46,Female,,,
34477,,14,Female,,,
34478,,43,Female,,,
34479,,19,Female,,,
34480,,34,Male,,,
34481,,28,Female,,,
34482,,16,Male,,,
34483,,46,Female,,,
34484,,48,Male,,,
34485,,24,Female,,,
34486,,11,Female,,,
34487,,56,Female,,,
34488,,28,Male,,,
34489,,78,Female,,,
34490,,28,Female,,,
34491,,21,Male,,,
34492,,35,Female,,,
34493,,17,Male,,,
34494,,48,Male,,,
34495,,24,Female,,,
34496,,58,Female,,,
34497,,70,Female,,,
34498,,19,Male,,,
34499,,18,Female,,,
34500,,38,Female,,,
34501,,37,Male,,,
34502,,56,Male,,,
34503,,22,Male,,,
34504,,78,Male,,,
34505,,22,Male,,,
34506,,16,Female,,,
34507,,16,Male,,,
34508,,29,Male,,,
34509,,30,Male,,,
34510,,37,Female,,,
34511,,23,Male,,,
34512,,20,Male,,,
34513,,61,Female,,,
34514,,48,Female,,,
34515,,67,Female,,,
34516,,44,Male,,,
34517,,30,Female,,,
34518,,54,Female,,,
34519,,51,Female,,,
34520,,77,Male,,,
34521,,45,Female,,,
34522,,13,Male,,,
34523,,13,Male,,,
34524,,59,Male,,,
34525,,59,Female,,,
34526,,50,Male,,,
34527,,40,Male,,,
34528,,65,Male,,,
34529,,42,Male,,,
34530,,18,Female,,,
34531,,35,Female,,,
34532,,76,Female,,,
34533,,18,Female,,,
34534,,42,Female,,,
34535,,60,Female,,,
34536,,59,Female,,,
34537,,75,Female,,,
34538,,74,Male,,,
34539,,43,Female,,,
34540,,63,Female,,,
34541,,75,Male,,,
34542,,27,Female,,,
34543,,60,Male,,,
34544,,70,Female,,,
34545,,37,Male,,,
34546,,74,Female,,,
34547,,66,Male,,,
34548,,56,Female,,,
34549,,48,Male,,,
34550,,41,Female,,,
34551,,17,Male,,,
34552,,46,Female,,,
34553,,43,Female,,,
34554,,41,Male,,,
34555,,72,Female,,,
34556,,14,Female,,,
34557,,27,Female,,,
34558,,52,Female,,,
34559,,11,Female,,,
34560,,22,Female,,,
34561,,54,Female,,,
34562,,44,Male,,,
34563,,12,Male,,,
34564,,44,Female,,,
34565,,21,Female,,,
34566,,57,Female,,,
34567,,63,Female,,,
34568,,18,Male,,,
34569,,76,Male,,,
34570,,50,Female,,,
34571,,18,Female,,,
34572,,62,Female,,,
34573,,63,Male,,,
34574,,26,Male,,,
34575,,33,Female,,,
34576,,53,Female,,,
34577,,28,Female,,,
34578,,69,Female,,,
34579,,12,Female,,,
34580,,78,Male,,,
34581,,41,Female,,,
34582,,51,Male,,,
34583,,15,Male,,,
34584,,33,Female,,,
34585,,25,Female,,,
34586,,49,Female,,,
34587,,51,Male,,,
34588,,22,Male,,,
34589,,40,Male,,,
34590,,36,Female,,,
34591,,18,Female,,,
34592,,70,Male,,,
34593,,69,Female,,,
34594,,55,Female,,,
34595,,63,Male,,,
34596,,13,Female,,,
34597,,26,Female,,,
34598,,69,Female,,,
34599,,44,Female,,,
34600,,12,Female,,,
34601,,12,Female,,,
34602,,78,Male,,,
34603,,53,Female,,,
34604,,78,Female,,,
34605,,61,Female,,,
34606,,55,Female,,,
34607,,37,Male,,,
34608,,13,Female,,,
34609,,10,Female,,,
34610,,71,Male,,,
34611,,56,Male,,,
34612,,72,Male,,,
34613,,76,Female,,,
34614,,47,Female,,,
34615,,74,Female,,,
34616,,43,Female,,,
34617,,43,Female,,,
34618,,57,Female,,,
34619,,12,Male,,,
34620,,33,Male,,,
34621,,35,Female,,,
34622,,15,Male,,,
34623,,38,Male,,,
34624,,29,Male,,,
34625,,56,Male,,,
34626,,53,Female,,,
34627,,28,Female,,,
34628,,71,Female,,,
34629,,69,Female,,,
34630,,21,Male,,,
34631,,52,Female,,,
34632,,60,Female,,,
34633,,16,Male,,,
34634,,61,Female,,,
34635,,20,Female,,,
34636,,37,Male,,,
34637,,62,Female,,,
34638,,51,Female,,,
34639,,64,Female,,,
34640,,54,Male,,,
34641,,56,Female,,,
34642,,18,Male,,,
34643,,34,Male,,,
34644,,18,Female,,,
34645,,65,Male,,,
34646,,18,Female,,,
34647,,62,Female,,,
34648,,76,Female,,,
34649,,36,Female,,,
34650,,78,Female,,,
34651,,19,Female,,,
34652,,64,Male,,,
34653,,68,Male,,,
34654,,36,Male,,,
34655,,47,Female,,,
34656,,66,Male,,,
34657,,76,Female,,,
34658,,68,Male,,,
34659,,17,Male,,,
34660,,49,Female,,,
34661,,74,Female,,,
34662,,66,Female,,,
34663,,40,Female,,,
34664,,25,Female,,,
34665,,33,Male,,,
34666,,40,Female,,,
34667,,60,Female,,,
34668,,49,Female,,,
34669,,26,Male,,,
34670,,39,Female,,,
34671,,48,Female,,,
34672,,22,Male,,,
34673,,73,Female,,,
34674,,51,Female,,,
34675,,37,Female,,,
34676,,34,Female,,,
34677,,62,Female,,,
34678,,69,Female,,,
34679,,23,Male,,,
34680,,67,Male,,,
34681,,46,Female,,,
34682,,27,Female,,,
34683,,31,Female,,,
34684,,44,Female,,,
34685,,27,Female,,,
34686,,24,Female,,,
34687,,54,Female,,,
34688,,29,Male,,,
34689,,14,Female,,,
34690,,15,Male,,,
34691,,24,Female,,,
34692,,17,Female,,,
34693,,41,Female,,,
34694,,27,Female,,,
34695,,48,Male,,,
34696,,32,Female,,,
34697,,49,Female,,,
34698,,18,Female,,,
34699,,24,Female,,,
34700,,41,Male,,,
34701,,74,Male,,,
34702,,25,Female,,,
34703,,13,Female,,,
34704,,48,Female,,,
34705,,37,Female,,,
34706,,72,Male,,,
34707,,22,Female,,,
34708,,75,Female,,,
34709,,79,Female,,,
34710,,10,Male,,,
34711,,35,Female,,,
34712,,18,Female,,,
34713,,61,Female,,,
34714,,70,Female,,,
34715,,75,Female,,,
34716,,71,Male,,,
34717,,38,Female,,,
34718,,20,Male,,,
34719,,22,Female,,,
34720,,69,Female,,,
34721,,10,Female,,,
34722,,42,Male,,,
34723,,29,Male,,,
34724,,23,Female,,,
34725,,11,Female,,,
34726,,56,Female,,,
34727,,22,Female,,,
34728,,62,Male,,,
34729,,74,Female,,,
34730,,67,Female,,,
34731,,44,Female,,,
34732,,62,Female,,,
34733,,75,Female,,,
34734,,61,Male,,,
34735,,47,Female,,,
34736,,34,Male,,,
34737,,15,Female,,,
34738,,17,Female,,,
34739,,44,Female,,,
34740,,48,Female,,,
34741,,73,Male,,,
34742,,22,Male,,,
34743,,49,Female,,,
34744,,34,Female,,,
34745,,35,Female,,,
34746,,37,Female,,,
34747,,74,Female,,,
34748,,28,Male,,,
34749,,25,Female,,,
34750,,19,Female,,,
34751,,49,Male,,,
34752,,24,Female,,,
34753,,23,Female,,,
34754,,21,Female,,,
34755,,31,Male,,,
34756,,13,Male,,,
34757,,30,Female,,,
34758,,32,Female,,,
34759,,26,Female,,,
34760,,76,Female,,,
34761,,37,Male,,,
34762,,69,Male,,,
34763,,60,Female,,,
34764,,51,Female,,,
34765,,20,Female,,,
34766,,42,Male,,,
34767,,64,Female,,,
34768,,12,Female,,,
34769,,49,Female,,,
34770,,69,Female,,,
34771,,24,Female,,,
34772,,45,Female,,,
34773,,66,Female,,,
34774,,15,Male,,,
34775,,23,Female,,,
34776,,66,Female,,,
34777,,79,Female,,,
34778,,51,Female,,,
34779,,74,Female,,,
34780,,68,Female,,,
34781,,78,Female,,,
34782,,10,Female,,,
34783,,63,Female,,,
34784,,61,Male,,,
34785,,64,Female,,,
34786,,78,Female,,,
34787,,51,Female,,,
34788,,72,Female,,,
34789,,38,Female,,,
34790,,56,Female,,,
34791,,50,Female,,,
34792,,55,Male,,,
34793,,37,Female,,,
34794,,70,Female,,,
34795,,40,Female,,,
34796,,56,Female,,,
34797,,24,Male,,,
34798,,16,Female,,,
34799,,68,Male,,,
34800,,46,Male,,,
34801,,58,Female,,,
34802,,28,Female,,,
34803,,47,Female,,,
34804,,39,Female,,,
34805,,23,Female,,,
34806,,44,Female,,,
34807,,45,Female,,,
34808,,19,Female,,,
34809,,16,Female,,,
34810,,24,Male,,,
34811,,53,Female,,,
34812,,67,Female,,,
34813,,29,Female,,,
34814,,47,Female,,,
34815,,45,Female,,,
34816,,40,Female,,,
34817,,76,Male,,,
34818,,57,Male,,,
34819,,73,Female,,,
34820,,42,Female,,,
34821,,35,Female,,,
34822,,32,Female,,,
34823,,48,Male,,,
34824,,58,Female,,,
34825,,70,Male,,,
34826,,52,Male,,,
34827,,47,Male,,,
34828,,69,Female,,,
34829,,34,Female,,,
34830,,49,Female,,,
34831,,41,Male,,,
34832,,45,Male,,,
34833,,61,Female,,,
34834,,61,Female,,,
34835,,12,Female,,,
34836,,56,Female,,,
34837,,18,Female,,,
34838,,23,Female,,,
34839,,53,Female,,,
34840,,78,Female,,,
34841,,19,Female,,,
34842,,16,Female,,,
34843,,25,Male,,,
34844,,48,Male,,,
34845,,46,Female,,,
34846,,10,Female,,,
34847,,37,Female,,,
34848,,51,Female,,,
34849,,47,Female,,,
34850,,43,Female,,,
34851,,18,Female,,,
34852,,63,Female,,,
34853,,13,Male,,,
34854,,54,Female,,,
34855,,57,Female,,,
34856,,53,Male,,,
34857,,52,Female,,,
34858,,10,Male,,,
34859,,72,Female,,,
34860,,18,Female,,,
34861,,31,Female,,,
34862,,78,Male,,,
34863,,65,Female,,,
34864,,64,Male,,,
34865,,55,Female,,,
34866,,71,Female,,,
34867,,27,Female,,,
34868,,72,Male,,,
34869,,53,Female,,,
34870,,44,Female,,,
34871,,72,Male,,,
34872,,71,Female,,,
34873,,29,Female,,,
34874,,40,Female,,,
34875,,63,Female,,,
34876,,35,Female,,,
34877,,51,Female,,,
34878,,56,Female,,,
34879,,11,Female,,,
34880,,26,Female,,,
34881,,76,Male,,,
34882,,72,Female,,,
34883,,55,Female,,,
34884,,29,Male,,,
34885,,31,Male,,,
34886,,47,Female,,,
34887,,19,Female,,,
34888,,45,Male,,,
34889,,22,Male,,,
34890,,27,Female,,,
34891,,41,Female,,,
34892,,33,Female,,,
34893,,67,Female,,,
34894,,66,Female,,,
34895,,11,Female,,,
34896,,15,Female,,,
34897,,24,Male,,,
34898,,73,Female,,,
34899,,54,Female,,,
34900,,43,Female,,,
34901,,38,Male,,,
34902,,14,Male,,,
34903,,23,Female,,,
34904,,20,Female,,,
34905,,56,Female,,,
34906,,69,Female,,,
34907,,74,Male,,,
34908,,69,Female,,,
34909,,20,Female,,,
34910,,13,Female,,,
34911,,25,Female,,,
34912,,10,Female,,,
34913,,61,Male,,,
34914,,67,Female,,,
34915,,60,Male,,,
34916,,52,Male,,,
34917,,73,Female,,,
34918,,44,Female,,,
34919,,15,Male,,,
34920,,20,Female,,,
34921,,19,Female,,,
34922,,17,Male,,,
34923,,40,Female,,,
34924,,60,Female,,,
34925,,77,Male,,,
34926,,74,Female,,,
34927,,77,Female,,,
34928,,27,Female,,,
34929,,37,Female,,,
34930,,19,Female,,,
34931,,36,Male,,,
34932,,65,Male,,,
34933,,43,Male,,,
34934,,50,Male,,,
34935,,69,Female,,,
34936,,57,Female,,,
34937,,46,Male,,,
34938,,50,Female,,,
34939,,15,Female,,,
34940,,15,Female,,,
34941,,67,Male,,,
34942,,49,Female,,,
34943,,26,Female,,,
34944,,32,Male,,,
34945,,61,Female,,,
34946,,47,Male,,,
34947,,44,Male,,,
34948,,27,Female,,,
34949,,34,Female,,,
34950,,11,Male,,,
34951,,34,Male,,,
34952,,60,Female,,,
34953,,28,Female,,,
34954,,43,Female,,,
34955,,35,Male,,,
34956,,10,Female,,,
34957,,69,Female,,,
34958,,49,Male,,,
34959,,29,Female,,,
34960,,44,Female,,,
34961,,50,Male,,,
34962,,74,Female,,,
34963,,38,Female,,,
34964,,69,Female,,,
34965,,44,Male,,,
34966,,39,Female,,,
34967,,33,Male,,,
34968,,55,Female,,,
34969,,33,Female,,,
34970,,69,Male,,,
34971,,58,Female,,,
34972,,47,Female,,,
34973,,41,Female,,,
34974,,63,Female,,,
34975,,14,Female,,,
34976,,15,Male,,,
34977,,17,Male,,,
34978,,11,Female,,,
34979,,39,Female,,,
34980,,33,Male,,,
34981,,35,Male,,,
34982,,29,Male,,,
34983,,17,Male,,,
34984,,60,Female,,,
34985,,62,Female,,,
34986,,32,Male,,,
34987,,72,Male,,,
34988,,29,Female,,,
34989,,66,Male,,,
34990,,46,Female,,,
34991,,56,Female,,,
34992,,46,Male,,,
34993,,11,Male,,,
34994,,69,Female,,,
34995,,14,Female,,,
34996,,11,Female,,,
34997,,29,Female,,,
34998,,69,Female,,,
34999,,51,Male,,,
35000,,29,Male,,,
35001,,59,Male,,,
35002,,48,Female,,,
35003,,71,Male,,,
35004,,62,Female,,,
35005,,23,Male,,,
35006,,36,Female,,,
35007,,15,Male,,,
35008,,60,Male,,,
35009,,13,Male,,,
35010,,37,Male,,,
35011,,58,Female,,,
35012,,41,Male,,,
35013,,34,Female,,,
35014,,48,Male,,,
35015,,48,Male,,,
35016,,21,Male,,,
35017,,18,Male,,,
35018,,36,Female,,,
35019,,39,Female,,,
35020,,65,Female,,,
35021,,37,Female,,,
35022,,79,Female,,,
35023,,42,Female,,,
35024,,76,Female,,,
35025,,50,Female,,,
35026,,48,Female,,,
35027,,58,Female,,,
35028,,28,Female,,,
35029,,32,Male,,,
35030,,53,Female,,,
35031,,61,Female,,,
35032,,37,Female,,,
35033,,24,Male,,,
35034,,10,Female,,,
35035,,43,Male,,,
35036,,78,Female,,,
35037,,33,Female,,,
35038,,44,Male,,,
35039,,36,Female,,,
35040,,15,Male,,,
35041,,79,Male,,,
35042,,52,Female,,,
35043,,68,Male,,,
35044,,31,Female,,,
35045,,64,Female,,,
35046,,79,Male,,,
35047,,27,Male,,,
35048,,34,Female,,,
35049,,36,Male,,,
35050,,32,Female,,,
35051,,73,Female,,,
35052,,62,Male,,,
35053,,35,Female,,,
35054,,26,Male,,,
35055,,71,Female,,,
35056,,29,Male,,,
35057,,36,Male,,,
35058,,75,Male,,,
35059,,60,Female,,,
35060,,66,Female,,,
35061,,51,Female,,,
35062,,59,Female,,,
35063,,29,Male,,,
35064,,65,Female,,,
35065,,27,Female,,,
35066,,46,Female,,,
35067,,13,Male,,,
35068,,71,Female,,,
35069,,39,Male,,,
35070,,51,Female,,,
35071,,50,Male,,,
35072,,27,Male,,,
35073,,60,Female,,,
35074,,69,Male,,,
35075,,20,Male,,,
35076,,19,Female,,,
35077,,45,Male,,,
35078,,57,Male,,,
35079,,10,Male,,,
35080,,70,Female,,,
35081,,68,Female,,,
35082,,57,Female,,,
35083,,36,Male,,,
35084,,10,Male,,,
35085,,50,Male,,,
35086,,39,Female,,,
35087,,71,Male,,,
35088,,54,Female,,,
35089,,79,Male,,,
35090,,29,Female,,,
35091,,72,Male,,,
35092,,64,Male,,,
35093,,10,Female,,,
35094,,27,Female,,,
35095,,56,Female,,,
35096,,56,Male,,,
35097,,26,Female,,,
35098,,21,Male,,,
35099,,41,Female,,,
35100,,48,Male,,,
35101,,63,Male,,,
35102,,70,Male,,,
35103,,68,Female,,,
35104,,62,Female,,,
35105,,71,Female,,,
35106,,28,Female,,,
35107,,70,Female,,,
35108,,74,Female,,,
35109,,54,Male,,,
35110,,65,Male,,,
35111,,28,Female,,,
35112,,24,Female,,,
35113,,47,Female,,,
35114,,25,Female,,,
35115,,35,Male,,,
35116,,41,Male,,,
35117,,53,Female,,,
35118,,33,Female,,,
35119,,60,Male,,,
35120,,26,Female,,,
35121,,34,Female,,,
35122,,78,Male,,,
35123,,18,Female,,,
35124,,12,Female,,,
35125,,57,Female,,,
35126,,27,Female,,,
35127,,19,Female,,,
35128,,31,Female,,,
35129,,76,Male,,,
35130,,76,Female,,,
35131,,79,Female,,,
35132,,52,Female,,,
35133,,52,Female,,,
35134,,60,Female,,,
35135,,19,Female,,,
35136,,79,Male,,,
35137,,47,Female,,,
35138,,46,Female,,,
35139,,69,Male,,,
35140,,28,Female,,,
35141,,40,Male,,,
35142,,38,Female,,,
35143,,28,Female,,,
35144,,39,Female,,,
35145,,63,Female,,,
35146,,72,Male,,,
35147,,19,Female,,,
35148,,59,Male,,,
35149,,47,Male,,,
35150,,35,Male,,,
35151,,31,Female,,,
35152,,50,Female,,,
35153,,59,Female,,,
35154,,45,Female,,,
35155,,21,Female,,,
35156,,75,Female,,,
35157,,51,Female,,,
35158,,19,Female,,,
35159,,40,Female,,,
35160,,44,Male,,,
35161,,31,Female,,,
35162,,27,Male,,,
35163,,70,Female,,,
35164,,71,Male,,,
35165,,50,Male,,,
35166,,15,Male,,,
35167,,12,Female,,,
35168,,37,Female,,,
35169,,14,Male,,,
35170,,48,Male,,,
35171,,48,Female,,,
35172,,21,Male,,,
35173,,49,Female,,,
35174,,60,Female,,,
35175,,64,Female,,,
35176,,29,Female,,,
35177,,70,Female,,,
35178,,58,Female,,,
35179,,14,Female,,,
35180,,16,Male,,,
35181,,43,Female,,,
35182,,27,Female,,,
35183,,31,Female,,,
35184,,50,Male,,,
35185,,25,Female,,,
35186,,67,Female,,,
35187,,63,Female,,,
35188,,69,Female,,,
35189,,55,Female,,,
35190,,30,Male,,,
35191,,57,Male,,,
35192,,27,Female,,,
35193,,39,Male,,,
35194,,47,Male,,,
35195,,58,Male,,,
35196,,17,Male,,,
35197,,67,Female,,,
35198,,73,Female,,,
35199,,25,Female,,,
35200,,63,Female,,,
35201,,43,Male,,,
35202,,70,Male,,,
35203,,39,Male,,,
35204,,72,Male,,,
35205,,20,Female,,,
35206,,45,Male,,,
35207,,22,Male,,,
35208,,44,Male,,,
35209,,48,Female,,,
35210,,40,Female,,,
35211,,16,Female,,,
35212,,70,Female,,,
35213,,38,Female,,,
35214,,79,Female,,,
35215,,25,Male,,,
35216,,50,Female,,,
35217,,56,Female,,,
35218,,72,Female,,,
35219,,43,Female,,,
35220,,19,Female,,,
35221,,12,Female,,,
35222,,41,Female,,,
35223,,78,Male,,,
35224,,62,Female,,,
35225,,56,Female,,,
35226,,36,Female,,,
35227,,18,Female,,,
35228,,39,Male,,,
35229,,66,Female,,,
35230,,33,Female,,,
35231,,14,Male,,,
35232,,72,Female,,,
35233,,73,Female,,,
35234,,11,Female,,,
35235,,47,Female,,,
35236,,46,Male,,,
35237,,37,Female,,,
35238,,72,Male,,,
35239,,20,Male,,,
35240,,10,Female,,,
35241,,59,Male,,,
35242,,43,Female,,,
35243,,47,Female,,,
35244,,53,Male,,,
35245,,51,Male,,,
35246,,50,Female,,,
35247,,43,Female,,,
35248,,63,Female,,,
35249,,38,Male,,,
35250,,67,Female,,,
35251,,21,Female,,,
35252,,41,Female,,,
35253,,12,Female,,,
35254,,50,Female,,,
35255,,42,Female,,,
35256,,25,Male,,,
35257,,72,Female,,,
35258,,43,Male,,,
35259,,16,Male,,,
35260,,52,Female,,,
35261,,32,Female,,,
35262,,35,Female,,,
35263,,49,Female,,,
35264,,58,Male,,,
35265,,20,Female,,,
35266,,35,Female,,,
35267,,21,Male,,,
35268,,43,Male,,,
35269,,66,Female,,,
35270,,46,Female,,,
35271,,47,Male,,,
35272,,28,Female,,,
35273,,55,Male,,,
35274,,35,Female,,,
35275,,22,Female,,,
35276,,36,Male,,,
35277,,51,Female,,,
35278,,65,Female,,,
35279,,52,Female,,,
35280,,28,Male,,,
35281,,47,Female,,,
35282,,75,Female,,,
35283,,25,Male,,,
35284,,68,Female,,,
35285,,41,Male,,,
35286,,35,Female,,,
35287,,27,Female,,,
35288,,52,Female,,,
35289,,71,Female,,,
35290,,74,Female,,,
35291,,46,Male,,,
35292,,53,Male,,,
35293,,13,Female,,,
35294,,67,Male,,,
35295,,48,Male,,,
35296,,11,Male,,,
35297,,59,Male,,,
35298,,61,Female,,,
35299,,39,Female,,,
35300,,38,Female,,,
35301,,71,Male,,,
35302,,14,Male,,,
35303,,43,Male,,,
35304,,50,Female,,,
35305,,52,Female,,,
35306,,29,Female,,,
35307,,49,Female,,,
35308,,49,Female,,,
35309,,27,Female,,,
35310,,63,Male,,,
35311,,42,Male,,,
35312,,27,Female,,,
35313,,72,Female,,,
35314,,53,Female,,,
35315,,49,Female,,,
35316,,73,Female,,,
35317,,50,Female,,,
35318,,74,Female,,,
35319,,79,Male,,,
35320,,45,Female,,,
35321,,58,Female,,,
35322,,33,Female,,,
35323,,22,Male,,,
35324,,59,Male,,,
35325,,30,Female,,,
35326,,76,Male,,,
35327,,51,Female,,,
35328,,52,Male,,,
35329,,27,Female,,,
35330,,62,Male,,,
35331,,61,Female,,,
35332,,42,Female,,,
35333,,50,Female,,,
35334,,16,Female,,,
35335,,47,Female,,,
35336,,45,Male,,,
35337,,50,Female,,,
35338,,70,Female,,,
35339,,19,Female,,,
35340,,35,Female,,,
35341,,41,Male,,,
35342,,40,Male,,,
35343,,63,Female,,,
35344,,53,Female,,,
35345,,18,Male,,,
35346,,39,Female,,,
35347,,63,Female,,,
35348,,45,Female,,,
35349,,39,Male,,,
35350,,22,Male,,,
35351,,65,Female,,,
35352,,66,Male,,,
35353,,43,Female,,,
35354,,37,Female,,,
35355,,27,Male,,,
35356,,72,Male,,,
35357,,31,Male,,,
35358,,61,Female,,,
35359,,69,Male,,,
35360,,69,Male,,,
35361,,59,Female,,,
35362,,61,Female,,,
35363,,24,Female,,,
35364,,22,Female,,,
35365,,13,Male,,,
35366,,40,Male,,,
35367,,52,Male,,,
35368,,72,Male,,,
35369,,70,Female,,,
35370,,49,Female,,,
35371,,63,Male,,,
35372,,68,Male,,,
35373,,71,Male,,,
35374,,32,Female,,,
35375,,60,Female,,,
35376,,37,Male,,,
35377,,35,Female,,,
35378,,47,Female,,,
35379,,23,Female,,,
35380,,49,Female,,,
35381,,26,Female,,,
35382,,28,Female,,,
35383,,45,Female,,,
35384,,69,Female,,,
35385,,70,Male,,,
35386,,22,Female,,,
35387,,58,Female,,,
35388,,55,Female,,,
35389,,38,Female,,,
35390,,71,Male,,,
35391,,69,Male,,,
35392,,52,Female,,,
35393,,18,Female,,,
35394,,40,Female,,,
35395,,28,Male,,,
35396,,34,Female,,,
35397,,55,Female,,,
35398,,68,Male,,,
35399,,69,Female,,,
35400,,59,Male,,,
35401,,34,Female,,,
35402,,70,Male,,,
35403,,78,Female,,,
35404,,57,Female,,,
35405,,69,Male,,,
35406,,26,Female,,,
35407,,17,Female,,,
35408,,12,Male,,,
35409,,56,Male,,,
35410,,78,Male,,,
35411,,41,Female,,,
35412,,19,Male,,,
35413,,23,Male,,,
35414,,67,Female,,,
35415,,54,Male,,,
35416,,34,Female,,,
35417,,51,Male,,,
35418,,49,Male,,,
35419,,29,Male,,,
35420,,33,Male,,,
35421,,12,Female,,,
35422,,65,Female,,,
35423,,73,Female,,,
35424,,35,Female,,,
35425,,66,Female,,,
35426,,51,Female,,,
35427,,53,Female,,,
35428,,17,Male,,,
35429,,48,Male,,,
35430,,42,Male,,,
35431,,64,Female,,,
35432,,73,Male,,,
35433,,16,Female,,,
35434,,52,Male,,,
35435,,68,Female,,,
35436,,10,Female,,,
35437,,28,Female,,,
35438,,76,Male,,,
35439,,75,Male,,,
35440,,34,Male,,,
35441,,50,Female,,,
35442,,17,Female,,,
35443,,27,Female,,,
35444,,31,Female,,,
35445,,67,Female,,,
35446,,46,Male,,,
35447,,56,Male,,,
35448,,33,Female,,,
35449,,79,Male,,,
35450,,79,Male,,,
35451,,29,Female,,,
35452,,50,Male,,,
35453,,29,Female,,,
35454,,41,Female,,,
35455,,51,Female,,,
35456,,58,Female,,,
35457,,22,Male,,,
35458,,55,Female,,,
35459,,11,Male,,,
35460,,46,Female,,,
35461,,79,Male,,,
35462,,23,Female,,,
35463,,22,Male,,,
35464,,20,Male,,,
35465,,38,Female,,,
35466,,56,Male,,,
35467,,32,Female,,,
35468,,35,Male,,,
35469,,61,Female,,,
35470,,62,Female,,,
35471,,35,Male,,,
35472,,58,Male,,,
35473,,31,Female,,,
35474,,10,Female,,,
35475,,49,Female,,,
35476,,16,Female,,,
35477,,72,Female,,,
35478,,56,Female,,,
35479,,41,Male,,,
35480,,44,Female,,,
35481,,79,Female,,,
35482,,30,Male,,,
35483,,54,Male,,,
35484,,54,Female,,,
35485,,68,Female,,,
35486,,26,Female,,,
35487,,63,Female,,,
35488,,56,Female,,,
35489,,78,Female,,,
35490,,22,Female,,,
35491,,38,Female,,,
35492,,11,Female,,,
35493,,40,Female,,,
35494,,71,Male,,,
35495,,30,Male,,,
35496,,11,Female,,,
35497,,70,Female,,,
35498,,20,Female,,,
35499,,75,Female,,,
35500,,26,Female,,,
35501,,31,Male,,,
35502,,46,Male,,,
35503,,13,Male,,,
35504,,38,Female,,,
35505,,30,Male,,,
35506,,51,Male,,,
35507,,12,Female,,,
35508,,78,Female,,,
35509,,63,Female,,,
35510,,49,Male,,,
35511,,74,Female,,,
35512,,27,Male,,,
35513,,61,Male,,,
35514,,34,Female,,,
35515,,49,Female,,,
35516,,32,Female,,,
35517,,28,Female,,,
35518,,27,Female,,,
35519,,44,Female,,,
35520,,30,Male,,,
35521,,40,Female,,,
35522,,38,Male,,,
35523,,54,Female,,,
35524,,28,Female,,,
35525,,55,Male,,,
35526,,19,Female,,,
35527,,58,Male,,,
35528,,28,Male,,,
35529,,74,Male,,,
35530,,28,Female,,,
35531,,16,Female,,,
35532,,68,Female,,,
35533,,27,Male,,,
35534,,28,Female,,,
35535,,71,Male,,,
35536,,29,Female,,,
35537,,75,Male,,,
35538,,21,Male,,,
35539,,79,Female,,,
35540,,11,Male,,,
35541,,53,Male,,,
35542,,45,Female,,,
35543,,29,Male,,,
35544,,79,Male,,,
35545,,42,Female,,,
35546,,79,Female,,,
35547,,37,Female,,,
35548,,35,Female,,,
35549,,57,Female,,,
35550,,68,Female,,,
35551,,22,Female,,,
35552,,55,Female,,,
35553,,11,Female,,,
35554,,71,Female,,,
35555,,27,Male,,,
35556,,39,Male,,,
35557,,51,Female,,,
35558,,61,Female,,,
35559,,67,Female,,,
35560,,19,Female,,,
35561,,26,Female,,,
35562,,37,Male,,,
35563,,18,Male,,,
35564,,39,Female,,,
35565,,22,Female,,,
35566,,63,Male,,,
35567,,43,Female,,,
35568,,44,Female,,,
35569,,42,Female,,,
35570,,26,Female,,,
35571,,75,Male,,,
35572,,18,Female,,,
35573,,58,Female,,,
35574,,28,Female,,,
35575,,75,Male,,,
35576,,27,Male,,,
35577,,48,Female,,,
35578,,17,Male,,,
35579,,42,Female,,,
35580,,41,Male,,,
35581,,68,Female,,,
35582,,64,Female,,,
35583,,57,Male,,,
35584,,20,Female,,,
35585,,35,Male,,,
35586,,73,Female,,,
35587,,33,Female,,,
35588,,65,Female,,,
35589,,19,Female,,,
35590,,79,Male,,,
35591,,36,Female,,,
35592,,25,Female,,,
35593,,44,Female,,,
35594,,18,Female,,,
35595,,22,Female,,,
35596,,78,Female,,,
35597,,66,Female,,,
35598,,47,Female,,,
35599,,38,Female,,,
35600,,31,Female,,,
35601,,58,Female,,,
35602,,39,Female,,,
35603,,47,Female,,,
35604,,37,Male,,,
35605,,18,Male,,,
35606,,36,Female,,,
35607,,22,Female,,,
35608,,15,Female,,,
35609,,66,Male,,,
35610,,57,Female,,,
35611,,42,Male,,,
35612,,48,Female,,,
35613,,62,Female,,,
35614,,76,Female,,,
35615,,50,Female,,,
35616,,44,Female,,,
35617,,34,Male,,,
35618,,64,Male,,,
35619,,38,Female,,,
35620,,45,Female,,,
35621,,47,Female,,,
35622,,11,Female,,,
35623,,28,Female,,,
35624,,60,Female,,,
35625,,29,Female,,,
35626,,41,Female,,,
35627,,56,Male,,,
35628,,25,Female,,,
35629,,70,Female,,,
35630,,74,Male,,,
35631,,41,Female,,,
35632,,40,Male,,,
35633,,47,Female,,,
35634,,15,Female,,,
35635,,75,Male,,,
35636,,79,Female,,,
35637,,79,Female,,,
35638,,63,Female,,,
35639,,30,Female,,,
35640,,66,Female,,,
35641,,77,Female,,,
35642,,12,Female,,,
35643,,55,Male,,,
35644,,59,Male,,,
35645,,23,Female,,,
35646,,13,Female,,,
35647,,60,Male,,,
35648,,60,Male,,,
35649,,79,Male,,,
35650,,10,Male,,,
35651,,16,Female,,,
35652,,22,Male,,,
35653,,45,Female,,,
35654,,21,Female,,,
35655,,63,Female,,,
35656,,15,Female,,,
35657,,49,Female,,,
35658,,61,Female,,,
35659,,37,Male,,,
35660,,11,Male,,,
35661,,67,Male,,,
35662,,60,Female,,,
35663,,28,Female,,,
35664,,42,Female,,,
35665,,44,Female,,,
35666,,67,Male,,,
35667,,74,Female,,,
35668,,55,Female,,,
35669,,13,Female,,,
35670,,52,Male,,,
35671,,39,Male,,,
35672,,64,Female,,,
35673,,39,Female,,,
35674,,16,Female,,,
35675,,66,Female,,,
35676,,21,Male,,,
35677,,10,Female,,,
35678,,43,Female,,,
35679,,53,Female,,,
35680,,14,Female,,,
35681,,47,Female,,,
35682,,58,Male,,,
35683,,69,Female,,,
35684,,36,Female,,,
35685,,18,Female,,,
35686,,74,Male,,,
35687,,16,Male,,,
35688,,76,Male,,,
35689,,15,Female,,,
35690,,20,Female,,,
35691,,44,Male,,,
35692,,15,Male,,,
35693,,35,Female,,,
35694,,41,Female,,,
35695,,44,Male,,,
35696,,67,Female,,,
35697,,39,Male,,,
35698,,23,Male,,,
35699,,34,Female,,,
35700,,40,Female,,,
35701,,36,Male,,,
35702,,50,Male,,,
35703,,31,Female,,,
35704,,64,Female,,,
35705,,16,Female,,,
35706,,62,Female,,,
35707,,44,Female,,,
35708,,27,Male,,,
35709,,38,Male,,,
35710,,36,Female,,,
35711,,19,Female,,,
35712,,31,Female,,,
35713,,42,Female,,,
35714,,68,Male,,,
35715,,11,Male,,,
35716,,67,Male,,,
35717,,22,Female,,,
35718,,61,Female,,,
35719,,59,Female,,,
35720,,74,Female,,,
35721,,10,Female,,,
35722,,10,Female,,,
35723,,56,Female,,,
35724,,14,Female,,,
35725,,37,Male,,,
35726,,69,Female,,,
35727,,68,Male,,,
35728,,60,Female,,,
35729,,14,Female,,,
35730,,73,Female,,,
35731,,39,Female,,,
35732,,40,Male,,,
35733,,71,Male,,,
35734,,37,Male,,,
35735,,58,Male,,,
35736,,31,Female,,,
35737,,64,Male,,,
35738,,17,Female,,,
35739,,60,Male,,,
35740,,77,Female,,,
35741,,40,Female,,,
35742,,43,Female,,,
35743,,78,Female,,,
35744,,34,Female,,,
35745,,25,Female,,,
35746,,65,Female,,,
35747,,15,Female,,,
35748,,70,Female,,,
35749,,51,Male,,,
35750,,27,Female,,,
35751,,40,Female,,,
35752,,13,Female,,,
35753,,12,Female,,,
35754,,53,Female,,,
35755,,78,Male,,,
35756,,31,Male,,,
35757,,15,Male,,,
35758,,28,Female,,,
35759,,79,Female,,,
35760,,31,Female,,,
35761,,41,Female,,,
35762,,42,Female,,,
35763,,10,Male,,,
35764,,78,Female,,,
35765,,23,Female,,,
35766,,61,Male,,,
35767,,45,Male,,,
35768,,40,Female,,,
35769,,61,Female,,,
35770,,75,Male,,,
35771,,70,Female,,,
35772,,46,Male,,,
35773,,29,Male,,,
35774,,78,Male,,,
35775,,75,Female,,,
35776,,31,Male,,,
35777,,34,Female,,,
35778,,60,Female,,,
35779,,27,Female,,,
35780,,44,Male,,,
35781,,52,Female,,,
35782,,56,Female,,,
35783,,44,Male,,,
35784,,50,Male,,,
35785,,12,Female,,,
35786,,79,Female,,,
35787,,38,Female,,,
35788,,11,Male,,,
35789,,52,Female,,,
35790,,26,Female,,,
35791,,70,Male,,,
35792,,77,Female,,,
35793,,24,Female,,,
35794,,27,Female,,,
35795,,44,Female,,,
35796,,18,Female,,,
35797,,42,Female,,,
35798,,77,Male,,,
35799,,21,Male,,,
35800,,71,Female,,,
35801,,36,Female,,,
35802,,25,Female,,,
35803,,67,Male,,,
35804,,39,Male,,,
35805,,13,Female,,,
35806,,11,Male,,,
35807,,78,Male,,,
35808,,36,Female,,,
35809,,18,Female,,,
35810,,45,Female,,,
35811,,65,Female,,,
35812,,49,Male,,,
35813,,26,Male,,,
35814,,13,Female,,,
35815,,55,Male,,,
35816,,71,Male,,,
35817,,55,Male,,,
35818,,70,Male,,,
35819,,66,Female,,,
35820,,66,Female,,,
35821,,15,Male,,,
35822,,60,Female,,,
35823,,42,Female,,,
35824,,54,Female,,,
35825,,51,Female,,,
35826,,33,Female,,,
35827,,41,Female,,,
35828,,10,Male,,,
35829,,55,Female,,,
35830,,67,Male,,,
35831,,32,Female,,,
35832,,55,Female,,,
35833,,39,Female,,,
35834,,50,Female,,,
35835,,66,Female,,,
35836,,23,Female,,,
35837,,30,Female,,,
35838,,21,Male,,,
35839,,21,Male,,,
35840,,47,Female,,,
35841,,68,Female,,,
35842,,42,Female,,,
35843,,76,Male,,,
35844,,75,Female,,,
35845,,44,Male,,,
35846,,48,Female,,,
35847,,32,Female,,,
35848,,72,Male,,,
35849,,63,Female,,,
35850,,40,Male,,,
35851,,51,Male,,,
35852,,26,Female,,,
35853,,69,Female,,,
35854,,75,Female,,,
35855,,33,Male,,,
35856,,29,Female,,,
35857,,41,Male,,,
35858,,20,Female,,,
35859,,25,Female,,,
35860,,69,Female,,,
35861,,69,Female,,,
35862,,72,Male,,,
35863,,68,Female,,,
35864,,67,Female,,,
35865,,30,Female,,,
35866,,76,Female,,,
35867,,63,Female,,,
35868,,67,Female,,,
35869,,18,Female,,,
35870,,18,Female,,,
35871,,65,Male,,,
35872,,42,Female,,,
35873,,28,Male,,,
35874,,59,Female,,,
35875,,33,Male,,,
35876,,30,Female,,,
35877,,62,Male,,,
35878,,79,Female,,,
35879,,70,Female,,,
35880,,35,Male,,,
35881,,13,Female,,,
35882,,53,Male,,,
35883,,51,Female,,,
35884,,30,Male,,,
35885,,45,Male,,,
35886,,47,Female,,,
35887,,22,Female,,,
35888,,11,Female,,,
35889,,13,Female,,,
35890,,61,Female,,,
35891,,13,Male,,,
35892,,21,Female,,,
35893,,76,Male,,,
35894,,40,Female,,,
35895,,71,Female,,,
35896,,24,Female,,,
35897,,49,Female,,,
35898,,27,Female,,,
35899,,53,Female,,,
35900,,36,Female,,,
35901,,62,Female,,,
35902,,37,Female,,,
35903,,28,Female,,,
35904,,22,Female,,,
35905,,77,Female,,,
35906,,73,Female,,,
35907,,67,Female,,,
35908,,12,Female,,,
35909,,36,Male,,,
35910,,78,Female,,,
35911,,30,Female,,,
35912,,22,Female,,,
35913,,35,Female,,,
35914,,22,Female,,,
35915,,55,Female,,,
35916,,27,Female,,,
35917,,25,Female,,,
35918,,12,Male,,,
35919,,27,Female,,,
35920,,24,Female,,,
35921,,64,Female,,,
35922,,59,Female,,,
35923,,55,Male,,,
35924,,55,Female,,,
35925,,54,Female,,,
35926,,23,Female,,,
35927,,70,Female,,,
35928,,47,Female,,,
35929,,23,Male,,,
35930,,63,Female,,,
35931,,69,Male,,,
35932,,26,Female,,,
35933,,38,Female,,,
35934,,55,Male,,,
35935,,56,Female,,,
35936,,16,Female,,,
35937,,46,Male,,,
35938,,60,Female,,,
35939,,51,Male,,,
35940,,47,Female,,,
35941,,72,Male,,,
35942,,19,Female,,,
35943,,51,Male,,,
35944,,49,Female,,,
35945,,75,Male,,,
35946,,55,Male,,,
35947,,63,Female,,,
35948,,13,Female,,,
35949,,65,Female,,,
35950,,72,Female,,,
35951,,75,Male,,,
35952,,58,Female,,,
35953,,17,Female,,,
35954,,64,Female,,,
35955,,71,Female,,,
35956,,57,Female,,,
35957,,54,Male,,,
35958,,79,Male,,,
35959,,41,Male,,,
35960,,56,Female,,,
35961,,19,Male,,,
35962,,38,Male,,,
35963,,43,Male,,,
35964,,71,Male,,,
35965,,50,Male,,,
35966,,21,Female,,,
35967,,57,Female,,,
35968,,43,Female,,,
35969,,24,Female,,,
35970,,31,Female,,,
35971,,54,Female,,,
35972,,37,Female,,,
35973,,47,Male,,,
35974,,77,Female,,,
35975,,19,Female,,,
35976,,14,Female,,,
35977,,53,Male,,,
35978,,75,Female,,,
35979,,76,Female,,,
35980,,39,Male,,,
35981,,42,Male,,,
35982,,24,Female,,,
35983,,45,Male,,,
35984,,31,Female,,,
35985,,26,Female,,,
35986,,28,Female,,,
35987,,16,Female,,,
35988,,51,Male,,,
35989,,52,Female,,,
35990,,17,Female,,,
35991,,56,Male,,,
35992,,40,Female,,,
35993,,37,Female,,,
35994,,13,Female,,,
35995,,34,Female,,,
35996,,64,Female,,,
35997,,28,Female,,,
35998,,39,Female,,,
35999,,63,Male,,,
36000,,56,Male,,,
36001,,51,Female,,,
36002,,26,Female,,,
36003,,25,Male,,,
36004,,61,Female,,,
36005,,44,Female,,,
36006,,45,Male,,,
36007,,75,Female,,,
36008,,33,Female,,,
36009,,39,Female,,,
36010,,50,Female,,,
36011,,77,Female,,,
36012,,54,Female,,,
36013,,18,Female,,,
36014,,55,Female,,,
36015,,36,Female,,,
36016,,68,Female,,,
36017,,42,Male,,,
36018,,21,Female,,,
36019,,16,Female,,,
36020,,78,Male,,,
36021,,43,Female,,,
36022,,66,Female,,,
36023,,65,Female,,,
36024,,18,Male,,,
36025,,68,Male,,,
36026,,22,Female,,,
36027,,20,Male,,,
36028,,68,Female,,,
36029,,72,Male,,,
36030,,74,Female,,,
36031,,15,Female,,,
36032,,67,Female,,,
36033,,51,Female,,,
36034,,19,Female,,,
36035,,49,Male,,,
36036,,54,Male,,,
36037,,49,Male,,,
36038,,73,Female,,,
36039,,51,Female,,,
36040,,73,Female,,,
36041,,70,Male,,,
36042,,66,Male,,,
36043,,67,Female,,,
36044,,16,Male,,,
36045,,55,Female,,,
36046,,74,Female,,,
36047,,20,Female,,,
36048,,57,Male,,,
36049,,19,Male,,,
36050,,14,Female,,,
36051,,50,Male,,,
36052,,48,Female,,,
36053,,27,Female,,,
36054,,46,Female,,,
36055,,13,Male,,,
36056,,16,Male,,,
36057,,49,Female,,,
36058,,40,Male,,,
36059,,51,Female,,,
36060,,35,Female,,,
36061,,79,Male,,,
36062,,39,Female,,,
36063,,74,Female,,,
36064,,64,Female,,,
36065,,37,Female,,,
36066,,37,Female,,,
36067,,12,Female,,,
36068,,46,Female,,,
36069,,49,Female,,,
36070,,29,Female,,,
36071,,38,Male,,,
36072,,56,Female,,,
36073,,32,Male,,,
36074,,29,Female,,,
36075,,68,Female,,,
36076,,15,Male,,,
36077,,61,Female,,,
36078,,40,Male,,,
36079,,52,Female,,,
36080,,58,Female,,,
36081,,56,Male,,,
36082,,40,Male,,,
36083,,73,Female,,,
36084,,60,Female,,,
36085,,35,Male,,,
36086,,76,Male,,,
36087,,10,Male,,,
36088,,22,Male,,,
36089,,67,Male,,,
36090,,34,Female,,,
36091,,40,Female,,,
36092,,45,Female,,,
36093,,65,Male,,,
36094,,12,Female,,,
36095,,72,Female,,,
36096,,64,Male,,,
36097,,47,Female,,,
36098,,20,Female,,,
36099,,34,Female,,,
36100,,43,Male,,,
36101,,30,Male,,,
36102,,60,Female,,,
36103,,29,Male,,,
36104,,11,Female,,,
36105,,18,Female,,,
36106,,46,Female,,,
36107,,39,Male,,,
36108,,23,Female,,,
36109,,44,Male,,,
36110,,22,Female,,,
36111,,28,Female,,,
36112,,29,Male,,,
36113,,47,Female,,,
36114,,21,Male,,,
36115,,18,Female,,,
36116,,59,Male,,,
36117,,44,Female,,,
36118,,47,Male,,,
36119,,30,Female,,,
36120,,39,Female,,,
36121,,74,Female,,,
36122,,41,Female,,,
36123,,39,Female,,,
36124,,42,Female,,,
36125,,39,Female,,,
36126,,35,Male,,,
36127,,77,Female,,,
36128,,78,Male,,,
36129,,53,Male,,,
36130,,77,Male,,,
36131,,63,Male,,,
36132,,32,Male,,,
36133,,68,Female,,,
36134,,71,Female,,,
36135,,31,Male,,,
36136,,66,Male,,,
36137,,27,Female,,,
36138,,50,Female,,,
36139,,53,Female,,,
36140,,64,Male,,,
36141,,63,Male,,,
36142,,45,Male,,,
36143,,48,Female,,,
36144,,67,Female,,,
36145,,77,Male,,,
36146,,65,Female,,,
36147,,41,Female,,,
36148,,24,Male,,,
36149,,68,Female,,,
36150,,76,Female,,,
36151,,41,Female,,,
36152,,11,Female,,,
36153,,19,Female,,,
36154,,29,Male,,,
36155,,18,Female,,,
36156,,76,Male,,,
36157,,55,Female,,,
36158,,11,Female,,,
36159,,26,Female,,,
36160,,39,Male,,,
36161,,73,Female,,,
36162,,30,Male,,,
36163,,61,Female,,,
36164,,45,Female,,,
36165,,25,Female,,,
36166,,59,Male,,,
36167,,35,Male,,,
36168,,36,Female,,,
36169,,27,Female,,,
36170,,18,Female,,,
36171,,20,Male,,,
36172,,61,Female,,,
36173,,20,Female,,,
36174,,12,Male,,,
36175,,35,Female,,,
36176,,25,Female,,,
36177,,20,Female,,,
36178,,58,Female,,,
36179,,22,Male,,,
36180,,58,Male,,,
36181,,27,Female,,,
36182,,54,Female,,,
36183,,40,Female,,,
36184,,13,Female,,,
36185,,29,Female,,,
36186,,17,Female,,,
36187,,63,Female,,,
36188,,16,Female,,,
36189,,20,Female,,,
36190,,25,Female,,,
36191,,15,Male,,,
36192,,56,Female,,,
36193,,78,Female,,,
36194,,39,Female,,,
36195,,73,Male,,,
36196,,21,Female,,,
36197,,60,Female,,,
36198,,56,Female,,,
36199,,16,Male,,,
36200,,13,Female,,,
36201,,61,Male,,,
36202,,11,Male,,,
36203,,71,Female,,,
36204,,50,Female,,,
36205,,59,Female,,,
36206,,71,Male,,,
36207,,25,Female,,,
36208,,10,Female,,,
36209,,67,Male,,,
36210,,37,Male,,,
36211,,19,Female,,,
36212,,60,Male,,,
36213,,75,Male,,,
36214,,78,Female,,,
36215,,42,Female,,,
36216,,45,Male,,,
36217,,39,Female,,,
36218,,70,Female,,,
36219,,41,Female,,,
36220,,26,Female,,,
36221,,66,Male,,,
36222,,70,Female,,,
36223,,27,Female,,,
36224,,56,Female,,,
36225,,30,Male,,,
36226,,13,Male,,,
36227,,29,Male,,,
36228,,22,Female,,,
36229,,35,Female,,,
36230,,48,Male,,,
36231,,73,Male,,,
36232,,25,Male,,,
36233,,23,Female,,,
36234,,54,Female,,,
36235,,28,Female,,,
36236,,34,Male,,,
36237,,27,Female,,,
36238,,34,Female,,,
36239,,35,Female,,,
36240,,16,Female,,,
36241,,68,Female,,,
36242,,34,Female,,,
36243,,79,Female,,,
36244,,10,Female,,,
36245,,32,Female,,,
36246,,75,Female,,,
36247,,68,Female,,,
36248,,67,Female,,,
36249,,35,Female,,,
36250,,16,Female,,,
36251,,30,Male,,,
36252,,47,Female,,,
36253,,36,Male,,,
36254,,36,Male,,,
36255,,25,Male,,,
36256,,12,Female,,,
36257,,40,Female,,,
36258,,73,Male,,,
36259,,41,Male,,,
36260,,34,Male,,,
36261,,12,Male,,,
36262,,77,Female,,,
36263,,63,Female,,,
36264,,14,Female,,,
36265,,23,Female,,,
36266,,75,Male,,,
36267,,66,Female,,,
36268,,29,Female,,,
36269,,33,Female,,,
36270,,51,Female,,,
36271,,67,Female,,,
36272,,42,Female,,,
36273,,22,Male,,,
36274,,54,Female,,,
36275,,10,Female,,,
36276,,28,Female,,,
36277,,19,Female,,,
36278,,38,Female,,,
36279,,78,Female,,,
36280,,52,Female,,,
36281,,21,Male,,,
36282,,36,Male,,,
36283,,43,Female,,,
36284,,15,Female,,,
36285,,16,Female,,,
36286,,61,Female,,,
36287,,43,Male,,,
36288,,47,Male,,,
36289,,21,Female,,,
36290,,46,Female,,,
36291,,73,Male,,,
36292,,54,Male,,,
36293,,77,Female,,,
36294,,69,Female,,,
36295,,35,Male,,,
36296,,56,Female,,,
36297,,40,Female,,,
36298,,55,Female,,,
36299,,15,Female,,,
36300,,38,Female,,,
36301,,59,Female,,,
36302,,14,Female,,,
36303,,29,Female,,,
36304,,56,Male,,,
36305,,76,Female,,,
36306,,12,Female,,,
36307,,10,Male,,,
36308,,67,Female,,,
36309,,71,Male,,,
36310,,59,Female,,,
36311,,46,Female,,,
36312,,54,Female,,,
36313,,27,Female,,,
36314,,40,Female,,,
36315,,72,Female,,,
36316,,41,Female,,,
36317,,79,Female,,,
36318,,12,Female,,,
36319,,36,Female,,,
36320,,31,Female,,,
36321,,69,Male,,,
36322,,11,Female,,,
36323,,60,Female,,,
36324,,28,Female,,,
36325,,19,Female,,,
36326,,40,Female,,,
36327,,75,Male,,,
36328,,40,Male,,,
36329,,33,Female,,,
36330,,46,Female,,,
36331,,41,Female,,,
36332,,16,Male,,,
36333,,17,Female,,,
36334,,68,Female,,,
36335,,47,Female,,,
36336,,10,Female,,,
36337,,54,Male,,,
36338,,69,Female,,,
36339,,37,Female,,,
36340,,69,Male,,,
36341,,70,Male,,,
36342,,11,Female,,,
36343,,28,Female,,,
36344,,20,Female,,,
36345,,13,Female,,,
36346,,25,Female,,,
36347,,36,Female,,,
36348,,73,Female,,,
36349,,14,Male,,,
36350,,72,Female,,,
36351,,58,Male,,,
36352,,11,Female,,,
36353,,31,Male,,,
36354,,17,Female,,,
36355,,18,Male,,,
36356,,60,Male,,,
36357,,46,Female,,,
36358,,71,Female,,,
36359,,30,Male,,,
36360,,32,Female,,,
36361,,25,Female,,,
36362,,42,Male,,,
36363,,64,Male,,,
36364,,26,Female,,,
36365,,20,Male,,,
36366,,10,Female,,,
36367,,37,Female,,,
36368,,67,Female,,,
36369,,39,Female,,,
36370,,42,Female,,,
36371,,40,Male,,,
36372,,44,Female,,,
36373,,69,Female,,,
36374,,12,Female,,,
36375,,55,Female,,,
36376,,24,Female,,,
36377,,24,Female,,,
36378,,78,Female,,,
36379,,47,Female,,,
36380,,56,Male,,,
36381,,66,Female,,,
36382,,32,Female,,,
36383,,24,Female,,,
36384,,15,Female,,,
36385,,75,Male,,,
36386,,57,Female,,,
36387,,20,Female,,,
36388,,10,Female,,,
36389,,75,Male,,,
36390,,13,Female,,,
36391,,78,Female,,,
36392,,18,Female,,,
36393,,79,Female,,,
36394,,72,Female,,,
36395,,36,Male,,,
36396,,64,Female,,,
36397,,37,Female,,,
36398,,50,Female,,,
36399,,36,Male,,,
36400,,33,Male,,,
36401,,76,Female,,,
36402,,60,Female,,,
36403,,64,Female,,,
36404,,51,Female,,,
36405,,43,Female,,,
36406,,71,Male,,,
36407,,58,Male,,,
36408,,59,Female,,,
36409,,54,Female,,,
36410,,38,Female,,,
36411,,37,Female,,,
36412,,16,Female,,,
36413,,12,Male,,,
36414,,61,Female,,,
36415,,24,Male,,,
36416,,77,Male,,,
36417,,13,Male,,,
36418,,13,Male,,,
36419,,71,Female,,,
36420,,39,Female,,,
36421,,45,Female,,,
36422,,10,Female,,,
36423,,73,Female,,,
36424,,12,Female,,,
36425,,35,Male,,,
36426,,59,Female,,,
36427,,72,Female,,,
36428,,52,Female,,,
36429,,64,Female,,,
36430,,14,Male,,,
36431,,69,Male,,,
36432,,64,Female,,,
36433,,19,Male,,,
36434,,40,Female,,,
36435,,20,Female,,,
36436,,35,Male,,,
36437,,55,Female,,,
36438,,71,Female,,,
36439,,19,Male,,,
36440,,24,Male,,,
36441,,10,Female,,,
36442,,22,Female,,,
36443,,60,Male,,,
36444,,17,Female,,,
36445,,73,Female,,,
36446,,69,Female,,,
36447,,78,Female,,,
36448,,66,Female,,,
36449,,60,Female,,,
36450,,34,Female,,,
36451,,63,Female,,,
36452,,49,Female,,,
36453,,43,Female,,,
36454,,16,Male,,,
36455,,22,Male,,,
36456,,12,Female,,,
36457,,64,Female,,,
36458,,61,Female,,,
36459,,34,Female,,,
36460,,51,Male,,,
36461,,15,Female,,,
36462,,37,Female,,,
36463,,27,Female,,,
36464,,68,Female,,,
36465,,10,Female,,,
36466,,11,Male,,,
36467,,21,Female,,,
36468,,19,Male,,,
36469,,70,Female,,,
36470,,48,Female,,,
36471,,76,Female,,,
36472,,30,Female,,,
36473,,32,Female,,,
36474,,61,Female,,,
36475,,73,Male,,,
36476,,30,Female,,,
36477,,74,Male,,,
36478,,63,Female,,,
36479,,71,Female,,,
36480,,46,Female,,,
36481,,60,Male,,,
36482,,73,Male,,,
36483,,15,Female,,,
36484,,21,Male,,,
36485,,36,Female,,,
36486,,25,Male,,,
36487,,67,Female,,,
36488,,53,Female,,,
36489,,21,Male,,,
36490,,25,Male,,,
36491,,11,Male,,,
36492,,12,Male,,,
36493,,78,Male,,,
36494,,22,Female,,,
36495,,35,Female,,,
36496,,76,Female,,,
36497,,23,Female,,,
36498,,44,Female,,,
36499,,32,Male,,,
36500,,22,Female,,,
36501,,22,Male,,,
36502,,12,Female,,,
36503,,34,Female,,,
36504,,63,Male,,,
36505,,30,Female,,,
36506,,26,Female,,,
36507,,14,Female,,,
36508,,72,Female,,,
36509,,48,Female,,,
36510,,59,Female,,,
36511,,12,Female,,,
36512,,51,Female,,,
36513,,71,Female,,,
36514,,70,Male,,,
36515,,37,Female,,,
36516,,70,Female,,,
36517,,25,Female,,,
36518,,30,Male,,,
36519,,69,Female,,,
36520,,62,Female,,,
36521,,46,Female,,,
36522,,43,Female,,,
36523,,29,Male,,,
36524,,14,Female,,,
36525,,57,Female,,,
36526,,29,Female,,,
36527,,42,Female,,,
36528,,62,Female,,,
36529,,30,Female,,,
36530,,43,Female,,,
36531,,63,Female,,,
36532,,45,Male,,,
36533,,75,Female,,,
36534,,61,Female,,,
36535,,51,Female,,,
36536,,52,Female,,,
36537,,24,Female,,,
36538,,57,Male,,,
36539,,79,Male,,,
36540,,26,Female,,,
36541,,27,Female,,,
36542,,28,Female,,,
36543,,43,Female,,,
36544,,76,Female,,,
36545,,49,Female,,,
36546,,17,Male,,,
36547,,34,Male,,,
36548,,40,Male,,,
36549,,54,Female,,,
36550,,53,Male,,,
36551,,65,Male,,,
36552,,79,Female,,,
36553,,67,Male,,,
36554,,68,Female,,,
36555,,58,Female,,,
36556,,59,Female,,,
36557,,56,Female,,,
36558,,77,Female,,,
36559,,71,Female,,,
36560,,64,Female,,,
36561,,48,Male,,,
36562,,16,Female,,,
36563,,74,Male,,,
36564,,20,Female,,,
36565,,70,Female,,,
36566,,77,Female,,,
36567,,44,Female,,,
36568,,67,Female,,,
36569,,43,Female,,,
36570,,71,Female,,,
36571,,35,Female,,,
36572,,46,Female,,,
36573,,77,Female,,,
36574,,65,Male,,,
36575,,23,Female,,,
36576,,58,Female,,,
36577,,20,Female,,,
36578,,18,Female,,,
36579,,10,Female,,,
36580,,14,Male,,,
36581,,11,Male,,,
36582,,23,Female,,,
36583,,34,Male,,,
36584,,27,Male,,,
36585,,36,Female,,,
36586,,27,Female,,,
36587,,63,Female,,,
36588,,31,Male,,,
36589,,59,Female,,,
36590,,27,Female,,,
36591,,43,Female,,,
36592,,74,Female,,,
36593,,41,Female,,,
36594,,79,Female,,,
36595,,59,Male,,,
36596,,79,Female,,,
36597,,56,Female,,,
36598,,15,Female,,,
36599,,49,Male,,,
36600,,48,Female,,,
36601,,43,Female,,,
36602,,64,Female,,,
36603,,59,Male,,,
36604,,79,Male,,,
36605,,11,Male,,,
36606,,59,Female,,,
36607,,34,Female,,,
36608,,12,Female,,,
36609,,74,Female,,,
36610,,61,Male,,,
36611,,43,Female,,,
36612,,11,Female,,,
36613,,39,Female,,,
36614,,66,Male,,,
36615,,69,Female,,,
36616,,40,Female,,,
36617,,34,Female,,,
36618,,29,Female,,,
36619,,71,Male,,,
36620,,47,Male,,,
36621,,57,Male,,,
36622,,38,Male,,,
36623,,55,Female,,,
36624,,58,Female,,,
36625,,32,Male,,,
36626,,32,Male,,,
36627,,36,Male,,,
36628,,32,Female,,,
36629,,75,Female,,,
36630,,20,Male,,,
36631,,62,Female,,,
36632,,15,Female,,,
36633,,58,Male,,,
36634,,22,Male,,,
36635,,76,Male,,,
36636,,68,Male,,,
36637,,41,Female,,,
36638,,38,Male,,,
36639,,31,Male,,,
36640,,10,Female,,,
36641,,28,Male,,,
36642,,24,Female,,,
36643,,24,Female,,,
36644,,61,Male,,,
36645,,35,Female,,,
36646,,36,Female,,,
36647,,17,Male,,,
36648,,74,Female,,,
36649,,38,Male,,,
36650,,19,Female,,,
36651,,24,Female,,,
36652,,51,Female,,,
36653,,57,Female,,,
36654,,19,Male,,,
36655,,26,Female,,,
36656,,63,Female,,,
36657,,36,Female,,,
36658,,61,Male,,,
36659,,79,Female,,,
36660,,60,Male,,,
36661,,10,Male,,,
36662,,29,Female,,,
36663,,64,Male,,,
36664,,57,Male,,,
36665,,31,Female,,,
36666,,31,Female,,,
36667,,76,Female,,,
36668,,47,Male,,,
36669,,76,Female,,,
36670,,10,Female,,,
36671,,24,Male,,,
36672,,25,Female,,,
36673,,16,Female,,,
36674,,56,Female,,,
36675,,30,Female,,,
36676,,57,Female,,,
36677,,11,Male,,,
36678,,50,Female,,,
36679,,19,Female,,,
36680,,42,Female,,,
36681,,16,Female,,,
36682,,10,Male,,,
36683,,47,Female,,,
36684,,13,Male,,,
36685,,40,Female,,,
36686,,56,Male,,,
36687,,68,Female,,,
36688,,36,Female,,,
36689,,49,Female,,,
36690,,58,Female,,,
36691,,24,Female,,,
36692,,43,Female,,,
36693,,78,Male,,,
36694,,44,Female,,,
36695,,64,Female,,,
36696,,59,Female,,,
36697,,63,Male,,,
36698,,30,Male,,,
36699,,56,Male,,,
36700,,10,Male,,,
36701,,14,Female,,,
36702,,40,Female,,,
36703,,24,Male,,,
36704,,75,Male,,,
36705,,32,Male,,,
36706,,71,Male,,,
36707,,38,Male,,,
36708,,77,Male,,,
36709,,12,Female,,,
36710,,14,Female,,,
36711,,26,Female,,,
36712,,44,Male,,,
36713,,20,Female,,,
36714,,43,Female,,,
36715,,78,Male,,,
36716,,16,Female,,,
36717,,53,Female,,,
36718,,69,Female,,,
36719,,41,Male,,,
36720,,54,Female,,,
36721,,48,Female,,,
36722,,28,Female,,,
36723,,64,Male,,,
36724,,70,Female,,,
36725,,60,Female,,,
36726,,50,Female,,,
36727,,47,Male,,,
36728,,57,Female,,,
36729,,78,Female,,,
36730,,57,Male,,,
36731,,41,Male,,,
36732,,51,Female,,,
36733,,77,Female,,,
36734,,23,Male,,,
36735,,51,Female,,,
36736,,45,Female,,,
36737,,30,Female,,,
36738,,36,Female,,,
36739,,55,Female,,,
36740,,62,Male,,,
36741,,79,Female,,,
36742,,58,Female,,,
36743,,35,Male,,,
36744,,67,Female,,,
36745,,74,Male,,,
36746,,18,Female,,,
36747,,58,Male,,,
36748,,68,Female,,,
36749,,33,Male,,,
36750,,54,Female,,,
36751,,70,Female,,,
36752,,63,Female,,,
36753,,35,Female,,,
36754,,40,Female,,,
36755,,30,Female,,,
36756,,25,Female,,,
36757,,50,Female,,,
36758,,74,Female,,,
36759,,20,Female,,,
36760,,46,Male,,,
36761,,24,Female,,,
36762,,56,Female,,,
36763,,77,Female,,,
36764,,75,Male,,,
36765,,11,Female,,,
36766,,19,Female,,,
36767,,54,Male,,,
36768,,23,Male,,,
36769,,29,Male,,,
36770,,21,Female,,,
36771,,62,Female,,,
36772,,51,Female,,,
36773,,55,Male,,,
36774,,15,Female,,,
36775,,18,Female,,,
36776,,55,Female,,,
36777,,55,Male,,,
36778,,36,Female,,,
36779,,70,Female,,,
36780,,46,Female,,,
36781,,41,Female,,,
36782,,23,Female,,,
36783,,52,Female,,,
36784,,46,Male,,,
36785,,73,Female,,,
36786,,70,Male,,,
36787,,59,Female,,,
36788,,78,Male,,,
36789,,28,Female,,,
36790,,20,Female,,,
36791,,58,Male,,,
36792,,78,Female,,,
36793,,31,Female,,,
36794,,24,Female,,,
36795,,47,Female,,,
36796,,23,Female,,,
36797,,22,Male,,,
36798,,26,Female,,,
36799,,79,Female,,,
36800,,68,Female,,,
36801,,79,Female,,,
36802,,55,Female,,,
36803,,62,Female,,,
36804,,40,Male,,,
36805,,64,Female,,,
36806,,40,Female,,,
36807,,51,Female,,,
36808,,60,Male,,,
36809,,20,Female,,,
36810,,29,Female,,,
36811,,44,Female,,,
36812,,59,Female,,,
36813,,20,Male,,,
36814,,32,Female,,,
36815,,48,Female,,,
36816,,26,Female,,,
36817,,23,Female,,,
36818,,32,Male,,,
36819,,40,Female,,,
36820,,30,Female,,,
36821,,37,Female,,,
36822,,40,Female,,,
36823,,66,Male,,,
36824,,75,Male,,,
36825,,16,Female,,,
36826,,23,Female,,,
36827,,19,Female,,,
36828,,44,Female,,,
36829,,58,Female,,,
36830,,45,Male,,,
36831,,21,Female,,,
36832,,15,Female,,,
36833,,18,Female,,,
36834,,49,Female,,,
36835,,48,Male,,,
36836,,16,Male,,,
36837,,10,Male,,,
36838,,69,Female,,,
36839,,19,Female,,,
36840,,24,Male,,,
36841,,12,Female,,,
36842,,70,Female,,,
36843,,12,Male,,,
36844,,22,Male,,,
36845,,22,Male,,,
36846,,30,Male,,,
36847,,75,Male,,,
36848,,16,Female,,,
36849,,60,Female,,,
36850,,40,Male,,,
36851,,45,Female,,,
36852,,60,Female,,,
36853,,20,Female,,,
36854,,51,Female,,,
36855,,39,Female,,,
36856,,58,Male,,,
36857,,50,Female,,,
36858,,37,Female,,,
36859,,19,Male,,,
36860,,32,Female,,,
36861,,68,Female,,,
36862,,22,Female,,,
36863,,23,Female,,,
36864,,10,Male,,,
36865,,73,Female,,,
36866,,25,Female,,,
36867,,23,Male,,,
36868,,41,Female,,,
36869,,16,Female,,,
36870,,34,Male,,,
36871,,39,Female,,,
36872,,18,Female,,,
36873,,17,Female,,,
36874,,44,Female,,,
36875,,51,Female,,,
36876,,79,Female,,,
36877,,75,Female,,,
36878,,57,Female,,,
36879,,16,Female,,,
36880,,16,Female,,,
36881,,24,Female,,,
36882,,20,Female,,,
36883,,14,Female,,,
36884,,21,Male,,,
36885,,39,Female,,,
36886,,67,Male,,,
36887,,15,Female,,,
36888,,70,Female,,,
36889,,61,Male,,,
36890,,59,Male,,,
36891,,27,Female,,,
36892,,60,Female,,,
36893,,18,Female,,,
36894,,43,Male,,,
36895,,53,Female,,,
36896,,68,Female,,,
36897,,44,Female,,,
36898,,17,Female,,,
36899,,76,Female,,,
36900,,11,Male,,,
36901,,78,Male,,,
36902,,39,Male,,,
36903,,65,Female,,,
36904,,42,Male,,,
36905,,36,Male,,,
36906,,35,Male,,,
36907,,46,Female,,,
36908,,11,Female,,,
36909,,53,Female,,,
36910,,36,Female,,,
36911,,73,Female,,,
36912,,79,Male,,,
36913,,61,Male,,,
36914,,30,Female,,,
36915,,28,Female,,,
36916,,63,Female,,,
36917,,24,Male,,,
36918,,78,Female,,,
36919,,34,Female,,,
36920,,71,Female,,,
36921,,78,Female,,,
36922,,68,Female,,,
36923,,11,Female,,,
36924,,38,Male,,,
36925,,73,Female,,,
36926,,78,Female,,,
36927,,11,Female,,,
36928,,40,Male,,,
36929,,19,Female,,,
36930,,66,Female,,,
36931,,39,Female,,,
36932,,44,Female,,,
36933,,49,Female,,,
36934,,47,Female,,,
36935,,59,Male,,,
36936,,64,Female,,,
36937,,42,Female,,,
36938,,12,Female,,,
36939,,33,Female,,,
36940,,56,Male,,,
36941,,74,Female,,,
36942,,38,Male,,,
36943,,66,Female,,,
36944,,15,Female,,,
36945,,62,Female,,,
36946,,54,Male,,,
36947,,27,Female,,,
36948,,66,Female,,,
36949,,19,Female,,,
36950,,59,Female,,,
36951,,28,Male,,,
36952,,68,Female,,,
36953,,70,Male,,,
36954,,17,Female,,,
36955,,16,Female,,,
36956,,62,Male,,,
36957,,26,Male,,,
36958,,57,Female,,,
36959,,76,Female,,,
36960,,53,Female,,,
36961,,20,Female,,,
36962,,23,Female,,,
36963,,54,Male,,,
36964,,49,Female,,,
36965,,31,Female,,,
36966,,21,Female,,,
36967,,22,Male,,,
36968,,37,Female,,,
36969,,37,Female,,,
36970,,44,Male,,,
36971,,39,Female,,,
36972,,73,Female,,,
36973,,31,Female,,,
36974,,73,Female,,,
36975,,20,Female,,,
36976,,14,Male,,,
36977,,30,Female,,,
36978,,65,Female,,,
36979,,20,Female,,,
36980,,70,Male,,,
36981,,20,Female,,,
36982,,13,Male,,,
36983,,30,Female,,,
36984,,14,Male,,,
36985,,79,Male,,,
36986,,68,Female,,,
36987,,72,Female,,,
36988,,38,Female,,,
36989,,15,Male,,,
36990,,25,Male,,,
36991,,27,Female,,,
36992,,45,Female,,,
36993,,64,Male,,,
36994,,16,Female,,,
36995,,44,Female,,,
36996,,66,Female,,,
36997,,26,Female,,,
36998,,67,Female,,,
36999,,31,Female,,,
37000,,63,Male,,,
37001,,53,Female,,,
37002,,37,Male,,,
37003,,35,Male,,,
37004,,14,Female,,,
37005,,49,Male,,,
37006,,18,Female,,,
37007,,61,Female,,,
37008,,68,Female,,,
37009,,70,Female,,,
37010,,59,Male,,,
37011,,33,Female,,,
37012,,60,Female,,,
37013,,56,Female,,,
37014,,28,Female,,,
37015,,29,Female,,,
37016,,58,Male,,,
37017,,11,Male,,,
37018,,16,Male,,,
37019,,25,Female,,,
37020,,49,Female,,,
37021,,66,Female,,,
37022,,36,Female,,,
37023,,55,Female,,,
37024,,24,Male,,,
37025,,39,Female,,,
37026,,76,Female,,,
37027,,75,Female,,,
37028,,69,Female,,,
37029,,73,Male,,,
37030,,32,Male,,,
37031,,63,Female,,,
37032,,67,Female,,,
37033,,45,Male,,,
37034,,68,Female,,,
37035,,78,Male,,,
37036,,30,Male,,,
37037,,28,Female,,,
37038,,60,Female,,,
37039,,74,Female,,,
37040,,61,Male,,,
37041,,34,Female,,,
37042,,40,Male,,,
37043,,70,Female,,,
37044,,32,Female,,,
37045,,77,Male,,,
37046,,69,Male,,,
37047,,41,Male,,,
37048,,32,Male,,,
37049,,35,Female,,,
37050,,79,Male,,,
37051,,61,Female,,,
37052,,42,Female,,,
37053,,63,Female,,,
37054,,47,Male,,,
37055,,26,Female,,,
37056,,35,Female,,,
37057,,42,Female,,,
37058,,23,Female,,,
37059,,13,Female,,,
37060,,53,Male,,,
37061,,40,Female,,,
37062,,67,Male,,,
37063,,55,Female,,,
37064,,61,Male,,,
37065,,37,Female,,,
37066,,78,Female,,,
37067,,55,Male,,,
37068,,19,Female,,,
37069,,63,Male,,,
37070,,30,Male,,,
37071,,27,Male,,,
37072,,78,Female,,,
37073,,75,Male,,,
37074,,69,Female,,,
37075,,36,Male,,,
37076,,17,Female,,,
37077,,57,Female,,,
37078,,73,Female,,,
37079,,59,Male,,,
37080,,60,Male,,,
37081,,52,Male,,,
37082,,16,Female,,,
37083,,78,Female,,,
37084,,14,Male,,,
37085,,33,Male,,,
37086,,46,Female,,,
37087,,64,Female,,,
37088,,30,Female,,,
37089,,11,Female,,,
37090,,64,Female,,,
37091,,10,Male,,,
37092,,61,Female,,,
37093,,32,Male,,,
37094,,46,Male,,,
37095,,18,Male,,,
37096,,29,Female,,,
37097,,37,Female,,,
37098,,18,Male,,,
37099,,11,Female,,,
37100,,26,Male,,,
37101,,62,Male,,,
37102,,27,Female,,,
37103,,37,Female,,,
37104,,46,Male,,,
37105,,24,Female,,,
37106,,45,Male,,,
37107,,75,Female,,,
37108,,58,Female,,,
37109,,69,Female,,,
37110,,23,Female,,,
37111,,53,Female,,,
37112,,67,Male,,,
37113,,21,Male,,,
37114,,62,Male,,,
37115,,52,Female,,,
37116,,63,Male,,,
37117,,51,Female,,,
37118,,55,Female,,,
37119,,63,Female,,,
37120,,70,Male,,,
37121,,28,Female,,,
37122,,56,Female,,,
37123,,73,Female,,,
37124,,38,Female,,,
37125,,29,Male,,,
37126,,16,Male,,,
37127,,19,Female,,,
37128,,72,Male,,,
37129,,48,Female,,,
37130,,26,Female,,,
37131,,78,Male,,,
37132,,74,Female,,,
37133,,13,Female,,,
37134,,29,Male,,,
37135,,36,Female,,,
37136,,52,Male,,,
37137,,17,Female,,,
37138,,39,Male,,,
37139,,44,Male,,,
37140,,24,Male,,,
37141,,61,Male,,,
37142,,11,Female,,,
37143,,54,Male,,,
37144,,21,Female,,,
37145,,27,Female,,,
37146,,56,Male,,,
37147,,63,Female,,,
37148,,67,Male,,,
37149,,63,Female,,,
37150,,42,Female,,,
37151,,61,Female,,,
37152,,74,Female,,,
37153,,14,Female,,,
37154,,70,Female,,,
37155,,10,Female,,,
37156,,45,Female,,,
37157,,22,Female,,,
37158,,50,Female,,,
37159,,12,Female,,,
37160,,15,Male,,,
37161,,38,Female,,,
37162,,32,Female,,,
37163,,21,Male,,,
37164,,21,Male,,,
37165,,26,Male,,,
37166,,50,Female,,,
37167,,16,Male,,,
37168,,13,Female,,,
37169,,39,Female,,,
37170,,27,Male,,,
37171,,56,Female,,,
37172,,19,Female,,,
37173,,70,Female,,,
37174,,15,Female,,,
37175,,11,Male,,,
37176,,60,Male,,,
37177,,46,Female,,,
37178,,25,Female,,,
37179,,54,Female,,,
37180,,76,Male,,,
37181,,76,Male,,,
37182,,70,Male,,,
37183,,72,Female,,,
37184,,63,Female,,,
37185,,50,Female,,,
37186,,72,Female,,,
37187,,26,Female,,,
37188,,49,Male,,,
37189,,67,Female,,,
37190,,13,Female,,,
37191,,10,Male,,,
37192,,49,Male,,,
37193,,67,Female,,,
37194,,40,Female,,,
37195,,11,Female,,,
37196,,72,Female,,,
37197,,34,Female,,,
37198,,22,Female,,,
37199,,20,Female,,,
37200,,45,Female,,,
37201,,39,Female,,,
37202,,73,Female,,,
37203,,40,Male,,,
37204,,32,Female,,,
37205,,73,Female,,,
37206,,29,Male,,,
37207,,75,Female,,,
37208,,47,Female,,,
37209,,20,Male,,,
37210,,11,Female,,,
37211,,74,Male,,,
37212,,65,Male,,,
37213,,24,Female,,,
37214,,28,Female,,,
37215,,64,Female,,,
37216,,76,Female,,,
37217,,56,Male,,,
37218,,63,Female,,,
37219,,18,Male,,,
37220,,22,Female,,,
37221,,23,Female,,,
37222,,65,Male,,,
37223,,11,Female,,,
37224,,74,Female,,,
37225,,72,Female,,,
37226,,54,Female,,,
37227,,66,Male,,,
37228,,18,Male,,,
37229,,14,Male,,,
37230,,52,Female,,,
37231,,51,Female,,,
37232,,41,Female,,,
37233,,12,Male,,,
37234,,35,Male,,,
37235,,18,Male,,,
37236,,53,Male,,,
37237,,60,Female,,,
37238,,24,Female,,,
37239,,75,Female,,,
37240,,29,Male,,,
37241,,13,Female,,,
37242,,36,Female,,,
37243,,21,Female,,,
37244,,71,Female,,,
37245,,78,Female,,,
37246,,32,Female,,,
37247,,46,Male,,,
37248,,40,Female,,,
37249,,76,Male,,,
37250,,38,Female,,,
37251,,49,Male,,,
37252,,72,Female,,,
37253,,12,Female,,,
37254,,15,Male,,,
37255,,62,Female,,,
37256,,27,Female,,,
37257,,43,Female,,,
37258,,58,Female,,,
37259,,61,Male,,,
37260,,10,Female,,,
37261,,64,Male,,,
37262,,76,Male,,,
37263,,74,Female,,,
37264,,57,Female,,,
37265,,65,Female,,,
37266,,44,Female,,,
37267,,29,Female,,,
37268,,20,Female,,,
37269,,48,Male,,,
37270,,17,Female,,,
37271,,11,Male,,,
37272,,38,Female,,,
37273,,42,Female,,,
37274,,23,Female,,,
37275,,28,Female,,,
37276,,37,Female,,,
37277,,65,Female,,,
37278,,31,Female,,,
37279,,78,Female,,,
37280,,77,Male,,,
37281,,71,Female,,,
37282,,15,Female,,,
37283,,67,Female,,,
37284,,39,Female,,,
37285,,16,Female,,,
37286,,10,Female,,,
37287,,29,Female,,,
37288,,40,Female,,,
37289,,25,Male,,,
37290,,76,Female,,,
37291,,61,Female,,,
37292,,72,Female,,,
37293,,13,Male,,,
37294,,60,Female,,,
37295,,19,Female,,,
37296,,61,Female,,,
37297,,77,Female,,,
37298,,54,Male,,,
37299,,14,Male,,,
37300,,17,Female,,,
37301,,68,Female,,,
37302,,16,Female,,,
37303,,34,Female,,,
37304,,46,Male,,,
37305,,77,Male,,,
37306,,55,Female,,,
37307,,16,Female,,,
37308,,23,Female,,,
37309,,40,Female,,,
37310,,21,Female,,,
37311,,72,Female,,,
37312,,78,Female,,,
37313,,32,Female,,,
37314,,21,Female,,,
37315,,43,Female,,,
37316,,53,Male,,,
37317,,34,Female,,,
37318,,32,Female,,,
37319,,18,Female,,,
37320,,57,Female,,,
37321,,52,Male,,,
37322,,49,Female,,,
37323,,79,Female,,,
37324,,69,Female,,,
37325,,39,Female,,,
37326,,40,Female,,,
37327,,17,Male,,,
37328,,74,Female,,,
37329,,54,Female,,,
37330,,51,Male,,,
37331,,20,Female,,,
37332,,79,Female,,,
37333,,16,Female,,,
37334,,27,Female,,,
37335,,59,Female,,,
37336,,45,Female,,,
37337,,29,Female,,,
37338,,67,Male,,,
37339,,30,Male,,,
37340,,65,Male,,,
37341,,14,Female,,,
37342,,65,Male,,,
37343,,38,Female,,,
37344,,33,Female,,,
37345,,15,Male,,,
37346,,59,Female,,,
37347,,32,Female,,,
37348,,78,Male,,,
37349,,72,Male,,,
37350,,13,Female,,,
37351,,50,Female,,,
37352,,47,Male,,,
37353,,65,Female,,,
37354,,20,Male,,,
37355,,36,Female,,,
37356,,63,Female,,,
37357,,79,Male,,,
37358,,25,Male,,,
37359,,48,Female,,,
37360,,74,Male,,,
37361,,51,Female,,,
37362,,30,Male,,,
37363,,18,Female,,,
37364,,50,Female,,,
37365,,43,Male,,,
37366,,46,Female,,,
37367,,24,Female,,,
37368,,58,Male,,,
37369,,63,Female,,,
37370,,68,Female,,,
37371,,71,Male,,,
37372,,52,Male,,,
37373,,58,Female,,,
37374,,43,Female,,,
37375,,27,Female,,,
37376,,45,Female,,,
37377,,17,Male,,,
37378,,49,Male,,,
37379,,51,Female,,,
37380,,68,Female,,,
37381,,76,Female,,,
37382,,37,Female,,,
37383,,64,Female,,,
37384,,43,Male,,,
37385,,59,Female,,,
37386,,23,Female,,,
37387,,37,Female,,,
37388,,37,Female,,,
37389,,32,Female,,,
37390,,29,Male,,,
37391,,40,Male,,,
37392,,74,Female,,,
37393,,16,Female,,,
37394,,18,Female,,,
37395,,22,Female,,,
37396,,56,Female,,,
37397,,79,Female,,,
37398,,44,Female,,,
37399,,34,Male,,,
37400,,47,Male,,,
37401,,50,Male,,,
37402,,47,Male,,,
37403,,30,Female,,,
37404,,77,Male,,,
37405,,32,Male,,,
37406,,78,Female,,,
37407,,12,Female,,,
37408,,50,Female,,,
37409,,74,Male,,,
37410,,79,Female,,,
37411,,34,Male,,,
37412,,25,Male,,,
37413,,72,Female,,,
37414,,13,Female,,,
37415,,43,Female,,,
37416,,26,Female,,,
37417,,15,Male,,,
37418,,14,Male,,,
37419,,47,Female,,,
37420,,56,Female,,,
37421,,67,Female,,,
37422,,78,Female,,,
37423,,50,Male,,,
37424,,11,Female,,,
37425,,24,Female,,,
37426,,22,Female,,,
37427,,43,Female,,,
37428,,15,Female,,,
37429,,30,Female,,,
37430,,35,Female,,,
37431,,18,Male,,,
37432,,25,Male,,,
37433,,27,Female,,,
37434,,28,Male,,,
37435,,51,Male,,,
37436,,49,Male,,,
37437,,61,Male,,,
37438,,11,Male,,,
37439,,22,Male,,,
37440,,69,Female,,,
37441,,25,Female,,,
37442,,49,Female,,,
37443,,69,Male,,,
37444,,59,Female,,,
37445,,12,Female,,,
37446,,79,Female,,,
37447,,23,Female,,,
37448,,10,Female,,,
37449,,39,Female,,,
37450,,33,Female,,,
37451,,77,Female,,,
37452,,18,Male,,,
37453,,12,Female,,,
37454,,58,Male,,,
37455,,74,Female,,,
37456,,29,Female,,,
37457,,42,Male,,,
37458,,13,Female,,,
37459,,29,Female,,,
37460,,61,Male,,,
37461,,40,Female,,,
37462,,73,Female,,,
37463,,24,Male,,,
37464,,31,Female,,,
37465,,76,Female,,,
37466,,14,Female,,,
37467,,78,Female,,,
37468,,71,Female,,,
37469,,71,Male,,,
37470,,19,Female,,,
37471,,15,Male,,,
37472,,12,Female,,,
37473,,46,Male,,,
37474,,54,Male,,,
37475,,35,Female,,,
37476,,23,Female,,,
37477,,29,Female,,,
37478,,70,Male,,,
37479,,55,Male,,,
37480,,41,Female,,,
37481,,26,Female,,,
37482,,49,Female,,,
37483,,39,Female,,,
37484,,19,Male,,,
37485,,76,Female,,,
37486,,45,Male,,,
37487,,32,Male,,,
37488,,30,Male,,,
37489,,49,Male,,,
37490,,44,Female,,,
37491,,35,Male,,,
37492,,43,Female,,,
37493,,48,Female,,,
37494,,13,Female,,,
37495,,46,Male,,,
37496,,26,Female,,,
37497,,16,Female,,,
37498,,18,Female,,,
37499,,41,Male,,,
37500,,19,Female,,,
37501,,37,Female,,,
37502,,34,Female,,,
37503,,71,Male,,,
37504,,64,Male,,,
37505,,58,Male,,,
37506,,32,Female,,,
37507,,41,Male,,,
37508,,10,Male,,,
37509,,70,Male,,,
37510,,22,Female,,,
37511,,68,Female,,,
37512,,25,Female,,,
37513,,29,Female,,,
37514,,35,Male,,,
37515,,76,Male,,,
37516,,67,Female,,,
37517,,70,Male,,,
37518,,43,Female,,,
37519,,76,Female,,,
37520,,11,Female,,,
37521,,36,Male,,,
37522,,34,Male,,,
37523,,16,Female,,,
37524,,69,Male,,,
37525,,27,Female,,,
37526,,60,Male,,,
37527,,54,Female,,,
37528,,55,Female,,,
37529,,44,Female,,,
37530,,22,Female,,,
37531,,12,Female,,,
37532,,40,Female,,,
37533,,45,Female,,,
37534,,34,Male,,,
37535,,25,Female,,,
37536,,23,Female,,,
37537,,65,Female,,,
37538,,67,Female,,,
37539,,77,Female,,,
37540,,15,Female,,,
37541,,19,Female,,,
37542,,23,Female,,,
37543,,65,Female,,,
37544,,45,Female,,,
37545,,42,Female,,,
37546,,12,Male,,,
37547,,40,Male,,,
37548,,75,Female,,,
37549,,15,Female,,,
37550,,19,Female,,,
37551,,45,Male,,,
37552,,10,Male,,,
37553,,40,Female,,,
37554,,63,Male,,,
37555,,21,Female,,,
37556,,16,Male,,,
37557,,51,Female,,,
37558,,31,Male,,,
37559,,73,Male,,,
37560,,76,Male,,,
37561,,37,Male,,,
37562,,76,Male,,,
37563,,23,Female,,,
37564,,73,Female,,,
37565,,49,Male,,,
37566,,71,Female,,,
37567,,75,Male,,,
37568,,78,Female,,,
37569,,48,Female,,,
37570,,24,Female,,,
37571,,59,Male,,,
37572,,22,Female,,,
37573,,38,Female,,,
37574,,21,Female,,,
37575,,42,Female,,,
37576,,35,Male,,,
37577,,66,Female,,,
37578,,27,Female,,,
37579,,45,Female,,,
37580,,79,Female,,,
37581,,59,Female,,,
37582,,63,Male,,,
37583,,11,Male,,,
37584,,74,Female,,,
37585,,29,Female,,,
37586,,13,Male,,,
37587,,54,Female,,,
37588,,53,Male,,,
37589,,48,Female,,,
37590,,35,Female,,,
37591,,67,Female,,,
37592,,60,Male,,,
37593,,73,Female,,,
37594,,45,Female,,,
37595,,44,Male,,,
37596,,45,Female,,,
37597,,57,Female,,,
37598,,12,Male,,,
37599,,26,Female,,,
37600,,13,Female,,,
37601,,29,Male,,,
37602,,35,Male,,,
37603,,41,Female,,,
37604,,69,Female,,,
37605,,79,Male,,,
37606,,48,Female,,,
37607,,66,Female,,,
37608,,33,Male,,,
37609,,24,Female,,,
37610,,73,Male,,,
37611,,39,Female,,,
37612,,53,Female,,,
37613,,55,Female,,,
37614,,65,Male,,,
37615,,46,Female,,,
37616,,65,Female,,,
37617,,53,Male,,,
37618,,77,Male,,,
37619,,27,Female,,,
37620,,47,Female,,,
37621,,67,Female,,,
37622,,54,Male,,,
37623,,45,Female,,,
37624,,51,Female,,,
37625,,10,Female,,,
37626,,16,Female,,,
37627,,46,Female,,,
37628,,39,Female,,,
37629,,69,Male,,,
37630,,29,Female,,,
37631,,74,Male,,,
37632,,56,Female,,,
37633,,68,Male,,,
37634,,74,Male,,,
37635,,44,Female,,,
37636,,16,Male,,,
37637,,54,Male,,,
37638,,13,Female,,,
37639,,32,Male,,,
37640,,66,Male,,,
37641,,69,Male,,,
37642,,68,Female,,,
37643,,46,Female,,,
37644,,24,Female,,,
37645,,58,Female,,,
37646,,41,Female,,,
37647,,27,Female,,,
37648,,13,Female,,,
37649,,55,Male,,,
37650,,47,Female,,,
37651,,37,Female,,,
37652,,74,Female,,,
37653,,61,Female,,,
37654,,36,Male,,,
37655,,79,Female,,,
37656,,77,Male,,,
37657,,37,Male,,,
37658,,28,Male,,,
37659,,17,Female,,,
37660,,17,Female,,,
37661,,26,Male,,,
37662,,23,Female,,,
37663,,26,Female,,,
37664,,72,Male,,,
37665,,10,Male,,,
37666,,73,Male,,,
37667,,51,Female,,,
37668,,41,Female,,,
37669,,66,Female,,,
37670,,22,Female,,,
37671,,66,Female,,,
37672,,18,Male,,,
37673,,41,Female,,,
37674,,11,Female,,,
37675,,37,Female,,,
37676,,76,Female,,,
37677,,71,Female,,,
37678,,23,Female,,,
37679,,70,Male,,,
37680,,41,Male,,,
37681,,58,Female,,,
37682,,51,Female,,,
37683,,19,Male,,,
37684,,60,Female,,,
37685,,66,Female,,,
37686,,39,Male,,,
37687,,48,Female,,,
37688,,36,Female,,,
37689,,10,Female,,,
37690,,50,Female,,,
37691,,78,Male,,,
37692,,78,Female,,,
37693,,12,Female,,,
37694,,18,Female,,,
37695,,79,Male,,,
37696,,74,Female,,,
37697,,15,Female,,,
37698,,34,Male,,,
37699,,61,Female,,,
37700,,46,Male,,,
37701,,40,Male,,,
37702,,12,Male,,,
37703,,53,Female,,,
37704,,45,Female,,,
37705,,12,Female,,,
37706,,34,Male,,,
37707,,62,Male,,,
37708,,35,Female,,,
37709,,16,Male,,,
37710,,47,Female,,,
37711,,57,Male,,,
37712,,79,Female,,,
37713,,30,Female,,,
37714,,36,Female,,,
37715,,51,Female,,,
37716,,47,Female,,,
37717,,79,Female,,,
37718,,23,Female,,,
37719,,46,Female,,,
37720,,47,Male,,,
37721,,38,Female,,,
37722,,74,Female,,,
37723,,51,Male,,,
37724,,69,Female,,,
37725,,67,Female,,,
37726,,15,Female,,,
37727,,28,Male,,,
37728,,35,Female,,,
37729,,34,Female,,,
37730,,56,Male,,,
37731,,12,Female,,,
37732,,15,Female,,,
37733,,16,Female,,,
37734,,57,Male,,,
37735,,77,Female,,,
37736,,43,Female,,,
37737,,65,Female,,,
37738,,28,Female,,,
37739,,45,Male,,,
37740,,50,Female,,,
37741,,13,Female,,,
37742,,63,Female,,,
37743,,49,Female,,,
37744,,32,Male,,,
37745,,13,Female,,,
37746,,60,Female,,,
37747,,79,Female,,,
37748,,11,Female,,,
37749,,36,Female,,,
37750,,68,Female,,,
37751,,74,Female,,,
37752,,57,Female,,,
37753,,71,Male,,,
37754,,22,Male,,,
37755,,52,Male,,,
37756,,51,Female,,,
37757,,51,Male,,,
37758,,42,Male,,,
37759,,49,Female,,,
37760,,46,Female,,,
37761,,41,Male,,,
37762,,10,Female,,,
37763,,26,Female,,,
37764,,22,Female,,,
37765,,29,Female,,,
37766,,76,Female,,,
37767,,43,Female,,,
37768,,52,Male,,,
37769,,41,Female,,,
37770,,20,Male,,,
37771,,48,Male,,,
37772,,47,Female,,,
37773,,78,Female,,,
37774,,42,Male,,,
37775,,78,Female,,,
37776,,44,Female,,,
37777,,58,Female,,,
37778,,44,Female,,,
37779,,39,Female,,,
37780,,58,Female,,,
37781,,35,Male,,,
37782,,10,Female,,,
37783,,35,Female,,,
37784,,34,Female,,,
37785,,76,Female,,,
37786,,47,Female,,,
37787,,44,Male,,,
37788,,25,Female,,,
37789,,69,Male,,,
37790,,75,Female,,,
37791,,76,Female,,,
37792,,20,Female,,,
37793,,37,Female,,,
37794,,49,Female,,,
37795,,26,Male,,,
37796,,69,Male,,,
37797,,79,Female,,,
37798,,31,Female,,,
37799,,27,Male,,,
37800,,26,Female,,,
37801,,15,Female,,,
37802,,69,Female,,,
37803,,67,Male,,,
37804,,62,Male,,,
37805,,25,Female,,,
37806,,47,Female,,,
37807,,23,Female,,,
37808,,59,Female,,,
37809,,65,Female,,,
37810,,20,Male,,,
37811,,71,Female,,,
37812,,48,Female,,,
37813,,49,Female,,,
37814,,71,Male,,,
37815,,51,Female,,,
37816,,45,Female,,,
37817,,71,Female,,,
37818,,38,Female,,,
37819,,31,Male,,,
37820,,29,Male,,,
37821,,63,Male,,,
37822,,61,Female,,,
37823,,51,Female,,,
37824,,58,Female,,,
37825,,77,Female,,,
37826,,38,Female,,,
37827,,29,Female,,,
37828,,46,Female,,,
37829,,63,Female,,,
37830,,18,Male,,,
37831,,43,Female,,,
37832,,58,Female,,,
37833,,77,Female,,,
37834,,28,Male,,,
37835,,55,Male,,,
37836,,41,Male,,,
37837,,14,Female,,,
37838,,25,Female,,,
37839,,40,Male,,,
37840,,21,Female,,,
37841,,13,Female,,,
37842,,17,Male,,,
37843,,41,Male,,,
37844,,39,Male,,,
37845,,57,Female,,,
37846,,20,Male,,,
37847,,67,Female,,,
37848,,42,Male,,,
37849,,34,Female,,,
37850,,26,Male,,,
37851,,17,Female,,,
37852,,17,Male,,,
37853,,68,Female,,,
37854,,52,Female,,,
37855,,38,Male,,,
37856,,20,Female,,,
37857,,56,Female,,,
37858,,58,Female,,,
37859,,27,Female,,,
37860,,77,Male,,,
37861,,42,Female,,,
37862,,42,Male,,,
37863,,66,Female,,,
37864,,58,Male,,,
37865,,77,Male,,,
37866,,10,Female,,,
37867,,72,Female,,,
37868,,17,Male,,,
37869,,34,Female,,,
37870,,62,Female,,,
37871,,39,Female,,,
37872,,24,Female,,,
37873,,53,Male,,,
37874,,22,Male,,,
37875,,23,Female,,,
37876,,54,Male,,,
37877,,26,Female,,,
37878,,50,Female,,,
37879,,15,Female,,,
37880,,19,Male,,,
37881,,47,Male,,,
37882,,51,Female,,,
37883,,23,Female,,,
37884,,74,Male,,,
37885,,57,Female,,,
37886,,19,Female,,,
37887,,77,Female,,,
37888,,67,Female,,,
37889,,14,Female,,,
37890,,35,Female,,,
37891,,13,Female,,,
37892,,29,Male,,,
37893,,20,Female,,,
37894,,36,Female,,,
37895,,16,Female,,,
37896,,62,Female,,,
37897,,47,Female,,,
37898,,65,Male,,,
37899,,39,Male,,,
37900,,75,Female,,,
37901,,30,Female,,,
37902,,28,Male,,,
37903,,62,Male,,,
37904,,69,Female,,,
37905,,35,Female,,,
37906,,78,Male,,,
37907,,25,Female,,,
37908,,48,Female,,,
37909,,50,Female,,,
37910,,22,Female,,,
37911,,79,Female,,,
37912,,41,Female,,,
37913,,42,Female,,,
37914,,15,Female,,,
37915,,52,Female,,,
37916,,39,Female,,,
37917,,60,Female,,,
37918,,19,Male,,,
37919,,74,Male,,,
37920,,20,Female,,,
37921,,37,Female,,,
37922,,58,Male,,,
37923,,53,Female,,,
37924,,10,Female,,,
37925,,26,Male,,,
37926,,23,Female,,,
37927,,28,Female,,,
37928,,79,Female,,,
37929,,53,Male,,,
37930,,24,Male,,,
37931,,60,Male,,,
37932,,67,Female,,,
37933,,48,Male,,,
37934,,67,Female,,,
37935,,34,Female,,,
37936,,27,Female,,,
37937,,13,Female,,,
37938,,13,Female,,,
37939,,45,Female,,,
37940,,57,Female,,,
37941,,47,Female,,,
37942,,69,Male,,,
37943,,73,Female,,,
37944,,19,Female,,,
37945,,18,Female,,,
37946,,31,Male,,,
37947,,53,Male,,,
37948,,30,Female,,,
37949,,12,Male,,,
37950,,21,Female,,,
37951,,14,Female,,,
37952,,28,Female,,,
37953,,52,Female,,,
37954,,10,Female,,,
37955,,64,Male,,,
37956,,27,Female,,,
37957,,19,Female,,,
37958,,14,Female,,,
37959,,69,Male,,,
37960,,29,Female,,,
37961,,66,Male,,,
37962,,40,Female,,,
37963,,16,Female,,,
37964,,61,Male,,,
37965,,58,Male,,,
37966,,73,Female,,,
37967,,41,Female,,,
37968,,12,Male,,,
37969,,62,Male,,,
37970,,23,Female,,,
37971,,57,Female,,,
37972,,15,Female,,,
37973,,67,Female,,,
37974,,39,Female,,,
37975,,50,Female,,,
37976,,55,Female,,,
37977,,74,Male,,,
37978,,68,Female,,,
37979,,13,Male,,,
37980,,51,Male,,,
37981,,12,Female,,,
37982,,78,Female,,,
37983,,30,Female,,,
37984,,54,Female,,,
37985,,46,Female,,,
37986,,60,Female,,,
37987,,51,Female,,,
37988,,66,Male,,,
37989,,20,Female,,,
37990,,75,Female,,,
37991,,35,Female,,,
37992,,66,Male,,,
37993,,24,Female,,,
37994,,41,Female,,,
37995,,52,Female,,,
37996,,43,Female,,,
37997,,57,Male,,,
37998,,33,Female,,,
37999,,16,Female,,,
38000,,20,Female,,,
38001,,68,Male,,,
38002,,26,Female,,,
38003,,11,Female,,,
38004,,76,Female,,,
38005,,29,Female,,,
38006,,35,Female,,,
38007,,70,Male,,,
38008,,64,Female,,,
38009,,32,Male,,,
38010,,54,Male,,,
38011,,72,Female,,,
38012,,59,Female,,,
38013,,21,Female,,,
38014,,25,Female,,,
38015,,17,Female,,,
38016,,18,Male,,,
38017,,61,Male,,,
38018,,71,Female,,,
38019,,29,Female,,,
38020,,40,Female,,,
38021,,20,Female,,,
38022,,38,Female,,,
38023,,45,Female,,,
38024,,50,Female,,,
38025,,25,Female,,,
38026,,53,Female,,,
38027,,67,Female,,,
38028,,76,Female,,,
38029,,71,Male,,,
38030,,29,Male,,,
38031,,66,Female,,,
38032,,47,Female,,,
38033,,73,Male,,,
38034,,72,Female,,,
38035,,44,Male,,,
38036,,17,Female,,,
38037,,76,Female,,,
38038,,55,Male,,,
38039,,23,Female,,,
38040,,22,Female,,,
38041,,21,Male,,,
38042,,79,Female,,,
38043,,66,Female,,,
38044,,41,Female,,,
38045,,24,Male,,,
38046,,79,Female,,,
38047,,32,Male,,,
38048,,43,Male,,,
38049,,71,Male,,,
38050,,46,Female,,,
38051,,64,Female,,,
38052,,24,Male,,,
38053,,64,Female,,,
38054,,72,Female,,,
38055,,46,Female,,,
38056,,66,Male,,,
38057,,69,Female,,,
38058,,15,Female,,,
38059,,11,Female,,,
38060,,26,Female,,,
38061,,14,Female,,,
38062,,27,Male,,,
38063,,30,Male,,,
38064,,52,Female,,,
38065,,71,Female,,,
38066,,54,Female,,,
38067,,13,Male,,,
38068,,42,Female,,,
38069,,76,Female,,,
38070,,43,Female,,,
38071,,25,Female,,,
38072,,38,Female,,,
38073,,74,Female,,,
38074,,71,Male,,,
38075,,16,Female,,,
38076,,66,Female,,,
38077,,61,Male,,,
38078,,13,Female,,,
38079,,65,Female,,,
38080,,34,Female,,,
38081,,28,Female,,,
38082,,46,Male,,,
38083,,38,Female,,,
38084,,26,Male,,,
38085,,36,Female,,,
38086,,41,Male,,,
38087,,17,Female,,,
38088,,59,Female,,,
38089,,42,Male,,,
38090,,52,Male,,,
38091,,63,Female,,,
38092,,50,Female,,,
38093,,65,Female,,,
38094,,74,Female,,,
38095,,69,Female,,,
38096,,34,Female,,,
38097,,32,Male,,,
38098,,61,Female,,,
38099,,77,Female,,,
38100,,28,Male,,,
38101,,22,Female,,,
38102,,72,Male,,,
38103,,28,Male,,,
38104,,16,Male,,,
38105,,27,Male,,,
38106,,55,Male,,,
38107,,39,Female,,,
38108,,38,Female,,,
38109,,13,Female,,,
38110,,46,Female,,,
38111,,24,Male,,,
38112,,26,Female,,,
38113,,46,Female,,,
38114,,48,Male,,,
38115,,70,Male,,,
38116,,33,Female,,,
38117,,25,Female,,,
38118,,30,Female,,,
38119,,12,Female,,,
38120,,35,Female,,,
38121,,29,Female,,,
38122,,19,Female,,,
38123,,55,Male,,,
38124,,27,Female,,,
38125,,14,Female,,,
38126,,45,Female,,,
38127,,70,Male,,,
38128,,35,Male,,,
38129,,55,Female,,,
38130,,18,Male,,,
38131,,21,Female,,,
38132,,79,Female,,,
38133,,45,Female,,,
38134,,26,Female,,,
38135,,70,Male,,,
38136,,35,Female,,,
38137,,28,Female,,,
38138,,26,Female,,,
38139,,25,Female,,,
38140,,35,Female,,,
38141,,41,Female,,,
38142,,56,Female,,,
38143,,74,Male,,,
38144,,44,Male,,,
38145,,77,Female,,,
38146,,52,Female,,,
38147,,10,Female,,,
38148,,46,Female,,,
38149,,41,Male,,,
38150,,56,Female,,,
38151,,27,Male,,,
38152,,62,Female,,,
38153,,28,Male,,,
38154,,33,Female,,,
38155,,77,Female,,,
38156,,69,Female,,,
38157,,10,Female,,,
38158,,29,Female,,,
38159,,42,Female,,,
38160,,51,Female,,,
38161,,44,Male,,,
38162,,27,Female,,,
38163,,79,Female,,,
38164,,68,Female,,,
38165,,46,Female,,,
38166,,53,Male,,,
38167,,51,Female,,,
38168,,14,Female,,,
38169,,13,Female,,,
38170,,37,Female,,,
38171,,60,Female,,,
38172,,69,Female,,,
38173,,59,Female,,,
38174,,67,Female,,,
38175,,54,Female,,,
38176,,76,Female,,,
38177,,77,Male,,,
38178,,42,Female,,,
38179,,10,Female,,,
38180,,13,Female,,,
38181,,47,Female,,,
38182,,53,Female,,,
38183,,22,Female,,,
38184,,16,Female,,,
38185,,59,Female,,,
38186,,45,Female,,,
38187,,70,Female,,,
38188,,50,Female,,,
38189,,15,Male,,,
38190,,59,Female,,,
38191,,17,Male,,,
38192,,46,Male,,,
38193,,44,Female,,,
38194,,59,Male,,,
38195,,12,Male,,,
38196,,46,Male,,,
38197,,51,Female,,,
38198,,21,Female,,,
38199,,32,Male,,,
38200,,43,Male,,,
38201,,56,Female,,,
38202,,18,Female,,,
38203,,69,Male,,,
38204,,51,Female,,,
38205,,15,Female,,,
38206,,66,Male,,,
38207,,30,Female,,,
38208,,63,Male,,,
38209,,31,Male,,,
38210,,21,Female,,,
38211,,73,Male,,,
38212,,78,Male,,,
38213,,63,Male,,,
38214,,75,Male,,,
38215,,61,Female,,,
38216,,78,Female,,,
38217,,61,Male,,,
38218,,34,Female,,,
38219,,57,Female,,,
38220,,63,Female,,,
38221,,12,Male,,,
38222,,20,Female,,,
38223,,37,Female,,,
38224,,34,Female,,,
38225,,47,Male,,,
38226,,25,Female,,,
38227,,24,Female,,,
38228,,74,Female,,,
38229,,78,Female,,,
38230,,19,Male,,,
38231,,60,Female,,,
38232,,56,Female,,,
38233,,26,Female,,,
38234,,37,Female,,,
38235,,73,Female,,,
38236,,64,Female,,,
38237,,24,Female,,,
38238,,25,Female,,,
38239,,77,Female,,,
38240,,22,Male,,,
38241,,39,Female,,,
38242,,16,Female,,,
38243,,18,Female,,,
38244,,58,Male,,,
38245,,20,Male,,,
38246,,53,Male,,,
38247,,10,Female,,,
38248,,48,Female,,,
38249,,60,Male,,,
38250,,24,Female,,,
38251,,57,Female,,,
38252,,40,Female,,,
38253,,63,Female,,,
38254,,47,Female,,,
38255,,63,Male,,,
38256,,59,Male,,,
38257,,24,Female,,,
38258,,59,Female,,,
38259,,53,Female,,,
38260,,40,Female,,,
38261,,60,Male,,,
38262,,37,Female,,,
38263,,23,Male,,,
38264,,35,Female,,,
38265,,39,Female,,,
38266,,34,Male,,,
38267,,13,Male,,,
38268,,40,Female,,,
38269,,16,Female,,,
38270,,26,Female,,,
38271,,15,Female,,,
38272,,36,Female,,,
38273,,68,Female,,,
38274,,77,Female,,,
38275,,20,Female,,,
38276,,48,Female,,,
38277,,68,Female,,,
38278,,77,Male,,,
38279,,38,Female,,,
38280,,51,Female,,,
38281,,62,Female,,,
38282,,47,Male,,,
38283,,58,Female,,,
38284,,72,Male,,,
38285,,48,Female,,,
38286,,56,Female,,,
38287,,15,Male,,,
38288,,33,Male,,,
38289,,30,Male,,,
38290,,46,Female,,,
38291,,60,Female,,,
38292,,21,Female,,,
38293,,15,Female,,,
38294,,34,Female,,,
38295,,20,Female,,,
38296,,48,Male,,,
38297,,12,Female,,,
38298,,20,Female,,,
38299,,36,Female,,,
38300,,67,Female,,,
38301,,37,Female,,,
38302,,76,Female,,,
38303,,50,Female,,,
38304,,16,Male,,,
38305,,30,Female,,,
38306,,22,Female,,,
38307,,74,Female,,,
38308,,38,Female,,,
38309,,14,Female,,,
38310,,66,Female,,,
38311,,15,Female,,,
38312,,68,Female,,,
38313,,14,Male,,,
38314,,15,Female,,,
38315,,39,Female,,,
38316,,73,Female,,,
38317,,32,Female,,,
38318,,65,Female,,,
38319,,68,Female,,,
38320,,72,Male,,,
38321,,23,Female,,,
38322,,25,Male,,,
38323,,73,Female,,,
38324,,14,Female,,,
38325,,60,Female,,,
38326,,54,Female,,,
38327,,67,Female,,,
38328,,79,Female,,,
38329,,38,Female,,,
38330,,15,Female,,,
38331,,50,Male,,,
38332,,57,Female,,,
38333,,33,Female,,,
38334,,21,Female,,,
38335,,18,Female,,,
38336,,57,Male,,,
38337,,46,Female,,,
38338,,65,Male,,,
38339,,21,Male,,,
38340,,50,Male,,,
38341,,21,Male,,,
38342,,44,Female,,,
38343,,70,Female,,,
38344,,10,Male,,,
38345,,33,Female,,,
38346,,76,Male,,,
38347,,47,Female,,,
38348,,31,Female,,,
38349,,43,Male,,,
38350,,28,Female,,,
38351,,67,Male,,,
38352,,54,Male,,,
38353,,59,Female,,,
38354,,55,Male,,,
38355,,23,Female,,,
38356,,15,Female,,,
38357,,51,Female,,,
38358,,38,Female,,,
38359,,50,Female,,,
38360,,42,Female,,,
38361,,40,Female,,,
38362,,35,Female,,,
38363,,58,Female,,,
38364,,19,Female,,,
38365,,21,Female,,,
38366,,10,Female,,,
38367,,27,Female,,,
38368,,14,Female,,,
38369,,57,Female,,,
38370,,48,Female,,,
38371,,17,Female,,,
38372,,13,Female,,,
38373,,75,Female,,,
38374,,76,Male,,,
38375,,46,Female,,,
38376,,62,Female,,,
38377,,53,Male,,,
38378,,21,Female,,,
38379,,13,Female,,,
38380,,64,Female,,,
38381,,79,Male,,,
38382,,43,Female,,,
38383,,19,Female,,,
38384,,11,Male,,,
38385,,38,Male,,,
38386,,25,Female,,,
38387,,66,Male,,,
38388,,78,Male,,,
38389,,27,Female,,,
38390,,29,Male,,,
38391,,66,Female,,,
38392,,78,Female,,,
38393,,19,Male,,,
38394,,76,Female,,,
38395,,48,Female,,,
38396,,26,Female,,,
38397,,32,Female,,,
38398,,35,Male,,,
38399,,68,Female,,,
38400,,11,Female,,,
38401,,68,Female,,,
38402,,31,Female,,,
38403,,49,Male,,,
38404,,62,Male,,,
38405,,52,Female,,,
38406,,51,Female,,,
38407,,65,Female,,,
38408,,29,Male,,,
38409,,35,Female,,,
38410,,20,Male,,,
38411,,43,Female,,,
38412,,22,Female,,,
38413,,25,Male,,,
38414,,58,Male,,,
38415,,62,Female,,,
38416,,62,Female,,,
38417,,40,Female,,,
38418,,44,Female,,,
38419,,11,Male,,,
38420,,17,Female,,,
38421,,72,Female,,,
38422,,35,Female,,,
38423,,10,Female,,,
38424,,10,Male,,,
38425,,34,Male,,,
38426,,66,Male,,,
38427,,40,Female,,,
38428,,32,Male,,,
38429,,57,Female,,,
38430,,71,Male,,,
38431,,41,Female,,,
38432,,72,Male,,,
38433,,41,Male,,,
38434,,26,Male,,,
38435,,40,Male,,,
38436,,12,Female,,,
38437,,12,Female,,,
38438,,67,Female,,,
38439,,77,Female,,,
38440,,69,Female,,,
38441,,63,Female,,,
38442,,30,Female,,,
38443,,13,Male,,,
38444,,30,Female,,,
38445,,54,Female,,,
38446,,30,Female,,,
38447,,23,Male,,,
38448,,72,Female,,,
38449,,44,Female,,,
38450,,66,Female,,,
38451,,69,Female,,,
38452,,18,Female,,,
38453,,64,Female,,,
38454,,54,Female,,,
38455,,49,Female,,,
38456,,70,Male,,,
38457,,73,Female,,,
38458,,46,Female,,,
38459,,20,Male,,,
38460,,15,Female,,,
38461,,51,Female,,,
38462,,62,Female,,,
38463,,79,Male,,,
38464,,36,Female,,,
38465,,35,Female,,,
38466,,53,Female,,,
38467,,32,Female,,,
38468,,13,Female,,,
38469,,76,Female,,,
38470,,65,Female,,,
38471,,17,Male,,,
38472,,76,Female,,,
38473,,10,Male,,,
38474,,77,Female,,,
38475,,30,Female,,,
38476,,43,Female,,,
38477,,50,Female,,,
38478,,65,Female,,,
38479,,33,Male,,,
38480,,31,Female,,,
38481,,17,Male,,,
38482,,20,Female,,,
38483,,55,Male,,,
38484,,70,Female,,,
38485,,24,Female,,,
38486,,35,Female,,,
38487,,13,Female,,,
38488,,52,Female,,,
38489,,55,Male,,,
38490,,57,Female,,,
38491,,78,Female,,,
38492,,68,Female,,,
38493,,65,Female,,,
38494,,66,Female,,,
38495,,19,Female,,,
38496,,22,Male,,,
38497,,57,Female,,,
38498,,59,Male,,,
38499,,48,Female,,,
38500,,48,Female,,,
38501,,19,Female,,,
38502,,12,Male,,,
38503,,14,Male,,,
38504,,54,Female,,,
38505,,68,Male,,,
38506,,17,Female,,,
38507,,11,Female,,,
38508,,29,Female,,,
38509,,42,Female,,,
38510,,76,Female,,,
38511,,12,Female,,,
38512,,22,Male,,,
38513,,38,Male,,,
38514,,18,Female,,,
38515,,51,Male,,,
38516,,35,Female,,,
38517,,70,Male,,,
38518,,40,Male,,,
38519,,55,Male,,,
38520,,61,Female,,,
38521,,34,Female,,,
38522,,46,Female,,,
38523,,16,Male,,,
38524,,12,Female,,,
38525,,62,Female,,,
38526,,77,Female,,,
38527,,49,Female,,,
38528,,46,Female,,,
38529,,59,Female,,,
38530,,56,Male,,,
38531,,20,Female,,,
38532,,67,Male,,,
38533,,17,Female,,,
38534,,44,Male,,,
38535,,35,Female,,,
38536,,29,Female,,,
38537,,79,Male,,,
38538,,72,Male,,,
38539,,48,Female,,,
38540,,75,Male,,,
38541,,60,Female,,,
38542,,29,Female,,,
38543,,29,Female,,,
38544,,15,Female,,,
38545,,68,Male,,,
38546,,25,Female,,,
38547,,11,Female,,,
38548,,74,Female,,,
38549,,33,Female,,,
38550,,43,Female,,,
38551,,26,Female,,,
38552,,76,Female,,,
38553,,65,Female,,,
38554,,36,Male,,,
38555,,69,Female,,,
38556,,46,Female,,,
38557,,75,Male,,,
38558,,39,Male,,,
38559,,38,Female,,,
38560,,47,Male,,,
38561,,67,Female,,,
38562,,56,Female,,,
38563,,42,Female,,,
38564,,60,Male,,,
38565,,58,Female,,,
38566,,27,Female,,,
38567,,14,Female,,,
38568,,36,Female,,,
38569,,30,Female,,,
38570,,55,Male,,,
38571,,48,Female,,,
38572,,18,Female,,,
38573,,57,Female,,,
38574,,17,Female,,,
38575,,39,Male,,,
38576,,70,Male,,,
38577,,55,Male,,,
38578,,68,Female,,,
38579,,51,Female,,,
38580,,57,Male,,,
38581,,39,Male,,,
38582,,21,Male,,,
38583,,50,Female,,,
38584,,33,Male,,,
38585,,69,Female,,,
38586,,77,Female,,,
38587,,67,Female,,,
38588,,30,Male,,,
38589,,73,Female,,,
38590,,74,Female,,,
38591,,39,Female,,,
38592,,36,Female,,,
38593,,26,Male,,,
38594,,16,Female,,,
38595,,19,Male,,,
38596,,21,Female,,,
38597,,41,Female,,,
38598,,56,Female,,,
38599,,48,Female,,,
38600,,12,Male,,,
38601,,16,Male,,,
38602,,77,Female,,,
38603,,12,Female,,,
38604,,33,Female,,,
38605,,76,Female,,,
38606,,38,Female,,,
38607,,23,Female,,,
38608,,26,Female,,,
38609,,50,Male,,,
38610,,14,Female,,,
38611,,73,Female,,,
38612,,76,Female,,,
38613,,60,Female,,,
38614,,37,Female,,,
38615,,71,Male,,,
38616,,53,Male,,,
38617,,77,Male,,,
38618,,47,Male,,,
38619,,75,Female,,,
38620,,62,Male,,,
38621,,73,Female,,,
38622,,64,Male,,,
38623,,14,Female,,,
38624,,63,Male,,,
38625,,65,Female,,,
38626,,51,Male,,,
38627,,73,Female,,,
38628,,64,Female,,,
38629,,79,Female,,,
38630,,10,Male,,,
38631,,69,Female,,,
38632,,69,Female,,,
38633,,15,Male,,,
38634,,10,Male,,,
38635,,30,Female,,,
38636,,33,Female,,,
38637,,60,Male,,,
38638,,74,Female,,,
38639,,29,Female,,,
38640,,73,Male,,,
38641,,68,Female,,,
38642,,75,Female,,,
38643,,72,Female,,,
38644,,77,Female,,,
38645,,50,Female,,,
38646,,62,Male,,,
38647,,63,Male,,,
38648,,26,Female,,,
38649,,27,Female,,,
38650,,28,Female,,,
38651,,62,Female,,,
38652,,28,Male,,,
38653,,54,Female,,,
38654,,21,Female,,,
38655,,61,Male,,,
38656,,12,Female,,,
38657,,27,Female,,,
38658,,16,Female,,,
38659,,66,Female,,,
38660,,56,Male,,,
38661,,30,Female,,,
38662,,24,Female,,,
38663,,56,Female,,,
38664,,10,Female,,,
38665,,54,Female,,,
38666,,79,Female,,,
38667,,66,Female,,,
38668,,31,Female,,,
38669,,11,Female,,,
38670,,79,Female,,,
38671,,71,Male,,,
38672,,75,Male,,,
38673,,49,Female,,,
38674,,38,Female,,,
38675,,52,Female,,,
38676,,77,Male,,,
38677,,17,Male,,,
38678,,55,Male,,,
38679,,25,Male,,,
38680,,62,Male,,,
38681,,62,Male,,,
38682,,27,Female,,,
38683,,44,Female,,,
38684,,16,Female,,,
38685,,39,Female,,,
38686,,38,Male,,,
38687,,64,Female,,,
38688,,20,Female,,,
38689,,63,Female,,,
38690,,62,Female,,,
38691,,67,Male,,,
38692,,60,Male,,,
38693,,53,Female,,,
38694,,67,Male,,,
38695,,68,Female,,,
38696,,21,Female,,,
38697,,32,Female,,,
38698,,72,Female,,,
38699,,26,Male,,,
38700,,12,Male,,,
38701,,68,Female,,,
38702,,52,Female,,,
38703,,32,Female,,,
38704,,11,Female,,,
38705,,63,Female,,,
38706,,73,Female,,,
38707,,32,Female,,,
38708,,73,Male,,,
38709,,67,Male,,,
38710,,68,Female,,,
38711,,63,Female,,,
38712,,25,Female,,,
38713,,18,Female,,,
38714,,40,Female,,,
38715,,69,Female,,,
38716,,51,Female,,,
38717,,22,Female,,,
38718,,53,Female,,,
38719,,43,Female,,,
38720,,15,Female,,,
38721,,33,Female,,,
38722,,54,Female,,,
38723,,31,Male,,,
38724,,18,Male,,,
38725,,38,Male,,,
38726,,68,Male,,,
38727,,15,Male,,,
38728,,79,Male,,,
38729,,13,Female,,,
38730,,28,Female,,,
38731,,36,Female,,,
38732,,28,Male,,,
38733,,39,Female,,,
38734,,33,Male,,,
38735,,53,Female,,,
38736,,53,Female,,,
38737,,10,Female,,,
38738,,49,Female,,,
38739,,50,Female,,,
38740,,25,Female,,,
38741,,40,Male,,,
38742,,13,Male,,,
38743,,76,Male,,,
38744,,12,Female,,,
38745,,37,Male,,,
38746,,36,Male,,,
38747,,76,Female,,,
38748,,17,Male,,,
38749,,16,Female,,,
38750,,17,Female,,,
38751,,35,Female,,,
38752,,45,Female,,,
38753,,36,Female,,,
38754,,61,Male,,,
38755,,78,Female,,,
38756,,33,Male,,,
38757,,64,Male,,,
38758,,55,Female,,,
38759,,43,Female,,,
38760,,70,Male,,,
38761,,62,Female,,,
38762,,23,Female,,,
38763,,12,Male,,,
38764,,58,Female,,,
38765,,36,Female,,,
38766,,43,Female,,,
38767,,48,Female,,,
38768,,52,Female,,,
38769,,11,Male,,,
38770,,62,Female,,,
38771,,68,Female,,,
38772,,18,Male,,,
38773,,11,Female,,,
38774,,34,Male,,,
38775,,22,Male,,,
38776,,32,Female,,,
38777,,17,Female,,,
38778,,15,Female,,,
38779,,69,Female,,,
38780,,46,Female,,,
38781,,66,Female,,,
38782,,21,Male,,,
38783,,67,Male,,,
38784,,55,Female,,,
38785,,50,Female,,,
38786,,76,Female,,,
38787,,28,Female,,,
38788,,19,Male,,,
38789,,48,Female,,,
38790,,15,Male,,,
38791,,31,Female,,,
38792,,66,Female,,,
38793,,51,Female,,,
38794,,49,Male,,,
38795,,44,Female,,,
38796,,48,Female,,,
38797,,61,Female,,,
38798,,60,Female,,,
38799,,14,Female,,,
38800,,40,Male,,,
38801,,60,Female,,,
38802,,43,Male,,,
38803,,52,Female,,,
38804,,28,Female,,,
38805,,53,Female,,,
38806,,18,Female,,,
38807,,30,Female,,,
38808,,58,Female,,,
38809,,11,Female,,,
38810,,57,Male,,,
38811,,44,Male,,,
38812,,54,Female,,,
38813,,36,Female,,,
38814,,10,Female,,,
38815,,49,Female,,,
38816,,35,Female,,,
38817,,50,Female,,,
38818,,46,Female,,,
38819,,12,Male,,,
38820,,37,Female,,,
38821,,68,Female,,,
38822,,25,Female,,,
38823,,48,Female,,,
38824,,59,Male,,,
38825,,65,Female,,,
38826,,15,Female,,,
38827,,38,Female,,,
38828,,61,Female,,,
38829,,25,Female,,,
38830,,62,Female,,,
38831,,13,Female,,,
38832,,36,Female,,,
38833,,24,Female,,,
38834,,75,Female,,,
38835,,27,Female,,,
38836,,46,Female,,,
38837,,36,Female,,,
38838,,13,Female,,,
38839,,32,Female,,,
38840,,56,Female,,,
38841,,77,Male,,,
38842,,58,Male,,,
38843,,19,Female,,,
38844,,31,Female,,,
38845,,35,Female,,,
38846,,64,Female,,,
38847,,73,Female,,,
38848,,23,Female,,,
38849,,47,Female,,,
38850,,49,Male,,,
38851,,56,Female,,,
38852,,49,Male,,,
38853,,67,Male,,,
38854,,27,Female,,,
38855,,26,Male,,,
38856,,58,Female,,,
38857,,77,Female,,,
38858,,74,Male,,,
38859,,65,Female,,,
38860,,66,Male,,,
38861,,53,Female,,,
38862,,50,Male,,,
38863,,16,Male,,,
38864,,72,Female,,,
38865,,56,Female,,,
38866,,61,Female,,,
38867,,75,Female,,,
38868,,12,Female,,,
38869,,78,Female,,,
38870,,76,Female,,,
38871,,14,Male,,,
38872,,61,Female,,,
38873,,72,Female,,,
38874,,77,Male,,,
38875,,26,Male,,,
38876,,13,Female,,,
38877,,73,Female,,,
38878,,28,Female,,,
38879,,71,Female,,,
38880,,31,Male,,,
38881,,26,Female,,,
38882,,73,Female,,,
38883,,35,Female,,,
38884,,24,Female,,,
38885,,33,Female,,,
38886,,14,Female,,,
38887,,18,Male,,,
38888,,12,Female,,,
38889,,21,Female,,,
38890,,11,Male,,,
38891,,46,Female,,,
38892,,24,Male,,,
38893,,32,Female,,,
38894,,78,Female,,,
38895,,62,Female,,,
38896,,20,Female,,,
38897,,51,Male,,,
38898,,54,Female,,,
38899,,24,Female,,,
38900,,14,Female,,,
38901,,45,Female,,,
38902,,71,Male,,,
38903,,13,Female,,,
38904,,18,Male,,,
38905,,59,Male,,,
38906,,55,Female,,,
38907,,31,Male,,,
38908,,55,Female,,,
38909,,27,Male,,,
38910,,37,Female,,,
38911,,57,Female,,,
38912,,14,Female,,,
38913,,68,Female,,,
38914,,40,Female,,,
38915,,78,Male,,,
38916,,39,Female,,,
38917,,69,Female,,,
38918,,18,Female,,,
38919,,30,Male,,,
38920,,62,Male,,,
38921,,79,Female,,,
38922,,37,Female,,,
38923,,77,Male,,,
38924,,51,Male,,,
38925,,29,Female,,,
38926,,49,Female,,,
38927,,24,Male,,,
38928,,56,Male,,,
38929,,53,Female,,,
38930,,63,Female,,,
38931,,56,Female,,,
38932,,38,Male,,,
38933,,25,Female,,,
38934,,38,Male,,,
38935,,30,Male,,,
38936,,67,Male,,,
38937,,63,Female,,,
38938,,58,Female,,,
38939,,75,Female,,,
38940,,11,Male,,,
38941,,12,Female,,,
38942,,26,Male,,,
38943,,78,Female,,,
38944,,52,Female,,,
38945,,74,Female,,,
38946,,36,Male,,,
38947,,45,Male,,,
38948,,78,Female,,,
38949,,50,Female,,,
38950,,17,Male,,,
38951,,19,Female,,,
38952,,44,Female,,,
38953,,22,Female,,,
38954,,60,Female,,,
38955,,48,Female,,,
38956,,41,Male,,,
38957,,21,Female,,,
38958,,35,Female,,,
38959,,38,Female,,,
38960,,36,Female,,,
38961,,78,Male,,,
38962,,61,Female,,,
38963,,44,Male,,,
38964,,74,Female,,,
38965,,47,Male,,,
38966,,20,Female,,,
38967,,76,Female,,,
38968,,75,Female,,,
38969,,16,Female,,,
38970,,51,Male,,,
38971,,25,Female,,,
38972,,51,Male,,,
38973,,71,Female,,,
38974,,47,Male,,,
38975,,51,Female,,,
38976,,51,Female,,,
38977,,23,Female,,,
38978,,27,Female,,,
38979,,25,Female,,,
38980,,75,Male,,,
38981,,31,Male,,,
38982,,42,Male,,,
38983,,46,Female,,,
38984,,54,Female,,,
38985,,56,Female,,,
38986,,32,Male,,,
38987,,71,Female,,,
38988,,70,Male,,,
38989,,26,Female,,,
38990,,12,Female,,,
38991,,21,Male,,,
38992,,21,Female,,,
38993,,10,Male,,,
38994,,27,Female,,,
38995,,57,Female,,,
38996,,25,Female,,,
38997,,71,Male,,,
38998,,17,Male,,,
38999,,37,Female,,,
39000,,39,Male,,,
39001,,26,Female,,,
39002,,75,Female,,,
39003,,53,Male,,,
39004,,44,Female,,,
39005,,25,Female,,,
39006,,77,Female,,,
39007,,75,Female,,,
39008,,64,Female,,,
39009,,56,Female,,,
39010,,76,Female,,,
39011,,78,Male,,,
39012,,32,Female,,,
39013,,79,Female,,,
39014,,38,Male,,,
39015,,40,Female,,,
39016,,18,Female,,,
39017,,40,Male,,,
39018,,41,Female,,,
39019,,67,Female,,,
39020,,11,Female,,,
39021,,31,Female,,,
39022,,71,Female,,,
39023,,60,Male,,,
39024,,35,Male,,,
39025,,78,Female,,,
39026,,13,Female,,,
39027,,79,Female,,,
39028,,29,Female,,,
39029,,16,Female,,,
39030,,45,Male,,,
39031,,16,Male,,,
39032,,21,Female,,,
39033,,50,Female,,,
39034,,27,Female,,,
39035,,69,Male,,,
39036,,72,Male,,,
39037,,15,Male,,,
39038,,48,Female,,,
39039,,76,Male,,,
39040,,60,Male,,,
39041,,37,Male,,,
39042,,68,Female,,,
39043,,29,Female,,,
39044,,36,Female,,,
39045,,20,Male,,,
39046,,67,Male,,,
39047,,47,Male,,,
39048,,24,Female,,,
39049,,20,Female,,,
39050,,22,Male,,,
39051,,57,Female,,,
39052,,48,Male,,,
39053,,10,Male,,,
39054,,60,Female,,,
39055,,16,Male,,,
39056,,74,Female,,,
39057,,30,Female,,,
39058,,19,Male,,,
39059,,65,Female,,,
39060,,58,Female,,,
39061,,55,Female,,,
39062,,73,Male,,,
39063,,76,Female,,,
39064,,50,Male,,,
39065,,71,Female,,,
39066,,67,Male,,,
39067,,57,Male,,,
39068,,63,Female,,,
39069,,49,Male,,,
39070,,10,Female,,,
39071,,11,Female,,,
39072,,76,Female,,,
39073,,64,Female,,,
39074,,64,Female,,,
39075,,79,Male,,,
39076,,65,Female,,,
39077,,46,Female,,,
39078,,67,Female,,,
39079,,34,Female,,,
39080,,25,Female,,,
39081,,59,Female,,,
39082,,43,Male,,,
39083,,36,Male,,,
39084,,70,Female,,,
39085,,10,Male,,,
39086,,35,Female,,,
39087,,43,Female,,,
39088,,49,Female,,,
39089,,54,Male,,,
39090,,20,Female,,,
39091,,19,Male,,,
39092,,62,Female,,,
39093,,53,Female,,,
39094,,40,Female,,,
39095,,10,Female,,,
39096,,60,Female,,,
39097,,76,Male,,,
39098,,15,Female,,,
39099,,68,Male,,,
39100,,63,Male,,,
39101,,74,Female,,,
39102,,20,Female,,,
39103,,62,Male,,,
39104,,56,Female,,,
39105,,53,Female,,,
39106,,76,Female,,,
39107,,57,Female,,,
39108,,31,Female,,,
39109,,23,Male,,,
39110,,20,Male,,,
39111,,48,Male,,,
39112,,51,Male,,,
39113,,77,Female,,,
39114,,46,Female,,,
39115,,48,Female,,,
39116,,62,Female,,,
39117,,76,Female,,,
39118,,18,Female,,,
39119,,18,Female,,,
39120,,49,Female,,,
39121,,50,Female,,,
39122,,48,Female,,,
39123,,16,Female,,,
39124,,46,Female,,,
39125,,29,Female,,,
39126,,57,Female,,,
39127,,60,Female,,,
39128,,13,Female,,,
39129,,47,Female,,,
39130,,65,Female,,,
39131,,14,Male,,,
39132,,19,Female,,,
39133,,45,Female,,,
39134,,55,Male,,,
39135,,22,Female,,,
39136,,67,Female,,,
39137,,53,Female,,,
39138,,50,Female,,,
39139,,78,Female,,,
39140,,42,Female,,,
39141,,38,Male,,,
39142,,47,Male,,,
39143,,50,Male,,,
39144,,49,Male,,,
39145,,34,Female,,,
39146,,65,Male,,,
39147,,61,Female,,,
39148,,74,Male,,,
39149,,71,Male,,,
39150,,21,Female,,,
39151,,77,Male,,,
39152,,78,Female,,,
39153,,30,Male,,,
39154,,41,Male,,,
39155,,77,Female,,,
39156,,65,Female,,,
39157,,37,Male,,,
39158,,53,Female,,,
39159,,27,Female,,,
39160,,77,Male,,,
39161,,57,Female,,,
39162,,29,Female,,,
39163,,25,Female,,,
39164,,45,Male,,,
39165,,32,Male,,,
39166,,69,Female,,,
39167,,24,Female,,,
39168,,14,Female,,,
39169,,67,Female,,,
39170,,43,Female,,,
39171,,34,Male,,,
39172,,11,Female,,,
39173,,56,Male,,,
39174,,16,Male,,,
39175,,55,Female,,,
39176,,68,Male,,,
39177,,79,Female,,,
39178,,15,Female,,,
39179,,29,Female,,,
39180,,42,Female,,,
39181,,44,Female,,,
39182,,45,Female,,,
39183,,15,Female,,,
39184,,54,Female,,,
39185,,35,Female,,,
39186,,31,Male,,,
39187,,37,Female,,,
39188,,39,Female,,,
39189,,53,Female,,,
39190,,21,Female,,,
39191,,68,Male,,,
39192,,30,Female,,,
39193,,14,Female,,,
39194,,68,Male,,,
39195,,56,Female,,,
39196,,73,Male,,,
39197,,63,Male,,,
39198,,52,Male,,,
39199,,68,Female,,,
39200,,38,Female,,,
39201,,72,Male,,,
39202,,51,Female,,,
39203,,36,Male,,,
39204,,71,Female,,,
39205,,32,Male,,,
39206,,45,Female,,,
39207,,18,Female,,,
39208,,65,Female,,,
39209,,58,Female,,,
39210,,26,Female,,,
39211,,29,Female,,,
39212,,69,Female,,,
39213,,18,Male,,,
39214,,22,Female,,,
39215,,56,Male,,,
39216,,45,Female,,,
39217,,76,Female,,,
39218,,22,Female,,,
39219,,18,Male,,,
39220,,28,Male,,,
39221,,12,Male,,,
39222,,47,Female,,,
39223,,37,Female,,,
39224,,16,Female,,,
39225,,49,Female,,,
39226,,17,Female,,,
39227,,61,Male,,,
39228,,72,Male,,,
39229,,66,Female,,,
39230,,51,Male,,,
39231,,32,Female,,,
39232,,38,Female,,,
39233,,51,Male,,,
39234,,61,Female,,,
39235,,56,Female,,,
39236,,28,Female,,,
39237,,71,Female,,,
39238,,56,Female,,,
39239,,46,Female,,,
39240,,15,Female,,,
39241,,40,Female,,,
39242,,63,Female,,,
39243,,19,Female,,,
39244,,47,Male,,,
39245,,46,Male,,,
39246,,20,Female,,,
39247,,56,Female,,,
39248,,16,Male,,,
39249,,56,Female,,,
39250,,31,Female,,,
39251,,50,Female,,,
39252,,59,Female,,,
39253,,22,Male,,,
39254,,15,Male,,,
39255,,14,Female,,,
39256,,62,Female,,,
39257,,29,Male,,,
39258,,29,Female,,,
39259,,35,Female,,,
39260,,63,Female,,,
39261,,25,Male,,,
39262,,19,Female,,,
39263,,31,Female,,,
39264,,20,Male,,,
39265,,76,Male,,,
39266,,51,Female,,,
39267,,21,Female,,,
39268,,24,Female,,,
39269,,63,Female,,,
39270,,13,Female,,,
39271,,49,Female,,,
39272,,48,Male,,,
39273,,75,Female,,,
39274,,16,Female,,,
39275,,34,Female,,,
39276,,79,Male,,,
39277,,75,Male,,,
39278,,49,Female,,,
39279,,10,Female,,,
39280,,43,Female,,,
39281,,55,Female,,,
39282,,40,Female,,,
39283,,11,Male,,,
39284,,53,Male,,,
39285,,17,Female,,,
39286,,28,Male,,,
39287,,41,Male,,,
39288,,53,Male,,,
39289,,19,Female,,,
39290,,54,Female,,,
39291,,19,Female,,,
39292,,49,Female,,,
39293,,23,Male,,,
39294,,77,Female,,,
39295,,50,Male,,,
39296,,44,Female,,,
39297,,21,Female,,,
39298,,13,Male,,,
39299,,66,Female,,,
39300,,68,Male,,,
39301,,61,Male,,,
39302,,74,Female,,,
39303,,14,Female,,,
39304,,19,Female,,,
39305,,57,Female,,,
39306,,68,Male,,,
39307,,64,Male,,,
39308,,44,Male,,,
39309,,41,Female,,,
39310,,23,Male,,,
39311,,20,Female,,,
39312,,21,Male,,,
39313,,48,Female,,,
39314,,69,Female,,,
39315,,67,Female,,,
39316,,32,Male,,,
39317,,63,Female,,,
39318,,49,Male,,,
39319,,59,Female,,,
39320,,31,Male,,,
39321,,42,Female,,,
39322,,18,Male,,,
39323,,42,Female,,,
39324,,19,Female,,,
39325,,62,Male,,,
39326,,73,Female,,,
39327,,37,Female,,,
39328,,36,Male,,,
39329,,65,Female,,,
39330,,79,Female,,,
39331,,14,Female,,,
39332,,76,Female,,,
39333,,43,Female,,,
39334,,57,Male,,,
39335,,17,Male,,,
39336,,51,Female,,,
39337,,74,Female,,,
39338,,61,Male,,,
39339,,78,Male,,,
39340,,39,Female,,,
39341,,25,Female,,,
39342,,21,Female,,,
39343,,16,Male,,,
39344,,43,Female,,,
39345,,13,Male,,,
39346,,30,Male,,,
39347,,73,Male,,,
39348,,40,Male,,,
39349,,46,Female,,,
39350,,13,Male,,,
39351,,64,Female,,,
39352,,10,Male,,,
39353,,16,Female,,,
39354,,54,Female,,,
39355,,57,Female,,,
39356,,61,Female,,,
39357,,51,Female,,,
39358,,55,Female,,,
39359,,26,Female,,,
39360,,31,Female,,,
39361,,17,Male,,,
39362,,59,Female,,,
39363,,32,Male,,,
39364,,31,Female,,,
39365,,66,Male,,,
39366,,13,Female,,,
39367,,34,Male,,,
39368,,68,Female,,,
39369,,79,Male,,,
39370,,68,Female,,,
39371,,54,Female,,,
39372,,68,Female,,,
39373,,33,Male,,,
39374,,63,Male,,,
39375,,53,Female,,,
39376,,70,Female,,,
39377,,63,Female,,,
39378,,78,Female,,,
39379,,52,Female,,,
39380,,55,Female,,,
39381,,35,Female,,,
39382,,67,Female,,,
39383,,56,Female,,,
39384,,29,Male,,,
39385,,77,Female,,,
39386,,27,Female,,,
39387,,70,Female,,,
39388,,39,Male,,,
39389,,54,Male,,,
39390,,65,Male,,,
39391,,64,Female,,,
39392,,34,Male,,,
39393,,18,Male,,,
39394,,59,Male,,,
39395,,10,Female,,,
39396,,33,Female,,,
39397,,28,Male,,,
39398,,66,Female,,,
39399,,15,Female,,,
39400,,60,Female,,,
39401,,59,Female,,,
39402,,60,Female,,,
39403,,71,Female,,,
39404,,75,Female,,,
39405,,73,Female,,,
39406,,77,Female,,,
39407,,37,Male,,,
39408,,44,Male,,,
39409,,64,Male,,,
39410,,26,Female,,,
39411,,19,Male,,,
39412,,72,Female,,,
39413,,66,Female,,,
39414,,17,Female,,,
39415,,74,Female,,,
39416,,10,Male,,,
39417,,12,Female,,,
39418,,53,Male,,,
39419,,41,Female,,,
39420,,15,Female,,,
39421,,19,Male,,,
39422,,72,Female,,,
39423,,74,Female,,,
39424,,23,Female,,,
39425,,19,Female,,,
39426,,29,Female,,,
39427,,53,Male,,,
39428,,48,Female,,,
39429,,21,Female,,,
39430,,25,Female,,,
39431,,66,Female,,,
39432,,73,Female,,,
39433,,43,Female,,,
39434,,29,Female,,,
39435,,22,Female,,,
39436,,55,Male,,,
39437,,53,Male,,,
39438,,17,Female,,,
39439,,12,Male,,,
39440,,74,Female,,,
39441,,45,Female,,,
39442,,30,Female,,,
39443,,28,Male,,,
39444,,18,Female,,,
39445,,44,Male,,,
39446,,50,Male,,,
39447,,78,Female,,,
39448,,39,Female,,,
39449,,24,Male,,,
39450,,29,Male,,,
39451,,15,Female,,,
39452,,24,Male,,,
39453,,40,Male,,,
39454,,10,Female,,,
39455,,53,Male,,,
39456,,56,Female,,,
39457,,56,Male,,,
39458,,79,Male,,,
39459,,50,Male,,,
39460,,41,Female,,,
39461,,41,Female,,,
39462,,57,Female,,,
39463,,24,Male,,,
39464,,42,Female,,,
39465,,68,Male,,,
39466,,30,Female,,,
39467,,29,Female,,,
39468,,21,Female,,,
39469,,41,Male,,,
39470,,24,Female,,,
39471,,77,Female,,,
39472,,55,Female,,,
39473,,77,Female,,,
39474,,21,Female,,,
39475,,22,Female,,,
39476,,28,Male,,,
39477,,48,Female,,,
39478,,34,Female,,,
39479,,67,Female,,,
39480,,66,Female,,,
39481,,36,Female,,,
39482,,35,Male,,,
39483,,33,Female,,,
39484,,77,Female,,,
39485,,32,Female,,,
39486,,10,Male,,,
39487,,11,Female,,,
39488,,27,Male,,,
39489,,60,Male,,,
39490,,74,Female,,,
39491,,53,Female,,,
39492,,18,Female,,,
39493,,43,Female,,,
39494,,17,Female,,,
39495,,26,Male,,,
39496,,28,Female,,,
39497,,44,Male,,,
39498,,44,Female,,,
39499,,37,Male,,,
39500,,22,Female,,,
39501,,70,Female,,,
39502,,68,Male,,,
39503,,15,Female,,,
39504,,13,Male,,,
39505,,78,Female,,,
39506,,47,Female,,,
39507,,35,Female,,,
39508,,11,Female,,,
39509,,71,Male,,,
39510,,77,Male,,,
39511,,67,Female,,,
39512,,36,Male,,,
39513,,11,Male,,,
39514,,34,Male,,,
39515,,70,Female,,,
39516,,27,Male,,,
39517,,42,Male,,,
39518,,74,Female,,,
39519,,69,Female,,,
39520,,50,Female,,,
39521,,70,Female,,,
39522,,72,Female,,,
39523,,55,Female,,,
39524,,52,Male,,,
39525,,20,Male,,,
39526,,77,Female,,,
39527,,20,Male,,,
39528,,41,Female,,,
39529,,69,Male,,,
39530,,65,Female,,,
39531,,65,Female,,,
39532,,30,Female,,,
39533,,37,Female,,,
39534,,49,Female,,,
39535,,43,Male,,,
39536,,55,Female,,,
39537,,27,Male,,,
39538,,14,Male,,,
39539,,65,Female,,,
39540,,57,Female,,,
39541,,39,Female,,,
39542,,24,Male,,,
39543,,12,Female,,,
39544,,29,Male,,,
39545,,17,Female,,,
39546,,79,Male,,,
39547,,68,Female,,,
39548,,57,Male,,,
39549,,58,Male,,,
39550,,11,Female,,,
39551,,15,Female,,,
39552,,54,Female,,,
39553,,73,Female,,,
39554,,69,Female,,,
39555,,21,Male,,,
39556,,67,Female,,,
39557,,10,Male,,,
39558,,16,Male,,,
39559,,39,Male,,,
39560,,21,Female,,,
39561,,77,Male,,,
39562,,27,Female,,,
39563,,30,Female,,,
39564,,32,Female,,,
39565,,47,Female,,,
39566,,26,Female,,,
39567,,28,Female,,,
39568,,31,Male,,,
39569,,53,Female,,,
39570,,34,Female,,,
39571,,32,Male,,,
39572,,70,Female,,,
39573,,17,Female,,,
39574,,53,Female,,,
39575,,17,Female,,,
39576,,27,Female,,,
39577,,51,Male,,,
39578,,13,Female,,,
39579,,67,Female,,,
39580,,33,Female,,,
39581,,52,Female,,,
39582,,11,Female,,,
39583,,66,Female,,,
39584,,79,Female,,,
39585,,79,Male,,,
39586,,43,Female,,,
39587,,11,Female,,,
39588,,43,Female,,,
39589,,69,Male,,,
39590,,55,Female,,,
39591,,32,Female,,,
39592,,71,Male,,,
39593,,28,Female,,,
39594,,62,Female,,,
39595,,14,Female,,,
39596,,22,Female,,,
39597,,28,Female,,,
39598,,59,Male,,,
39599,,19,Female,,,
39600,,75,Male,,,
39601,,15,Female,,,
39602,,57,Female,,,
39603,,65,Male,,,
39604,,25,Female,,,
39605,,46,Female,,,
39606,,56,Female,,,
39607,,49,Female,,,
39608,,70,Female,,,
39609,,78,Female,,,
39610,,32,Male,,,
39611,,18,Female,,,
39612,,76,Female,,,
39613,,33,Female,,,
39614,,76,Female,,,
39615,,26,Female,,,
39616,,78,Female,,,
39617,,76,Female,,,
39618,,64,Female,,,
39619,,11,Female,,,
39620,,18,Female,,,
39621,,66,Female,,,
39622,,55,Female,,,
39623,,20,Female,,,
39624,,44,Male,,,
39625,,63,Female,,,
39626,,21,Male,,,
39627,,36,Female,,,
39628,,42,Female,,,
39629,,41,Male,,,
39630,,10,Female,,,
39631,,51,Male,,,
39632,,38,Female,,,
39633,,55,Female,,,
39634,,40,Female,,,
39635,,61,Female,,,
39636,,39,Male,,,
39637,,65,Female,,,
39638,,23,Male,,,
39639,,31,Male,,,
39640,,78,Male,,,
39641,,67,Female,,,
39642,,48,Male,,,
39643,,60,Female,,,
39644,,49,Female,,,
39645,,76,Female,,,
39646,,75,Male,,,
39647,,16,Female,,,
39648,,46,Female,,,
39649,,72,Female,,,
39650,,77,Female,,,
39651,,37,Female,,,
39652,,20,Female,,,
39653,,33,Female,,,
39654,,57,Male,,,
39655,,67,Female,,,
39656,,74,Female,,,
39657,,10,Female,,,
39658,,40,Female,,,
39659,,72,Female,,,
39660,,29,Male,,,
39661,,26,Female,,,
39662,,69,Female,,,
39663,,14,Female,,,
39664,,43,Male,,,
39665,,73,Female,,,
39666,,65,Male,,,
39667,,67,Male,,,
39668,,27,Male,,,
39669,,61,Male,,,
39670,,23,Female,,,
39671,,21,Male,,,
39672,,64,Female,,,
39673,,19,Female,,,
39674,,53,Female,,,
39675,,66,Male,,,
39676,,24,Female,,,
39677,,27,Female,,,
39678,,20,Male,,,
39679,,29,Male,,,
39680,,11,Male,,,
39681,,37,Female,,,
39682,,35,Male,,,
39683,,31,Male,,,
39684,,45,Female,,,
39685,,35,Female,,,
39686,,39,Male,,,
39687,,30,Female,,,
39688,,29,Male,,,
39689,,66,Female,,,
39690,,58,Female,,,
39691,,56,Female,,,
39692,,73,Female,,,
39693,,31,Female,,,
39694,,21,Female,,,
39695,,15,Female,,,
39696,,27,Female,,,
39697,,67,Male,,,
39698,,40,Female,,,
39699,,33,Male,,,
39700,,55,Female,,,
39701,,20,Female,,,
39702,,28,Male,,,
39703,,43,Female,,,
39704,,65,Female,,,
39705,,42,Female,,,
39706,,30,Female,,,
39707,,59,Male,,,
39708,,45,Female,,,
39709,,12,Female,,,
39710,,63,Female,,,
39711,,52,Female,,,
39712,,34,Male,,,
39713,,25,Female,,,
39714,,42,Female,,,
39715,,40,Female,,,
39716,,11,Female,,,
39717,,74,Male,,,
39718,,26,Female,,,
39719,,77,Female,,,
39720,,63,Female,,,
39721,,12,Female,,,
39722,,59,Male,,,
39723,,11,Female,,,
39724,,14,Female,,,
39725,,17,Female,,,
39726,,35,Female,,,
39727,,23,Female,,,
39728,,31,Female,,,
39729,,79,Female,,,
39730,,33,Female,,,
39731,,49,Female,,,
39732,,46,Female,,,
39733,,64,Female,,,
39734,,17,Female,,,
39735,,12,Male,,,
39736,,32,Male,,,
39737,,67,Female,,,
39738,,34,Female,,,
39739,,38,Male,,,
39740,,47,Female,,,
39741,,56,Male,,,
39742,,69,Female,,,
39743,,41,Female,,,
39744,,32,Female,,,
39745,,24,Female,,,
39746,,23,Male,,,
39747,,72,Female,,,
39748,,20,Female,,,
39749,,69,Male,,,
39750,,74,Female,,,
39751,,32,Male,,,
39752,,48,Female,,,
39753,,23,Male,,,
39754,,51,Female,,,
39755,,30,Female,,,
39756,,71,Female,,,
39757,,18,Female,,,
39758,,42,Female,,,
39759,,71,Female,,,
39760,,40,Male,,,
39761,,39,Female,,,
39762,,31,Female,,,
39763,,22,Male,,,
39764,,44,Male,,,
39765,,57,Male,,,
39766,,38,Female,,,
39767,,20,Female,,,
39768,,77,Male,,,
39769,,67,Female,,,
39770,,14,Female,,,
39771,,26,Male,,,
39772,,29,Female,,,
39773,,12,Female,,,
39774,,35,Female,,,
39775,,11,Female,,,
39776,,73,Female,,,
39777,,13,Female,,,
39778,,17,Female,,,
39779,,63,Female,,,
39780,,36,Female,,,
39781,,25,Female,,,
39782,,20,Male,,,
39783,,57,Female,,,
39784,,33,Female,,,
39785,,65,Female,,,
39786,,52,Female,,,
39787,,21,Male,,,
39788,,30,Female,,,
39789,,47,Female,,,
39790,,35,Male,,,
39791,,27,Female,,,
39792,,61,Male,,,
39793,,15,Male,,,
39794,,20,Female,,,
39795,,75,Male,,,
39796,,38,Female,,,
39797,,29,Female,,,
39798,,66,Male,,,
39799,,71,Female,,,
39800,,43,Male,,,
39801,,18,Female,,,
39802,,78,Male,,,
39803,,70,Female,,,
39804,,54,Male,,,
39805,,13,Female,,,
39806,,24,Female,,,
39807,,21,Female,,,
39808,,32,Female,,,
39809,,49,Female,,,
39810,,13,Female,,,
39811,,23,Female,,,
39812,,21,Female,,,
39813,,62,Female,,,
39814,,12,Female,,,
39815,,67,Male,,,
39816,,47,Male,,,
39817,,36,Female,,,
39818,,43,Male,,,
39819,,30,Female,,,
39820,,18,Male,,,
39821,,35,Male,,,
39822,,25,Female,,,
39823,,54,Female,,,
39824,,65,Female,,,
39825,,43,Male,,,
39826,,51,Female,,,
39827,,49,Female,,,
39828,,67,Female,,,
39829,,12,Female,,,
39830,,37,Female,,,
39831,,49,Female,,,
39832,,30,Male,,,
39833,,15,Male,,,
39834,,16,Male,,,
39835,,34,Female,,,
39836,,33,Female,,,
39837,,15,Female,,,
39838,,60,Female,,,
39839,,11,Male,,,
39840,,78,Female,,,
39841,,59,Male,,,
39842,,33,Female,,,
39843,,25,Female,,,
39844,,76,Male,,,
39845,,23,Female,,,
39846,,53,Male,,,
39847,,70,Female,,,
39848,,13,Female,,,
39849,,40,Female,,,
39850,,54,Female,,,
39851,,19,Male,,,
39852,,73,Female,,,
39853,,45,Female,,,
39854,,19,Female,,,
39855,,21,Female,,,
39856,,34,Female,,,
39857,,24,Female,,,
39858,,23,Female,,,
39859,,72,Female,,,
39860,,25,Female,,,
39861,,18,Female,,,
39862,,70,Female,,,
39863,,32,Female,,,
39864,,50,Female,,,
39865,,32,Female,,,
39866,,24,Male,,,
39867,,35,Male,,,
39868,,78,Female,,,
39869,,29,Male,,,
39870,,57,Female,,,
39871,,32,Female,,,
39872,,11,Female,,,
39873,,59,Female,,,
39874,,62,Female,,,
39875,,68,Female,,,
39876,,75,Female,,,
39877,,51,Female,,,
39878,,38,Female,,,
39879,,55,Male,,,
39880,,45,Female,,,
39881,,22,Female,,,
39882,,48,Female,,,
39883,,37,Female,,,
39884,,41,Female,,,
39885,,62,Male,,,
39886,,32,Female,,,
39887,,52,Female,,,
39888,,52,Female,,,
39889,,22,Female,,,
39890,,38,Male,,,
39891,,51,Female,,,
39892,,64,Male,,,
39893,,76,Male,,,
39894,,62,Male,,,
39895,,47,Male,,,
39896,,49,Male,,,
39897,,19,Male,,,
39898,,28,Female,,,
39899,,76,Female,,,
39900,,11,Female,,,
39901,,67,Male,,,
39902,,19,Female,,,
39903,,18,Male,,,
39904,,31,Female,,,
39905,,37,Male,,,
39906,,30,Female,,,
39907,,77,Female,,,
39908,,26,Female,,,
39909,,64,Female,,,
39910,,66,Female,,,
39911,,36,Female,,,
39912,,20,Female,,,
39913,,31,Female,,,
39914,,26,Female,,,
39915,,49,Female,,,
39916,,77,Male,,,
39917,,73,Male,,,
39918,,61,Male,,,
39919,,12,Male,,,
39920,,37,Female,,,
39921,,68,Female,,,
39922,,57,Female,,,
39923,,28,Female,,,
39924,,64,Female,,,
39925,,68,Male,,,
39926,,28,Male,,,
39927,,14,Female,,,
39928,,51,Male,,,
39929,,66,Female,,,
39930,,42,Female,,,
39931,,11,Male,,,
39932,,32,Female,,,
39933,,61,Male,,,
39934,,76,Female,,,
39935,,77,Female,,,
39936,,12,Female,,,
39937,,79,Male,,,
39938,,11,Female,,,
39939,,15,Male,,,
39940,,76,Female,,,
39941,,74,Male,,,
39942,,67,Female,,,
39943,,36,Female,,,
39944,,66,Female,,,
39945,,63,Male,,,
39946,,45,Female,,,
39947,,75,Male,,,
39948,,59,Female,,,
39949,,12,Male,,,
39950,,74,Female,,,
39951,,10,Female,,,
39952,,28,Female,,,
39953,,36,Female,,,
39954,,76,Male,,,
39955,,22,Female,,,
39956,,33,Female,,,
39957,,46,Female,,,
39958,,16,Male,,,
39959,,18,Male,,,
39960,,73,Female,,,
39961,,77,Male,,,
39962,,17,Male,,,
39963,,44,Female,,,
39964,,23,Male,,,
39965,,25,Female,,,
39966,,78,Female,,,
39967,,12,Male,,,
39968,,22,Female,,,
39969,,16,Male,,,
39970,,72,Female,,,
39971,,32,Female,,,
39972,,21,Female,,,
39973,,43,Female,,,
39974,,18,Male,,,
39975,,52,Female,,,
39976,,73,Female,,,
39977,,14,Female,,,
39978,,72,Male,,,
39979,,21,Male,,,
39980,,14,Male,,,
39981,,51,Female,,,
39982,,50,Male,,,
39983,,67,Male,,,
39984,,54,Female,,,
39985,,64,Female,,,
39986,,13,Male,,,
39987,,69,Male,,,
39988,,31,Female,,,
39989,,51,Female,,,
39990,,65,Male,,,
39991,,53,Male,,,
39992,,78,Male,,,
39993,,19,Female,,,
39994,,11,Female,,,
39995,,20,Male,,,
39996,,65,Female,,,
39997,,47,Female,,,
39998,,59,Female,,,
39999,,18,Female,,,
40000,,72,Female,,,
40001,,57,Female,,,
40002,,55,Female,,,
40003,,48,Female,,,
40004,,35,Female,,,
40005,,42,Male,,,
40006,,41,Male,,,
40007,,54,Male,,,
40008,,70,Female,,,
40009,,10,Female,,,
40010,,47,Female,,,
40011,,29,Female,,,
40012,,63,Male,,,
40013,,25,Female,,,
40014,,62,Male,,,
40015,,33,Female,,,
40016,,44,Female,,,
40017,,61,Female,,,
40018,,69,Male,,,
40019,,18,Male,,,
40020,,29,Female,,,
40021,,22,Male,,,
40022,,23,Female,,,
40023,,45,Female,,,
40024,,66,Female,,,
40025,,70,Male,,,
40026,,72,Male,,,
40027,,51,Female,,,
40028,,56,Male,,,
40029,,17,Female,,,
40030,,71,Female,,,
40031,,34,Female,,,
40032,,54,Female,,,
40033,,39,Female,,,
40034,,42,Male,,,
40035,,51,Female,,,
40036,,69,Female,,,
40037,,34,Male,,,
40038,,29,Female,,,
40039,,50,Female,,,
40040,,72,Male,,,
40041,,45,Male,,,
40042,,17,Male,,,
40043,,46,Female,,,
40044,,74,Female,,,
40045,,50,Male,,,
40046,,67,Female,,,
40047,,65,Male,,,
40048,,43,Male,,,
40049,,10,Female,,,
40050,,29,Female,,,
40051,,67,Male,,,
40052,,67,Female,,,
40053,,37,Female,,,
40054,,31,Male,,,
40055,,55,Male,,,
40056,,47,Male,,,
40057,,69,Female,,,
40058,,23,Female,,,
40059,,78,Female,,,
40060,,61,Female,,,
40061,,75,Male,,,
40062,,71,Female,,,
40063,,57,Male,,,
40064,,74,Male,,,
40065,,67,Male,,,
40066,,29,Female,,,
40067,,30,Male,,,
40068,,58,Female,,,
40069,,65,Male,,,
40070,,79,Male,,,
40071,,55,Female,,,
40072,,65,Male,,,
40073,,49,Male,,,
40074,,22,Female,,,
40075,,52,Male,,,
40076,,14,Female,,,
40077,,47,Female,,,
40078,,56,Male,,,
40079,,78,Female,,,
40080,,65,Male,,,
40081,,71,Female,,,
40082,,25,Male,,,
40083,,22,Female,,,
40084,,60,Male,,,
40085,,61,Female,,,
40086,,38,Female,,,
40087,,73,Female,,,
40088,,61,Female,,,
40089,,40,Female,,,
40090,,69,Female,,,
40091,,50,Male,,,
40092,,41,Female,,,
40093,,17,Female,,,
40094,,77,Male,,,
40095,,19,Female,,,
40096,,52,Female,,,
40097,,46,Male,,,
40098,,66,Male,,,
40099,,41,Female,,,
40100,,31,Female,,,
40101,,26,Female,,,
40102,,11,Female,,,
40103,,65,Female,,,
40104,,78,Male,,,
40105,,76,Female,,,
40106,,47,Female,,,
40107,,79,Female,,,
40108,,77,Male,,,
40109,,28,Male,,,
40110,,31,Male,,,
40111,,25,Female,,,
40112,,38,Male,,,
40113,,11,Male,,,
40114,,27,Male,,,
40115,,38,Male,,,
40116,,14,Male,,,
40117,,25,Female,,,
40118,,76,Male,,,
40119,,22,Female,,,
40120,,69,Male,,,
40121,,51,Female,,,
40122,,29,Female,,,
40123,,34,Female,,,
40124,,29,Female,,,
40125,,16,Female,,,
40126,,18,Female,,,
40127,,52,Male,,,
40128,,36,Female,,,
40129,,67,Female,,,
40130,,66,Female,,,
40131,,54,Male,,,
40132,,43,Female,,,
40133,,11,Female,,,
40134,,20,Female,,,
40135,,40,Male,,,
40136,,53,Female,,,
40137,,58,Female,,,
40138,,22,Female,,,
40139,,62,Female,,,
40140,,57,Female,,,
40141,,31,Female,,,
40142,,60,Female,,,
40143,,21,Male,,,
40144,,47,Male,,,
40145,,76,Male,,,
40146,,11,Male,,,
40147,,34,Female,,,
40148,,17,Female,,,
40149,,62,Male,,,
40150,,37,Male,,,
40151,,47,Female,,,
40152,,42,Female,,,
40153,,65,Female,,,
40154,,71,Female,,,
40155,,50,Female,,,
40156,,78,Female,,,
40157,,75,Female,,,
40158,,68,Male,,,
40159,,11,Male,,,
40160,,43,Female,,,
